-- Minimal build - OFF
-- ccache will be used for faster recompilation
-- Building ESP-IDF components for target esp32s3
-- KCONFIG_REPORT_VERBOSITY not set, using default
-- Project sdkconfig file <repo>/native/targets/tdeck/sdkconfig
python.exe : NOTE: C:/esp/v6.1/esp-idf/components/bt/host/nimble/Kconfig.in:1428: BT_NIMBLE_MESH_PROVISIONER: 'default 
0' is not a valid bool value (only 'y' and 'n' are allowed). Value is treated as 'n'.
At <home>\AppData\Local\Temp\esp_idf_activate_<user>\activate_sa925_xz.ps1:11 char:19
+ function idf.py { &python "$Env:IDF_PATH\tools\idf.py" $args }
+                   ~~~~~~~~~~~~~~~~~~~~~~~~~~~~~~~~~~~~~~~~~~
    + CategoryInfo          : NotSpecified: (NOTE: C:/esp/v6...treated as 'n'.:String) [], RemoteException
    + FullyQualifiedErrorId : NativeCommandError
 
NOTE: C:/esp/v6.1/esp-idf/components/fatfs/Kconfig:240: FATFS_PRINT_LLI: 'default 0' is not a valid bool value (only 
'y' and 'n' are allowed). Value is treated as 'n'.
NOTE: C:/esp/v6.1/esp-idf/components/fatfs/Kconfig:245: FATFS_PRINT_FLOAT: 'default 0' is not a valid bool value (only 
'y' and 'n' are allowed). Value is treated as 'n'.
NOTE: C:/esp/v6.1/esp-idf/components/bt/sdkconfig.rename.esp32s3:4: duplicate rename mapping for 
CONFIG_BT_NIMBLE_COEX_PHY_CODED_TX_RX_TLIM_EN: previous target CONFIG_BT_LE_COEX_PHY_CODED_TX_RX_TLIM_EN, new target 
CONFIG_BT_CTRL_COEX_PHY_CODED_TX_RX_TLIM_EN - last mapping is used
NOTE: C:/esp/v6.1/esp-idf/components/bt/sdkconfig.rename.esp32s3:5: duplicate rename mapping for 
CONFIG_BT_NIMBLE_COEX_PHY_CODED_TX_RX_TLIM_DIS: previous target CONFIG_BT_LE_COEX_PHY_CODED_TX_RX_TLIM_DIS, new target 
CONFIG_BT_CTRL_COEX_PHY_CODED_TX_RX_TLIM_DIS - last mapping is used
Loading defaults file <repo>/native/targets/tdeck/sdkconfig.defaults...
NOTE: Kconfig parser version: 1
NOTE: Kconfig defaults policy: use sdkconfig
NOTE: Status: Finished successfully
-- Compiler supported targets: xtensa-esp-elf
-- Detecting C compiler ABI info
-- Detecting C compiler ABI info - done
-- Detecting CXX compiler ABI info
-- Detecting CXX compiler ABI info - done
-- Detecting C compiler ABI info
-- Detecting C compiler ABI info - done
-- Detecting CXX compiler ABI info
-- Detecting CXX compiler ABI info - done
-- App "openu5_tdeck" version: 3.0.0-alpha3-dev-a3-04e-debug
-- Setting up mbedtls configuration
-- Linkage type is PUBLIC
-- Adding linker script C:/esp/v6.1/esp-idf/components/esp_hal_wdt/esp32s3/rom.wdt.ld
-- Adding linker script C:/esp/v6.1/esp-idf/components/esp_system/ld/esp32s3/memory.ld.in
--   -> Preprocessing .in script: C:/esp/v6.1/esp-idf/components/esp_system/ld/esp32s3/memory.ld.in
-- Adding linker script C:/esp/v6.1/esp-idf/components/esp_system/ld/esp32s3/sections.ld.in
--   -> Preprocessing .in script: C:/esp/v6.1/esp-idf/components/esp_system/ld/esp32s3/sections.ld.in
--   -> Applying ldgen processing: <repo>/native/targets/tdeck/build-a3-04e/esp-idf/esp_system/ld/sections.ld.in
-- Adding linker script C:/esp/v6.1/esp-idf/components/esp_rom/esp32s3/ld/esp32s3.rom.ld
-- Adding linker script C:/esp/v6.1/esp-idf/components/esp_rom/esp32s3/ld/esp32s3.rom.api.ld
-- Adding linker script C:/esp/v6.1/esp-idf/components/esp_rom/esp32s3/ld/esp32s3.rom.bt_funcs.ld
-- Adding linker script C:/esp/v6.1/esp-idf/components/esp_rom/esp32s3/ld/esp32s3.rom.libgcc.ld
-- Adding linker script C:/esp/v6.1/esp-idf/components/esp_rom/esp32s3/ld/esp32s3.rom.version.ld
-- Adding linker script C:/esp/v6.1/esp-idf/components/esp_rom/esp32s3/ld/esp32s3.rom.ble_master.ld
-- Adding linker script C:/esp/v6.1/esp-idf/components/esp_rom/esp32s3/ld/esp32s3.rom.ble_50.ld
-- Adding linker script C:/esp/v6.1/esp-idf/components/esp_rom/esp32s3/ld/esp32s3.rom.ble_smp.ld
-- Adding linker script C:/esp/v6.1/esp-idf/components/esp_rom/esp32s3/ld/esp32s3.rom.ble_dtm.ld
-- Adding linker script C:/esp/v6.1/esp-idf/components/esp_rom/esp32s3/ld/esp32s3.rom.ble_test.ld
-- Adding linker script C:/esp/v6.1/esp-idf/components/esp_rom/esp32s3/ld/esp32s3.rom.ble_scan.ld
-- Adding linker script C:/esp/v6.1/esp-idf/components/esp_rom/esp32s3/ld/esp32s3.rom.libc.ld
-- Adding linker script C:/esp/v6.1/esp-idf/components/soc/esp32s3/ld/esp32s3.peripherals.ld
-- Adding linker script C:/esp/v6.1/esp-idf/components/esp_hal_regi2c/esp32s3/rom.regi2c.ld
CMake Warning at C:/esp/v6.1/esp-idf/tools/cmake/component_validation.cmake:106 (message):
  Private include directory
  'C:/esp/v6.1/esp-idf/components/esp_wifi/wifi_apps/roaming_app/include'
  belongs to component esp_wifi but is being used by component
  wpa_supplicant.  It is recommended to define the component dependency for
  wpa_supplicant on the component esp_wifi, i.e.  'idf_component_register(...
  PRIV_REQUIRES esp_wifi)' in the CMakeLists.txt of wpa_supplicant, and
  specify the included directory as idf_component_register(...
  PRIV_INCLUDE_DIRS <dir relative to component>) in the CMakeLists.txt of
  component esp_wifi.
Call Stack (most recent call first):
  C:/esp/v6.1/esp-idf/tools/cmake/component_validation.cmake:130 (__component_validation_check_include_dirs)
  C:/esp/v6.1/esp-idf/CMakeLists.txt:356 (__component_validation_run_checks)


CMake Warning at C:/esp/v6.1/esp-idf/tools/cmake/component_validation.cmake:106 (message):
  Private include directory
  'C:/esp/v6.1/esp-idf/components/esp_wifi/wifi_apps/roaming_app/src' belongs
  to component esp_wifi but is being used by component wpa_supplicant.  It is
  recommended to define the component dependency for wpa_supplicant on the
  component esp_wifi, i.e.  'idf_component_register(...  PRIV_REQUIRES
  esp_wifi)' in the CMakeLists.txt of wpa_supplicant, and specify the
  included directory as idf_component_register(...  PRIV_INCLUDE_DIRS <dir
  relative to component>) in the CMakeLists.txt of component esp_wifi.
Call Stack (most recent call first):
  C:/esp/v6.1/esp-idf/tools/cmake/component_validation.cmake:130 (__component_validation_check_include_dirs)
  C:/esp/v6.1/esp-idf/CMakeLists.txt:356 (__component_validation_run_checks)


CMake Warning at C:/esp/v6.1/esp-idf/tools/cmake/component_validation.cmake:106 (message):
  Private include directory
  'C:/esp/v6.1/esp-idf/components/esp_wifi/wifi_apps/include/apps_private'
  belongs to component esp_wifi but is being used by component
  wpa_supplicant.  It is recommended to define the component dependency for
  wpa_supplicant on the component esp_wifi, i.e.  'idf_component_register(...
  PRIV_REQUIRES esp_wifi)' in the CMakeLists.txt of wpa_supplicant, and
  specify the included directory as idf_component_register(...
  PRIV_INCLUDE_DIRS <dir relative to component>) in the CMakeLists.txt of
  component esp_wifi.
Call Stack (most recent call first):
  C:/esp/v6.1/esp-idf/tools/cmake/component_validation.cmake:130 (__component_validation_check_include_dirs)
  C:/esp/v6.1/esp-idf/CMakeLists.txt:356 (__component_validation_run_checks)


CMake Warning at C:/esp/v6.1/esp-idf/tools/cmake/component_validation.cmake:106 (message):
  Private include directory
  'C:/esp/v6.1/esp-idf/components/wpa_supplicant/src' belongs to component
  wpa_supplicant but is being used by component esp_wifi.  It is recommended
  to define the component dependency for esp_wifi on the component
  wpa_supplicant, i.e.  'idf_component_register(...  PRIV_REQUIRES
  wpa_supplicant)' in the CMakeLists.txt of esp_wifi, and specify the
  included directory as idf_component_register(...  PRIV_INCLUDE_DIRS <dir
  relative to component>) in the CMakeLists.txt of component wpa_supplicant.
Call Stack (most recent call first):
  C:/esp/v6.1/esp-idf/tools/cmake/component_validation.cmake:130 (__component_validation_check_include_dirs)
  C:/esp/v6.1/esp-idf/CMakeLists.txt:356 (__component_validation_run_checks)


CMake Warning at C:/esp/v6.1/esp-idf/tools/cmake/component_validation.cmake:106 (message):
  Private include directory
  'C:/esp/v6.1/esp-idf/components/wpa_supplicant/esp_supplicant/src' belongs
  to component wpa_supplicant but is being used by component esp_wifi.  It is
  recommended to define the component dependency for esp_wifi on the
  component wpa_supplicant, i.e.  'idf_component_register(...  PRIV_REQUIRES
  wpa_supplicant)' in the CMakeLists.txt of esp_wifi, and specify the
  included directory as idf_component_register(...  PRIV_INCLUDE_DIRS <dir
  relative to component>) in the CMakeLists.txt of component wpa_supplicant.
Call Stack (most recent call first):
  C:/esp/v6.1/esp-idf/tools/cmake/component_validation.cmake:130 (__component_validation_check_include_dirs)
  C:/esp/v6.1/esp-idf/CMakeLists.txt:356 (__component_validation_run_checks)


-- Component idf::esp_trace will be linked with -Wl,--whole-archive
-- Components: app_trace app_update bootloader bootloader_support bt cmock console cxx driver efuse esp-tls esp_adc esp_app_format esp_asrc_adapter esp_blockdev esp_blockdev_util esp_bootloader_format esp_coex esp_common esp_driver_ana_cmpr esp_driver_bitscrambler esp_driver_cam esp_driver_cordic esp_driver_dac esp_driver_dma esp_driver_gpio esp_driver_gptimer esp_driver_i2c esp_driver_i2s esp_driver_i3c esp_driver_isp esp_driver_jpeg esp_driver_ledc esp_driver_mcpwm esp_driver_parlio esp_driver_pcnt esp_driver_ppa esp_driver_rmt esp_driver_sd_intf esp_driver_sdio esp_driver_sdm esp_driver_sdmmc esp_driver_sdspi esp_driver_spi esp_driver_touch_sens esp_driver_tsens esp_driver_twai esp_driver_uart esp_driver_usb_serial_jtag esp_eth esp_event esp_gdbstub esp_hal_ana_cmpr esp_hal_ana_conv esp_hal_asrc esp_hal_cam esp_hal_clock esp_hal_cordic esp_hal_dma esp_hal_emac esp_hal_gpio esp_hal_gpspi esp_hal_i2c esp_hal_i2s esp_hal_i3c esp_hal_ieee802154 esp_hal_jpeg esp_hal_lcd esp_hal_ledc esp_hal_mcpwm esp_hal_mspi esp_hal_parlio esp_hal_pcnt esp_hal_pmu esp_hal_ppa esp_hal_regi2c esp_hal_rmt esp_hal_rtc_timer esp_hal_sd esp_hal_security esp_hal_systimer esp_hal_timg esp_hal_touch_sens esp_hal_twai esp_hal_uart esp_hal_usb esp_hal_wdt esp_hid esp_http_client esp_http_server esp_https_ota esp_https_server esp_hw_support esp_lcd esp_libc esp_local_ctrl esp_mm esp_netif esp_netif_stack esp_partition esp_phy esp_pm esp_psram esp_ringbuf esp_rom esp_security esp_stdio esp_system esp_timer esp_trace esp_usb_cdc_rom_console esp_wifi espcoredump esptool_py fatfs freertos hal heap http_parser ieee802154 log lwip main mbedtls nvs_flash nvs_sec_provider openthread partition_table perfmon protobuf-c protocomm pthread rt sdmmc soc spi_flash spiffs tcp_transport ulp unity vfs wear_levelling wpa_supplicant xtensa
-- Component paths: C:/esp/v6.1/esp-idf/components/app_trace C:/esp/v6.1/esp-idf/components/app_update C:/esp/v6.1/esp-idf/components/bootloader C:/esp/v6.1/esp-idf/components/bootloader_support C:/esp/v6.1/esp-idf/components/bt C:/esp/v6.1/esp-idf/components/cmock C:/esp/v6.1/esp-idf/components/console C:/esp/v6.1/esp-idf/components/cxx C:/esp/v6.1/esp-idf/components/driver C:/esp/v6.1/esp-idf/components/efuse C:/esp/v6.1/esp-idf/components/esp-tls C:/esp/v6.1/esp-idf/components/esp_adc C:/esp/v6.1/esp-idf/components/esp_app_format C:/esp/v6.1/esp-idf/components/esp_asrc_adapter C:/esp/v6.1/esp-idf/components/esp_blockdev C:/esp/v6.1/esp-idf/components/esp_blockdev_util C:/esp/v6.1/esp-idf/components/esp_bootloader_format C:/esp/v6.1/esp-idf/components/esp_coex C:/esp/v6.1/esp-idf/components/esp_common C:/esp/v6.1/esp-idf/components/esp_driver_ana_cmpr C:/esp/v6.1/esp-idf/components/esp_driver_bitscrambler C:/esp/v6.1/esp-idf/components/esp_driver_cam C:/esp/v6.1/esp-idf/components/esp_driver_cordic C:/esp/v6.1/esp-idf/components/esp_driver_dac C:/esp/v6.1/esp-idf/components/esp_driver_dma C:/esp/v6.1/esp-idf/components/esp_driver_gpio C:/esp/v6.1/esp-idf/components/esp_driver_gptimer C:/esp/v6.1/esp-idf/components/esp_driver_i2c C:/esp/v6.1/esp-idf/components/esp_driver_i2s C:/esp/v6.1/esp-idf/components/esp_driver_i3c C:/esp/v6.1/esp-idf/components/esp_driver_isp C:/esp/v6.1/esp-idf/components/esp_driver_jpeg C:/esp/v6.1/esp-idf/components/esp_driver_ledc C:/esp/v6.1/esp-idf/components/esp_driver_mcpwm C:/esp/v6.1/esp-idf/components/esp_driver_parlio C:/esp/v6.1/esp-idf/components/esp_driver_pcnt C:/esp/v6.1/esp-idf/components/esp_driver_ppa C:/esp/v6.1/esp-idf/components/esp_driver_rmt C:/esp/v6.1/esp-idf/components/esp_driver_sd_intf C:/esp/v6.1/esp-idf/components/esp_driver_sdio C:/esp/v6.1/esp-idf/components/esp_driver_sdm C:/esp/v6.1/esp-idf/components/esp_driver_sdmmc C:/esp/v6.1/esp-idf/components/esp_driver_sdspi C:/esp/v6.1/esp-idf/components/esp_driver_spi C:/esp/v6.1/esp-idf/components/esp_driver_touch_sens C:/esp/v6.1/esp-idf/components/esp_driver_tsens C:/esp/v6.1/esp-idf/components/esp_driver_twai C:/esp/v6.1/esp-idf/components/esp_driver_uart C:/esp/v6.1/esp-idf/components/esp_driver_usb_serial_jtag C:/esp/v6.1/esp-idf/components/esp_eth C:/esp/v6.1/esp-idf/components/esp_event C:/esp/v6.1/esp-idf/components/esp_gdbstub C:/esp/v6.1/esp-idf/components/esp_hal_ana_cmpr C:/esp/v6.1/esp-idf/components/esp_hal_ana_conv C:/esp/v6.1/esp-idf/components/esp_hal_asrc C:/esp/v6.1/esp-idf/components/esp_hal_cam C:/esp/v6.1/esp-idf/components/esp_hal_clock C:/esp/v6.1/esp-idf/components/esp_hal_cordic C:/esp/v6.1/esp-idf/components/esp_hal_dma C:/esp/v6.1/esp-idf/components/esp_hal_emac C:/esp/v6.1/esp-idf/components/esp_hal_gpio C:/esp/v6.1/esp-idf/components/esp_hal_gpspi C:/esp/v6.1/esp-idf/components/esp_hal_i2c C:/esp/v6.1/esp-idf/components/esp_hal_i2s C:/esp/v6.1/esp-idf/components/esp_hal_i3c C:/esp/v6.1/esp-idf/components/esp_hal_ieee802154 C:/esp/v6.1/esp-idf/components/esp_hal_jpeg C:/esp/v6.1/esp-idf/components/esp_hal_lcd C:/esp/v6.1/esp-idf/components/esp_hal_ledc C:/esp/v6.1/esp-idf/components/esp_hal_mcpwm C:/esp/v6.1/esp-idf/components/esp_hal_mspi C:/esp/v6.1/esp-idf/components/esp_hal_parlio C:/esp/v6.1/esp-idf/components/esp_hal_pcnt C:/esp/v6.1/esp-idf/components/esp_hal_pmu C:/esp/v6.1/esp-idf/components/esp_hal_ppa C:/esp/v6.1/esp-idf/components/esp_hal_regi2c C:/esp/v6.1/esp-idf/components/esp_hal_rmt C:/esp/v6.1/esp-idf/components/esp_hal_rtc_timer C:/esp/v6.1/esp-idf/components/esp_hal_sd C:/esp/v6.1/esp-idf/components/esp_hal_security C:/esp/v6.1/esp-idf/components/esp_hal_systimer C:/esp/v6.1/esp-idf/components/esp_hal_timg C:/esp/v6.1/esp-idf/components/esp_hal_touch_sens C:/esp/v6.1/esp-idf/components/esp_hal_twai C:/esp/v6.1/esp-idf/components/esp_hal_uart C:/esp/v6.1/esp-idf/components/esp_hal_usb C:/esp/v6.1/esp-idf/components/esp_hal_wdt C:/esp/v6.1/esp-idf/components/esp_hid C:/esp/v6.1/esp-idf/components/esp_http_client C:/esp/v6.1/esp-idf/components/esp_http_server C:/esp/v6.1/esp-idf/components/esp_https_ota C:/esp/v6.1/esp-idf/components/esp_https_server C:/esp/v6.1/esp-idf/components/esp_hw_support C:/esp/v6.1/esp-idf/components/esp_lcd C:/esp/v6.1/esp-idf/components/esp_libc C:/esp/v6.1/esp-idf/components/esp_local_ctrl C:/esp/v6.1/esp-idf/components/esp_mm C:/esp/v6.1/esp-idf/components/esp_netif C:/esp/v6.1/esp-idf/components/esp_netif_stack C:/esp/v6.1/esp-idf/components/esp_partition C:/esp/v6.1/esp-idf/components/esp_phy C:/esp/v6.1/esp-idf/components/esp_pm C:/esp/v6.1/esp-idf/components/esp_psram C:/esp/v6.1/esp-idf/components/esp_ringbuf C:/esp/v6.1/esp-idf/components/esp_rom C:/esp/v6.1/esp-idf/components/esp_security C:/esp/v6.1/esp-idf/components/esp_stdio C:/esp/v6.1/esp-idf/components/esp_system C:/esp/v6.1/esp-idf/components/esp_timer C:/esp/v6.1/esp-idf/components/esp_trace C:/esp/v6.1/esp-idf/components/esp_usb_cdc_rom_console C:/esp/v6.1/esp-idf/components/esp_wifi C:/esp/v6.1/esp-idf/components/espcoredump C:/esp/v6.1/esp-idf/components/esptool_py C:/esp/v6.1/esp-idf/components/fatfs C:/esp/v6.1/esp-idf/components/freertos C:/esp/v6.1/esp-idf/components/hal C:/esp/v6.1/esp-idf/components/heap C:/esp/v6.1/esp-idf/components/http_parser C:/esp/v6.1/esp-idf/components/ieee802154 C:/esp/v6.1/esp-idf/components/log C:/esp/v6.1/esp-idf/components/lwip <repo>/native/targets/tdeck/main C:/esp/v6.1/esp-idf/components/mbedtls C:/esp/v6.1/esp-idf/components/nvs_flash C:/esp/v6.1/esp-idf/components/nvs_sec_provider C:/esp/v6.1/esp-idf/components/openthread C:/esp/v6.1/esp-idf/components/partition_table C:/esp/v6.1/esp-idf/components/perfmon C:/esp/v6.1/esp-idf/components/protobuf-c C:/esp/v6.1/esp-idf/components/protocomm C:/esp/v6.1/esp-idf/components/pthread C:/esp/v6.1/esp-idf/components/rt C:/esp/v6.1/esp-idf/components/sdmmc C:/esp/v6.1/esp-idf/components/soc C:/esp/v6.1/esp-idf/components/spi_flash C:/esp/v6.1/esp-idf/components/spiffs C:/esp/v6.1/esp-idf/components/tcp_transport C:/esp/v6.1/esp-idf/components/ulp C:/esp/v6.1/esp-idf/components/unity C:/esp/v6.1/esp-idf/components/vfs C:/esp/v6.1/esp-idf/components/wear_levelling C:/esp/v6.1/esp-idf/components/wpa_supplicant C:/esp/v6.1/esp-idf/components/xtensa
-- Configuring done (12.5s)
-- Generating done (1.3s)
-- Build files have been written to: <repo>/native/targets/tdeck/build-a3-04e
[1/1163] Building C object esp-idf/esp_hal_i2s/CMakeFiles/__idf_esp_hal_i2s.dir/esp32s3/i2s_periph.c.obj
[2/1163] Building C object esp-idf/esp_http_client/CMakeFiles/__idf_esp_http_client.dir/lib/http_header.c.obj
[3/1163] Building C object esp-idf/esp_adc/CMakeFiles/__idf_esp_adc.dir/adc_cali.c.obj
[4/1163] Building C object esp-idf/esp_hal_i2s/CMakeFiles/__idf_esp_hal_i2s.dir/i2s_hal.c.obj
[5/1163] Building C object esp-idf/esp_adc/CMakeFiles/__idf_esp_adc.dir/adc_cali_curve_fitting.c.obj
[6/1163] Building C object esp-idf/esp_http_client/CMakeFiles/__idf_esp_http_client.dir/lib/http_utils.c.obj
[7/1163] Building C object esp-idf/esp_http_server/CMakeFiles/__idf_esp_http_server.dir/src/util/ctrl_sock.c.obj
[8/1163] Building C object esp-idf/esp_http_server/CMakeFiles/__idf_esp_http_server.dir/src/httpd_uri.c.obj
[9/1163] Building C object esp-idf/esp_http_server/CMakeFiles/__idf_esp_http_server.dir/src/httpd_sess.c.obj
[10/1163] Building C object esp-idf/esp_driver_i2s/CMakeFiles/__idf_esp_driver_i2s.dir/i2s_platform.c.obj
[11/1163] Building C object esp-idf/esp_http_server/CMakeFiles/__idf_esp_http_server.dir/src/httpd_parse.c.obj
[12/1163] Building C object esp-idf/esp_adc/CMakeFiles/__idf_esp_adc.dir/adc_oneshot.c.obj
[13/1163] Building C object esp-idf/esp_http_server/CMakeFiles/__idf_esp_http_server.dir/src/httpd_main.c.obj
[14/1163] Building C object esp-idf/esp_http_server/CMakeFiles/__idf_esp_http_server.dir/src/httpd_txrx.c.obj
[15/1163] Building C object esp-idf/esp_https_ota/CMakeFiles/__idf_esp_https_ota.dir/src/esp_https_ota.c.obj
[16/1163] Building C object esp-idf/esp_adc/CMakeFiles/__idf_esp_adc.dir/adc_common.c.obj
[17/1163] Building C object esp-idf/esp_driver_i2s/CMakeFiles/__idf_esp_driver_i2s.dir/i2s_tdm.c.obj
[18/1163] Building C object esp-idf/esp_adc/CMakeFiles/__idf_esp_adc.dir/adc_monitor.c.obj
[19/1163] Building C object esp-idf/esp_driver_i2s/CMakeFiles/__idf_esp_driver_i2s.dir/i2s_pdm.c.obj
[20/1163] Building C object esp-idf/tcp_transport/CMakeFiles/__idf_tcp_transport.dir/transport_socks_proxy.c.obj
[21/1163] Building C object esp-idf/esp_adc/CMakeFiles/__idf_esp_adc.dir/adc_continuous.c.obj
[22/1163] Building C object esp-idf/esp_driver_i2s/CMakeFiles/__idf_esp_driver_i2s.dir/i2s_std.c.obj
[23/1163] Building C object esp-idf/esp_driver_i2s/CMakeFiles/__idf_esp_driver_i2s.dir/i2s_common.c.obj
[24/1163] Linking C static library esp-idf\esp_https_ota\libesp_https_ota.a
[25/1163] Building C object esp-idf/esp_http_client/CMakeFiles/__idf_esp_http_client.dir/lib/http_auth.c.obj
[26/1163] Building C object esp-idf/esp_http_server/CMakeFiles/__idf_esp_http_server.dir/src/httpd_ws.c.obj
[27/1163] Building C object esp-idf/esp_adc/CMakeFiles/__idf_esp_adc.dir/esp32s3/curve_fitting_coefficients.c.obj
[28/1163] Building C object esp-idf/tcp_transport/CMakeFiles/__idf_tcp_transport.dir/transport_internal.c.obj
[29/1163] Building C object esp-idf/tcp_transport/CMakeFiles/__idf_tcp_transport.dir/transport.c.obj
[30/1163] Building C object esp-idf/tcp_transport/CMakeFiles/__idf_tcp_transport.dir/transport_ssl.c.obj
[31/1163] Linking C static library esp-idf\esp_http_server\libesp_http_server.a
[32/1163] Building C object esp-idf/tcp_transport/CMakeFiles/__idf_tcp_transport.dir/transport_ws.c.obj
[33/1163] Building C object esp-idf/esp_http_client/CMakeFiles/__idf_esp_http_client.dir/esp_http_client.c.obj
[34/1163] Building C object esp-idf/esp_hal_i2c/CMakeFiles/__idf_esp_hal_i2c.dir/esp32s3/i2c_periph.c.obj
[35/1163] Building C object esp-idf/esp-tls/CMakeFiles/__idf_esp-tls.dir/esp_tls_platform_port.c.obj
[36/1163] Building C object esp-idf/esp_hal_i2c/CMakeFiles/__idf_esp_hal_i2c.dir/i2c_hal_iram.c.obj
[37/1163] Building C object esp-idf/esp_adc/CMakeFiles/__idf_esp_adc.dir/gdma/adc_dma.c.obj
[38/1163] Building ASM object esp-idf/esp_gdbstub/CMakeFiles/__idf_esp_gdbstub.dir/src/port/xtensa/xt_debugexception.S.obj
[39/1163] Building C object esp-idf/esp_hal_i2c/CMakeFiles/__idf_esp_hal_i2c.dir/i2c_hal.c.obj
[40/1163] Building C object esp-idf/esp_adc/CMakeFiles/__idf_esp_adc.dir/adc_filter.c.obj
[41/1163] Building ASM object esp-idf/esp_gdbstub/CMakeFiles/__idf_esp_gdbstub.dir/src/port/xtensa/gdbstub-entry.S.obj
[42/1163] Building C object esp-idf/esp-tls/CMakeFiles/__idf_esp-tls.dir/esp-tls-crypto/esp_tls_crypto.c.obj
[43/1163] Linking C static library esp-idf\esp_http_client\libesp_http_client.a
[44/1163] Building C object esp-idf/esp_wifi/CMakeFiles/__idf_esp_wifi.dir/src/lib_printf.c.obj
[45/1163] Building C object esp-idf/esp_gdbstub/CMakeFiles/__idf_esp_gdbstub.dir/src/packet.c.obj
[46/1163] Building C object esp-idf/esp-tls/CMakeFiles/__idf_esp-tls.dir/esp_tls_error_capture.c.obj
[47/1163] Building C object esp-idf/esp_gdbstub/CMakeFiles/__idf_esp_gdbstub.dir/src/port/xtensa/gdbstub_xtensa.c.obj
[48/1163] Building C object esp-idf/esp_gdbstub/CMakeFiles/__idf_esp_gdbstub.dir/src/gdbstub_transport.c.obj
[49/1163] Building C object esp-idf/http_parser/CMakeFiles/__idf_http_parser.dir/http_parser.c.obj
[50/1163] Building C object esp-idf/esp_wifi/CMakeFiles/__idf_esp_wifi.dir/src/ftm_load_calibration.c.obj
[51/1163] Building C object esp-idf/esp_gdbstub/CMakeFiles/__idf_esp_gdbstub.dir/src/gdbstub.c.obj
[52/1163] Building C object esp-idf/esp_wifi/CMakeFiles/__idf_esp_wifi.dir/src/mesh_event.c.obj
[53/1163] Building C object esp-idf/esp_wifi/CMakeFiles/__idf_esp_wifi.dir/src/smartconfig.c.obj
[54/1163] Linking C static library esp-idf\tcp_transport\libtcp_transport.a
[55/1163] Building C object esp-idf/esp_wifi/CMakeFiles/__idf_esp_wifi.dir/src/wifi_default_ap.c.obj
[56/1163] Building C object esp-idf/esp_wifi/CMakeFiles/__idf_esp_wifi.dir/src/wifi_netif.c.obj
[57/1163] Building C object esp-idf/esp_coex/CMakeFiles/__idf_esp_coex.dir/src/coexist_debug_diagram.c.obj
[58/1163] Building C object esp-idf/esp_wifi/CMakeFiles/__idf_esp_wifi.dir/src/wifi_init.c.obj
[59/1163] Building C object esp-idf/esp_wifi/CMakeFiles/__idf_esp_wifi.dir/src/wifi_default.c.obj
[60/1163] Building C object esp-idf/esp-tls/CMakeFiles/__idf_esp-tls.dir/esp_tls.c.obj
[61/1163] Linking C static library esp-idf\esp_driver_i2s\libesp_driver_i2s.a
[62/1163] Building C object esp-idf/esp_wifi/CMakeFiles/__idf_esp_wifi.dir/regulatory/esp_wifi_regulatory.c.obj
[63/1163] Building C object esp-idf/esp_coex/CMakeFiles/__idf_esp_coex.dir/src/coexist_debug.c.obj
[64/1163] Building C object esp-idf/esp_wifi/CMakeFiles/__idf_esp_wifi.dir/remote/esp_eap_client_remote_weak.c.obj
[65/1163] Linking C static library esp-idf\esp_hal_i2s\libesp_hal_i2s.a
[66/1163] Building C object esp-idf/esp_coex/CMakeFiles/__idf_esp_coex.dir/esp32s3/esp_coex_adapter.c.obj
[67/1163] Building C object esp-idf/esp_wifi/CMakeFiles/__idf_esp_wifi.dir/remote/esp_wifi_remote_net2.c.obj
[68/1163] Building C object esp-idf/esp_wifi/CMakeFiles/__idf_esp_wifi.dir/remote/esp_wifi_remote_weak.c.obj
[69/1163] Building C object esp-idf/esp-tls/CMakeFiles/__idf_esp-tls.dir/esp_tls_mbedtls.c.obj
[70/1163] Building C object esp-idf/esp_wifi/CMakeFiles/__idf_esp_wifi.dir/esp32s3/esp_adapter.c.obj
[71/1163] Building C object esp-idf/esp_wifi/CMakeFiles/__idf_esp_wifi.dir/src/smartconfig_ack.c.obj
[72/1163] Linking C static library esp-idf\esp_adc\libesp_adc.a
[73/1163] Building C object esp-idf/wpa_supplicant/CMakeFiles/__idf_wpa_supplicant.dir/src/ap/ap_config.c.obj
[74/1163] Building C object esp-idf/wpa_supplicant/CMakeFiles/__idf_wpa_supplicant.dir/port/os_xtensa.c.obj
[75/1163] Building C object esp-idf/wpa_supplicant/CMakeFiles/__idf_wpa_supplicant.dir/port/eloop.c.obj
[76/1163] Building C object esp-idf/wpa_supplicant/CMakeFiles/__idf_wpa_supplicant.dir/src/ap/ieee802_1x.c.obj
[77/1163] Building C object esp-idf/wpa_supplicant/CMakeFiles/__idf_wpa_supplicant.dir/src/ap/pmksa_cache_auth.c.obj
[78/1163] Linking C static library esp-idf\esp-tls\libesp-tls.a
[79/1163] Building C object esp-idf/wpa_supplicant/CMakeFiles/__idf_wpa_supplicant.dir/src/ap/comeback_token.c.obj
[80/1163] Building C object esp-idf/wpa_supplicant/CMakeFiles/__idf_wpa_supplicant.dir/src/common/dragonfly.c.obj
[81/1163] Building C object esp-idf/wpa_supplicant/CMakeFiles/__idf_wpa_supplicant.dir/src/ap/sta_info.c.obj
[82/1163] Building C object esp-idf/wpa_supplicant/CMakeFiles/__idf_wpa_supplicant.dir/src/crypto/aes-siv.c.obj
[83/1163] Building C object esp-idf/wpa_supplicant/CMakeFiles/__idf_wpa_supplicant.dir/src/common/wpa_common.c.obj
[84/1163] Building C object esp-idf/wpa_supplicant/CMakeFiles/__idf_wpa_supplicant.dir/src/ap/wpa_auth.c.obj
[85/1163] Building C object esp-idf/wpa_supplicant/CMakeFiles/__idf_wpa_supplicant.dir/src/crypto/sha256-kdf.c.obj
[86/1163] Building C object esp-idf/wpa_supplicant/CMakeFiles/__idf_wpa_supplicant.dir/src/utils/bitfield.c.obj
[87/1163] Linking C static library esp-idf\http_parser\libhttp_parser.a
[88/1163] Building C object esp-idf/wpa_supplicant/CMakeFiles/__idf_wpa_supplicant.dir/src/ap/wpa_auth_ie.c.obj
[89/1163] Building C object esp-idf/wpa_supplicant/CMakeFiles/__idf_wpa_supplicant.dir/src/ap/ieee802_11.c.obj
[90/1163] Building C object esp-idf/wpa_supplicant/CMakeFiles/__idf_wpa_supplicant.dir/src/crypto/crypto_ops.c.obj
[91/1163] Building C object esp-idf/wpa_supplicant/CMakeFiles/__idf_wpa_supplicant.dir/src/crypto/aes-gcm.c.obj
[92/1163] Building C object esp-idf/wpa_supplicant/CMakeFiles/__idf_wpa_supplicant.dir/src/crypto/ccmp.c.obj
[93/1163] Building C object esp-idf/wpa_supplicant/CMakeFiles/__idf_wpa_supplicant.dir/src/crypto/dh_group5.c.obj
[94/1163] Building C object esp-idf/wpa_supplicant/CMakeFiles/__idf_wpa_supplicant.dir/src/crypto/dh_groups.c.obj
[95/1163] Building C object esp-idf/wpa_supplicant/CMakeFiles/__idf_wpa_supplicant.dir/src/common/sae.c.obj
[96/1163] Linking C static library esp-idf\esp_hal_i2c\libesp_hal_i2c.a
[97/1163] Building C object esp-idf/wpa_supplicant/CMakeFiles/__idf_wpa_supplicant.dir/src/crypto/sha1-tlsprf.c.obj
[98/1163] Building C object esp-idf/wpa_supplicant/CMakeFiles/__idf_wpa_supplicant.dir/src/crypto/ms_funcs.c.obj
[99/1163] Building C object esp-idf/wpa_supplicant/CMakeFiles/__idf_wpa_supplicant.dir/src/crypto/sha256-tlsprf.c.obj
[100/1163] Linking C static library esp-idf\esp_gdbstub\libesp_gdbstub.a
[101/1163] Building C object esp-idf/wpa_supplicant/CMakeFiles/__idf_wpa_supplicant.dir/src/crypto/sha1-prf.c.obj
[102/1163] Building C object esp-idf/wpa_supplicant/CMakeFiles/__idf_wpa_supplicant.dir/src/crypto/md4-internal.c.obj
[103/1163] Building C object esp-idf/wpa_supplicant/CMakeFiles/__idf_wpa_supplicant.dir/src/crypto/sha384-tlsprf.c.obj
[104/1163] Building C object esp-idf/wpa_supplicant/CMakeFiles/__idf_wpa_supplicant.dir/src/crypto/sha384-prf.c.obj
[105/1163] Building C object esp-idf/wpa_supplicant/CMakeFiles/__idf_wpa_supplicant.dir/src/crypto/sha256-prf.c.obj
[106/1163] Building C object esp-idf/wpa_supplicant/CMakeFiles/__idf_wpa_supplicant.dir/src/crypto/sha1-tprf.c.obj
[107/1163] Building C object esp-idf/wpa_supplicant/CMakeFiles/__idf_wpa_supplicant.dir/src/eap_common/eap_wsc_common.c.obj
[108/1163] Building C object esp-idf/wpa_supplicant/CMakeFiles/__idf_wpa_supplicant.dir/src/eap_peer/chap.c.obj
[109/1163] Building C object esp-idf/wpa_supplicant/CMakeFiles/__idf_wpa_supplicant.dir/src/common/ieee802_11_common.c.obj
[110/1163] Linking C static library esp-idf\esp_wifi\libesp_wifi.a
[111/1163] Building C object esp-idf/wpa_supplicant/CMakeFiles/__idf_wpa_supplicant.dir/src/eap_peer/eap.c.obj
[112/1163] Building C object esp-idf/wpa_supplicant/CMakeFiles/__idf_wpa_supplicant.dir/src/eap_peer/eap_common.c.obj
[113/1163] Building C object esp-idf/wpa_supplicant/CMakeFiles/__idf_wpa_supplicant.dir/src/eap_peer/eap_peap_common.c.obj
[114/1163] Building C object esp-idf/wpa_supplicant/CMakeFiles/__idf_wpa_supplicant.dir/src/eap_peer/eap_mschapv2.c.obj
[115/1163] Building C object esp-idf/wpa_supplicant/CMakeFiles/__idf_wpa_supplicant.dir/src/eap_peer/eap_tls.c.obj
[116/1163] Building C object esp-idf/wpa_supplicant/CMakeFiles/__idf_wpa_supplicant.dir/src/eap_peer/eap_tls_common.c.obj
[117/1163] Building C object esp-idf/wpa_supplicant/CMakeFiles/__idf_wpa_supplicant.dir/src/eap_peer/eap_peap.c.obj
[118/1163] Building C object esp-idf/wpa_supplicant/CMakeFiles/__idf_wpa_supplicant.dir/src/eap_peer/mschapv2.c.obj
[119/1163] Building C object esp-idf/wpa_supplicant/CMakeFiles/__idf_wpa_supplicant.dir/src/eap_peer/eap_fast_common.c.obj
[120/1163] Building C object esp-idf/wpa_supplicant/CMakeFiles/__idf_wpa_supplicant.dir/src/utils/base64.c.obj
[121/1163] Building C object esp-idf/wpa_supplicant/CMakeFiles/__idf_wpa_supplicant.dir/src/utils/common.c.obj
[122/1163] Building C object esp-idf/wpa_supplicant/CMakeFiles/__idf_wpa_supplicant.dir/src/eap_peer/eap_fast_pac.c.obj
[123/1163] Building C object esp-idf/wpa_supplicant/CMakeFiles/__idf_wpa_supplicant.dir/src/rsn_supp/wpa_ie.c.obj
[124/1163] Building C object esp-idf/wpa_supplicant/CMakeFiles/__idf_wpa_supplicant.dir/src/rsn_supp/pmksa_cache.c.obj
[125/1163] Building C object esp-idf/wpa_supplicant/CMakeFiles/__idf_wpa_supplicant.dir/src/eap_peer/eap_ttls.c.obj
[126/1163] Building C object esp-idf/wpa_supplicant/CMakeFiles/__idf_wpa_supplicant.dir/src/utils/ext_password.c.obj
[127/1163] Building C object esp-idf/wpa_supplicant/CMakeFiles/__idf_wpa_supplicant.dir/src/eap_peer/eap_fast.c.obj
[128/1163] Building C object esp-idf/wpa_supplicant/CMakeFiles/__idf_wpa_supplicant.dir/src/utils/uuid.c.obj
[129/1163] Building C object esp-idf/wpa_supplicant/CMakeFiles/__idf_wpa_supplicant.dir/src/utils/wpabuf.c.obj
[130/1163] Building C object esp-idf/wpa_supplicant/CMakeFiles/__idf_wpa_supplicant.dir/src/rsn_supp/wpa.c.obj
[131/1163] Building C object esp-idf/wpa_supplicant/CMakeFiles/__idf_wpa_supplicant.dir/esp_supplicant/src/esp_wpa2_api_port.c.obj
[132/1163] Building C object esp-idf/wpa_supplicant/CMakeFiles/__idf_wpa_supplicant.dir/src/utils/wpa_debug.c.obj
[133/1163] Building C object esp-idf/wpa_supplicant/CMakeFiles/__idf_wpa_supplicant.dir/src/utils/json.c.obj
[134/1163] Building C object esp-idf/wpa_supplicant/CMakeFiles/__idf_wpa_supplicant.dir/src/wps/wps_attr_process.c.obj
[135/1163] Building C object esp-idf/wpa_supplicant/CMakeFiles/__idf_wpa_supplicant.dir/src/wps/wps_attr_parse.c.obj
[136/1163] Building C object esp-idf/wpa_supplicant/CMakeFiles/__idf_wpa_supplicant.dir/src/wps/wps.c.obj
[137/1163] Building C object esp-idf/wpa_supplicant/CMakeFiles/__idf_wpa_supplicant.dir/src/wps/wps_common.c.obj
[138/1163] Building C object esp-idf/wpa_supplicant/CMakeFiles/__idf_wpa_supplicant.dir/esp_supplicant/src/esp_nan_supplicant.c.obj
[139/1163] Building C object esp-idf/wpa_supplicant/CMakeFiles/__idf_wpa_supplicant.dir/src/common/sae_pk.c.obj
[140/1163] Building C object esp-idf/wpa_supplicant/CMakeFiles/__idf_wpa_supplicant.dir/src/wps/wps_dev_attr.c.obj
[141/1163] Building C object esp-idf/wpa_supplicant/CMakeFiles/__idf_wpa_supplicant.dir/src/wps/wps_attr_build.c.obj
[142/1163] Building C object esp-idf/wpa_supplicant/CMakeFiles/__idf_wpa_supplicant.dir/src/wps/wps_enrollee.c.obj
[143/1163] Linking C static library esp-idf\esp_coex\libesp_coex.a
[144/1163] Building C object esp-idf/wpa_supplicant/CMakeFiles/__idf_wpa_supplicant.dir/esp_supplicant/src/crypto/fastpsk.c.obj
[145/1163] Building C object esp-idf/wpa_supplicant/CMakeFiles/__idf_wpa_supplicant.dir/esp_supplicant/src/esp_wpas_glue.c.obj
[146/1163] Building C object esp-idf/wpa_supplicant/CMakeFiles/__idf_wpa_supplicant.dir/esp_supplicant/src/esp_common.c.obj
[147/1163] Building C object esp-idf/wpa_supplicant/CMakeFiles/__idf_wpa_supplicant.dir/esp_supplicant/src/esp_owe.c.obj
[148/1163] Building C object esp-idf/wpa_supplicant/CMakeFiles/__idf_wpa_supplicant.dir/esp_supplicant/src/esp_wpa_main.c.obj
[149/1163] Building C object esp-idf/wpa_supplicant/CMakeFiles/__idf_wpa_supplicant.dir/esp_supplicant/src/esp_wpa3.c.obj
[150/1163] Building C object esp-idf/wpa_supplicant/CMakeFiles/__idf_wpa_supplicant.dir/esp_supplicant/src/esp_hostap.c.obj
[151/1163] Building C object esp-idf/wpa_supplicant/CMakeFiles/__idf_wpa_supplicant.dir/esp_supplicant/src/esp_wps.c.obj
[152/1163] Building C object esp-idf/esp_netif/CMakeFiles/__idf_esp_netif.dir/esp_netif_defaults.c.obj
[153/1163] Building C object esp-idf/wpa_supplicant/CMakeFiles/__idf_wpa_supplicant.dir/src/crypto/rc4.c.obj
[154/1163] Building C object esp-idf/wpa_supplicant/CMakeFiles/__idf_wpa_supplicant.dir/src/crypto/des-internal.c.obj
[155/1163] Building C object esp-idf/wpa_supplicant/CMakeFiles/__idf_wpa_supplicant.dir/src/crypto/aes-wrap.c.obj
[156/1163] Building C object esp-idf/esp_netif/CMakeFiles/__idf_esp_netif.dir/esp_netif_objects.c.obj
[157/1163] Building C object esp-idf/wpa_supplicant/CMakeFiles/__idf_wpa_supplicant.dir/src/crypto/aes-unwrap.c.obj
[158/1163] Building C object esp-idf/wpa_supplicant/CMakeFiles/__idf_wpa_supplicant.dir/esp_supplicant/src/esp_eap_client.c.obj
[159/1163] Building C object esp-idf/esp_netif/CMakeFiles/__idf_esp_netif.dir/esp_netif_handlers.c.obj
[160/1163] Building C object esp-idf/wpa_supplicant/CMakeFiles/__idf_wpa_supplicant.dir/esp_supplicant/src/crypto/crypto_mbedtls-bignum.c.obj
[161/1163] Building C object esp-idf/wpa_supplicant/CMakeFiles/__idf_wpa_supplicant.dir/esp_supplicant/src/crypto/crypto_mbedtls.c.obj
[162/1163] Building C object esp-idf/wpa_supplicant/CMakeFiles/__idf_wpa_supplicant.dir/src/crypto/aes-ccm.c.obj
[163/1163] Building C object esp-idf/lwip/CMakeFiles/__idf_lwip.dir/apps/sntp/sntp.c.obj
[164/1163] Building C object esp-idf/esp_netif/CMakeFiles/__idf_esp_netif.dir/lwip/esp_netif_lwip_defaults.c.obj
[165/1163] Building C object esp-idf/esp_netif/CMakeFiles/__idf_esp_netif.dir/lwip/netif/esp_pbuf_ref.c.obj
[166/1163] Building C object esp-idf/wpa_supplicant/CMakeFiles/__idf_wpa_supplicant.dir/esp_supplicant/src/crypto/crypto_mbedtls-rsa.c.obj
[167/1163] Building C object esp-idf/wpa_supplicant/CMakeFiles/__idf_wpa_supplicant.dir/esp_supplicant/src/crypto/tls_mbedtls.c.obj
[168/1163] Building C object esp-idf/esp_netif/CMakeFiles/__idf_esp_netif.dir/lwip/esp_netif_sntp.c.obj
[169/1163] Building C object esp-idf/esp_netif/CMakeFiles/__idf_esp_netif.dir/lwip/netif/ethernetif.c.obj
[170/1163] Building C object esp-idf/esp_netif/CMakeFiles/__idf_esp_netif.dir/lwip/netif/wlanif.c.obj
[171/1163] Building C object esp-idf/lwip/CMakeFiles/__idf_lwip.dir/lwip/src/api/api_lib.c.obj
[172/1163] Building C object esp-idf/wpa_supplicant/CMakeFiles/__idf_wpa_supplicant.dir/esp_supplicant/src/crypto/crypto_mbedtls-ec.c.obj
[173/1163] Building C object esp-idf/lwip/CMakeFiles/__idf_lwip.dir/lwip/src/api/api_msg.c.obj
[174/1163] Building C object esp-idf/lwip/CMakeFiles/__idf_lwip.dir/lwip/src/api/err.c.obj
[175/1163] Building C object esp-idf/esp_netif/CMakeFiles/__idf_esp_netif.dir/lwip/esp_netif_lwip.c.obj
[176/1163] Building C object esp-idf/lwip/CMakeFiles/__idf_lwip.dir/lwip/src/api/if_api.c.obj
[177/1163] Building C object esp-idf/lwip/CMakeFiles/__idf_lwip.dir/lwip/src/api/netbuf.c.obj
[178/1163] Building C object esp-idf/lwip/CMakeFiles/__idf_lwip.dir/lwip/src/api/netdb.c.obj
[179/1163] Building C object esp-idf/lwip/CMakeFiles/__idf_lwip.dir/lwip/src/api/netifapi.c.obj
[180/1163] Building C object esp-idf/lwip/CMakeFiles/__idf_lwip.dir/lwip/src/api/tcpip.c.obj
[181/1163] Building C object esp-idf/lwip/CMakeFiles/__idf_lwip.dir/lwip/src/apps/sntp/sntp.c.obj
[182/1163] Building C object esp-idf/lwip/CMakeFiles/__idf_lwip.dir/lwip/src/core/ip.c.obj
[183/1163] Building C object esp-idf/lwip/CMakeFiles/__idf_lwip.dir/lwip/src/core/inet_chksum.c.obj
[184/1163] Building C object esp-idf/lwip/CMakeFiles/__idf_lwip.dir/lwip/src/core/def.c.obj
[185/1163] Building C object esp-idf/lwip/CMakeFiles/__idf_lwip.dir/lwip/src/apps/netbiosns/netbiosns.c.obj
[186/1163] Building C object esp-idf/lwip/CMakeFiles/__idf_lwip.dir/lwip/src/core/init.c.obj
[187/1163] Building C object esp-idf/lwip/CMakeFiles/__idf_lwip.dir/lwip/src/core/dns.c.obj
[188/1163] Building C object esp-idf/lwip/CMakeFiles/__idf_lwip.dir/lwip/src/core/mem.c.obj
[189/1163] Linking C static library esp-idf\wpa_supplicant\libwpa_supplicant.a
[190/1163] Building C object esp-idf/lwip/CMakeFiles/__idf_lwip.dir/lwip/src/api/sockets.c.obj
[191/1163] Building C object esp-idf/lwip/CMakeFiles/__idf_lwip.dir/lwip/src/core/memp.c.obj
[192/1163] Building C object esp-idf/lwip/CMakeFiles/__idf_lwip.dir/lwip/src/core/sys.c.obj
[193/1163] Building C object esp-idf/lwip/CMakeFiles/__idf_lwip.dir/lwip/src/core/netif.c.obj
[194/1163] Building C object esp-idf/lwip/CMakeFiles/__idf_lwip.dir/lwip/src/core/stats.c.obj
[195/1163] Building C object esp-idf/lwip/CMakeFiles/__idf_lwip.dir/lwip/src/core/ipv4/autoip.c.obj
[196/1163] Building C object esp-idf/lwip/CMakeFiles/__idf_lwip.dir/lwip/src/core/raw.c.obj
[197/1163] Building C object esp-idf/lwip/CMakeFiles/__idf_lwip.dir/lwip/src/core/timeouts.c.obj
[198/1163] Building C object esp-idf/lwip/CMakeFiles/__idf_lwip.dir/lwip/src/core/pbuf.c.obj
[199/1163] Building C object esp-idf/lwip/CMakeFiles/__idf_lwip.dir/lwip/src/core/udp.c.obj
[200/1163] Building C object esp-idf/lwip/CMakeFiles/__idf_lwip.dir/lwip/src/core/ipv4/etharp.c.obj
[201/1163] Building C object esp-idf/lwip/CMakeFiles/__idf_lwip.dir/lwip/src/core/ipv4/dhcp.c.obj
[202/1163] Building C object esp-idf/lwip/CMakeFiles/__idf_lwip.dir/lwip/src/core/tcp_out.c.obj
[203/1163] Building C object esp-idf/lwip/CMakeFiles/__idf_lwip.dir/lwip/src/core/tcp.c.obj
[204/1163] Building C object esp-idf/lwip/CMakeFiles/__idf_lwip.dir/lwip/src/core/tcp_in.c.obj
[205/1163] Building C object esp-idf/lwip/CMakeFiles/__idf_lwip.dir/lwip/src/core/ipv4/icmp.c.obj
[206/1163] Building C object esp-idf/lwip/CMakeFiles/__idf_lwip.dir/lwip/src/core/ipv4/ip4_addr.c.obj
[207/1163] Building C object esp-idf/lwip/CMakeFiles/__idf_lwip.dir/lwip/src/core/ipv4/ip4_napt.c.obj
[208/1163] Building C object esp-idf/lwip/CMakeFiles/__idf_lwip.dir/lwip/src/core/ipv6/ethip6.c.obj
[209/1163] Building C object esp-idf/lwip/CMakeFiles/__idf_lwip.dir/lwip/src/core/ipv6/dhcp6.c.obj
[210/1163] Building C object esp-idf/lwip/CMakeFiles/__idf_lwip.dir/lwip/src/core/ipv4/igmp.c.obj
[211/1163] Building C object esp-idf/lwip/CMakeFiles/__idf_lwip.dir/lwip/src/core/ipv6/inet6.c.obj
[212/1163] Building C object esp-idf/lwip/CMakeFiles/__idf_lwip.dir/lwip/src/core/ipv4/ip4.c.obj
[213/1163] Building C object esp-idf/lwip/CMakeFiles/__idf_lwip.dir/lwip/src/core/ipv6/ip6_frag.c.obj
[214/1163] Building C object esp-idf/lwip/CMakeFiles/__idf_lwip.dir/lwip/src/core/ipv4/ip4_frag.c.obj
[215/1163] Building C object esp-idf/lwip/CMakeFiles/__idf_lwip.dir/lwip/src/core/ipv6/ip6_addr.c.obj
[216/1163] Building C object esp-idf/lwip/CMakeFiles/__idf_lwip.dir/lwip/src/core/ipv6/icmp6.c.obj
[217/1163] Building C object esp-idf/lwip/CMakeFiles/__idf_lwip.dir/lwip/src/core/ipv6/mld6.c.obj
[218/1163] Building C object esp-idf/lwip/CMakeFiles/__idf_lwip.dir/lwip/src/core/ipv6/ip6.c.obj
[219/1163] Building C object esp-idf/lwip/CMakeFiles/__idf_lwip.dir/lwip/src/netif/ethernet.c.obj
[220/1163] Building C object esp-idf/lwip/CMakeFiles/__idf_lwip.dir/lwip/src/netif/bridgeif.c.obj
[221/1163] Building C object esp-idf/lwip/CMakeFiles/__idf_lwip.dir/lwip/src/netif/bridgeif_fdb.c.obj
[222/1163] Building C object esp-idf/lwip/CMakeFiles/__idf_lwip.dir/lwip/src/core/ipv6/nd6.c.obj
[223/1163] Building C object esp-idf/lwip/CMakeFiles/__idf_lwip.dir/lwip/src/netif/ppp/auth.c.obj
[224/1163] Building C object esp-idf/lwip/CMakeFiles/__idf_lwip.dir/lwip/src/netif/slipif.c.obj
[225/1163] Building C object esp-idf/lwip/CMakeFiles/__idf_lwip.dir/lwip/src/netif/ppp/ccp.c.obj
[226/1163] Building C object esp-idf/lwip/CMakeFiles/__idf_lwip.dir/lwip/src/netif/ppp/chap-md5.c.obj
[227/1163] Building C object esp-idf/lwip/CMakeFiles/__idf_lwip.dir/lwip/src/netif/ppp/demand.c.obj
[228/1163] Building C object esp-idf/lwip/CMakeFiles/__idf_lwip.dir/lwip/src/netif/ppp/chap-new.c.obj
[229/1163] Building C object esp-idf/lwip/CMakeFiles/__idf_lwip.dir/lwip/src/netif/ppp/eap.c.obj
[230/1163] Building C object esp-idf/lwip/CMakeFiles/__idf_lwip.dir/lwip/src/netif/ppp/eui64.c.obj
[231/1163] Building C object esp-idf/lwip/CMakeFiles/__idf_lwip.dir/lwip/src/netif/ppp/fsm.c.obj
[232/1163] Building C object esp-idf/lwip/CMakeFiles/__idf_lwip.dir/lwip/src/netif/ppp/ipv6cp.c.obj
[233/1163] Building C object esp-idf/lwip/CMakeFiles/__idf_lwip.dir/lwip/src/netif/ppp/chap_ms.c.obj
[234/1163] Building C object esp-idf/lwip/CMakeFiles/__idf_lwip.dir/lwip/src/netif/ppp/ipcp.c.obj
[235/1163] Building C object esp-idf/lwip/CMakeFiles/__idf_lwip.dir/lwip/src/netif/ppp/lcp.c.obj
[236/1163] Building C object esp-idf/lwip/CMakeFiles/__idf_lwip.dir/lwip/src/netif/ppp/ecp.c.obj
[237/1163] Building C object esp-idf/lwip/CMakeFiles/__idf_lwip.dir/lwip/src/netif/ppp/mppe.c.obj
[238/1163] Building C object esp-idf/lwip/CMakeFiles/__idf_lwip.dir/lwip/src/netif/ppp/magic.c.obj
[239/1163] Building C object esp-idf/lwip/CMakeFiles/__idf_lwip.dir/lwip/src/netif/ppp/multilink.c.obj
[240/1163] Linking C static library esp-idf\esp_netif\libesp_netif.a
[241/1163] Building C object esp-idf/lwip/CMakeFiles/__idf_lwip.dir/lwip/src/netif/ppp/pppcrypt.c.obj
[242/1163] Building C object esp-idf/lwip/CMakeFiles/__idf_lwip.dir/lwip/src/netif/ppp/ppp.c.obj
[243/1163] Building C object esp-idf/lwip/CMakeFiles/__idf_lwip.dir/lwip/src/netif/ppp/pppol2tp.c.obj
[244/1163] Building C object esp-idf/lwip/CMakeFiles/__idf_lwip.dir/lwip/src/netif/ppp/pppoe.c.obj
[245/1163] Building C object esp-idf/lwip/CMakeFiles/__idf_lwip.dir/lwip/src/netif/ppp/pppapi.c.obj
[246/1163] Building C object esp-idf/lwip/CMakeFiles/__idf_lwip.dir/lwip/src/netif/ppp/utils.c.obj
[247/1163] Building C object esp-idf/lwip/CMakeFiles/__idf_lwip.dir/lwip/src/netif/ppp/vj.c.obj
[248/1163] Building C object esp-idf/lwip/CMakeFiles/__idf_lwip.dir/lwip/src/netif/ppp/pppos.c.obj
[249/1163] Building C object esp-idf/lwip/CMakeFiles/__idf_lwip.dir/lwip/src/netif/ppp/upap.c.obj
[250/1163] Building C object esp-idf/lwip/CMakeFiles/__idf_lwip.dir/port/hooks/tcp_isn_default.c.obj
[251/1163] Building C object esp-idf/lwip/CMakeFiles/__idf_lwip.dir/port/hooks/lwip_default_hooks.c.obj
[252/1163] Building C object esp-idf/lwip/CMakeFiles/__idf_lwip.dir/port/debug/lwip_debug.c.obj
[253/1163] Building C object esp-idf/lwip/CMakeFiles/__idf_lwip.dir/port/if_index.c.obj
[254/1163] Building C object esp-idf/lwip/CMakeFiles/__idf_lwip.dir/port/acd_dhcp_check.c.obj
[255/1163] Building C object esp-idf/lwip/CMakeFiles/__idf_lwip.dir/port/freertos/sys_arch.c.obj
[256/1163] Building C object esp-idf/lwip/CMakeFiles/__idf_lwip.dir/port/sockets_ext.c.obj
[257/1163] Building C object esp-idf/lwip/CMakeFiles/__idf_lwip.dir/port/esp32xx/vfs_lwip.c.obj
[258/1163] Building C object esp-idf/lwip/CMakeFiles/__idf_lwip.dir/lwip/src/netif/ppp/polarssl/arc4.c.obj
[259/1163] Building C object esp-idf/lwip/CMakeFiles/__idf_lwip.dir/lwip/src/netif/ppp/polarssl/md4.c.obj
[260/1163] Building C object esp-idf/lwip/CMakeFiles/__idf_lwip.dir/apps/ping/ping_sock.c.obj
[261/1163] Building C object esp-idf/lwip/CMakeFiles/__idf_lwip.dir/lwip/src/netif/ppp/polarssl/des.c.obj
[262/1163] Building C object esp-idf/lwip/CMakeFiles/__idf_lwip.dir/lwip/src/netif/ppp/polarssl/md5.c.obj
[263/1163] Building C object esp-idf/lwip/CMakeFiles/__idf_lwip.dir/lwip/src/netif/ppp/polarssl/sha1.c.obj
[264/1163] Building C object esp-idf/vfs/CMakeFiles/__idf_vfs.dir/nullfs.c.obj
[265/1163] Building C object esp-idf/vfs/CMakeFiles/__idf_vfs.dir/vfs_eventfd.c.obj
[266/1163] Building C object esp-idf/vfs/CMakeFiles/__idf_vfs.dir/vfs.c.obj
[267/1163] Building C object esp-idf/vfs/CMakeFiles/__idf_vfs.dir/vfs_semihost.c.obj
[268/1163] Building C object esp-idf/esp_driver_usb_serial_jtag/CMakeFiles/__idf_esp_driver_usb_serial_jtag.dir/src/usb_serial_jtag.c.obj
[269/1163] Building C object esp-idf/lwip/CMakeFiles/__idf_lwip.dir/apps/dhcpserver/dhcpserver.c.obj
[270/1163] Building C object esp-idf/esp_phy/CMakeFiles/__idf_esp_phy.dir/src/lib_printf.c.obj
[271/1163] Building C object esp-idf/esp_phy/CMakeFiles/__idf_esp_phy.dir/esp32s3/phy_init_data.c.obj
[272/1163] Building C object esp-idf/vfs/CMakeFiles/__idf_vfs.dir/vfs_calls.c.obj
[273/1163] Building C object esp-idf/esp_phy/CMakeFiles/__idf_esp_phy.dir/src/phy_common.c.obj
[274/1163] Building C object esp-idf/esp_driver_usb_serial_jtag/CMakeFiles/__idf_esp_driver_usb_serial_jtag.dir/src/usb_serial_jtag_connection_monitor.c.obj
[275/1163] Building C object esp-idf/esp_phy/CMakeFiles/__idf_esp_phy.dir/src/btbb_init.c.obj
[276/1163] Building C object esp-idf/esp_phy/CMakeFiles/__idf_esp_phy.dir/src/phy_override.c.obj
[277/1163] Building CXX object esp-idf/nvs_flash/CMakeFiles/__idf_nvs_flash.dir/src/nvs_platform.cpp.obj
[278/1163] Building C object esp-idf/esp_driver_usb_serial_jtag/CMakeFiles/__idf_esp_driver_usb_serial_jtag.dir/src/usb_serial_jtag_vfs.c.obj
[279/1163] Building C object esp-idf/esp_phy/CMakeFiles/__idf_esp_phy.dir/src/phy_init.c.obj
[280/1163] Building C object esp-idf/nvs_flash/CMakeFiles/__idf_nvs_flash.dir/src/nvs_bootloader_aes.c.obj
[281/1163] Building C object esp-idf/nvs_flash/CMakeFiles/__idf_nvs_flash.dir/src/nvs_bootloader_xts_aes.c.obj
[282/1163] Linking C static library esp-idf\lwip\liblwip.a
[283/1163] Building C object esp-idf/nvs_flash/CMakeFiles/__idf_nvs_flash.dir/src/nvs_bootloader.c.obj
[284/1163] Building C object esp-idf/nvs_sec_provider/CMakeFiles/__idf_nvs_sec_provider.dir/nvs_sec_provider.c.obj
[285/1163] Building C object esp-idf/esp_driver_uart/CMakeFiles/__idf_esp_driver_uart.dir/src/uart_wakeup.c.obj
[286/1163] Building C object esp-idf/esp_event/CMakeFiles/__idf_esp_event.dir/default_event_loop.c.obj
[287/1163] Building CXX object esp-idf/nvs_flash/CMakeFiles/__idf_nvs_flash.dir/src/nvs_partition_lookup.cpp.obj
[288/1163] Building C object esp-idf/esp_event/CMakeFiles/__idf_esp_event.dir/esp_event_private.c.obj
[289/1163] Building CXX object esp-idf/nvs_flash/CMakeFiles/__idf_nvs_flash.dir/src/nvs_partition.cpp.obj
[290/1163] Linking C static library esp-idf\vfs\libvfs.a
[291/1163] Building C object esp-idf/esp_event/CMakeFiles/__idf_esp_event.dir/esp_event.c.obj
[292/1163] Building C object esp-idf/esp_psram/CMakeFiles/__idf_esp_psram.dir/system_layer/esp_psram_mspi.c.obj
[293/1163] Linking C static library esp-idf\esp_driver_usb_serial_jtag\libesp_driver_usb_serial_jtag.a
[294/1163] Building C object esp-idf/esp_psram/CMakeFiles/__idf_esp_psram.dir/esp32s3/esp_psram_impl_octal.c.obj
[295/1163] Building C object esp-idf/esp_psram/CMakeFiles/__idf_esp_psram.dir/system_layer/esp_psram.c.obj
[296/1163] Building C object esp-idf/esp_psram/CMakeFiles/__idf_esp_psram.dir/xip_impl/mmu_psram_flash.c.obj
[297/1163] Building C object esp-idf/esp_driver_uart/CMakeFiles/__idf_esp_driver_uart.dir/src/uhci.c.obj
[298/1163] Building C object esp-idf/esp_driver_uart/CMakeFiles/__idf_esp_driver_uart.dir/src/uart_vfs.c.obj
[299/1163] Building C object esp-idf/esp_timer/CMakeFiles/__idf_esp_timer.dir/src/esp_timer_init.c.obj
[300/1163] Linking C static library esp-idf\esp_phy\libesp_phy.a
[301/1163] Building C object esp-idf/esp_driver_uart/CMakeFiles/__idf_esp_driver_uart.dir/src/uart.c.obj
[302/1163] Building CXX object esp-idf/cxx/CMakeFiles/__idf_cxx.dir/cxx_init.cpp.obj
[303/1163] Building C object esp-idf/esp_ringbuf/CMakeFiles/__idf_esp_ringbuf.dir/ringbuf.c.obj
[304/1163] Building C object esp-idf/esp_timer/CMakeFiles/__idf_esp_timer.dir/src/system_time.c.obj
[305/1163] Building CXX object esp-idf/cxx/CMakeFiles/__idf_cxx.dir/cxx_exception_stubs.cpp.obj
[306/1163] Building C object esp-idf/esp_timer/CMakeFiles/__idf_esp_timer.dir/src/esp_timer_impl_common.c.obj
[307/1163] Building C object esp-idf/esp_timer/CMakeFiles/__idf_esp_timer.dir/src/ets_timer_legacy.c.obj
[308/1163] Building C object esp-idf/esp_timer/CMakeFiles/__idf_esp_timer.dir/src/esp_timer.c.obj
[309/1163] Building CXX object esp-idf/nvs_flash/CMakeFiles/__idf_nvs_flash.dir/src/nvs_item_hash_list.cpp.obj
[310/1163] Building C object esp-idf/esp_timer/CMakeFiles/__idf_esp_timer.dir/src/esp_timer_impl_systimer.c.obj
[311/1163] Building CXX object esp-idf/nvs_flash/CMakeFiles/__idf_nvs_flash.dir/src/nvs_pagemanager.cpp.obj
[312/1163] Building CXX object esp-idf/nvs_flash/CMakeFiles/__idf_nvs_flash.dir/src/nvs_handle_locked.cpp.obj
[313/1163] Building CXX object esp-idf/nvs_flash/CMakeFiles/__idf_nvs_flash.dir/src/nvs_cxx_api.cpp.obj
[314/1163] Building C object esp-idf/pthread/CMakeFiles/__idf_pthread.dir/pthread.c.obj
[315/1163] Building CXX object esp-idf/nvs_flash/CMakeFiles/__idf_nvs_flash.dir/src/nvs_handle_simple.cpp.obj
[316/1163] Building CXX object esp-idf/nvs_flash/CMakeFiles/__idf_nvs_flash.dir/src/nvs_page.cpp.obj
[317/1163] Building C object esp-idf/pthread/CMakeFiles/__idf_pthread.dir/pthread_cond_var.c.obj
[318/1163] Building CXX object esp-idf/nvs_flash/CMakeFiles/__idf_nvs_flash.dir/src/nvs_storage.cpp.obj
[319/1163] Building C object esp-idf/esp_libc/CMakeFiles/__idf_esp_libc.dir/src/init.c.obj
[320/1163] Building CXX object esp-idf/cxx/CMakeFiles/__idf_cxx.dir/cxx_guards.cpp.obj
[321/1163] Building CXX object esp-idf/nvs_flash/CMakeFiles/__idf_nvs_flash.dir/src/nvs_types.cpp.obj
[322/1163] Building C object esp-idf/esp_libc/CMakeFiles/__idf_esp_libc.dir/src/abort.c.obj
[323/1163] Building C object esp-idf/esp_libc/CMakeFiles/__idf_esp_libc.dir/src/assert.c.obj
[324/1163] Building C object esp-idf/pthread/CMakeFiles/__idf_pthread.dir/pthread_local_storage.c.obj
[325/1163] Building C object esp-idf/pthread/CMakeFiles/__idf_pthread.dir/pthread_semaphore.c.obj
[326/1163] Building C object esp-idf/esp_libc/CMakeFiles/__idf_esp_libc.dir/src/heap.c.obj
[327/1163] Building CXX object esp-idf/nvs_flash/CMakeFiles/__idf_nvs_flash.dir/src/nvs_partition_manager.cpp.obj
[328/1163] Building C object esp-idf/pthread/CMakeFiles/__idf_pthread.dir/pthread_rwlock.c.obj
[329/1163] Building CXX object esp-idf/nvs_flash/CMakeFiles/__idf_nvs_flash.dir/src/nvs_encrypted_partition.cpp.obj
[330/1163] Building C object esp-idf/esp_libc/CMakeFiles/__idf_esp_libc.dir/src/termios.c.obj
[331/1163] Building C object esp-idf/esp_libc/CMakeFiles/__idf_esp_libc.dir/src/getentropy.c.obj
[332/1163] Building C object esp-idf/esp_libc/CMakeFiles/__idf_esp_libc.dir/src/poll.c.obj
[333/1163] Building C object esp-idf/esp_libc/CMakeFiles/__idf_esp_libc.dir/src/pthread.c.obj
[334/1163] Building CXX object esp-idf/nvs_flash/CMakeFiles/__idf_nvs_flash.dir/src/nvs_api.cpp.obj
[335/1163] Building C object esp-idf/esp_libc/CMakeFiles/__idf_esp_libc.dir/src/random.c.obj
[336/1163] Building C object esp-idf/esp_libc/CMakeFiles/__idf_esp_libc.dir/src/locks.c.obj
[337/1163] Building C object esp-idf/esp_libc/CMakeFiles/__idf_esp_libc.dir/src/timekeeping.c.obj
[338/1163] Building C object esp-idf/esp_libc/CMakeFiles/__idf_esp_libc.dir/src/time.c.obj
[339/1163] Building C object esp-idf/esp_libc/CMakeFiles/__idf_esp_libc.dir/src/realpath.c.obj
[340/1163] Building C object esp-idf/esp_libc/CMakeFiles/__idf_esp_libc.dir/src/sysconf.c.obj
[341/1163] Building C object esp-idf/esp_libc/CMakeFiles/__idf_esp_libc.dir/src/stdatomic.c.obj
[342/1163] Building C object esp-idf/esp_libc/CMakeFiles/__idf_esp_libc.dir/src/picolibc/rand.c.obj
[343/1163] Building C object esp-idf/esp_libc/CMakeFiles/__idf_esp_libc.dir/src/scandir.c.obj
[344/1163] Linking C static library esp-idf\nvs_flash\libnvs_flash.a
[345/1163] Building C object esp-idf/esp_libc/CMakeFiles/__idf_esp_libc.dir/src/port/esp_time_impl.c.obj
[346/1163] Building C object esp-idf/esp_libc/CMakeFiles/__idf_esp_libc.dir/src/reent_syscalls.c.obj
[347/1163] Building C object esp-idf/esp_libc/CMakeFiles/__idf_esp_libc.dir/src/syscalls.c.obj
[348/1163] Building C object esp-idf/esp_libc/CMakeFiles/__idf_esp_libc.dir/src/picolibc/picolibc_init.c.obj
[349/1163] Building C object esp-idf/esp_libc/CMakeFiles/__idf_esp_libc.dir/src/port/xtensa/stdatomic_s32c1i.c.obj
[350/1163] Building C object esp-idf/esp_libc/CMakeFiles/__idf_esp_libc.dir/src/picolibc/open_memstream.c.obj
[351/1163] Building C object esp-idf/esp_libc/CMakeFiles/__idf_esp_libc.dir/src/picolibc/errno.c.obj
[352/1163] Building C object esp-idf/esp_libc/CMakeFiles/__idf_esp_libc.dir/src/picolibc/bufio_setvbuf.c.obj
[353/1163] Building C object esp-idf/esp_libc/CMakeFiles/__idf_esp_libc.dir/src/picolibc/fopencookie.c.obj
[354/1163] Building C object esp-idf/esp_libc/CMakeFiles/__idf_esp_libc.dir/src/picolibc/getreent.c.obj
[355/1163] Linking C static library esp-idf\nvs_sec_provider\libnvs_sec_provider.a
[356/1163] Building ASM object esp-idf/freertos/CMakeFiles/__idf_freertos.dir/FreeRTOS-Kernel/portable/xtensa/portasm.S.obj
[357/1163] Building C object esp-idf/freertos/CMakeFiles/__idf_freertos.dir/heap_idf.c.obj
[358/1163] Building C object esp-idf/freertos/CMakeFiles/__idf_freertos.dir/port_common.c.obj
[359/1163] Building C object esp-idf/freertos/CMakeFiles/__idf_freertos.dir/app_startup.c.obj
[360/1163] Building C object esp-idf/freertos/CMakeFiles/__idf_freertos.dir/FreeRTOS-Kernel/portable/xtensa/xtensa_init.c.obj
[361/1163] Linking C static library esp-idf\esp_event\libesp_event.a
[362/1163] Building C object esp-idf/freertos/CMakeFiles/__idf_freertos.dir/port_systick.c.obj
[363/1163] Building C object esp-idf/freertos/CMakeFiles/__idf_freertos.dir/FreeRTOS-Kernel/list.c.obj
[364/1163] Building C object esp-idf/freertos/CMakeFiles/__idf_freertos.dir/FreeRTOS-Kernel/portable/xtensa/xtensa_overlay_os_hook.c.obj
[365/1163] Building C object esp-idf/freertos/CMakeFiles/__idf_freertos.dir/FreeRTOS-Kernel/timers.c.obj
[366/1163] Building C object esp-idf/freertos/CMakeFiles/__idf_freertos.dir/FreeRTOS-Kernel/event_groups.c.obj
[367/1163] Building C object esp-idf/freertos/CMakeFiles/__idf_freertos.dir/FreeRTOS-Kernel/stream_buffer.c.obj
[368/1163] Building C object esp-idf/freertos/CMakeFiles/__idf_freertos.dir/FreeRTOS-Kernel/queue.c.obj
[369/1163] Building C object esp-idf/freertos/CMakeFiles/__idf_freertos.dir/FreeRTOS-Kernel/portable/xtensa/port.c.obj
[370/1163] Building C object esp-idf/freertos/CMakeFiles/__idf_freertos.dir/esp_additions/idf_additions_event_groups.c.obj
[371/1163] Building C object esp-idf/esp_hw_support/CMakeFiles/__idf_esp_hw_support.dir/port/esp32s3/esp_cpu_intr.c.obj
[372/1163] Building C object esp-idf/freertos/CMakeFiles/__idf_freertos.dir/esp_additions/idf_additions.c.obj
[373/1163] Building C object esp-idf/esp_hw_support/CMakeFiles/__idf_esp_hw_support.dir/revision.c.obj
[374/1163] Building C object esp-idf/esp_hw_support/CMakeFiles/__idf_esp_hw_support.dir/port/esp32s3/cpu_region_protect.c.obj
[375/1163] Linking C static library esp-idf\esp_driver_uart\libesp_driver_uart.a
[376/1163] Building C object esp-idf/esp_hw_support/CMakeFiles/__idf_esp_hw_support.dir/cpu.c.obj
[377/1163] Building C object esp-idf/esp_hw_support/CMakeFiles/__idf_esp_hw_support.dir/clk_ctrl_os.c.obj
[378/1163] Building C object esp-idf/esp_hw_support/CMakeFiles/__idf_esp_hw_support.dir/esp_memory_utils.c.obj
[379/1163] Building C object esp-idf/freertos/CMakeFiles/__idf_freertos.dir/FreeRTOS-Kernel/tasks.c.obj
[380/1163] Building C object esp-idf/esp_hw_support/CMakeFiles/__idf_esp_hw_support.dir/mac_addr.c.obj
[381/1163] Building C object esp-idf/esp_hw_support/CMakeFiles/__idf_esp_hw_support.dir/esp_gpio_reserve.c.obj
[382/1163] Building C object esp-idf/esp_hw_support/CMakeFiles/__idf_esp_hw_support.dir/hw_random.c.obj
[383/1163] Linking C static library esp-idf\esp_psram\libesp_psram.a
[384/1163] Building C object esp-idf/esp_hw_support/CMakeFiles/__idf_esp_hw_support.dir/periph_ctrl.c.obj
[385/1163] Building C object esp-idf/esp_hw_support/CMakeFiles/__idf_esp_hw_support.dir/regi2c_ctrl.c.obj
[386/1163] Building C object esp-idf/esp_hw_support/CMakeFiles/__idf_esp_hw_support.dir/esp_clk.c.obj
[387/1163] Building C object esp-idf/esp_hw_support/CMakeFiles/__idf_esp_hw_support.dir/intr_alloc.c.obj
[388/1163] Building C object esp-idf/esp_hw_support/CMakeFiles/__idf_esp_hw_support.dir/rtc_module.c.obj
[389/1163] Linking C static library esp-idf\esp_ringbuf\libesp_ringbuf.a
[390/1163] Building C object esp-idf/esp_hw_support/CMakeFiles/__idf_esp_hw_support.dir/sar_periph_ctrl_common.c.obj
[391/1163] Building C object esp-idf/esp_hw_support/CMakeFiles/__idf_esp_hw_support.dir/port/esp32s3/io_mux.c.obj
[392/1163] Building C object esp-idf/esp_hw_support/CMakeFiles/__idf_esp_hw_support.dir/port/esp32s3/esp_clk_tree.c.obj
[393/1163] Building C object esp-idf/esp_hw_support/CMakeFiles/__idf_esp_hw_support.dir/io_mux.c.obj
[394/1163] Building C object esp-idf/esp_hw_support/CMakeFiles/__idf_esp_hw_support.dir/sar_tsens_ctrl.c.obj
[395/1163] Building C object esp-idf/esp_hw_support/CMakeFiles/__idf_esp_hw_support.dir/sleep_mspi.c.obj
[396/1163] Building C object esp-idf/esp_hw_support/CMakeFiles/__idf_esp_hw_support.dir/heap_align_hw.c.obj
[397/1163] Building C object esp-idf/esp_hw_support/CMakeFiles/__idf_esp_hw_support.dir/sleep_cache.c.obj
[398/1163] Building C object esp-idf/esp_hw_support/CMakeFiles/__idf_esp_hw_support.dir/clk_utils.c.obj
[399/1163] Linking C static library esp-idf\esp_timer\libesp_timer.a
[400/1163] Building C object esp-idf/esp_hw_support/CMakeFiles/__idf_esp_hw_support.dir/spi_share_hw_ctrl.c.obj
[401/1163] Building C object esp-idf/esp_hw_support/CMakeFiles/__idf_esp_hw_support.dir/sleep_usb.c.obj
[402/1163] Building C object esp-idf/esp_hw_support/CMakeFiles/__idf_esp_hw_support.dir/spi_bus_lock.c.obj
[403/1163] Building C object esp-idf/esp_hw_support/CMakeFiles/__idf_esp_hw_support.dir/port/esp32s3/systimer.c.obj
[404/1163] Building C object esp-idf/esp_hw_support/CMakeFiles/__idf_esp_hw_support.dir/sleep_modem.c.obj
[405/1163] Building C object esp-idf/esp_hw_support/CMakeFiles/__idf_esp_hw_support.dir/port/esp_clk_tree_common.c.obj
[406/1163] Building C object esp-idf/esp_hw_support/CMakeFiles/__idf_esp_hw_support.dir/adc_share_hw_ctrl.c.obj
[407/1163] Building C object esp-idf/esp_hw_support/CMakeFiles/__idf_esp_hw_support.dir/sleep_console.c.obj
[408/1163] Building C object esp-idf/esp_hw_support/CMakeFiles/__idf_esp_hw_support.dir/usb_phy/usb_phy.c.obj
[409/1163] Building C object esp-idf/esp_hw_support/CMakeFiles/__idf_esp_hw_support.dir/sleep_uart.c.obj
[410/1163] Linking C static library esp-idf\cxx\libcxx.a
[411/1163] Building C object esp-idf/esp_hw_support/CMakeFiles/__idf_esp_hw_support.dir/sleep_event.c.obj
[412/1163] Building C object esp-idf/esp_hw_support/CMakeFiles/__idf_esp_hw_support.dir/mspi/mspi_intr/mspi_intr.c.obj
[413/1163] Building C object esp-idf/esp_hw_support/CMakeFiles/__idf_esp_hw_support.dir/mspi/mspi_timing_tuning/mspi_timing_tuning.c.obj
[414/1163] Building C object esp-idf/esp_hw_support/CMakeFiles/__idf_esp_hw_support.dir/sleep_gpio.c.obj
[415/1163] Linking C static library esp-idf\pthread\libpthread.a
[416/1163] Building C object esp-idf/esp_hw_support/CMakeFiles/__idf_esp_hw_support.dir/port/esp32s3/rtc_clk_init.c.obj
[417/1163] Building C object esp-idf/esp_hw_support/CMakeFiles/__idf_esp_hw_support.dir/port/esp32s3/rtc_init.c.obj
[418/1163] Building C object esp-idf/esp_hw_support/CMakeFiles/__idf_esp_hw_support.dir/port/esp32s3/rtc_clk.c.obj
[419/1163] Building C object esp-idf/esp_hw_support/CMakeFiles/__idf_esp_hw_support.dir/sleep_wake_stub.c.obj
[420/1163] Building C object esp-idf/esp_hal_touch_sens/CMakeFiles/__idf_esp_hal_touch_sens.dir/esp32s3/touch_sensor_periph.c.obj
[421/1163] Building C object esp-idf/esp_hw_support/CMakeFiles/__idf_esp_hw_support.dir/esp_clock_output.c.obj
[422/1163] Building C object esp-idf/esp_hw_support/CMakeFiles/__idf_esp_hw_support.dir/port/esp_memprot_conv.c.obj
[423/1163] Building C object esp-idf/esp_hw_support/CMakeFiles/__idf_esp_hw_support.dir/port/esp32s3/chip_info.c.obj
[424/1163] Building C object esp-idf/esp_hw_support/CMakeFiles/__idf_esp_hw_support.dir/power_supply/brownout.c.obj
[425/1163] Building C object esp-idf/esp_hal_touch_sens/CMakeFiles/__idf_esp_hal_touch_sens.dir/esp32s3/touch_sensor_legacy_hal.c.obj
[426/1163] Building C object esp-idf/esp_hw_support/CMakeFiles/__idf_esp_hw_support.dir/port/esp32s3/rtc_time.c.obj
[427/1163] Building C object esp-idf/esp_hal_touch_sens/CMakeFiles/__idf_esp_hal_touch_sens.dir/touch_sens_hal.c.obj
[428/1163] Building C object esp-idf/esp_hal_touch_sens/CMakeFiles/__idf_esp_hal_touch_sens.dir/touch_sensor_legacy_hal.c.obj
[429/1163] Building C object esp-idf/esp_hw_support/CMakeFiles/__idf_esp_hw_support.dir/port/esp32s3/rtc_sleep.c.obj
[430/1163] Building C object esp-idf/esp_hal_systimer/CMakeFiles/__idf_esp_hal_systimer.dir/systimer_hal.c.obj
[431/1163] Building C object esp-idf/esp_hal_usb/CMakeFiles/__idf_esp_hal_usb.dir/esp32s3/usb_dwc_periph.c.obj
[432/1163] Linking C static library esp-idf\esp_libc\libesp_libc.a
[433/1163] Building C object esp-idf/esp_hw_support/CMakeFiles/__idf_esp_hw_support.dir/sleep_modes.c.obj
[434/1163] Building C object esp-idf/esp_hw_support/CMakeFiles/__idf_esp_hw_support.dir/mspi/mspi_timing_tuning/port/esp32s3/mspi_timing_config.c.obj
[435/1163] Building C object esp-idf/esp_hal_pmu/CMakeFiles/__idf_esp_hal_pmu.dir/brownout_hal.c.obj
[436/1163] Building C object esp-idf/esp_hal_pmu/CMakeFiles/__idf_esp_hal_pmu.dir/esp32s3/rtc_cntl_hal.c.obj
[437/1163] Building C object esp-idf/esp_hw_support/CMakeFiles/__idf_esp_hw_support.dir/port/esp32s3/sar_periph_ctrl.c.obj
[438/1163] Building C object esp-idf/esp_hal_usb/CMakeFiles/__idf_esp_hal_usb.dir/usb_dwc_hal.c.obj
[439/1163] Building C object esp-idf/esp_hal_usb/CMakeFiles/__idf_esp_hal_usb.dir/usb_wrap_hal.c.obj
[440/1163] Building C object esp-idf/esp_hal_usb/CMakeFiles/__idf_esp_hal_usb.dir/usb_serial_jtag_hal.c.obj
[441/1163] Building C object esp-idf/esp_hal_gpio/CMakeFiles/__idf_esp_hal_gpio.dir/gpio_hal.c.obj
[442/1163] Building C object esp-idf/esp_hw_support/CMakeFiles/__idf_esp_hw_support.dir/port/esp32s3/esp_memprot.c.obj
[443/1163] Building C object esp-idf/esp_hw_support/CMakeFiles/__idf_esp_hw_support.dir/mspi/mspi_timing_tuning/port/esp32s3/mspi_timing_by_mspi_delay.c.obj
[444/1163] Building C object esp-idf/esp_hw_support/CMakeFiles/__idf_esp_hw_support.dir/lowpower/port/esp32s3/sleep_cpu.c.obj
[445/1163] Building C object esp-idf/esp_hal_gpio/CMakeFiles/__idf_esp_hal_gpio.dir/rtc_io_hal.c.obj
[446/1163] Building C object esp-idf/esp_hal_gpio/CMakeFiles/__idf_esp_hal_gpio.dir/esp32s3/dedic_gpio_periph.c.obj
[447/1163] Building C object esp-idf/esp_hal_gpio/CMakeFiles/__idf_esp_hal_gpio.dir/esp32s3/rtc_io_periph.c.obj
[448/1163] Linking C static library esp-idf\freertos\libfreertos.a
[449/1163] Building C object esp-idf/esp_hal_gpio/CMakeFiles/__idf_esp_hal_gpio.dir/esp32s3/sdm_periph.c.obj
[450/1163] Building C object esp-idf/esp_hal_gpio/CMakeFiles/__idf_esp_hal_gpio.dir/sdm_hal.c.obj
[451/1163] Building C object esp-idf/soc/CMakeFiles/__idf_soc.dir/esp32s3/interrupts.c.obj
[452/1163] Building C object esp-idf/soc/CMakeFiles/__idf_soc.dir/esp32s3/mpi_periph.c.obj
[453/1163] Building C object esp-idf/soc/CMakeFiles/__idf_soc.dir/esp32s3/power_supply_periph.c.obj
[454/1163] Building C object esp-idf/soc/CMakeFiles/__idf_soc.dir/esp32s3/gpio_periph.c.obj
[455/1163] Building C object esp-idf/soc/CMakeFiles/__idf_soc.dir/dport_access_common.c.obj
[456/1163] Building C object esp-idf/soc/CMakeFiles/__idf_soc.dir/lldesc.c.obj
[457/1163] Building C object esp-idf/heap/CMakeFiles/__idf_heap.dir/port/memory_layout_utils.c.obj
[458/1163] Linking C static library esp-idf\esp_hw_support\libesp_hw_support.a
[459/1163] Building C object esp-idf/log/CMakeFiles/__idf_log.dir/src/buffer/log_buffers.c.obj
[460/1163] Building C object esp-idf/heap/CMakeFiles/__idf_heap.dir/port/esp32s3/memory_layout.c.obj
[461/1163] Building C object esp-idf/heap/CMakeFiles/__idf_heap.dir/heap_caps_base.c.obj
[462/1163] Building C object esp-idf/heap/CMakeFiles/__idf_heap.dir/heap_caps_init.c.obj
[463/1163] Building C object esp-idf/heap/CMakeFiles/__idf_heap.dir/multi_heap.c.obj
[464/1163] Building C object esp-idf/log/CMakeFiles/__idf_log.dir/src/os/log_timestamp.c.obj
[465/1163] Building C object esp-idf/log/CMakeFiles/__idf_log.dir/src/log_timestamp_common.c.obj
[466/1163] Building C object esp-idf/heap/CMakeFiles/__idf_heap.dir/heap_caps.c.obj
[467/1163] Building C object esp-idf/log/CMakeFiles/__idf_log.dir/src/os/log_lock.c.obj
[468/1163] Building C object esp-idf/log/CMakeFiles/__idf_log.dir/src/log_format_text.c.obj
[469/1163] Building C object esp-idf/log/CMakeFiles/__idf_log.dir/src/util.c.obj
[470/1163] Building C object esp-idf/heap/CMakeFiles/__idf_heap.dir/tlsf/tlsf.c.obj
[471/1163] Building C object esp-idf/log/CMakeFiles/__idf_log.dir/src/log.c.obj
[472/1163] Building C object esp-idf/hal/CMakeFiles/__idf_hal.dir/hal_utils.c.obj
[473/1163] Linking C static library esp-idf\esp_hal_touch_sens\libesp_hal_touch_sens.a
[474/1163] Building C object esp-idf/log/CMakeFiles/__idf_log.dir/src/log_level/log_level.c.obj
[475/1163] Building C object esp-idf/log/CMakeFiles/__idf_log.dir/src/log_print.c.obj
[476/1163] Building C object esp-idf/log/CMakeFiles/__idf_log.dir/src/log_level/tag_log_level/tag_log_level.c.obj
[477/1163] Building C object esp-idf/log/CMakeFiles/__idf_log.dir/src/os/log_write.c.obj
[478/1163] Building C object esp-idf/hal/CMakeFiles/__idf_hal.dir/efuse_hal.c.obj
[479/1163] Building C object esp-idf/log/CMakeFiles/__idf_log.dir/src/log_level/tag_log_level/linked_list/log_linked_list.c.obj
[480/1163] Building C object esp-idf/log/CMakeFiles/__idf_log.dir/src/os/util.c.obj
[481/1163] Building C object esp-idf/log/CMakeFiles/__idf_log.dir/src/log_level/tag_log_level/cache/log_binary_heap.c.obj
[482/1163] Building C object esp-idf/hal/CMakeFiles/__idf_hal.dir/color_hal.c.obj
[483/1163] Linking C static library esp-idf\esp_hal_systimer\libesp_hal_systimer.a
[484/1163] Building C object esp-idf/esp_rom/CMakeFiles/__idf_esp_rom.dir/patches/esp_rom_crc.c.obj
[485/1163] Building C object esp-idf/esp_rom/CMakeFiles/__idf_esp_rom.dir/patches/esp_rom_sys.c.obj
[486/1163] Building C object esp-idf/hal/CMakeFiles/__idf_hal.dir/esp32s3/efuse_hal.c.obj
[487/1163] Building C object esp-idf/esp_rom/CMakeFiles/__idf_esp_rom.dir/patches/esp_rom_print.c.obj
[488/1163] Building C object esp-idf/hal/CMakeFiles/__idf_hal.dir/mmu_hal.c.obj
[489/1163] Building C object esp-idf/hal/CMakeFiles/__idf_hal.dir/cache_hal.c.obj
[490/1163] Building ASM object esp-idf/esp_rom/CMakeFiles/__idf_esp_rom.dir/patches/esp_rom_longjmp.S.obj
[491/1163] Building ASM object esp-idf/esp_rom/CMakeFiles/__idf_esp_rom.dir/patches/esp_rom_cache_writeback_esp32s3.S.obj
[492/1163] Linking C static library esp-idf\esp_hal_pmu\libesp_hal_pmu.a
[493/1163] Building C object esp-idf/esp_rom/CMakeFiles/__idf_esp_rom.dir/patches/esp_rom_efuse.c.obj
[494/1163] Building C object esp-idf/esp_rom/CMakeFiles/__idf_esp_rom.dir/patches/esp_rom_gpio.c.obj
[495/1163] Building C object esp-idf/esp_rom/CMakeFiles/__idf_esp_rom.dir/patches/esp_rom_spiflash.c.obj
[496/1163] Building C object esp-idf/esp_rom/CMakeFiles/__idf_esp_rom.dir/patches/esp_rom_cache_esp32s2_esp32s3.c.obj
[497/1163] Building C object esp-idf/esp_rom/CMakeFiles/__idf_esp_rom.dir/patches/esp_rom_serial_output.c.obj
[498/1163] Building C object esp-idf/esp_system/CMakeFiles/__idf_esp_system.dir/esp_err.c.obj
[499/1163] Linking C static library esp-idf\esp_hal_usb\libesp_hal_usb.a
[500/1163] Building C object esp-idf/esp_system/CMakeFiles/__idf_esp_system.dir/crosscore_int.c.obj
[501/1163] Building C object esp-idf/esp_system/CMakeFiles/__idf_esp_system.dir/esp_system.c.obj
[502/1163] Building C object esp-idf/esp_system/CMakeFiles/__idf_esp_system.dir/startup.c.obj
[503/1163] Building C object esp-idf/esp_system/CMakeFiles/__idf_esp_system.dir/esp_ipc.c.obj
[504/1163] Building C object esp-idf/esp_system/CMakeFiles/__idf_esp_system.dir/freertos_hooks.c.obj
[505/1163] Building C object esp-idf/esp_system/CMakeFiles/__idf_esp_system.dir/system_time.c.obj
[506/1163] Building C object esp-idf/esp_system/CMakeFiles/__idf_esp_system.dir/stack_check.c.obj
[507/1163] Building C object esp-idf/esp_system/CMakeFiles/__idf_esp_system.dir/panic.c.obj
[508/1163] Building C object esp-idf/esp_system/CMakeFiles/__idf_esp_system.dir/ubsan.c.obj
[509/1163] Linking C static library esp-idf\esp_hal_gpio\libesp_hal_gpio.a
[510/1163] Building ASM object esp-idf/esp_system/CMakeFiles/__idf_esp_system.dir/port/arch/xtensa/esp_ipc_isr_handler.S.obj
[511/1163] Building ASM object esp-idf/esp_system/CMakeFiles/__idf_esp_system.dir/port/arch/xtensa/esp_ipc_isr_routines.S.obj
[512/1163] Building C object esp-idf/esp_system/CMakeFiles/__idf_esp_system.dir/int_wdt.c.obj
[513/1163] Building C object esp-idf/esp_system/CMakeFiles/__idf_esp_system.dir/xt_wdt.c.obj
[514/1163] Building C object esp-idf/esp_system/CMakeFiles/__idf_esp_system.dir/startup_funcs.c.obj
[515/1163] Building ASM object esp-idf/esp_system/CMakeFiles/__idf_esp_system.dir/port/arch/xtensa/panic_handler_asm.S.obj
[516/1163] Building C object esp-idf/esp_system/CMakeFiles/__idf_esp_system.dir/task_wdt/task_wdt.c.obj
[517/1163] Building C object esp-idf/esp_system/CMakeFiles/__idf_esp_system.dir/port/panic_handler.c.obj
[518/1163] Building C object esp-idf/esp_system/CMakeFiles/__idf_esp_system.dir/task_wdt/task_wdt_impl_timergroup.c.obj
[519/1163] Building ASM object esp-idf/esp_system/CMakeFiles/__idf_esp_system.dir/port/arch/xtensa/expression_with_stack_asm.S.obj
[520/1163] Building C object esp-idf/esp_system/CMakeFiles/__idf_esp_system.dir/port/arch/xtensa/esp_ipc_isr_port.c.obj
[521/1163] Building ASM object esp-idf/esp_system/CMakeFiles/__idf_esp_system.dir/port/arch/xtensa/debug_helpers_asm.S.obj
[522/1163] Linking C static library esp-idf\soc\libsoc.a
[523/1163] Building C object esp-idf/esp_system/CMakeFiles/__idf_esp_system.dir/port/esp_system_chip.c.obj
[524/1163] Building C object esp-idf/esp_system/CMakeFiles/__idf_esp_system.dir/port/image_process.c.obj
[525/1163] Building C object esp-idf/esp_system/CMakeFiles/__idf_esp_system.dir/port/esp_ipc_isr.c.obj
[526/1163] Building C object esp-idf/esp_system/CMakeFiles/__idf_esp_system.dir/port/arch/xtensa/panic_arch.c.obj
[527/1163] Building C object esp-idf/esp_system/CMakeFiles/__idf_esp_system.dir/port/arch/xtensa/expression_with_stack.c.obj
[528/1163] Building C object esp-idf/esp_system/CMakeFiles/__idf_esp_system.dir/port/arch/xtensa/debug_helpers.c.obj
[529/1163] Building ASM object esp-idf/esp_system/CMakeFiles/__idf_esp_system.dir/port/soc/esp32s3/highint_hdl.S.obj
[530/1163] Building C object esp-idf/esp_system/CMakeFiles/__idf_esp_system.dir/port/arch/xtensa/debug_stubs.c.obj
[531/1163] Linking C static library esp-idf\heap\libheap.a
[532/1163] Building C object esp-idf/esp_system/CMakeFiles/__idf_esp_system.dir/port/cpu_start.c.obj
[533/1163] Building C object esp-idf/esp_system/CMakeFiles/__idf_esp_system.dir/port/soc/esp32s3/reset_reason.c.obj
[534/1163] Building C object esp-idf/esp_system/CMakeFiles/__idf_esp_system.dir/port/arch/xtensa/trax.c.obj
[535/1163] Building C object esp-idf/spi_flash/CMakeFiles/__idf_spi_flash.dir/flash_brownout_hook.c.obj
[536/1163] Building C object esp-idf/esp_system/CMakeFiles/__idf_esp_system.dir/port/soc/esp32s3/apb_backup_dma.c.obj
[537/1163] Building C object esp-idf/esp_system/CMakeFiles/__idf_esp_system.dir/port/soc/esp32s3/cache_err_int.c.obj
[538/1163] Linking C static library esp-idf\log\liblog.a
[539/1163] Building C object esp-idf/spi_flash/CMakeFiles/__idf_spi_flash.dir/spi_flash_chip_issi.c.obj
[540/1163] Building C object esp-idf/esp_system/CMakeFiles/__idf_esp_system.dir/port/soc/esp32s3/system_internal.c.obj
[541/1163] Building C object esp-idf/spi_flash/CMakeFiles/__idf_spi_flash.dir/spi_flash_chip_drivers.c.obj
[542/1163] Building C object esp-idf/spi_flash/CMakeFiles/__idf_spi_flash.dir/esp32s3/spi_flash_oct_flash_init.c.obj
[543/1163] Building C object esp-idf/esp_common/CMakeFiles/__idf_esp_common.dir/src/esp_err_to_name.c.obj
[544/1163] Building C object esp-idf/esp_system/CMakeFiles/__idf_esp_system.dir/port/soc/esp32s3/clk.c.obj
[545/1163] Building C object esp-idf/spi_flash/CMakeFiles/__idf_spi_flash.dir/spi_flash_hpm_enable.c.obj
[546/1163] Building C object esp-idf/spi_flash/CMakeFiles/__idf_spi_flash.dir/spi_flash_chip_boya.c.obj
[547/1163] Building C object esp-idf/spi_flash/CMakeFiles/__idf_spi_flash.dir/spi_flash_chip_mxic.c.obj
[548/1163] Building C object esp-idf/spi_flash/CMakeFiles/__idf_spi_flash.dir/spi_flash_chip_gd.c.obj
[549/1163] Building C object esp-idf/spi_flash/CMakeFiles/__idf_spi_flash.dir/spi_flash_chip_winbond.c.obj
[550/1163] Building C object esp-idf/spi_flash/CMakeFiles/__idf_spi_flash.dir/spi_flash_chip_th.c.obj
[551/1163] Building C object esp-idf/spi_flash/CMakeFiles/__idf_spi_flash.dir/spi_flash_blockdev.c.obj
[552/1163] Building C object esp-idf/spi_flash/CMakeFiles/__idf_spi_flash.dir/memspi_host_driver.c.obj
[553/1163] Building C object esp-idf/spi_flash/CMakeFiles/__idf_spi_flash.dir/spi_flash_chip_mxic_opi.c.obj
[554/1163] Building C object esp-idf/spi_flash/CMakeFiles/__idf_spi_flash.dir/spi_flash_chip_generic.c.obj
[555/1163] Linking C static library esp-idf\hal\libhal.a
[556/1163] Building C object esp-idf/spi_flash/CMakeFiles/__idf_spi_flash.dir/spi_flash_wrap.c.obj
[557/1163] Building C object esp-idf/spi_flash/CMakeFiles/__idf_spi_flash.dir/flash_mmap.c.obj
[558/1163] Building C object esp-idf/spi_flash/CMakeFiles/__idf_spi_flash.dir/cache_utils.c.obj
[559/1163] Building C object esp-idf/spi_flash/CMakeFiles/__idf_spi_flash.dir/flash_ops.c.obj
[560/1163] Building C object esp-idf/spi_flash/CMakeFiles/__idf_spi_flash.dir/spi_flash_os_func_noos.c.obj
[561/1163] Linking C static library esp-idf\esp_rom\libesp_rom.a
[562/1163] Building C object esp-idf/bootloader_support/CMakeFiles/__idf_bootloader_support.dir/src/bootloader_clock_init.c.obj
[563/1163] Building C object esp-idf/spi_flash/CMakeFiles/__idf_spi_flash.dir/spi_flash_os_func_app.c.obj
[564/1163] Building C object esp-idf/bootloader_support/CMakeFiles/__idf_bootloader_support.dir/src/bootloader_mem.c.obj
[565/1163] Building C object esp-idf/spi_flash/CMakeFiles/__idf_spi_flash.dir/esp_flash_api.c.obj
[566/1163] Building C object esp-idf/spi_flash/CMakeFiles/__idf_spi_flash.dir/esp_flash_spi_init.c.obj
[567/1163] Building C object esp-idf/bootloader_support/CMakeFiles/__idf_bootloader_support.dir/src/bootloader_common_loader.c.obj
[568/1163] Building C object esp-idf/bootloader_support/CMakeFiles/__idf_bootloader_support.dir/src/bootloader_common.c.obj
[569/1163] Building C object esp-idf/bootloader_support/CMakeFiles/__idf_bootloader_support.dir/src/bootloader_random.c.obj
[570/1163] Linking C static library esp-idf\esp_common\libesp_common.a
[571/1163] Building C object esp-idf/bootloader_support/CMakeFiles/__idf_bootloader_support.dir/src/bootloader_efuse.c.obj
[572/1163] Building C object esp-idf/esp_hal_ana_conv/CMakeFiles/__idf_esp_hal_ana_conv.dir/esp32s3/adc_periph.c.obj
[573/1163] Building C object esp-idf/bootloader_support/CMakeFiles/__idf_bootloader_support.dir/src/secure_boot.c.obj
[574/1163] Building C object esp-idf/bootloader_support/CMakeFiles/__idf_bootloader_support.dir/src/flash_encrypt.c.obj
[575/1163] Building C object esp-idf/esp_hal_wdt/CMakeFiles/__idf_esp_hal_wdt.dir/esp32s3/mwdt_periph.c.obj
[576/1163] Building C object esp-idf/bootloader_support/CMakeFiles/__idf_bootloader_support.dir/src/bootloader_random_esp32s3.c.obj
[577/1163] Building C object esp-idf/bootloader_support/CMakeFiles/__idf_bootloader_support.dir/src/flash_partitions.c.obj
[578/1163] Building C object esp-idf/esp_hal_ana_conv/CMakeFiles/__idf_esp_hal_ana_conv.dir/esp32s3/temperature_sensor_periph.c.obj
[579/1163] Building C object esp-idf/bootloader_support/CMakeFiles/__idf_bootloader_support.dir/bootloader_flash/src/bootloader_flash.c.obj
[580/1163] Building C object esp-idf/esp_hal_ana_conv/CMakeFiles/__idf_esp_hal_ana_conv.dir/adc_oneshot_hal.c.obj
[581/1163] Building C object esp-idf/esp_hal_ana_conv/CMakeFiles/__idf_esp_hal_ana_conv.dir/temperature_sensor_hal.c.obj
[582/1163] Building C object esp-idf/bootloader_support/CMakeFiles/__idf_bootloader_support.dir/src/esp32s3/secure_boot_secure_features.c.obj
[583/1163] Building C object esp-idf/bootloader_support/CMakeFiles/__idf_bootloader_support.dir/bootloader_flash/src/flash_qio_mode.c.obj
[584/1163] Building C object esp-idf/bootloader_support/CMakeFiles/__idf_bootloader_support.dir/bootloader_flash/src/bootloader_flash_config_esp32s3.c.obj
[585/1163] Building C object esp-idf/esp_hal_ana_conv/CMakeFiles/__idf_esp_hal_ana_conv.dir/adc_hal_common.c.obj
[586/1163] Building C object esp-idf/esp_hal_ana_conv/CMakeFiles/__idf_esp_hal_ana_conv.dir/adc_hal.c.obj
[587/1163] Building C object esp-idf/esp_hal_timg/CMakeFiles/__idf_esp_hal_timg.dir/timer_hal.c.obj
[588/1163] Building C object esp-idf/esp_hal_wdt/CMakeFiles/__idf_esp_hal_wdt.dir/xt_wdt_hal.c.obj
[589/1163] Building C object esp-idf/esp_hal_wdt/CMakeFiles/__idf_esp_hal_wdt.dir/rom_patch.c.obj
[590/1163] Linking C static library esp-idf\esp_system\libesp_system.a
[591/1163] Building C object esp-idf/mbedtls/mbedtls/tf-psa-crypto/drivers/everest/CMakeFiles/everest.dir/library/x25519.c.obj
[592/1163] Building C object esp-idf/bootloader_support/CMakeFiles/__idf_bootloader_support.dir/src/esp_image_format.c.obj
[593/1163] Building C object esp-idf/bootloader_support/CMakeFiles/__idf_bootloader_support.dir/src/bootloader_utility.c.obj
[594/1163] Building C object esp-idf/esp_hal_timg/CMakeFiles/__idf_esp_hal_timg.dir/esp32s3/timer_periph.c.obj
[595/1163] Building C object esp-idf/mbedtls/mbedtls/tf-psa-crypto/drivers/everest/CMakeFiles/everest.dir/library/Hacl_Curve25519_joined.c.obj
[596/1163] Building C object esp-idf/bootloader_support/CMakeFiles/__idf_bootloader_support.dir/src/bootloader_sha.c.obj
[597/1163] Building C object esp-idf/mbedtls/mbedtls/tf-psa-crypto/drivers/builtin/CMakeFiles/builtin.dir/src/aria.c.obj
[598/1163] Building C object esp-idf/mbedtls/mbedtls/tf-psa-crypto/drivers/builtin/CMakeFiles/builtin.dir/src/aesni.c.obj
[599/1163] Building C object esp-idf/mbedtls/mbedtls/tf-psa-crypto/drivers/builtin/CMakeFiles/builtin.dir/src/aesce.c.obj
[600/1163] Building C object esp-idf/mbedtls/mbedtls/tf-psa-crypto/drivers/builtin/CMakeFiles/builtin.dir/src/bignum_mod.c.obj
[601/1163] Building C object esp-idf/mbedtls/mbedtls/tf-psa-crypto/drivers/builtin/CMakeFiles/builtin.dir/src/bignum_mod_raw.c.obj
[602/1163] Building C object esp-idf/mbedtls/mbedtls/tf-psa-crypto/drivers/builtin/CMakeFiles/builtin.dir/src/block_cipher.c.obj
[603/1163] Linking C static library esp-idf\spi_flash\libspi_flash.a
[604/1163] Building C object esp-idf/mbedtls/mbedtls/tf-psa-crypto/drivers/builtin/CMakeFiles/builtin.dir/src/aes.c.obj
[605/1163] Building C object esp-idf/mbedtls/mbedtls/tf-psa-crypto/drivers/builtin/CMakeFiles/builtin.dir/src/chacha20.c.obj
[606/1163] Building C object esp-idf/mbedtls/mbedtls/tf-psa-crypto/drivers/builtin/CMakeFiles/builtin.dir/src/camellia.c.obj
[607/1163] Building C object esp-idf/mbedtls/mbedtls/tf-psa-crypto/drivers/builtin/CMakeFiles/builtin.dir/src/chachapoly.c.obj
[608/1163] Building C object esp-idf/mbedtls/mbedtls/tf-psa-crypto/drivers/builtin/CMakeFiles/builtin.dir/src/chacha20_neon.c.obj
[609/1163] Building C object esp-idf/mbedtls/mbedtls/tf-psa-crypto/drivers/builtin/CMakeFiles/builtin.dir/src/bignum_core.c.obj
[610/1163] Building C object esp-idf/mbedtls/mbedtls/tf-psa-crypto/drivers/builtin/CMakeFiles/builtin.dir/src/ecjpake.c.obj
[611/1163] Linking C static library esp-idf\bootloader_support\libbootloader_support.a
[612/1163] Building C object esp-idf/mbedtls/mbedtls/tf-psa-crypto/drivers/builtin/CMakeFiles/builtin.dir/src/ccm.c.obj
[613/1163] Building C object esp-idf/mbedtls/mbedtls/tf-psa-crypto/drivers/builtin/CMakeFiles/builtin.dir/src/entropy_poll.c.obj
[614/1163] Building C object esp-idf/mbedtls/mbedtls/tf-psa-crypto/drivers/builtin/CMakeFiles/builtin.dir/src/ecp_curves_new.c.obj
[615/1163] Building C object esp-idf/mbedtls/mbedtls/tf-psa-crypto/drivers/builtin/CMakeFiles/builtin.dir/src/entropy.c.obj
[616/1163] Building C object esp-idf/mbedtls/mbedtls/tf-psa-crypto/drivers/builtin/CMakeFiles/builtin.dir/src/cmac.c.obj
[617/1163] Building C object esp-idf/mbedtls/mbedtls/tf-psa-crypto/drivers/builtin/CMakeFiles/builtin.dir/src/md5.c.obj
[618/1163] Building C object esp-idf/mbedtls/mbedtls/tf-psa-crypto/drivers/builtin/CMakeFiles/builtin.dir/src/cipher_wrap.c.obj
[619/1163] Building C object esp-idf/mbedtls/mbedtls/tf-psa-crypto/drivers/builtin/CMakeFiles/builtin.dir/src/bignum.c.obj
[620/1163] Building C object esp-idf/mbedtls/mbedtls/tf-psa-crypto/drivers/builtin/CMakeFiles/builtin.dir/src/cipher.c.obj
[621/1163] Building C object esp-idf/mbedtls/mbedtls/tf-psa-crypto/drivers/builtin/CMakeFiles/builtin.dir/src/ecdsa.c.obj
[622/1163] Building C object esp-idf/mbedtls/mbedtls/tf-psa-crypto/drivers/builtin/CMakeFiles/builtin.dir/src/poly1305.c.obj
[623/1163] Building C object esp-idf/mbedtls/mbedtls/tf-psa-crypto/drivers/builtin/CMakeFiles/builtin.dir/src/hmac_drbg.c.obj
[624/1163] Building C object esp-idf/mbedtls/mbedtls/tf-psa-crypto/drivers/builtin/CMakeFiles/builtin.dir/src/ecp_curves.c.obj
[625/1163] Linking C static library esp-idf\esp_hal_ana_conv\libesp_hal_ana_conv.a
[626/1163] Building C object esp-idf/mbedtls/mbedtls/tf-psa-crypto/drivers/builtin/CMakeFiles/builtin.dir/src/ctr_drbg.c.obj
[627/1163] Building C object esp-idf/mbedtls/mbedtls/tf-psa-crypto/drivers/builtin/CMakeFiles/builtin.dir/src/gcm.c.obj
[628/1163] Building C object esp-idf/mbedtls/mbedtls/tf-psa-crypto/drivers/builtin/CMakeFiles/builtin.dir/src/ripemd160.c.obj
[629/1163] Building C object esp-idf/mbedtls/mbedtls/tf-psa-crypto/drivers/builtin/CMakeFiles/builtin.dir/src/psa_crypto_aead.c.obj
[630/1163] Linking C static library esp-idf\esp_hal_wdt\libesp_hal_wdt.a
[631/1163] Building C object esp-idf/mbedtls/mbedtls/tf-psa-crypto/drivers/builtin/CMakeFiles/builtin.dir/src/psa_crypto_cipher.c.obj
[632/1163] Building C object esp-idf/mbedtls/mbedtls/tf-psa-crypto/drivers/builtin/CMakeFiles/builtin.dir/src/ecp.c.obj
[633/1163] Building C object esp-idf/mbedtls/mbedtls/tf-psa-crypto/drivers/builtin/CMakeFiles/builtin.dir/src/psa_crypto_hash.c.obj
[634/1163] Building C object esp-idf/mbedtls/mbedtls/tf-psa-crypto/drivers/builtin/CMakeFiles/builtin.dir/src/psa_crypto_ffdh.c.obj
[635/1163] Building C object esp-idf/mbedtls/mbedtls/tf-psa-crypto/drivers/builtin/CMakeFiles/builtin.dir/src/psa_crypto_ecp.c.obj
[636/1163] Building C object esp-idf/mbedtls/mbedtls/tf-psa-crypto/drivers/builtin/CMakeFiles/builtin.dir/src/psa_crypto_mac.c.obj
[637/1163] Building C object esp-idf/mbedtls/mbedtls/tf-psa-crypto/drivers/builtin/CMakeFiles/builtin.dir/src/psa_crypto_xof.c.obj
[638/1163] Building C object esp-idf/mbedtls/mbedtls/tf-psa-crypto/drivers/builtin/CMakeFiles/builtin.dir/src/psa_util_internal.c.obj
[639/1163] Building C object esp-idf/mbedtls/mbedtls/tf-psa-crypto/drivers/builtin/CMakeFiles/builtin.dir/src/psa_crypto_pake.c.obj
[640/1163] Building C object esp-idf/mbedtls/mbedtls/tf-psa-crypto/drivers/builtin/CMakeFiles/builtin.dir/src/psa_crypto_rsa.c.obj
[641/1163] Building C object esp-idf/mbedtls/mbedtls/tf-psa-crypto/drivers/builtin/CMakeFiles/builtin.dir/src/sha1.c.obj
[642/1163] Linking C static library esp-idf\esp_hal_timg\libesp_hal_timg.a
[643/1163] Building C object esp-idf/mbedtls/mbedtls/tf-psa-crypto/drivers/builtin/CMakeFiles/builtin.dir/src/rsa_alt_helpers.c.obj
[644/1163] Building C object esp-idf/mbedtls/mbedtls/tf-psa-crypto/drivers/builtin/CMakeFiles/builtin.dir/src/sha512.c.obj
[645/1163] Building C object esp-idf/mbedtls/mbedtls/tf-psa-crypto/drivers/builtin/CMakeFiles/builtin.dir/src/sha3.c.obj
[646/1163] Building C object esp-idf/mbedtls/mbedtls/tf-psa-crypto/drivers/builtin/CMakeFiles/builtin.dir/src/sha256.c.obj
[647/1163] Building C object esp-idf/mbedtls/mbedtls/tf-psa-crypto/utilities/CMakeFiles/utilities.dir/constant_time.c.obj
[648/1163] Building C object esp-idf/mbedtls/mbedtls/tf-psa-crypto/extras/CMakeFiles/extras.dir/lms.c.obj
[649/1163] Building C object esp-idf/mbedtls/mbedtls/tf-psa-crypto/drivers/builtin/CMakeFiles/builtin.dir/src/rsa.c.obj
[650/1163] Building C object esp-idf/mbedtls/mbedtls/tf-psa-crypto/drivers/p256-m/CMakeFiles/p256-m.dir/p256-m_driver_entrypoints.c.obj
[651/1163] Linking CXX static library esp-idf\mbedtls\mbedtls\tf-psa-crypto\drivers\everest\libeverest.a
[652/1163] Building C object esp-idf/mbedtls/mbedtls/tf-psa-crypto/utilities/CMakeFiles/utilities.dir/asn1parse.c.obj
[653/1163] Building C object esp-idf/mbedtls/mbedtls/tf-psa-crypto/extras/CMakeFiles/extras.dir/lmots.c.obj
[654/1163] Building C object esp-idf/mbedtls/mbedtls/tf-psa-crypto/drivers/p256-m/CMakeFiles/p256-m.dir/p256-m/p256-m.c.obj
[655/1163] Building C object esp-idf/mbedtls/mbedtls/tf-psa-crypto/extras/CMakeFiles/extras.dir/nist_kw.c.obj
[656/1163] Building C object esp-idf/mbedtls/mbedtls/tf-psa-crypto/utilities/CMakeFiles/utilities.dir/base64.c.obj
[657/1163] Building C object esp-idf/mbedtls/mbedtls/tf-psa-crypto/utilities/CMakeFiles/utilities.dir/asn1write.c.obj
[658/1163] Building C object esp-idf/mbedtls/mbedtls/tf-psa-crypto/utilities/CMakeFiles/utilities.dir/oid.c.obj
[659/1163] Building C object esp-idf/mbedtls/mbedtls/tf-psa-crypto/utilities/CMakeFiles/utilities.dir/pkcs5.c.obj
[660/1163] Building C object esp-idf/mbedtls/mbedtls/tf-psa-crypto/utilities/CMakeFiles/utilities.dir/pem.c.obj
[661/1163] Building C object esp-idf/mbedtls/mbedtls/tf-psa-crypto/drivers/pqcp/CMakeFiles/pqcp.dir/src/wrap_mldsa_native.c.obj
[662/1163] Building C object esp-idf/mbedtls/mbedtls/tf-psa-crypto/platform/CMakeFiles/platform.dir/memory_buffer_alloc.c.obj
[663/1163] Building C object esp-idf/mbedtls/mbedtls/tf-psa-crypto/extras/CMakeFiles/extras.dir/pk_ecc.c.obj
[664/1163] Building C object esp-idf/mbedtls/mbedtls/tf-psa-crypto/drivers/pqcp/CMakeFiles/pqcp.dir/src/psa_crypto_mldsa.c.obj
[665/1163] Building C object esp-idf/mbedtls/mbedtls/tf-psa-crypto/extras/CMakeFiles/extras.dir/md.c.obj
[666/1163] Building C object esp-idf/mbedtls/mbedtls/tf-psa-crypto/extras/CMakeFiles/extras.dir/pk_rsa.c.obj
[667/1163] Building C object esp-idf/mbedtls/mbedtls/tf-psa-crypto/platform/CMakeFiles/platform.dir/platform.c.obj
[668/1163] Building C object esp-idf/mbedtls/mbedtls/tf-psa-crypto/platform/CMakeFiles/platform.dir/platform_util.c.obj
[669/1163] Building C object esp-idf/mbedtls/mbedtls/tf-psa-crypto/extras/CMakeFiles/extras.dir/pk_wrap.c.obj
[670/1163] Linking CXX static library esp-idf\mbedtls\mbedtls\tf-psa-crypto\drivers\builtin\libmbed-builtin.a
[671/1163] Building C object esp-idf/mbedtls/mbedtls/tf-psa-crypto/extras/CMakeFiles/extras.dir/pkparse.c.obj
[672/1163] Building C object esp-idf/mbedtls/mbedtls/tf-psa-crypto/platform/CMakeFiles/platform.dir/threading.c.obj
[673/1163] Building C object esp-idf/mbedtls/mbedtls/tf-psa-crypto/extras/CMakeFiles/extras.dir/pkwrite.c.obj
[674/1163] Building C object esp-idf/mbedtls/mbedtls/tf-psa-crypto/core/CMakeFiles/tfpsacrypto.dir/psa_crypto_random.c.obj
[675/1163] Building C object esp-idf/mbedtls/mbedtls/tf-psa-crypto/extras/CMakeFiles/extras.dir/pk.c.obj
[676/1163] Building C object esp-idf/mbedtls/mbedtls/tf-psa-crypto/core/CMakeFiles/tfpsacrypto.dir/psa_its_file.c.obj
[677/1163] Building C object esp-idf/mbedtls/mbedtls/tf-psa-crypto/core/CMakeFiles/tfpsacrypto.dir/tf_psa_crypto_version.c.obj
[678/1163] Linking CXX static library esp-idf\mbedtls\mbedtls\tf-psa-crypto\drivers\p256-m\libp256-m.a
[679/1163] Building C object esp-idf/mbedtls/mbedtls/tf-psa-crypto/core/CMakeFiles/tfpsacrypto.dir/psa_crypto_client.c.obj
[680/1163] Building C object esp-idf/mbedtls/mbedtls/tf-psa-crypto/core/CMakeFiles/tfpsacrypto.dir/psa_crypto_storage.c.obj
[681/1163] Building C object esp-idf/mbedtls/mbedtls/tf-psa-crypto/core/CMakeFiles/tfpsacrypto.dir/tf_psa_crypto_config.c.obj
[682/1163] Building C object esp-idf/mbedtls/mbedtls/tf-psa-crypto/core/CMakeFiles/tfpsacrypto.dir/C_/esp/v6.1/esp-idf/components/mbedtls/port/aes/dma/esp_aes_gdma_impl.c.obj
[683/1163] Building C object esp-idf/mbedtls/mbedtls/tf-psa-crypto/core/CMakeFiles/tfpsacrypto.dir/C_/esp/v6.1/esp-idf/components/mbedtls/port/sha/core/esp_sha_gdma_impl.c.obj
[684/1163] Linking CXX static library esp-idf\mbedtls\mbedtls\tf-psa-crypto\utilities\libutilities.a
[685/1163] Building C object esp-idf/mbedtls/mbedtls/tf-psa-crypto/core/CMakeFiles/tfpsacrypto.dir/C_/esp/v6.1/esp-idf/components/mbedtls/port/esp_hardware.c.obj
[686/1163] Building C object esp-idf/mbedtls/mbedtls/tf-psa-crypto/core/CMakeFiles/tfpsacrypto.dir/psa_crypto_driver_wrappers_no_static.c.obj
[687/1163] Building C object esp-idf/mbedtls/mbedtls/tf-psa-crypto/core/CMakeFiles/tfpsacrypto.dir/psa_util.c.obj
[688/1163] Building C object esp-idf/mbedtls/mbedtls/tf-psa-crypto/core/CMakeFiles/tfpsacrypto.dir/psa_crypto_slot_management.c.obj
[689/1163] Building C object esp-idf/mbedtls/mbedtls/tf-psa-crypto/core/CMakeFiles/tfpsacrypto.dir/C_/esp/v6.1/esp-idf/components/mbedtls/port/psa_crypto_storage/esp_psa_its.c.obj
[690/1163] Building C object esp-idf/mbedtls/mbedtls/tf-psa-crypto/core/CMakeFiles/tfpsacrypto.dir/C_/esp/v6.1/esp-idf/components/mbedtls/port/aes/esp_aes_xts.c.obj
[691/1163] Building C object esp-idf/mbedtls/mbedtls/tf-psa-crypto/core/CMakeFiles/tfpsacrypto.dir/C_/esp/v6.1/esp-idf/components/mbedtls/port/crypto_shared_gdma/esp_crypto_shared_gdma.c.obj
[692/1163] Building C object esp-idf/mbedtls/mbedtls/tf-psa-crypto/core/CMakeFiles/tfpsacrypto.dir/C_/esp/v6.1/esp-idf/components/mbedtls/port/aes/esp_aes_common.c.obj
[693/1163] Building C object esp-idf/mbedtls/mbedtls/tf-psa-crypto/core/CMakeFiles/tfpsacrypto.dir/C_/esp/v6.1/esp-idf/components/mbedtls/port/aes/esp_aes.c.obj
[694/1163] Building C object esp-idf/mbedtls/mbedtls/tf-psa-crypto/core/CMakeFiles/tfpsacrypto.dir/C_/esp/v6.1/esp-idf/components/mbedtls/port/aes/esp_aes_gcm.c.obj
[695/1163] Building C object esp-idf/mbedtls/mbedtls/tf-psa-crypto/core/CMakeFiles/tfpsacrypto.dir/C_/esp/v6.1/esp-idf/components/mbedtls/port/aes/dma/esp_aes_dma_core.c.obj
[696/1163] Linking CXX static library esp-idf\mbedtls\mbedtls\tf-psa-crypto\extras\libextras.a
[697/1163] Building C object esp-idf/mbedtls/mbedtls/tf-psa-crypto/core/CMakeFiles/tfpsacrypto.dir/C_/esp/v6.1/esp-idf/components/mbedtls/port/psa_driver/esp_sha/psa_crypto_driver_esp_sha.c.obj
[698/1163] Building C object esp-idf/mbedtls/mbedtls/tf-psa-crypto/core/CMakeFiles/tfpsacrypto.dir/C_/esp/v6.1/esp-idf/components/mbedtls/port/psa_driver/esp_sha/core/psa_crypto_driver_esp_sha256.c.obj
[699/1163] Building C object esp-idf/mbedtls/mbedtls/tf-psa-crypto/core/CMakeFiles/tfpsacrypto.dir/C_/esp/v6.1/esp-idf/components/mbedtls/port/psa_driver/esp_md/psa_crypto_driver_esp_md5.c.obj
[700/1163] Building C object esp-idf/mbedtls/mbedtls/tf-psa-crypto/core/CMakeFiles/tfpsacrypto.dir/C_/esp/v6.1/esp-idf/components/mbedtls/port/psa_driver/esp_sha/core/psa_crypto_driver_esp_sha1.c.obj
[701/1163] Building C object esp-idf/mbedtls/mbedtls/tf-psa-crypto/core/CMakeFiles/tfpsacrypto.dir/C_/esp/v6.1/esp-idf/components/mbedtls/port/psa_driver/esp_mac/psa_crypto_driver_esp_hmac_transparent.c.obj
[702/1163] Building C object esp-idf/mbedtls/mbedtls/tf-psa-crypto/core/CMakeFiles/tfpsacrypto.dir/C_/esp/v6.1/esp-idf/components/mbedtls/port/esp_hmac_pbkdf2.c.obj
[703/1163] Building C object esp-idf/mbedtls/mbedtls/tf-psa-crypto/core/CMakeFiles/tfpsacrypto.dir/C_/esp/v6.1/esp-idf/components/mbedtls/port/psa_driver/esp_mac/psa_crypto_driver_esp_hmac_opaque.c.obj
[704/1163] Building C object esp-idf/mbedtls/mbedtls/tf-psa-crypto/core/CMakeFiles/tfpsacrypto.dir/C_/esp/v6.1/esp-idf/components/mbedtls/port/sha/esp_sha.c.obj
[705/1163] Building C object esp-idf/mbedtls/mbedtls/tf-psa-crypto/core/CMakeFiles/tfpsacrypto.dir/C_/esp/v6.1/esp-idf/components/mbedtls/port/psa_driver/esp_rsa_ds/psa_crypto_driver_esp_rsa_ds_utilities.c.obj
[706/1163] Linking CXX static library esp-idf\mbedtls\mbedtls\tf-psa-crypto\drivers\pqcp\libpqcp.a
[707/1163] Building C object esp-idf/mbedtls/mbedtls/tf-psa-crypto/core/CMakeFiles/tfpsacrypto.dir/C_/esp/v6.1/esp-idf/components/mbedtls/port/psa_driver/esp_sha/core/psa_crypto_driver_esp_sha512.c.obj
[708/1163] Building C object esp-idf/mbedtls/mbedtls/tf-psa-crypto/core/CMakeFiles/tfpsacrypto.dir/C_/esp/v6.1/esp-idf/components/mbedtls/port/bignum/bignum_alt.c.obj
[709/1163] Building C object esp-idf/mbedtls/mbedtls/tf-psa-crypto/core/CMakeFiles/tfpsacrypto.dir/C_/esp/v6.1/esp-idf/components/mbedtls/port/psa_driver/esp_mac/psa_crypto_driver_esp_cmac.c.obj
[710/1163] Building C object esp-idf/mbedtls/mbedtls/tf-psa-crypto/core/CMakeFiles/tfpsacrypto.dir/C_/esp/v6.1/esp-idf/components/mbedtls/port/bignum/esp_bignum.c.obj
[711/1163] Building C object esp-idf/mbedtls/mbedtls/tf-psa-crypto/core/CMakeFiles/tfpsacrypto.dir/C_/esp/v6.1/esp-idf/components/mbedtls/port/sha/core/sha.c.obj
[712/1163] Building C object esp-idf/mbedtls/mbedtls/tf-psa-crypto/core/CMakeFiles/tfpsacrypto.dir/C_/esp/v6.1/esp-idf/components/mbedtls/port/psa_driver/esp_rsa_ds/psa_crypto_driver_esp_rsa_ds.c.obj
[713/1163] Linking CXX static library esp-idf\mbedtls\mbedtls\tf-psa-crypto\platform\libplatform.a
[714/1163] Building C object esp-idf/mbedtls/mbedtls/tf-psa-crypto/core/CMakeFiles/tfpsacrypto.dir/psa_crypto.c.obj
[715/1163] Building C object esp-idf/mbedtls/mbedtls/tf-psa-crypto/core/CMakeFiles/tfpsacrypto.dir/C_/esp/v6.1/esp-idf/components/mbedtls/port/psa_driver/esp_aes/psa_crypto_driver_esp_aes_gcm.c.obj
[716/1163] Building C object esp-idf/mbedtls/mbedtls/library/CMakeFiles/mbedtls.dir/ssl_cookie.c.obj
[717/1163] Building C object esp-idf/mbedtls/mbedtls/tf-psa-crypto/core/CMakeFiles/tfpsacrypto.dir/C_/esp/v6.1/esp-idf/components/mbedtls/port/psa_driver/esp_aes/psa_crypto_driver_esp_aes.c.obj
[718/1163] Building C object esp-idf/mbedtls/mbedtls/library/CMakeFiles/mbedtls.dir/ssl_debug_helpers_generated.c.obj
[719/1163] Building C object esp-idf/mbedtls/mbedtls/library/CMakeFiles/mbedtls.dir/mps_reader.c.obj
[720/1163] Building C object esp-idf/mbedtls/mbedtls/library/CMakeFiles/mbedtls.dir/mps_trace.c.obj
[721/1163] Building C object esp-idf/mbedtls/mbedtls/library/CMakeFiles/mbedtls.dir/debug.c.obj
[722/1163] Building C object esp-idf/mbedtls/mbedtls/library/CMakeFiles/mbedtls.dir/ssl_ciphersuites.c.obj
[723/1163] Building C object esp-idf/mbedtls/mbedtls/library/CMakeFiles/mbedtls.dir/ssl_client.c.obj
[724/1163] Building C object esp-idf/mbedtls/mbedtls/library/CMakeFiles/mbedtls.dir/ssl_cache.c.obj
[725/1163] Building C object esp-idf/mbedtls/mbedtls/library/CMakeFiles/mbedtls.dir/ssl_ticket.c.obj
[726/1163] Building C object esp-idf/mbedtls/mbedtls/library/CMakeFiles/mbedtls.dir/version_features.c.obj
[727/1163] Building C object esp-idf/mbedtls/mbedtls/library/CMakeFiles/mbedtls.dir/ssl_msg.c.obj
[728/1163] Building C object esp-idf/mbedtls/mbedtls/library/CMakeFiles/mbedtls.dir/ssl_tls12_client.c.obj
[729/1163] Building C object esp-idf/mbedtls/mbedtls/library/CMakeFiles/mbedtls.dir/ssl_tls12_server.c.obj
[730/1163] Building C object esp-idf/mbedtls/mbedtls/library/CMakeFiles/mbedtls.dir/C_/esp/v6.1/esp-idf/components/mbedtls/port/esp_platform_time.c.obj
[731/1163] Building C object esp-idf/mbedtls/mbedtls/library/CMakeFiles/mbedtls.dir/ssl_tls.c.obj
[732/1163] Building C object esp-idf/mbedtls/mbedtls/library/CMakeFiles/mbedtls.dir/ssl_tls13_client.c.obj
[733/1163] Building C object esp-idf/mbedtls/mbedtls/library/CMakeFiles/mbedtls.dir/ssl_tls13_keys.c.obj
[734/1163] Building C object esp-idf/mbedtls/mbedtls/library/CMakeFiles/mbedtls.dir/ssl_tls13_server.c.obj
[735/1163] Building C object esp-idf/mbedtls/mbedtls/library/CMakeFiles/mbedtls.dir/C_/esp/v6.1/esp-idf/components/mbedtls/port/esp_timing.c.obj
[736/1163] Performing build step for 'bootloader'
[1/1] C:\WINDOWS\system32\cmd.exe /C "cd /D <repo>\native\targets\tdeck\build-a3-04e\bootloader && <home>\.espressif\python_env\idf6.1_py3.14_env\Scripts\python.exe C:/esp/v6.1/esp-idf/components/partition_table/check_sizes.py --offset 0x8000 bootloader 0x0 <repo>/native/targets/tdeck/build-a3-04e/bootloader/bootloader.bin"

Bootloader binary size 0x5850 bytes. 0x27b0 bytes (31%) free.


[737/1163] Building C object esp-idf/mbedtls/mbedtls/library/CMakeFiles/mbedtls.dir/ssl_tls13_generic.c.obj
[738/1163] No install step for 'bootloader'
[739/1163] Building C object esp-idf/mbedtls/mbedtls/library/CMakeFiles/mbedtls.dir/timing.c.obj
[740/1163] Building C object esp-idf/mbedtls/mbedtls/library/CMakeFiles/mbedtls.dir/version.c.obj
[741/1163] Building C object esp-idf/mbedtls/mbedtls/library/CMakeFiles/mbedx509.dir/mbedtls_config.c.obj
[742/1163] Building C object esp-idf/mbedtls/mbedtls/library/CMakeFiles/mbedtls.dir/C_/esp/v6.1/esp-idf/components/mbedtls/port/esp_psa_crypto_init.c.obj
[743/1163] Building C object esp-idf/mbedtls/mbedtls/library/CMakeFiles/mbedtls.dir/C_/esp/v6.1/esp-idf/components/mbedtls/port/mbedtls_debug.c.obj
[744/1163] Building C object esp-idf/mbedtls/mbedtls/library/CMakeFiles/mbedx509.dir/error.c.obj
[745/1163] Completed 'bootloader'
[746/1163] Linking CXX static library esp-idf\mbedtls\mbedtls\tf-psa-crypto\core\libtfpsacrypto.a
[747/1163] Building C object esp-idf/mbedtls/mbedtls/library/CMakeFiles/mbedx509.dir/x509_create.c.obj
[748/1163] Building C object esp-idf/mbedtls/mbedtls/library/CMakeFiles/mbedx509.dir/pkcs7.c.obj
[749/1163] Building C object esp-idf/mbedtls/mbedtls/library/CMakeFiles/mbedtls.dir/C_/esp/v6.1/esp-idf/components/mbedtls/port/net_sockets.c.obj
[750/1163] Building C object esp-idf/mbedtls/mbedtls/library/CMakeFiles/mbedx509.dir/x509write_csr.c.obj
[751/1163] Building C object esp-idf/mbedtls/mbedtls/library/CMakeFiles/mbedx509.dir/x509write_crt.c.obj
[752/1163] Building C object esp-idf/mbedtls/mbedtls/library/CMakeFiles/mbedx509.dir/x509write.c.obj
[753/1163] Building C object esp-idf/mbedtls/mbedtls/library/CMakeFiles/mbedx509.dir/x509_oid.c.obj
[754/1163] Building C object esp-idf/mbedtls/mbedtls/library/CMakeFiles/mbedx509.dir/x509_csr.c.obj
[755/1163] Building C object esp-idf/mbedtls/mbedtls/library/CMakeFiles/mbedx509.dir/x509_crl.c.obj
[756/1163] Building C object esp-idf/mbedtls/mbedtls/library/CMakeFiles/mbedx509.dir/x509.c.obj
[757/1163] Linking CXX static library esp-idf\mbedtls\mbedtls\library\libmbedtls.a
[758/1163] Building C object esp-idf/mbedtls/mbedtls/library/CMakeFiles/mbedx509.dir/x509_crt.c.obj
[759/1163] Linking CXX static library esp-idf\mbedtls\mbedtls\library\libmbedx509.a
[760/1163] Building ASM object esp-idf/mbedtls/CMakeFiles/__idf_mbedtls.dir/__/__/x509_crt_bundle.S.obj
[761/1163] Building C object esp-idf/mbedtls/CMakeFiles/__idf_mbedtls.dir/port/esp_mem.c.obj
[762/1163] Building C object esp-idf/esp_mm/CMakeFiles/__idf_esp_mm.dir/port/esp32s3/ext_mem_layout.c.obj
[763/1163] Building C object esp-idf/esp_driver_dma/CMakeFiles/__idf_esp_driver_dma.dir/src/esp_async_memcpy.c.obj
[764/1163] Building C object esp-idf/esp_driver_dma/CMakeFiles/__idf_esp_driver_dma.dir/src/esp_dma_utils.c.obj
[765/1163] Building C object esp-idf/esp_hal_uart/CMakeFiles/__idf_esp_hal_uart.dir/esp32s3/uart_periph.c.obj
[766/1163] Building C object esp-idf/esp_hal_uart/CMakeFiles/__idf_esp_hal_uart.dir/uhci_hal.c.obj
[767/1163] Building C object esp-idf/esp_hal_uart/CMakeFiles/__idf_esp_hal_uart.dir/uart_hal_iram.c.obj
[768/1163] Building C object esp-idf/esp_driver_dma/CMakeFiles/__idf_esp_driver_dma.dir/src/gdma_link.c.obj
[769/1163] Building C object esp-idf/esp_security/CMakeFiles/__idf_esp_security.dir/src/esp_crypto_lock.c.obj
[770/1163] Building C object esp-idf/esp_hal_uart/CMakeFiles/__idf_esp_hal_uart.dir/uart_hal.c.obj
[771/1163] Building C object esp-idf/mbedtls/CMakeFiles/__idf_mbedtls.dir/port/psa_crypto_storage/esp_psa_key_file.c.obj
[772/1163] Building C object esp-idf/esp_driver_gpio/CMakeFiles/__idf_esp_driver_gpio.dir/src/gpio_glitch_filter_ops.c.obj
[773/1163] Building C object esp-idf/esp_mm/CMakeFiles/__idf_esp_mm.dir/esp_mmu_map.c.obj
[774/1163] Building C object esp-idf/esp_mm/CMakeFiles/__idf_esp_mm.dir/esp_cache_utils.c.obj
[775/1163] Building C object esp-idf/esp_pm/CMakeFiles/__idf_esp_pm.dir/pm_locks.c.obj
[776/1163] Building C object esp-idf/esp_mm/CMakeFiles/__idf_esp_mm.dir/esp_cache_msync.c.obj
[777/1163] Building C object esp-idf/esp_pm/CMakeFiles/__idf_esp_pm.dir/pm_trace.c.obj
[778/1163] Building C object esp-idf/esp_security/CMakeFiles/__idf_esp_security.dir/src/esp_hmac.c.obj
[779/1163] Building C object esp-idf/mbedtls/CMakeFiles/__idf_mbedtls.dir/esp_crt_bundle/esp_crt_bundle.c.obj
[780/1163] Building C object esp-idf/esp_driver_dma/CMakeFiles/__idf_esp_driver_dma.dir/src/async_memcpy_gdma.c.obj
[781/1163] Building C object esp-idf/esp_security/CMakeFiles/__idf_esp_security.dir/src/esp32s3/esp_crypto_clk.c.obj
[782/1163] Building C object esp-idf/esp_security/CMakeFiles/__idf_esp_security.dir/src/esp_crypto_periph_clk.c.obj
[783/1163] Building C object esp-idf/esp_driver_dma/CMakeFiles/__idf_esp_driver_dma.dir/src/gdma.c.obj
[784/1163] Building C object esp-idf/esp_security/CMakeFiles/__idf_esp_security.dir/src/init.c.obj
[785/1163] Building C object esp-idf/esp_pm/CMakeFiles/__idf_esp_pm.dir/pm_impl.c.obj
[786/1163] Building C object esp-idf/esp_driver_gpio/CMakeFiles/__idf_esp_driver_gpio.dir/src/dedic_gpio.c.obj
[787/1163] Building C object esp-idf/esp_driver_gpio/CMakeFiles/__idf_esp_driver_gpio.dir/src/gpio_pin_glitch_filter.c.obj
[788/1163] Building C object esp-idf/esp_security/CMakeFiles/__idf_esp_security.dir/src/esp_ds.c.obj
[789/1163] Building C object esp-idf/esp_driver_gpio/CMakeFiles/__idf_esp_driver_gpio.dir/src/rtc_io.c.obj
[790/1163] Building C object esp-idf/efuse/CMakeFiles/__idf_efuse.dir/esp32s3/esp_efuse_table.c.obj
[791/1163] Linking C static library esp-idf\mbedtls\libmbedtls.a
[792/1163] Building C object esp-idf/esp_driver_gpio/CMakeFiles/__idf_esp_driver_gpio.dir/src/gpio.c.obj
[793/1163] Building C object esp-idf/efuse/CMakeFiles/__idf_efuse.dir/esp32s3/esp_efuse_rtc_calib.c.obj
[794/1163] Building C object esp-idf/efuse/CMakeFiles/__idf_efuse.dir/esp32s3/esp_efuse_fields.c.obj
[795/1163] Linking C static library esp-idf\esp_driver_dma\libesp_driver_dma.a
[796/1163] Building C object esp-idf/efuse/CMakeFiles/__idf_efuse.dir/esp32s3/esp_efuse_utility.c.obj
[797/1163] Building C object esp-idf/efuse/CMakeFiles/__idf_efuse.dir/src/esp_efuse_api.c.obj
[798/1163] Building C object esp-idf/efuse/CMakeFiles/__idf_efuse.dir/src/esp_efuse_fields.c.obj
[799/1163] Building C object esp-idf/esp_bootloader_format/CMakeFiles/__idf_esp_bootloader_format.dir/esp_bootloader_desc.c.obj
[800/1163] Building C object esp-idf/esp_partition/CMakeFiles/__idf_esp_partition.dir/partition_target.c.obj
[801/1163] Linking C static library esp-idf\esp_mm\libesp_mm.a
[802/1163] Building C object esp-idf/esp_app_format/CMakeFiles/__idf_esp_app_format.dir/esp_app_desc.c.obj
[803/1163] Building C object esp-idf/efuse/CMakeFiles/__idf_efuse.dir/src/esp_efuse_startup.c.obj
[804/1163] Building C object esp-idf/efuse/CMakeFiles/__idf_efuse.dir/src/efuse_controller/keys/with_key_purposes/esp_efuse_api_key.c.obj
[805/1163] Building C object esp-idf/esp_hal_mspi/CMakeFiles/__idf_esp_hal_mspi.dir/spi_flash_encrypt_hal_iram.c.obj
[806/1163] Building C object esp-idf/esp_hal_security/CMakeFiles/__idf_esp_hal_security.dir/aes_hal.c.obj
[807/1163] Building C object esp-idf/esp_hal_security/CMakeFiles/__idf_esp_hal_security.dir/mpu_hal.c.obj
[808/1163] Building C object esp-idf/esp_hal_gpspi/CMakeFiles/__idf_esp_hal_gpspi.dir/esp32s3/spi_periph.c.obj
[809/1163] Building C object esp-idf/efuse/CMakeFiles/__idf_efuse.dir/src/esp_efuse_utility.c.obj
[810/1163] Building C object esp-idf/esp_hal_security/CMakeFiles/__idf_esp_hal_security.dir/hmac_hal.c.obj
[811/1163] Building C object esp-idf/esp_hal_security/CMakeFiles/__idf_esp_hal_security.dir/ds_hal.c.obj
[812/1163] Building C object esp-idf/esp_partition/CMakeFiles/__idf_esp_partition.dir/partition.c.obj
[813/1163] Building C object esp-idf/esp_hal_security/CMakeFiles/__idf_esp_hal_security.dir/mpi_hal.c.obj
[814/1163] Building C object esp-idf/esp_hal_security/CMakeFiles/__idf_esp_hal_security.dir/sha_hal.c.obj
[815/1163] Linking C static library esp-idf\esp_pm\libesp_pm.a
[816/1163] Building C object esp-idf/esp_hal_mspi/CMakeFiles/__idf_esp_hal_mspi.dir/spi_flash_hal.c.obj
[817/1163] Building C object esp-idf/esp_hal_mspi/CMakeFiles/__idf_esp_hal_mspi.dir/esp32s3/mspi_periph.c.obj
[818/1163] Building C object esp-idf/app_update/CMakeFiles/__idf_app_update.dir/esp_ota_ops.c.obj
[819/1163] Building C object esp-idf/esp_hal_gpspi/CMakeFiles/__idf_esp_hal_gpspi.dir/spi_slave_hal.c.obj
[820/1163] Building C object esp-idf/esp_hal_gpspi/CMakeFiles/__idf_esp_hal_gpspi.dir/spi_hal.c.obj
[821/1163] Building C object esp-idf/esp_hal_gpspi/CMakeFiles/__idf_esp_hal_gpspi.dir/spi_slave_hal_iram.c.obj
[822/1163] Building C object esp-idf/esp_hal_clock/CMakeFiles/__idf_esp_hal_clock.dir/esp32s3/clk_tree_hal.c.obj
[823/1163] Building C object esp-idf/esp_hal_mspi/CMakeFiles/__idf_esp_hal_mspi.dir/spi_flash_hal_iram.c.obj
[824/1163] Building C object esp-idf/esp_hal_dma/CMakeFiles/__idf_esp_hal_dma.dir/gdma_hal_top.c.obj
[825/1163] Building C object esp-idf/esp_hal_mspi/CMakeFiles/__idf_esp_hal_mspi.dir/spi_flash_hal_gpspi.c.obj
[826/1163] Building C object esp-idf/esp_hal_gpspi/CMakeFiles/__idf_esp_hal_gpspi.dir/spi_hal_iram.c.obj
[827/1163] Building C object esp-idf/esp_hal_gpspi/CMakeFiles/__idf_esp_hal_gpspi.dir/spi_slave_hd_hal.c.obj
[828/1163] Building C object esp-idf/esp_hal_dma/CMakeFiles/__idf_esp_hal_dma.dir/esp32s3/gdma_periph.c.obj
[829/1163] Linking C static library esp-idf\esp_hal_uart\libesp_hal_uart.a
[830/1163] Building C object esp-idf/esp_stdio/CMakeFiles/__idf_esp_stdio.dir/stdio_simple.c.obj
[831/1163] Building C object esp-idf/esp_hal_dma/CMakeFiles/__idf_esp_hal_dma.dir/gdma_hal_ahb_v1.c.obj
[832/1163] Building C object esp-idf/esp_stdio/CMakeFiles/__idf_esp_stdio.dir/stdio_syscalls_simple.c.obj
[833/1163] Linking C static library esp-idf\esp_driver_gpio\libesp_driver_gpio.a
[834/1163] Building ASM object esp-idf/xtensa/CMakeFiles/__idf_xtensa.dir/xtensa_intr_asm.S.obj
[835/1163] Building ASM object esp-idf/xtensa/CMakeFiles/__idf_xtensa.dir/xtensa_context.S.obj
[836/1163] Building C object esp-idf/esp_stdio/CMakeFiles/__idf_esp_stdio.dir/stdio_port.c.obj
[837/1163] Building C object esp-idf/xtensa/CMakeFiles/__idf_xtensa.dir/xt_trax.c.obj
[838/1163] Building C object esp-idf/xtensa/CMakeFiles/__idf_xtensa.dir/eri.c.obj
[839/1163] Building ASM object esp-idf/xtensa/CMakeFiles/__idf_xtensa.dir/xtensa_vectors.S.obj
[840/1163] Building C object esp-idf/esp_hal_sd/CMakeFiles/__idf_esp_hal_sd.dir/esp32s3/sdmmc_periph.c.obj
[841/1163] Linking C static library esp-idf\esp_security\libesp_security.a
[842/1163] Building C object esp-idf/esp_hal_sd/CMakeFiles/__idf_esp_hal_sd.dir/sdmmc_hal.c.obj
[843/1163] Building C object esp-idf/xtensa/CMakeFiles/__idf_xtensa.dir/xtensa_intr.c.obj
[844/1163] Building C object esp-idf/sdmmc/CMakeFiles/__idf_sdmmc.dir/sdmmc_init.c.obj
[845/1163] Building C object esp-idf/console/CMakeFiles/__idf_console.dir/split_argv.c.obj
[846/1163] Building C object esp-idf/sdmmc/CMakeFiles/__idf_sdmmc.dir/sdmmc_blockdev.c.obj
[847/1163] Building C object esp-idf/esp_stdio/CMakeFiles/__idf_esp_stdio.dir/stdio_vfs.c.obj
[848/1163] Building C object esp-idf/sdmmc/CMakeFiles/__idf_sdmmc.dir/sdmmc_mmc.c.obj
[849/1163] Building C object esp-idf/sdmmc/CMakeFiles/__idf_sdmmc.dir/sd_pwr_ctrl/sd_pwr_ctrl.c.obj
[850/1163] Linking C static library esp-idf\efuse\libefuse.a
[851/1163] Building C object esp-idf/sdmmc/CMakeFiles/__idf_sdmmc.dir/sdmmc_common.c.obj
[852/1163] Building C object esp-idf/sdmmc/CMakeFiles/__idf_sdmmc.dir/sdmmc_cmd.c.obj
[853/1163] Building C object esp-idf/sdmmc/CMakeFiles/__idf_sdmmc.dir/sdmmc_sd.c.obj
[854/1163] Building C object esp-idf/esp_driver_sd_intf/CMakeFiles/__idf_esp_driver_sd_intf.dir/sd_host.c.obj
[855/1163] Building C object esp-idf/console/CMakeFiles/__idf_console.dir/linenoise/linenoise.c.obj
[856/1163] Building C object esp-idf/sdmmc/CMakeFiles/__idf_sdmmc.dir/sdmmc_io.c.obj
[857/1163] Linking C static library esp-idf\esp_partition\libesp_partition.a
[858/1163] Building C object esp-idf/console/CMakeFiles/__idf_console.dir/argtable3/arg_dstr.c.obj
[859/1163] Building C object esp-idf/console/CMakeFiles/__idf_console.dir/commands.c.obj
[860/1163] Building C object esp-idf/console/CMakeFiles/__idf_console.dir/argtable3/arg_date.c.obj
[861/1163] Building C object esp-idf/console/CMakeFiles/__idf_console.dir/esp_console_repl_chip.c.obj
[862/1163] Building C object esp-idf/console/CMakeFiles/__idf_console.dir/argtable3/arg_cmd.c.obj
[863/1163] Building C object esp-idf/console/CMakeFiles/__idf_console.dir/esp_console_common.c.obj
[864/1163] Building C object esp-idf/console/CMakeFiles/__idf_console.dir/esp_console_repl_internal.c.obj
[865/1163] Building C object esp-idf/console/CMakeFiles/__idf_console.dir/argtable3/arg_dbl.c.obj
[866/1163] Building C object esp-idf/esp_driver_spi/CMakeFiles/__idf_esp_driver_spi.dir/src/gpspi/spi_slave.c.obj
[867/1163] Building C object esp-idf/esp_driver_spi/CMakeFiles/__idf_esp_driver_spi.dir/src/gpspi/spi_slave_hd.c.obj
[868/1163] Building C object esp-idf/esp_driver_spi/CMakeFiles/__idf_esp_driver_spi.dir/src/gpspi/spi_master.c.obj
[869/1163] Building C object esp-idf/console/CMakeFiles/__idf_console.dir/argtable3/arg_file.c.obj
[870/1163] Linking C static library esp-idf\app_update\libapp_update.a
[871/1163] Building C object esp-idf/esp_driver_spi/CMakeFiles/__idf_esp_driver_spi.dir/src/gpspi/spi_common.c.obj
[872/1163] Building C object esp-idf/console/CMakeFiles/__idf_console.dir/argtable3/arg_end.c.obj
[873/1163] Building C object esp-idf/console/CMakeFiles/__idf_console.dir/argtable3/arg_hashtable.c.obj
[874/1163] Building C object esp-idf/console/CMakeFiles/__idf_console.dir/argtable3/arg_rem.c.obj
[875/1163] Building C object esp-idf/console/CMakeFiles/__idf_console.dir/argtable3/arg_int.c.obj
[876/1163] Building C object esp-idf/console/CMakeFiles/__idf_console.dir/argtable3/arg_str.c.obj
[877/1163] Building C object esp-idf/console/CMakeFiles/__idf_console.dir/argtable3/arg_lit.c.obj
[878/1163] Linking C static library esp-idf\esp_bootloader_format\libesp_bootloader_format.a
[879/1163] Building C object esp-idf/esp_hal_ledc/CMakeFiles/__idf_esp_hal_ledc.dir/esp32s3/ledc_periph.c.obj
[880/1163] Building C object esp-idf/esp_hal_ledc/CMakeFiles/__idf_esp_hal_ledc.dir/ledc_hal.c.obj
[881/1163] Building C object esp-idf/esp_hal_ledc/CMakeFiles/__idf_esp_hal_ledc.dir/ledc_hal_iram.c.obj
[882/1163] Building C object esp-idf/console/CMakeFiles/__idf_console.dir/argtable3/arg_utils.c.obj
[883/1163] Building C object esp-idf/console/CMakeFiles/__idf_console.dir/argtable3/arg_rex.c.obj
[884/1163] Building C object esp-idf/console/CMakeFiles/__idf_console.dir/argtable3/argtable3.c.obj
[885/1163] Building C object esp-idf/esp_driver_sdspi/CMakeFiles/__idf_esp_driver_sdspi.dir/src/sdspi_crc.c.obj
[886/1163] Building CXX object esp-idf/wear_levelling/CMakeFiles/__idf_wear_levelling.dir/crc32.cpp.obj
[887/1163] Linking C static library esp-idf\esp_app_format\libesp_app_format.a
[888/1163] Building CXX object esp-idf/wear_levelling/CMakeFiles/__idf_wear_levelling.dir/Partition.cpp.obj
[889/1163] Building CXX object esp-idf/wear_levelling/CMakeFiles/__idf_wear_levelling.dir/BDL_Access.cpp.obj
[890/1163] Building CXX object esp-idf/wear_levelling/CMakeFiles/__idf_wear_levelling.dir/WL_Ext_Perf.cpp.obj
[891/1163] Building CXX object esp-idf/wear_levelling/CMakeFiles/__idf_wear_levelling.dir/SPI_Flash.cpp.obj
[892/1163] Building CXX object esp-idf/wear_levelling/CMakeFiles/__idf_wear_levelling.dir/WL_Ext_Safe.cpp.obj
[893/1163] Building C object esp-idf/esp_driver_sdmmc/CMakeFiles/__idf_esp_driver_sdmmc.dir/legacy/src/sdmmc_host.c.obj
[894/1163] Building CXX object esp-idf/wear_levelling/CMakeFiles/__idf_wear_levelling.dir/wear_levelling.cpp.obj
[895/1163] Building C object esp-idf/esp_driver_sdmmc/CMakeFiles/__idf_esp_driver_sdmmc.dir/legacy/src/sdmmc_transaction.c.obj
[896/1163] Linking C static library esp-idf\esp_hal_security\libesp_hal_security.a
[897/1163] Building C object esp-idf/esp_driver_sdspi/CMakeFiles/__idf_esp_driver_sdspi.dir/src/sdspi_transaction.c.obj
[898/1163] Building CXX object esp-idf/wear_levelling/CMakeFiles/__idf_wear_levelling.dir/wl_blockdev.cpp.obj
[899/1163] Building C object esp-idf/unity/CMakeFiles/__idf_unity.dir/unity_compat.c.obj
[900/1163] Building CXX object esp-idf/wear_levelling/CMakeFiles/__idf_wear_levelling.dir/WL_Flash.cpp.obj
[901/1163] Building C object esp-idf/esp_driver_sdmmc/CMakeFiles/__idf_esp_driver_sdmmc.dir/src/sd_trans_sdmmc.c.obj
[902/1163] Building C object esp-idf/esp_driver_sdspi/CMakeFiles/__idf_esp_driver_sdspi.dir/src/sdspi_host.c.obj
[903/1163] Building C object esp-idf/unity/CMakeFiles/__idf_unity.dir/unity_runner.c.obj
[904/1163] Building C object esp-idf/protobuf-c/CMakeFiles/__idf_protobuf-c.dir/protobuf-c/protobuf-c/protobuf-c.c.obj
[905/1163] Linking C static library esp-idf\esp_hal_mspi\libesp_hal_mspi.a
[906/1163] Building C object esp-idf/unity/CMakeFiles/__idf_unity.dir/unity/src/unity.c.obj
[907/1163] Building C object esp-idf/esp_hal_cam/CMakeFiles/__idf_esp_hal_cam.dir/cam_hal.c.obj
[908/1163] Building C object esp-idf/unity/CMakeFiles/__idf_unity.dir/unity_utils_cache.c.obj
[909/1163] Building C object esp-idf/unity/CMakeFiles/__idf_unity.dir/unity_utils_memory.c.obj
[910/1163] Building C object esp-idf/unity/CMakeFiles/__idf_unity.dir/unity_utils_freertos.c.obj
[911/1163] Building C object esp-idf/esp_driver_sdmmc/CMakeFiles/__idf_esp_driver_sdmmc.dir/src/sd_host_sdmmc.c.obj
[912/1163] Building C object esp-idf/esp_hal_cam/CMakeFiles/__idf_esp_hal_cam.dir/esp32s3/cam_periph.c.obj
[913/1163] Building C object esp-idf/esp_hal_twai/CMakeFiles/__idf_esp_hal_twai.dir/esp32s3/twai_periph.c.obj
[914/1163] Linking C static library esp-idf\esp_hal_clock\libesp_hal_clock.a
[915/1163] Building C object esp-idf/unity/CMakeFiles/__idf_unity.dir/port/esp/unity_utils_memory_esp.c.obj
[916/1163] Building C object esp-idf/esp_hal_twai/CMakeFiles/__idf_esp_hal_twai.dir/twai_hal_v1.c.obj
[917/1163] Building C object esp-idf/unity/CMakeFiles/__idf_unity.dir/unity_port_esp32.c.obj
[918/1163] Building C object esp-idf/esp_hal_pcnt/CMakeFiles/__idf_esp_hal_pcnt.dir/pcnt_hal.c.obj
[919/1163] Building C object esp-idf/esp_hal_pcnt/CMakeFiles/__idf_esp_hal_pcnt.dir/esp32s3/pcnt_periph.c.obj
[920/1163] Building C object esp-idf/esp_hal_mcpwm/CMakeFiles/__idf_esp_hal_mcpwm.dir/esp32s3/mcpwm_periph.c.obj
[921/1163] Building C object esp-idf/esp_hal_rmt/CMakeFiles/__idf_esp_hal_rmt.dir/rmt_hal.c.obj
[922/1163] Building C object esp-idf/esp_hal_mcpwm/CMakeFiles/__idf_esp_hal_mcpwm.dir/mcpwm_hal.c.obj
[923/1163] Building C object esp-idf/esp_hal_rmt/CMakeFiles/__idf_esp_hal_rmt.dir/esp32s3/rmt_periph.c.obj
[924/1163] Linking C static library esp-idf\esp_hal_gpspi\libesp_hal_gpspi.a
[925/1163] Building C object esp-idf/esp_driver_i2c/CMakeFiles/__idf_esp_driver_i2c.dir/i2c_common.c.obj
[926/1163] Building C object esp-idf/esp_hal_lcd/CMakeFiles/__idf_esp_hal_lcd.dir/esp32s3/lcd_periph.c.obj
[927/1163] Building C object esp-idf/protocomm/CMakeFiles/__idf_protocomm.dir/proto-c/sec0.pb-c.c.obj
[928/1163] Building C object esp-idf/esp_hal_lcd/CMakeFiles/__idf_esp_hal_lcd.dir/lcd_hal.c.obj
[929/1163] Building C object esp-idf/protocomm/CMakeFiles/__idf_protocomm.dir/proto-c/constants.pb-c.c.obj
[930/1163] Building C object esp-idf/esp_driver_i2c/CMakeFiles/__idf_esp_driver_i2c.dir/i2c_master.c.obj
[931/1163] Linking C static library esp-idf\esp_hal_dma\libesp_hal_dma.a
[932/1163] Building C object esp-idf/protocomm/CMakeFiles/__idf_protocomm.dir/proto-c/sec1.pb-c.c.obj
[933/1163] Building C object esp-idf/protocomm/CMakeFiles/__idf_protocomm.dir/proto-c/sec2.pb-c.c.obj
[934/1163] Building C object esp-idf/protocomm/CMakeFiles/__idf_protocomm.dir/proto-c/session.pb-c.c.obj
[935/1163] Building C object esp-idf/esp_driver_i2c/CMakeFiles/__idf_esp_driver_i2c.dir/i2c_slave.c.obj
[936/1163] Building C object esp-idf/protocomm/CMakeFiles/__idf_protocomm.dir/src/common/protocomm.c.obj
[937/1163] Building C object esp-idf/protocomm/CMakeFiles/__idf_protocomm.dir/src/crypto/srp6a/esp_srp_mpi.c.obj
[938/1163] Linking C static library esp-idf\esp_stdio\libesp_stdio.a
[939/1163] Building C object esp-idf/esp_driver_ledc/CMakeFiles/__idf_esp_driver_ledc.dir/src/ledc.c.obj
[940/1163] Building C object esp-idf/fatfs/CMakeFiles/__idf_fatfs.dir/diskio/diskio_rawflash.c.obj
[941/1163] Building C object esp-idf/fatfs/CMakeFiles/__idf_fatfs.dir/diskio/diskio.c.obj
[942/1163] Linking C static library esp-idf\xtensa\libxtensa.a
[943/1163] Building C object esp-idf/fatfs/CMakeFiles/__idf_fatfs.dir/diskio/diskio_bdl.c.obj
[944/1163] Building C object esp-idf/fatfs/CMakeFiles/__idf_fatfs.dir/src/ffunicode.c.obj
[945/1163] Building C object esp-idf/fatfs/CMakeFiles/__idf_fatfs.dir/diskio/diskio_wl.c.obj
[946/1163] Building C object esp-idf/fatfs/CMakeFiles/__idf_fatfs.dir/port/freertos/ffsystem.c.obj
[947/1163] Building C object esp-idf/protocomm/CMakeFiles/__idf_protocomm.dir/src/transports/protocomm_console.c.obj
[948/1163] Building C object esp-idf/fatfs/CMakeFiles/__idf_fatfs.dir/diskio/diskio_sdmmc.c.obj
[949/1163] Building C object esp-idf/cmock/CMakeFiles/__idf_cmock.dir/CMock/src/cmock.c.obj
[950/1163] Linking C static library esp-idf\esp_hal_sd\libesp_hal_sd.a
[951/1163] Linking C static library esp-idf\esp_driver_spi\libesp_driver_spi.a
[952/1163] Building C object esp-idf/protocomm/CMakeFiles/__idf_protocomm.dir/src/crypto/srp6a/esp_srp.c.obj
[953/1163] Linking C static library esp-idf\esp_hal_ledc\libesp_hal_ledc.a
[954/1163] Building C object esp-idf/protocomm/CMakeFiles/__idf_protocomm.dir/src/transports/protocomm_httpd.c.obj
[955/1163] Building C object esp-idf/fatfs/CMakeFiles/__idf_fatfs.dir/vfs/vfs_fat_spiflash.c.obj
[956/1163] Building C object esp-idf/fatfs/CMakeFiles/__idf_fatfs.dir/vfs/vfs_fat_bdl.c.obj
[957/1163] Linking C static library esp-idf\protobuf-c\libprotobuf-c.a
[958/1163] Linking C static library esp-idf\wear_levelling\libwear_levelling.a
[959/1163] Linking C static library esp-idf\console\libconsole.a
[960/1163] Building C object esp-idf/esp_https_server/CMakeFiles/__idf_esp_https_server.dir/src/https_server.c.obj
[961/1163] Linking C static library esp-idf\unity\libunity.a
[962/1163] Linking C static library esp-idf\esp_hal_twai\libesp_hal_twai.a
[963/1163] Building C object esp-idf/fatfs/CMakeFiles/__idf_fatfs.dir/src/ff.c.obj
[964/1163] Building C object esp-idf/esp_blockdev_util/CMakeFiles/__idf_esp_blockdev_util.dir/generic_partition.c.obj
[965/1163] Building C object esp-idf/esp_driver_gptimer/CMakeFiles/__idf_esp_driver_gptimer.dir/src/gptimer_common.c.obj
[966/1163] Building C object esp-idf/esp_blockdev_util/CMakeFiles/__idf_esp_blockdev_util.dir/memory.c.obj
[967/1163] Building C object esp-idf/protocomm/CMakeFiles/__idf_protocomm.dir/src/security/security2.c.obj
[968/1163] Building C object esp-idf/esp_driver_cam/CMakeFiles/__idf_esp_driver_cam.dir/esp_cam_ctlr.c.obj
[969/1163] Linking C static library esp-idf\esp_driver_ledc\libesp_driver_ledc.a
[970/1163] Linking C static library esp-idf\esp_hal_cam\libesp_hal_cam.a
[971/1163] Linking C static library esp-idf\esp_driver_i2c\libesp_driver_i2c.a
[972/1163] Linking C static library esp-idf\esp_hal_mcpwm\libesp_hal_mcpwm.a
[973/1163] Building C object esp-idf/fatfs/CMakeFiles/__idf_fatfs.dir/vfs/vfs_fat_sdmmc.c.obj
[974/1163] Linking C static library esp-idf\sdmmc\libsdmmc.a
[975/1163] Building C object esp-idf/esp_driver_cam/CMakeFiles/__idf_esp_driver_cam.dir/dvp_share_ctrl.c.obj
[976/1163] Building C object esp-idf/esp_driver_gptimer/CMakeFiles/__idf_esp_driver_gptimer.dir/src/gptimer.c.obj
[977/1163] Building C object esp-idf/driver/CMakeFiles/__idf_driver.dir/touch_sensor/touch_sensor_common.c.obj
[978/1163] Building C object esp-idf/esp_driver_cam/CMakeFiles/__idf_esp_driver_cam.dir/dvp/src/esp_cam_ctlr_dvp_gdma.c.obj
[979/1163] Building C object esp-idf/fatfs/CMakeFiles/__idf_fatfs.dir/vfs/vfs_fat.c.obj
[980/1163] Building C object esp-idf/driver/CMakeFiles/__idf_driver.dir/twai/twai.c.obj
[981/1163] Linking C static library esp-idf\esp_hal_pcnt\libesp_hal_pcnt.a
[982/1163] Linking C static library esp-idf\esp_hal_rmt\libesp_hal_rmt.a
[983/1163] Building C object esp-idf/driver/CMakeFiles/__idf_driver.dir/touch_sensor/esp32s3/touch_sensor.c.obj
[984/1163] Linking C static library esp-idf\esp_driver_sd_intf\libesp_driver_sd_intf.a
[985/1163] Building C object esp-idf/esp_driver_mcpwm/CMakeFiles/__idf_esp_driver_mcpwm.dir/src/mcpwm_cap.c.obj
[986/1163] Building C object esp-idf/driver/CMakeFiles/__idf_driver.dir/i2c/i2c.c.obj
[987/1163] Linking C static library esp-idf\esp_driver_sdspi\libesp_driver_sdspi.a
[988/1163] Building C object esp-idf/esp_driver_cam/CMakeFiles/__idf_esp_driver_cam.dir/dvp/src/esp_cam_ctlr_dvp_cam.c.obj
[989/1163] Linking C static library esp-idf\esp_hal_lcd\libesp_hal_lcd.a
[990/1163] Linking C static library esp-idf\esp_driver_sdmmc\libesp_driver_sdmmc.a
[991/1163] Building C object esp-idf/esp_driver_mcpwm/CMakeFiles/__idf_esp_driver_mcpwm.dir/src/mcpwm_cmpr.c.obj
[992/1163] Linking C static library esp-idf\esp_https_server\libesp_https_server.a
[993/1163] Building C object esp-idf/esp_driver_mcpwm/CMakeFiles/__idf_esp_driver_mcpwm.dir/src/mcpwm_com.c.obj
[994/1163] Building C object esp-idf/esp_driver_mcpwm/CMakeFiles/__idf_esp_driver_mcpwm.dir/src/mcpwm_fault.c.obj
[995/1163] Building C object esp-idf/esp_driver_mcpwm/CMakeFiles/__idf_esp_driver_mcpwm.dir/src/mcpwm_sync.c.obj
[996/1163] Building C object esp-idf/esp_driver_mcpwm/CMakeFiles/__idf_esp_driver_mcpwm.dir/src/mcpwm_oper.c.obj
[997/1163] Building C object esp-idf/esp_driver_mcpwm/CMakeFiles/__idf_esp_driver_mcpwm.dir/src/mcpwm_gen.c.obj
[998/1163] Building C object esp-idf/esp_driver_mcpwm/CMakeFiles/__idf_esp_driver_mcpwm.dir/src/mcpwm_timer.c.obj
[999/1163] Building C object esp-idf/esp_driver_pcnt/CMakeFiles/__idf_esp_driver_pcnt.dir/src/pulse_cnt.c.obj
[1000/1163] Building C object esp-idf/esp_driver_twai/CMakeFiles/__idf_esp_driver_twai.dir/twai_frame_queue.c.obj
[1001/1163] Building C object esp-idf/esp_driver_rmt/CMakeFiles/__idf_esp_driver_rmt.dir/src/rmt_encoder.c.obj
[1002/1163] Building C object esp-idf/esp_driver_rmt/CMakeFiles/__idf_esp_driver_rmt.dir/src/rmt_encoder_bytes.c.obj
[1003/1163] Building C object esp-idf/esp_driver_rmt/CMakeFiles/__idf_esp_driver_rmt.dir/src/rmt_common.c.obj
[1004/1163] Building C object esp-idf/esp_driver_sdm/CMakeFiles/__idf_esp_driver_sdm.dir/src/sdm.c.obj
[1005/1163] Building C object esp-idf/esp_hid/CMakeFiles/__idf_esp_hid.dir/src/esp_hidd.c.obj
[1006/1163] Building C object esp-idf/esp_driver_touch_sens/CMakeFiles/__idf_esp_driver_touch_sens.dir/common/touch_sens_common.c.obj
[1007/1163] Building C object esp-idf/esp_hid/CMakeFiles/__idf_esp_hid.dir/src/esp_hid_common.c.obj
[1008/1163] Building C object esp-idf/esp_driver_rmt/CMakeFiles/__idf_esp_driver_rmt.dir/src/rmt_encoder_simple.c.obj
[1009/1163] Building C object esp-idf/esp_driver_twai/CMakeFiles/__idf_esp_driver_twai.dir/esp_twai.c.obj
[1010/1163] Building C object esp-idf/esp_driver_rmt/CMakeFiles/__idf_esp_driver_rmt.dir/src/rmt_encoder_copy.c.obj
[1011/1163] Building C object esp-idf/esp_driver_tsens/CMakeFiles/__idf_esp_driver_tsens.dir/src/temperature_sensor.c.obj
[1012/1163] Building C object esp-idf/esp_driver_rmt/CMakeFiles/__idf_esp_driver_rmt.dir/src/rmt_rx.c.obj
[1013/1163] Building C object esp-idf/esp_driver_touch_sens/CMakeFiles/__idf_esp_driver_touch_sens.dir/hw_ver2/touch_version_specific.c.obj
[1014/1163] Building C object esp-idf/esp_eth/CMakeFiles/__idf_esp_eth.dir/src/esp_eth_netif_glue.c.obj
[1015/1163] Building C object esp-idf/esp_eth/CMakeFiles/__idf_esp_eth.dir/src/esp_eth.c.obj
[1016/1163] Building C object esp-idf/esp_hid/CMakeFiles/__idf_esp_hid.dir/src/esp_hidh.c.obj
[1017/1163] Building C object esp-idf/esp_eth/CMakeFiles/__idf_esp_eth.dir/src/phy/esp_eth_phy_802_3.c.obj
[1018/1163] Building C object esp-idf/esp_driver_rmt/CMakeFiles/__idf_esp_driver_rmt.dir/src/rmt_tx.c.obj
[1019/1163] Building C object esp-idf/esp_driver_twai/CMakeFiles/__idf_esp_driver_twai.dir/esp_twai_onchip.c.obj
[1020/1163] Linking C static library esp-idf\protocomm\libprotocomm.a
[1021/1163] Linking C static library esp-idf\fatfs\libfatfs.a
[1022/1163] Building C object esp-idf/esp_lcd/CMakeFiles/__idf_esp_lcd.dir/src/esp_lcd_common.c.obj
[1023/1163] Building C object esp-idf/esp_lcd/CMakeFiles/__idf_esp_lcd.dir/src/esp_lcd_panel_io.c.obj
[1024/1163] Building C object esp-idf/esp_lcd/CMakeFiles/__idf_esp_lcd.dir/src/esp_lcd_panel_ops.c.obj
[1025/1163] Building C object esp-idf/esp_lcd/CMakeFiles/__idf_esp_lcd.dir/src/esp_lcd_panel_st7789.c.obj
[1026/1163] Building C object esp-idf/esp_lcd/CMakeFiles/__idf_esp_lcd.dir/src/esp_lcd_panel_ssd1306.c.obj
[1027/1163] Building C object esp-idf/esp_lcd/CMakeFiles/__idf_esp_lcd.dir/i2c/esp_lcd_panel_io_i2c.c.obj
[1028/1163] Building C object esp-idf/perfmon/CMakeFiles/__idf_perfmon.dir/xtensa_perfmon_masks.c.obj
[1029/1163] Building C object esp-idf/esp_local_ctrl/CMakeFiles/__idf_esp_local_ctrl.dir/proto-c/esp_local_ctrl.pb-c.c.obj
[1030/1163] Building C object esp-idf/perfmon/CMakeFiles/__idf_perfmon.dir/xtensa_perfmon_access.c.obj
[1031/1163] Building C object esp-idf/perfmon/CMakeFiles/__idf_perfmon.dir/xtensa_perfmon_apis.c.obj
[1032/1163] Building CXX object esp-idf/main/CMakeFiles/__idf_main.dir/keyboard_matrix.cpp.obj
[1033/1163] Building CXX object esp-idf/main/CMakeFiles/__idf_main.dir/input_controller.cpp.obj
[1034/1163] Building C object esp-idf/esp_lcd/CMakeFiles/__idf_esp_lcd.dir/spi/esp_lcd_panel_io_spi.c.obj
[1035/1163] Building C object esp-idf/rt/CMakeFiles/__idf_rt.dir/FreeRTOS_POSIX_utils.c.obj
[1036/1163] Building C object esp-idf/esp_lcd/CMakeFiles/__idf_esp_lcd.dir/i80/esp_lcd_panel_io_i80.c.obj
[1037/1163] Building C object esp-idf/spiffs/CMakeFiles/__idf_spiffs.dir/spiffs/src/spiffs_cache.c.obj
[1038/1163] Building C object esp-idf/esp_local_ctrl/CMakeFiles/__idf_esp_local_ctrl.dir/src/esp_local_ctrl_handler.c.obj
[1039/1163] Building C object esp-idf/rt/CMakeFiles/__idf_rt.dir/FreeRTOS_POSIX_mqueue.c.obj
[1040/1163] Building C object esp-idf/spiffs/CMakeFiles/__idf_spiffs.dir/spiffs/src/spiffs_check.c.obj
[1041/1163] Building C object esp-idf/spiffs/CMakeFiles/__idf_spiffs.dir/spiffs/src/spiffs_gc.c.obj
[1042/1163] Building C object esp-idf/esp_local_ctrl/CMakeFiles/__idf_esp_local_ctrl.dir/src/esp_local_ctrl.c.obj
[1043/1163] Building C object esp-idf/spiffs/CMakeFiles/__idf_spiffs.dir/spiffs_api.c.obj
[1044/1163] Building C object esp-idf/spiffs/CMakeFiles/__idf_spiffs.dir/spiffs/src/spiffs_hydrogen.c.obj
[1045/1163] Building C object esp-idf/esp_local_ctrl/CMakeFiles/__idf_esp_local_ctrl.dir/src/esp_local_ctrl_transport_httpd.c.obj
[1046/1163] Building C object esp-idf/esp_lcd/CMakeFiles/__idf_esp_lcd.dir/rgb/esp_lcd_panel_rgb.c.obj
[1047/1163] Building C object esp-idf/spiffs/CMakeFiles/__idf_spiffs.dir/spiffs/src/spiffs_nucleus.c.obj
[1048/1163] Building C object esp-idf/spiffs/CMakeFiles/__idf_spiffs.dir/esp_spiffs.c.obj
[1049/1163] Building CXX object esp-idf/main/CMakeFiles/__idf_main.dir/tdeck_input.cpp.obj
[1050/1163] Building CXX object esp-idf/main/CMakeFiles/__idf_main.dir/C_/Dev/OpenU5-Native/native/core/src/audio.cpp.obj
[1051/1163] Building CXX object esp-idf/main/CMakeFiles/__idf_main.dir/ui_input_adapter.cpp.obj
[1052/1163] Building CXX object esp-idf/main/CMakeFiles/__idf_main.dir/C_/Dev/OpenU5-Native/native/core/src/render_pacing.cpp.obj
[1053/1163] Building CXX object esp-idf/main/CMakeFiles/__idf_main.dir/C_/Dev/OpenU5-Native/native/core/src/ambient_sfx.cpp.obj
[1054/1163] Building CXX object esp-idf/main/CMakeFiles/__idf_main.dir/C_/Dev/OpenU5-Native/native/core/src/sfx_inventory.cpp.obj
[1055/1163] Building CXX object esp-idf/main/CMakeFiles/__idf_main.dir/native_renderer.cpp.obj
[1056/1163] Building CXX object esp-idf/main/CMakeFiles/__idf_main.dir/C_/Dev/OpenU5-Native/native/core/src/sfx_synth.cpp.obj
[1057/1163] Building CXX object esp-idf/main/CMakeFiles/__idf_main.dir/alpha_dialogue.cpp.obj
[1058/1163] Building CXX object esp-idf/main/CMakeFiles/__idf_main.dir/C_/Dev/OpenU5-Native/native/core/src/hud.cpp.obj
[1059/1163] Building CXX object esp-idf/main/CMakeFiles/__idf_main.dir/C_/Dev/OpenU5-Native/native/core/src/frontend.cpp.obj
[1060/1163] Building CXX object esp-idf/main/CMakeFiles/__idf_main.dir/dungeon_art_cache.cpp.obj
[1061/1163] Building CXX object esp-idf/main/CMakeFiles/__idf_main.dir/device_smoke_tests.cpp.obj
[1062/1163] Building CXX object esp-idf/main/CMakeFiles/__idf_main.dir/C_/Dev/OpenU5-Native/native/core/src/poison_tick.cpp.obj
[1063/1163] Building CXX object esp-idf/main/CMakeFiles/__idf_main.dir/C_/Dev/OpenU5-Native/native/core/src/sd_diag_log.cpp.obj
[1064/1163] Building CXX object esp-idf/main/CMakeFiles/__idf_main.dir/C_/Dev/OpenU5-Native/native/core/src/audio_pack.cpp.obj
[1065/1163] Building CXX object esp-idf/main/CMakeFiles/__idf_main.dir/asset_pack.cpp.obj
[1066/1163] Building CXX object esp-idf/main/CMakeFiles/__idf_main.dir/C_/Dev/OpenU5-Native/native/core/src/display_names.cpp.obj
[1067/1163] Building CXX object esp-idf/main/CMakeFiles/__idf_main.dir/alpha_resources.cpp.obj
[1068/1163] Building CXX object esp-idf/main/CMakeFiles/__idf_main.dir/C_/Dev/OpenU5-Native/native/core/src/scene_timing.cpp.obj
[1069/1163] Building CXX object esp-idf/main/CMakeFiles/__idf_main.dir/alpha_save_generation.cpp.obj
[1070/1163] Building CXX object esp-idf/main/CMakeFiles/__idf_main.dir/sd_diagnostic_logger.cpp.obj
[1071/1163] Building CXX object esp-idf/main/CMakeFiles/__idf_main.dir/C_/Dev/OpenU5-Native/native/core/src/world_fx.cpp.obj
[1072/1163] Building CXX object esp-idf/main/CMakeFiles/__idf_main.dir/C_/Dev/OpenU5-Native/native/core/src/intro_view.cpp.obj
[1073/1163] Building CXX object esp-idf/main/CMakeFiles/__idf_main.dir/alpha_audio.cpp.obj
[1074/1163] Building CXX object esp-idf/main/CMakeFiles/__idf_main.dir/C_/Dev/OpenU5-Native/native/core/src/system_menu.cpp.obj
[1075/1163] Building CXX object esp-idf/main/CMakeFiles/__idf_main.dir/C_/Dev/OpenU5-Native/native/core/src/dungeon_encounters.cpp.obj
[1076/1163] Building CXX object esp-idf/main/CMakeFiles/__idf_main.dir/main.cpp.obj
[1077/1163] Building CXX object esp-idf/main/CMakeFiles/__idf_main.dir/C_/Dev/OpenU5-Native/native/core/src/frontend_settings.cpp.obj
[1078/1163] Building CXX object esp-idf/main/CMakeFiles/__idf_main.dir/C_/Dev/OpenU5-Native/native/core/src/narrative_scene.cpp.obj
[1079/1163] Building CXX object esp-idf/main/CMakeFiles/__idf_main.dir/C_/Dev/OpenU5-Native/native/core/src/audio_stream.cpp.obj
[1080/1163] Building CXX object esp-idf/main/CMakeFiles/__idf_main.dir/tdeck_audio.cpp.obj
[1081/1163] Building CXX object esp-idf/main/CMakeFiles/__idf_main.dir/system_perf.cpp.obj
[1082/1163] Building CXX object esp-idf/main/CMakeFiles/__idf_main.dir/tdeck_board.cpp.obj
[1083/1163] Building CXX object esp-idf/main/CMakeFiles/__idf_main.dir/C_/Dev/OpenU5-Native/native/core/src/perf_report.cpp.obj
[1084/1163] Building CXX object esp-idf/main/CMakeFiles/__idf_main.dir/C_/Dev/OpenU5-Native/native/core/src/presentation.cpp.obj
[1085/1163] Building CXX object esp-idf/main/CMakeFiles/__idf_main.dir/C_/Dev/OpenU5-Native/native/core/src/command_char.cpp.obj
[1086/1163] Building CXX object esp-idf/main/CMakeFiles/__idf_main.dir/alpha_save.cpp.obj
[1087/1163] Building CXX object esp-idf/main/CMakeFiles/__idf_main.dir/C_/Dev/OpenU5-Native/native/core/src/blackthorn_scene.cpp.obj
[1088/1163] Building CXX object esp-idf/main/CMakeFiles/__idf_main.dir/C_/Dev/OpenU5-Native/native/core/src/dungeon.cpp.obj
[1089/1163] Building CXX object esp-idf/main/CMakeFiles/__idf_main.dir/C_/Dev/OpenU5-Native/native/core/src/rng.cpp.obj
[1090/1163] Building CXX object esp-idf/main/CMakeFiles/__idf_main.dir/C_/Dev/OpenU5-Native/native/core/src/world_terrain.cpp.obj
[1091/1163] Building CXX object esp-idf/main/CMakeFiles/__idf_main.dir/C_/Dev/OpenU5-Native/native/core/src/shrine.cpp.obj
[1092/1163] Building CXX object esp-idf/main/CMakeFiles/__idf_main.dir/C_/Dev/OpenU5-Native/native/core/src/look.cpp.obj
[1093/1163] Building CXX object esp-idf/main/CMakeFiles/__idf_main.dir/C_/Dev/OpenU5-Native/native/core/src/time.cpp.obj
[1094/1163] Building CXX object esp-idf/main/CMakeFiles/__idf_main.dir/C_/Dev/OpenU5-Native/native/core/src/music_synth.cpp.obj
[1095/1163] Building CXX object esp-idf/main/CMakeFiles/__idf_main.dir/C_/Dev/OpenU5-Native/native/core/src/gem_view.cpp.obj
[1096/1163] Building CXX object esp-idf/main/CMakeFiles/__idf_main.dir/C_/Dev/OpenU5-Native/native/core/src/dungeon_art.cpp.obj
[1097/1163] Building CXX object esp-idf/main/CMakeFiles/__idf_main.dir/C_/Dev/OpenU5-Native/native/core/src/ui_session.cpp.obj
[1098/1163] Building CXX object esp-idf/main/CMakeFiles/__idf_main.dir/C_/Dev/OpenU5-Native/native/core/src/dungeon_view.cpp.obj
[1099/1163] Building CXX object esp-idf/main/CMakeFiles/__idf_main.dir/C_/Dev/OpenU5-Native/native/core/src/transport.cpp.obj
[1100/1163] Building CXX object esp-idf/main/CMakeFiles/__idf_main.dir/C_/Dev/OpenU5-Native/native/core/src/world_magic.cpp.obj
[1101/1163] Building CXX object esp-idf/main/CMakeFiles/__idf_main.dir/C_/Dev/OpenU5-Native/native/core/src/world_commands.cpp.obj
[1102/1163] Building CXX object esp-idf/main/CMakeFiles/__idf_main.dir/C_/Dev/OpenU5-Native/native/core/src/quest.cpp.obj
[1103/1163] Building CXX object esp-idf/main/CMakeFiles/__idf_main.dir/C_/Dev/OpenU5-Native/native/core/src/quest_world.cpp.obj
[1104/1163] Building CXX object esp-idf/main/CMakeFiles/__idf_main.dir/C_/Dev/OpenU5-Native/native/core/src/quest_search.cpp.obj
[1105/1163] Building CXX object esp-idf/main/CMakeFiles/__idf_main.dir/C_/Dev/OpenU5-Native/native/core/src/blackthorn.cpp.obj
[1106/1163] Building CXX object esp-idf/main/CMakeFiles/__idf_main.dir/C_/Dev/OpenU5-Native/native/core/src/outdoor.cpp.obj
[1107/1163] Building CXX object esp-idf/main/CMakeFiles/__idf_main.dir/C_/Dev/OpenU5-Native/native/core/src/world.cpp.obj
[1108/1163] Building CXX object esp-idf/main/CMakeFiles/__idf_main.dir/C_/Dev/OpenU5-Native/native/core/src/state.cpp.obj
[1109/1163] Building CXX object esp-idf/main/CMakeFiles/__idf_main.dir/C_/Dev/OpenU5-Native/native/core/src/shops.cpp.obj
[1110/1163] Building CXX object esp-idf/main/CMakeFiles/__idf_main.dir/C_/Dev/OpenU5-Native/native/core/src/loot.cpp.obj
[1111/1163] Building CXX object esp-idf/main/CMakeFiles/__idf_main.dir/C_/Dev/OpenU5-Native/native/core/src/scripted_encounter.cpp.obj
[1112/1163] Building CXX object esp-idf/main/CMakeFiles/__idf_main.dir/C_/Dev/OpenU5-Native/native/core/src/inventory_picker.cpp.obj
[1113/1163] Linking C static library esp-idf\esp_driver_gptimer\libesp_driver_gptimer.a
[1114/1163] Linking C static library esp-idf\cmock\libcmock.a
[1115/1163] Building CXX object esp-idf/main/CMakeFiles/__idf_main.dir/C_/Dev/OpenU5-Native/native/core/src/shop_orchestration.cpp.obj
[1116/1163] Building CXX object esp-idf/main/CMakeFiles/__idf_main.dir/C_/Dev/OpenU5-Native/native/core/src/movement.cpp.obj
[1117/1163] Building CXX object esp-idf/main/CMakeFiles/__idf_main.dir/C_/Dev/OpenU5-Native/native/core/src/dungeon_orchestration.cpp.obj
[1118/1163] Linking C static library esp-idf\driver\libdriver.a
[1119/1163] Building CXX object esp-idf/main/CMakeFiles/__idf_main.dir/C_/Dev/OpenU5-Native/native/core/src/save_json.cpp.obj
[1120/1163] Linking C static library esp-idf\esp_blockdev_util\libesp_blockdev_util.a
[1121/1163] Building CXX object esp-idf/main/CMakeFiles/__idf_main.dir/alpha_runtime.cpp.obj
[1122/1163] Building CXX object esp-idf/main/CMakeFiles/__idf_main.dir/C_/Dev/OpenU5-Native/native/core/src/gameplay_save.cpp.obj
[1123/1163] Linking C static library esp-idf\esp_driver_cam\libesp_driver_cam.a
[1124/1163] Linking C static library esp-idf\esp_driver_pcnt\libesp_driver_pcnt.a
[1125/1163] Building CXX object esp-idf/main/CMakeFiles/__idf_main.dir/C_/Dev/OpenU5-Native/native/core/src/transitions.cpp.obj
[1126/1163] Linking C static library esp-idf\esp_driver_mcpwm\libesp_driver_mcpwm.a
[1127/1163] Linking C static library esp-idf\esp_driver_sdm\libesp_driver_sdm.a
[1128/1163] Linking C static library esp-idf\esp_driver_touch_sens\libesp_driver_touch_sens.a
[1129/1163] Linking C static library esp-idf\esp_driver_tsens\libesp_driver_tsens.a
[1130/1163] Building CXX object esp-idf/main/CMakeFiles/__idf_main.dir/C_/Dev/OpenU5-Native/native/core/src/inventory.cpp.obj
[1131/1163] Linking C static library esp-idf\esp_driver_rmt\libesp_driver_rmt.a
[1132/1163] Building CXX object esp-idf/main/CMakeFiles/__idf_main.dir/C_/Dev/OpenU5-Native/native/core/src/turn.cpp.obj
[1133/1163] Linking C static library esp-idf\esp_eth\libesp_eth.a
[1134/1163] Linking C static library esp-idf\esp_driver_twai\libesp_driver_twai.a
[1135/1163] Linking C static library esp-idf\esp_hid\libesp_hid.a
[1136/1163] Linking C static library esp-idf\perfmon\libperfmon.a
[1137/1163] Linking C static library esp-idf\esp_lcd\libesp_lcd.a
[1138/1163] Linking C static library esp-idf\rt\librt.a
[1139/1163] Building CXX object esp-idf/main/CMakeFiles/__idf_main.dir/C_/Dev/OpenU5-Native/native/core/src/actors.cpp.obj
[1140/1163] Building CXX object esp-idf/main/CMakeFiles/__idf_main.dir/C_/Dev/OpenU5-Native/native/core/src/pathfind.cpp.obj
[1141/1163] Linking C static library esp-idf\spiffs\libspiffs.a
[1142/1163] Linking C static library esp-idf\esp_local_ctrl\libesp_local_ctrl.a
[1143/1163] Building CXX object esp-idf/main/CMakeFiles/__idf_main.dir/C_/Dev/OpenU5-Native/native/core/src/save_core.cpp.obj
[1144/1163] Building CXX object esp-idf/main/CMakeFiles/__idf_main.dir/C_/Dev/OpenU5-Native/native/core/src/npc_path.cpp.obj
[1145/1163] Building CXX object esp-idf/main/CMakeFiles/__idf_main.dir/C_/Dev/OpenU5-Native/native/core/src/magic.cpp.obj
[1146/1163] Building CXX object esp-idf/main/CMakeFiles/__idf_main.dir/C_/Dev/OpenU5-Native/native/core/src/debug_labels.cpp.obj
[1147/1163] Building CXX object esp-idf/main/CMakeFiles/__idf_main.dir/C_/Dev/OpenU5-Native/native/core/src/persistence.cpp.obj
[1148/1163] Building CXX object esp-idf/main/CMakeFiles/__idf_main.dir/C_/Dev/OpenU5-Native/native/core/src/zstats.cpp.obj
[1149/1163] Building CXX object esp-idf/main/CMakeFiles/__idf_main.dir/C_/Dev/OpenU5-Native/native/core/src/rest.cpp.obj
[1150/1163] Building CXX object esp-idf/main/CMakeFiles/__idf_main.dir/C_/Dev/OpenU5-Native/native/core/src/ui_debug_menu.cpp.obj
[1151/1163] Building CXX object esp-idf/main/CMakeFiles/__idf_main.dir/C_/Dev/OpenU5-Native/native/core/src/dialogue_effects.cpp.obj
[1152/1163] Building CXX object esp-idf/main/CMakeFiles/__idf_main.dir/C_/Dev/OpenU5-Native/native/core/src/debug_map_picker.cpp.obj
[1153/1163] Building CXX object esp-idf/main/CMakeFiles/__idf_main.dir/C_/Dev/OpenU5-Native/native/core/src/dialogue_orchestration.cpp.obj
[1154/1163] Building CXX object esp-idf/main/CMakeFiles/__idf_main.dir/C_/Dev/OpenU5-Native/native/core/src/debug_developer.cpp.obj
[1155/1163] Building CXX object esp-idf/main/CMakeFiles/__idf_main.dir/C_/Dev/OpenU5-Native/native/core/src/dialogue.cpp.obj
[1156/1163] Building CXX object esp-idf/main/CMakeFiles/__idf_main.dir/C_/Dev/OpenU5-Native/native/core/src/commands.cpp.obj
[1157/1163] Building CXX object esp-idf/main/CMakeFiles/__idf_main.dir/C_/Dev/OpenU5-Native/native/core/src/combat.cpp.obj
[1158/1163] Linking C static library esp-idf\main\libmain.a
[1159/1163] Generating esp-idf/esp_system/ld/sections.ld
Skipping linker script generation, section names unchanged

[1160/1163] Building C object CMakeFiles/openu5_tdeck.elf.dir/project_elf_src_esp32s3.c.obj
[1161/1163] Linking CXX executable openu5_tdeck.elf
[1162/1163] Generating binary image from built executable
esptool v5.4.0

Creating ESP32-S3 image...

Merged 3 ELF sections.

Successfully created ESP32-S3 image.

Generated <repo>/native/targets/tdeck/build-a3-04e/openu5_tdeck.bin
[1163/1163] C:\WINDOWS\system32\cmd.exe /C "cd /D <repo>\native\targets\tdeck\build-a3-04e && <home>\.espressif\python_env\idf6.1_py3.14_env\Scripts\python.exe C:/esp/v6.1/esp-idf/components/partition_table/check_sizes.py --offset 0x8000 partition --type app <repo>/native/targets/tdeck/build-a3-04e/partition_table/partition-table.bin <repo>/native/targets/tdeck/build-a3-04e/openu5_tdeck.bin"
openu5_tdeck.bin binary size 0xee5d0 bytes. Smallest app partition is 0x100000 bytes. 0x11a30 bytes (7%) free.

[0/1] C:\WINDOWS\system32\cmd.exe /C "cd /D <repo>\native\targets\tdeck\build-a3-04e && <home>\.espressif\tools\cmake\4.0.3\bin\cmake.exe -D IDF_SIZE_TOOL=<home>/.espressif/python_env/idf6.1_py3.14_env/Scripts/python.exe;-m;esp_idf_size -D MAP_FILE=<repo>/native/targets/tdeck/build-a3-04e/openu5_tdeck.map -D OUTPUT_JSON= -P C:/esp/v6.1/esp-idf/tools/cmake/run_size_tool.cmake"
Memory Type Usage Summary
┌─────────────────────┬──────────────┬──────────┬────────────────┬───────────────┐
│ Memory Type/Section │ Used [bytes] │ Used [%] │ Remain [bytes] │ Total [bytes] │
├─────────────────────┼──────────────┼──────────┼────────────────┼───────────────┤
│ Flash Code          │       658514 │          │                │               │
│    .text            │       658514 │          │                │               │
│ Flash Data          │       217204 │          │                │               │
│    .rodata          │       216932 │          │                │               │
│    .appdesc         │          256 │          │                │               │
│    .tdata           │           16 │          │                │               │
│ DIRAM               │       135762 │    39.72 │         205998 │        341760 │
│    .text            │        60647 │    17.75 │                │               │
│    .bss             │        51680 │    15.12 │                │               │
│    .data            │        23435 │     6.86 │                │               │
│ IRAM                │        16384 │    100.0 │              0 │         16384 │
│    .text            │        15356 │    93.73 │                │               │
│    .vectors         │         1028 │     6.27 │                │               │
│ RTC SLOW            │           48 │     0.59 │           8144 │          8192 │
│    .force_slow      │           36 │     0.44 │                │               │
│    .rtc_noinit      │           12 │     0.15 │                │               │
│ RTC FAST            │           24 │     0.29 │           8168 │          8192 │
│    .rtc_reserved    │           24 │     0.29 │                │               │
└─────────────────────┴──────────────┴──────────┴────────────────┴───────────────┘
Total image size: 976220 bytes (.bin may be padded larger)
Note: The reported total sizes may be smaller than those in the technical reference manual due to reserved memory and 
application configuration. The total flash size available for the application is not included by default, as it cannot 
be reliably determined due to the presence of other data like the bootloader, partition table, and application 
partition size.
Executing action: size
Running cmake in directory <repo>\native\targets\tdeck\build-a3-04e
Executing "cmake -G Ninja -B <repo>\native\targets\tdeck\build-a3-04e -DPYTHON_DEPS_CHECKED=1 -DPYTHON=<home>\.espressif\python_env\idf6.1_py3.14_env\Scripts\python.exe -DESP_PLATFORM=1 -DCCACHE_ENABLE=True <repo>\native\targets\tdeck"...
Running ninja in directory <repo>\native\targets\tdeck\build-a3-04e
Executing "ninja all"...
Running ninja in directory <repo>\native\targets\tdeck\build-a3-04e
Executing "ninja size"...
