-- The CXX compiler identification is GNU 16.2.0
-- Detecting CXX compiler ABI info
-- Detecting CXX compiler ABI info - done
-- Check for working CXX compiler: C:/Dev/TamaPoke/.build-tools/w64devkit/bin/c++.exe - skipped
-- Detecting CXX compile features
-- Detecting CXX compile features - done
-- Configuring done (2.9s)
-- Generating done (0.5s)
-- Build files have been written to: C:/Dev/OpenU5-Native/native/core/build-a3-02-baseline
[1/777] Building CXX object CMakeFiles/openu5_core.dir/src/poison_tick.cpp.obj
[2/777] Building CXX object CMakeFiles/openu5_core.dir/src/scene_timing.cpp.obj
[3/777] Building CXX object CMakeFiles/openu5_core.dir/src/audio.cpp.obj
[4/777] Building CXX object CMakeFiles/openu5_core.dir/src/dungeon_encounters.cpp.obj
[5/777] Building CXX object CMakeFiles/openu5_core.dir/src/display_names.cpp.obj
[6/777] Building CXX object CMakeFiles/openu5_core.dir/src/hud.cpp.obj
[7/777] Building CXX object CMakeFiles/openu5_core.dir/src/world_fx.cpp.obj
[8/777] Building CXX object CMakeFiles/openu5_core.dir/src/command_char.cpp.obj
[9/777] Building CXX object CMakeFiles/openu5_core.dir/src/dungeon_view.cpp.obj
[10/777] Building CXX object CMakeFiles/openu5_core.dir/src/intro_view.cpp.obj
[11/777] Building CXX object CMakeFiles/openu5_core.dir/src/system_menu.cpp.obj
[12/777] Building CXX object CMakeFiles/openu5_core.dir/src/frontend.cpp.obj
[13/777] Building CXX object CMakeFiles/openu5_core.dir/src/audio_pack.cpp.obj
[14/777] Building CXX object CMakeFiles/openu5_core.dir/src/narrative_scene.cpp.obj
[15/777] Building CXX object CMakeFiles/openu5_core.dir/src/gem_view.cpp.obj
[16/777] Building CXX object CMakeFiles/openu5_core.dir/src/dungeon_art.cpp.obj
[17/777] Building CXX object CMakeFiles/openu5_core.dir/src/transport.cpp.obj
[18/777] Building CXX object CMakeFiles/openu5_core.dir/src/dungeon.cpp.obj
[19/777] Building CXX object CMakeFiles/openu5_core.dir/src/rng.cpp.obj
[20/777] Building CXX object CMakeFiles/openu5_core.dir/src/world_magic.cpp.obj
[21/777] Building CXX object CMakeFiles/openu5_core.dir/src/state.cpp.obj
[22/777] Building CXX object CMakeFiles/openu5_core.dir/src/time.cpp.obj
[23/777] Building CXX object CMakeFiles/openu5_core.dir/src/shrine.cpp.obj
[24/777] Building CXX object CMakeFiles/openu5_core.dir/src/world.cpp.obj
[25/777] Building CXX object CMakeFiles/openu5_core.dir/src/dungeon_orchestration.cpp.obj
[26/777] Building CXX object CMakeFiles/openu5_core.dir/src/world_terrain.cpp.obj
[27/777] Building CXX object CMakeFiles/openu5_core.dir/src/loot.cpp.obj
[28/777] Building CXX object CMakeFiles/openu5_core.dir/src/presentation.cpp.obj
[29/777] Building CXX object CMakeFiles/openu5_core.dir/src/scripted_encounter.cpp.obj
[30/777] Building CXX object CMakeFiles/openu5_core.dir/src/look.cpp.obj
[31/777] Building CXX object CMakeFiles/openu5_core.dir/src/movement.cpp.obj
[32/777] Building CXX object CMakeFiles/openu5_core.dir/src/inventory_picker.cpp.obj
[33/777] Building CXX object CMakeFiles/openu5_core.dir/src/blackthorn_scene.cpp.obj
[34/777] Building CXX object CMakeFiles/openu5_core.dir/src/world_commands.cpp.obj
[35/777] Building CXX object CMakeFiles/openu5_core.dir/src/shops.cpp.obj
[36/777] Building CXX object CMakeFiles/openu5_core.dir/src/transitions.cpp.obj
[37/777] Building CXX object CMakeFiles/openu5_core.dir/src/quest_search.cpp.obj
[38/777] Building CXX object CMakeFiles/openu5_core.dir/src/outdoor.cpp.obj
[39/777] Building CXX object CMakeFiles/openu5_core.dir/src/quest.cpp.obj
[40/777] Building CXX object CMakeFiles/openu5_core.dir/src/inventory.cpp.obj
[41/777] Building CXX object CMakeFiles/openu5_core.dir/src/pathfind.cpp.obj
[42/777] Building CXX object CMakeFiles/openu5_core.dir/src/actors.cpp.obj
[43/777] Building CXX object CMakeFiles/openu5_core.dir/src/debug_labels.cpp.obj
[44/777] Building CXX object CMakeFiles/openu5_core.dir/src/zstats.cpp.obj
[45/777] Building CXX object CMakeFiles/openu5_core.dir/src/ui_session.cpp.obj
[46/777] Building CXX object CMakeFiles/openu5_core.dir/src/magic.cpp.obj
[47/777] Building CXX object CMakeFiles/openu5_core.dir/src/turn.cpp.obj
[48/777] Building CXX object CMakeFiles/openu5_core.dir/src/blackthorn.cpp.obj
[49/777] Building CXX object CMakeFiles/openu5_core.dir/src/npc_path.cpp.obj
[50/777] Building CXX object CMakeFiles/openu5_core.dir/src/ui_debug_menu.cpp.obj
[51/777] Building CXX object CMakeFiles/openu5_core.dir/src/dialogue_effects.cpp.obj
[52/777] Building CXX object CMakeFiles/openu5_core.dir/src/rest.cpp.obj
[53/777] Building CXX object CMakeFiles/openu5_core.dir/src/quest_world.cpp.obj
[54/777] Building CXX object CMakeFiles/openu5_core.dir/src/frontend_settings.cpp.obj
[55/777] Building CXX object CMakeFiles/openu5_core.dir/src/debug_map_picker.cpp.obj
[56/777] Building CXX object CMakeFiles/debug_labels_tests.dir/tests/debug_labels_test.cpp.obj
[57/777] Building CXX object CMakeFiles/display_names_tests.dir/tests/display_names_test.cpp.obj
[58/777] Building CXX object CMakeFiles/quest_search_tests.dir/tests/quest_search_test.cpp.obj
[59/777] Building CXX object CMakeFiles/openu5_core.dir/src/dialogue_orchestration.cpp.obj
[60/777] Building CXX object CMakeFiles/measure_ui_sizes.dir/tools/measure-ui-sizes.cpp.obj
[61/777] Building CXX object CMakeFiles/openu5_core.dir/src/debug_developer.cpp.obj
[62/777] Building CXX object CMakeFiles/ui_host_harness.dir/tools/ui_host_harness.cpp.obj
[63/777] Building CXX object CMakeFiles/openu5_core.dir/src/shop_orchestration.cpp.obj
[64/777] Building CXX object CMakeFiles/look_sign_tests.dir/tests/look_sign_test.cpp.obj
[65/777] Building CXX object CMakeFiles/ui_debug_menu_tests.dir/tests/ui_debug_menu_test.cpp.obj
[66/777] Building CXX object CMakeFiles/debug_map_picker_tests.dir/tests/debug_map_picker_test.cpp.obj
[67/777] Building CXX object CMakeFiles/openu5_core.dir/src/save_json.cpp.obj
[68/777] Building CXX object CMakeFiles/shop_parity_tests.dir/tests/shop_parity_test.cpp.obj
[69/777] Building CXX object CMakeFiles/shop_adapter_tests.dir/tests/shop_adapter_test.cpp.obj
[70/777] Building CXX object CMakeFiles/movement_flow_parity_tests.dir/tests/movement_flow_parity_test.cpp.obj
[71/777] Building CXX object CMakeFiles/world_flow_adapter_tests.dir/tests/world_flow_adapter_test.cpp.obj
[72/777] Building CXX object CMakeFiles/batch21b_chest_reset.dir/tests/batch21b_chest_reset_test.cpp.obj
[73/777] Building CXX object CMakeFiles/dialogue_adapter_tests.dir/tests/dialogue_adapter_test.cpp.obj
[74/777] Building CXX object CMakeFiles/shop_flow_tests.dir/tests/shop_flow_test.cpp.obj
[75/777] Building CXX object CMakeFiles/transport_flow_parity_tests.dir/tests/transport_flow_parity_test.cpp.obj
[76/777] Building CXX object CMakeFiles/debug_developer_tests.dir/tests/debug_developer_test.cpp.obj
[77/777] Building CXX object CMakeFiles/movement_regression.dir/C_/Dev/OpenU5-Native/native/targets/tdeck/host_tests/movement_test.cpp.obj
[78/777] Building CXX object CMakeFiles/frontend_tests.dir/tests/frontend_test.cpp.obj
[79/777] Building CXX object CMakeFiles/dungeon_parity_tests.dir/tests/dungeon_parity_test.cpp.obj
[80/777] Building CXX object CMakeFiles/core_parity_tests.dir/tests/parity_test.cpp.obj
[81/777] Building CXX object CMakeFiles/gameplay_integration_tests.dir/tests/gameplay_integration_test.cpp.obj
[82/777] Building CXX object CMakeFiles/openu5_core.dir/src/commands.cpp.obj
[83/777] Building CXX object CMakeFiles/dungeon_flow_parity_tests.dir/tests/dungeon_flow_parity_test.cpp.obj
[84/777] Building CXX object CMakeFiles/magic_parity_tests.dir/tests/magic_parity_test.cpp.obj
[85/777] Building CXX object CMakeFiles/ui_session_tests.dir/tests/ui_session_test.cpp.obj
[86/777] Building CXX object CMakeFiles/world_flow_parity_tests.dir/tests/world_flow_parity_test.cpp.obj
[87/777] Building CXX object CMakeFiles/batch21a3_combat_active_player.dir/C_/Dev/OpenU5-Native/native/targets/tdeck/main/ui_input_adapter.cpp.obj
[88/777] Building CXX object CMakeFiles/batch21a3_combat_active_player.dir/C_/Dev/OpenU5-Native/native/targets/tdeck/main/input_controller.cpp.obj
[89/777] Building CXX object CMakeFiles/input_regression.dir/C_/Dev/OpenU5-Native/native/targets/tdeck/main/input_controller.cpp.obj
[90/777] Building CXX object CMakeFiles/batch21a3_combat_active_player.dir/C_/Dev/OpenU5-Native/native/targets/tdeck/main/keyboard_matrix.cpp.obj
[91/777] Building CXX object CMakeFiles/gem_view_regression.dir/tests/gem_view_test.cpp.obj
[92/777] Building CXX object CMakeFiles/combat_escape_regression.dir/tests/combat_escape_regression_test.cpp.obj
[93/777] Building CXX object CMakeFiles/input_regression.dir/C_/Dev/OpenU5-Native/native/targets/tdeck/main/ui_input_adapter.cpp.obj
[94/777] Building CXX object CMakeFiles/dungeon_input_regression.dir/C_/Dev/OpenU5-Native/native/targets/tdeck/main/ui_input_adapter.cpp.obj
[95/777] Building CXX object CMakeFiles/openu5_core.dir/src/dialogue.cpp.obj
[96/777] Building CXX object CMakeFiles/dungeon_view_regression.dir/tests/dungeon_view_test.cpp.obj
[97/777] Building CXX object CMakeFiles/dungeon_input_regression.dir/C_/Dev/OpenU5-Native/native/targets/tdeck/main/input_controller.cpp.obj
[98/777] Building CXX object CMakeFiles/combat_loot_open_regression.dir/tests/combat_loot_open_regression_test.cpp.obj
[99/777] Building CXX object CMakeFiles/input_regression.dir/C_/Dev/OpenU5-Native/native/targets/tdeck/main/keyboard_matrix.cpp.obj
[100/777] Building CXX object CMakeFiles/dungeon_art_regression.dir/tests/dungeon_art_test.cpp.obj
[101/777] Building CXX object CMakeFiles/dungeon_combat_regression.dir/C_/Dev/OpenU5-Native/native/targets/tdeck/main/input_controller.cpp.obj
[102/777] Building CXX object CMakeFiles/dungeon_input_regression.dir/C_/Dev/OpenU5-Native/native/targets/tdeck/main/keyboard_matrix.cpp.obj
[103/777] Building CXX object CMakeFiles/batch21a3_combat_active_player.dir/tests/batch21a3_combat_active_player_test.cpp.obj
[104/777] Building CXX object CMakeFiles/dungeon_combat_regression.dir/C_/Dev/OpenU5-Native/native/targets/tdeck/main/ui_input_adapter.cpp.obj
[105/777] Building CXX object CMakeFiles/command_parity_tests.dir/tests/command_parity_test.cpp.obj
In file included from C:/Dev/TamaPoke/.build-tools/w64devkit/lib/gcc/x86_64-w64-mingw32/16.2.0/include/c++/vector:67,
                 from C:/Dev/OpenU5-Native/native/core/tests/command_parity_test.cpp:6:
In function '_ForwardIterator std::uninitialized_copy(_InputIterator, _InputIterator, _ForwardIterator) [with _InputIterator = __gnu_cxx::__normal_iterator<const long long int*, vector<long long int> >; _ForwardIterator = long long int*]',
    inlined from 'constexpr _ForwardIterator std::__uninitialized_copy_a(_InputIterator, _Sentinel, _ForwardIterator, allocator<_Tp>&) [with _InputIterator = __gnu_cxx::__normal_iterator<const long long int*, vector<long long int> >; _Sentinel = __gnu_cxx::__normal_iterator<const long long int*, vector<long long int> >; _ForwardIterator = long long int*; _Tp = long long int]' at C:/Dev/TamaPoke/.build-tools/w64devkit/lib/gcc/x86_64-w64-mingw32/16.2.0/include/c++/bits/stl_uninitialized.h:659:32,
    inlined from 'constexpr void std::vector<_Tp, _Alloc>::_M_range_insert(iterator, _ForwardIterator, _ForwardIterator, std::forward_iterator_tag) [with _ForwardIterator = __gnu_cxx::__normal_iterator<const long long int*, std::vector<long long int> >; _Tp = long long int; _Alloc = std::allocator<long long int>]' at C:/Dev/TamaPoke/.build-tools/w64devkit/lib/gcc/x86_64-w64-mingw32/16.2.0/include/c++/bits/vector.tcc:984:34,
    inlined from 'constexpr std::vector<_Tp, _Alloc>::iterator std::vector<_Tp, _Alloc>::insert(const_iterator, _InputIterator, _InputIterator) [with _InputIterator = __gnu_cxx::__normal_iterator<const long long int*, std::vector<long long int> >; <template-parameter-2-2> = void; _Tp = long long int; _Alloc = std::allocator<long long int>]' at C:/Dev/TamaPoke/.build-tools/w64devkit/lib/gcc/x86_64-w64-mingw32/16.2.0/include/c++/bits/stl_vector.h:1611:19,
    inlined from 'V Harness::run(openu5::Command, bool)' at C:/Dev/OpenU5-Native/native/core/tests/command_parity_test.cpp:240:17,
    inlined from 'int main(int, char**)' at C:/Dev/OpenU5-Native/native/core/tests/command_parity_test.cpp:270:20:
C:/Dev/TamaPoke/.build-tools/w64devkit/lib/gcc/x86_64-w64-mingw32/16.2.0/include/c++/bits/stl_uninitialized.h:294:31: warning: 'void* __builtin_memcpy(void*, const void*, long long unsigned int)' writing between 1 and 9223372036854775807 bytes into a region of size 0 overflows the destination [-Wstringop-overflow=]
  294 |               __builtin_memcpy(std::__niter_base(__result),
      |               ~~~~~~~~~~~~~~~~^~~~~~~~~~~~~~~~~~~~~~~~~~~~~
  295 |                                std::__niter_base(__first),
      |                                ~~~~~~~~~~~~~~~~~~~~~~~~~~~
  296 |                                __n * sizeof(_ValT));
      |                                ~~~~~~~~~~~~~~~~~~~~
In file included from C:/Dev/TamaPoke/.build-tools/w64devkit/lib/gcc/x86_64-w64-mingw32/16.2.0/include/c++/x86_64-w64-mingw32/bits/c++allocator.h:33,
                 from C:/Dev/TamaPoke/.build-tools/w64devkit/lib/gcc/x86_64-w64-mingw32/16.2.0/include/c++/bits/allocator.h:46,
                 from C:/Dev/TamaPoke/.build-tools/w64devkit/lib/gcc/x86_64-w64-mingw32/16.2.0/include/c++/string:46,
                 from C:/Dev/TamaPoke/.build-tools/w64devkit/lib/gcc/x86_64-w64-mingw32/16.2.0/include/c++/bits/locale_classes.h:43,
                 from C:/Dev/TamaPoke/.build-tools/w64devkit/lib/gcc/x86_64-w64-mingw32/16.2.0/include/c++/bits/ios_base.h:43,
                 from C:/Dev/TamaPoke/.build-tools/w64devkit/lib/gcc/x86_64-w64-mingw32/16.2.0/include/c++/ios:46,
                 from C:/Dev/TamaPoke/.build-tools/w64devkit/lib/gcc/x86_64-w64-mingw32/16.2.0/include/c++/istream:42,
                 from C:/Dev/TamaPoke/.build-tools/w64devkit/lib/gcc/x86_64-w64-mingw32/16.2.0/include/c++/fstream:42,
                 from C:/Dev/OpenU5-Native/native/core/tests/command_parity_test.cpp:4:
In member function 'constexpr _Tp* std::__new_allocator<_Tp>::allocate(size_type, const void*) [with _Tp = long long int]',
    inlined from 'constexpr _Tp* std::allocator< <template-parameter-1-1> >::allocate(std::size_t) [with _Tp = long long int]' at C:/Dev/TamaPoke/.build-tools/w64devkit/lib/gcc/x86_64-w64-mingw32/16.2.0/include/c++/bits/allocator.h:206:40,
    inlined from 'static constexpr _Tp* std::allocator_traits<std::allocator<_CharT> >::allocate(allocator_type&, size_type) [with _Tp = long long int]' at C:/Dev/TamaPoke/.build-tools/w64devkit/lib/gcc/x86_64-w64-mingw32/16.2.0/include/c++/bits/alloc_traits.h:638:28,
    inlined from 'constexpr std::_Vector_base<_Tp, _Alloc>::pointer std::_Vector_base<_Tp, _Alloc>::_M_allocate(std::size_t) [with _Tp = long long int; _Alloc = std::allocator<long long int>]' at C:/Dev/TamaPoke/.build-tools/w64devkit/lib/gcc/x86_64-w64-mingw32/16.2.0/include/c++/bits/stl_vector.h:389:33,
    inlined from 'constexpr void std::vector<_Tp, _Alloc>::_M_range_initialize_n(_Iterator, _Sentinel, size_type) [with _Iterator = const long long int*; _Sentinel = const long long int*; _Tp = long long int; _Alloc = std::allocator<long long int>]' at C:/Dev/TamaPoke/.build-tools/w64devkit/lib/gcc/x86_64-w64-mingw32/16.2.0/include/c++/bits/stl_vector.h:1975:23,
    inlined from 'constexpr std::vector<_Tp, _Alloc>::vector(std::initializer_list<_Tp>, const allocator_type&) [with _Tp = long long int; _Alloc = std::allocator<long long int>]' at C:/Dev/TamaPoke/.build-tools/w64devkit/lib/gcc/x86_64-w64-mingw32/16.2.0/include/c++/bits/stl_vector.h:702:23,
    inlined from 'V Harness::run(openu5::Command, bool)' at C:/Dev/OpenU5-Native/native/core/tests/command_parity_test.cpp:239:84,
    inlined from 'int main(int, char**)' at C:/Dev/OpenU5-Native/native/core/tests/command_parity_test.cpp:270:20:
C:/Dev/TamaPoke/.build-tools/w64devkit/lib/gcc/x86_64-w64-mingw32/16.2.0/include/c++/bits/new_allocator.h:162:75: note: at offset 40 into destination object of size 40 allocated by 'operator new'
  162 |           return static_cast<_Tp*>(_GLIBCXX_OPERATOR_NEW(__n * sizeof(_Tp)));
      |                                                                           ^
[106/777] Building CXX object CMakeFiles/direct_troll_handoff_regression.dir/tests/direct_troll_handoff_test.cpp.obj
[107/777] Building CXX object CMakeFiles/openu5_core.dir/src/persistence.cpp.obj
[108/777] Building CXX object CMakeFiles/presentation_regression.dir/tests/presentation_test.cpp.obj
[109/777] Building CXX object CMakeFiles/dungeon_combat_regression.dir/C_/Dev/OpenU5-Native/native/targets/tdeck/main/keyboard_matrix.cpp.obj
[110/777] Building CXX object CMakeFiles/input_regression.dir/C_/Dev/OpenU5-Native/native/targets/tdeck/host_tests/input_test.cpp.obj
[111/777] Building CXX object CMakeFiles/alpha_runtime_integration_regression.dir/C_/Dev/OpenU5-Native/native/targets/tdeck/host_tests/host_stubs/tdeck_input_host_stub.cpp.obj
[112/777] Building CXX object CMakeFiles/item_parity_tests.dir/tests/item_parity_test.cpp.obj
[113/777] Building CXX object CMakeFiles/combat_parity_tests.dir/tests/combat_parity_test.cpp.obj
[114/777] Building CXX object CMakeFiles/alpha_runtime_integration_regression.dir/C_/Dev/OpenU5-Native/native/targets/tdeck/main/ui_input_adapter.cpp.obj
[115/777] Building CXX object CMakeFiles/alpha_runtime_integration_regression.dir/C_/Dev/OpenU5-Native/native/targets/tdeck/main/input_controller.cpp.obj
[116/777] Building CXX object CMakeFiles/alpha_runtime_integration_regression.dir/C_/Dev/OpenU5-Native/native/targets/tdeck/host_tests/host_stubs/tdeck_board_host_stub.cpp.obj
[117/777] Building CXX object CMakeFiles/travel_parity_tests.dir/tests/travel_parity_test.cpp.obj
[118/777] Building CXX object CMakeFiles/openu5_core.dir/src/save_core.cpp.obj
[119/777] Building CXX object CMakeFiles/alpha_runtime_integration_regression.dir/C_/Dev/OpenU5-Native/native/targets/tdeck/main/keyboard_matrix.cpp.obj
[120/777] Building CXX object CMakeFiles/alpha_runtime_integration_regression.dir/C_/Dev/OpenU5-Native/native/targets/tdeck/host_tests/host_stubs/alpha_save_host_stub.cpp.obj
[121/777] Building CXX object CMakeFiles/action_feedback_regression.dir/tests/action_feedback_test.cpp.obj
[122/777] Building CXX object CMakeFiles/batch12b_hardware_regression.dir/C_/Dev/OpenU5-Native/native/targets/tdeck/main/asset_pack.cpp.obj
[123/777] Building CXX object CMakeFiles/alpha_runtime_integration_regression.dir/C_/Dev/OpenU5-Native/native/targets/tdeck/host_tests/alpha_runtime_host_fixture.cpp.obj
[124/777] Building CXX object CMakeFiles/persistence_driver.dir/tests/persistence_driver.cpp.obj
[125/777] Building CXX object CMakeFiles/batch21a_dungeon_room_regression.dir/C_/Dev/OpenU5-Native/native/targets/tdeck/host_tests/host_stubs/tdeck_input_host_stub.cpp.obj
[126/777] Building CXX object CMakeFiles/batch12b_hardware_regression.dir/C_/Dev/OpenU5-Native/native/targets/tdeck/main/native_renderer.cpp.obj
[127/777] Building CXX object CMakeFiles/ui_mode_regression.dir/C_/Dev/OpenU5-Native/native/targets/tdeck/host_tests/ui_mode_test.cpp.obj
[128/777] Building CXX object CMakeFiles/batch21a_dungeon_room_regression.dir/C_/Dev/OpenU5-Native/native/targets/tdeck/host_tests/host_stubs/tdeck_board_host_stub.cpp.obj
[129/777] Building CXX object CMakeFiles/advanced_combat_parity_tests.dir/tests/advanced_combat_parity_test.cpp.obj
[130/777] Building CXX object CMakeFiles/alpha_runtime_integration_regression.dir/C_/Dev/OpenU5-Native/native/targets/tdeck/host_tests/alpha_runtime_integration_test.cpp.obj
[131/777] Building CXX object CMakeFiles/alpha_runtime_integration_regression.dir/C_/Dev/OpenU5-Native/native/targets/tdeck/host_tests/host_stubs/device_smoke_tests_host_stub.cpp.obj
[132/777] Building CXX object CMakeFiles/dungeon_input_regression.dir/C_/Dev/OpenU5-Native/native/targets/tdeck/host_tests/dungeon_input_test.cpp.obj
[133/777] Building CXX object CMakeFiles/batch21a_dungeon_room_regression.dir/C_/Dev/OpenU5-Native/native/targets/tdeck/main/input_controller.cpp.obj
[134/777] Building CXX object CMakeFiles/dialogue_parity_tests.dir/tests/dialogue_parity_test.cpp.obj
[135/777] Building CXX object CMakeFiles/batch12b_hardware_regression.dir/C_/Dev/OpenU5-Native/native/targets/tdeck/main/dungeon_art_cache.cpp.obj
[136/777] Building CXX object CMakeFiles/batch21a_dungeon_room_regression.dir/C_/Dev/OpenU5-Native/native/targets/tdeck/host_tests/host_stubs/alpha_save_host_stub.cpp.obj
[137/777] Building CXX object CMakeFiles/batch21a_dungeon_room_regression.dir/C_/Dev/OpenU5-Native/native/targets/tdeck/main/ui_input_adapter.cpp.obj
[138/777] Building CXX object CMakeFiles/alpha_runtime_integration_regression.dir/C_/Dev/OpenU5-Native/native/targets/tdeck/main/asset_pack.cpp.obj
[139/777] Building CXX object CMakeFiles/batch12b_hardware_regression.dir/C_/Dev/OpenU5-Native/native/targets/tdeck/main/alpha_resources.cpp.obj
[140/777] Building CXX object CMakeFiles/batch21a_dungeon_room_regression.dir/C_/Dev/OpenU5-Native/native/targets/tdeck/main/keyboard_matrix.cpp.obj
[141/777] Building CXX object CMakeFiles/openu5_core.dir/src/combat.cpp.obj
[142/777] Building CXX object CMakeFiles/batch12b_hardware_regression.dir/C_/Dev/OpenU5-Native/native/targets/tdeck/host_tests/batch12b_hardware_test.cpp.obj
[143/777] Building CXX object CMakeFiles/batch22_basement_objects.dir/C_/Dev/OpenU5-Native/native/targets/tdeck/host_tests/host_stubs/tdeck_input_host_stub.cpp.obj
[144/777] Building CXX object CMakeFiles/batch21a_dungeon_room_regression.dir/C_/Dev/OpenU5-Native/native/targets/tdeck/host_tests/alpha_runtime_host_fixture.cpp.obj
[145/777] Building CXX object CMakeFiles/alpha_runtime_integration_regression.dir/C_/Dev/OpenU5-Native/native/targets/tdeck/main/native_renderer.cpp.obj
[146/777] Building CXX object CMakeFiles/batch22_basement_objects.dir/C_/Dev/OpenU5-Native/native/targets/tdeck/main/input_controller.cpp.obj
[147/777] Building CXX object CMakeFiles/alpha_runtime_integration_regression.dir/C_/Dev/OpenU5-Native/native/targets/tdeck/main/dungeon_art_cache.cpp.obj
[148/777] Building CXX object CMakeFiles/openu5_core.dir/src/gameplay_save.cpp.obj
[149/777] Building CXX object CMakeFiles/alpha_runtime_integration_regression.dir/C_/Dev/OpenU5-Native/native/targets/tdeck/main/alpha_resources.cpp.obj
[150/777] Building CXX object CMakeFiles/batch22_basement_objects.dir/C_/Dev/OpenU5-Native/native/targets/tdeck/host_tests/host_stubs/tdeck_board_host_stub.cpp.obj
[151/777] Building CXX object CMakeFiles/batch22_basement_objects.dir/C_/Dev/OpenU5-Native/native/targets/tdeck/main/ui_input_adapter.cpp.obj
[152/777] Building CXX object CMakeFiles/batch22_basement_objects.dir/C_/Dev/OpenU5-Native/native/targets/tdeck/main/keyboard_matrix.cpp.obj
[153/777] Building CXX object CMakeFiles/batch22_basement_objects.dir/C_/Dev/OpenU5-Native/native/targets/tdeck/host_tests/host_stubs/alpha_save_host_stub.cpp.obj
[154/777] Building CXX object CMakeFiles/batch21a_dungeon_room_regression.dir/C_/Dev/OpenU5-Native/native/targets/tdeck/host_tests/host_stubs/device_smoke_tests_host_stub.cpp.obj
[155/777] Building CXX object CMakeFiles/alpha_runtime_integration_regression.dir/C_/Dev/OpenU5-Native/native/targets/tdeck/main/alpha_dialogue.cpp.obj
[156/777] Building CXX object CMakeFiles/batch23_vault_parity.dir/C_/Dev/OpenU5-Native/native/targets/tdeck/host_tests/host_stubs/tdeck_input_host_stub.cpp.obj
[157/777] Building CXX object CMakeFiles/batch21a_dungeon_room_regression.dir/C_/Dev/OpenU5-Native/native/targets/tdeck/main/asset_pack.cpp.obj
[158/777] Building CXX object CMakeFiles/batch22_basement_objects.dir/C_/Dev/OpenU5-Native/native/targets/tdeck/host_tests/alpha_runtime_host_fixture.cpp.obj
[159/777] Building CXX object CMakeFiles/batch21a_dungeon_room_regression.dir/C_/Dev/OpenU5-Native/native/targets/tdeck/main/dungeon_art_cache.cpp.obj
[160/777] Building CXX object CMakeFiles/batch23_vault_parity.dir/C_/Dev/OpenU5-Native/native/targets/tdeck/host_tests/host_stubs/tdeck_board_host_stub.cpp.obj
[161/777] Linking CXX static library libopenu5_core.a
[162/777] Building CXX object CMakeFiles/batch23_vault_parity.dir/C_/Dev/OpenU5-Native/native/targets/tdeck/main/ui_input_adapter.cpp.obj
[163/777] Building CXX object CMakeFiles/batch23_vault_parity.dir/C_/Dev/OpenU5-Native/native/targets/tdeck/main/input_controller.cpp.obj
[164/777] Building CXX object CMakeFiles/batch22_basement_objects.dir/C_/Dev/OpenU5-Native/native/targets/tdeck/host_tests/host_stubs/device_smoke_tests_host_stub.cpp.obj
[165/777] Building CXX object CMakeFiles/batch23_vault_parity.dir/C_/Dev/OpenU5-Native/native/targets/tdeck/host_tests/host_stubs/alpha_save_host_stub.cpp.obj
[166/777] Building CXX object CMakeFiles/dungeon_combat_regression.dir/C_/Dev/OpenU5-Native/native/targets/tdeck/host_tests/dungeon_combat_test.cpp.obj
[167/777] Building CXX object CMakeFiles/batch21a_dungeon_room_regression.dir/C_/Dev/OpenU5-Native/native/targets/tdeck/main/native_renderer.cpp.obj
[168/777] Building CXX object CMakeFiles/batch21a_dungeon_room_regression.dir/C_/Dev/OpenU5-Native/native/targets/tdeck/main/alpha_dialogue.cpp.obj
[169/777] Building CXX object CMakeFiles/batch23_vault_parity.dir/C_/Dev/OpenU5-Native/native/targets/tdeck/main/keyboard_matrix.cpp.obj
[170/777] Building CXX object CMakeFiles/batch22_basement_objects.dir/C_/Dev/OpenU5-Native/native/targets/tdeck/main/asset_pack.cpp.obj
[171/777] Building CXX object CMakeFiles/batch21a_dungeon_room_regression.dir/C_/Dev/OpenU5-Native/native/targets/tdeck/main/alpha_resources.cpp.obj
[172/777] Building CXX object CMakeFiles/batch22_basement_objects.dir/C_/Dev/OpenU5-Native/native/targets/tdeck/host_tests/batch22_basement_objects_test.cpp.obj
[173/777] Building CXX object CMakeFiles/batch22_basement_objects.dir/C_/Dev/OpenU5-Native/native/targets/tdeck/main/dungeon_art_cache.cpp.obj
[174/777] Building CXX object CMakeFiles/batch23_vault_parity.dir/C_/Dev/OpenU5-Native/native/targets/tdeck/host_tests/alpha_runtime_host_fixture.cpp.obj
[175/777] Building CXX object CMakeFiles/batch24_reload_parity.dir/C_/Dev/OpenU5-Native/native/targets/tdeck/host_tests/host_stubs/tdeck_input_host_stub.cpp.obj
[176/777] Building CXX object CMakeFiles/batch22_basement_objects.dir/C_/Dev/OpenU5-Native/native/targets/tdeck/main/native_renderer.cpp.obj
[177/777] Building CXX object CMakeFiles/batch24_reload_parity.dir/C_/Dev/OpenU5-Native/native/targets/tdeck/main/input_controller.cpp.obj
[178/777] Building CXX object CMakeFiles/batch23_vault_parity.dir/C_/Dev/OpenU5-Native/native/targets/tdeck/host_tests/host_stubs/device_smoke_tests_host_stub.cpp.obj
[179/777] Building CXX object CMakeFiles/batch24_reload_parity.dir/C_/Dev/OpenU5-Native/native/targets/tdeck/host_tests/host_stubs/tdeck_board_host_stub.cpp.obj
[180/777] Building CXX object CMakeFiles/batch24_reload_parity.dir/C_/Dev/OpenU5-Native/native/targets/tdeck/main/ui_input_adapter.cpp.obj
[181/777] Building CXX object CMakeFiles/batch24_reload_parity.dir/C_/Dev/OpenU5-Native/native/targets/tdeck/main/keyboard_matrix.cpp.obj
[182/777] Building CXX object CMakeFiles/batch22_basement_objects.dir/C_/Dev/OpenU5-Native/native/targets/tdeck/main/alpha_resources.cpp.obj
[183/777] Building CXX object CMakeFiles/batch22_basement_objects.dir/C_/Dev/OpenU5-Native/native/targets/tdeck/main/alpha_dialogue.cpp.obj
[184/777] Building CXX object CMakeFiles/gameplay_driver.dir/tests/gameplay_driver.cpp.obj
[185/777] Building CXX object CMakeFiles/batch23_vault_parity.dir/C_/Dev/OpenU5-Native/native/targets/tdeck/main/asset_pack.cpp.obj
[186/777] Building CXX object CMakeFiles/batch24_reload_parity.dir/C_/Dev/OpenU5-Native/native/targets/tdeck/host_tests/alpha_runtime_host_fixture.cpp.obj
[187/777] Building CXX object CMakeFiles/batch23_vault_parity.dir/C_/Dev/OpenU5-Native/native/targets/tdeck/main/dungeon_art_cache.cpp.obj
[188/777] Building CXX object CMakeFiles/batch25_shard_ritual.dir/C_/Dev/OpenU5-Native/native/targets/tdeck/host_tests/host_stubs/tdeck_input_host_stub.cpp.obj
[189/777] Building CXX object CMakeFiles/batch23_vault_parity.dir/C_/Dev/OpenU5-Native/native/targets/tdeck/main/native_renderer.cpp.obj
[190/777] Building CXX object CMakeFiles/batch25_shard_ritual.dir/C_/Dev/OpenU5-Native/native/targets/tdeck/host_tests/host_stubs/tdeck_board_host_stub.cpp.obj
[191/777] Building CXX object CMakeFiles/batch24_reload_parity.dir/C_/Dev/OpenU5-Native/native/targets/tdeck/host_tests/host_stubs/device_smoke_tests_host_stub.cpp.obj
[192/777] Building CXX object CMakeFiles/batch24_reload_parity.dir/C_/Dev/OpenU5-Native/native/targets/tdeck/host_tests/host_stubs/alpha_save_memory_host_stub.cpp.obj
[193/777] Building CXX object CMakeFiles/batch23_vault_parity.dir/C_/Dev/OpenU5-Native/native/targets/tdeck/main/alpha_resources.cpp.obj
[194/777] Building CXX object CMakeFiles/batch25_shard_ritual.dir/C_/Dev/OpenU5-Native/native/targets/tdeck/main/ui_input_adapter.cpp.obj
[195/777] Building CXX object CMakeFiles/batch24_reload_parity.dir/C_/Dev/OpenU5-Native/native/targets/tdeck/main/alpha_save_generation.cpp.obj
[196/777] Building CXX object CMakeFiles/batch25_shard_ritual.dir/C_/Dev/OpenU5-Native/native/targets/tdeck/main/input_controller.cpp.obj
[197/777] Building CXX object CMakeFiles/batch23_vault_parity.dir/C_/Dev/OpenU5-Native/native/targets/tdeck/main/alpha_dialogue.cpp.obj
[198/777] Building CXX object CMakeFiles/batch23_vault_parity.dir/C_/Dev/OpenU5-Native/native/targets/tdeck/host_tests/batch23_vault_parity_test.cpp.obj
[199/777] Building CXX object CMakeFiles/batch21a_dungeon_room_regression.dir/C_/Dev/OpenU5-Native/native/targets/tdeck/host_tests/batch21a_dungeon_room_test.cpp.obj
[200/777] Building CXX object CMakeFiles/batch25_shard_ritual.dir/C_/Dev/OpenU5-Native/native/targets/tdeck/main/keyboard_matrix.cpp.obj
[201/777] Building CXX object CMakeFiles/batch25_shard_ritual.dir/C_/Dev/OpenU5-Native/native/targets/tdeck/host_tests/alpha_runtime_host_fixture.cpp.obj
[202/777] Building CXX object CMakeFiles/batch24_reload_parity.dir/C_/Dev/OpenU5-Native/native/targets/tdeck/main/asset_pack.cpp.obj
[203/777] Building CXX object CMakeFiles/batch26_dungeon_save.dir/C_/Dev/OpenU5-Native/native/targets/tdeck/host_tests/host_stubs/tdeck_input_host_stub.cpp.obj
[204/777] Building CXX object CMakeFiles/batch24_reload_parity.dir/C_/Dev/OpenU5-Native/native/targets/tdeck/main/dungeon_art_cache.cpp.obj
[205/777] Building CXX object CMakeFiles/batch24_reload_parity.dir/C_/Dev/OpenU5-Native/native/targets/tdeck/main/alpha_resources.cpp.obj
[206/777] Building CXX object CMakeFiles/batch25_shard_ritual.dir/C_/Dev/OpenU5-Native/native/targets/tdeck/main/alpha_save_generation.cpp.obj
[207/777] Building CXX object CMakeFiles/batch26_dungeon_save.dir/C_/Dev/OpenU5-Native/native/targets/tdeck/host_tests/host_stubs/tdeck_board_host_stub.cpp.obj
[208/777] Building CXX object CMakeFiles/batch25_shard_ritual.dir/C_/Dev/OpenU5-Native/native/targets/tdeck/host_tests/host_stubs/device_smoke_tests_host_stub.cpp.obj
[209/777] Building CXX object CMakeFiles/batch24_reload_parity.dir/C_/Dev/OpenU5-Native/native/targets/tdeck/main/alpha_dialogue.cpp.obj
[210/777] Building CXX object CMakeFiles/batch25_shard_ritual.dir/C_/Dev/OpenU5-Native/native/targets/tdeck/host_tests/host_stubs/alpha_save_memory_host_stub.cpp.obj
[211/777] Building CXX object CMakeFiles/batch26_dungeon_save.dir/C_/Dev/OpenU5-Native/native/targets/tdeck/main/input_controller.cpp.obj
[212/777] Building CXX object CMakeFiles/batch24_reload_parity.dir/C_/Dev/OpenU5-Native/native/targets/tdeck/main/native_renderer.cpp.obj
[213/777] Building CXX object CMakeFiles/batch25_shard_ritual.dir/C_/Dev/OpenU5-Native/native/targets/tdeck/host_tests/batch25_shard_ritual_test.cpp.obj
[214/777] Building CXX object CMakeFiles/batch26_dungeon_save.dir/C_/Dev/OpenU5-Native/native/targets/tdeck/main/ui_input_adapter.cpp.obj
[215/777] Building CXX object CMakeFiles/batch25_shard_ritual.dir/C_/Dev/OpenU5-Native/native/targets/tdeck/main/asset_pack.cpp.obj
[216/777] Building CXX object CMakeFiles/batch26_dungeon_save.dir/C_/Dev/OpenU5-Native/native/targets/tdeck/main/keyboard_matrix.cpp.obj
[217/777] Building CXX object CMakeFiles/batch26_dungeon_save.dir/C_/Dev/OpenU5-Native/native/targets/tdeck/host_tests/alpha_runtime_host_fixture.cpp.obj
[218/777] Building CXX object CMakeFiles/batch24_reload_parity.dir/C_/Dev/OpenU5-Native/native/targets/tdeck/host_tests/batch24_reload_parity_test.cpp.obj
[219/777] Building CXX object CMakeFiles/batch27_alt_load.dir/C_/Dev/OpenU5-Native/native/targets/tdeck/host_tests/host_stubs/tdeck_input_host_stub.cpp.obj
[220/777] Building CXX object CMakeFiles/batch25_shard_ritual.dir/C_/Dev/OpenU5-Native/native/targets/tdeck/main/dungeon_art_cache.cpp.obj
[221/777] Building CXX object CMakeFiles/batch26_dungeon_save.dir/C_/Dev/OpenU5-Native/native/targets/tdeck/main/alpha_save_generation.cpp.obj
[222/777] Building CXX object CMakeFiles/batch25_shard_ritual.dir/C_/Dev/OpenU5-Native/native/targets/tdeck/main/native_renderer.cpp.obj
[223/777] Building CXX object CMakeFiles/batch26_dungeon_save.dir/C_/Dev/OpenU5-Native/native/targets/tdeck/host_tests/host_stubs/alpha_save_memory_host_stub.cpp.obj
[224/777] Building CXX object CMakeFiles/alpha_runtime_integration_regression.dir/C_/Dev/OpenU5-Native/native/targets/tdeck/main/alpha_runtime.cpp.obj
[225/777] Building CXX object CMakeFiles/batch26_dungeon_save.dir/C_/Dev/OpenU5-Native/native/targets/tdeck/host_tests/host_stubs/device_smoke_tests_host_stub.cpp.obj
[226/777] Building CXX object CMakeFiles/batch27_alt_load.dir/C_/Dev/OpenU5-Native/native/targets/tdeck/host_tests/host_stubs/tdeck_board_host_stub.cpp.obj
[227/777] Building CXX object CMakeFiles/batch25_shard_ritual.dir/C_/Dev/OpenU5-Native/native/targets/tdeck/main/alpha_resources.cpp.obj
[228/777] Building CXX object CMakeFiles/batch27_alt_load.dir/C_/Dev/OpenU5-Native/native/targets/tdeck/main/input_controller.cpp.obj
[229/777] Building CXX object CMakeFiles/batch27_alt_load.dir/C_/Dev/OpenU5-Native/native/targets/tdeck/main/ui_input_adapter.cpp.obj
[230/777] Building CXX object CMakeFiles/batch25_shard_ritual.dir/C_/Dev/OpenU5-Native/native/targets/tdeck/main/alpha_dialogue.cpp.obj
[231/777] Building CXX object CMakeFiles/batch27_alt_load.dir/C_/Dev/OpenU5-Native/native/targets/tdeck/main/keyboard_matrix.cpp.obj
[232/777] Building CXX object CMakeFiles/quest_driver.dir/tests/quest_driver.cpp.obj
[233/777] Building CXX object CMakeFiles/batch26_dungeon_save.dir/C_/Dev/OpenU5-Native/native/targets/tdeck/main/asset_pack.cpp.obj
[234/777] Building CXX object CMakeFiles/batch27_alt_load.dir/C_/Dev/OpenU5-Native/native/targets/tdeck/host_tests/alpha_runtime_host_fixture.cpp.obj
[235/777] Building CXX object CMakeFiles/batch28_save_validation.dir/C_/Dev/OpenU5-Native/native/targets/tdeck/host_tests/host_stubs/tdeck_input_host_stub.cpp.obj
[236/777] Building CXX object CMakeFiles/batch26_dungeon_save.dir/C_/Dev/OpenU5-Native/native/targets/tdeck/main/native_renderer.cpp.obj
[237/777] Building CXX object CMakeFiles/batch26_dungeon_save.dir/C_/Dev/OpenU5-Native/native/targets/tdeck/main/alpha_resources.cpp.obj
[238/777] Building CXX object CMakeFiles/batch27_alt_load.dir/C_/Dev/OpenU5-Native/native/targets/tdeck/host_tests/host_stubs/alpha_save_memory_host_stub.cpp.obj
[239/777] Building CXX object CMakeFiles/batch27_alt_load.dir/C_/Dev/OpenU5-Native/native/targets/tdeck/main/alpha_save_generation.cpp.obj
[240/777] Building CXX object CMakeFiles/batch28_save_validation.dir/C_/Dev/OpenU5-Native/native/targets/tdeck/host_tests/host_stubs/tdeck_board_host_stub.cpp.obj
[241/777] Building CXX object CMakeFiles/batch26_dungeon_save.dir/C_/Dev/OpenU5-Native/native/targets/tdeck/main/dungeon_art_cache.cpp.obj
[242/777] Building CXX object CMakeFiles/batch28_save_validation.dir/C_/Dev/OpenU5-Native/native/targets/tdeck/main/input_controller.cpp.obj
[243/777] Building CXX object CMakeFiles/batch27_alt_load.dir/C_/Dev/OpenU5-Native/native/targets/tdeck/host_tests/host_stubs/device_smoke_tests_host_stub.cpp.obj
[244/777] Building CXX object CMakeFiles/batch28_save_validation.dir/C_/Dev/OpenU5-Native/native/targets/tdeck/main/ui_input_adapter.cpp.obj
[245/777] Building CXX object CMakeFiles/batch26_dungeon_save.dir/C_/Dev/OpenU5-Native/native/targets/tdeck/main/alpha_dialogue.cpp.obj
[246/777] Building CXX object CMakeFiles/batch27_alt_load.dir/C_/Dev/OpenU5-Native/native/targets/tdeck/main/asset_pack.cpp.obj
[247/777] Building CXX object CMakeFiles/batch28_save_validation.dir/C_/Dev/OpenU5-Native/native/targets/tdeck/main/keyboard_matrix.cpp.obj
[248/777] Building CXX object CMakeFiles/batch27_alt_load.dir/C_/Dev/OpenU5-Native/native/targets/tdeck/host_tests/batch27_alt_load_test.cpp.obj
[249/777] Building CXX object CMakeFiles/batch28_save_validation.dir/C_/Dev/OpenU5-Native/native/targets/tdeck/host_tests/alpha_runtime_host_fixture.cpp.obj
[250/777] Building CXX object CMakeFiles/batch27_alt_load.dir/C_/Dev/OpenU5-Native/native/targets/tdeck/main/dungeon_art_cache.cpp.obj
[251/777] Building CXX object CMakeFiles/batch26_dungeon_save.dir/C_/Dev/OpenU5-Native/native/targets/tdeck/host_tests/batch26_dungeon_save_test.cpp.obj
[252/777] Building CXX object CMakeFiles/batch27_alt_load.dir/C_/Dev/OpenU5-Native/native/targets/tdeck/main/native_renderer.cpp.obj
[253/777] Building CXX object CMakeFiles/batch29_rest_wiring.dir/C_/Dev/OpenU5-Native/native/targets/tdeck/host_tests/host_stubs/tdeck_input_host_stub.cpp.obj
[254/777] Building CXX object CMakeFiles/batch28_save_validation.dir/C_/Dev/OpenU5-Native/native/targets/tdeck/host_tests/host_stubs/alpha_save_memory_host_stub.cpp.obj
[255/777] Building CXX object CMakeFiles/batch28_save_validation.dir/C_/Dev/OpenU5-Native/native/targets/tdeck/host_tests/host_stubs/device_smoke_tests_host_stub.cpp.obj
[256/777] Building CXX object CMakeFiles/batch29_rest_wiring.dir/C_/Dev/OpenU5-Native/native/targets/tdeck/host_tests/host_stubs/tdeck_board_host_stub.cpp.obj
[257/777] Building CXX object CMakeFiles/batch28_save_validation.dir/C_/Dev/OpenU5-Native/native/targets/tdeck/main/alpha_save_generation.cpp.obj
[258/777] Building CXX object CMakeFiles/batch27_alt_load.dir/C_/Dev/OpenU5-Native/native/targets/tdeck/main/alpha_resources.cpp.obj
[259/777] Building CXX object CMakeFiles/batch27_alt_load.dir/C_/Dev/OpenU5-Native/native/targets/tdeck/main/alpha_dialogue.cpp.obj
[260/777] Building CXX object CMakeFiles/batch29_rest_wiring.dir/C_/Dev/OpenU5-Native/native/targets/tdeck/main/ui_input_adapter.cpp.obj
[261/777] Building CXX object CMakeFiles/batch21a_dungeon_room_regression.dir/C_/Dev/OpenU5-Native/native/targets/tdeck/main/alpha_runtime.cpp.obj
[262/777] Building CXX object CMakeFiles/batch29_rest_wiring.dir/C_/Dev/OpenU5-Native/native/targets/tdeck/main/input_controller.cpp.obj
[263/777] Building CXX object CMakeFiles/batch29_rest_wiring.dir/C_/Dev/OpenU5-Native/native/targets/tdeck/main/keyboard_matrix.cpp.obj
[264/777] Building CXX object CMakeFiles/batch22_basement_objects.dir/C_/Dev/OpenU5-Native/native/targets/tdeck/main/alpha_runtime.cpp.obj
[265/777] Building CXX object CMakeFiles/batch29_rest_wiring.dir/C_/Dev/OpenU5-Native/native/targets/tdeck/host_tests/alpha_runtime_host_fixture.cpp.obj
[266/777] Building CXX object CMakeFiles/batch28_save_validation.dir/C_/Dev/OpenU5-Native/native/targets/tdeck/main/asset_pack.cpp.obj
[267/777] Building CXX object CMakeFiles/batch23_vault_parity.dir/C_/Dev/OpenU5-Native/native/targets/tdeck/main/alpha_runtime.cpp.obj
[268/777] Building CXX object CMakeFiles/batch28_save_validation.dir/C_/Dev/OpenU5-Native/native/targets/tdeck/main/native_renderer.cpp.obj
[269/777] Building CXX object CMakeFiles/batch28_save_validation.dir/C_/Dev/OpenU5-Native/native/targets/tdeck/main/alpha_dialogue.cpp.obj
[270/777] Building CXX object CMakeFiles/batch30_sleep_parity.dir/C_/Dev/OpenU5-Native/native/targets/tdeck/host_tests/host_stubs/tdeck_input_host_stub.cpp.obj
[271/777] Building CXX object CMakeFiles/batch30_sleep_parity.dir/C_/Dev/OpenU5-Native/native/targets/tdeck/host_tests/host_stubs/tdeck_board_host_stub.cpp.obj
[272/777] Building CXX object CMakeFiles/batch29_rest_wiring.dir/C_/Dev/OpenU5-Native/native/targets/tdeck/main/alpha_save_generation.cpp.obj
[273/777] Building CXX object CMakeFiles/batch28_save_validation.dir/C_/Dev/OpenU5-Native/native/targets/tdeck/main/dungeon_art_cache.cpp.obj
[274/777] Building CXX object CMakeFiles/batch30_sleep_parity.dir/C_/Dev/OpenU5-Native/native/targets/tdeck/main/input_controller.cpp.obj
[275/777] Building CXX object CMakeFiles/batch30_sleep_parity.dir/C_/Dev/OpenU5-Native/native/targets/tdeck/main/ui_input_adapter.cpp.obj
[276/777] Building CXX object CMakeFiles/batch29_rest_wiring.dir/C_/Dev/OpenU5-Native/native/targets/tdeck/host_tests/host_stubs/device_smoke_tests_host_stub.cpp.obj
[277/777] Building CXX object CMakeFiles/batch29_rest_wiring.dir/C_/Dev/OpenU5-Native/native/targets/tdeck/host_tests/host_stubs/alpha_save_memory_host_stub.cpp.obj
[278/777] Building CXX object CMakeFiles/batch28_save_validation.dir/C_/Dev/OpenU5-Native/native/targets/tdeck/main/alpha_resources.cpp.obj
[279/777] Building CXX object CMakeFiles/batch29_rest_wiring.dir/C_/Dev/OpenU5-Native/native/targets/tdeck/main/asset_pack.cpp.obj
[280/777] Building CXX object CMakeFiles/batch30_sleep_parity.dir/C_/Dev/OpenU5-Native/native/targets/tdeck/main/keyboard_matrix.cpp.obj
[281/777] Building CXX object CMakeFiles/batch30_sleep_parity.dir/C_/Dev/OpenU5-Native/native/targets/tdeck/host_tests/alpha_runtime_host_fixture.cpp.obj
[282/777] Building CXX object CMakeFiles/batch31_h165_dungeon_entry.dir/C_/Dev/OpenU5-Native/native/targets/tdeck/host_tests/host_stubs/tdeck_input_host_stub.cpp.obj
[283/777] Building CXX object CMakeFiles/batch31_h165_dungeon_entry.dir/C_/Dev/OpenU5-Native/native/targets/tdeck/host_tests/host_stubs/tdeck_board_host_stub.cpp.obj
[284/777] Building CXX object CMakeFiles/batch29_rest_wiring.dir/C_/Dev/OpenU5-Native/native/targets/tdeck/main/native_renderer.cpp.obj
[285/777] Building CXX object CMakeFiles/batch24_reload_parity.dir/C_/Dev/OpenU5-Native/native/targets/tdeck/main/alpha_runtime.cpp.obj
[286/777] Building CXX object CMakeFiles/batch30_sleep_parity.dir/C_/Dev/OpenU5-Native/native/targets/tdeck/host_tests/host_stubs/device_smoke_tests_host_stub.cpp.obj
[287/777] Building CXX object CMakeFiles/batch30_sleep_parity.dir/C_/Dev/OpenU5-Native/native/targets/tdeck/host_tests/host_stubs/alpha_save_memory_host_stub.cpp.obj
[288/777] Building CXX object CMakeFiles/batch29_rest_wiring.dir/C_/Dev/OpenU5-Native/native/targets/tdeck/main/alpha_resources.cpp.obj
[289/777] Building CXX object CMakeFiles/batch29_rest_wiring.dir/C_/Dev/OpenU5-Native/native/targets/tdeck/main/dungeon_art_cache.cpp.obj
[290/777] Building CXX object CMakeFiles/batch29_rest_wiring.dir/C_/Dev/OpenU5-Native/native/targets/tdeck/main/alpha_dialogue.cpp.obj
[291/777] Building CXX object CMakeFiles/batch31_h165_dungeon_entry.dir/C_/Dev/OpenU5-Native/native/targets/tdeck/main/input_controller.cpp.obj
[292/777] Building CXX object CMakeFiles/batch30_sleep_parity.dir/C_/Dev/OpenU5-Native/native/targets/tdeck/host_tests/batch30_sleep_parity_test.cpp.obj
[293/777] Building CXX object CMakeFiles/batch30_sleep_parity.dir/C_/Dev/OpenU5-Native/native/targets/tdeck/main/alpha_save_generation.cpp.obj
[294/777] Building CXX object CMakeFiles/batch31_h165_dungeon_entry.dir/C_/Dev/OpenU5-Native/native/targets/tdeck/main/ui_input_adapter.cpp.obj
[295/777] Building CXX object CMakeFiles/batch31_h165_dungeon_entry.dir/C_/Dev/OpenU5-Native/native/targets/tdeck/main/keyboard_matrix.cpp.obj
[296/777] Building CXX object CMakeFiles/batch30_sleep_parity.dir/C_/Dev/OpenU5-Native/native/targets/tdeck/main/asset_pack.cpp.obj
[297/777] Building CXX object CMakeFiles/batch29_rest_wiring.dir/C_/Dev/OpenU5-Native/native/targets/tdeck/host_tests/batch29_rest_wiring_test.cpp.obj
[298/777] Building CXX object CMakeFiles/batch31_h165_dungeon_entry.dir/C_/Dev/OpenU5-Native/native/targets/tdeck/host_tests/alpha_runtime_host_fixture.cpp.obj
[299/777] Building CXX object CMakeFiles/batch30_sleep_parity.dir/C_/Dev/OpenU5-Native/native/targets/tdeck/main/dungeon_art_cache.cpp.obj
[300/777] Building CXX object CMakeFiles/batch32_camp_watch.dir/C_/Dev/OpenU5-Native/native/targets/tdeck/host_tests/host_stubs/tdeck_board_host_stub.cpp.obj
[301/777] Building CXX object CMakeFiles/batch32_camp_watch.dir/C_/Dev/OpenU5-Native/native/targets/tdeck/host_tests/host_stubs/tdeck_input_host_stub.cpp.obj
[302/777] Building CXX object CMakeFiles/batch31_h165_dungeon_entry.dir/C_/Dev/OpenU5-Native/native/targets/tdeck/host_tests/host_stubs/alpha_save_memory_host_stub.cpp.obj
[303/777] Building CXX object CMakeFiles/batch31_h165_dungeon_entry.dir/C_/Dev/OpenU5-Native/native/targets/tdeck/host_tests/host_stubs/device_smoke_tests_host_stub.cpp.obj
[304/777] Building CXX object CMakeFiles/batch32_camp_watch.dir/C_/Dev/OpenU5-Native/native/targets/tdeck/main/ui_input_adapter.cpp.obj
[305/777] Building CXX object CMakeFiles/batch30_sleep_parity.dir/C_/Dev/OpenU5-Native/native/targets/tdeck/main/alpha_resources.cpp.obj
[306/777] Building CXX object CMakeFiles/batch30_sleep_parity.dir/C_/Dev/OpenU5-Native/native/targets/tdeck/main/alpha_dialogue.cpp.obj
[307/777] Building CXX object CMakeFiles/batch30_sleep_parity.dir/C_/Dev/OpenU5-Native/native/targets/tdeck/main/native_renderer.cpp.obj
[308/777] Building CXX object CMakeFiles/batch31_h165_dungeon_entry.dir/C_/Dev/OpenU5-Native/native/targets/tdeck/main/alpha_save_generation.cpp.obj
[309/777] Building CXX object CMakeFiles/batch31_h165_dungeon_entry.dir/C_/Dev/OpenU5-Native/native/targets/tdeck/host_tests/batch31_h165_dungeon_entry_test.cpp.obj
[310/777] Building CXX object CMakeFiles/batch32_camp_watch.dir/C_/Dev/OpenU5-Native/native/targets/tdeck/main/input_controller.cpp.obj
[311/777] Building CXX object CMakeFiles/batch32_camp_watch.dir/C_/Dev/OpenU5-Native/native/targets/tdeck/main/keyboard_matrix.cpp.obj
[312/777] Building CXX object CMakeFiles/batch25_shard_ritual.dir/C_/Dev/OpenU5-Native/native/targets/tdeck/main/alpha_runtime.cpp.obj
[313/777] Building CXX object CMakeFiles/batch32_camp_watch.dir/C_/Dev/OpenU5-Native/native/targets/tdeck/host_tests/alpha_runtime_host_fixture.cpp.obj
[314/777] Building CXX object CMakeFiles/batch31_h165_dungeon_entry.dir/C_/Dev/OpenU5-Native/native/targets/tdeck/main/asset_pack.cpp.obj
[315/777] Building CXX object CMakeFiles/batch26_dungeon_save.dir/C_/Dev/OpenU5-Native/native/targets/tdeck/main/alpha_runtime.cpp.obj
[316/777] Building CXX object CMakeFiles/turn_parity_tests.dir/tests/turn_parity_test.cpp.obj
[317/777] Building CXX object CMakeFiles/batch31_h165_dungeon_entry.dir/C_/Dev/OpenU5-Native/native/targets/tdeck/main/dungeon_art_cache.cpp.obj
[318/777] Building CXX object CMakeFiles/batch33_cannon_npc_death.dir/C_/Dev/OpenU5-Native/native/targets/tdeck/host_tests/host_stubs/tdeck_board_host_stub.cpp.obj
[319/777] Building CXX object CMakeFiles/batch33_cannon_npc_death.dir/C_/Dev/OpenU5-Native/native/targets/tdeck/host_tests/host_stubs/tdeck_input_host_stub.cpp.obj
[320/777] Building CXX object CMakeFiles/batch33_cannon_npc_death.dir/C_/Dev/OpenU5-Native/native/targets/tdeck/main/input_controller.cpp.obj
[321/777] Building CXX object CMakeFiles/batch32_camp_watch.dir/C_/Dev/OpenU5-Native/native/targets/tdeck/host_tests/host_stubs/device_smoke_tests_host_stub.cpp.obj
[322/777] Building CXX object CMakeFiles/batch32_camp_watch.dir/C_/Dev/OpenU5-Native/native/targets/tdeck/main/alpha_save_generation.cpp.obj
[323/777] Building CXX object CMakeFiles/batch33_cannon_npc_death.dir/C_/Dev/OpenU5-Native/native/targets/tdeck/main/ui_input_adapter.cpp.obj
[324/777] Building CXX object CMakeFiles/batch31_h165_dungeon_entry.dir/C_/Dev/OpenU5-Native/native/targets/tdeck/main/alpha_resources.cpp.obj
[325/777] Building CXX object CMakeFiles/batch31_h165_dungeon_entry.dir/C_/Dev/OpenU5-Native/native/targets/tdeck/main/alpha_dialogue.cpp.obj
[326/777] Building CXX object CMakeFiles/batch31_h165_dungeon_entry.dir/C_/Dev/OpenU5-Native/native/targets/tdeck/main/native_renderer.cpp.obj
[327/777] Building CXX object CMakeFiles/batch32_camp_watch.dir/C_/Dev/OpenU5-Native/native/targets/tdeck/main/asset_pack.cpp.obj
[328/777] Building CXX object CMakeFiles/batch28_save_validation.dir/C_/Dev/OpenU5-Native/native/targets/tdeck/host_tests/batch28_save_validation_test.cpp.obj
[329/777] Building CXX object CMakeFiles/batch33_cannon_npc_death.dir/C_/Dev/OpenU5-Native/native/targets/tdeck/main/keyboard_matrix.cpp.obj
[330/777] Building CXX object CMakeFiles/batch32_camp_watch.dir/C_/Dev/OpenU5-Native/native/targets/tdeck/host_tests/batch32_camp_watch_test.cpp.obj
[331/777] Building CXX object CMakeFiles/batch32_camp_watch.dir/C_/Dev/OpenU5-Native/native/targets/tdeck/host_tests/host_stubs/alpha_save_memory_host_stub.cpp.obj
[332/777] Building CXX object CMakeFiles/batch34_pre_sleep_npc.dir/C_/Dev/OpenU5-Native/native/targets/tdeck/host_tests/host_stubs/tdeck_input_host_stub.cpp.obj
[333/777] Building CXX object CMakeFiles/batch32_camp_watch.dir/C_/Dev/OpenU5-Native/native/targets/tdeck/main/dungeon_art_cache.cpp.obj
[334/777] Building CXX object CMakeFiles/batch33_cannon_npc_death.dir/C_/Dev/OpenU5-Native/native/targets/tdeck/host_tests/alpha_runtime_host_fixture.cpp.obj
[335/777] Building CXX object CMakeFiles/batch34_pre_sleep_npc.dir/C_/Dev/OpenU5-Native/native/targets/tdeck/main/input_controller.cpp.obj
[336/777] Building CXX object CMakeFiles/batch32_camp_watch.dir/C_/Dev/OpenU5-Native/native/targets/tdeck/main/native_renderer.cpp.obj
[337/777] Building CXX object CMakeFiles/batch34_pre_sleep_npc.dir/C_/Dev/OpenU5-Native/native/targets/tdeck/main/ui_input_adapter.cpp.obj
[338/777] Building CXX object CMakeFiles/batch33_cannon_npc_death.dir/C_/Dev/OpenU5-Native/native/targets/tdeck/host_tests/host_stubs/alpha_save_memory_host_stub.cpp.obj
[339/777] Building CXX object CMakeFiles/batch34_pre_sleep_npc.dir/C_/Dev/OpenU5-Native/native/targets/tdeck/host_tests/host_stubs/tdeck_board_host_stub.cpp.obj
[340/777] Building CXX object CMakeFiles/batch32_camp_watch.dir/C_/Dev/OpenU5-Native/native/targets/tdeck/main/alpha_resources.cpp.obj
[341/777] Building CXX object CMakeFiles/batch33_cannon_npc_death.dir/C_/Dev/OpenU5-Native/native/targets/tdeck/host_tests/batch33_cannon_npc_death_test.cpp.obj
[342/777] Building CXX object CMakeFiles/batch33_cannon_npc_death.dir/C_/Dev/OpenU5-Native/native/targets/tdeck/host_tests/host_stubs/device_smoke_tests_host_stub.cpp.obj
[343/777] Building CXX object CMakeFiles/batch27_alt_load.dir/C_/Dev/OpenU5-Native/native/targets/tdeck/main/alpha_runtime.cpp.obj
[344/777] Building CXX object CMakeFiles/batch33_cannon_npc_death.dir/C_/Dev/OpenU5-Native/native/targets/tdeck/main/alpha_save_generation.cpp.obj
[345/777] Building CXX object CMakeFiles/batch32_camp_watch.dir/C_/Dev/OpenU5-Native/native/targets/tdeck/main/alpha_dialogue.cpp.obj
[346/777] Building CXX object CMakeFiles/batch34_pre_sleep_npc.dir/C_/Dev/OpenU5-Native/native/targets/tdeck/main/keyboard_matrix.cpp.obj
[347/777] Building CXX object CMakeFiles/batch33_cannon_npc_death.dir/C_/Dev/OpenU5-Native/native/targets/tdeck/main/asset_pack.cpp.obj
[348/777] Building CXX object CMakeFiles/batch35_q_sleep_target.dir/C_/Dev/OpenU5-Native/native/targets/tdeck/host_tests/host_stubs/tdeck_input_host_stub.cpp.obj
[349/777] Building CXX object CMakeFiles/batch34_pre_sleep_npc.dir/C_/Dev/OpenU5-Native/native/targets/tdeck/host_tests/alpha_runtime_host_fixture.cpp.obj
[350/777] Building CXX object CMakeFiles/batch33_cannon_npc_death.dir/C_/Dev/OpenU5-Native/native/targets/tdeck/main/dungeon_art_cache.cpp.obj
[351/777] Building CXX object CMakeFiles/batch35_q_sleep_target.dir/C_/Dev/OpenU5-Native/native/targets/tdeck/main/input_controller.cpp.obj
[352/777] Building CXX object CMakeFiles/batch35_q_sleep_target.dir/C_/Dev/OpenU5-Native/native/targets/tdeck/main/ui_input_adapter.cpp.obj
[353/777] Building CXX object CMakeFiles/batch34_pre_sleep_npc.dir/C_/Dev/OpenU5-Native/native/targets/tdeck/host_tests/host_stubs/device_smoke_tests_host_stub.cpp.obj
[354/777] Building CXX object CMakeFiles/batch35_q_sleep_target.dir/C_/Dev/OpenU5-Native/native/targets/tdeck/host_tests/host_stubs/tdeck_board_host_stub.cpp.obj
[355/777] Building CXX object CMakeFiles/batch33_cannon_npc_death.dir/C_/Dev/OpenU5-Native/native/targets/tdeck/main/alpha_resources.cpp.obj
[356/777] Building CXX object CMakeFiles/batch34_pre_sleep_npc.dir/C_/Dev/OpenU5-Native/native/targets/tdeck/host_tests/host_stubs/alpha_save_memory_host_stub.cpp.obj
[357/777] Building CXX object CMakeFiles/batch33_cannon_npc_death.dir/C_/Dev/OpenU5-Native/native/targets/tdeck/main/native_renderer.cpp.obj
[358/777] Building CXX object CMakeFiles/batch34_pre_sleep_npc.dir/C_/Dev/OpenU5-Native/native/targets/tdeck/main/alpha_save_generation.cpp.obj
[359/777] Building CXX object CMakeFiles/batch28_save_validation.dir/C_/Dev/OpenU5-Native/native/targets/tdeck/main/alpha_runtime.cpp.obj
[360/777] Building CXX object CMakeFiles/batch34_pre_sleep_npc.dir/C_/Dev/OpenU5-Native/native/targets/tdeck/main/asset_pack.cpp.obj
[361/777] Building CXX object CMakeFiles/batch35_q_sleep_target.dir/C_/Dev/OpenU5-Native/native/targets/tdeck/main/keyboard_matrix.cpp.obj
[362/777] Building CXX object CMakeFiles/batch34_pre_sleep_npc.dir/C_/Dev/OpenU5-Native/native/targets/tdeck/host_tests/batch34_pre_sleep_npc_test.cpp.obj
[363/777] Building CXX object CMakeFiles/batch33_cannon_npc_death.dir/C_/Dev/OpenU5-Native/native/targets/tdeck/main/alpha_dialogue.cpp.obj
[364/777] Building CXX object CMakeFiles/batch36_camp_housekeeping.dir/C_/Dev/OpenU5-Native/native/targets/tdeck/host_tests/host_stubs/tdeck_input_host_stub.cpp.obj
[365/777] Building CXX object CMakeFiles/batch35_q_sleep_target.dir/C_/Dev/OpenU5-Native/native/targets/tdeck/host_tests/alpha_runtime_host_fixture.cpp.obj
[366/777] Building CXX object CMakeFiles/batch34_pre_sleep_npc.dir/C_/Dev/OpenU5-Native/native/targets/tdeck/main/dungeon_art_cache.cpp.obj
[367/777] Building CXX object CMakeFiles/batch36_camp_housekeeping.dir/C_/Dev/OpenU5-Native/native/targets/tdeck/host_tests/host_stubs/tdeck_board_host_stub.cpp.obj
[368/777] Building CXX object CMakeFiles/batch35_q_sleep_target.dir/C_/Dev/OpenU5-Native/native/targets/tdeck/main/alpha_save_generation.cpp.obj
[369/777] Building CXX object CMakeFiles/batch35_q_sleep_target.dir/C_/Dev/OpenU5-Native/native/targets/tdeck/host_tests/host_stubs/alpha_save_memory_host_stub.cpp.obj
[370/777] Building CXX object CMakeFiles/batch35_q_sleep_target.dir/C_/Dev/OpenU5-Native/native/targets/tdeck/host_tests/host_stubs/device_smoke_tests_host_stub.cpp.obj
[371/777] Building CXX object CMakeFiles/batch36_camp_housekeeping.dir/C_/Dev/OpenU5-Native/native/targets/tdeck/main/input_controller.cpp.obj
[372/777] Building CXX object CMakeFiles/batch34_pre_sleep_npc.dir/C_/Dev/OpenU5-Native/native/targets/tdeck/main/alpha_dialogue.cpp.obj
[373/777] Building CXX object CMakeFiles/batch36_camp_housekeeping.dir/C_/Dev/OpenU5-Native/native/targets/tdeck/main/ui_input_adapter.cpp.obj
[374/777] Building CXX object CMakeFiles/batch34_pre_sleep_npc.dir/C_/Dev/OpenU5-Native/native/targets/tdeck/main/native_renderer.cpp.obj
[375/777] Building CXX object CMakeFiles/batch34_pre_sleep_npc.dir/C_/Dev/OpenU5-Native/native/targets/tdeck/main/alpha_resources.cpp.obj
[376/777] Building CXX object CMakeFiles/batch35_q_sleep_target.dir/C_/Dev/OpenU5-Native/native/targets/tdeck/host_tests/batch35_q_sleep_target_test.cpp.obj
[377/777] Building CXX object CMakeFiles/batch36_camp_housekeeping.dir/C_/Dev/OpenU5-Native/native/targets/tdeck/main/keyboard_matrix.cpp.obj
[378/777] Building CXX object CMakeFiles/batch36_camp_housekeeping.dir/C_/Dev/OpenU5-Native/native/targets/tdeck/host_tests/alpha_runtime_host_fixture.cpp.obj
[379/777] Building CXX object CMakeFiles/batch35_q_sleep_target.dir/C_/Dev/OpenU5-Native/native/targets/tdeck/main/asset_pack.cpp.obj
[380/777] Building CXX object CMakeFiles/batch35_q_sleep_target.dir/C_/Dev/OpenU5-Native/native/targets/tdeck/main/native_renderer.cpp.obj
[381/777] Building CXX object CMakeFiles/batch36_camp_housekeeping.dir/C_/Dev/OpenU5-Native/native/targets/tdeck/main/alpha_save_generation.cpp.obj
[382/777] Building CXX object CMakeFiles/batch35_q_sleep_target.dir/C_/Dev/OpenU5-Native/native/targets/tdeck/main/dungeon_art_cache.cpp.obj
[383/777] Building CXX object CMakeFiles/batch37_bed_viewport.dir/C_/Dev/OpenU5-Native/native/targets/tdeck/host_tests/host_stubs/tdeck_input_host_stub.cpp.obj
[384/777] Building CXX object CMakeFiles/batch29_rest_wiring.dir/C_/Dev/OpenU5-Native/native/targets/tdeck/main/alpha_runtime.cpp.obj
[385/777] Building CXX object CMakeFiles/batch36_camp_housekeeping.dir/C_/Dev/OpenU5-Native/native/targets/tdeck/host_tests/host_stubs/device_smoke_tests_host_stub.cpp.obj
[386/777] Building CXX object CMakeFiles/batch37_bed_viewport.dir/C_/Dev/OpenU5-Native/native/targets/tdeck/main/input_controller.cpp.obj
[387/777] Building CXX object CMakeFiles/batch36_camp_housekeeping.dir/C_/Dev/OpenU5-Native/native/targets/tdeck/host_tests/host_stubs/alpha_save_memory_host_stub.cpp.obj
[388/777] Building CXX object CMakeFiles/batch37_bed_viewport.dir/C_/Dev/OpenU5-Native/native/targets/tdeck/main/ui_input_adapter.cpp.obj
[389/777] Building CXX object CMakeFiles/batch30_sleep_parity.dir/C_/Dev/OpenU5-Native/native/targets/tdeck/main/alpha_runtime.cpp.obj
[390/777] Building CXX object CMakeFiles/batch36_camp_housekeeping.dir/C_/Dev/OpenU5-Native/native/targets/tdeck/main/asset_pack.cpp.obj
[391/777] Building CXX object CMakeFiles/batch37_bed_viewport.dir/C_/Dev/OpenU5-Native/native/targets/tdeck/main/keyboard_matrix.cpp.obj
[392/777] Building CXX object CMakeFiles/batch35_q_sleep_target.dir/C_/Dev/OpenU5-Native/native/targets/tdeck/main/alpha_dialogue.cpp.obj
[393/777] Building CXX object CMakeFiles/batch35_q_sleep_target.dir/C_/Dev/OpenU5-Native/native/targets/tdeck/main/alpha_resources.cpp.obj
[394/777] Building CXX object CMakeFiles/batch36_camp_housekeeping.dir/C_/Dev/OpenU5-Native/native/targets/tdeck/host_tests/batch36_camp_housekeeping_test.cpp.obj
[395/777] Building CXX object CMakeFiles/batch37_bed_viewport.dir/C_/Dev/OpenU5-Native/native/targets/tdeck/host_tests/alpha_runtime_host_fixture.cpp.obj
[396/777] Building CXX object CMakeFiles/batch39_party_panel.dir/C_/Dev/OpenU5-Native/native/targets/tdeck/host_tests/host_stubs/tdeck_input_host_stub.cpp.obj
[397/777] Building CXX object CMakeFiles/batch36_camp_housekeeping.dir/C_/Dev/OpenU5-Native/native/targets/tdeck/main/native_renderer.cpp.obj
[398/777] Building CXX object CMakeFiles/batch37_bed_viewport.dir/C_/Dev/OpenU5-Native/native/targets/tdeck/host_tests/host_stubs/alpha_save_memory_host_stub.cpp.obj
[399/777] Building CXX object CMakeFiles/batch36_camp_housekeeping.dir/C_/Dev/OpenU5-Native/native/targets/tdeck/main/dungeon_art_cache.cpp.obj
[400/777] Building CXX object CMakeFiles/batch36_camp_housekeeping.dir/C_/Dev/OpenU5-Native/native/targets/tdeck/main/alpha_dialogue.cpp.obj
[401/777] Building CXX object CMakeFiles/batch39_party_panel.dir/C_/Dev/OpenU5-Native/native/targets/tdeck/main/input_controller.cpp.obj
[402/777] Building CXX object CMakeFiles/batch37_bed_viewport.dir/C_/Dev/OpenU5-Native/native/targets/tdeck/main/alpha_save_generation.cpp.obj
[403/777] Building CXX object CMakeFiles/batch39_party_panel.dir/C_/Dev/OpenU5-Native/native/targets/tdeck/main/ui_input_adapter.cpp.obj
[404/777] Building CXX object CMakeFiles/batch36_camp_housekeeping.dir/C_/Dev/OpenU5-Native/native/targets/tdeck/main/alpha_resources.cpp.obj
[405/777] Building CXX object CMakeFiles/batch37_bed_viewport.dir/C_/Dev/OpenU5-Native/native/targets/tdeck/host_tests/host_stubs/device_smoke_tests_host_stub.cpp.obj
[406/777] Building CXX object CMakeFiles/batch37_bed_viewport.dir/C_/Dev/OpenU5-Native/native/targets/tdeck/host_tests/host_stubs/batch37_board_capture_stub.cpp.obj
[407/777] Building CXX object CMakeFiles/batch39_party_panel.dir/C_/Dev/OpenU5-Native/native/targets/tdeck/main/keyboard_matrix.cpp.obj
[408/777] Building CXX object CMakeFiles/batch37_bed_viewport.dir/C_/Dev/OpenU5-Native/native/targets/tdeck/host_tests/batch37_bed_viewport_test.cpp.obj
[409/777] Building CXX object CMakeFiles/batch37_bed_viewport.dir/C_/Dev/OpenU5-Native/native/targets/tdeck/main/asset_pack.cpp.obj
[410/777] Building CXX object CMakeFiles/batch31_h165_dungeon_entry.dir/C_/Dev/OpenU5-Native/native/targets/tdeck/main/alpha_runtime.cpp.obj
[411/777] Building CXX object CMakeFiles/batch41_raw_key.dir/C_/Dev/OpenU5-Native/native/targets/tdeck/host_tests/host_stubs/tdeck_input_host_stub.cpp.obj
[412/777] Building CXX object CMakeFiles/batch39_party_panel.dir/C_/Dev/OpenU5-Native/native/targets/tdeck/host_tests/alpha_runtime_host_fixture.cpp.obj
[413/777] Building CXX object CMakeFiles/batch37_bed_viewport.dir/C_/Dev/OpenU5-Native/native/targets/tdeck/main/dungeon_art_cache.cpp.obj
[414/777] Building CXX object CMakeFiles/batch39_party_panel.dir/C_/Dev/OpenU5-Native/native/targets/tdeck/host_tests/host_stubs/device_smoke_tests_host_stub.cpp.obj
[415/777] Building CXX object CMakeFiles/batch39_party_panel.dir/C_/Dev/OpenU5-Native/native/targets/tdeck/main/alpha_save_generation.cpp.obj
[416/777] Building CXX object CMakeFiles/batch37_bed_viewport.dir/C_/Dev/OpenU5-Native/native/targets/tdeck/main/native_renderer.cpp.obj
[417/777] Building CXX object CMakeFiles/batch41_raw_key.dir/C_/Dev/OpenU5-Native/native/targets/tdeck/main/input_controller.cpp.obj
[418/777] Building CXX object CMakeFiles/batch41_raw_key.dir/C_/Dev/OpenU5-Native/native/targets/tdeck/main/ui_input_adapter.cpp.obj
[419/777] Building CXX object CMakeFiles/batch39_party_panel.dir/C_/Dev/OpenU5-Native/native/targets/tdeck/host_tests/host_stubs/alpha_save_memory_host_stub.cpp.obj
[420/777] Building CXX object CMakeFiles/batch37_bed_viewport.dir/C_/Dev/OpenU5-Native/native/targets/tdeck/main/alpha_resources.cpp.obj
[421/777] Building CXX object CMakeFiles/batch41_raw_key.dir/C_/Dev/OpenU5-Native/native/targets/tdeck/main/keyboard_matrix.cpp.obj
[422/777] Building CXX object CMakeFiles/batch39_party_panel.dir/C_/Dev/OpenU5-Native/native/targets/tdeck/host_tests/batch39_party_panel_test.cpp.obj
[423/777] Building CXX object CMakeFiles/batch32_camp_watch.dir/C_/Dev/OpenU5-Native/native/targets/tdeck/main/alpha_runtime.cpp.obj
[424/777] Building CXX object CMakeFiles/batch37_bed_viewport.dir/C_/Dev/OpenU5-Native/native/targets/tdeck/main/alpha_dialogue.cpp.obj
[425/777] Building CXX object CMakeFiles/batch39_party_panel.dir/C_/Dev/OpenU5-Native/native/targets/tdeck/main/asset_pack.cpp.obj
[426/777] Building CXX object CMakeFiles/batch41_raw_key.dir/C_/Dev/OpenU5-Native/native/targets/tdeck/host_tests/alpha_runtime_host_fixture.cpp.obj
[427/777] Building CXX object CMakeFiles/batch39_party_panel.dir/C_/Dev/OpenU5-Native/native/targets/tdeck/main/native_renderer.cpp.obj
[428/777] Building CXX object CMakeFiles/batch39_party_panel.dir/C_/Dev/OpenU5-Native/native/targets/tdeck/host_tests/host_stubs/batch37_board_capture_stub.cpp.obj
[429/777] Building CXX object CMakeFiles/batch42_advancement_flash.dir/C_/Dev/OpenU5-Native/native/targets/tdeck/host_tests/host_stubs/tdeck_input_host_stub.cpp.obj
[430/777] Building CXX object CMakeFiles/batch39_party_panel.dir/C_/Dev/OpenU5-Native/native/targets/tdeck/main/dungeon_art_cache.cpp.obj
[431/777] Building CXX object CMakeFiles/batch41_raw_key.dir/C_/Dev/OpenU5-Native/native/targets/tdeck/main/alpha_save_generation.cpp.obj
[432/777] Building CXX object CMakeFiles/batch42_advancement_flash.dir/C_/Dev/OpenU5-Native/native/targets/tdeck/main/input_controller.cpp.obj
[433/777] Building CXX object CMakeFiles/batch39_party_panel.dir/C_/Dev/OpenU5-Native/native/targets/tdeck/main/alpha_resources.cpp.obj
[434/777] Building CXX object CMakeFiles/batch41_raw_key.dir/C_/Dev/OpenU5-Native/native/targets/tdeck/host_tests/batch41_raw_key_test.cpp.obj
[435/777] Building CXX object CMakeFiles/batch42_advancement_flash.dir/C_/Dev/OpenU5-Native/native/targets/tdeck/main/ui_input_adapter.cpp.obj
[436/777] Building CXX object CMakeFiles/batch41_raw_key.dir/C_/Dev/OpenU5-Native/native/targets/tdeck/host_tests/host_stubs/device_smoke_tests_host_stub.cpp.obj
[437/777] Building CXX object CMakeFiles/batch42_advancement_flash.dir/C_/Dev/OpenU5-Native/native/targets/tdeck/main/keyboard_matrix.cpp.obj
[438/777] Building CXX object CMakeFiles/batch41_raw_key.dir/C_/Dev/OpenU5-Native/native/targets/tdeck/host_tests/host_stubs/alpha_save_memory_host_stub.cpp.obj
[439/777] Building CXX object CMakeFiles/batch39_party_panel.dir/C_/Dev/OpenU5-Native/native/targets/tdeck/main/alpha_dialogue.cpp.obj
[440/777] Building CXX object CMakeFiles/batch41_raw_key.dir/C_/Dev/OpenU5-Native/native/targets/tdeck/host_tests/host_stubs/batch37_board_capture_stub.cpp.obj
[441/777] Building CXX object CMakeFiles/batch41_raw_key.dir/C_/Dev/OpenU5-Native/native/targets/tdeck/main/asset_pack.cpp.obj
[442/777] Building CXX object CMakeFiles/batch33_cannon_npc_death.dir/C_/Dev/OpenU5-Native/native/targets/tdeck/main/alpha_runtime.cpp.obj
[443/777] Building CXX object CMakeFiles/batch42_advancement_flash.dir/C_/Dev/OpenU5-Native/native/targets/tdeck/host_tests/alpha_runtime_host_fixture.cpp.obj
[444/777] Building CXX object CMakeFiles/batch41_raw_key.dir/C_/Dev/OpenU5-Native/native/targets/tdeck/main/dungeon_art_cache.cpp.obj
[445/777] Building CXX object CMakeFiles/batch43_sleep_scene.dir/C_/Dev/OpenU5-Native/native/targets/tdeck/host_tests/host_stubs/tdeck_input_host_stub.cpp.obj
[446/777] Building CXX object CMakeFiles/batch41_raw_key.dir/C_/Dev/OpenU5-Native/native/targets/tdeck/main/native_renderer.cpp.obj
[447/777] Building CXX object CMakeFiles/batch42_advancement_flash.dir/C_/Dev/OpenU5-Native/native/targets/tdeck/host_tests/host_stubs/alpha_save_memory_host_stub.cpp.obj
[448/777] Building CXX object CMakeFiles/batch41_raw_key.dir/C_/Dev/OpenU5-Native/native/targets/tdeck/main/alpha_resources.cpp.obj
[449/777] Building CXX object CMakeFiles/batch43_sleep_scene.dir/C_/Dev/OpenU5-Native/native/targets/tdeck/main/input_controller.cpp.obj
[450/777] Building CXX object CMakeFiles/batch41_raw_key.dir/C_/Dev/OpenU5-Native/native/targets/tdeck/main/alpha_dialogue.cpp.obj
[451/777] Building CXX object CMakeFiles/batch42_advancement_flash.dir/C_/Dev/OpenU5-Native/native/targets/tdeck/main/alpha_save_generation.cpp.obj
[452/777] Building CXX object CMakeFiles/batch43_sleep_scene.dir/C_/Dev/OpenU5-Native/native/targets/tdeck/main/ui_input_adapter.cpp.obj
[453/777] Building CXX object CMakeFiles/batch42_advancement_flash.dir/C_/Dev/OpenU5-Native/native/targets/tdeck/host_tests/host_stubs/device_smoke_tests_host_stub.cpp.obj
[454/777] Building CXX object CMakeFiles/batch42_advancement_flash.dir/C_/Dev/OpenU5-Native/native/targets/tdeck/host_tests/batch42_advancement_flash_test.cpp.obj
[455/777] Building CXX object CMakeFiles/batch34_pre_sleep_npc.dir/C_/Dev/OpenU5-Native/native/targets/tdeck/main/alpha_runtime.cpp.obj
[456/777] Building CXX object CMakeFiles/batch43_sleep_scene.dir/C_/Dev/OpenU5-Native/native/targets/tdeck/main/keyboard_matrix.cpp.obj
[457/777] Building CXX object CMakeFiles/batch42_advancement_flash.dir/C_/Dev/OpenU5-Native/native/targets/tdeck/main/asset_pack.cpp.obj
[458/777] Building CXX object CMakeFiles/batch42_advancement_flash.dir/C_/Dev/OpenU5-Native/native/targets/tdeck/host_tests/host_stubs/batch37_board_capture_stub.cpp.obj
[459/777] Building CXX object CMakeFiles/batch43_sleep_scene.dir/C_/Dev/OpenU5-Native/native/targets/tdeck/host_tests/alpha_runtime_host_fixture.cpp.obj
[460/777] Building CXX object CMakeFiles/batch46_camp_invisibility.dir/C_/Dev/OpenU5-Native/native/targets/tdeck/host_tests/host_stubs/tdeck_input_host_stub.cpp.obj
[461/777] Building CXX object CMakeFiles/batch42_advancement_flash.dir/C_/Dev/OpenU5-Native/native/targets/tdeck/main/dungeon_art_cache.cpp.obj
[462/777] Building CXX object CMakeFiles/batch42_advancement_flash.dir/C_/Dev/OpenU5-Native/native/targets/tdeck/main/alpha_resources.cpp.obj
[463/777] Building CXX object CMakeFiles/batch42_advancement_flash.dir/C_/Dev/OpenU5-Native/native/targets/tdeck/main/native_renderer.cpp.obj
[464/777] Building CXX object CMakeFiles/batch43_sleep_scene.dir/C_/Dev/OpenU5-Native/native/targets/tdeck/host_tests/host_stubs/device_smoke_tests_host_stub.cpp.obj
[465/777] Building CXX object CMakeFiles/batch46_camp_invisibility.dir/C_/Dev/OpenU5-Native/native/targets/tdeck/main/input_controller.cpp.obj
[466/777] Building CXX object CMakeFiles/batch43_sleep_scene.dir/C_/Dev/OpenU5-Native/native/targets/tdeck/host_tests/host_stubs/alpha_save_memory_host_stub.cpp.obj
[467/777] Building CXX object CMakeFiles/batch42_advancement_flash.dir/C_/Dev/OpenU5-Native/native/targets/tdeck/main/alpha_dialogue.cpp.obj
[468/777] Building CXX object CMakeFiles/batch46_camp_invisibility.dir/C_/Dev/OpenU5-Native/native/targets/tdeck/main/ui_input_adapter.cpp.obj
[469/777] Building CXX object CMakeFiles/batch43_sleep_scene.dir/C_/Dev/OpenU5-Native/native/targets/tdeck/main/alpha_save_generation.cpp.obj
[470/777] Building CXX object CMakeFiles/batch43_sleep_scene.dir/C_/Dev/OpenU5-Native/native/targets/tdeck/host_tests/batch43_sleep_scene_test.cpp.obj
[471/777] Building CXX object CMakeFiles/batch43_sleep_scene.dir/C_/Dev/OpenU5-Native/native/targets/tdeck/main/asset_pack.cpp.obj
[472/777] Building CXX object CMakeFiles/batch46_camp_invisibility.dir/C_/Dev/OpenU5-Native/native/targets/tdeck/main/keyboard_matrix.cpp.obj
[473/777] Building CXX object CMakeFiles/batch43_sleep_scene.dir/C_/Dev/OpenU5-Native/native/targets/tdeck/host_tests/host_stubs/batch37_board_capture_stub.cpp.obj
[474/777] Building CXX object CMakeFiles/batch46_camp_invisibility.dir/C_/Dev/OpenU5-Native/native/targets/tdeck/host_tests/alpha_runtime_host_fixture.cpp.obj
[475/777] Building CXX object CMakeFiles/batch35_q_sleep_target.dir/C_/Dev/OpenU5-Native/native/targets/tdeck/main/alpha_runtime.cpp.obj
[476/777] Building CXX object CMakeFiles/batch44_camp_ring_entry.dir/C_/Dev/OpenU5-Native/native/targets/tdeck/host_tests/host_stubs/tdeck_input_host_stub.cpp.obj
[477/777] Building CXX object CMakeFiles/batch46_camp_invisibility.dir/C_/Dev/OpenU5-Native/native/targets/tdeck/main/alpha_save_generation.cpp.obj
[478/777] Building CXX object CMakeFiles/batch44_camp_ring_entry.dir/C_/Dev/OpenU5-Native/native/targets/tdeck/host_tests/host_stubs/tdeck_board_host_stub.cpp.obj
[479/777] Building CXX object CMakeFiles/batch36_camp_housekeeping.dir/C_/Dev/OpenU5-Native/native/targets/tdeck/main/alpha_runtime.cpp.obj
[480/777] Building CXX object CMakeFiles/batch43_sleep_scene.dir/C_/Dev/OpenU5-Native/native/targets/tdeck/main/alpha_resources.cpp.obj
[481/777] Building CXX object CMakeFiles/batch43_sleep_scene.dir/C_/Dev/OpenU5-Native/native/targets/tdeck/main/native_renderer.cpp.obj
[482/777] Building CXX object CMakeFiles/batch46_camp_invisibility.dir/C_/Dev/OpenU5-Native/native/targets/tdeck/host_tests/host_stubs/device_smoke_tests_host_stub.cpp.obj
[483/777] Building CXX object CMakeFiles/batch46_camp_invisibility.dir/C_/Dev/OpenU5-Native/native/targets/tdeck/host_tests/host_stubs/alpha_save_memory_host_stub.cpp.obj
[484/777] Building CXX object CMakeFiles/batch44_camp_ring_entry.dir/C_/Dev/OpenU5-Native/native/targets/tdeck/main/input_controller.cpp.obj
[485/777] Building CXX object CMakeFiles/batch43_sleep_scene.dir/C_/Dev/OpenU5-Native/native/targets/tdeck/main/dungeon_art_cache.cpp.obj
[486/777] Building CXX object CMakeFiles/batch44_camp_ring_entry.dir/C_/Dev/OpenU5-Native/native/targets/tdeck/main/ui_input_adapter.cpp.obj
[487/777] Building CXX object CMakeFiles/batch46_camp_invisibility.dir/C_/Dev/OpenU5-Native/native/targets/tdeck/host_tests/batch46_camp_invisibility_test.cpp.obj
[488/777] Building CXX object CMakeFiles/batch43_sleep_scene.dir/C_/Dev/OpenU5-Native/native/targets/tdeck/main/alpha_dialogue.cpp.obj
[489/777] Building CXX object CMakeFiles/batch44_camp_ring_entry.dir/C_/Dev/OpenU5-Native/native/targets/tdeck/main/keyboard_matrix.cpp.obj
[490/777] Building CXX object CMakeFiles/batch46_camp_invisibility.dir/C_/Dev/OpenU5-Native/native/targets/tdeck/main/asset_pack.cpp.obj
[491/777] Building CXX object CMakeFiles/batch38_camp_duration.dir/C_/Dev/OpenU5-Native/native/targets/tdeck/host_tests/host_stubs/tdeck_input_host_stub.cpp.obj
[492/777] Building CXX object CMakeFiles/batch46_camp_invisibility.dir/C_/Dev/OpenU5-Native/native/targets/tdeck/host_tests/host_stubs/batch37_board_capture_stub.cpp.obj
[493/777] Building CXX object CMakeFiles/batch44_camp_ring_entry.dir/C_/Dev/OpenU5-Native/native/targets/tdeck/host_tests/alpha_runtime_host_fixture.cpp.obj
[494/777] Building CXX object CMakeFiles/batch46_camp_invisibility.dir/C_/Dev/OpenU5-Native/native/targets/tdeck/main/dungeon_art_cache.cpp.obj
[495/777] Building CXX object CMakeFiles/batch37_bed_viewport.dir/C_/Dev/OpenU5-Native/native/targets/tdeck/main/alpha_runtime.cpp.obj
[496/777] Building CXX object CMakeFiles/batch38_camp_duration.dir/C_/Dev/OpenU5-Native/native/targets/tdeck/main/input_controller.cpp.obj
[497/777] Building CXX object CMakeFiles/batch38_camp_duration.dir/C_/Dev/OpenU5-Native/native/targets/tdeck/host_tests/host_stubs/tdeck_board_host_stub.cpp.obj
[498/777] Building CXX object CMakeFiles/batch44_camp_ring_entry.dir/C_/Dev/OpenU5-Native/native/targets/tdeck/host_tests/host_stubs/device_smoke_tests_host_stub.cpp.obj
[499/777] Building CXX object CMakeFiles/batch46_camp_invisibility.dir/C_/Dev/OpenU5-Native/native/targets/tdeck/main/native_renderer.cpp.obj
[500/777] Building CXX object CMakeFiles/batch44_camp_ring_entry.dir/C_/Dev/OpenU5-Native/native/targets/tdeck/main/alpha_save_generation.cpp.obj
[501/777] Building CXX object CMakeFiles/batch46_camp_invisibility.dir/C_/Dev/OpenU5-Native/native/targets/tdeck/main/alpha_resources.cpp.obj
[502/777] Building CXX object CMakeFiles/batch38_camp_duration.dir/C_/Dev/OpenU5-Native/native/targets/tdeck/main/ui_input_adapter.cpp.obj
[503/777] Building CXX object CMakeFiles/batch38_camp_duration.dir/C_/Dev/OpenU5-Native/native/targets/tdeck/main/keyboard_matrix.cpp.obj
[504/777] Building CXX object CMakeFiles/batch44_camp_ring_entry.dir/C_/Dev/OpenU5-Native/native/targets/tdeck/host_tests/host_stubs/alpha_save_memory_host_stub.cpp.obj
[505/777] Building CXX object CMakeFiles/batch46_camp_invisibility.dir/C_/Dev/OpenU5-Native/native/targets/tdeck/main/alpha_dialogue.cpp.obj
[506/777] Building CXX object CMakeFiles/batch44_camp_ring_entry.dir/C_/Dev/OpenU5-Native/native/targets/tdeck/host_tests/batch44_camp_ring_entry_test.cpp.obj
[507/777] Building CXX object CMakeFiles/batch44_camp_ring_entry.dir/C_/Dev/OpenU5-Native/native/targets/tdeck/main/asset_pack.cpp.obj
[508/777] Building CXX object CMakeFiles/batch38_camp_duration.dir/C_/Dev/OpenU5-Native/native/targets/tdeck/host_tests/alpha_runtime_host_fixture.cpp.obj
[509/777] Building CXX object CMakeFiles/batch44_camp_ring_entry.dir/C_/Dev/OpenU5-Native/native/targets/tdeck/main/dungeon_art_cache.cpp.obj
[510/777] Building CXX object CMakeFiles/batch51_camp_pacing.dir/C_/Dev/OpenU5-Native/native/targets/tdeck/host_tests/host_stubs/tdeck_input_host_stub.cpp.obj
[511/777] Building CXX object CMakeFiles/batch38_camp_duration.dir/C_/Dev/OpenU5-Native/native/targets/tdeck/main/alpha_save_generation.cpp.obj
[512/777] Building CXX object CMakeFiles/batch38_camp_duration.dir/C_/Dev/OpenU5-Native/native/targets/tdeck/host_tests/host_stubs/device_smoke_tests_host_stub.cpp.obj
[513/777] Building CXX object CMakeFiles/batch44_camp_ring_entry.dir/C_/Dev/OpenU5-Native/native/targets/tdeck/main/native_renderer.cpp.obj
[514/777] Building CXX object CMakeFiles/batch44_camp_ring_entry.dir/C_/Dev/OpenU5-Native/native/targets/tdeck/main/alpha_resources.cpp.obj
[515/777] Building CXX object CMakeFiles/batch39_party_panel.dir/C_/Dev/OpenU5-Native/native/targets/tdeck/main/alpha_runtime.cpp.obj
[516/777] Building CXX object CMakeFiles/batch38_camp_duration.dir/C_/Dev/OpenU5-Native/native/targets/tdeck/host_tests/host_stubs/alpha_save_memory_host_stub.cpp.obj
[517/777] Building CXX object CMakeFiles/batch51_camp_pacing.dir/C_/Dev/OpenU5-Native/native/targets/tdeck/main/input_controller.cpp.obj
[518/777] Building CXX object CMakeFiles/batch44_camp_ring_entry.dir/C_/Dev/OpenU5-Native/native/targets/tdeck/main/alpha_dialogue.cpp.obj
[519/777] Building CXX object CMakeFiles/batch51_camp_pacing.dir/C_/Dev/OpenU5-Native/native/targets/tdeck/main/keyboard_matrix.cpp.obj
[520/777] Building CXX object CMakeFiles/batch51_camp_pacing.dir/C_/Dev/OpenU5-Native/native/targets/tdeck/main/ui_input_adapter.cpp.obj
[521/777] Building CXX object CMakeFiles/batch38_camp_duration.dir/C_/Dev/OpenU5-Native/native/targets/tdeck/main/asset_pack.cpp.obj
[522/777] Building CXX object CMakeFiles/batch38_camp_duration.dir/C_/Dev/OpenU5-Native/native/targets/tdeck/host_tests/batch38_camp_duration_test.cpp.obj
[523/777] Building CXX object CMakeFiles/batch41_staged_advancement.dir/tests/batch41_staged_advancement_test.cpp.obj
[524/777] Building CXX object CMakeFiles/batch51_camp_pacing.dir/C_/Dev/OpenU5-Native/native/targets/tdeck/host_tests/alpha_runtime_host_fixture.cpp.obj
[525/777] Building CXX object CMakeFiles/batch38_camp_duration.dir/C_/Dev/OpenU5-Native/native/targets/tdeck/main/dungeon_art_cache.cpp.obj
[526/777] Building CXX object CMakeFiles/batch38_camp_duration.dir/C_/Dev/OpenU5-Native/native/targets/tdeck/main/alpha_resources.cpp.obj
[527/777] Building CXX object CMakeFiles/batch38_camp_duration.dir/C_/Dev/OpenU5-Native/native/targets/tdeck/main/native_renderer.cpp.obj
[528/777] Building CXX object CMakeFiles/batch53_release_blockers.dir/C_/Dev/OpenU5-Native/native/targets/tdeck/host_tests/host_stubs/tdeck_input_host_stub.cpp.obj
[529/777] Building CXX object CMakeFiles/batch38_camp_duration.dir/C_/Dev/OpenU5-Native/native/targets/tdeck/main/alpha_dialogue.cpp.obj
[530/777] Building CXX object CMakeFiles/batch41_raw_key.dir/C_/Dev/OpenU5-Native/native/targets/tdeck/main/alpha_runtime.cpp.obj
[531/777] Building CXX object CMakeFiles/batch51_camp_pacing.dir/C_/Dev/OpenU5-Native/native/targets/tdeck/host_tests/host_stubs/alpha_save_memory_host_stub.cpp.obj
[532/777] Building CXX object CMakeFiles/batch40_advancement.dir/tests/batch40_advancement_test.cpp.obj
[533/777] Building CXX object CMakeFiles/batch53_release_blockers.dir/C_/Dev/OpenU5-Native/native/targets/tdeck/host_tests/host_stubs/tdeck_board_host_stub.cpp.obj
[534/777] Building CXX object CMakeFiles/batch53_release_blockers.dir/C_/Dev/OpenU5-Native/native/targets/tdeck/main/input_controller.cpp.obj
[535/777] Building CXX object CMakeFiles/batch51_camp_pacing.dir/C_/Dev/OpenU5-Native/native/targets/tdeck/host_tests/host_stubs/device_smoke_tests_host_stub.cpp.obj
[536/777] Building CXX object CMakeFiles/batch51_camp_pacing.dir/C_/Dev/OpenU5-Native/native/targets/tdeck/main/alpha_save_generation.cpp.obj
[537/777] Building CXX object CMakeFiles/batch53_release_blockers.dir/C_/Dev/OpenU5-Native/native/targets/tdeck/main/ui_input_adapter.cpp.obj
[538/777] Building CXX object CMakeFiles/batch51_camp_pacing.dir/C_/Dev/OpenU5-Native/native/targets/tdeck/main/asset_pack.cpp.obj
[539/777] Building CXX object CMakeFiles/batch51_camp_pacing.dir/C_/Dev/OpenU5-Native/native/targets/tdeck/host_tests/host_stubs/batch37_board_capture_stub.cpp.obj
[540/777] Building CXX object CMakeFiles/batch53_release_blockers.dir/C_/Dev/OpenU5-Native/native/targets/tdeck/main/keyboard_matrix.cpp.obj
[541/777] Building CXX object CMakeFiles/batch51_camp_pacing.dir/C_/Dev/OpenU5-Native/native/targets/tdeck/main/dungeon_art_cache.cpp.obj
[542/777] Building CXX object CMakeFiles/batch51_scene_pacing.dir/tests/batch51_scene_pacing_test.cpp.obj
[543/777] Building CXX object CMakeFiles/batch53_release_blockers.dir/C_/Dev/OpenU5-Native/native/targets/tdeck/host_tests/alpha_runtime_host_fixture.cpp.obj
[544/777] Building CXX object CMakeFiles/batch51_camp_pacing.dir/C_/Dev/OpenU5-Native/native/targets/tdeck/main/native_renderer.cpp.obj
[545/777] Building CXX object CMakeFiles/batch53a_ending_terminal.dir/C_/Dev/OpenU5-Native/native/targets/tdeck/main/input_controller.cpp.obj
[546/777] Building CXX object CMakeFiles/batch53a_ending_terminal.dir/C_/Dev/OpenU5-Native/native/targets/tdeck/host_tests/host_stubs/tdeck_input_host_stub.cpp.obj
[547/777] Building CXX object CMakeFiles/batch53_release_blockers.dir/C_/Dev/OpenU5-Native/native/targets/tdeck/host_tests/host_stubs/device_smoke_tests_host_stub.cpp.obj
[548/777] Building CXX object CMakeFiles/batch51_camp_pacing.dir/C_/Dev/OpenU5-Native/native/targets/tdeck/main/alpha_resources.cpp.obj
[549/777] Building CXX object CMakeFiles/batch53a_ending_terminal.dir/C_/Dev/OpenU5-Native/native/targets/tdeck/main/ui_input_adapter.cpp.obj
[550/777] Building CXX object CMakeFiles/batch53a_ending_terminal.dir/C_/Dev/OpenU5-Native/native/targets/tdeck/host_tests/host_stubs/tdeck_board_host_stub.cpp.obj
[551/777] Building CXX object CMakeFiles/batch53_release_blockers.dir/C_/Dev/OpenU5-Native/native/targets/tdeck/host_tests/host_stubs/alpha_save_memory_host_stub.cpp.obj
[552/777] Building CXX object CMakeFiles/batch51_camp_pacing.dir/C_/Dev/OpenU5-Native/native/targets/tdeck/host_tests/batch51_camp_pacing_test.cpp.obj
[553/777] Building CXX object CMakeFiles/batch53_release_blockers.dir/C_/Dev/OpenU5-Native/native/targets/tdeck/main/alpha_save_generation.cpp.obj
[554/777] Building CXX object CMakeFiles/batch53a_ending_terminal.dir/C_/Dev/OpenU5-Native/native/targets/tdeck/main/keyboard_matrix.cpp.obj
[555/777] Building CXX object CMakeFiles/batch51_camp_pacing.dir/C_/Dev/OpenU5-Native/native/targets/tdeck/main/alpha_dialogue.cpp.obj
[556/777] Building CXX object CMakeFiles/batch53_release_blockers.dir/C_/Dev/OpenU5-Native/native/targets/tdeck/main/asset_pack.cpp.obj
[557/777] Building CXX object CMakeFiles/batch42_advancement_flash.dir/C_/Dev/OpenU5-Native/native/targets/tdeck/main/alpha_runtime.cpp.obj
[558/777] Building CXX object CMakeFiles/batch53_release_blockers.dir/C_/Dev/OpenU5-Native/native/targets/tdeck/main/native_renderer.cpp.obj
[559/777] Building CXX object CMakeFiles/batch53_release_blockers.dir/C_/Dev/OpenU5-Native/native/targets/tdeck/main/dungeon_art_cache.cpp.obj
[560/777] Building CXX object CMakeFiles/batch53b_moongate_return.dir/C_/Dev/OpenU5-Native/native/targets/tdeck/host_tests/host_stubs/tdeck_board_host_stub.cpp.obj
[561/777] Building CXX object CMakeFiles/batch53b_moongate_return.dir/C_/Dev/OpenU5-Native/native/targets/tdeck/host_tests/host_stubs/tdeck_input_host_stub.cpp.obj
[562/777] Building CXX object CMakeFiles/batch53a_ending_terminal.dir/C_/Dev/OpenU5-Native/native/targets/tdeck/host_tests/alpha_runtime_host_fixture.cpp.obj
[563/777] Building CXX object CMakeFiles/batch53a_ending_terminal.dir/C_/Dev/OpenU5-Native/native/targets/tdeck/host_tests/host_stubs/device_smoke_tests_host_stub.cpp.obj
[564/777] Building CXX object CMakeFiles/batch53b_moongate_return.dir/C_/Dev/OpenU5-Native/native/targets/tdeck/main/input_controller.cpp.obj
[565/777] Building CXX object CMakeFiles/batch53_release_blockers.dir/C_/Dev/OpenU5-Native/native/targets/tdeck/main/alpha_dialogue.cpp.obj
[566/777] Building CXX object CMakeFiles/batch53a_ending_terminal.dir/C_/Dev/OpenU5-Native/native/targets/tdeck/main/alpha_save_generation.cpp.obj
[567/777] Building CXX object CMakeFiles/batch53a_ending_terminal.dir/C_/Dev/OpenU5-Native/native/targets/tdeck/host_tests/host_stubs/alpha_save_memory_host_stub.cpp.obj
[568/777] Building CXX object CMakeFiles/batch53b_moongate_return.dir/C_/Dev/OpenU5-Native/native/targets/tdeck/main/ui_input_adapter.cpp.obj
[569/777] Building CXX object CMakeFiles/batch53b_moongate_return.dir/C_/Dev/OpenU5-Native/native/targets/tdeck/main/keyboard_matrix.cpp.obj
[570/777] Building CXX object CMakeFiles/batch53_release_blockers.dir/C_/Dev/OpenU5-Native/native/targets/tdeck/main/alpha_resources.cpp.obj
[571/777] Building CXX object CMakeFiles/batch43_sleep_scene.dir/C_/Dev/OpenU5-Native/native/targets/tdeck/main/alpha_runtime.cpp.obj
[572/777] Building CXX object CMakeFiles/batch53b_moongate_return.dir/C_/Dev/OpenU5-Native/native/targets/tdeck/host_tests/alpha_runtime_host_fixture.cpp.obj
[573/777] Building CXX object CMakeFiles/batch53a_ending_terminal.dir/C_/Dev/OpenU5-Native/native/targets/tdeck/main/dungeon_art_cache.cpp.obj
[574/777] Building CXX object CMakeFiles/batch53a_ending_terminal.dir/C_/Dev/OpenU5-Native/native/targets/tdeck/main/asset_pack.cpp.obj
[575/777] Building CXX object CMakeFiles/a3_01_audio_runtime.dir/C_/Dev/OpenU5-Native/native/targets/tdeck/host_tests/host_stubs/tdeck_input_host_stub.cpp.obj
[576/777] Building CXX object CMakeFiles/batch53a_ending_terminal.dir/C_/Dev/OpenU5-Native/native/targets/tdeck/main/native_renderer.cpp.obj
[577/777] Building CXX object CMakeFiles/batch53b_moongate_return.dir/C_/Dev/OpenU5-Native/native/targets/tdeck/host_tests/host_stubs/device_smoke_tests_host_stub.cpp.obj
[578/777] Building CXX object CMakeFiles/batch53a_ending_terminal.dir/C_/Dev/OpenU5-Native/native/targets/tdeck/main/alpha_dialogue.cpp.obj
[579/777] Building CXX object CMakeFiles/batch53b_moongate_return.dir/C_/Dev/OpenU5-Native/native/targets/tdeck/main/alpha_save_generation.cpp.obj
[580/777] Building CXX object CMakeFiles/a3_01_audio_runtime.dir/C_/Dev/OpenU5-Native/native/targets/tdeck/main/input_controller.cpp.obj
[581/777] Building CXX object CMakeFiles/batch53a_ending_terminal.dir/C_/Dev/OpenU5-Native/native/targets/tdeck/main/alpha_resources.cpp.obj
[582/777] Building CXX object CMakeFiles/batch53b_moongate_return.dir/C_/Dev/OpenU5-Native/native/targets/tdeck/host_tests/host_stubs/alpha_save_memory_host_stub.cpp.obj
[583/777] Building CXX object CMakeFiles/batch53a_ending_terminal.dir/C_/Dev/OpenU5-Native/native/targets/tdeck/host_tests/batch53a_ending_terminal_test.cpp.obj
[584/777] Building CXX object CMakeFiles/a3_01_audio_runtime.dir/C_/Dev/OpenU5-Native/native/targets/tdeck/main/ui_input_adapter.cpp.obj
[585/777] Building CXX object CMakeFiles/a3_01_audio_runtime.dir/C_/Dev/OpenU5-Native/native/targets/tdeck/main/keyboard_matrix.cpp.obj
[586/777] Building CXX object CMakeFiles/batch53b_moongate_return.dir/C_/Dev/OpenU5-Native/native/targets/tdeck/main/asset_pack.cpp.obj
[587/777] Building CXX object CMakeFiles/a3_01_audio_runtime.dir/C_/Dev/OpenU5-Native/native/targets/tdeck/host_tests/alpha_runtime_host_fixture.cpp.obj
[588/777] Building CXX object CMakeFiles/batch53b_moongate_return.dir/C_/Dev/OpenU5-Native/native/targets/tdeck/main/native_renderer.cpp.obj
[589/777] Building CXX object CMakeFiles/batch46_camp_invisibility.dir/C_/Dev/OpenU5-Native/native/targets/tdeck/main/alpha_runtime.cpp.obj
[590/777] Building CXX object CMakeFiles/batch53b_moongate_return.dir/C_/Dev/OpenU5-Native/native/targets/tdeck/main/dungeon_art_cache.cpp.obj
[591/777] Building CXX object CMakeFiles/a3_01_audio_runtime.dir/C_/Dev/OpenU5-Native/native/targets/tdeck/main/alpha_audio.cpp.obj
[592/777] Building CXX object CMakeFiles/batch53b_moongate_return.dir/C_/Dev/OpenU5-Native/native/targets/tdeck/main/alpha_dialogue.cpp.obj
[593/777] Building CXX object CMakeFiles/a3_01_audio_runtime.dir/C_/Dev/OpenU5-Native/native/targets/tdeck/main/alpha_save_generation.cpp.obj
[594/777] Building CXX object CMakeFiles/batch53b_moongate_return.dir/C_/Dev/OpenU5-Native/native/targets/tdeck/main/alpha_resources.cpp.obj
[595/777] Building CXX object CMakeFiles/batch14_zstats_runtime_regression.dir/C_/Dev/OpenU5-Native/native/targets/tdeck/host_tests/host_stubs/tdeck_input_host_stub.cpp.obj
[596/777] Building CXX object CMakeFiles/batch14_zstats_runtime_regression.dir/C_/Dev/OpenU5-Native/native/targets/tdeck/main/input_controller.cpp.obj
[597/777] Building CXX object CMakeFiles/a3_01_audio_runtime.dir/C_/Dev/OpenU5-Native/native/targets/tdeck/host_tests/host_stubs/alpha_save_memory_host_stub.cpp.obj
[598/777] Building CXX object CMakeFiles/batch53b_moongate_return.dir/C_/Dev/OpenU5-Native/native/targets/tdeck/host_tests/batch53b_moongate_return_test.cpp.obj
[599/777] Building CXX object CMakeFiles/batch14_zstats_runtime_regression.dir/C_/Dev/OpenU5-Native/native/targets/tdeck/host_tests/host_stubs/tdeck_board_host_stub.cpp.obj
[600/777] Building CXX object CMakeFiles/batch14_zstats_runtime_regression.dir/C_/Dev/OpenU5-Native/native/targets/tdeck/main/ui_input_adapter.cpp.obj
[601/777] Building CXX object CMakeFiles/a3_01_audio_runtime.dir/C_/Dev/OpenU5-Native/native/targets/tdeck/host_tests/host_stubs/device_smoke_tests_host_stub.cpp.obj
[602/777] Building CXX object CMakeFiles/a3_01_audio_runtime.dir/C_/Dev/OpenU5-Native/native/targets/tdeck/main/asset_pack.cpp.obj
[603/777] Building CXX object CMakeFiles/batch14_zstats_runtime_regression.dir/C_/Dev/OpenU5-Native/native/targets/tdeck/main/keyboard_matrix.cpp.obj
[604/777] Building CXX object CMakeFiles/batch38_camp_duration.dir/C_/Dev/OpenU5-Native/native/targets/tdeck/main/alpha_runtime.cpp.obj
[605/777] Building CXX object CMakeFiles/batch14_zstats_runtime_regression.dir/C_/Dev/OpenU5-Native/native/targets/tdeck/host_tests/host_stubs/alpha_save_host_stub.cpp.obj
[606/777] Building CXX object CMakeFiles/batch44_camp_ring_entry.dir/C_/Dev/OpenU5-Native/native/targets/tdeck/main/alpha_runtime.cpp.obj
[607/777] Building CXX object CMakeFiles/a3_01_audio_runtime.dir/C_/Dev/OpenU5-Native/native/targets/tdeck/host_tests/host_stubs/batch37_board_capture_stub.cpp.obj
[608/777] Building CXX object CMakeFiles/batch14_zstats_runtime_regression.dir/C_/Dev/OpenU5-Native/native/targets/tdeck/host_tests/alpha_runtime_host_fixture.cpp.obj
[609/777] Building CXX object CMakeFiles/batch18_well_ceremony_regression.dir/C_/Dev/OpenU5-Native/native/targets/tdeck/host_tests/host_stubs/tdeck_input_host_stub.cpp.obj
[610/777] Building CXX object CMakeFiles/batch18_well_ceremony_regression.dir/C_/Dev/OpenU5-Native/native/targets/tdeck/main/input_controller.cpp.obj
[611/777] Building CXX object CMakeFiles/a3_01_audio_runtime.dir/C_/Dev/OpenU5-Native/native/targets/tdeck/main/dungeon_art_cache.cpp.obj
[612/777] Building CXX object CMakeFiles/a3_01_audio_runtime.dir/C_/Dev/OpenU5-Native/native/targets/tdeck/main/native_renderer.cpp.obj
[613/777] Building CXX object CMakeFiles/a3_01_audio_runtime.dir/C_/Dev/OpenU5-Native/native/targets/tdeck/main/alpha_resources.cpp.obj
[614/777] Building CXX object CMakeFiles/batch18_well_ceremony_regression.dir/C_/Dev/OpenU5-Native/native/targets/tdeck/host_tests/host_stubs/tdeck_board_host_stub.cpp.obj
[615/777] Building CXX object CMakeFiles/batch18_well_ceremony_regression.dir/C_/Dev/OpenU5-Native/native/targets/tdeck/main/ui_input_adapter.cpp.obj
[616/777] Building CXX object CMakeFiles/batch53_release_blockers.dir/C_/Dev/OpenU5-Native/native/targets/tdeck/host_tests/batch53_release_blockers_test.cpp.obj
[617/777] Building CXX object CMakeFiles/batch14_zstats_runtime_regression.dir/C_/Dev/OpenU5-Native/native/targets/tdeck/host_tests/host_stubs/device_smoke_tests_host_stub.cpp.obj
[618/777] Building CXX object CMakeFiles/batch14_zstats_runtime_regression.dir/C_/Dev/OpenU5-Native/native/targets/tdeck/main/asset_pack.cpp.obj
[619/777] Building CXX object CMakeFiles/batch18_well_ceremony_regression.dir/C_/Dev/OpenU5-Native/native/targets/tdeck/host_tests/host_stubs/alpha_save_host_stub.cpp.obj
[620/777] Building CXX object CMakeFiles/batch18_well_ceremony_regression.dir/C_/Dev/OpenU5-Native/native/targets/tdeck/main/keyboard_matrix.cpp.obj
[621/777] Building CXX object CMakeFiles/a3_01_audio_runtime.dir/C_/Dev/OpenU5-Native/native/targets/tdeck/main/alpha_dialogue.cpp.obj
[622/777] Building CXX object CMakeFiles/batch19_command_char_regression.dir/C_/Dev/OpenU5-Native/native/targets/tdeck/host_tests/host_stubs/tdeck_input_host_stub.cpp.obj
[623/777] Building CXX object CMakeFiles/batch18_well_ceremony_regression.dir/C_/Dev/OpenU5-Native/native/targets/tdeck/host_tests/alpha_runtime_host_fixture.cpp.obj
[624/777] Building CXX object CMakeFiles/batch14_zstats_runtime_regression.dir/C_/Dev/OpenU5-Native/native/targets/tdeck/host_tests/batch14_zstats_runtime_test.cpp.obj
[625/777] Building CXX object CMakeFiles/batch19_command_char_regression.dir/C_/Dev/OpenU5-Native/native/targets/tdeck/host_tests/host_stubs/tdeck_board_host_stub.cpp.obj
[626/777] Building CXX object CMakeFiles/batch19_command_char_regression.dir/C_/Dev/OpenU5-Native/native/targets/tdeck/main/input_controller.cpp.obj
[627/777] Building CXX object CMakeFiles/batch19_command_char_regression.dir/C_/Dev/OpenU5-Native/native/targets/tdeck/main/ui_input_adapter.cpp.obj
[628/777] Building CXX object CMakeFiles/batch14_zstats_runtime_regression.dir/C_/Dev/OpenU5-Native/native/targets/tdeck/main/native_renderer.cpp.obj
[629/777] Building CXX object CMakeFiles/batch14_zstats_runtime_regression.dir/C_/Dev/OpenU5-Native/native/targets/tdeck/main/alpha_resources.cpp.obj
[630/777] Building CXX object CMakeFiles/batch14_zstats_runtime_regression.dir/C_/Dev/OpenU5-Native/native/targets/tdeck/main/dungeon_art_cache.cpp.obj
[631/777] Building CXX object CMakeFiles/batch18_well_ceremony_regression.dir/C_/Dev/OpenU5-Native/native/targets/tdeck/host_tests/host_stubs/device_smoke_tests_host_stub.cpp.obj
[632/777] Building CXX object CMakeFiles/batch14_zstats_runtime_regression.dir/C_/Dev/OpenU5-Native/native/targets/tdeck/main/alpha_dialogue.cpp.obj
[633/777] Building CXX object CMakeFiles/batch18_well_ceremony_regression.dir/C_/Dev/OpenU5-Native/native/targets/tdeck/main/asset_pack.cpp.obj
[634/777] Building CXX object CMakeFiles/batch19_command_char_regression.dir/C_/Dev/OpenU5-Native/native/targets/tdeck/main/keyboard_matrix.cpp.obj
[635/777] Building CXX object CMakeFiles/batch18_well_ceremony_regression.dir/C_/Dev/OpenU5-Native/native/targets/tdeck/host_tests/batch18_well_ceremony_test.cpp.obj
[636/777] Building CXX object CMakeFiles/batch19_command_char_regression.dir/C_/Dev/OpenU5-Native/native/targets/tdeck/host_tests/host_stubs/alpha_save_host_stub.cpp.obj
[637/777] Building CXX object CMakeFiles/batch19_command_char_regression.dir/C_/Dev/OpenU5-Native/native/targets/tdeck/host_tests/alpha_runtime_host_fixture.cpp.obj
[638/777] Building CXX object CMakeFiles/batch51_camp_pacing.dir/C_/Dev/OpenU5-Native/native/targets/tdeck/main/alpha_runtime.cpp.obj
[639/777] Building CXX object CMakeFiles/batch18_well_ceremony_regression.dir/C_/Dev/OpenU5-Native/native/targets/tdeck/main/dungeon_art_cache.cpp.obj
[640/777] Building CXX object CMakeFiles/batch18_well_ceremony_regression.dir/C_/Dev/OpenU5-Native/native/targets/tdeck/main/alpha_resources.cpp.obj
[641/777] Building CXX object CMakeFiles/batch19_command_char_regression.dir/C_/Dev/OpenU5-Native/native/targets/tdeck/host_tests/host_stubs/device_smoke_tests_host_stub.cpp.obj
[642/777] Building CXX object CMakeFiles/batch53_release_blockers.dir/C_/Dev/OpenU5-Native/native/targets/tdeck/main/alpha_runtime.cpp.obj
[643/777] Building CXX object CMakeFiles/batch18_well_ceremony_regression.dir/C_/Dev/OpenU5-Native/native/targets/tdeck/main/native_renderer.cpp.obj
[644/777] Building CXX object CMakeFiles/batch19_command_char_regression.dir/C_/Dev/OpenU5-Native/native/targets/tdeck/main/asset_pack.cpp.obj
[645/777] Building CXX object CMakeFiles/batch18_well_ceremony_regression.dir/C_/Dev/OpenU5-Native/native/targets/tdeck/main/alpha_dialogue.cpp.obj
[646/777] Building CXX object CMakeFiles/batch19_command_char_regression.dir/C_/Dev/OpenU5-Native/native/targets/tdeck/host_tests/batch19_command_char_runtime_test.cpp.obj
[647/777] Building CXX object CMakeFiles/batch3_group_a_tests.dir/tests/batch3_group_a_test.cpp.obj
[648/777] Building CXX object CMakeFiles/alpha_resource_capacity_tests.dir/tests/alpha_resource_capacity_test.cpp.obj
[649/777] Building CXX object CMakeFiles/a3_01_audio_runtime.dir/C_/Dev/OpenU5-Native/native/targets/tdeck/host_tests/a3_01_audio_runtime_test.cpp.obj
[650/777] Building CXX object CMakeFiles/batch14_zstats_model_tests.dir/tests/batch14_zstats_model_test.cpp.obj
[651/777] Building CXX object CMakeFiles/batch19_command_char_regression.dir/C_/Dev/OpenU5-Native/native/targets/tdeck/main/alpha_resources.cpp.obj
[652/777] Building CXX object CMakeFiles/batch4_group_a_tests.dir/tests/batch4_group_a_test.cpp.obj
[653/777] Building CXX object CMakeFiles/batch4_group_b_tests.dir/tests/batch4_group_b_test.cpp.obj
[654/777] Building CXX object CMakeFiles/batch19_command_char_regression.dir/C_/Dev/OpenU5-Native/native/targets/tdeck/main/native_renderer.cpp.obj
[655/777] Building CXX object CMakeFiles/batch19_command_char_regression.dir/C_/Dev/OpenU5-Native/native/targets/tdeck/main/dungeon_art_cache.cpp.obj
[656/777] Building CXX object CMakeFiles/batch3_group_b_tests.dir/tests/batch3_group_b_test.cpp.obj
[657/777] Building CXX object CMakeFiles/batch19_command_char_regression.dir/C_/Dev/OpenU5-Native/native/targets/tdeck/main/alpha_dialogue.cpp.obj
[658/777] Linking CXX executable frontend_tests.exe
[659/777] Linking CXX executable ui_session_tests.exe
[660/777] Building CXX object CMakeFiles/batch53a_ending_terminal.dir/C_/Dev/OpenU5-Native/native/targets/tdeck/main/alpha_runtime.cpp.obj
[661/777] Building CXX object CMakeFiles/batch3_group_c_tests.dir/tests/batch3_group_c_test.cpp.obj
[662/777] Linking CXX executable display_names_tests.exe
[663/777] Linking CXX executable quest_search_tests.exe
[664/777] Linking CXX executable batch21b_chest_reset.exe
[665/777] Linking CXX executable debug_labels_tests.exe
[666/777] Linking CXX executable measure_ui_sizes.exe
[667/777] Building CXX object CMakeFiles/batch7b_tests.dir/tests/batch7b_test.cpp.obj
[668/777] Linking CXX executable debug_map_picker_tests.exe
[669/777] Linking CXX executable gameplay_integration_tests.exe
[670/777] Linking CXX executable ui_host_harness.exe
[671/777] Linking CXX executable gameplay_driver.exe
[672/777] Linking CXX executable ui_debug_menu_tests.exe
[673/777] Linking CXX executable look_sign_tests.exe
[674/777] Linking CXX executable debug_developer_tests.exe
[675/777] Linking CXX executable movement_flow_parity_tests.exe
[676/777] Linking CXX executable shop_parity_tests.exe
[677/777] Building CXX object CMakeFiles/batch53b_moongate_return.dir/C_/Dev/OpenU5-Native/native/targets/tdeck/main/alpha_runtime.cpp.obj
[678/777] Building CXX object CMakeFiles/batch17_theft_watchdog_tests.dir/tests/batch17_theft_watchdog_test.cpp.obj
[679/777] Building CXX object CMakeFiles/batch19_command_char_tests.dir/tests/batch19_command_char_test.cpp.obj
[680/777] Linking CXX executable shop_adapter_tests.exe
[681/777] Linking CXX executable quest_driver.exe
[682/777] Linking CXX executable shop_flow_tests.exe
[683/777] Linking CXX executable dialogue_adapter_tests.exe
[684/777] Linking CXX executable persistence_driver.exe
[685/777] Linking CXX executable core_parity_tests.exe
[686/777] Building CXX object CMakeFiles/batch12_combat_field_tests.dir/tests/batch12_combat_field_test.cpp.obj
[687/777] Linking CXX executable dialogue_parity_tests.exe
[688/777] Building CXX object CMakeFiles/batch5_tests.dir/tests/batch5_test.cpp.obj
[689/777] Linking CXX executable world_flow_parity_tests.exe
[690/777] Linking CXX executable transport_flow_parity_tests.exe
[691/777] Linking CXX executable movement_regression.exe
[692/777] Building CXX object CMakeFiles/batch45b_tests.dir/tests/batch45b_test.cpp.obj
[693/777] Linking CXX executable world_flow_adapter_tests.exe
[694/777] Linking CXX executable dungeon_parity_tests.exe
[695/777] Linking CXX executable dungeon_flow_parity_tests.exe
[696/777] Linking CXX executable advanced_combat_parity_tests.exe
[697/777] Building CXX object CMakeFiles/a3_01_audio_runtime.dir/C_/Dev/OpenU5-Native/native/targets/tdeck/main/alpha_runtime.cpp.obj
[698/777] Building CXX object CMakeFiles/batch15_sacrifice_tests.dir/tests/batch15_sacrifice_test.cpp.obj
[699/777] Linking CXX executable combat_parity_tests.exe
[700/777] Linking CXX executable command_parity_tests.exe
[701/777] Linking CXX executable item_parity_tests.exe
[702/777] Linking CXX executable magic_parity_tests.exe
[703/777] Linking CXX executable input_regression.exe
[704/777] Linking CXX executable gem_view_regression.exe
[705/777] Linking CXX executable dungeon_input_regression.exe
[706/777] Linking CXX executable ui_mode_regression.exe
[707/777] Linking CXX executable dungeon_view_regression.exe
[708/777] Linking CXX executable combat_escape_regression.exe
[709/777] Linking CXX executable travel_parity_tests.exe
[710/777] Linking CXX executable dungeon_art_regression.exe
[711/777] Linking CXX executable turn_parity_tests.exe
[712/777] Linking CXX executable alpha_runtime_integration_regression.exe
[713/777] Linking CXX executable presentation_regression.exe
[714/777] Linking CXX executable batch23_vault_parity.exe
[715/777] Linking CXX executable direct_troll_handoff_regression.exe
[716/777] Linking CXX executable batch21a3_combat_active_player.exe
[717/777] Linking CXX executable combat_loot_open_regression.exe
[718/777] Linking CXX executable batch22_basement_objects.exe
[719/777] Linking CXX executable batch24_reload_parity.exe
[720/777] Linking CXX executable batch21a_dungeon_room_regression.exe
[721/777] Linking CXX executable action_feedback_regression.exe
[722/777] Linking CXX executable batch26_dungeon_save.exe
[723/777] Building CXX object CMakeFiles/blackthorn_scene_tests.dir/tests/blackthorn_scene_test.cpp.obj
[724/777] Linking CXX executable batch12b_hardware_regression.exe
[725/777] Linking CXX executable batch25_shard_ritual.exe
[726/777] Linking CXX executable dungeon_combat_regression.exe
[727/777] Linking CXX executable batch28_save_validation.exe
[728/777] Linking CXX executable batch27_alt_load.exe
[729/777] Linking CXX executable batch32_camp_watch.exe
[730/777] Linking CXX executable batch31_h165_dungeon_entry.exe
[731/777] Linking CXX executable batch30_sleep_parity.exe
[732/777] Linking CXX executable batch36_camp_housekeeping.exe
[733/777] Linking CXX executable batch35_q_sleep_target.exe
[734/777] Building CXX object CMakeFiles/batch13_tests.dir/tests/batch13_test.cpp.obj
[735/777] Linking CXX executable batch33_cannon_npc_death.exe
[736/777] Linking CXX executable batch29_rest_wiring.exe
[737/777] Linking CXX executable batch39_party_panel.exe
[738/777] Linking CXX executable batch34_pre_sleep_npc.exe
[739/777] Linking CXX executable batch41_raw_key.exe
[740/777] Building CXX object CMakeFiles/batch14_zstats_runtime_regression.dir/C_/Dev/OpenU5-Native/native/targets/tdeck/main/alpha_runtime.cpp.obj
[741/777] Linking CXX executable batch42_advancement_flash.exe
[742/777] Linking CXX executable batch40_advancement.exe
[743/777] Linking CXX executable batch37_bed_viewport.exe
[744/777] Linking CXX executable batch38_camp_duration.exe
[745/777] Linking CXX executable batch43_sleep_scene.exe
[746/777] Linking CXX executable batch46_camp_invisibility.exe
[747/777] Linking CXX executable batch44_camp_ring_entry.exe
[748/777] Linking CXX executable batch41_staged_advancement.exe
[749/777] Linking CXX executable batch51_scene_pacing.exe
[750/777] Building CXX object CMakeFiles/batch18_well_ceremony_regression.dir/C_/Dev/OpenU5-Native/native/targets/tdeck/main/alpha_runtime.cpp.obj
[751/777] Linking CXX executable batch51_camp_pacing.exe
[752/777] Linking CXX executable batch53b_moongate_return.exe
[753/777] Linking CXX executable batch53a_ending_terminal.exe
[754/777] Linking CXX executable batch14_zstats_model_tests.exe
[755/777] Linking CXX executable alpha_resource_capacity_tests.exe
[756/777] Linking CXX executable batch3_group_a_tests.exe
[757/777] Linking CXX executable batch14_zstats_runtime_regression.exe
[758/777] Linking CXX executable batch3_group_b_tests.exe
[759/777] Linking CXX executable batch18_well_ceremony_regression.exe
[760/777] Linking CXX executable batch53_release_blockers.exe
[761/777] Linking CXX executable a3_01_audio_runtime.exe
[762/777] Linking CXX executable batch3_group_c_tests.exe
[763/777] Linking CXX executable batch4_group_b_tests.exe
[764/777] Linking CXX executable batch5_tests.exe
[765/777] Linking CXX executable batch15_sacrifice_tests.exe
[766/777] Linking CXX executable batch4_group_a_tests.exe
[767/777] Linking CXX executable batch12_combat_field_tests.exe
[768/777] Linking CXX executable batch7b_tests.exe
[769/777] Linking CXX executable batch13_tests.exe
[770/777] Linking CXX executable batch19_command_char_tests.exe
[771/777] Linking CXX executable blackthorn_scene_tests.exe
[772/777] Linking CXX executable batch17_theft_watchdog_tests.exe
[773/777] Linking CXX executable batch45b_tests.exe
[774/777] Building CXX object CMakeFiles/batch19_command_char_regression.dir/C_/Dev/OpenU5-Native/native/targets/tdeck/main/alpha_runtime.cpp.obj
[775/777] Linking CXX executable batch19_command_char_regression.exe
[776/777] Building CXX object CMakeFiles/a3_01_audio_contract.dir/tests/a3_01_audio_contract_test.cpp.obj
[777/777] Linking CXX executable a3_01_audio_contract.exe
