[1/1172] Building CXX object CMakeFiles/openu5_core.dir/src/render_pacing.cpp.obj
[2/1172] Building CXX object CMakeFiles/openu5_core.dir/src/sfx_inventory.cpp.obj
[3/1172] Building CXX object CMakeFiles/openu5_core.dir/src/ambient_sfx.cpp.obj
[4/1172] Building CXX object CMakeFiles/openu5_core.dir/src/poison_tick.cpp.obj
[5/1172] Building CXX object CMakeFiles/openu5_core.dir/src/audio.cpp.obj
[6/1172] Building CXX object CMakeFiles/openu5_core.dir/src/scene_timing.cpp.obj
[7/1172] Building CXX object CMakeFiles/openu5_core.dir/src/hud.cpp.obj
[8/1172] Building CXX object CMakeFiles/openu5_core.dir/src/display_names.cpp.obj
[9/1172] Building CXX object CMakeFiles/openu5_core.dir/src/dungeon_encounters.cpp.obj
[10/1172] Building CXX object CMakeFiles/openu5_core.dir/src/combat_hit_cue.cpp.obj
[11/1172] Building CXX object CMakeFiles/openu5_core.dir/src/world_fx.cpp.obj
[12/1172] Building CXX object CMakeFiles/openu5_core.dir/src/command_char.cpp.obj
[13/1172] Building CXX object CMakeFiles/openu5_core.dir/src/system_menu.cpp.obj
[14/1172] Building CXX object CMakeFiles/openu5_core.dir/src/intro_view.cpp.obj
[15/1172] Building CXX object CMakeFiles/openu5_core.dir/src/sd_diag_log.cpp.obj
[16/1172] Building CXX object CMakeFiles/openu5_core.dir/src/frontend.cpp.obj
[17/1172] Building CXX object CMakeFiles/openu5_core.dir/src/sfx_synth.cpp.obj
[18/1172] Building CXX object CMakeFiles/openu5_core.dir/src/narrative_scene.cpp.obj
[19/1172] Building CXX object CMakeFiles/openu5_core.dir/src/audio_pack.cpp.obj
[20/1172] Building CXX object CMakeFiles/openu5_core.dir/src/dungeon_view.cpp.obj
[21/1172] Building CXX object CMakeFiles/openu5_core.dir/src/shrine.cpp.obj
[22/1172] Building CXX object CMakeFiles/openu5_core.dir/src/world_terrain.cpp.obj
[23/1172] Building CXX object CMakeFiles/openu5_core.dir/src/world_magic.cpp.obj
[24/1172] Building CXX object CMakeFiles/openu5_core.dir/src/dungeon_art.cpp.obj
[25/1172] Building CXX object CMakeFiles/openu5_core.dir/src/gem_view.cpp.obj
[26/1172] Building CXX object CMakeFiles/openu5_core.dir/src/world_commands.cpp.obj
[27/1172] Building CXX object CMakeFiles/openu5_core.dir/src/shops.cpp.obj
[28/1172] Building CXX object CMakeFiles/openu5_core.dir/src/presentation.cpp.obj
[29/1172] Building CXX object CMakeFiles/openu5_core.dir/src/quest_search.cpp.obj
[30/1172] Building CXX object CMakeFiles/openu5_core.dir/src/look.cpp.obj
[31/1172] Building CXX object CMakeFiles/openu5_core.dir/src/dungeon.cpp.obj
[32/1172] Building CXX object CMakeFiles/openu5_core.dir/src/transport.cpp.obj
[33/1172] Building CXX object CMakeFiles/openu5_core.dir/src/state.cpp.obj
[34/1172] Building CXX object CMakeFiles/openu5_core.dir/src/rng.cpp.obj
[35/1172] Building CXX object CMakeFiles/openu5_core.dir/src/blackthorn_scene.cpp.obj
[36/1172] Building CXX object CMakeFiles/openu5_core.dir/src/time.cpp.obj
[37/1172] Building CXX object CMakeFiles/openu5_core.dir/src/dungeon_orchestration.cpp.obj
[38/1172] Building CXX object CMakeFiles/openu5_core.dir/src/audio_stream.cpp.obj
[39/1172] Building CXX object CMakeFiles/openu5_core.dir/src/quest.cpp.obj
[40/1172] Building CXX object CMakeFiles/openu5_core.dir/src/outdoor.cpp.obj
[41/1172] Building CXX object CMakeFiles/openu5_core.dir/src/loot.cpp.obj
[42/1172] Building CXX object CMakeFiles/openu5_core.dir/src/world.cpp.obj
[43/1172] Building CXX object CMakeFiles/openu5_core.dir/src/scripted_encounter.cpp.obj
[44/1172] Building CXX object CMakeFiles/openu5_core.dir/src/perf_report.cpp.obj
[45/1172] Building CXX object CMakeFiles/openu5_core.dir/src/movement.cpp.obj
[46/1172] Building CXX object CMakeFiles/openu5_core.dir/src/blackthorn.cpp.obj
[47/1172] Building CXX object CMakeFiles/openu5_core.dir/src/ui_session.cpp.obj
[48/1172] Building CXX object CMakeFiles/openu5_core.dir/src/inventory_picker.cpp.obj
[49/1172] Building CXX object CMakeFiles/openu5_core.dir/src/transitions.cpp.obj
[50/1172] Building CXX object CMakeFiles/openu5_core.dir/src/pathfind.cpp.obj
[51/1172] Building CXX object CMakeFiles/openu5_core.dir/src/actors.cpp.obj
[52/1172] Building CXX object CMakeFiles/openu5_core.dir/src/inventory.cpp.obj
[53/1172] Building CXX object CMakeFiles/openu5_core.dir/src/frontend_settings.cpp.obj
[54/1172] Building CXX object CMakeFiles/openu5_core.dir/src/turn.cpp.obj
[55/1172] Building CXX object CMakeFiles/openu5_core.dir/src/quest_world.cpp.obj
[56/1172] Building CXX object CMakeFiles/openu5_core.dir/src/ritual_fx.cpp.obj
[57/1172] Building CXX object CMakeFiles/openu5_core.dir/src/npc_path.cpp.obj
[58/1172] Building CXX object CMakeFiles/openu5_core.dir/src/magic.cpp.obj
[59/1172] Building CXX object CMakeFiles/openu5_core.dir/src/debug_labels.cpp.obj
[60/1172] Building CXX object CMakeFiles/openu5_core.dir/src/shop_orchestration.cpp.obj
[61/1172] Building CXX object CMakeFiles/openu5_core.dir/src/zstats.cpp.obj
[62/1172] Building CXX object CMakeFiles/openu5_core.dir/src/dialogue_effects.cpp.obj
[63/1172] Building CXX object CMakeFiles/openu5_core.dir/src/rest.cpp.obj
[64/1172] Building CXX object CMakeFiles/openu5_core.dir/src/dialogue_pacer.cpp.obj
[65/1172] Building CXX object CMakeFiles/openu5_core.dir/src/debug_map_picker.cpp.obj
[66/1172] Building CXX object CMakeFiles/openu5_core.dir/src/ui_debug_menu.cpp.obj
[67/1172] Building CXX object CMakeFiles/display_names_tests.dir/tests/display_names_test.cpp.obj
[68/1172] Building CXX object CMakeFiles/openu5_core.dir/src/save_json.cpp.obj
[69/1172] Building CXX object CMakeFiles/debug_labels_tests.dir/tests/debug_labels_test.cpp.obj
[70/1172] Building CXX object CMakeFiles/measure_ui_sizes.dir/tools/measure-ui-sizes.cpp.obj
[71/1172] Building CXX object CMakeFiles/quest_search_tests.dir/tests/quest_search_test.cpp.obj
[72/1172] Building CXX object CMakeFiles/openu5_core.dir/src/debug_developer.cpp.obj
[73/1172] Building CXX object CMakeFiles/openu5_core.dir/src/dialogue_orchestration.cpp.obj
[74/1172] Building CXX object CMakeFiles/openu5_core.dir/src/music_synth.cpp.obj
[75/1172] Building CXX object CMakeFiles/ui_host_harness.dir/tools/ui_host_harness.cpp.obj
[76/1172] Building CXX object CMakeFiles/look_sign_tests.dir/tests/look_sign_test.cpp.obj
[77/1172] Building CXX object CMakeFiles/debug_map_picker_tests.dir/tests/debug_map_picker_test.cpp.obj
[78/1172] Building CXX object CMakeFiles/ui_debug_menu_tests.dir/tests/ui_debug_menu_test.cpp.obj
[79/1172] Building CXX object CMakeFiles/movement_flow_parity_tests.dir/tests/movement_flow_parity_test.cpp.obj
[80/1172] Building CXX object CMakeFiles/shop_parity_tests.dir/tests/shop_parity_test.cpp.obj
[81/1172] Building CXX object CMakeFiles/shop_adapter_tests.dir/tests/shop_adapter_test.cpp.obj
[82/1172] Building CXX object CMakeFiles/world_flow_adapter_tests.dir/tests/world_flow_adapter_test.cpp.obj
[83/1172] Building CXX object CMakeFiles/dialogue_adapter_tests.dir/tests/dialogue_adapter_test.cpp.obj
[84/1172] Building CXX object CMakeFiles/transport_flow_parity_tests.dir/tests/transport_flow_parity_test.cpp.obj
[85/1172] Building CXX object CMakeFiles/frontend_tests.dir/tests/frontend_test.cpp.obj
[86/1172] Building CXX object CMakeFiles/shop_flow_tests.dir/tests/shop_flow_test.cpp.obj
[87/1172] Building CXX object CMakeFiles/batch21b_chest_reset.dir/tests/batch21b_chest_reset_test.cpp.obj
[88/1172] Building CXX object CMakeFiles/dungeon_parity_tests.dir/tests/dungeon_parity_test.cpp.obj
[89/1172] Building CXX object CMakeFiles/debug_developer_tests.dir/tests/debug_developer_test.cpp.obj
[90/1172] Building CXX object CMakeFiles/openu5_core.dir/src/commands.cpp.obj
[91/1172] Building CXX object CMakeFiles/movement_regression.dir/C_/Dev/OpenU5-Native/native/targets/tdeck/host_tests/movement_test.cpp.obj
[92/1172] Building CXX object CMakeFiles/ui_session_tests.dir/tests/ui_session_test.cpp.obj
[93/1172] Building CXX object CMakeFiles/gameplay_integration_tests.dir/tests/gameplay_integration_test.cpp.obj
[94/1172] Building CXX object CMakeFiles/core_parity_tests.dir/tests/parity_test.cpp.obj
[95/1172] Building CXX object CMakeFiles/world_flow_parity_tests.dir/tests/world_flow_parity_test.cpp.obj
[96/1172] Building CXX object CMakeFiles/batch21a3_combat_active_player.dir/C_/Dev/OpenU5-Native/native/targets/tdeck/main/input_controller.cpp.obj
[97/1172] Building CXX object CMakeFiles/magic_parity_tests.dir/tests/magic_parity_test.cpp.obj
[98/1172] Building CXX object CMakeFiles/batch21a3_combat_active_player.dir/C_/Dev/OpenU5-Native/native/targets/tdeck/main/ui_input_adapter.cpp.obj
[99/1172] Building CXX object CMakeFiles/batch21a3_combat_active_player.dir/C_/Dev/OpenU5-Native/native/targets/tdeck/main/keyboard_matrix.cpp.obj
[100/1172] Building CXX object CMakeFiles/dungeon_flow_parity_tests.dir/tests/dungeon_flow_parity_test.cpp.obj
[101/1172] Building CXX object CMakeFiles/input_regression.dir/C_/Dev/OpenU5-Native/native/targets/tdeck/main/input_controller.cpp.obj
[102/1172] Building CXX object CMakeFiles/gem_view_regression.dir/tests/gem_view_test.cpp.obj
[103/1172] Building CXX object CMakeFiles/input_regression.dir/C_/Dev/OpenU5-Native/native/targets/tdeck/main/keyboard_matrix.cpp.obj
[104/1172] Building CXX object CMakeFiles/input_regression.dir/C_/Dev/OpenU5-Native/native/targets/tdeck/main/ui_input_adapter.cpp.obj
[105/1172] Building CXX object CMakeFiles/openu5_core.dir/src/save_core.cpp.obj
[106/1172] Building CXX object CMakeFiles/dungeon_input_regression.dir/C_/Dev/OpenU5-Native/native/targets/tdeck/main/input_controller.cpp.obj
[107/1172] Building CXX object CMakeFiles/combat_escape_regression.dir/tests/combat_escape_regression_test.cpp.obj
[108/1172] Building CXX object CMakeFiles/combat_loot_open_regression.dir/tests/combat_loot_open_regression_test.cpp.obj
[109/1172] Building CXX object CMakeFiles/dungeon_art_regression.dir/tests/dungeon_art_test.cpp.obj
[110/1172] Building CXX object CMakeFiles/dungeon_input_regression.dir/C_/Dev/OpenU5-Native/native/targets/tdeck/main/ui_input_adapter.cpp.obj
[111/1172] Building CXX object CMakeFiles/batch21a3_combat_active_player.dir/tests/batch21a3_combat_active_player_test.cpp.obj
[112/1172] Building CXX object CMakeFiles/dungeon_view_regression.dir/tests/dungeon_view_test.cpp.obj
[113/1172] Building CXX object CMakeFiles/dungeon_input_regression.dir/C_/Dev/OpenU5-Native/native/targets/tdeck/main/keyboard_matrix.cpp.obj
[114/1172] Building CXX object CMakeFiles/openu5_core.dir/src/dialogue.cpp.obj
[115/1172] Building CXX object CMakeFiles/direct_troll_handoff_regression.dir/tests/direct_troll_handoff_test.cpp.obj
[116/1172] Building CXX object CMakeFiles/input_regression.dir/C_/Dev/OpenU5-Native/native/targets/tdeck/host_tests/input_test.cpp.obj
[117/1172] Building CXX object CMakeFiles/presentation_regression.dir/tests/presentation_test.cpp.obj
[118/1172] Building CXX object CMakeFiles/command_parity_tests.dir/tests/command_parity_test.cpp.obj
In file included from C:/Dev/TamaPoke/.build-tools/w64devkit/lib/gcc/x86_64-w64-mingw32/16.2.0/include/c++/vector:67,
                 from <repo>/native/core/tests/command_parity_test.cpp:6:
In function '_ForwardIterator std::uninitialized_copy(_InputIterator, _InputIterator, _ForwardIterator) [with _InputIterator = __gnu_cxx::__normal_iterator<const long long int*, vector<long long int> >; _ForwardIterator = long long int*]',
    inlined from 'constexpr _ForwardIterator std::__uninitialized_copy_a(_InputIterator, _Sentinel, _ForwardIterator, allocator<_Tp>&) [with _InputIterator = __gnu_cxx::__normal_iterator<const long long int*, vector<long long int> >; _Sentinel = __gnu_cxx::__normal_iterator<const long long int*, vector<long long int> >; _ForwardIterator = long long int*; _Tp = long long int]' at C:/Dev/TamaPoke/.build-tools/w64devkit/lib/gcc/x86_64-w64-mingw32/16.2.0/include/c++/bits/stl_uninitialized.h:659:32,
    inlined from 'constexpr void std::vector<_Tp, _Alloc>::_M_range_insert(iterator, _ForwardIterator, _ForwardIterator, std::forward_iterator_tag) [with _ForwardIterator = __gnu_cxx::__normal_iterator<const long long int*, std::vector<long long int> >; _Tp = long long int; _Alloc = std::allocator<long long int>]' at C:/Dev/TamaPoke/.build-tools/w64devkit/lib/gcc/x86_64-w64-mingw32/16.2.0/include/c++/bits/vector.tcc:984:34,
    inlined from 'constexpr std::vector<_Tp, _Alloc>::iterator std::vector<_Tp, _Alloc>::insert(const_iterator, _InputIterator, _InputIterator) [with _InputIterator = __gnu_cxx::__normal_iterator<const long long int*, std::vector<long long int> >; <template-parameter-2-2> = void; _Tp = long long int; _Alloc = std::allocator<long long int>]' at C:/Dev/TamaPoke/.build-tools/w64devkit/lib/gcc/x86_64-w64-mingw32/16.2.0/include/c++/bits/stl_vector.h:1611:19,
    inlined from 'V Harness::run(openu5::Command, bool)' at <repo>/native/core/tests/command_parity_test.cpp:240:17,
    inlined from 'int main(int, char**)' at <repo>/native/core/tests/command_parity_test.cpp:270:20:
C:/Dev/TamaPoke/.build-tools/w64devkit/lib/gcc/x86_64-w64-mingw32/16.2.0/include/c++/bits/stl_uninitialized.h:294:31: warning: 'void* __builtin_memcpy(void*, const void*, long long unsigned int)' writing between 1 and 9223372036854775807 bytes into a region of size 0 overflows the destination [-Wstringop-overflow=]
  294 |               __builtin_memcpy(std::__niter_base(__result),
      |               ~~~~~~~~~~~~~~~~^~~~~~~~~~~~~~~~~~~~~~~~~~~~~
  295 |                                std::__niter_base(__first),
      |                                ~~~~~~~~~~~~~~~~~~~~~~~~~~~
  296 |                                __n * sizeof(_ValT));
      |                                ~~~~~~~~~~~~~~~~~~~~
In file included from C:/Dev/TamaPoke/.build-tools/w64devkit/lib/gcc/x86_64-w64-mingw32/16.2.0/include/c++/x86_64-w64-mingw32/bits/c++allocator.h:33,
                 from C:/Dev/TamaPoke/.build-tools/w64devkit/lib/gcc/x86_64-w64-mingw32/16.2.0/include/c++/bits/allocator.h:46,
                 from C:/Dev/TamaPoke/.build-tools/w64devkit/lib/gcc/x86_64-w64-mingw32/16.2.0/include/c++/string:46,
                 from C:/Dev/TamaPoke/.build-tools/w64devkit/lib/gcc/x86_64-w64-mingw32/16.2.0/include/c++/bits/locale_classes.h:43,
                 from C:/Dev/TamaPoke/.build-tools/w64devkit/lib/gcc/x86_64-w64-mingw32/16.2.0/include/c++/bits/ios_base.h:43,
                 from C:/Dev/TamaPoke/.build-tools/w64devkit/lib/gcc/x86_64-w64-mingw32/16.2.0/include/c++/ios:46,
                 from C:/Dev/TamaPoke/.build-tools/w64devkit/lib/gcc/x86_64-w64-mingw32/16.2.0/include/c++/istream:42,
                 from C:/Dev/TamaPoke/.build-tools/w64devkit/lib/gcc/x86_64-w64-mingw32/16.2.0/include/c++/fstream:42,
                 from <repo>/native/core/tests/command_parity_test.cpp:4:
In member function 'constexpr _Tp* std::__new_allocator<_Tp>::allocate(size_type, const void*) [with _Tp = long long int]',
    inlined from 'constexpr _Tp* std::allocator< <template-parameter-1-1> >::allocate(std::size_t) [with _Tp = long long int]' at C:/Dev/TamaPoke/.build-tools/w64devkit/lib/gcc/x86_64-w64-mingw32/16.2.0/include/c++/bits/allocator.h:206:40,
    inlined from 'static constexpr _Tp* std::allocator_traits<std::allocator<_CharT> >::allocate(allocator_type&, size_type) [with _Tp = long long int]' at C:/Dev/TamaPoke/.build-tools/w64devkit/lib/gcc/x86_64-w64-mingw32/16.2.0/include/c++/bits/alloc_traits.h:638:28,
    inlined from 'constexpr std::_Vector_base<_Tp, _Alloc>::pointer std::_Vector_base<_Tp, _Alloc>::_M_allocate(std::size_t) [with _Tp = long long int; _Alloc = std::allocator<long long int>]' at C:/Dev/TamaPoke/.build-tools/w64devkit/lib/gcc/x86_64-w64-mingw32/16.2.0/include/c++/bits/stl_vector.h:389:33,
    inlined from 'constexpr void std::vector<_Tp, _Alloc>::_M_range_initialize_n(_Iterator, _Sentinel, size_type) [with _Iterator = const long long int*; _Sentinel = const long long int*; _Tp = long long int; _Alloc = std::allocator<long long int>]' at C:/Dev/TamaPoke/.build-tools/w64devkit/lib/gcc/x86_64-w64-mingw32/16.2.0/include/c++/bits/stl_vector.h:1975:23,
    inlined from 'constexpr std::vector<_Tp, _Alloc>::vector(std::initializer_list<_Tp>, const allocator_type&) [with _Tp = long long int; _Alloc = std::allocator<long long int>]' at C:/Dev/TamaPoke/.build-tools/w64devkit/lib/gcc/x86_64-w64-mingw32/16.2.0/include/c++/bits/stl_vector.h:702:23,
    inlined from 'V Harness::run(openu5::Command, bool)' at <repo>/native/core/tests/command_parity_test.cpp:239:84,
    inlined from 'int main(int, char**)' at <repo>/native/core/tests/command_parity_test.cpp:270:20:
C:/Dev/TamaPoke/.build-tools/w64devkit/lib/gcc/x86_64-w64-mingw32/16.2.0/include/c++/bits/new_allocator.h:162:75: note: at offset 40 into destination object of size 40 allocated by 'operator new'
  162 |           return static_cast<_Tp*>(_GLIBCXX_OPERATOR_NEW(__n * sizeof(_Tp)));
      |                                                                           ^
[119/1172] Building CXX object CMakeFiles/openu5_core.dir/src/persistence.cpp.obj
[120/1172] Building CXX object CMakeFiles/dungeon_combat_regression.dir/C_/Dev/OpenU5-Native/native/targets/tdeck/main/input_controller.cpp.obj
[121/1172] Building CXX object CMakeFiles/dungeon_combat_regression.dir/C_/Dev/OpenU5-Native/native/targets/tdeck/main/ui_input_adapter.cpp.obj
[122/1172] Building CXX object CMakeFiles/item_parity_tests.dir/tests/item_parity_test.cpp.obj
[123/1172] Building CXX object CMakeFiles/dungeon_combat_regression.dir/C_/Dev/OpenU5-Native/native/targets/tdeck/main/keyboard_matrix.cpp.obj
[124/1172] Building CXX object CMakeFiles/combat_parity_tests.dir/tests/combat_parity_test.cpp.obj
[125/1172] Building CXX object CMakeFiles/travel_parity_tests.dir/tests/travel_parity_test.cpp.obj
[126/1172] Building CXX object CMakeFiles/alpha_runtime_integration_regression.dir/C_/Dev/OpenU5-Native/native/targets/tdeck/host_tests/host_stubs/tdeck_input_host_stub.cpp.obj
[127/1172] Building CXX object CMakeFiles/alpha_runtime_integration_regression.dir/C_/Dev/OpenU5-Native/native/targets/tdeck/main/input_controller.cpp.obj
[128/1172] Building CXX object CMakeFiles/alpha_runtime_integration_regression.dir/C_/Dev/OpenU5-Native/native/targets/tdeck/main/ui_input_adapter.cpp.obj
[129/1172] Building CXX object CMakeFiles/alpha_runtime_integration_regression.dir/C_/Dev/OpenU5-Native/native/targets/tdeck/main/keyboard_matrix.cpp.obj
[130/1172] Building CXX object CMakeFiles/openu5_core.dir/src/gameplay_save.cpp.obj
[131/1172] Building CXX object CMakeFiles/action_feedback_regression.dir/tests/action_feedback_test.cpp.obj
[132/1172] Building CXX object CMakeFiles/batch12b_hardware_regression.dir/C_/Dev/OpenU5-Native/native/targets/tdeck/main/asset_pack.cpp.obj
[133/1172] Building CXX object CMakeFiles/alpha_runtime_integration_regression.dir/C_/Dev/OpenU5-Native/native/targets/tdeck/host_tests/host_stubs/alpha_save_host_stub.cpp.obj
[134/1172] Building CXX object CMakeFiles/persistence_driver.dir/tests/persistence_driver.cpp.obj
[135/1172] Building CXX object CMakeFiles/batch12b_hardware_regression.dir/C_/Dev/OpenU5-Native/native/targets/tdeck/main/native_renderer.cpp.obj
[136/1172] Building CXX object CMakeFiles/alpha_runtime_integration_regression.dir/C_/Dev/OpenU5-Native/native/targets/tdeck/host_tests/host_stubs/tdeck_board_host_stub.cpp.obj
[137/1172] Building CXX object CMakeFiles/dungeon_input_regression.dir/C_/Dev/OpenU5-Native/native/targets/tdeck/host_tests/dungeon_input_test.cpp.obj
[138/1172] Building CXX object CMakeFiles/batch21a_dungeon_room_regression.dir/C_/Dev/OpenU5-Native/native/targets/tdeck/host_tests/host_stubs/tdeck_input_host_stub.cpp.obj
[139/1172] Building CXX object CMakeFiles/ui_mode_regression.dir/C_/Dev/OpenU5-Native/native/targets/tdeck/host_tests/ui_mode_test.cpp.obj
[140/1172] Building CXX object CMakeFiles/openu5_core.dir/src/combat.cpp.obj
[141/1172] Building CXX object CMakeFiles/dialogue_parity_tests.dir/tests/dialogue_parity_test.cpp.obj
[142/1172] Building CXX object CMakeFiles/batch12b_hardware_regression.dir/C_/Dev/OpenU5-Native/native/targets/tdeck/main/alpha_resources.cpp.obj
[143/1172] Building CXX object CMakeFiles/alpha_runtime_integration_regression.dir/C_/Dev/OpenU5-Native/native/targets/tdeck/host_tests/host_stubs/device_smoke_tests_host_stub.cpp.obj
[144/1172] Building CXX object CMakeFiles/alpha_runtime_integration_regression.dir/C_/Dev/OpenU5-Native/native/targets/tdeck/main/asset_pack.cpp.obj
[145/1172] Building CXX object CMakeFiles/batch21a_dungeon_room_regression.dir/C_/Dev/OpenU5-Native/native/targets/tdeck/main/ui_input_adapter.cpp.obj
[146/1172] Building CXX object CMakeFiles/batch21a_dungeon_room_regression.dir/C_/Dev/OpenU5-Native/native/targets/tdeck/main/input_controller.cpp.obj
[147/1172] Building CXX object CMakeFiles/alpha_runtime_integration_regression.dir/C_/Dev/OpenU5-Native/native/targets/tdeck/host_tests/alpha_runtime_integration_test.cpp.obj
[148/1172] Building CXX object CMakeFiles/alpha_runtime_integration_regression.dir/C_/Dev/OpenU5-Native/native/targets/tdeck/host_tests/alpha_runtime_host_fixture.cpp.obj
[149/1172] Building CXX object CMakeFiles/batch12b_hardware_regression.dir/C_/Dev/OpenU5-Native/native/targets/tdeck/main/dungeon_art_cache.cpp.obj
[150/1172] Building CXX object CMakeFiles/batch12b_hardware_regression.dir/C_/Dev/OpenU5-Native/native/targets/tdeck/host_tests/batch12b_hardware_test.cpp.obj
[151/1172] Building CXX object CMakeFiles/advanced_combat_parity_tests.dir/tests/advanced_combat_parity_test.cpp.obj
[152/1172] Building CXX object CMakeFiles/alpha_runtime_integration_regression.dir/C_/Dev/OpenU5-Native/native/targets/tdeck/main/dungeon_art_cache.cpp.obj
[153/1172] Building CXX object CMakeFiles/batch21a_dungeon_room_regression.dir/C_/Dev/OpenU5-Native/native/targets/tdeck/main/keyboard_matrix.cpp.obj
[154/1172] Building CXX object CMakeFiles/batch21a_dungeon_room_regression.dir/C_/Dev/OpenU5-Native/native/targets/tdeck/host_tests/host_stubs/alpha_save_host_stub.cpp.obj
[155/1172] Linking CXX static library libopenu5_core.a
[156/1172] Building CXX object CMakeFiles/alpha_runtime_integration_regression.dir/C_/Dev/OpenU5-Native/native/targets/tdeck/main/alpha_resources.cpp.obj
[157/1172] Building CXX object CMakeFiles/alpha_runtime_integration_regression.dir/C_/Dev/OpenU5-Native/native/targets/tdeck/main/alpha_dialogue.cpp.obj
[158/1172] Building CXX object CMakeFiles/batch22_basement_objects.dir/C_/Dev/OpenU5-Native/native/targets/tdeck/host_tests/host_stubs/tdeck_input_host_stub.cpp.obj
[159/1172] Building CXX object CMakeFiles/batch22_basement_objects.dir/C_/Dev/OpenU5-Native/native/targets/tdeck/main/input_controller.cpp.obj
[160/1172] Building CXX object CMakeFiles/alpha_runtime_integration_regression.dir/C_/Dev/OpenU5-Native/native/targets/tdeck/main/native_renderer.cpp.obj
[161/1172] Building CXX object CMakeFiles/batch21a_dungeon_room_regression.dir/C_/Dev/OpenU5-Native/native/targets/tdeck/host_tests/host_stubs/tdeck_board_host_stub.cpp.obj
[162/1172] Building CXX object CMakeFiles/batch21a_dungeon_room_regression.dir/C_/Dev/OpenU5-Native/native/targets/tdeck/host_tests/alpha_runtime_host_fixture.cpp.obj
[163/1172] Building CXX object CMakeFiles/batch22_basement_objects.dir/C_/Dev/OpenU5-Native/native/targets/tdeck/main/ui_input_adapter.cpp.obj
[164/1172] Building CXX object CMakeFiles/batch22_basement_objects.dir/C_/Dev/OpenU5-Native/native/targets/tdeck/main/keyboard_matrix.cpp.obj
[165/1172] Building CXX object CMakeFiles/batch21a_dungeon_room_regression.dir/C_/Dev/OpenU5-Native/native/targets/tdeck/host_tests/host_stubs/device_smoke_tests_host_stub.cpp.obj
[166/1172] Building CXX object CMakeFiles/batch22_basement_objects.dir/C_/Dev/OpenU5-Native/native/targets/tdeck/host_tests/host_stubs/alpha_save_host_stub.cpp.obj
[167/1172] Building CXX object CMakeFiles/batch23_vault_parity.dir/C_/Dev/OpenU5-Native/native/targets/tdeck/host_tests/host_stubs/tdeck_input_host_stub.cpp.obj
[168/1172] Building CXX object CMakeFiles/batch21a_dungeon_room_regression.dir/C_/Dev/OpenU5-Native/native/targets/tdeck/main/asset_pack.cpp.obj
[169/1172] Building CXX object CMakeFiles/batch22_basement_objects.dir/C_/Dev/OpenU5-Native/native/targets/tdeck/host_tests/host_stubs/device_smoke_tests_host_stub.cpp.obj
[170/1172] Building CXX object CMakeFiles/dungeon_combat_regression.dir/C_/Dev/OpenU5-Native/native/targets/tdeck/host_tests/dungeon_combat_test.cpp.obj
[171/1172] Building CXX object CMakeFiles/batch22_basement_objects.dir/C_/Dev/OpenU5-Native/native/targets/tdeck/host_tests/host_stubs/tdeck_board_host_stub.cpp.obj
[172/1172] Building CXX object CMakeFiles/batch23_vault_parity.dir/C_/Dev/OpenU5-Native/native/targets/tdeck/main/input_controller.cpp.obj
[173/1172] Building CXX object CMakeFiles/batch23_vault_parity.dir/C_/Dev/OpenU5-Native/native/targets/tdeck/main/ui_input_adapter.cpp.obj
[174/1172] Building CXX object CMakeFiles/batch21a_dungeon_room_regression.dir/C_/Dev/OpenU5-Native/native/targets/tdeck/main/dungeon_art_cache.cpp.obj
[175/1172] Building CXX object CMakeFiles/batch21a_dungeon_room_regression.dir/C_/Dev/OpenU5-Native/native/targets/tdeck/main/native_renderer.cpp.obj
[176/1172] Building CXX object CMakeFiles/batch22_basement_objects.dir/C_/Dev/OpenU5-Native/native/targets/tdeck/host_tests/alpha_runtime_host_fixture.cpp.obj
[177/1172] Building CXX object CMakeFiles/batch21a_dungeon_room_regression.dir/C_/Dev/OpenU5-Native/native/targets/tdeck/main/alpha_resources.cpp.obj
[178/1172] Building CXX object CMakeFiles/batch21a_dungeon_room_regression.dir/C_/Dev/OpenU5-Native/native/targets/tdeck/main/alpha_dialogue.cpp.obj
[179/1172] Building CXX object CMakeFiles/batch23_vault_parity.dir/C_/Dev/OpenU5-Native/native/targets/tdeck/main/keyboard_matrix.cpp.obj
[180/1172] Building CXX object CMakeFiles/batch23_vault_parity.dir/C_/Dev/OpenU5-Native/native/targets/tdeck/host_tests/host_stubs/alpha_save_host_stub.cpp.obj
[181/1172] Building CXX object CMakeFiles/gameplay_driver.dir/tests/gameplay_driver.cpp.obj
[182/1172] Building CXX object CMakeFiles/batch22_basement_objects.dir/C_/Dev/OpenU5-Native/native/targets/tdeck/main/asset_pack.cpp.obj
[183/1172] Building CXX object CMakeFiles/batch23_vault_parity.dir/C_/Dev/OpenU5-Native/native/targets/tdeck/host_tests/host_stubs/tdeck_board_host_stub.cpp.obj
[184/1172] Building CXX object CMakeFiles/batch22_basement_objects.dir/C_/Dev/OpenU5-Native/native/targets/tdeck/main/alpha_dialogue.cpp.obj
[185/1172] Building CXX object CMakeFiles/batch22_basement_objects.dir/C_/Dev/OpenU5-Native/native/targets/tdeck/main/dungeon_art_cache.cpp.obj
[186/1172] Building CXX object CMakeFiles/batch22_basement_objects.dir/C_/Dev/OpenU5-Native/native/targets/tdeck/main/native_renderer.cpp.obj
[187/1172] Building CXX object CMakeFiles/batch22_basement_objects.dir/C_/Dev/OpenU5-Native/native/targets/tdeck/host_tests/batch22_basement_objects_test.cpp.obj
[188/1172] Building CXX object CMakeFiles/batch22_basement_objects.dir/C_/Dev/OpenU5-Native/native/targets/tdeck/main/alpha_resources.cpp.obj
[189/1172] Building CXX object CMakeFiles/batch24_reload_parity.dir/C_/Dev/OpenU5-Native/native/targets/tdeck/host_tests/host_stubs/tdeck_input_host_stub.cpp.obj
[190/1172] Building CXX object CMakeFiles/batch24_reload_parity.dir/C_/Dev/OpenU5-Native/native/targets/tdeck/main/input_controller.cpp.obj
[191/1172] Building CXX object CMakeFiles/batch23_vault_parity.dir/C_/Dev/OpenU5-Native/native/targets/tdeck/host_tests/alpha_runtime_host_fixture.cpp.obj
[192/1172] Building CXX object CMakeFiles/batch24_reload_parity.dir/C_/Dev/OpenU5-Native/native/targets/tdeck/main/ui_input_adapter.cpp.obj
[193/1172] Building CXX object CMakeFiles/batch23_vault_parity.dir/C_/Dev/OpenU5-Native/native/targets/tdeck/host_tests/host_stubs/device_smoke_tests_host_stub.cpp.obj
[194/1172] Building CXX object CMakeFiles/batch24_reload_parity.dir/C_/Dev/OpenU5-Native/native/targets/tdeck/main/keyboard_matrix.cpp.obj
[195/1172] Building CXX object CMakeFiles/batch23_vault_parity.dir/C_/Dev/OpenU5-Native/native/targets/tdeck/main/asset_pack.cpp.obj
[196/1172] Building CXX object CMakeFiles/batch24_reload_parity.dir/C_/Dev/OpenU5-Native/native/targets/tdeck/host_tests/host_stubs/tdeck_board_host_stub.cpp.obj
[197/1172] Building CXX object CMakeFiles/batch23_vault_parity.dir/C_/Dev/OpenU5-Native/native/targets/tdeck/main/alpha_dialogue.cpp.obj
[198/1172] Building CXX object CMakeFiles/batch23_vault_parity.dir/C_/Dev/OpenU5-Native/native/targets/tdeck/main/native_renderer.cpp.obj
[199/1172] Building CXX object CMakeFiles/batch23_vault_parity.dir/C_/Dev/OpenU5-Native/native/targets/tdeck/main/dungeon_art_cache.cpp.obj
[200/1172] Building CXX object CMakeFiles/batch24_reload_parity.dir/C_/Dev/OpenU5-Native/native/targets/tdeck/host_tests/host_stubs/device_smoke_tests_host_stub.cpp.obj
[201/1172] Building CXX object CMakeFiles/batch24_reload_parity.dir/C_/Dev/OpenU5-Native/native/targets/tdeck/host_tests/alpha_runtime_host_fixture.cpp.obj
[202/1172] Building CXX object CMakeFiles/batch25_shard_ritual.dir/C_/Dev/OpenU5-Native/native/targets/tdeck/host_tests/host_stubs/tdeck_input_host_stub.cpp.obj
[203/1172] Building CXX object CMakeFiles/batch24_reload_parity.dir/C_/Dev/OpenU5-Native/native/targets/tdeck/main/alpha_save_generation.cpp.obj
[204/1172] Building CXX object CMakeFiles/batch23_vault_parity.dir/C_/Dev/OpenU5-Native/native/targets/tdeck/main/alpha_resources.cpp.obj
[205/1172] Building CXX object CMakeFiles/batch24_reload_parity.dir/C_/Dev/OpenU5-Native/native/targets/tdeck/host_tests/host_stubs/alpha_save_memory_host_stub.cpp.obj
[206/1172] Building CXX object CMakeFiles/batch24_reload_parity.dir/C_/Dev/OpenU5-Native/native/targets/tdeck/main/asset_pack.cpp.obj
[207/1172] Building CXX object CMakeFiles/batch23_vault_parity.dir/C_/Dev/OpenU5-Native/native/targets/tdeck/host_tests/batch23_vault_parity_test.cpp.obj
[208/1172] Building CXX object CMakeFiles/batch21a_dungeon_room_regression.dir/C_/Dev/OpenU5-Native/native/targets/tdeck/host_tests/batch21a_dungeon_room_test.cpp.obj
[209/1172] Building CXX object CMakeFiles/batch25_shard_ritual.dir/C_/Dev/OpenU5-Native/native/targets/tdeck/main/input_controller.cpp.obj
[210/1172] Building CXX object CMakeFiles/batch25_shard_ritual.dir/C_/Dev/OpenU5-Native/native/targets/tdeck/host_tests/host_stubs/tdeck_board_host_stub.cpp.obj
[211/1172] Building CXX object CMakeFiles/batch25_shard_ritual.dir/C_/Dev/OpenU5-Native/native/targets/tdeck/main/ui_input_adapter.cpp.obj
[212/1172] Building CXX object CMakeFiles/batch24_reload_parity.dir/C_/Dev/OpenU5-Native/native/targets/tdeck/main/dungeon_art_cache.cpp.obj
[213/1172] Building CXX object CMakeFiles/quest_driver.dir/tests/quest_driver.cpp.obj
[214/1172] Building CXX object CMakeFiles/batch25_shard_ritual.dir/C_/Dev/OpenU5-Native/native/targets/tdeck/main/keyboard_matrix.cpp.obj
[215/1172] Building CXX object CMakeFiles/batch25_shard_ritual.dir/C_/Dev/OpenU5-Native/native/targets/tdeck/host_tests/alpha_runtime_host_fixture.cpp.obj
[216/1172] Building CXX object CMakeFiles/batch24_reload_parity.dir/C_/Dev/OpenU5-Native/native/targets/tdeck/main/native_renderer.cpp.obj
[217/1172] Building CXX object CMakeFiles/batch24_reload_parity.dir/C_/Dev/OpenU5-Native/native/targets/tdeck/main/alpha_resources.cpp.obj
[218/1172] Building CXX object CMakeFiles/batch24_reload_parity.dir/C_/Dev/OpenU5-Native/native/targets/tdeck/main/alpha_dialogue.cpp.obj
[219/1172] Building CXX object CMakeFiles/batch26_dungeon_save.dir/C_/Dev/OpenU5-Native/native/targets/tdeck/host_tests/host_stubs/tdeck_input_host_stub.cpp.obj
[220/1172] Building CXX object CMakeFiles/batch25_shard_ritual.dir/C_/Dev/OpenU5-Native/native/targets/tdeck/host_tests/host_stubs/alpha_save_memory_host_stub.cpp.obj
[221/1172] Building CXX object CMakeFiles/batch25_shard_ritual.dir/C_/Dev/OpenU5-Native/native/targets/tdeck/main/alpha_save_generation.cpp.obj
[222/1172] Building CXX object CMakeFiles/batch26_dungeon_save.dir/C_/Dev/OpenU5-Native/native/targets/tdeck/main/input_controller.cpp.obj
[223/1172] Building CXX object CMakeFiles/batch25_shard_ritual.dir/C_/Dev/OpenU5-Native/native/targets/tdeck/host_tests/host_stubs/device_smoke_tests_host_stub.cpp.obj
[224/1172] Building CXX object CMakeFiles/batch26_dungeon_save.dir/C_/Dev/OpenU5-Native/native/targets/tdeck/main/ui_input_adapter.cpp.obj
[225/1172] Building CXX object CMakeFiles/batch24_reload_parity.dir/C_/Dev/OpenU5-Native/native/targets/tdeck/host_tests/batch24_reload_parity_test.cpp.obj
[226/1172] Building CXX object CMakeFiles/batch25_shard_ritual.dir/C_/Dev/OpenU5-Native/native/targets/tdeck/host_tests/batch25_shard_ritual_test.cpp.obj
[227/1172] Building CXX object CMakeFiles/batch26_dungeon_save.dir/C_/Dev/OpenU5-Native/native/targets/tdeck/main/keyboard_matrix.cpp.obj
[228/1172] Building CXX object CMakeFiles/batch25_shard_ritual.dir/C_/Dev/OpenU5-Native/native/targets/tdeck/main/asset_pack.cpp.obj
[229/1172] Building CXX object CMakeFiles/batch26_dungeon_save.dir/C_/Dev/OpenU5-Native/native/targets/tdeck/host_tests/host_stubs/tdeck_board_host_stub.cpp.obj
[230/1172] Building CXX object CMakeFiles/batch26_dungeon_save.dir/C_/Dev/OpenU5-Native/native/targets/tdeck/host_tests/host_stubs/device_smoke_tests_host_stub.cpp.obj
[231/1172] Building CXX object CMakeFiles/batch26_dungeon_save.dir/C_/Dev/OpenU5-Native/native/targets/tdeck/host_tests/alpha_runtime_host_fixture.cpp.obj
[232/1172] Building CXX object CMakeFiles/batch27_alt_load.dir/C_/Dev/OpenU5-Native/native/targets/tdeck/host_tests/host_stubs/tdeck_input_host_stub.cpp.obj
[233/1172] Building CXX object CMakeFiles/batch25_shard_ritual.dir/C_/Dev/OpenU5-Native/native/targets/tdeck/main/dungeon_art_cache.cpp.obj
[234/1172] Building CXX object CMakeFiles/batch25_shard_ritual.dir/C_/Dev/OpenU5-Native/native/targets/tdeck/main/native_renderer.cpp.obj
[235/1172] Building CXX object CMakeFiles/batch26_dungeon_save.dir/C_/Dev/OpenU5-Native/native/targets/tdeck/main/alpha_save_generation.cpp.obj
[236/1172] Building CXX object CMakeFiles/batch26_dungeon_save.dir/C_/Dev/OpenU5-Native/native/targets/tdeck/host_tests/host_stubs/alpha_save_memory_host_stub.cpp.obj
[237/1172] Building CXX object CMakeFiles/batch25_shard_ritual.dir/C_/Dev/OpenU5-Native/native/targets/tdeck/main/alpha_dialogue.cpp.obj
[238/1172] Building CXX object CMakeFiles/batch25_shard_ritual.dir/C_/Dev/OpenU5-Native/native/targets/tdeck/main/alpha_resources.cpp.obj
[239/1172] Building CXX object CMakeFiles/batch27_alt_load.dir/C_/Dev/OpenU5-Native/native/targets/tdeck/main/input_controller.cpp.obj
[240/1172] Building CXX object CMakeFiles/batch27_alt_load.dir/C_/Dev/OpenU5-Native/native/targets/tdeck/main/ui_input_adapter.cpp.obj
[241/1172] Building CXX object CMakeFiles/batch26_dungeon_save.dir/C_/Dev/OpenU5-Native/native/targets/tdeck/main/asset_pack.cpp.obj
[242/1172] Building CXX object CMakeFiles/batch27_alt_load.dir/C_/Dev/OpenU5-Native/native/targets/tdeck/host_tests/host_stubs/tdeck_board_host_stub.cpp.obj
[243/1172] Building CXX object CMakeFiles/batch27_alt_load.dir/C_/Dev/OpenU5-Native/native/targets/tdeck/main/keyboard_matrix.cpp.obj
[244/1172] Building CXX object CMakeFiles/batch26_dungeon_save.dir/C_/Dev/OpenU5-Native/native/targets/tdeck/main/native_renderer.cpp.obj
[245/1172] Building CXX object CMakeFiles/batch26_dungeon_save.dir/C_/Dev/OpenU5-Native/native/targets/tdeck/main/dungeon_art_cache.cpp.obj
[246/1172] Building CXX object CMakeFiles/batch27_alt_load.dir/C_/Dev/OpenU5-Native/native/targets/tdeck/host_tests/alpha_runtime_host_fixture.cpp.obj
[247/1172] Building CXX object CMakeFiles/batch26_dungeon_save.dir/C_/Dev/OpenU5-Native/native/targets/tdeck/main/alpha_resources.cpp.obj
[248/1172] Building CXX object CMakeFiles/batch28_save_validation.dir/C_/Dev/OpenU5-Native/native/targets/tdeck/host_tests/host_stubs/tdeck_input_host_stub.cpp.obj
[249/1172] Building CXX object CMakeFiles/batch27_alt_load.dir/C_/Dev/OpenU5-Native/native/targets/tdeck/host_tests/host_stubs/alpha_save_memory_host_stub.cpp.obj
[250/1172] Building CXX object CMakeFiles/batch26_dungeon_save.dir/C_/Dev/OpenU5-Native/native/targets/tdeck/main/alpha_dialogue.cpp.obj
[251/1172] Building CXX object CMakeFiles/batch27_alt_load.dir/C_/Dev/OpenU5-Native/native/targets/tdeck/main/alpha_save_generation.cpp.obj
[252/1172] Building CXX object CMakeFiles/batch27_alt_load.dir/C_/Dev/OpenU5-Native/native/targets/tdeck/host_tests/host_stubs/device_smoke_tests_host_stub.cpp.obj
[253/1172] Building CXX object CMakeFiles/batch28_save_validation.dir/C_/Dev/OpenU5-Native/native/targets/tdeck/main/input_controller.cpp.obj
[254/1172] Building CXX object CMakeFiles/batch28_save_validation.dir/C_/Dev/OpenU5-Native/native/targets/tdeck/main/ui_input_adapter.cpp.obj
[255/1172] Building CXX object CMakeFiles/batch28_save_validation.dir/C_/Dev/OpenU5-Native/native/targets/tdeck/main/keyboard_matrix.cpp.obj
[256/1172] Building CXX object CMakeFiles/batch26_dungeon_save.dir/C_/Dev/OpenU5-Native/native/targets/tdeck/host_tests/batch26_dungeon_save_test.cpp.obj
[257/1172] Building CXX object CMakeFiles/batch27_alt_load.dir/C_/Dev/OpenU5-Native/native/targets/tdeck/main/asset_pack.cpp.obj
[258/1172] Building CXX object CMakeFiles/batch28_save_validation.dir/C_/Dev/OpenU5-Native/native/targets/tdeck/host_tests/host_stubs/tdeck_board_host_stub.cpp.obj
[259/1172] Building CXX object CMakeFiles/alpha_runtime_integration_regression.dir/C_/Dev/OpenU5-Native/native/targets/tdeck/main/alpha_runtime.cpp.obj
[260/1172] Building CXX object CMakeFiles/batch27_alt_load.dir/C_/Dev/OpenU5-Native/native/targets/tdeck/host_tests/batch27_alt_load_test.cpp.obj
[261/1172] Building CXX object CMakeFiles/batch27_alt_load.dir/C_/Dev/OpenU5-Native/native/targets/tdeck/main/dungeon_art_cache.cpp.obj
[262/1172] Building CXX object CMakeFiles/batch27_alt_load.dir/C_/Dev/OpenU5-Native/native/targets/tdeck/main/alpha_dialogue.cpp.obj
[263/1172] Building CXX object CMakeFiles/batch27_alt_load.dir/C_/Dev/OpenU5-Native/native/targets/tdeck/main/native_renderer.cpp.obj
[264/1172] Building CXX object CMakeFiles/batch28_save_validation.dir/C_/Dev/OpenU5-Native/native/targets/tdeck/host_tests/alpha_runtime_host_fixture.cpp.obj
[265/1172] Building CXX object CMakeFiles/batch28_save_validation.dir/C_/Dev/OpenU5-Native/native/targets/tdeck/host_tests/host_stubs/alpha_save_memory_host_stub.cpp.obj
[266/1172] Building CXX object CMakeFiles/batch27_alt_load.dir/C_/Dev/OpenU5-Native/native/targets/tdeck/main/alpha_resources.cpp.obj
[267/1172] Building CXX object CMakeFiles/batch28_save_validation.dir/C_/Dev/OpenU5-Native/native/targets/tdeck/host_tests/host_stubs/device_smoke_tests_host_stub.cpp.obj
[268/1172] Building CXX object CMakeFiles/batch29_rest_wiring.dir/C_/Dev/OpenU5-Native/native/targets/tdeck/host_tests/host_stubs/tdeck_input_host_stub.cpp.obj
[269/1172] Building CXX object CMakeFiles/batch28_save_validation.dir/C_/Dev/OpenU5-Native/native/targets/tdeck/main/alpha_save_generation.cpp.obj
[270/1172] Building CXX object CMakeFiles/batch29_rest_wiring.dir/C_/Dev/OpenU5-Native/native/targets/tdeck/main/input_controller.cpp.obj
[271/1172] Building CXX object CMakeFiles/batch28_save_validation.dir/C_/Dev/OpenU5-Native/native/targets/tdeck/main/asset_pack.cpp.obj
[272/1172] Building CXX object CMakeFiles/batch29_rest_wiring.dir/C_/Dev/OpenU5-Native/native/targets/tdeck/main/ui_input_adapter.cpp.obj
[273/1172] Building CXX object CMakeFiles/batch29_rest_wiring.dir/C_/Dev/OpenU5-Native/native/targets/tdeck/main/keyboard_matrix.cpp.obj
[274/1172] Building CXX object CMakeFiles/batch28_save_validation.dir/C_/Dev/OpenU5-Native/native/targets/tdeck/main/dungeon_art_cache.cpp.obj
[275/1172] Building CXX object CMakeFiles/batch28_save_validation.dir/C_/Dev/OpenU5-Native/native/targets/tdeck/main/native_renderer.cpp.obj
[276/1172] Building CXX object CMakeFiles/batch28_save_validation.dir/C_/Dev/OpenU5-Native/native/targets/tdeck/main/alpha_dialogue.cpp.obj
[277/1172] Building CXX object CMakeFiles/batch21a_dungeon_room_regression.dir/C_/Dev/OpenU5-Native/native/targets/tdeck/main/alpha_runtime.cpp.obj
[278/1172] Building CXX object CMakeFiles/batch28_save_validation.dir/C_/Dev/OpenU5-Native/native/targets/tdeck/main/alpha_resources.cpp.obj
[279/1172] Building CXX object CMakeFiles/batch29_rest_wiring.dir/C_/Dev/OpenU5-Native/native/targets/tdeck/host_tests/alpha_runtime_host_fixture.cpp.obj
[280/1172] Building CXX object CMakeFiles/batch29_rest_wiring.dir/C_/Dev/OpenU5-Native/native/targets/tdeck/host_tests/host_stubs/tdeck_board_host_stub.cpp.obj
[281/1172] Building CXX object CMakeFiles/batch29_rest_wiring.dir/C_/Dev/OpenU5-Native/native/targets/tdeck/host_tests/host_stubs/device_smoke_tests_host_stub.cpp.obj
[282/1172] Building CXX object CMakeFiles/batch30_sleep_parity.dir/C_/Dev/OpenU5-Native/native/targets/tdeck/host_tests/host_stubs/tdeck_input_host_stub.cpp.obj
[283/1172] Building CXX object CMakeFiles/batch30_sleep_parity.dir/C_/Dev/OpenU5-Native/native/targets/tdeck/main/input_controller.cpp.obj
[284/1172] Building CXX object CMakeFiles/batch30_sleep_parity.dir/C_/Dev/OpenU5-Native/native/targets/tdeck/main/ui_input_adapter.cpp.obj
[285/1172] Building CXX object CMakeFiles/batch29_rest_wiring.dir/C_/Dev/OpenU5-Native/native/targets/tdeck/main/alpha_save_generation.cpp.obj
[286/1172] Building CXX object CMakeFiles/batch29_rest_wiring.dir/C_/Dev/OpenU5-Native/native/targets/tdeck/main/asset_pack.cpp.obj
[287/1172] Building CXX object CMakeFiles/batch30_sleep_parity.dir/C_/Dev/OpenU5-Native/native/targets/tdeck/main/keyboard_matrix.cpp.obj
[288/1172] Building CXX object CMakeFiles/batch29_rest_wiring.dir/C_/Dev/OpenU5-Native/native/targets/tdeck/host_tests/host_stubs/alpha_save_memory_host_stub.cpp.obj
[289/1172] Building CXX object CMakeFiles/batch22_basement_objects.dir/C_/Dev/OpenU5-Native/native/targets/tdeck/main/alpha_runtime.cpp.obj
[290/1172] Building CXX object CMakeFiles/batch30_sleep_parity.dir/C_/Dev/OpenU5-Native/native/targets/tdeck/host_tests/host_stubs/tdeck_board_host_stub.cpp.obj
[291/1172] Building CXX object CMakeFiles/batch29_rest_wiring.dir/C_/Dev/OpenU5-Native/native/targets/tdeck/main/native_renderer.cpp.obj
[292/1172] Building CXX object CMakeFiles/batch30_sleep_parity.dir/C_/Dev/OpenU5-Native/native/targets/tdeck/host_tests/alpha_runtime_host_fixture.cpp.obj
[293/1172] Building CXX object CMakeFiles/batch29_rest_wiring.dir/C_/Dev/OpenU5-Native/native/targets/tdeck/main/alpha_resources.cpp.obj
[294/1172] Building CXX object CMakeFiles/batch29_rest_wiring.dir/C_/Dev/OpenU5-Native/native/targets/tdeck/main/dungeon_art_cache.cpp.obj
[295/1172] Building CXX object CMakeFiles/batch23_vault_parity.dir/C_/Dev/OpenU5-Native/native/targets/tdeck/main/alpha_runtime.cpp.obj
[296/1172] Building CXX object CMakeFiles/batch29_rest_wiring.dir/C_/Dev/OpenU5-Native/native/targets/tdeck/main/alpha_dialogue.cpp.obj
[297/1172] Building CXX object CMakeFiles/batch31_h165_dungeon_entry.dir/C_/Dev/OpenU5-Native/native/targets/tdeck/host_tests/host_stubs/tdeck_input_host_stub.cpp.obj
[298/1172] Building CXX object CMakeFiles/batch30_sleep_parity.dir/C_/Dev/OpenU5-Native/native/targets/tdeck/host_tests/host_stubs/alpha_save_memory_host_stub.cpp.obj
[299/1172] Building CXX object CMakeFiles/batch30_sleep_parity.dir/C_/Dev/OpenU5-Native/native/targets/tdeck/main/alpha_save_generation.cpp.obj
[300/1172] Building CXX object CMakeFiles/batch31_h165_dungeon_entry.dir/C_/Dev/OpenU5-Native/native/targets/tdeck/main/input_controller.cpp.obj
[301/1172] Building CXX object CMakeFiles/batch30_sleep_parity.dir/C_/Dev/OpenU5-Native/native/targets/tdeck/host_tests/host_stubs/device_smoke_tests_host_stub.cpp.obj
[302/1172] Building CXX object CMakeFiles/batch30_sleep_parity.dir/C_/Dev/OpenU5-Native/native/targets/tdeck/host_tests/batch30_sleep_parity_test.cpp.obj
[303/1172] Building CXX object CMakeFiles/batch31_h165_dungeon_entry.dir/C_/Dev/OpenU5-Native/native/targets/tdeck/main/ui_input_adapter.cpp.obj
[304/1172] Building CXX object CMakeFiles/batch30_sleep_parity.dir/C_/Dev/OpenU5-Native/native/targets/tdeck/main/asset_pack.cpp.obj
[305/1172] Building CXX object CMakeFiles/batch29_rest_wiring.dir/C_/Dev/OpenU5-Native/native/targets/tdeck/host_tests/batch29_rest_wiring_test.cpp.obj
[306/1172] Building CXX object CMakeFiles/batch31_h165_dungeon_entry.dir/C_/Dev/OpenU5-Native/native/targets/tdeck/main/keyboard_matrix.cpp.obj
[307/1172] Building CXX object CMakeFiles/batch24_reload_parity.dir/C_/Dev/OpenU5-Native/native/targets/tdeck/main/alpha_runtime.cpp.obj
[308/1172] Building CXX object CMakeFiles/batch30_sleep_parity.dir/C_/Dev/OpenU5-Native/native/targets/tdeck/main/dungeon_art_cache.cpp.obj
[309/1172] Building CXX object CMakeFiles/batch31_h165_dungeon_entry.dir/C_/Dev/OpenU5-Native/native/targets/tdeck/host_tests/host_stubs/tdeck_board_host_stub.cpp.obj
[310/1172] Building CXX object CMakeFiles/batch30_sleep_parity.dir/C_/Dev/OpenU5-Native/native/targets/tdeck/main/alpha_dialogue.cpp.obj
[311/1172] Building CXX object CMakeFiles/batch32_camp_watch.dir/C_/Dev/OpenU5-Native/native/targets/tdeck/host_tests/host_stubs/tdeck_input_host_stub.cpp.obj
[312/1172] Building CXX object CMakeFiles/batch30_sleep_parity.dir/C_/Dev/OpenU5-Native/native/targets/tdeck/main/alpha_resources.cpp.obj
[313/1172] Building CXX object CMakeFiles/batch30_sleep_parity.dir/C_/Dev/OpenU5-Native/native/targets/tdeck/main/native_renderer.cpp.obj
[314/1172] Building CXX object CMakeFiles/batch31_h165_dungeon_entry.dir/C_/Dev/OpenU5-Native/native/targets/tdeck/host_tests/alpha_runtime_host_fixture.cpp.obj
[315/1172] Building CXX object CMakeFiles/batch32_camp_watch.dir/C_/Dev/OpenU5-Native/native/targets/tdeck/main/input_controller.cpp.obj
[316/1172] Building CXX object CMakeFiles/batch31_h165_dungeon_entry.dir/C_/Dev/OpenU5-Native/native/targets/tdeck/main/alpha_save_generation.cpp.obj
[317/1172] Building CXX object CMakeFiles/batch31_h165_dungeon_entry.dir/C_/Dev/OpenU5-Native/native/targets/tdeck/host_tests/host_stubs/alpha_save_memory_host_stub.cpp.obj
[318/1172] Building CXX object CMakeFiles/batch31_h165_dungeon_entry.dir/C_/Dev/OpenU5-Native/native/targets/tdeck/host_tests/host_stubs/device_smoke_tests_host_stub.cpp.obj
[319/1172] Building CXX object CMakeFiles/batch32_camp_watch.dir/C_/Dev/OpenU5-Native/native/targets/tdeck/main/ui_input_adapter.cpp.obj
[320/1172] Building CXX object CMakeFiles/batch31_h165_dungeon_entry.dir/C_/Dev/OpenU5-Native/native/targets/tdeck/host_tests/batch31_h165_dungeon_entry_test.cpp.obj
[321/1172] Building CXX object CMakeFiles/batch31_h165_dungeon_entry.dir/C_/Dev/OpenU5-Native/native/targets/tdeck/main/asset_pack.cpp.obj
[322/1172] Building CXX object CMakeFiles/batch32_camp_watch.dir/C_/Dev/OpenU5-Native/native/targets/tdeck/main/keyboard_matrix.cpp.obj
[323/1172] Building CXX object CMakeFiles/batch25_shard_ritual.dir/C_/Dev/OpenU5-Native/native/targets/tdeck/main/alpha_runtime.cpp.obj
[324/1172] Building CXX object CMakeFiles/batch31_h165_dungeon_entry.dir/C_/Dev/OpenU5-Native/native/targets/tdeck/main/dungeon_art_cache.cpp.obj
[325/1172] Building CXX object CMakeFiles/batch28_save_validation.dir/C_/Dev/OpenU5-Native/native/targets/tdeck/host_tests/batch28_save_validation_test.cpp.obj
[326/1172] Building CXX object CMakeFiles/batch32_camp_watch.dir/C_/Dev/OpenU5-Native/native/targets/tdeck/host_tests/host_stubs/tdeck_board_host_stub.cpp.obj
[327/1172] Building CXX object CMakeFiles/batch33_cannon_npc_death.dir/C_/Dev/OpenU5-Native/native/targets/tdeck/host_tests/host_stubs/tdeck_input_host_stub.cpp.obj
[328/1172] Building CXX object CMakeFiles/batch31_h165_dungeon_entry.dir/C_/Dev/OpenU5-Native/native/targets/tdeck/main/alpha_resources.cpp.obj
[329/1172] Building CXX object CMakeFiles/batch31_h165_dungeon_entry.dir/C_/Dev/OpenU5-Native/native/targets/tdeck/main/native_renderer.cpp.obj
[330/1172] Building CXX object CMakeFiles/batch32_camp_watch.dir/C_/Dev/OpenU5-Native/native/targets/tdeck/host_tests/alpha_runtime_host_fixture.cpp.obj
[331/1172] Building CXX object CMakeFiles/turn_parity_tests.dir/tests/turn_parity_test.cpp.obj
[332/1172] Building CXX object CMakeFiles/batch33_cannon_npc_death.dir/C_/Dev/OpenU5-Native/native/targets/tdeck/main/input_controller.cpp.obj
[333/1172] Building CXX object CMakeFiles/batch32_camp_watch.dir/C_/Dev/OpenU5-Native/native/targets/tdeck/host_tests/host_stubs/alpha_save_memory_host_stub.cpp.obj
[334/1172] Building CXX object CMakeFiles/batch32_camp_watch.dir/C_/Dev/OpenU5-Native/native/targets/tdeck/main/alpha_save_generation.cpp.obj
[335/1172] Building CXX object CMakeFiles/batch31_h165_dungeon_entry.dir/C_/Dev/OpenU5-Native/native/targets/tdeck/main/alpha_dialogue.cpp.obj
[336/1172] Building CXX object CMakeFiles/batch32_camp_watch.dir/C_/Dev/OpenU5-Native/native/targets/tdeck/host_tests/host_stubs/device_smoke_tests_host_stub.cpp.obj
[337/1172] Building CXX object CMakeFiles/batch33_cannon_npc_death.dir/C_/Dev/OpenU5-Native/native/targets/tdeck/main/ui_input_adapter.cpp.obj
[338/1172] Building CXX object CMakeFiles/batch33_cannon_npc_death.dir/C_/Dev/OpenU5-Native/native/targets/tdeck/main/keyboard_matrix.cpp.obj
[339/1172] Building CXX object CMakeFiles/batch32_camp_watch.dir/C_/Dev/OpenU5-Native/native/targets/tdeck/main/asset_pack.cpp.obj
[340/1172] Building CXX object CMakeFiles/batch33_cannon_npc_death.dir/C_/Dev/OpenU5-Native/native/targets/tdeck/host_tests/host_stubs/tdeck_board_host_stub.cpp.obj
[341/1172] Building CXX object CMakeFiles/batch32_camp_watch.dir/C_/Dev/OpenU5-Native/native/targets/tdeck/host_tests/batch32_camp_watch_test.cpp.obj
[342/1172] Building CXX object CMakeFiles/batch34_pre_sleep_npc.dir/C_/Dev/OpenU5-Native/native/targets/tdeck/host_tests/host_stubs/tdeck_input_host_stub.cpp.obj
[343/1172] Building CXX object CMakeFiles/batch32_camp_watch.dir/C_/Dev/OpenU5-Native/native/targets/tdeck/main/dungeon_art_cache.cpp.obj
[344/1172] Building CXX object CMakeFiles/batch32_camp_watch.dir/C_/Dev/OpenU5-Native/native/targets/tdeck/main/alpha_resources.cpp.obj
[345/1172] Building CXX object CMakeFiles/batch33_cannon_npc_death.dir/C_/Dev/OpenU5-Native/native/targets/tdeck/host_tests/alpha_runtime_host_fixture.cpp.obj
[346/1172] Building CXX object CMakeFiles/batch32_camp_watch.dir/C_/Dev/OpenU5-Native/native/targets/tdeck/main/native_renderer.cpp.obj
[347/1172] Building CXX object CMakeFiles/batch26_dungeon_save.dir/C_/Dev/OpenU5-Native/native/targets/tdeck/main/alpha_runtime.cpp.obj
[348/1172] Building CXX object CMakeFiles/batch33_cannon_npc_death.dir/C_/Dev/OpenU5-Native/native/targets/tdeck/host_tests/host_stubs/alpha_save_memory_host_stub.cpp.obj
[349/1172] Building CXX object CMakeFiles/batch34_pre_sleep_npc.dir/C_/Dev/OpenU5-Native/native/targets/tdeck/main/input_controller.cpp.obj
[350/1172] Building CXX object CMakeFiles/batch32_camp_watch.dir/C_/Dev/OpenU5-Native/native/targets/tdeck/main/alpha_dialogue.cpp.obj
[351/1172] Building CXX object CMakeFiles/batch33_cannon_npc_death.dir/C_/Dev/OpenU5-Native/native/targets/tdeck/main/alpha_save_generation.cpp.obj
[352/1172] Building CXX object CMakeFiles/batch34_pre_sleep_npc.dir/C_/Dev/OpenU5-Native/native/targets/tdeck/main/ui_input_adapter.cpp.obj
[353/1172] Building CXX object CMakeFiles/batch33_cannon_npc_death.dir/C_/Dev/OpenU5-Native/native/targets/tdeck/host_tests/batch33_cannon_npc_death_test.cpp.obj
[354/1172] Building CXX object CMakeFiles/batch33_cannon_npc_death.dir/C_/Dev/OpenU5-Native/native/targets/tdeck/host_tests/host_stubs/device_smoke_tests_host_stub.cpp.obj
[355/1172] Building CXX object CMakeFiles/batch34_pre_sleep_npc.dir/C_/Dev/OpenU5-Native/native/targets/tdeck/main/keyboard_matrix.cpp.obj
[356/1172] Building CXX object CMakeFiles/batch33_cannon_npc_death.dir/C_/Dev/OpenU5-Native/native/targets/tdeck/main/asset_pack.cpp.obj
[357/1172] Building CXX object CMakeFiles/batch34_pre_sleep_npc.dir/C_/Dev/OpenU5-Native/native/targets/tdeck/host_tests/host_stubs/tdeck_board_host_stub.cpp.obj
[358/1172] Building CXX object CMakeFiles/batch35_q_sleep_target.dir/C_/Dev/OpenU5-Native/native/targets/tdeck/host_tests/host_stubs/tdeck_input_host_stub.cpp.obj
[359/1172] Building CXX object CMakeFiles/batch34_pre_sleep_npc.dir/C_/Dev/OpenU5-Native/native/targets/tdeck/host_tests/alpha_runtime_host_fixture.cpp.obj
[360/1172] Building CXX object CMakeFiles/batch33_cannon_npc_death.dir/C_/Dev/OpenU5-Native/native/targets/tdeck/main/native_renderer.cpp.obj
[361/1172] Building CXX object CMakeFiles/batch33_cannon_npc_death.dir/C_/Dev/OpenU5-Native/native/targets/tdeck/main/dungeon_art_cache.cpp.obj
[362/1172] Building CXX object CMakeFiles/batch34_pre_sleep_npc.dir/C_/Dev/OpenU5-Native/native/targets/tdeck/host_tests/host_stubs/alpha_save_memory_host_stub.cpp.obj
[363/1172] Building CXX object CMakeFiles/batch34_pre_sleep_npc.dir/C_/Dev/OpenU5-Native/native/targets/tdeck/host_tests/host_stubs/device_smoke_tests_host_stub.cpp.obj
[364/1172] Building CXX object CMakeFiles/batch35_q_sleep_target.dir/C_/Dev/OpenU5-Native/native/targets/tdeck/main/input_controller.cpp.obj
[365/1172] Building CXX object CMakeFiles/batch35_q_sleep_target.dir/C_/Dev/OpenU5-Native/native/targets/tdeck/main/ui_input_adapter.cpp.obj
[366/1172] Building CXX object CMakeFiles/batch33_cannon_npc_death.dir/C_/Dev/OpenU5-Native/native/targets/tdeck/main/alpha_resources.cpp.obj
[367/1172] Building CXX object CMakeFiles/batch34_pre_sleep_npc.dir/C_/Dev/OpenU5-Native/native/targets/tdeck/main/alpha_save_generation.cpp.obj
[368/1172] Building CXX object CMakeFiles/batch33_cannon_npc_death.dir/C_/Dev/OpenU5-Native/native/targets/tdeck/main/alpha_dialogue.cpp.obj
[369/1172] Building CXX object CMakeFiles/batch27_alt_load.dir/C_/Dev/OpenU5-Native/native/targets/tdeck/main/alpha_runtime.cpp.obj
[370/1172] Building CXX object CMakeFiles/batch28_save_validation.dir/C_/Dev/OpenU5-Native/native/targets/tdeck/main/alpha_runtime.cpp.obj
[371/1172] Building CXX object CMakeFiles/batch34_pre_sleep_npc.dir/C_/Dev/OpenU5-Native/native/targets/tdeck/host_tests/batch34_pre_sleep_npc_test.cpp.obj
[372/1172] Building CXX object CMakeFiles/batch34_pre_sleep_npc.dir/C_/Dev/OpenU5-Native/native/targets/tdeck/main/asset_pack.cpp.obj
[373/1172] Building CXX object CMakeFiles/batch35_q_sleep_target.dir/C_/Dev/OpenU5-Native/native/targets/tdeck/main/keyboard_matrix.cpp.obj
[374/1172] Building CXX object CMakeFiles/batch35_q_sleep_target.dir/C_/Dev/OpenU5-Native/native/targets/tdeck/host_tests/host_stubs/tdeck_board_host_stub.cpp.obj
[375/1172] Building CXX object CMakeFiles/batch35_q_sleep_target.dir/C_/Dev/OpenU5-Native/native/targets/tdeck/host_tests/alpha_runtime_host_fixture.cpp.obj
[376/1172] Building CXX object CMakeFiles/batch34_pre_sleep_npc.dir/C_/Dev/OpenU5-Native/native/targets/tdeck/main/dungeon_art_cache.cpp.obj
[377/1172] Building CXX object CMakeFiles/batch36_camp_housekeeping.dir/C_/Dev/OpenU5-Native/native/targets/tdeck/host_tests/host_stubs/tdeck_input_host_stub.cpp.obj
[378/1172] Building CXX object CMakeFiles/batch34_pre_sleep_npc.dir/C_/Dev/OpenU5-Native/native/targets/tdeck/main/native_renderer.cpp.obj
[379/1172] Building CXX object CMakeFiles/batch34_pre_sleep_npc.dir/C_/Dev/OpenU5-Native/native/targets/tdeck/main/alpha_resources.cpp.obj
[380/1172] Building CXX object CMakeFiles/batch36_camp_housekeeping.dir/C_/Dev/OpenU5-Native/native/targets/tdeck/main/input_controller.cpp.obj
[381/1172] Building CXX object CMakeFiles/batch35_q_sleep_target.dir/C_/Dev/OpenU5-Native/native/targets/tdeck/main/alpha_save_generation.cpp.obj
[382/1172] Building CXX object CMakeFiles/batch34_pre_sleep_npc.dir/C_/Dev/OpenU5-Native/native/targets/tdeck/main/alpha_dialogue.cpp.obj
[383/1172] Building CXX object CMakeFiles/batch36_camp_housekeeping.dir/C_/Dev/OpenU5-Native/native/targets/tdeck/main/ui_input_adapter.cpp.obj
[384/1172] Building CXX object CMakeFiles/batch35_q_sleep_target.dir/C_/Dev/OpenU5-Native/native/targets/tdeck/host_tests/host_stubs/alpha_save_memory_host_stub.cpp.obj
[385/1172] Building CXX object CMakeFiles/batch35_q_sleep_target.dir/C_/Dev/OpenU5-Native/native/targets/tdeck/host_tests/host_stubs/device_smoke_tests_host_stub.cpp.obj
[386/1172] Building CXX object CMakeFiles/batch36_camp_housekeeping.dir/C_/Dev/OpenU5-Native/native/targets/tdeck/main/keyboard_matrix.cpp.obj
[387/1172] Building CXX object CMakeFiles/batch35_q_sleep_target.dir/C_/Dev/OpenU5-Native/native/targets/tdeck/host_tests/batch35_q_sleep_target_test.cpp.obj
[388/1172] Building CXX object CMakeFiles/batch35_q_sleep_target.dir/C_/Dev/OpenU5-Native/native/targets/tdeck/main/asset_pack.cpp.obj
[389/1172] Building CXX object CMakeFiles/batch36_camp_housekeeping.dir/C_/Dev/OpenU5-Native/native/targets/tdeck/host_tests/host_stubs/tdeck_board_host_stub.cpp.obj
[390/1172] Building CXX object CMakeFiles/batch37_bed_viewport.dir/C_/Dev/OpenU5-Native/native/targets/tdeck/host_tests/host_stubs/tdeck_input_host_stub.cpp.obj
[391/1172] Building CXX object CMakeFiles/batch29_rest_wiring.dir/C_/Dev/OpenU5-Native/native/targets/tdeck/main/alpha_runtime.cpp.obj
[392/1172] Building CXX object CMakeFiles/batch35_q_sleep_target.dir/C_/Dev/OpenU5-Native/native/targets/tdeck/main/dungeon_art_cache.cpp.obj
[393/1172] Building CXX object CMakeFiles/batch36_camp_housekeeping.dir/C_/Dev/OpenU5-Native/native/targets/tdeck/host_tests/host_stubs/device_smoke_tests_host_stub.cpp.obj
[394/1172] Building CXX object CMakeFiles/batch36_camp_housekeeping.dir/C_/Dev/OpenU5-Native/native/targets/tdeck/host_tests/alpha_runtime_host_fixture.cpp.obj
[395/1172] Building CXX object CMakeFiles/batch35_q_sleep_target.dir/C_/Dev/OpenU5-Native/native/targets/tdeck/main/native_renderer.cpp.obj
[396/1172] Building CXX object CMakeFiles/batch36_camp_housekeeping.dir/C_/Dev/OpenU5-Native/native/targets/tdeck/main/alpha_save_generation.cpp.obj
[397/1172] Building CXX object CMakeFiles/batch36_camp_housekeeping.dir/C_/Dev/OpenU5-Native/native/targets/tdeck/host_tests/host_stubs/alpha_save_memory_host_stub.cpp.obj
[398/1172] Building CXX object CMakeFiles/batch37_bed_viewport.dir/C_/Dev/OpenU5-Native/native/targets/tdeck/main/input_controller.cpp.obj
[399/1172] Building CXX object CMakeFiles/batch35_q_sleep_target.dir/C_/Dev/OpenU5-Native/native/targets/tdeck/main/alpha_dialogue.cpp.obj
[400/1172] Building CXX object CMakeFiles/batch35_q_sleep_target.dir/C_/Dev/OpenU5-Native/native/targets/tdeck/main/alpha_resources.cpp.obj
[401/1172] Building CXX object CMakeFiles/batch37_bed_viewport.dir/C_/Dev/OpenU5-Native/native/targets/tdeck/main/ui_input_adapter.cpp.obj
[402/1172] Building CXX object CMakeFiles/batch36_camp_housekeeping.dir/C_/Dev/OpenU5-Native/native/targets/tdeck/main/asset_pack.cpp.obj
[403/1172] Building CXX object CMakeFiles/batch37_bed_viewport.dir/C_/Dev/OpenU5-Native/native/targets/tdeck/main/keyboard_matrix.cpp.obj
[404/1172] Building CXX object CMakeFiles/batch36_camp_housekeeping.dir/C_/Dev/OpenU5-Native/native/targets/tdeck/main/native_renderer.cpp.obj
[405/1172] Building CXX object CMakeFiles/batch37_bed_viewport.dir/C_/Dev/OpenU5-Native/native/targets/tdeck/host_tests/alpha_runtime_host_fixture.cpp.obj
[406/1172] Building CXX object CMakeFiles/batch39_party_panel.dir/C_/Dev/OpenU5-Native/native/targets/tdeck/host_tests/host_stubs/tdeck_input_host_stub.cpp.obj
[407/1172] Building CXX object CMakeFiles/batch36_camp_housekeeping.dir/C_/Dev/OpenU5-Native/native/targets/tdeck/main/dungeon_art_cache.cpp.obj
[408/1172] Building CXX object CMakeFiles/batch36_camp_housekeeping.dir/C_/Dev/OpenU5-Native/native/targets/tdeck/host_tests/batch36_camp_housekeeping_test.cpp.obj
[409/1172] Building CXX object CMakeFiles/batch36_camp_housekeeping.dir/C_/Dev/OpenU5-Native/native/targets/tdeck/main/alpha_dialogue.cpp.obj
[410/1172] Building CXX object CMakeFiles/batch36_camp_housekeeping.dir/C_/Dev/OpenU5-Native/native/targets/tdeck/main/alpha_resources.cpp.obj
[411/1172] Building CXX object CMakeFiles/batch37_bed_viewport.dir/C_/Dev/OpenU5-Native/native/targets/tdeck/main/alpha_save_generation.cpp.obj
[412/1172] Building CXX object CMakeFiles/batch37_bed_viewport.dir/C_/Dev/OpenU5-Native/native/targets/tdeck/host_tests/host_stubs/alpha_save_memory_host_stub.cpp.obj
[413/1172] Building CXX object CMakeFiles/batch30_sleep_parity.dir/C_/Dev/OpenU5-Native/native/targets/tdeck/main/alpha_runtime.cpp.obj
[414/1172] Building CXX object CMakeFiles/batch37_bed_viewport.dir/C_/Dev/OpenU5-Native/native/targets/tdeck/host_tests/host_stubs/device_smoke_tests_host_stub.cpp.obj
[415/1172] Building CXX object CMakeFiles/batch37_bed_viewport.dir/C_/Dev/OpenU5-Native/native/targets/tdeck/host_tests/batch37_bed_viewport_test.cpp.obj
[416/1172] Building CXX object CMakeFiles/batch39_party_panel.dir/C_/Dev/OpenU5-Native/native/targets/tdeck/main/input_controller.cpp.obj
[417/1172] Building CXX object CMakeFiles/batch39_party_panel.dir/C_/Dev/OpenU5-Native/native/targets/tdeck/main/ui_input_adapter.cpp.obj
[418/1172] Building CXX object CMakeFiles/batch37_bed_viewport.dir/C_/Dev/OpenU5-Native/native/targets/tdeck/host_tests/host_stubs/batch37_board_capture_stub.cpp.obj
[419/1172] Building CXX object CMakeFiles/batch37_bed_viewport.dir/C_/Dev/OpenU5-Native/native/targets/tdeck/main/asset_pack.cpp.obj
[420/1172] Building CXX object CMakeFiles/batch39_party_panel.dir/C_/Dev/OpenU5-Native/native/targets/tdeck/main/keyboard_matrix.cpp.obj
[421/1172] Building CXX object CMakeFiles/batch41_raw_key.dir/C_/Dev/OpenU5-Native/native/targets/tdeck/host_tests/host_stubs/tdeck_input_host_stub.cpp.obj
[422/1172] Building CXX object CMakeFiles/batch37_bed_viewport.dir/C_/Dev/OpenU5-Native/native/targets/tdeck/main/dungeon_art_cache.cpp.obj
[423/1172] Building CXX object CMakeFiles/batch39_party_panel.dir/C_/Dev/OpenU5-Native/native/targets/tdeck/host_tests/alpha_runtime_host_fixture.cpp.obj
[424/1172] Building CXX object CMakeFiles/batch39_party_panel.dir/C_/Dev/OpenU5-Native/native/targets/tdeck/host_tests/host_stubs/alpha_save_memory_host_stub.cpp.obj
[425/1172] Building CXX object CMakeFiles/batch39_party_panel.dir/C_/Dev/OpenU5-Native/native/targets/tdeck/main/alpha_save_generation.cpp.obj
[426/1172] Building CXX object CMakeFiles/batch37_bed_viewport.dir/C_/Dev/OpenU5-Native/native/targets/tdeck/main/native_renderer.cpp.obj
[427/1172] Building CXX object CMakeFiles/batch37_bed_viewport.dir/C_/Dev/OpenU5-Native/native/targets/tdeck/main/alpha_dialogue.cpp.obj
[428/1172] Building CXX object CMakeFiles/batch37_bed_viewport.dir/C_/Dev/OpenU5-Native/native/targets/tdeck/main/alpha_resources.cpp.obj
[429/1172] Building CXX object CMakeFiles/batch39_party_panel.dir/C_/Dev/OpenU5-Native/native/targets/tdeck/host_tests/host_stubs/device_smoke_tests_host_stub.cpp.obj
[430/1172] Building CXX object CMakeFiles/batch31_h165_dungeon_entry.dir/C_/Dev/OpenU5-Native/native/targets/tdeck/main/alpha_runtime.cpp.obj
[431/1172] Building CXX object CMakeFiles/batch41_raw_key.dir/C_/Dev/OpenU5-Native/native/targets/tdeck/main/input_controller.cpp.obj
[432/1172] Building CXX object CMakeFiles/batch41_raw_key.dir/C_/Dev/OpenU5-Native/native/targets/tdeck/main/ui_input_adapter.cpp.obj
[433/1172] Building CXX object CMakeFiles/batch39_party_panel.dir/C_/Dev/OpenU5-Native/native/targets/tdeck/host_tests/batch39_party_panel_test.cpp.obj
[434/1172] Building CXX object CMakeFiles/batch41_raw_key.dir/C_/Dev/OpenU5-Native/native/targets/tdeck/main/keyboard_matrix.cpp.obj
[435/1172] Building CXX object CMakeFiles/batch39_party_panel.dir/C_/Dev/OpenU5-Native/native/targets/tdeck/main/asset_pack.cpp.obj
[436/1172] Building CXX object CMakeFiles/batch39_party_panel.dir/C_/Dev/OpenU5-Native/native/targets/tdeck/host_tests/host_stubs/batch37_board_capture_stub.cpp.obj
[437/1172] Building CXX object CMakeFiles/batch39_party_panel.dir/C_/Dev/OpenU5-Native/native/targets/tdeck/main/dungeon_art_cache.cpp.obj
[438/1172] Building CXX object CMakeFiles/batch39_party_panel.dir/C_/Dev/OpenU5-Native/native/targets/tdeck/main/native_renderer.cpp.obj
[439/1172] Building CXX object CMakeFiles/batch41_raw_key.dir/C_/Dev/OpenU5-Native/native/targets/tdeck/host_tests/alpha_runtime_host_fixture.cpp.obj
[440/1172] Building CXX object CMakeFiles/batch42_advancement_flash.dir/C_/Dev/OpenU5-Native/native/targets/tdeck/host_tests/host_stubs/tdeck_input_host_stub.cpp.obj
[441/1172] Building CXX object CMakeFiles/batch39_party_panel.dir/C_/Dev/OpenU5-Native/native/targets/tdeck/main/alpha_resources.cpp.obj
[442/1172] Building CXX object CMakeFiles/batch41_raw_key.dir/C_/Dev/OpenU5-Native/native/targets/tdeck/host_tests/host_stubs/alpha_save_memory_host_stub.cpp.obj
[443/1172] Building CXX object CMakeFiles/batch39_party_panel.dir/C_/Dev/OpenU5-Native/native/targets/tdeck/main/alpha_dialogue.cpp.obj
[444/1172] Building CXX object CMakeFiles/batch41_raw_key.dir/C_/Dev/OpenU5-Native/native/targets/tdeck/main/alpha_save_generation.cpp.obj
[445/1172] Building CXX object CMakeFiles/batch32_camp_watch.dir/C_/Dev/OpenU5-Native/native/targets/tdeck/main/alpha_runtime.cpp.obj
[446/1172] Building CXX object CMakeFiles/batch41_raw_key.dir/C_/Dev/OpenU5-Native/native/targets/tdeck/host_tests/host_stubs/device_smoke_tests_host_stub.cpp.obj
[447/1172] Building CXX object CMakeFiles/batch42_advancement_flash.dir/C_/Dev/OpenU5-Native/native/targets/tdeck/main/input_controller.cpp.obj
[448/1172] Building CXX object CMakeFiles/batch41_raw_key.dir/C_/Dev/OpenU5-Native/native/targets/tdeck/host_tests/batch41_raw_key_test.cpp.obj
[449/1172] Building CXX object CMakeFiles/batch42_advancement_flash.dir/C_/Dev/OpenU5-Native/native/targets/tdeck/main/ui_input_adapter.cpp.obj
[450/1172] Building CXX object CMakeFiles/batch41_raw_key.dir/C_/Dev/OpenU5-Native/native/targets/tdeck/host_tests/host_stubs/batch37_board_capture_stub.cpp.obj
[451/1172] Building CXX object CMakeFiles/batch42_advancement_flash.dir/C_/Dev/OpenU5-Native/native/targets/tdeck/main/keyboard_matrix.cpp.obj
[452/1172] Building CXX object CMakeFiles/batch41_raw_key.dir/C_/Dev/OpenU5-Native/native/targets/tdeck/main/asset_pack.cpp.obj
[453/1172] Building CXX object CMakeFiles/batch42_advancement_flash.dir/C_/Dev/OpenU5-Native/native/targets/tdeck/host_tests/alpha_runtime_host_fixture.cpp.obj
[454/1172] Building CXX object CMakeFiles/batch43_sleep_scene.dir/C_/Dev/OpenU5-Native/native/targets/tdeck/host_tests/host_stubs/tdeck_input_host_stub.cpp.obj
[455/1172] Building CXX object CMakeFiles/batch41_raw_key.dir/C_/Dev/OpenU5-Native/native/targets/tdeck/main/alpha_resources.cpp.obj
[456/1172] Building CXX object CMakeFiles/batch42_advancement_flash.dir/C_/Dev/OpenU5-Native/native/targets/tdeck/host_tests/host_stubs/device_smoke_tests_host_stub.cpp.obj
[457/1172] Building CXX object CMakeFiles/batch41_raw_key.dir/C_/Dev/OpenU5-Native/native/targets/tdeck/main/native_renderer.cpp.obj
[458/1172] Building CXX object CMakeFiles/batch41_raw_key.dir/C_/Dev/OpenU5-Native/native/targets/tdeck/main/dungeon_art_cache.cpp.obj
[459/1172] Building CXX object CMakeFiles/batch42_advancement_flash.dir/C_/Dev/OpenU5-Native/native/targets/tdeck/host_tests/host_stubs/alpha_save_memory_host_stub.cpp.obj
[460/1172] Building CXX object CMakeFiles/batch33_cannon_npc_death.dir/C_/Dev/OpenU5-Native/native/targets/tdeck/main/alpha_runtime.cpp.obj
[461/1172] Building CXX object CMakeFiles/batch42_advancement_flash.dir/C_/Dev/OpenU5-Native/native/targets/tdeck/main/alpha_save_generation.cpp.obj
[462/1172] Building CXX object CMakeFiles/batch41_raw_key.dir/C_/Dev/OpenU5-Native/native/targets/tdeck/main/alpha_dialogue.cpp.obj
[463/1172] Building CXX object CMakeFiles/batch43_sleep_scene.dir/C_/Dev/OpenU5-Native/native/targets/tdeck/main/input_controller.cpp.obj
[464/1172] Building CXX object CMakeFiles/batch42_advancement_flash.dir/C_/Dev/OpenU5-Native/native/targets/tdeck/host_tests/batch42_advancement_flash_test.cpp.obj
[465/1172] Building CXX object CMakeFiles/batch43_sleep_scene.dir/C_/Dev/OpenU5-Native/native/targets/tdeck/main/ui_input_adapter.cpp.obj
[466/1172] Building CXX object CMakeFiles/batch42_advancement_flash.dir/C_/Dev/OpenU5-Native/native/targets/tdeck/main/asset_pack.cpp.obj
[467/1172] Building CXX object CMakeFiles/batch42_advancement_flash.dir/C_/Dev/OpenU5-Native/native/targets/tdeck/host_tests/host_stubs/batch37_board_capture_stub.cpp.obj
[468/1172] Building CXX object CMakeFiles/batch43_sleep_scene.dir/C_/Dev/OpenU5-Native/native/targets/tdeck/main/keyboard_matrix.cpp.obj
[469/1172] Building CXX object CMakeFiles/batch42_advancement_flash.dir/C_/Dev/OpenU5-Native/native/targets/tdeck/main/native_renderer.cpp.obj
[470/1172] Building CXX object CMakeFiles/batch42_advancement_flash.dir/C_/Dev/OpenU5-Native/native/targets/tdeck/main/dungeon_art_cache.cpp.obj
[471/1172] Building CXX object CMakeFiles/batch42_advancement_flash.dir/C_/Dev/OpenU5-Native/native/targets/tdeck/main/alpha_resources.cpp.obj
[472/1172] Building CXX object CMakeFiles/batch43_sleep_scene.dir/C_/Dev/OpenU5-Native/native/targets/tdeck/host_tests/alpha_runtime_host_fixture.cpp.obj
[473/1172] Building CXX object CMakeFiles/batch42_advancement_flash.dir/C_/Dev/OpenU5-Native/native/targets/tdeck/main/alpha_dialogue.cpp.obj
[474/1172] Building CXX object CMakeFiles/batch46_camp_invisibility.dir/C_/Dev/OpenU5-Native/native/targets/tdeck/host_tests/host_stubs/tdeck_input_host_stub.cpp.obj
[475/1172] Building CXX object CMakeFiles/batch34_pre_sleep_npc.dir/C_/Dev/OpenU5-Native/native/targets/tdeck/main/alpha_runtime.cpp.obj
[476/1172] Building CXX object CMakeFiles/batch43_sleep_scene.dir/C_/Dev/OpenU5-Native/native/targets/tdeck/host_tests/host_stubs/alpha_save_memory_host_stub.cpp.obj
[477/1172] Building CXX object CMakeFiles/batch43_sleep_scene.dir/C_/Dev/OpenU5-Native/native/targets/tdeck/host_tests/host_stubs/device_smoke_tests_host_stub.cpp.obj
[478/1172] Building CXX object CMakeFiles/batch43_sleep_scene.dir/C_/Dev/OpenU5-Native/native/targets/tdeck/main/alpha_save_generation.cpp.obj
[479/1172] Building CXX object CMakeFiles/batch46_camp_invisibility.dir/C_/Dev/OpenU5-Native/native/targets/tdeck/main/input_controller.cpp.obj
[480/1172] Building CXX object CMakeFiles/batch46_camp_invisibility.dir/C_/Dev/OpenU5-Native/native/targets/tdeck/main/ui_input_adapter.cpp.obj
[481/1172] Building CXX object CMakeFiles/batch43_sleep_scene.dir/C_/Dev/OpenU5-Native/native/targets/tdeck/host_tests/batch43_sleep_scene_test.cpp.obj
[482/1172] Building CXX object CMakeFiles/batch35_q_sleep_target.dir/C_/Dev/OpenU5-Native/native/targets/tdeck/main/alpha_runtime.cpp.obj
[483/1172] Building CXX object CMakeFiles/batch46_camp_invisibility.dir/C_/Dev/OpenU5-Native/native/targets/tdeck/main/keyboard_matrix.cpp.obj
[484/1172] Building CXX object CMakeFiles/batch43_sleep_scene.dir/C_/Dev/OpenU5-Native/native/targets/tdeck/host_tests/host_stubs/batch37_board_capture_stub.cpp.obj
[485/1172] Building CXX object CMakeFiles/batch43_sleep_scene.dir/C_/Dev/OpenU5-Native/native/targets/tdeck/main/asset_pack.cpp.obj
[486/1172] Building CXX object CMakeFiles/batch43_sleep_scene.dir/C_/Dev/OpenU5-Native/native/targets/tdeck/main/dungeon_art_cache.cpp.obj
[487/1172] Building CXX object CMakeFiles/batch46_camp_invisibility.dir/C_/Dev/OpenU5-Native/native/targets/tdeck/host_tests/alpha_runtime_host_fixture.cpp.obj
[488/1172] Building CXX object CMakeFiles/batch44_camp_ring_entry.dir/C_/Dev/OpenU5-Native/native/targets/tdeck/host_tests/host_stubs/tdeck_input_host_stub.cpp.obj
[489/1172] Building CXX object CMakeFiles/batch43_sleep_scene.dir/C_/Dev/OpenU5-Native/native/targets/tdeck/main/native_renderer.cpp.obj
[490/1172] Building CXX object CMakeFiles/batch46_camp_invisibility.dir/C_/Dev/OpenU5-Native/native/targets/tdeck/host_tests/host_stubs/alpha_save_memory_host_stub.cpp.obj
[491/1172] Building CXX object CMakeFiles/batch43_sleep_scene.dir/C_/Dev/OpenU5-Native/native/targets/tdeck/main/alpha_resources.cpp.obj
[492/1172] Building CXX object CMakeFiles/batch46_camp_invisibility.dir/C_/Dev/OpenU5-Native/native/targets/tdeck/host_tests/host_stubs/device_smoke_tests_host_stub.cpp.obj
[493/1172] Building CXX object CMakeFiles/batch36_camp_housekeeping.dir/C_/Dev/OpenU5-Native/native/targets/tdeck/main/alpha_runtime.cpp.obj
[494/1172] Building CXX object CMakeFiles/batch43_sleep_scene.dir/C_/Dev/OpenU5-Native/native/targets/tdeck/main/alpha_dialogue.cpp.obj
[495/1172] Building CXX object CMakeFiles/batch44_camp_ring_entry.dir/C_/Dev/OpenU5-Native/native/targets/tdeck/main/ui_input_adapter.cpp.obj
[496/1172] Building CXX object CMakeFiles/batch46_camp_invisibility.dir/C_/Dev/OpenU5-Native/native/targets/tdeck/main/alpha_save_generation.cpp.obj
[497/1172] Building CXX object CMakeFiles/batch44_camp_ring_entry.dir/C_/Dev/OpenU5-Native/native/targets/tdeck/main/input_controller.cpp.obj
[498/1172] Building CXX object CMakeFiles/batch44_camp_ring_entry.dir/C_/Dev/OpenU5-Native/native/targets/tdeck/main/keyboard_matrix.cpp.obj
[499/1172] Building CXX object CMakeFiles/batch46_camp_invisibility.dir/C_/Dev/OpenU5-Native/native/targets/tdeck/main/asset_pack.cpp.obj
[500/1172] Building CXX object CMakeFiles/batch46_camp_invisibility.dir/C_/Dev/OpenU5-Native/native/targets/tdeck/host_tests/host_stubs/batch37_board_capture_stub.cpp.obj
[501/1172] Building CXX object CMakeFiles/batch44_camp_ring_entry.dir/C_/Dev/OpenU5-Native/native/targets/tdeck/host_tests/host_stubs/tdeck_board_host_stub.cpp.obj
[502/1172] Building CXX object CMakeFiles/batch46_camp_invisibility.dir/C_/Dev/OpenU5-Native/native/targets/tdeck/host_tests/batch46_camp_invisibility_test.cpp.obj
[503/1172] Building CXX object CMakeFiles/batch46_camp_invisibility.dir/C_/Dev/OpenU5-Native/native/targets/tdeck/main/native_renderer.cpp.obj
[504/1172] Building CXX object CMakeFiles/batch44_camp_ring_entry.dir/C_/Dev/OpenU5-Native/native/targets/tdeck/host_tests/alpha_runtime_host_fixture.cpp.obj
[505/1172] Building CXX object CMakeFiles/batch46_camp_invisibility.dir/C_/Dev/OpenU5-Native/native/targets/tdeck/main/dungeon_art_cache.cpp.obj
[506/1172] Building CXX object CMakeFiles/batch38_camp_duration.dir/C_/Dev/OpenU5-Native/native/targets/tdeck/host_tests/host_stubs/tdeck_input_host_stub.cpp.obj
[507/1172] Building CXX object CMakeFiles/batch38_camp_duration.dir/C_/Dev/OpenU5-Native/native/targets/tdeck/main/input_controller.cpp.obj
[508/1172] Building CXX object CMakeFiles/batch44_camp_ring_entry.dir/C_/Dev/OpenU5-Native/native/targets/tdeck/host_tests/host_stubs/alpha_save_memory_host_stub.cpp.obj
[509/1172] Building CXX object CMakeFiles/batch44_camp_ring_entry.dir/C_/Dev/OpenU5-Native/native/targets/tdeck/main/alpha_save_generation.cpp.obj
[510/1172] Building CXX object CMakeFiles/batch46_camp_invisibility.dir/C_/Dev/OpenU5-Native/native/targets/tdeck/main/alpha_dialogue.cpp.obj
[511/1172] Building CXX object CMakeFiles/batch46_camp_invisibility.dir/C_/Dev/OpenU5-Native/native/targets/tdeck/main/alpha_resources.cpp.obj
[512/1172] Building CXX object CMakeFiles/batch38_camp_duration.dir/C_/Dev/OpenU5-Native/native/targets/tdeck/main/ui_input_adapter.cpp.obj
[513/1172] Building CXX object CMakeFiles/batch44_camp_ring_entry.dir/C_/Dev/OpenU5-Native/native/targets/tdeck/host_tests/host_stubs/device_smoke_tests_host_stub.cpp.obj
[514/1172] Building CXX object CMakeFiles/batch38_camp_duration.dir/C_/Dev/OpenU5-Native/native/targets/tdeck/main/keyboard_matrix.cpp.obj
[515/1172] Building CXX object CMakeFiles/batch44_camp_ring_entry.dir/C_/Dev/OpenU5-Native/native/targets/tdeck/main/asset_pack.cpp.obj
[516/1172] Building CXX object CMakeFiles/batch37_bed_viewport.dir/C_/Dev/OpenU5-Native/native/targets/tdeck/main/alpha_runtime.cpp.obj
[517/1172] Building CXX object CMakeFiles/batch44_camp_ring_entry.dir/C_/Dev/OpenU5-Native/native/targets/tdeck/host_tests/batch44_camp_ring_entry_test.cpp.obj
[518/1172] Building CXX object CMakeFiles/batch38_camp_duration.dir/C_/Dev/OpenU5-Native/native/targets/tdeck/host_tests/host_stubs/tdeck_board_host_stub.cpp.obj
[519/1172] Building CXX object CMakeFiles/batch44_camp_ring_entry.dir/C_/Dev/OpenU5-Native/native/targets/tdeck/main/dungeon_art_cache.cpp.obj
[520/1172] Building CXX object CMakeFiles/batch44_camp_ring_entry.dir/C_/Dev/OpenU5-Native/native/targets/tdeck/main/native_renderer.cpp.obj
[521/1172] Building CXX object CMakeFiles/batch38_camp_duration.dir/C_/Dev/OpenU5-Native/native/targets/tdeck/host_tests/alpha_runtime_host_fixture.cpp.obj
[522/1172] Building CXX object CMakeFiles/batch38_camp_duration.dir/C_/Dev/OpenU5-Native/native/targets/tdeck/host_tests/host_stubs/alpha_save_memory_host_stub.cpp.obj
[523/1172] Building CXX object CMakeFiles/batch51_camp_pacing.dir/C_/Dev/OpenU5-Native/native/targets/tdeck/host_tests/host_stubs/tdeck_input_host_stub.cpp.obj
[524/1172] Building CXX object CMakeFiles/batch44_camp_ring_entry.dir/C_/Dev/OpenU5-Native/native/targets/tdeck/main/alpha_dialogue.cpp.obj
[525/1172] Building CXX object CMakeFiles/batch44_camp_ring_entry.dir/C_/Dev/OpenU5-Native/native/targets/tdeck/main/alpha_resources.cpp.obj
[526/1172] Building CXX object CMakeFiles/batch38_camp_duration.dir/C_/Dev/OpenU5-Native/native/targets/tdeck/host_tests/host_stubs/device_smoke_tests_host_stub.cpp.obj
[527/1172] Building CXX object CMakeFiles/batch38_camp_duration.dir/C_/Dev/OpenU5-Native/native/targets/tdeck/main/alpha_save_generation.cpp.obj
[528/1172] Building CXX object CMakeFiles/batch39_party_panel.dir/C_/Dev/OpenU5-Native/native/targets/tdeck/main/alpha_runtime.cpp.obj
[529/1172] Building CXX object CMakeFiles/batch51_camp_pacing.dir/C_/Dev/OpenU5-Native/native/targets/tdeck/main/input_controller.cpp.obj
[530/1172] Building CXX object CMakeFiles/batch51_camp_pacing.dir/C_/Dev/OpenU5-Native/native/targets/tdeck/main/ui_input_adapter.cpp.obj
[531/1172] Building CXX object CMakeFiles/batch41_staged_advancement.dir/tests/batch41_staged_advancement_test.cpp.obj
[532/1172] Building CXX object CMakeFiles/batch38_camp_duration.dir/C_/Dev/OpenU5-Native/native/targets/tdeck/main/asset_pack.cpp.obj
[533/1172] Building CXX object CMakeFiles/batch51_camp_pacing.dir/C_/Dev/OpenU5-Native/native/targets/tdeck/main/keyboard_matrix.cpp.obj
[534/1172] Building CXX object CMakeFiles/batch38_camp_duration.dir/C_/Dev/OpenU5-Native/native/targets/tdeck/main/dungeon_art_cache.cpp.obj
[535/1172] Building CXX object CMakeFiles/batch38_camp_duration.dir/C_/Dev/OpenU5-Native/native/targets/tdeck/host_tests/batch38_camp_duration_test.cpp.obj
[536/1172] Building CXX object CMakeFiles/batch38_camp_duration.dir/C_/Dev/OpenU5-Native/native/targets/tdeck/main/alpha_resources.cpp.obj
[537/1172] Building CXX object CMakeFiles/batch51_camp_pacing.dir/C_/Dev/OpenU5-Native/native/targets/tdeck/host_tests/alpha_runtime_host_fixture.cpp.obj
[538/1172] Building CXX object CMakeFiles/batch38_camp_duration.dir/C_/Dev/OpenU5-Native/native/targets/tdeck/main/alpha_dialogue.cpp.obj
[539/1172] Building CXX object CMakeFiles/batch53_release_blockers.dir/C_/Dev/OpenU5-Native/native/targets/tdeck/host_tests/host_stubs/tdeck_input_host_stub.cpp.obj
[540/1172] Building CXX object CMakeFiles/batch38_camp_duration.dir/C_/Dev/OpenU5-Native/native/targets/tdeck/main/native_renderer.cpp.obj
[541/1172] Building CXX object CMakeFiles/batch51_camp_pacing.dir/C_/Dev/OpenU5-Native/native/targets/tdeck/host_tests/host_stubs/device_smoke_tests_host_stub.cpp.obj
[542/1172] Building CXX object CMakeFiles/batch51_camp_pacing.dir/C_/Dev/OpenU5-Native/native/targets/tdeck/host_tests/host_stubs/alpha_save_memory_host_stub.cpp.obj
[543/1172] Building CXX object CMakeFiles/batch40_advancement.dir/tests/batch40_advancement_test.cpp.obj
[544/1172] Building CXX object CMakeFiles/batch53_release_blockers.dir/C_/Dev/OpenU5-Native/native/targets/tdeck/main/ui_input_adapter.cpp.obj
[545/1172] Building CXX object CMakeFiles/batch51_camp_pacing.dir/C_/Dev/OpenU5-Native/native/targets/tdeck/main/alpha_save_generation.cpp.obj
[546/1172] Building CXX object CMakeFiles/batch53_release_blockers.dir/C_/Dev/OpenU5-Native/native/targets/tdeck/main/input_controller.cpp.obj
[547/1172] Building CXX object CMakeFiles/batch51_camp_pacing.dir/C_/Dev/OpenU5-Native/native/targets/tdeck/main/asset_pack.cpp.obj
[548/1172] Building CXX object CMakeFiles/batch53_release_blockers.dir/C_/Dev/OpenU5-Native/native/targets/tdeck/main/keyboard_matrix.cpp.obj
[549/1172] Building CXX object CMakeFiles/batch51_scene_pacing.dir/tests/batch51_scene_pacing_test.cpp.obj
[550/1172] Building CXX object CMakeFiles/batch51_camp_pacing.dir/C_/Dev/OpenU5-Native/native/targets/tdeck/host_tests/host_stubs/batch37_board_capture_stub.cpp.obj
[551/1172] Building CXX object CMakeFiles/batch41_raw_key.dir/C_/Dev/OpenU5-Native/native/targets/tdeck/main/alpha_runtime.cpp.obj
[552/1172] Building CXX object CMakeFiles/batch53_release_blockers.dir/C_/Dev/OpenU5-Native/native/targets/tdeck/host_tests/host_stubs/tdeck_board_host_stub.cpp.obj
[553/1172] Building CXX object CMakeFiles/batch51_camp_pacing.dir/C_/Dev/OpenU5-Native/native/targets/tdeck/main/dungeon_art_cache.cpp.obj
[554/1172] Building CXX object CMakeFiles/batch51_camp_pacing.dir/C_/Dev/OpenU5-Native/native/targets/tdeck/main/alpha_dialogue.cpp.obj
[555/1172] Building CXX object CMakeFiles/batch51_camp_pacing.dir/C_/Dev/OpenU5-Native/native/targets/tdeck/main/native_renderer.cpp.obj
[556/1172] Building CXX object CMakeFiles/batch53a_ending_terminal.dir/C_/Dev/OpenU5-Native/native/targets/tdeck/host_tests/host_stubs/tdeck_input_host_stub.cpp.obj
[557/1172] Building CXX object CMakeFiles/batch51_camp_pacing.dir/C_/Dev/OpenU5-Native/native/targets/tdeck/host_tests/batch51_camp_pacing_test.cpp.obj
[558/1172] Building CXX object CMakeFiles/batch51_camp_pacing.dir/C_/Dev/OpenU5-Native/native/targets/tdeck/main/alpha_resources.cpp.obj
[559/1172] Building CXX object CMakeFiles/batch53_release_blockers.dir/C_/Dev/OpenU5-Native/native/targets/tdeck/host_tests/alpha_runtime_host_fixture.cpp.obj
[560/1172] Building CXX object CMakeFiles/batch53_release_blockers.dir/C_/Dev/OpenU5-Native/native/targets/tdeck/host_tests/host_stubs/alpha_save_memory_host_stub.cpp.obj
[561/1172] Building CXX object CMakeFiles/batch53_release_blockers.dir/C_/Dev/OpenU5-Native/native/targets/tdeck/host_tests/host_stubs/device_smoke_tests_host_stub.cpp.obj
[562/1172] Building CXX object CMakeFiles/batch53_release_blockers.dir/C_/Dev/OpenU5-Native/native/targets/tdeck/main/alpha_save_generation.cpp.obj
[563/1172] Building CXX object CMakeFiles/batch53a_ending_terminal.dir/C_/Dev/OpenU5-Native/native/targets/tdeck/main/input_controller.cpp.obj
[564/1172] Building CXX object CMakeFiles/batch53a_ending_terminal.dir/C_/Dev/OpenU5-Native/native/targets/tdeck/main/ui_input_adapter.cpp.obj
[565/1172] Building CXX object CMakeFiles/batch53_release_blockers.dir/C_/Dev/OpenU5-Native/native/targets/tdeck/main/asset_pack.cpp.obj
[566/1172] Building CXX object CMakeFiles/batch53a_ending_terminal.dir/C_/Dev/OpenU5-Native/native/targets/tdeck/main/keyboard_matrix.cpp.obj
[567/1172] Building CXX object CMakeFiles/batch42_advancement_flash.dir/C_/Dev/OpenU5-Native/native/targets/tdeck/main/alpha_runtime.cpp.obj
[568/1172] Building CXX object CMakeFiles/batch53a_ending_terminal.dir/C_/Dev/OpenU5-Native/native/targets/tdeck/host_tests/host_stubs/tdeck_board_host_stub.cpp.obj
[569/1172] Building CXX object CMakeFiles/batch53b_moongate_return.dir/C_/Dev/OpenU5-Native/native/targets/tdeck/host_tests/host_stubs/tdeck_input_host_stub.cpp.obj
[570/1172] Building CXX object CMakeFiles/batch53_release_blockers.dir/C_/Dev/OpenU5-Native/native/targets/tdeck/main/dungeon_art_cache.cpp.obj
[571/1172] Building CXX object CMakeFiles/batch53_release_blockers.dir/C_/Dev/OpenU5-Native/native/targets/tdeck/main/alpha_dialogue.cpp.obj
[572/1172] Building CXX object CMakeFiles/batch53_release_blockers.dir/C_/Dev/OpenU5-Native/native/targets/tdeck/main/native_renderer.cpp.obj
[573/1172] Building CXX object CMakeFiles/batch53_release_blockers.dir/C_/Dev/OpenU5-Native/native/targets/tdeck/main/alpha_resources.cpp.obj
[574/1172] Building CXX object CMakeFiles/batch53a_ending_terminal.dir/C_/Dev/OpenU5-Native/native/targets/tdeck/host_tests/alpha_runtime_host_fixture.cpp.obj
[575/1172] Building CXX object CMakeFiles/batch53a_ending_terminal.dir/C_/Dev/OpenU5-Native/native/targets/tdeck/main/alpha_save_generation.cpp.obj
[576/1172] Building CXX object CMakeFiles/batch53a_ending_terminal.dir/C_/Dev/OpenU5-Native/native/targets/tdeck/host_tests/host_stubs/alpha_save_memory_host_stub.cpp.obj
[577/1172] Building CXX object CMakeFiles/batch53a_ending_terminal.dir/C_/Dev/OpenU5-Native/native/targets/tdeck/host_tests/host_stubs/device_smoke_tests_host_stub.cpp.obj
[578/1172] Building CXX object CMakeFiles/batch53b_moongate_return.dir/C_/Dev/OpenU5-Native/native/targets/tdeck/main/input_controller.cpp.obj
[579/1172] Building CXX object CMakeFiles/batch53b_moongate_return.dir/C_/Dev/OpenU5-Native/native/targets/tdeck/main/ui_input_adapter.cpp.obj
[580/1172] Building CXX object CMakeFiles/batch53b_moongate_return.dir/C_/Dev/OpenU5-Native/native/targets/tdeck/main/keyboard_matrix.cpp.obj
[581/1172] Building CXX object CMakeFiles/batch53a_ending_terminal.dir/C_/Dev/OpenU5-Native/native/targets/tdeck/main/asset_pack.cpp.obj
[582/1172] Building CXX object CMakeFiles/batch53b_moongate_return.dir/C_/Dev/OpenU5-Native/native/targets/tdeck/host_tests/host_stubs/tdeck_board_host_stub.cpp.obj
[583/1172] Building CXX object CMakeFiles/batch53b_moongate_return.dir/C_/Dev/OpenU5-Native/native/targets/tdeck/host_tests/host_stubs/alpha_save_memory_host_stub.cpp.obj
[584/1172] Building CXX object CMakeFiles/batch53a_ending_terminal.dir/C_/Dev/OpenU5-Native/native/targets/tdeck/main/alpha_resources.cpp.obj
[585/1172] Building CXX object CMakeFiles/batch53a_ending_terminal.dir/C_/Dev/OpenU5-Native/native/targets/tdeck/main/alpha_dialogue.cpp.obj
[586/1172] Building CXX object CMakeFiles/batch53a_ending_terminal.dir/C_/Dev/OpenU5-Native/native/targets/tdeck/main/dungeon_art_cache.cpp.obj
[587/1172] Building CXX object CMakeFiles/batch53a_ending_terminal.dir/C_/Dev/OpenU5-Native/native/targets/tdeck/main/native_renderer.cpp.obj
[588/1172] Building CXX object CMakeFiles/batch53b_moongate_return.dir/C_/Dev/OpenU5-Native/native/targets/tdeck/main/alpha_save_generation.cpp.obj
[589/1172] Building CXX object CMakeFiles/batch53b_moongate_return.dir/C_/Dev/OpenU5-Native/native/targets/tdeck/host_tests/alpha_runtime_host_fixture.cpp.obj
[590/1172] Building CXX object CMakeFiles/batch53b_moongate_return.dir/C_/Dev/OpenU5-Native/native/targets/tdeck/host_tests/host_stubs/device_smoke_tests_host_stub.cpp.obj
[591/1172] Building CXX object CMakeFiles/batch43_sleep_scene.dir/C_/Dev/OpenU5-Native/native/targets/tdeck/main/alpha_runtime.cpp.obj
[592/1172] Building CXX object CMakeFiles/batch53a_ending_terminal.dir/C_/Dev/OpenU5-Native/native/targets/tdeck/host_tests/batch53a_ending_terminal_test.cpp.obj
[593/1172] Building CXX object CMakeFiles/a3_01_audio_runtime.dir/C_/Dev/OpenU5-Native/native/targets/tdeck/host_tests/host_stubs/tdeck_input_host_stub.cpp.obj
[594/1172] Building CXX object CMakeFiles/batch53b_moongate_return.dir/C_/Dev/OpenU5-Native/native/targets/tdeck/main/asset_pack.cpp.obj
[595/1172] Building CXX object CMakeFiles/a3_01_audio_runtime.dir/C_/Dev/OpenU5-Native/native/targets/tdeck/main/ui_input_adapter.cpp.obj
[596/1172] Building CXX object CMakeFiles/batch53b_moongate_return.dir/C_/Dev/OpenU5-Native/native/targets/tdeck/main/dungeon_art_cache.cpp.obj
[597/1172] Building CXX object CMakeFiles/a3_01_audio_runtime.dir/C_/Dev/OpenU5-Native/native/targets/tdeck/main/input_controller.cpp.obj
[598/1172] Building CXX object CMakeFiles/batch53b_moongate_return.dir/C_/Dev/OpenU5-Native/native/targets/tdeck/main/alpha_dialogue.cpp.obj
[599/1172] Building CXX object CMakeFiles/batch53b_moongate_return.dir/C_/Dev/OpenU5-Native/native/targets/tdeck/main/native_renderer.cpp.obj
[600/1172] Building CXX object CMakeFiles/batch46_camp_invisibility.dir/C_/Dev/OpenU5-Native/native/targets/tdeck/main/alpha_runtime.cpp.obj
[601/1172] Building CXX object CMakeFiles/batch53b_moongate_return.dir/C_/Dev/OpenU5-Native/native/targets/tdeck/main/alpha_resources.cpp.obj
[602/1172] Building CXX object CMakeFiles/a3_01_audio_runtime.dir/C_/Dev/OpenU5-Native/native/targets/tdeck/main/keyboard_matrix.cpp.obj
[603/1172] Building CXX object CMakeFiles/batch53b_moongate_return.dir/C_/Dev/OpenU5-Native/native/targets/tdeck/host_tests/batch53b_moongate_return_test.cpp.obj
[604/1172] Building CXX object CMakeFiles/a3_01_audio_runtime.dir/C_/Dev/OpenU5-Native/native/targets/tdeck/main/alpha_audio.cpp.obj
[605/1172] Building CXX object CMakeFiles/batch44_camp_ring_entry.dir/C_/Dev/OpenU5-Native/native/targets/tdeck/main/alpha_runtime.cpp.obj
[606/1172] Building CXX object CMakeFiles/a3_02_sfx_runtime.dir/C_/Dev/OpenU5-Native/native/targets/tdeck/host_tests/host_stubs/tdeck_input_host_stub.cpp.obj
[607/1172] Building CXX object CMakeFiles/a3_01_audio_runtime.dir/C_/Dev/OpenU5-Native/native/targets/tdeck/host_tests/alpha_runtime_host_fixture.cpp.obj
[608/1172] Building CXX object CMakeFiles/a3_01_audio_runtime.dir/C_/Dev/OpenU5-Native/native/targets/tdeck/main/alpha_save_generation.cpp.obj
[609/1172] Building CXX object CMakeFiles/batch53_release_blockers.dir/C_/Dev/OpenU5-Native/native/targets/tdeck/host_tests/batch53_release_blockers_test.cpp.obj
[610/1172] Building CXX object CMakeFiles/a3_01_audio_runtime.dir/C_/Dev/OpenU5-Native/native/targets/tdeck/host_tests/host_stubs/alpha_save_memory_host_stub.cpp.obj
[611/1172] Building CXX object CMakeFiles/a3_01_audio_runtime.dir/C_/Dev/OpenU5-Native/native/targets/tdeck/host_tests/host_stubs/device_smoke_tests_host_stub.cpp.obj
[612/1172] Building CXX object CMakeFiles/a3_01_audio_runtime.dir/C_/Dev/OpenU5-Native/native/targets/tdeck/main/asset_pack.cpp.obj
[613/1172] Building CXX object CMakeFiles/a3_02_sfx_runtime.dir/C_/Dev/OpenU5-Native/native/targets/tdeck/main/input_controller.cpp.obj
[614/1172] Building CXX object CMakeFiles/a3_01_audio_runtime.dir/C_/Dev/OpenU5-Native/native/targets/tdeck/host_tests/host_stubs/batch37_board_capture_stub.cpp.obj
[615/1172] Building CXX object CMakeFiles/a3_02_sfx_runtime.dir/C_/Dev/OpenU5-Native/native/targets/tdeck/main/ui_input_adapter.cpp.obj
[616/1172] Building CXX object CMakeFiles/batch38_camp_duration.dir/C_/Dev/OpenU5-Native/native/targets/tdeck/main/alpha_runtime.cpp.obj
[617/1172] Building CXX object CMakeFiles/a3_02_sfx_runtime.dir/C_/Dev/OpenU5-Native/native/targets/tdeck/main/keyboard_matrix.cpp.obj
[618/1172] Building CXX object CMakeFiles/a3_01_audio_runtime.dir/C_/Dev/OpenU5-Native/native/targets/tdeck/main/alpha_resources.cpp.obj
[619/1172] Building CXX object CMakeFiles/a3_02_sfx_runtime.dir/C_/Dev/OpenU5-Native/native/targets/tdeck/main/alpha_audio.cpp.obj
[620/1172] Building CXX object CMakeFiles/a3_01_audio_runtime.dir/C_/Dev/OpenU5-Native/native/targets/tdeck/main/dungeon_art_cache.cpp.obj
[621/1172] Building CXX object CMakeFiles/a3_01_audio_runtime.dir/C_/Dev/OpenU5-Native/native/targets/tdeck/main/native_renderer.cpp.obj
[622/1172] Building CXX object CMakeFiles/a3_02_sfx_runtime.dir/C_/Dev/OpenU5-Native/native/targets/tdeck/host_tests/alpha_runtime_host_fixture.cpp.obj
[623/1172] Building CXX object CMakeFiles/a3_02_sfx_runtime.dir/C_/Dev/OpenU5-Native/native/targets/tdeck/main/alpha_save_generation.cpp.obj
[624/1172] Building CXX object CMakeFiles/a3_02_sfx_runtime.dir/C_/Dev/OpenU5-Native/native/targets/tdeck/host_tests/host_stubs/alpha_save_memory_host_stub.cpp.obj
[625/1172] Building CXX object CMakeFiles/a3_01_audio_runtime.dir/C_/Dev/OpenU5-Native/native/targets/tdeck/main/alpha_dialogue.cpp.obj
[626/1172] Building CXX object CMakeFiles/a3_03_sfx_runtime.dir/C_/Dev/OpenU5-Native/native/targets/tdeck/host_tests/host_stubs/tdeck_input_host_stub.cpp.obj
[627/1172] Building CXX object CMakeFiles/a3_02_sfx_runtime.dir/C_/Dev/OpenU5-Native/native/targets/tdeck/host_tests/host_stubs/batch37_board_capture_stub.cpp.obj
[628/1172] Building CXX object CMakeFiles/a3_02_sfx_runtime.dir/C_/Dev/OpenU5-Native/native/targets/tdeck/host_tests/host_stubs/device_smoke_tests_host_stub.cpp.obj
[629/1172] Building CXX object CMakeFiles/a3_03_sfx_runtime.dir/C_/Dev/OpenU5-Native/native/targets/tdeck/main/ui_input_adapter.cpp.obj
[630/1172] Building CXX object CMakeFiles/a3_03_sfx_runtime.dir/C_/Dev/OpenU5-Native/native/targets/tdeck/main/input_controller.cpp.obj
[631/1172] Building CXX object CMakeFiles/batch51_camp_pacing.dir/C_/Dev/OpenU5-Native/native/targets/tdeck/main/alpha_runtime.cpp.obj
[632/1172] Building CXX object CMakeFiles/a3_02_sfx_runtime.dir/C_/Dev/OpenU5-Native/native/targets/tdeck/main/asset_pack.cpp.obj
[633/1172] Building CXX object CMakeFiles/a3_04_music_synth.dir/tests/a3_04_music_synth_test.cpp.obj
[634/1172] Building CXX object CMakeFiles/a3_03_sfx_runtime.dir/C_/Dev/OpenU5-Native/native/targets/tdeck/main/alpha_audio.cpp.obj
[635/1172] Building CXX object CMakeFiles/a3_02_sfx_runtime.dir/C_/Dev/OpenU5-Native/native/targets/tdeck/main/dungeon_art_cache.cpp.obj
[636/1172] Building CXX object CMakeFiles/a3_03_sfx_runtime.dir/C_/Dev/OpenU5-Native/native/targets/tdeck/main/keyboard_matrix.cpp.obj
[637/1172] Building CXX object CMakeFiles/a3_02_sfx_runtime.dir/C_/Dev/OpenU5-Native/native/targets/tdeck/main/native_renderer.cpp.obj
[638/1172] Building CXX object CMakeFiles/a3_02_sfx_runtime.dir/C_/Dev/OpenU5-Native/native/targets/tdeck/main/alpha_resources.cpp.obj
[639/1172] Building CXX object CMakeFiles/a3_02_sfx_synth.dir/tests/a3_02_sfx_synth_test.cpp.obj
[640/1172] Building CXX object CMakeFiles/a3_02_sfx_runtime.dir/C_/Dev/OpenU5-Native/native/targets/tdeck/main/alpha_dialogue.cpp.obj
[641/1172] Building CXX object CMakeFiles/a3_03_sfx_runtime.dir/C_/Dev/OpenU5-Native/native/targets/tdeck/host_tests/alpha_runtime_host_fixture.cpp.obj
[642/1172] Building CXX object CMakeFiles/a3_04_music_runtime.dir/C_/Dev/OpenU5-Native/native/targets/tdeck/host_tests/host_stubs/tdeck_input_host_stub.cpp.obj
[643/1172] Building CXX object CMakeFiles/a3_03_sfx_runtime.dir/C_/Dev/OpenU5-Native/native/targets/tdeck/host_tests/host_stubs/alpha_save_memory_host_stub.cpp.obj
[644/1172] Building CXX object CMakeFiles/a3_03_sfx_runtime.dir/C_/Dev/OpenU5-Native/native/targets/tdeck/main/alpha_save_generation.cpp.obj
[645/1172] Building CXX object CMakeFiles/a3_03_sfx_runtime.dir/C_/Dev/OpenU5-Native/native/targets/tdeck/host_tests/host_stubs/device_smoke_tests_host_stub.cpp.obj
[646/1172] Building CXX object CMakeFiles/batch53_release_blockers.dir/C_/Dev/OpenU5-Native/native/targets/tdeck/main/alpha_runtime.cpp.obj
[647/1172] Building CXX object CMakeFiles/a3_04_music_runtime.dir/C_/Dev/OpenU5-Native/native/targets/tdeck/main/input_controller.cpp.obj
[648/1172] Building CXX object CMakeFiles/a3_01_audio_runtime.dir/C_/Dev/OpenU5-Native/native/targets/tdeck/host_tests/a3_01_audio_runtime_test.cpp.obj
[649/1172] Building CXX object CMakeFiles/a3_03_sfx_runtime.dir/C_/Dev/OpenU5-Native/native/targets/tdeck/main/asset_pack.cpp.obj
[650/1172] Building CXX object CMakeFiles/a3_03_sfx_runtime.dir/C_/Dev/OpenU5-Native/native/targets/tdeck/host_tests/host_stubs/batch37_board_capture_stub.cpp.obj
[651/1172] Building CXX object CMakeFiles/a3_04_music_runtime.dir/C_/Dev/OpenU5-Native/native/targets/tdeck/main/ui_input_adapter.cpp.obj
[652/1172] Building CXX object CMakeFiles/a3_04_music_runtime.dir/C_/Dev/OpenU5-Native/native/targets/tdeck/main/keyboard_matrix.cpp.obj
[653/1172] Building CXX object CMakeFiles/a3_04_music_runtime.dir/C_/Dev/OpenU5-Native/native/targets/tdeck/main/alpha_audio.cpp.obj
[654/1172] Building CXX object CMakeFiles/a3_03_sfx_runtime.dir/C_/Dev/OpenU5-Native/native/targets/tdeck/main/dungeon_art_cache.cpp.obj
[655/1172] Building CXX object CMakeFiles/a3_03_sfx_runtime.dir/C_/Dev/OpenU5-Native/native/targets/tdeck/main/alpha_resources.cpp.obj
[656/1172] Building CXX object CMakeFiles/a3_03_sfx_runtime.dir/C_/Dev/OpenU5-Native/native/targets/tdeck/main/native_renderer.cpp.obj
[657/1172] Building CXX object CMakeFiles/a3_04_music_runtime.dir/C_/Dev/OpenU5-Native/native/targets/tdeck/host_tests/alpha_runtime_host_fixture.cpp.obj
[658/1172] Building CXX object CMakeFiles/a3_03_sfx_runtime.dir/C_/Dev/OpenU5-Native/native/targets/tdeck/main/alpha_dialogue.cpp.obj
[659/1172] Building CXX object CMakeFiles/a3_04_music_runtime.dir/C_/Dev/OpenU5-Native/native/targets/tdeck/host_tests/host_stubs/alpha_save_memory_host_stub.cpp.obj
[660/1172] Building CXX object CMakeFiles/batch53a_ending_terminal.dir/C_/Dev/OpenU5-Native/native/targets/tdeck/main/alpha_runtime.cpp.obj
[661/1172] Building CXX object CMakeFiles/a3_04b_perf_runtime.dir/C_/Dev/OpenU5-Native/native/targets/tdeck/host_tests/host_stubs/tdeck_input_host_stub.cpp.obj
[662/1172] Building CXX object CMakeFiles/a3_04_music_runtime.dir/C_/Dev/OpenU5-Native/native/targets/tdeck/main/alpha_save_generation.cpp.obj
[663/1172] Building CXX object CMakeFiles/a3_04_music_runtime.dir/C_/Dev/OpenU5-Native/native/targets/tdeck/host_tests/host_stubs/device_smoke_tests_host_stub.cpp.obj
[664/1172] Building CXX object CMakeFiles/a3_04b_perf_runtime.dir/C_/Dev/OpenU5-Native/native/targets/tdeck/main/input_controller.cpp.obj
[665/1172] Building CXX object CMakeFiles/a3_04b_perf_runtime.dir/C_/Dev/OpenU5-Native/native/targets/tdeck/main/ui_input_adapter.cpp.obj
[666/1172] Building CXX object CMakeFiles/a3_04_music_runtime.dir/C_/Dev/OpenU5-Native/native/targets/tdeck/main/asset_pack.cpp.obj
[667/1172] Building CXX object CMakeFiles/a3_04_music_runtime.dir/C_/Dev/OpenU5-Native/native/targets/tdeck/host_tests/host_stubs/batch37_board_capture_stub.cpp.obj
[668/1172] Building CXX object CMakeFiles/a3_04b_perf_runtime.dir/C_/Dev/OpenU5-Native/native/targets/tdeck/main/keyboard_matrix.cpp.obj
[669/1172] Building CXX object CMakeFiles/a3_02_sfx_runtime.dir/C_/Dev/OpenU5-Native/native/targets/tdeck/host_tests/a3_02_sfx_runtime_test.cpp.obj
[670/1172] Building CXX object CMakeFiles/a3_04_music_runtime.dir/C_/Dev/OpenU5-Native/native/targets/tdeck/main/dungeon_art_cache.cpp.obj
[671/1172] Building CXX object CMakeFiles/a3_04b_perf_runtime.dir/C_/Dev/OpenU5-Native/native/targets/tdeck/main/alpha_audio.cpp.obj
[672/1172] Building CXX object CMakeFiles/a3_04_music_runtime.dir/C_/Dev/OpenU5-Native/native/targets/tdeck/main/alpha_dialogue.cpp.obj
[673/1172] Building CXX object CMakeFiles/a3_04b_perf_runtime.dir/C_/Dev/OpenU5-Native/native/targets/tdeck/host_tests/alpha_runtime_host_fixture.cpp.obj
[674/1172] Building CXX object CMakeFiles/a3_04_music_runtime.dir/C_/Dev/OpenU5-Native/native/targets/tdeck/main/native_renderer.cpp.obj
[675/1172] Building CXX object CMakeFiles/a3_04_music_runtime.dir/C_/Dev/OpenU5-Native/native/targets/tdeck/main/alpha_resources.cpp.obj
[676/1172] Building CXX object CMakeFiles/a3_04b_perf_runtime.dir/C_/Dev/OpenU5-Native/native/targets/tdeck/host_tests/host_stubs/alpha_save_memory_host_stub.cpp.obj
[677/1172] Building CXX object CMakeFiles/batch53b_moongate_return.dir/C_/Dev/OpenU5-Native/native/targets/tdeck/main/alpha_runtime.cpp.obj
[678/1172] Building CXX object CMakeFiles/a3_04b_perf_runtime.dir/C_/Dev/OpenU5-Native/native/targets/tdeck/main/alpha_save_generation.cpp.obj
[679/1172] Building CXX object CMakeFiles/a3_04c_contention_runtime.dir/C_/Dev/OpenU5-Native/native/targets/tdeck/host_tests/host_stubs/tdeck_input_host_stub.cpp.obj
[680/1172] Building CXX object CMakeFiles/a3_04b_perf_runtime.dir/C_/Dev/OpenU5-Native/native/targets/tdeck/host_tests/host_stubs/device_smoke_tests_host_stub.cpp.obj
[681/1172] Building CXX object CMakeFiles/a3_04b_perf_runtime.dir/C_/Dev/OpenU5-Native/native/targets/tdeck/main/asset_pack.cpp.obj
[682/1172] Building CXX object CMakeFiles/a3_04c_contention_runtime.dir/C_/Dev/OpenU5-Native/native/targets/tdeck/main/input_controller.cpp.obj
[683/1172] Building CXX object CMakeFiles/a3_04b_perf_runtime.dir/C_/Dev/OpenU5-Native/native/targets/tdeck/host_tests/host_stubs/batch37_board_capture_stub.cpp.obj
[684/1172] Building CXX object CMakeFiles/a3_04_music_runtime.dir/C_/Dev/OpenU5-Native/native/targets/tdeck/host_tests/a3_04_music_runtime_test.cpp.obj
[685/1172] Building CXX object CMakeFiles/a3_04b_perf_runtime.dir/C_/Dev/OpenU5-Native/native/targets/tdeck/main/dungeon_art_cache.cpp.obj
[686/1172] Building CXX object CMakeFiles/a3_04c_contention_runtime.dir/C_/Dev/OpenU5-Native/native/targets/tdeck/main/ui_input_adapter.cpp.obj
[687/1172] Building CXX object CMakeFiles/a3_04c_contention_runtime.dir/C_/Dev/OpenU5-Native/native/targets/tdeck/main/keyboard_matrix.cpp.obj
[688/1172] Building CXX object CMakeFiles/a3_01_audio_runtime.dir/C_/Dev/OpenU5-Native/native/targets/tdeck/main/alpha_runtime.cpp.obj
[689/1172] Building CXX object CMakeFiles/a3_04b_perf_runtime.dir/C_/Dev/OpenU5-Native/native/targets/tdeck/main/alpha_dialogue.cpp.obj
[690/1172] Building CXX object CMakeFiles/a3_04b_perf_runtime.dir/C_/Dev/OpenU5-Native/native/targets/tdeck/main/native_renderer.cpp.obj
[691/1172] Building CXX object CMakeFiles/a3_04c_contention_runtime.dir/C_/Dev/OpenU5-Native/native/targets/tdeck/main/alpha_audio.cpp.obj
[692/1172] Building CXX object CMakeFiles/a3_04b_perf_runtime.dir/C_/Dev/OpenU5-Native/native/targets/tdeck/main/alpha_resources.cpp.obj
[693/1172] Building CXX object CMakeFiles/a3_04d_sd_log_runtime.dir/C_/Dev/OpenU5-Native/native/targets/tdeck/host_tests/host_stubs/tdeck_input_host_stub.cpp.obj
[694/1172] Building CXX object CMakeFiles/a3_04c_contention_runtime.dir/C_/Dev/OpenU5-Native/native/targets/tdeck/host_tests/alpha_runtime_host_fixture.cpp.obj
[695/1172] Building CXX object CMakeFiles/a3_04c_contention_runtime.dir/C_/Dev/OpenU5-Native/native/targets/tdeck/host_tests/host_stubs/alpha_save_memory_host_stub.cpp.obj
[696/1172] Building CXX object CMakeFiles/a3_04c_contention_runtime.dir/C_/Dev/OpenU5-Native/native/targets/tdeck/host_tests/host_stubs/device_smoke_tests_host_stub.cpp.obj
[697/1172] Building CXX object CMakeFiles/a3_04c_contention_runtime.dir/C_/Dev/OpenU5-Native/native/targets/tdeck/host_tests/host_stubs/batch37_board_capture_stub.cpp.obj
[698/1172] Building CXX object CMakeFiles/a3_04c_contention_runtime.dir/C_/Dev/OpenU5-Native/native/targets/tdeck/main/asset_pack.cpp.obj
[699/1172] Building CXX object CMakeFiles/a3_04d_sd_log_runtime.dir/C_/Dev/OpenU5-Native/native/targets/tdeck/main/ui_input_adapter.cpp.obj
[700/1172] Building CXX object CMakeFiles/a3_04c_contention_runtime.dir/C_/Dev/OpenU5-Native/native/targets/tdeck/main/alpha_save_generation.cpp.obj
[701/1172] Building CXX object CMakeFiles/a3_04d_sd_log_runtime.dir/C_/Dev/OpenU5-Native/native/targets/tdeck/main/input_controller.cpp.obj
[702/1172] Building CXX object CMakeFiles/a3_04b_perf_runtime.dir/C_/Dev/OpenU5-Native/native/targets/tdeck/host_tests/a3_04b_perf_runtime_test.cpp.obj
[703/1172] Building CXX object CMakeFiles/a3_04c_contention_runtime.dir/C_/Dev/OpenU5-Native/native/targets/tdeck/main/dungeon_art_cache.cpp.obj
[704/1172] Building CXX object CMakeFiles/a3_04c_contention_runtime.dir/C_/Dev/OpenU5-Native/native/targets/tdeck/main/native_renderer.cpp.obj
[705/1172] Building CXX object CMakeFiles/a3_04c_contention_runtime.dir/C_/Dev/OpenU5-Native/native/targets/tdeck/main/alpha_resources.cpp.obj
[706/1172] Building CXX object CMakeFiles/a3_04d_sd_log_runtime.dir/C_/Dev/OpenU5-Native/native/targets/tdeck/main/alpha_audio.cpp.obj
[707/1172] Building CXX object CMakeFiles/a3_04d_sd_log_runtime.dir/C_/Dev/OpenU5-Native/native/targets/tdeck/main/keyboard_matrix.cpp.obj
[708/1172] Building CXX object CMakeFiles/a3_02_sfx_runtime.dir/C_/Dev/OpenU5-Native/native/targets/tdeck/main/alpha_runtime.cpp.obj
[709/1172] Building CXX object CMakeFiles/a3_04c_contention_runtime.dir/C_/Dev/OpenU5-Native/native/targets/tdeck/main/alpha_dialogue.cpp.obj
[710/1172] Building CXX object CMakeFiles/a3_04d_sd_log_runtime.dir/C_/Dev/OpenU5-Native/native/targets/tdeck/host_tests/alpha_runtime_host_fixture.cpp.obj
[711/1172] Building CXX object CMakeFiles/a3_04d_sd_log_runtime.dir/C_/Dev/OpenU5-Native/native/targets/tdeck/main/alpha_save_generation.cpp.obj
[712/1172] Building CXX object CMakeFiles/a3_04d_sd_log_runtime.dir/C_/Dev/OpenU5-Native/native/targets/tdeck/host_tests/host_stubs/alpha_save_memory_host_stub.cpp.obj
[713/1172] Building CXX object CMakeFiles/a3_04e_pacing_runtime.dir/C_/Dev/OpenU5-Native/native/targets/tdeck/host_tests/host_stubs/tdeck_input_host_stub.cpp.obj
[714/1172] Building CXX object CMakeFiles/a3_04d_sd_log_runtime.dir/C_/Dev/OpenU5-Native/native/targets/tdeck/host_tests/host_stubs/batch37_board_capture_stub.cpp.obj
[715/1172] Building CXX object CMakeFiles/a3_04c_contention_runtime.dir/C_/Dev/OpenU5-Native/native/targets/tdeck/host_tests/a3_04c_contention_runtime_test.cpp.obj
[716/1172] Building CXX object CMakeFiles/a3_04d_sd_log_runtime.dir/C_/Dev/OpenU5-Native/native/targets/tdeck/host_tests/host_stubs/device_smoke_tests_host_stub.cpp.obj
[717/1172] Building CXX object CMakeFiles/a3_04d_sd_log_runtime.dir/C_/Dev/OpenU5-Native/native/targets/tdeck/main/asset_pack.cpp.obj
[718/1172] Building CXX object CMakeFiles/a3_04d_sd_log_runtime.dir/C_/Dev/OpenU5-Native/native/targets/tdeck/main/dungeon_art_cache.cpp.obj
[719/1172] Building CXX object CMakeFiles/a3_04e_pacing_runtime.dir/C_/Dev/OpenU5-Native/native/targets/tdeck/main/input_controller.cpp.obj
[720/1172] Building CXX object CMakeFiles/a3_04e_pacing_runtime.dir/C_/Dev/OpenU5-Native/native/targets/tdeck/main/ui_input_adapter.cpp.obj
[721/1172] Building CXX object CMakeFiles/a3_03_sfx_runtime.dir/C_/Dev/OpenU5-Native/native/targets/tdeck/host_tests/a3_03_sfx_runtime_test.cpp.obj
[722/1172] Building CXX object CMakeFiles/a3_04d_sd_log_runtime.dir/C_/Dev/OpenU5-Native/native/targets/tdeck/main/native_renderer.cpp.obj
[723/1172] Building CXX object CMakeFiles/a3_04d_sd_log_runtime.dir/C_/Dev/OpenU5-Native/native/targets/tdeck/main/alpha_dialogue.cpp.obj
[724/1172] Building CXX object CMakeFiles/a3_03_sfx_runtime.dir/C_/Dev/OpenU5-Native/native/targets/tdeck/main/alpha_runtime.cpp.obj
[725/1172] Building CXX object CMakeFiles/a3_04d_sd_log_runtime.dir/C_/Dev/OpenU5-Native/native/targets/tdeck/main/alpha_resources.cpp.obj
[726/1172] Building CXX object CMakeFiles/a3_04e_pacing_runtime.dir/C_/Dev/OpenU5-Native/native/targets/tdeck/main/alpha_audio.cpp.obj
[727/1172] Building CXX object CMakeFiles/a3_04e_pacing_runtime.dir/C_/Dev/OpenU5-Native/native/targets/tdeck/main/idle_service.cpp.obj
[728/1172] Building CXX object CMakeFiles/a3_03_sfx_inventory.dir/tests/a3_03_sfx_inventory_test.cpp.obj
[729/1172] Building CXX object CMakeFiles/a3_04e_pacing_runtime.dir/C_/Dev/OpenU5-Native/native/targets/tdeck/main/keyboard_matrix.cpp.obj
[730/1172] Building CXX object CMakeFiles/a3_04e_pacing_runtime.dir/C_/Dev/OpenU5-Native/native/targets/tdeck/host_tests/alpha_runtime_host_fixture.cpp.obj
[731/1172] Building CXX object CMakeFiles/a3_04e_pacing_runtime.dir/C_/Dev/OpenU5-Native/native/targets/tdeck/host_tests/host_stubs/alpha_save_memory_host_stub.cpp.obj
[732/1172] Building CXX object CMakeFiles/a3_04e_pacing_runtime.dir/C_/Dev/OpenU5-Native/native/targets/tdeck/main/alpha_save_generation.cpp.obj
[733/1172] Building CXX object CMakeFiles/a3_04d_sd_log_runtime.dir/C_/Dev/OpenU5-Native/native/targets/tdeck/host_tests/a3_04d_sd_log_runtime_test.cpp.obj
[734/1172] Building CXX object CMakeFiles/a3_04e_pacing_runtime.dir/C_/Dev/OpenU5-Native/native/targets/tdeck/host_tests/board_shims/fake_tdeck_bus.cpp.obj
[735/1172] Building CXX object CMakeFiles/a3_hf1_arena_loot.dir/C_/Dev/OpenU5-Native/native/targets/tdeck/host_tests/host_stubs/tdeck_input_host_stub.cpp.obj
[736/1172] Building CXX object CMakeFiles/a3_hf1_arena_loot.dir/C_/Dev/OpenU5-Native/native/targets/tdeck/main/input_controller.cpp.obj
[737/1172] Building CXX object CMakeFiles/a3_04e_pacing_runtime.dir/C_/Dev/OpenU5-Native/native/targets/tdeck/host_tests/host_stubs/device_smoke_tests_host_stub.cpp.obj
[738/1172] Building CXX object CMakeFiles/a3_hf1_arena_loot.dir/C_/Dev/OpenU5-Native/native/targets/tdeck/main/ui_input_adapter.cpp.obj
[739/1172] Building CXX object CMakeFiles/a3_hf1_arena_loot.dir/C_/Dev/OpenU5-Native/native/targets/tdeck/main/keyboard_matrix.cpp.obj
[740/1172] Building CXX object CMakeFiles/a3_04b_perf.dir/tests/a3_04b_perf_test.cpp.obj
[741/1172] Building CXX object CMakeFiles/a3_04_music_runtime.dir/C_/Dev/OpenU5-Native/native/targets/tdeck/main/alpha_runtime.cpp.obj
[742/1172] Building CXX object CMakeFiles/a3_04e_pacing_runtime.dir/C_/Dev/OpenU5-Native/native/targets/tdeck/main/asset_pack.cpp.obj
[743/1172] Building CXX object CMakeFiles/a3_hf1_arena_loot.dir/C_/Dev/OpenU5-Native/native/targets/tdeck/main/alpha_audio.cpp.obj
[744/1172] Building CXX object CMakeFiles/a3_04e_pacing_runtime.dir/C_/Dev/OpenU5-Native/native/targets/tdeck/main/native_renderer.cpp.obj
[745/1172] Building CXX object CMakeFiles/a3_hf1_arena_loot.dir/C_/Dev/OpenU5-Native/native/targets/tdeck/host_tests/alpha_runtime_host_fixture.cpp.obj
[746/1172] Building CXX object CMakeFiles/a3_04e_pacing_runtime.dir/C_/Dev/OpenU5-Native/native/targets/tdeck/main/alpha_dialogue.cpp.obj
[747/1172] Building CXX object CMakeFiles/a3_04e_pacing_runtime.dir/C_/Dev/OpenU5-Native/native/targets/tdeck/main/dungeon_art_cache.cpp.obj
[748/1172] Building CXX object CMakeFiles/a3_hf1_arena_loot.dir/C_/Dev/OpenU5-Native/native/targets/tdeck/host_tests/host_stubs/alpha_save_memory_host_stub.cpp.obj
[749/1172] Building CXX object CMakeFiles/a3_04e_pacing_runtime.dir/C_/Dev/OpenU5-Native/native/targets/tdeck/main/alpha_resources.cpp.obj
[750/1172] Building CXX object CMakeFiles/a3_hf1_arena_loot.dir/C_/Dev/OpenU5-Native/native/targets/tdeck/main/alpha_save_generation.cpp.obj
[751/1172] Building CXX object CMakeFiles/a3_hf1_arena_loot.dir/C_/Dev/OpenU5-Native/native/targets/tdeck/host_tests/host_stubs/device_smoke_tests_host_stub.cpp.obj
[752/1172] Building CXX object CMakeFiles/a3_hf2_ambient_parity.dir/C_/Dev/OpenU5-Native/native/targets/tdeck/host_tests/host_stubs/tdeck_input_host_stub.cpp.obj
[753/1172] Building CXX object CMakeFiles/a3_hf1_arena_loot.dir/C_/Dev/OpenU5-Native/native/targets/tdeck/host_tests/host_stubs/batch37_board_capture_stub.cpp.obj
[754/1172] Building CXX object CMakeFiles/a3_04b_perf_runtime.dir/C_/Dev/OpenU5-Native/native/targets/tdeck/main/alpha_runtime.cpp.obj
[755/1172] Building CXX object CMakeFiles/a3_hf1_arena_loot.dir/C_/Dev/OpenU5-Native/native/targets/tdeck/main/asset_pack.cpp.obj
[756/1172] Building CXX object CMakeFiles/a3_01_audio_contract.dir/tests/a3_01_audio_contract_test.cpp.obj
[757/1172] Building CXX object CMakeFiles/a3_hf2_ambient_parity.dir/C_/Dev/OpenU5-Native/native/targets/tdeck/main/input_controller.cpp.obj
[758/1172] Building CXX object CMakeFiles/a3_hf2_ambient_parity.dir/C_/Dev/OpenU5-Native/native/targets/tdeck/main/ui_input_adapter.cpp.obj
[759/1172] Building CXX object CMakeFiles/a3_hf1_arena_loot.dir/C_/Dev/OpenU5-Native/native/targets/tdeck/main/dungeon_art_cache.cpp.obj
[760/1172] Building CXX object CMakeFiles/a3_hf1_arena_loot.dir/C_/Dev/OpenU5-Native/native/targets/tdeck/main/native_renderer.cpp.obj
[761/1172] Building CXX object CMakeFiles/a3_hf2_ambient_parity.dir/C_/Dev/OpenU5-Native/native/targets/tdeck/main/keyboard_matrix.cpp.obj
[762/1172] Building CXX object CMakeFiles/a3_hf2_ambient_parity.dir/C_/Dev/OpenU5-Native/native/targets/tdeck/host_tests/alpha_runtime_host_fixture.cpp.obj
[763/1172] Building CXX object CMakeFiles/a3_hf1_arena_loot.dir/C_/Dev/OpenU5-Native/native/targets/tdeck/main/alpha_resources.cpp.obj
[764/1172] Building CXX object CMakeFiles/a3_hf1_arena_loot.dir/C_/Dev/OpenU5-Native/native/targets/tdeck/main/alpha_dialogue.cpp.obj
[765/1172] Building CXX object CMakeFiles/a3_hf2_ambient_parity.dir/C_/Dev/OpenU5-Native/native/targets/tdeck/main/alpha_audio.cpp.obj
[766/1172] Building CXX object CMakeFiles/a3_04a_audio_stream.dir/tests/a3_04a_audio_stream_test.cpp.obj
[767/1172] Building CXX object CMakeFiles/a3_hf2_ambient_parity.dir/C_/Dev/OpenU5-Native/native/targets/tdeck/main/idle_service.cpp.obj
[768/1172] Building CXX object CMakeFiles/a3_hf2_1_dispatch_log.dir/C_/Dev/OpenU5-Native/native/targets/tdeck/host_tests/host_stubs/tdeck_input_host_stub.cpp.obj
[769/1172] Building CXX object CMakeFiles/a3_hf2_ambient_parity.dir/C_/Dev/OpenU5-Native/native/targets/tdeck/host_tests/board_shims/fake_tdeck_bus.cpp.obj
[770/1172] Building CXX object CMakeFiles/a3_hf2_ambient_parity.dir/C_/Dev/OpenU5-Native/native/targets/tdeck/host_tests/host_stubs/alpha_save_memory_host_stub.cpp.obj
[771/1172] Building CXX object CMakeFiles/a3_hf2_ambient_parity.dir/C_/Dev/OpenU5-Native/native/targets/tdeck/main/alpha_save_generation.cpp.obj
[772/1172] Building CXX object CMakeFiles/a3_hf2_ambient_parity.dir/C_/Dev/OpenU5-Native/native/targets/tdeck/host_tests/host_stubs/device_smoke_tests_host_stub.cpp.obj
[773/1172] Building CXX object CMakeFiles/a3_hf2_ambient_parity.dir/C_/Dev/OpenU5-Native/native/targets/tdeck/main/asset_pack.cpp.obj
[774/1172] Building CXX object CMakeFiles/a3_hf2_1_dispatch_log.dir/C_/Dev/OpenU5-Native/native/targets/tdeck/main/ui_input_adapter.cpp.obj
[775/1172] Building CXX object CMakeFiles/a3_04c_contention_runtime.dir/C_/Dev/OpenU5-Native/native/targets/tdeck/main/alpha_runtime.cpp.obj
[776/1172] Building CXX object CMakeFiles/a3_hf2_1_dispatch_log.dir/C_/Dev/OpenU5-Native/native/targets/tdeck/main/input_controller.cpp.obj
[777/1172] Building CXX object CMakeFiles/a3_04e_pacing_runtime.dir/C_/Dev/OpenU5-Native/native/targets/tdeck/main/tdeck_board.cpp.obj
[778/1172] Building CXX object CMakeFiles/a3_hf2_ambient_parity.dir/C_/Dev/OpenU5-Native/native/targets/tdeck/main/alpha_dialogue.cpp.obj
[779/1172] Building CXX object CMakeFiles/a3_hf2_1_dispatch_log.dir/C_/Dev/OpenU5-Native/native/targets/tdeck/main/keyboard_matrix.cpp.obj
[780/1172] Building CXX object CMakeFiles/a3_hf2_ambient_parity.dir/C_/Dev/OpenU5-Native/native/targets/tdeck/main/dungeon_art_cache.cpp.obj
[781/1172] Building CXX object CMakeFiles/a3_hf2_ambient_parity.dir/C_/Dev/OpenU5-Native/native/targets/tdeck/main/native_renderer.cpp.obj
[782/1172] Building CXX object CMakeFiles/a3_04e_pacing_runtime.dir/C_/Dev/OpenU5-Native/native/targets/tdeck/host_tests/a3_04e_pacing_runtime_test.cpp.obj
[783/1172] Building CXX object CMakeFiles/a3_hf2_1_dispatch_log.dir/C_/Dev/OpenU5-Native/native/targets/tdeck/main/alpha_audio.cpp.obj
[784/1172] Building CXX object CMakeFiles/a3_hf2_ambient_parity.dir/C_/Dev/OpenU5-Native/native/targets/tdeck/main/alpha_resources.cpp.obj
[785/1172] Building CXX object CMakeFiles/a3_hf2_1_dispatch_log.dir/C_/Dev/OpenU5-Native/native/targets/tdeck/host_tests/host_stubs/alpha_save_memory_host_stub.cpp.obj
[786/1172] Building CXX object CMakeFiles/a3_hf2_1_dispatch_log.dir/C_/Dev/OpenU5-Native/native/targets/tdeck/host_tests/alpha_runtime_host_fixture.cpp.obj
[787/1172] Building CXX object CMakeFiles/a3_hf2_1_dispatch_log.dir/C_/Dev/OpenU5-Native/native/targets/tdeck/main/alpha_save_generation.cpp.obj
[788/1172] Building CXX object CMakeFiles/a3_04f_render_runtime.dir/C_/Dev/OpenU5-Native/native/targets/tdeck/host_tests/host_stubs/tdeck_input_host_stub.cpp.obj
[789/1172] Building CXX object CMakeFiles/a3_hf2_1_dispatch_log.dir/C_/Dev/OpenU5-Native/native/targets/tdeck/host_tests/host_stubs/device_smoke_tests_host_stub.cpp.obj
[790/1172] Building CXX object CMakeFiles/a3_04f_render_runtime.dir/C_/Dev/OpenU5-Native/native/targets/tdeck/main/input_controller.cpp.obj
[791/1172] Building CXX object CMakeFiles/a3_04f_render_runtime.dir/C_/Dev/OpenU5-Native/native/targets/tdeck/main/ui_input_adapter.cpp.obj
[792/1172] Building CXX object CMakeFiles/a3_04d_sd_log_runtime.dir/C_/Dev/OpenU5-Native/native/targets/tdeck/main/alpha_runtime.cpp.obj
[793/1172] Building CXX object CMakeFiles/a3_hf2_1_dispatch_log.dir/C_/Dev/OpenU5-Native/native/targets/tdeck/main/asset_pack.cpp.obj
[794/1172] Building CXX object CMakeFiles/a3_hf2_1_dispatch_log.dir/C_/Dev/OpenU5-Native/native/targets/tdeck/host_tests/host_stubs/batch37_board_capture_stub.cpp.obj
[795/1172] Building CXX object CMakeFiles/a3_hf1_arena_loot.dir/C_/Dev/OpenU5-Native/native/targets/tdeck/host_tests/a3_hf1_arena_loot_test.cpp.obj
[796/1172] Building CXX object CMakeFiles/a3_04f_render_runtime.dir/C_/Dev/OpenU5-Native/native/targets/tdeck/main/keyboard_matrix.cpp.obj
[797/1172] Building CXX object CMakeFiles/a3_04f_render_runtime.dir/C_/Dev/OpenU5-Native/native/targets/tdeck/main/alpha_audio.cpp.obj
[798/1172] Building CXX object CMakeFiles/a3_hf2_1_dispatch_log.dir/C_/Dev/OpenU5-Native/native/targets/tdeck/main/alpha_resources.cpp.obj
[799/1172] Building CXX object CMakeFiles/a3_hf2_1_dispatch_log.dir/C_/Dev/OpenU5-Native/native/targets/tdeck/main/alpha_dialogue.cpp.obj
[800/1172] Building CXX object CMakeFiles/a3_hf2_1_dispatch_log.dir/C_/Dev/OpenU5-Native/native/targets/tdeck/main/dungeon_art_cache.cpp.obj
[801/1172] Building CXX object CMakeFiles/a3_hf2_1_dispatch_log.dir/C_/Dev/OpenU5-Native/native/targets/tdeck/main/native_renderer.cpp.obj
[802/1172] Building CXX object CMakeFiles/a3_hf2_ambient_parity.dir/C_/Dev/OpenU5-Native/native/targets/tdeck/host_tests/a3_hf2_ambient_parity_test.cpp.obj
[803/1172] Building CXX object CMakeFiles/a3_04f_render_runtime.dir/C_/Dev/OpenU5-Native/native/targets/tdeck/host_tests/host_stubs/alpha_save_memory_host_stub.cpp.obj
[804/1172] Building CXX object CMakeFiles/a3_04d_sd_log.dir/tests/a3_04d_sd_log_test.cpp.obj
[805/1172] Building CXX object CMakeFiles/a3_04f_render_runtime.dir/C_/Dev/OpenU5-Native/native/targets/tdeck/main/idle_service.cpp.obj
[806/1172] Building CXX object CMakeFiles/a3_04f_render_runtime.dir/C_/Dev/OpenU5-Native/native/targets/tdeck/host_tests/alpha_runtime_host_fixture.cpp.obj
[807/1172] Building CXX object CMakeFiles/a3_04f_render_runtime.dir/C_/Dev/OpenU5-Native/native/targets/tdeck/main/alpha_save_generation.cpp.obj
[808/1172] Building CXX object CMakeFiles/a3_04f_render_runtime.dir/C_/Dev/OpenU5-Native/native/targets/tdeck/host_tests/board_shims/fake_tdeck_bus.cpp.obj
[809/1172] Building CXX object CMakeFiles/a3_04c_contention.dir/tests/a3_04c_contention_test.cpp.obj
[810/1172] Building CXX object CMakeFiles/a3_04f_render_runtime.dir/C_/Dev/OpenU5-Native/native/targets/tdeck/host_tests/host_stubs/device_smoke_tests_host_stub.cpp.obj
[811/1172] Building CXX object CMakeFiles/a3_hf3_combat_hit_runtime.dir/C_/Dev/OpenU5-Native/native/targets/tdeck/host_tests/host_stubs/tdeck_input_host_stub.cpp.obj
[812/1172] Building CXX object CMakeFiles/a3_hf3_combat_hit_runtime.dir/C_/Dev/OpenU5-Native/native/targets/tdeck/main/input_controller.cpp.obj
[813/1172] Building CXX object CMakeFiles/a3_hf3_combat_hit_runtime.dir/C_/Dev/OpenU5-Native/native/targets/tdeck/main/ui_input_adapter.cpp.obj
[814/1172] Building CXX object CMakeFiles/a3_hf3_combat_hit_cue.dir/tests/a3_hf3_combat_hit_cue_test.cpp.obj
[815/1172] Building CXX object CMakeFiles/a3_04f_render_runtime.dir/C_/Dev/OpenU5-Native/native/targets/tdeck/main/asset_pack.cpp.obj
[816/1172] Building CXX object CMakeFiles/a3_hf3_combat_hit_runtime.dir/C_/Dev/OpenU5-Native/native/targets/tdeck/main/keyboard_matrix.cpp.obj
[817/1172] Building CXX object CMakeFiles/a3_04f_render_runtime.dir/C_/Dev/OpenU5-Native/native/targets/tdeck/main/dungeon_art_cache.cpp.obj
[818/1172] Building CXX object CMakeFiles/a3_04f_render_runtime.dir/C_/Dev/OpenU5-Native/native/targets/tdeck/main/native_renderer.cpp.obj
[819/1172] Building CXX object CMakeFiles/a3_hf3_combat_hit_runtime.dir/C_/Dev/OpenU5-Native/native/targets/tdeck/main/alpha_audio.cpp.obj
[820/1172] Building CXX object CMakeFiles/a3_04f_render_runtime.dir/C_/Dev/OpenU5-Native/native/targets/tdeck/main/alpha_dialogue.cpp.obj
[821/1172] Building CXX object CMakeFiles/a3_hf2_1_dispatch_log.dir/C_/Dev/OpenU5-Native/native/targets/tdeck/host_tests/a3_hf2_1_dispatch_log_test.cpp.obj
[822/1172] Building CXX object CMakeFiles/a3_hf2_ambient_parity.dir/C_/Dev/OpenU5-Native/native/targets/tdeck/main/tdeck_board.cpp.obj
[823/1172] Building CXX object CMakeFiles/a3_04f_render_runtime.dir/C_/Dev/OpenU5-Native/native/targets/tdeck/main/alpha_resources.cpp.obj
[824/1172] Building CXX object CMakeFiles/a3_hf3_combat_hit_runtime.dir/C_/Dev/OpenU5-Native/native/targets/tdeck/host_tests/alpha_runtime_host_fixture.cpp.obj
[825/1172] Building CXX object CMakeFiles/a3_hf3_combat_hit_runtime.dir/C_/Dev/OpenU5-Native/native/targets/tdeck/main/alpha_save_generation.cpp.obj
[826/1172] Building CXX object CMakeFiles/a3_hf3_combat_hit_runtime.dir/C_/Dev/OpenU5-Native/native/targets/tdeck/main/idle_service.cpp.obj
[827/1172] Building CXX object CMakeFiles/a3_hf3_combat_hit_runtime.dir/C_/Dev/OpenU5-Native/native/targets/tdeck/host_tests/host_stubs/alpha_save_memory_host_stub.cpp.obj
[828/1172] Building CXX object CMakeFiles/a3_04e_pacing_runtime.dir/C_/Dev/OpenU5-Native/native/targets/tdeck/main/alpha_runtime.cpp.obj
[829/1172] Building CXX object CMakeFiles/a3_04g_storage_runtime.dir/C_/Dev/OpenU5-Native/native/targets/tdeck/host_tests/host_stubs/tdeck_input_host_stub.cpp.obj
[830/1172] Building CXX object CMakeFiles/a3_hf3_combat_hit_runtime.dir/C_/Dev/OpenU5-Native/native/targets/tdeck/host_tests/board_shims/fake_tdeck_bus.cpp.obj
[831/1172] Building CXX object CMakeFiles/a3_hf3_combat_hit_runtime.dir/C_/Dev/OpenU5-Native/native/targets/tdeck/host_tests/host_stubs/device_smoke_tests_host_stub.cpp.obj
[832/1172] Building CXX object CMakeFiles/a3_hf3_combat_hit_runtime.dir/C_/Dev/OpenU5-Native/native/targets/tdeck/main/asset_pack.cpp.obj
[833/1172] Building CXX object CMakeFiles/a3_04g_storage_runtime.dir/C_/Dev/OpenU5-Native/native/targets/tdeck/main/input_controller.cpp.obj
[834/1172] Building CXX object CMakeFiles/a3_04e_pacing.dir/tests/a3_04e_pacing_test.cpp.obj
[835/1172] Building CXX object CMakeFiles/a3_04g_storage_runtime.dir/C_/Dev/OpenU5-Native/native/targets/tdeck/main/ui_input_adapter.cpp.obj
[836/1172] Building CXX object CMakeFiles/a3_hf1_arena_loot.dir/C_/Dev/OpenU5-Native/native/targets/tdeck/main/alpha_runtime.cpp.obj
[837/1172] Building CXX object CMakeFiles/a3_04g_storage_runtime.dir/C_/Dev/OpenU5-Native/native/targets/tdeck/main/keyboard_matrix.cpp.obj
[838/1172] Building CXX object CMakeFiles/a3_04g_storage_runtime.dir/C_/Dev/OpenU5-Native/native/targets/tdeck/host_tests/host_stubs/tdeck_board_host_stub.cpp.obj
[839/1172] Building CXX object CMakeFiles/a3_hf3_combat_hit_runtime.dir/C_/Dev/OpenU5-Native/native/targets/tdeck/main/alpha_resources.cpp.obj
[840/1172] Building CXX object CMakeFiles/a3_hf3_combat_hit_runtime.dir/C_/Dev/OpenU5-Native/native/targets/tdeck/main/dungeon_art_cache.cpp.obj
[841/1172] Building CXX object CMakeFiles/a3_hf3_combat_hit_runtime.dir/C_/Dev/OpenU5-Native/native/targets/tdeck/main/native_renderer.cpp.obj
[842/1172] Building CXX object CMakeFiles/a3_hf3_combat_hit_runtime.dir/C_/Dev/OpenU5-Native/native/targets/tdeck/main/alpha_dialogue.cpp.obj
[843/1172] Building CXX object CMakeFiles/a3_04g_storage_runtime.dir/C_/Dev/OpenU5-Native/native/targets/tdeck/host_tests/alpha_runtime_host_fixture.cpp.obj
[844/1172] Building CXX object CMakeFiles/a3_04g_storage_runtime.dir/C_/Dev/OpenU5-Native/native/targets/tdeck/host_tests/host_stubs/device_smoke_tests_host_stub.cpp.obj
[845/1172] Building CXX object CMakeFiles/a3_05_audio_controls.dir/C_/Dev/OpenU5-Native/native/targets/tdeck/host_tests/host_stubs/tdeck_input_host_stub.cpp.obj
[846/1172] Building CXX object CMakeFiles/a3_04g_storage_runtime.dir/C_/Dev/OpenU5-Native/native/targets/tdeck/main/alpha_save_generation.cpp.obj
[847/1172] Building CXX object CMakeFiles/a3_05_audio_controls.dir/C_/Dev/OpenU5-Native/native/targets/tdeck/main/input_controller.cpp.obj
[848/1172] Building CXX object CMakeFiles/a3_05_audio_controls.dir/C_/Dev/OpenU5-Native/native/targets/tdeck/main/ui_input_adapter.cpp.obj
[849/1172] Building CXX object CMakeFiles/a3_04g_storage_runtime.dir/C_/Dev/OpenU5-Native/native/targets/tdeck/main/asset_pack.cpp.obj
[850/1172] Building CXX object CMakeFiles/a3_05_audio_mute.dir/tests/a3_05_audio_mute_test.cpp.obj
[851/1172] Building CXX object CMakeFiles/a3_04g_storage_runtime.dir/C_/Dev/OpenU5-Native/native/targets/tdeck/main/dungeon_art_cache.cpp.obj
[852/1172] Building CXX object CMakeFiles/a3_05_audio_controls.dir/C_/Dev/OpenU5-Native/native/targets/tdeck/main/keyboard_matrix.cpp.obj
[853/1172] Building CXX object CMakeFiles/a3_04g_storage_runtime.dir/C_/Dev/OpenU5-Native/native/targets/tdeck/host_tests/sd_shims/host_sd_vfs.cpp.obj
[854/1172] Building CXX object CMakeFiles/a3_04f_render_runtime.dir/C_/Dev/OpenU5-Native/native/targets/tdeck/main/tdeck_board.cpp.obj
[855/1172] Building CXX object CMakeFiles/a3_04g_storage_runtime.dir/C_/Dev/OpenU5-Native/native/targets/tdeck/main/native_renderer.cpp.obj
[856/1172] Building CXX object CMakeFiles/a3_04g_storage_runtime.dir/C_/Dev/OpenU5-Native/native/targets/tdeck/main/alpha_resources.cpp.obj
[857/1172] Building CXX object CMakeFiles/a3_05_audio_controls.dir/C_/Dev/OpenU5-Native/native/targets/tdeck/main/alpha_audio.cpp.obj
[858/1172] Building CXX object CMakeFiles/a3_hf2_ambient_parity.dir/C_/Dev/OpenU5-Native/native/targets/tdeck/main/alpha_runtime.cpp.obj
[859/1172] Building CXX object CMakeFiles/a3_05_audio_controls.dir/C_/Dev/OpenU5-Native/native/targets/tdeck/host_tests/alpha_runtime_host_fixture.cpp.obj
[860/1172] Building CXX object CMakeFiles/a3_hf3_combat_hit_runtime.dir/C_/Dev/OpenU5-Native/native/targets/tdeck/host_tests/a3_hf3_combat_hit_runtime_test.cpp.obj
[861/1172] Building CXX object CMakeFiles/a3_04g_storage_runtime.dir/C_/Dev/OpenU5-Native/native/targets/tdeck/main/alpha_dialogue.cpp.obj
[862/1172] Building CXX object CMakeFiles/a3_04g_storage_runtime.dir/C_/Dev/OpenU5-Native/native/targets/tdeck/main/alpha_save.cpp.obj
[863/1172] Building CXX object CMakeFiles/a3_05_audio_controls.dir/C_/Dev/OpenU5-Native/native/targets/tdeck/host_tests/host_stubs/alpha_save_memory_host_stub.cpp.obj
[864/1172] Building CXX object CMakeFiles/a3_hf4_load_transient_runtime.dir/C_/Dev/OpenU5-Native/native/targets/tdeck/host_tests/host_stubs/tdeck_input_host_stub.cpp.obj
[865/1172] Building CXX object CMakeFiles/a3_hf4_load_transient_runtime.dir/C_/Dev/OpenU5-Native/native/targets/tdeck/main/input_controller.cpp.obj
[866/1172] Building CXX object CMakeFiles/a3_05_audio_controls.dir/C_/Dev/OpenU5-Native/native/targets/tdeck/main/alpha_save_generation.cpp.obj
[867/1172] Building CXX object CMakeFiles/a3_05_audio_controls.dir/C_/Dev/OpenU5-Native/native/targets/tdeck/host_tests/host_stubs/device_smoke_tests_host_stub.cpp.obj
[868/1172] Building CXX object CMakeFiles/a3_hf4_load_transient_runtime.dir/C_/Dev/OpenU5-Native/native/targets/tdeck/main/ui_input_adapter.cpp.obj
[869/1172] Building CXX object CMakeFiles/a3_05_audio_controls.dir/C_/Dev/OpenU5-Native/native/targets/tdeck/host_tests/host_stubs/batch37_board_capture_stub.cpp.obj
[870/1172] Building CXX object CMakeFiles/a3_hf4_load_transient_runtime.dir/C_/Dev/OpenU5-Native/native/targets/tdeck/main/keyboard_matrix.cpp.obj
[871/1172] Building CXX object CMakeFiles/a3_05_audio_controls.dir/C_/Dev/OpenU5-Native/native/targets/tdeck/main/asset_pack.cpp.obj
[872/1172] Building CXX object CMakeFiles/a3_05_audio_controls.dir/C_/Dev/OpenU5-Native/native/targets/tdeck/main/dungeon_art_cache.cpp.obj
[873/1172] Building CXX object CMakeFiles/a3_hf4_load_transient_runtime.dir/C_/Dev/OpenU5-Native/native/targets/tdeck/main/alpha_audio.cpp.obj
[874/1172] Building CXX object CMakeFiles/a3_05_audio_controls.dir/C_/Dev/OpenU5-Native/native/targets/tdeck/main/alpha_resources.cpp.obj
[875/1172] Building CXX object CMakeFiles/a3_05_audio_controls.dir/C_/Dev/OpenU5-Native/native/targets/tdeck/main/native_renderer.cpp.obj
[876/1172] Building CXX object CMakeFiles/a3_05_audio_controls.dir/C_/Dev/OpenU5-Native/native/targets/tdeck/main/alpha_dialogue.cpp.obj
[877/1172] Building CXX object CMakeFiles/a3_hf4_load_transient_runtime.dir/C_/Dev/OpenU5-Native/native/targets/tdeck/host_tests/alpha_runtime_host_fixture.cpp.obj
[878/1172] Building CXX object CMakeFiles/a3_hf4_load_transient_runtime.dir/C_/Dev/OpenU5-Native/native/targets/tdeck/host_tests/host_stubs/device_smoke_tests_host_stub.cpp.obj
[879/1172] Building CXX object CMakeFiles/a3_hf4_load_transient_runtime.dir/C_/Dev/OpenU5-Native/native/targets/tdeck/main/alpha_save_generation.cpp.obj
[880/1172] Building CXX object CMakeFiles/a3_hf5_dialogue_pacing_runtime.dir/C_/Dev/OpenU5-Native/native/targets/tdeck/host_tests/host_stubs/tdeck_input_host_stub.cpp.obj
[881/1172] Building CXX object CMakeFiles/a3_hf4_load_transient_runtime.dir/C_/Dev/OpenU5-Native/native/targets/tdeck/host_tests/host_stubs/alpha_save_memory_host_stub.cpp.obj
[882/1172] Building CXX object CMakeFiles/a3_hf4_load_transient_runtime.dir/C_/Dev/OpenU5-Native/native/targets/tdeck/main/asset_pack.cpp.obj
[883/1172] Building CXX object CMakeFiles/a3_hf2_1_dispatch_log.dir/C_/Dev/OpenU5-Native/native/targets/tdeck/main/alpha_runtime.cpp.obj
[884/1172] Building CXX object CMakeFiles/a3_hf3_combat_hit_runtime.dir/C_/Dev/OpenU5-Native/native/targets/tdeck/main/tdeck_board.cpp.obj
[885/1172] Building CXX object CMakeFiles/a3_hf5_dialogue_pacing_runtime.dir/C_/Dev/OpenU5-Native/native/targets/tdeck/main/input_controller.cpp.obj
[886/1172] Building CXX object CMakeFiles/a3_hf4_load_transient_runtime.dir/C_/Dev/OpenU5-Native/native/targets/tdeck/main/dungeon_art_cache.cpp.obj
[887/1172] Building CXX object CMakeFiles/a3_hf4_load_transient_runtime.dir/C_/Dev/OpenU5-Native/native/targets/tdeck/host_tests/host_stubs/batch37_board_capture_stub.cpp.obj
[888/1172] Building CXX object CMakeFiles/a3_hf5_dialogue_pacing_runtime.dir/C_/Dev/OpenU5-Native/native/targets/tdeck/main/ui_input_adapter.cpp.obj
[889/1172] Building CXX object CMakeFiles/a3_05_audio_controls.dir/C_/Dev/OpenU5-Native/native/targets/tdeck/host_tests/a3_05_audio_controls_test.cpp.obj
[890/1172] Building CXX object CMakeFiles/a3_hf5_dialogue_pacing_runtime.dir/C_/Dev/OpenU5-Native/native/targets/tdeck/main/alpha_audio.cpp.obj
[891/1172] Building CXX object CMakeFiles/a3_hf5_dialogue_pacing_runtime.dir/C_/Dev/OpenU5-Native/native/targets/tdeck/main/keyboard_matrix.cpp.obj
[892/1172] Building CXX object CMakeFiles/a3_hf4_load_transient_runtime.dir/C_/Dev/OpenU5-Native/native/targets/tdeck/main/native_renderer.cpp.obj
[893/1172] Building CXX object CMakeFiles/a3_hf5_dialogue_pacing_runtime.dir/C_/Dev/OpenU5-Native/native/targets/tdeck/host_tests/alpha_runtime_host_fixture.cpp.obj
[894/1172] Building CXX object CMakeFiles/a3_hf4_load_transient_runtime.dir/C_/Dev/OpenU5-Native/native/targets/tdeck/main/alpha_resources.cpp.obj
[895/1172] Building CXX object CMakeFiles/a3_04g_storage_runtime.dir/C_/Dev/OpenU5-Native/native/targets/tdeck/host_tests/a3_04g_storage_runtime_test.cpp.obj
[896/1172] Building CXX object CMakeFiles/a3_hf4_load_transient_runtime.dir/C_/Dev/OpenU5-Native/native/targets/tdeck/main/alpha_dialogue.cpp.obj
[897/1172] Building CXX object CMakeFiles/a3_hf5_dialogue_pacing_runtime.dir/C_/Dev/OpenU5-Native/native/targets/tdeck/host_tests/board_shims/fake_tdeck_bus.cpp.obj
[898/1172] Building CXX object CMakeFiles/a3_hf5_dialogue_pacing_runtime.dir/C_/Dev/OpenU5-Native/native/targets/tdeck/host_tests/host_stubs/alpha_save_memory_host_stub.cpp.obj
[899/1172] Building CXX object CMakeFiles/a3_hf5_dialogue_pacing_runtime.dir/C_/Dev/OpenU5-Native/native/targets/tdeck/main/idle_service.cpp.obj
[900/1172] Building CXX object CMakeFiles/a3_hf6_shrine_key_wait_runtime.dir/C_/Dev/OpenU5-Native/native/targets/tdeck/host_tests/host_stubs/tdeck_input_host_stub.cpp.obj
[901/1172] Building CXX object CMakeFiles/a3_hf5_dialogue_pacing_runtime.dir/C_/Dev/OpenU5-Native/native/targets/tdeck/main/alpha_save_generation.cpp.obj
[902/1172] Building CXX object CMakeFiles/a3_04f_render_runtime.dir/C_/Dev/OpenU5-Native/native/targets/tdeck/main/alpha_runtime.cpp.obj
[903/1172] Building CXX object CMakeFiles/a3_hf5_dialogue_pacing_runtime.dir/C_/Dev/OpenU5-Native/native/targets/tdeck/host_tests/host_stubs/device_smoke_tests_host_stub.cpp.obj
[904/1172] Building CXX object CMakeFiles/a3_hf6_shrine_key_wait_runtime.dir/C_/Dev/OpenU5-Native/native/targets/tdeck/main/input_controller.cpp.obj
[905/1172] Building CXX object CMakeFiles/a3_hf6_shrine_key_wait_runtime.dir/C_/Dev/OpenU5-Native/native/targets/tdeck/main/ui_input_adapter.cpp.obj
[906/1172] Building CXX object CMakeFiles/a3_hf5_dialogue_pacing_runtime.dir/C_/Dev/OpenU5-Native/native/targets/tdeck/main/asset_pack.cpp.obj
[907/1172] Building CXX object CMakeFiles/a3_hf6_shrine_key_wait_runtime.dir/C_/Dev/OpenU5-Native/native/targets/tdeck/main/keyboard_matrix.cpp.obj
[908/1172] Building CXX object CMakeFiles/a3_hf6_shrine_key_wait_runtime.dir/C_/Dev/OpenU5-Native/native/targets/tdeck/main/alpha_audio.cpp.obj
[909/1172] Building CXX object CMakeFiles/a3_hf5_dialogue_pacing_runtime.dir/C_/Dev/OpenU5-Native/native/targets/tdeck/main/dungeon_art_cache.cpp.obj
[910/1172] Building CXX object CMakeFiles/a3_hf4_load_transient_runtime.dir/C_/Dev/OpenU5-Native/native/targets/tdeck/host_tests/a3_hf4_load_transient_runtime_test.cpp.obj
[911/1172] Building CXX object CMakeFiles/a3_04f_render_runtime.dir/C_/Dev/OpenU5-Native/native/targets/tdeck/host_tests/a3_04f_render_runtime_test.cpp.obj
[912/1172] Building CXX object CMakeFiles/a3_hf5_dialogue_pacing_runtime.dir/C_/Dev/OpenU5-Native/native/targets/tdeck/main/alpha_dialogue.cpp.obj
[913/1172] Building CXX object CMakeFiles/a3_hf6_shrine_key_wait_runtime.dir/C_/Dev/OpenU5-Native/native/targets/tdeck/host_tests/alpha_runtime_host_fixture.cpp.obj
[914/1172] Building CXX object CMakeFiles/a3_hf5_dialogue_pacing_runtime.dir/C_/Dev/OpenU5-Native/native/targets/tdeck/main/alpha_resources.cpp.obj
[915/1172] Building CXX object CMakeFiles/a3_hf5_dialogue_pacing_runtime.dir/C_/Dev/OpenU5-Native/native/targets/tdeck/main/native_renderer.cpp.obj
[916/1172] Building CXX object CMakeFiles/a3_hf6_shrine_key_wait_runtime.dir/C_/Dev/OpenU5-Native/native/targets/tdeck/host_tests/host_stubs/device_smoke_tests_host_stub.cpp.obj
[917/1172] Building CXX object CMakeFiles/a3_hf7_ritual_fx_runtime.dir/C_/Dev/OpenU5-Native/native/targets/tdeck/host_tests/host_stubs/tdeck_input_host_stub.cpp.obj
[918/1172] Building CXX object CMakeFiles/a3_hf6_shrine_key_wait_runtime.dir/C_/Dev/OpenU5-Native/native/targets/tdeck/main/alpha_save_generation.cpp.obj
[919/1172] Building CXX object CMakeFiles/a3_hf6_shrine_key_wait_runtime.dir/C_/Dev/OpenU5-Native/native/targets/tdeck/main/idle_service.cpp.obj
[920/1172] Building CXX object CMakeFiles/a3_hf6_shrine_key_wait_runtime.dir/C_/Dev/OpenU5-Native/native/targets/tdeck/host_tests/board_shims/fake_tdeck_bus.cpp.obj
[921/1172] Building CXX object CMakeFiles/a3_hf6_shrine_key_wait_runtime.dir/C_/Dev/OpenU5-Native/native/targets/tdeck/host_tests/host_stubs/alpha_save_memory_host_stub.cpp.obj
[922/1172] Building CXX object CMakeFiles/a3_hf3_combat_hit_runtime.dir/C_/Dev/OpenU5-Native/native/targets/tdeck/main/alpha_runtime.cpp.obj
[923/1172] Building CXX object CMakeFiles/a3_hf6_shrine_key_wait_runtime.dir/C_/Dev/OpenU5-Native/native/targets/tdeck/main/asset_pack.cpp.obj
[924/1172] Building CXX object CMakeFiles/a3_hf7_ritual_fx_runtime.dir/C_/Dev/OpenU5-Native/native/targets/tdeck/main/input_controller.cpp.obj
[925/1172] Building CXX object CMakeFiles/a3_hf7_ritual_fx_runtime.dir/C_/Dev/OpenU5-Native/native/targets/tdeck/main/ui_input_adapter.cpp.obj
[926/1172] Building CXX object CMakeFiles/a3_hf6_shrine_key_wait_runtime.dir/C_/Dev/OpenU5-Native/native/targets/tdeck/main/native_renderer.cpp.obj
[927/1172] Building CXX object CMakeFiles/a3_hf6_shrine_key_wait_runtime.dir/C_/Dev/OpenU5-Native/native/targets/tdeck/main/alpha_dialogue.cpp.obj
[928/1172] Building CXX object CMakeFiles/a3_hf7_ritual_fx_runtime.dir/C_/Dev/OpenU5-Native/native/targets/tdeck/main/alpha_audio.cpp.obj
[929/1172] Building CXX object CMakeFiles/a3_hf7_ritual_fx_runtime.dir/C_/Dev/OpenU5-Native/native/targets/tdeck/main/keyboard_matrix.cpp.obj
[930/1172] Building CXX object CMakeFiles/a3_hf6_shrine_key_wait_runtime.dir/C_/Dev/OpenU5-Native/native/targets/tdeck/main/dungeon_art_cache.cpp.obj
[931/1172] Building CXX object CMakeFiles/a3_hf6_shrine_key_wait_runtime.dir/C_/Dev/OpenU5-Native/native/targets/tdeck/main/alpha_resources.cpp.obj
[932/1172] Building CXX object CMakeFiles/a3_hf6_shrine_key_wait_pacer.dir/tests/a3_hf6_shrine_key_wait_pacer_test.cpp.obj
[933/1172] Building CXX object CMakeFiles/a3_hf7_ritual_fx_runtime.dir/C_/Dev/OpenU5-Native/native/targets/tdeck/host_tests/alpha_runtime_host_fixture.cpp.obj
[934/1172] Building CXX object CMakeFiles/a3_hf7_ritual_fx_runtime.dir/C_/Dev/OpenU5-Native/native/targets/tdeck/main/alpha_save_generation.cpp.obj
[935/1172] Building CXX object CMakeFiles/a3_hf7_ritual_fx_runtime.dir/C_/Dev/OpenU5-Native/native/targets/tdeck/main/idle_service.cpp.obj
[936/1172] Building CXX object CMakeFiles/a3_hf7_ritual_fx_runtime.dir/C_/Dev/OpenU5-Native/native/targets/tdeck/host_tests/host_stubs/alpha_save_memory_host_stub.cpp.obj
[937/1172] Building CXX object CMakeFiles/a3_hf7_ritual_fx_runtime.dir/C_/Dev/OpenU5-Native/native/targets/tdeck/host_tests/board_shims/fake_tdeck_bus.cpp.obj
[938/1172] Building CXX object CMakeFiles/a3_hf7_ritual_fx_runtime.dir/C_/Dev/OpenU5-Native/native/targets/tdeck/host_tests/host_stubs/device_smoke_tests_host_stub.cpp.obj
[939/1172] Building CXX object CMakeFiles/a3_hf8_sacrifice_burst_runtime.dir/C_/Dev/OpenU5-Native/native/targets/tdeck/host_tests/host_stubs/tdeck_input_host_stub.cpp.obj
[940/1172] Building CXX object CMakeFiles/a3_hf7_ritual_fx_runtime.dir/C_/Dev/OpenU5-Native/native/targets/tdeck/main/asset_pack.cpp.obj
[941/1172] Building CXX object CMakeFiles/a3_04g_storage_runtime.dir/C_/Dev/OpenU5-Native/native/targets/tdeck/main/alpha_runtime.cpp.obj
[942/1172] Building CXX object CMakeFiles/a3_hf8_sacrifice_burst_runtime.dir/C_/Dev/OpenU5-Native/native/targets/tdeck/main/input_controller.cpp.obj
[943/1172] Building CXX object CMakeFiles/a3_hf8_sacrifice_burst_runtime.dir/C_/Dev/OpenU5-Native/native/targets/tdeck/main/ui_input_adapter.cpp.obj
[944/1172] Building CXX object CMakeFiles/a3_hf5_dialogue_pacing_runtime.dir/C_/Dev/OpenU5-Native/native/targets/tdeck/main/tdeck_board.cpp.obj
[945/1172] Building CXX object CMakeFiles/a3_hf7_ritual_fx_runtime.dir/C_/Dev/OpenU5-Native/native/targets/tdeck/main/dungeon_art_cache.cpp.obj
[946/1172] Building CXX object CMakeFiles/a3_hf7_ritual_fx_runtime.dir/C_/Dev/OpenU5-Native/native/targets/tdeck/main/native_renderer.cpp.obj
[947/1172] Building CXX object CMakeFiles/a3_hf7_ritual_fx_runtime.dir/C_/Dev/OpenU5-Native/native/targets/tdeck/main/alpha_dialogue.cpp.obj
[948/1172] Building CXX object CMakeFiles/a3_hf8_sacrifice_burst_runtime.dir/C_/Dev/OpenU5-Native/native/targets/tdeck/main/keyboard_matrix.cpp.obj
[949/1172] Building CXX object CMakeFiles/a3_hf7_ritual_fx_runtime.dir/C_/Dev/OpenU5-Native/native/targets/tdeck/main/alpha_resources.cpp.obj
[950/1172] Building CXX object CMakeFiles/a3_hf8_sacrifice_burst_runtime.dir/C_/Dev/OpenU5-Native/native/targets/tdeck/main/alpha_audio.cpp.obj
[951/1172] Building CXX object CMakeFiles/a3_hf8_sacrifice_burst_runtime.dir/C_/Dev/OpenU5-Native/native/targets/tdeck/host_tests/alpha_runtime_host_fixture.cpp.obj
[952/1172] Building CXX object CMakeFiles/a3_hf8_sacrifice_burst_runtime.dir/C_/Dev/OpenU5-Native/native/targets/tdeck/main/idle_service.cpp.obj
[953/1172] Building CXX object CMakeFiles/a3_hf8_sacrifice_burst_runtime.dir/C_/Dev/OpenU5-Native/native/targets/tdeck/main/alpha_save_generation.cpp.obj
[954/1172] Building CXX object CMakeFiles/a3_hf8_sacrifice_burst_runtime.dir/C_/Dev/OpenU5-Native/native/targets/tdeck/host_tests/host_stubs/alpha_save_memory_host_stub.cpp.obj
[955/1172] Building CXX object CMakeFiles/batch14_zstats_runtime_regression.dir/C_/Dev/OpenU5-Native/native/targets/tdeck/host_tests/host_stubs/tdeck_input_host_stub.cpp.obj
[956/1172] Building CXX object CMakeFiles/a3_05_audio_controls.dir/C_/Dev/OpenU5-Native/native/targets/tdeck/main/alpha_runtime.cpp.obj
[957/1172] Building CXX object CMakeFiles/a3_hf8_sacrifice_burst_runtime.dir/C_/Dev/OpenU5-Native/native/targets/tdeck/host_tests/board_shims/fake_tdeck_bus.cpp.obj
[958/1172] Building CXX object CMakeFiles/a3_hf8_sacrifice_burst_runtime.dir/C_/Dev/OpenU5-Native/native/targets/tdeck/main/asset_pack.cpp.obj
[959/1172] Building CXX object CMakeFiles/a3_hf8_sacrifice_burst_runtime.dir/C_/Dev/OpenU5-Native/native/targets/tdeck/host_tests/host_stubs/device_smoke_tests_host_stub.cpp.obj
[960/1172] Building CXX object CMakeFiles/batch14_zstats_runtime_regression.dir/C_/Dev/OpenU5-Native/native/targets/tdeck/main/input_controller.cpp.obj
[961/1172] Building CXX object CMakeFiles/batch14_zstats_runtime_regression.dir/C_/Dev/OpenU5-Native/native/targets/tdeck/host_tests/host_stubs/alpha_save_host_stub.cpp.obj
[962/1172] Building CXX object CMakeFiles/batch14_zstats_runtime_regression.dir/C_/Dev/OpenU5-Native/native/targets/tdeck/main/ui_input_adapter.cpp.obj
[963/1172] Building CXX object CMakeFiles/batch14_zstats_runtime_regression.dir/C_/Dev/OpenU5-Native/native/targets/tdeck/main/keyboard_matrix.cpp.obj
[964/1172] Building CXX object CMakeFiles/a3_hf8_sacrifice_burst_runtime.dir/C_/Dev/OpenU5-Native/native/targets/tdeck/main/dungeon_art_cache.cpp.obj
[965/1172] Building CXX object CMakeFiles/a3_hf8_sacrifice_burst_runtime.dir/C_/Dev/OpenU5-Native/native/targets/tdeck/main/alpha_resources.cpp.obj
[966/1172] Building CXX object CMakeFiles/batch14_zstats_runtime_regression.dir/C_/Dev/OpenU5-Native/native/targets/tdeck/host_tests/host_stubs/tdeck_board_host_stub.cpp.obj
[967/1172] Building CXX object CMakeFiles/a3_hf8_sacrifice_burst_runtime.dir/C_/Dev/OpenU5-Native/native/targets/tdeck/main/native_renderer.cpp.obj
[968/1172] Building CXX object CMakeFiles/a3_hf6_shrine_key_wait_runtime.dir/C_/Dev/OpenU5-Native/native/targets/tdeck/main/tdeck_board.cpp.obj
[969/1172] Building CXX object CMakeFiles/a3_hf6_shrine_key_wait_runtime.dir/C_/Dev/OpenU5-Native/native/targets/tdeck/host_tests/a3_hf6_shrine_key_wait_runtime_test.cpp.obj
[970/1172] Building CXX object CMakeFiles/a3_hf5_dialogue_pacing_runtime.dir/C_/Dev/OpenU5-Native/native/targets/tdeck/host_tests/a3_hf5_dialogue_pacing_runtime_test.cpp.obj
[971/1172] Building CXX object CMakeFiles/batch14_zstats_runtime_regression.dir/C_/Dev/OpenU5-Native/native/targets/tdeck/host_tests/alpha_runtime_host_fixture.cpp.obj
[972/1172] Building CXX object CMakeFiles/batch18_well_ceremony_regression.dir/C_/Dev/OpenU5-Native/native/targets/tdeck/host_tests/host_stubs/tdeck_input_host_stub.cpp.obj
[973/1172] Building CXX object CMakeFiles/a3_hf8_sacrifice_burst_runtime.dir/C_/Dev/OpenU5-Native/native/targets/tdeck/main/alpha_dialogue.cpp.obj
[974/1172] Building CXX object CMakeFiles/batch14_zstats_runtime_regression.dir/C_/Dev/OpenU5-Native/native/targets/tdeck/host_tests/host_stubs/device_smoke_tests_host_stub.cpp.obj
[975/1172] Building CXX object CMakeFiles/batch18_well_ceremony_regression.dir/C_/Dev/OpenU5-Native/native/targets/tdeck/main/input_controller.cpp.obj
[976/1172] Building CXX object CMakeFiles/batch18_well_ceremony_regression.dir/C_/Dev/OpenU5-Native/native/targets/tdeck/main/ui_input_adapter.cpp.obj
[977/1172] Building CXX object CMakeFiles/batch18_well_ceremony_regression.dir/C_/Dev/OpenU5-Native/native/targets/tdeck/main/keyboard_matrix.cpp.obj
[978/1172] Building CXX object CMakeFiles/batch18_well_ceremony_regression.dir/C_/Dev/OpenU5-Native/native/targets/tdeck/host_tests/host_stubs/alpha_save_host_stub.cpp.obj
[979/1172] Building CXX object CMakeFiles/a3_hf4_load_transient_runtime.dir/C_/Dev/OpenU5-Native/native/targets/tdeck/main/alpha_runtime.cpp.obj
[980/1172] Building CXX object CMakeFiles/batch14_zstats_runtime_regression.dir/C_/Dev/OpenU5-Native/native/targets/tdeck/main/asset_pack.cpp.obj
[981/1172] Building CXX object CMakeFiles/batch14_zstats_runtime_regression.dir/C_/Dev/OpenU5-Native/native/targets/tdeck/host_tests/batch14_zstats_runtime_test.cpp.obj
[982/1172] Building CXX object CMakeFiles/a3_hf7_ritual_fx.dir/tests/a3_hf7_ritual_fx_test.cpp.obj
[983/1172] Building CXX object CMakeFiles/batch18_well_ceremony_regression.dir/C_/Dev/OpenU5-Native/native/targets/tdeck/host_tests/host_stubs/tdeck_board_host_stub.cpp.obj
[984/1172] Building CXX object CMakeFiles/batch14_zstats_runtime_regression.dir/C_/Dev/OpenU5-Native/native/targets/tdeck/main/dungeon_art_cache.cpp.obj
[985/1172] Building CXX object CMakeFiles/batch18_well_ceremony_regression.dir/C_/Dev/OpenU5-Native/native/targets/tdeck/host_tests/alpha_runtime_host_fixture.cpp.obj
[986/1172] Building CXX object CMakeFiles/batch14_zstats_runtime_regression.dir/C_/Dev/OpenU5-Native/native/targets/tdeck/main/native_renderer.cpp.obj
[987/1172] Building CXX object CMakeFiles/batch14_zstats_runtime_regression.dir/C_/Dev/OpenU5-Native/native/targets/tdeck/main/alpha_resources.cpp.obj
[988/1172] Building CXX object CMakeFiles/a3_hf7_ritual_fx_runtime.dir/C_/Dev/OpenU5-Native/native/targets/tdeck/main/tdeck_board.cpp.obj
[989/1172] Building CXX object CMakeFiles/batch14_zstats_runtime_regression.dir/C_/Dev/OpenU5-Native/native/targets/tdeck/main/alpha_dialogue.cpp.obj
[990/1172] Building CXX object CMakeFiles/batch19_command_char_regression.dir/C_/Dev/OpenU5-Native/native/targets/tdeck/host_tests/host_stubs/tdeck_input_host_stub.cpp.obj
[991/1172] Building CXX object CMakeFiles/batch18_well_ceremony_regression.dir/C_/Dev/OpenU5-Native/native/targets/tdeck/host_tests/batch18_well_ceremony_test.cpp.obj
[992/1172] Building CXX object CMakeFiles/batch18_well_ceremony_regression.dir/C_/Dev/OpenU5-Native/native/targets/tdeck/host_tests/host_stubs/device_smoke_tests_host_stub.cpp.obj
[993/1172] Building CXX object CMakeFiles/batch18_well_ceremony_regression.dir/C_/Dev/OpenU5-Native/native/targets/tdeck/main/asset_pack.cpp.obj
[994/1172] Building CXX object CMakeFiles/batch19_command_char_regression.dir/C_/Dev/OpenU5-Native/native/targets/tdeck/main/input_controller.cpp.obj
[995/1172] Building CXX object CMakeFiles/batch19_command_char_regression.dir/C_/Dev/OpenU5-Native/native/targets/tdeck/main/ui_input_adapter.cpp.obj
[996/1172] Building CXX object CMakeFiles/a3_hf7_ritual_fx_runtime.dir/C_/Dev/OpenU5-Native/native/targets/tdeck/host_tests/a3_hf7_ritual_fx_runtime_test.cpp.obj
[997/1172] Building CXX object CMakeFiles/batch19_command_char_regression.dir/C_/Dev/OpenU5-Native/native/targets/tdeck/main/keyboard_matrix.cpp.obj
[998/1172] Building CXX object CMakeFiles/batch18_well_ceremony_regression.dir/C_/Dev/OpenU5-Native/native/targets/tdeck/main/dungeon_art_cache.cpp.obj
[999/1172] Building CXX object CMakeFiles/batch19_command_char_regression.dir/C_/Dev/OpenU5-Native/native/targets/tdeck/host_tests/host_stubs/alpha_save_host_stub.cpp.obj
[1000/1172] Building CXX object CMakeFiles/a3_hf5_dialogue_pacing_runtime.dir/C_/Dev/OpenU5-Native/native/targets/tdeck/main/alpha_runtime.cpp.obj
[1001/1172] Building CXX object CMakeFiles/batch18_well_ceremony_regression.dir/C_/Dev/OpenU5-Native/native/targets/tdeck/main/alpha_resources.cpp.obj
[1002/1172] Building CXX object CMakeFiles/batch18_well_ceremony_regression.dir/C_/Dev/OpenU5-Native/native/targets/tdeck/main/native_renderer.cpp.obj
[1003/1172] Building CXX object CMakeFiles/a3_hf5_dialogue_pacer.dir/tests/a3_hf5_dialogue_pacer_test.cpp.obj
[1004/1172] Building CXX object CMakeFiles/batch18_well_ceremony_regression.dir/C_/Dev/OpenU5-Native/native/targets/tdeck/main/alpha_dialogue.cpp.obj
[1005/1172] Building CXX object CMakeFiles/batch19_command_char_regression.dir/C_/Dev/OpenU5-Native/native/targets/tdeck/host_tests/host_stubs/tdeck_board_host_stub.cpp.obj
[1006/1172] Building CXX object CMakeFiles/batch19_command_char_regression.dir/C_/Dev/OpenU5-Native/native/targets/tdeck/host_tests/host_stubs/device_smoke_tests_host_stub.cpp.obj
[1007/1172] Building CXX object CMakeFiles/a3_hf8_sacrifice_burst_runtime.dir/C_/Dev/OpenU5-Native/native/targets/tdeck/main/tdeck_board.cpp.obj
[1008/1172] Building CXX object CMakeFiles/batch19_command_char_regression.dir/C_/Dev/OpenU5-Native/native/targets/tdeck/host_tests/alpha_runtime_host_fixture.cpp.obj
[1009/1172] Building CXX object CMakeFiles/batch19_command_char_regression.dir/C_/Dev/OpenU5-Native/native/targets/tdeck/main/asset_pack.cpp.obj
[1010/1172] Building CXX object CMakeFiles/a3_hf6_shrine_key_wait_runtime.dir/C_/Dev/OpenU5-Native/native/targets/tdeck/main/alpha_runtime.cpp.obj
[1011/1172] Building CXX object CMakeFiles/batch3_group_a_tests.dir/tests/batch3_group_a_test.cpp.obj
[1012/1172] Building CXX object CMakeFiles/alpha_resource_capacity_tests.dir/tests/alpha_resource_capacity_test.cpp.obj
[1013/1172] Building CXX object CMakeFiles/batch19_command_char_regression.dir/C_/Dev/OpenU5-Native/native/targets/tdeck/main/dungeon_art_cache.cpp.obj
[1014/1172] Building CXX object CMakeFiles/a3_hf8_sacrifice_burst_runtime.dir/C_/Dev/OpenU5-Native/native/targets/tdeck/host_tests/a3_hf8_sacrifice_burst_runtime_test.cpp.obj
[1015/1172] Building CXX object CMakeFiles/batch19_command_char_regression.dir/C_/Dev/OpenU5-Native/native/targets/tdeck/main/native_renderer.cpp.obj
[1016/1172] Building CXX object CMakeFiles/batch3_group_b_tests.dir/tests/batch3_group_b_test.cpp.obj
[1017/1172] Building CXX object CMakeFiles/batch19_command_char_regression.dir/C_/Dev/OpenU5-Native/native/targets/tdeck/host_tests/batch19_command_char_runtime_test.cpp.obj
[1018/1172] Building CXX object CMakeFiles/batch19_command_char_regression.dir/C_/Dev/OpenU5-Native/native/targets/tdeck/main/alpha_dialogue.cpp.obj
[1019/1172] Building CXX object CMakeFiles/batch14_zstats_model_tests.dir/tests/batch14_zstats_model_test.cpp.obj
[1020/1172] Building CXX object CMakeFiles/batch4_group_a_tests.dir/tests/batch4_group_a_test.cpp.obj
[1021/1172] Building CXX object CMakeFiles/batch4_group_b_tests.dir/tests/batch4_group_b_test.cpp.obj
[1022/1172] Building CXX object CMakeFiles/batch19_command_char_regression.dir/C_/Dev/OpenU5-Native/native/targets/tdeck/main/alpha_resources.cpp.obj
[1023/1172] Linking CXX executable quest_search_tests.exe
[1024/1172] Linking CXX executable frontend_tests.exe
[1025/1172] Linking CXX executable display_names_tests.exe
[1026/1172] Linking CXX executable ui_session_tests.exe
[1027/1172] Linking CXX executable debug_labels_tests.exe
[1028/1172] Linking CXX executable batch21b_chest_reset.exe
[1029/1172] Building CXX object CMakeFiles/batch3_group_c_tests.dir/tests/batch3_group_c_test.cpp.obj
[1030/1172] Linking CXX executable ui_host_harness.exe
[1031/1172] Linking CXX executable ui_debug_menu_tests.exe
[1032/1172] Linking CXX executable measure_ui_sizes.exe
[1033/1172] Linking CXX executable debug_map_picker_tests.exe
[1034/1172] Building CXX object CMakeFiles/batch7b_tests.dir/tests/batch7b_test.cpp.obj
[1035/1172] Linking CXX executable movement_flow_parity_tests.exe
[1036/1172] Linking CXX executable look_sign_tests.exe
[1037/1172] Linking CXX executable gameplay_integration_tests.exe
[1038/1172] Linking CXX executable gameplay_driver.exe
[1039/1172] Linking CXX executable debug_developer_tests.exe
[1040/1172] Linking CXX executable quest_driver.exe
[1041/1172] Building CXX object CMakeFiles/a3_hf7_ritual_fx_runtime.dir/C_/Dev/OpenU5-Native/native/targets/tdeck/main/alpha_runtime.cpp.obj
[1042/1172] Linking CXX executable shop_parity_tests.exe
[1043/1172] Linking CXX executable shop_flow_tests.exe
[1044/1172] Linking CXX executable persistence_driver.exe
[1045/1172] Linking CXX executable shop_adapter_tests.exe
[1046/1172] Linking CXX executable dialogue_adapter_tests.exe
[1047/1172] Linking CXX executable transport_flow_parity_tests.exe
[1048/1172] Building CXX object CMakeFiles/batch19_command_char_tests.dir/tests/batch19_command_char_test.cpp.obj
[1049/1172] Linking CXX executable dialogue_parity_tests.exe
[1050/1172] Building CXX object CMakeFiles/batch5_tests.dir/tests/batch5_test.cpp.obj
[1051/1172] Linking CXX executable dungeon_flow_parity_tests.exe
[1052/1172] Linking CXX executable world_flow_adapter_tests.exe
[1053/1172] Linking CXX executable world_flow_parity_tests.exe
[1054/1172] Building CXX object CMakeFiles/batch17_theft_watchdog_tests.dir/tests/batch17_theft_watchdog_test.cpp.obj
[1055/1172] Linking CXX executable dungeon_parity_tests.exe
[1056/1172] Linking CXX executable core_parity_tests.exe
[1057/1172] Linking CXX executable movement_regression.exe
[1058/1172] Linking CXX executable advanced_combat_parity_tests.exe
[1059/1172] Building CXX object CMakeFiles/batch45b_tests.dir/tests/batch45b_test.cpp.obj
[1060/1172] Linking CXX executable combat_parity_tests.exe
[1061/1172] Linking CXX executable magic_parity_tests.exe
[1062/1172] Linking CXX executable command_parity_tests.exe
[1063/1172] Linking CXX executable item_parity_tests.exe
[1064/1172] Building CXX object CMakeFiles/batch15_sacrifice_tests.dir/tests/batch15_sacrifice_test.cpp.obj
[1065/1172] Linking CXX executable dungeon_view_regression.exe
[1066/1172] Linking CXX executable presentation_regression.exe
[1067/1172] Linking CXX executable travel_parity_tests.exe
[1068/1172] Linking CXX executable turn_parity_tests.exe
[1069/1172] Linking CXX executable dungeon_art_regression.exe
[1070/1172] Linking CXX executable input_regression.exe
[1071/1172] Linking CXX executable dungeon_input_regression.exe
[1072/1172] Linking CXX executable ui_mode_regression.exe
[1073/1172] Linking CXX executable combat_escape_regression.exe
[1074/1172] Linking CXX executable alpha_runtime_integration_regression.exe
[1075/1172] Building CXX object CMakeFiles/batch12_combat_field_tests.dir/tests/batch12_combat_field_test.cpp.obj
[1076/1172] Linking CXX executable direct_troll_handoff_regression.exe
[1077/1172] Linking CXX executable gem_view_regression.exe
[1078/1172] Linking CXX executable batch21a3_combat_active_player.exe
[1079/1172] Linking CXX executable combat_loot_open_regression.exe
[1080/1172] Linking CXX executable dungeon_combat_regression.exe
[1081/1172] Linking CXX executable batch21a_dungeon_room_regression.exe
[1082/1172] Linking CXX executable action_feedback_regression.exe
[1083/1172] Linking CXX executable batch12b_hardware_regression.exe
[1084/1172] Building CXX object CMakeFiles/a3_hf8_sacrifice_burst_runtime.dir/C_/Dev/OpenU5-Native/native/targets/tdeck/main/alpha_runtime.cpp.obj
[1085/1172] Linking CXX executable batch23_vault_parity.exe
[1086/1172] Linking CXX executable batch25_shard_ritual.exe
[1087/1172] Linking CXX executable batch22_basement_objects.exe
[1088/1172] Linking CXX executable batch24_reload_parity.exe
[1089/1172] Linking CXX executable batch26_dungeon_save.exe
[1090/1172] Building CXX object CMakeFiles/blackthorn_scene_tests.dir/tests/blackthorn_scene_test.cpp.obj
[1091/1172] Linking CXX executable batch27_alt_load.exe
[1092/1172] Linking CXX executable batch28_save_validation.exe
[1093/1172] Linking CXX executable batch30_sleep_parity.exe
[1094/1172] Linking CXX executable batch31_h165_dungeon_entry.exe
[1095/1172] Linking CXX executable batch34_pre_sleep_npc.exe
[1096/1172] Linking CXX executable batch33_cannon_npc_death.exe
[1097/1172] Linking CXX executable batch29_rest_wiring.exe
[1098/1172] Linking CXX executable batch32_camp_watch.exe
[1099/1172] Linking CXX executable batch35_q_sleep_target.exe
[1100/1172] Linking CXX executable batch41_raw_key.exe
[1101/1172] Linking CXX executable batch37_bed_viewport.exe
[1102/1172] Linking CXX executable batch36_camp_housekeeping.exe
[1103/1172] Linking CXX executable batch39_party_panel.exe
[1104/1172] Linking CXX executable batch41_staged_advancement.exe
[1105/1172] Building CXX object CMakeFiles/batch13_tests.dir/tests/batch13_test.cpp.obj
[1106/1172] Linking CXX executable batch40_advancement.exe
[1107/1172] Linking CXX executable batch44_camp_ring_entry.exe
[1108/1172] Linking CXX executable batch43_sleep_scene.exe
[1109/1172] Linking CXX executable batch42_advancement_flash.exe
[1110/1172] Linking CXX executable batch46_camp_invisibility.exe
[1111/1172] Linking CXX executable batch38_camp_duration.exe
[1112/1172] Linking CXX executable batch53b_moongate_return.exe
[1113/1172] Linking CXX executable batch51_scene_pacing.exe
[1114/1172] Linking CXX executable batch53a_ending_terminal.exe
[1115/1172] Linking CXX executable batch51_camp_pacing.exe
[1116/1172] Building CXX object CMakeFiles/batch14_zstats_runtime_regression.dir/C_/Dev/OpenU5-Native/native/targets/tdeck/main/alpha_runtime.cpp.obj
[1117/1172] Linking CXX executable a3_02_sfx_synth.exe
[1118/1172] Linking CXX executable a3_03_sfx_inventory.exe
[1119/1172] Linking CXX executable a3_hf3_combat_hit_cue.exe
[1120/1172] Linking CXX executable a3_01_audio_contract.exe
[1121/1172] Linking CXX executable a3_04_music_synth.exe
[1122/1172] Linking CXX executable a3_04b_perf.exe
[1123/1172] Linking CXX executable a3_04a_audio_stream.exe
[1124/1172] Linking CXX executable a3_04f_render_runtime.exe
[1125/1172] Linking CXX executable batch53_release_blockers.exe
[1126/1172] Linking CXX executable a3_03_sfx_runtime.exe
[1127/1172] Linking CXX executable a3_02_sfx_runtime.exe
[1128/1172] Linking CXX executable a3_hf2_ambient_parity.exe
[1129/1172] Linking CXX executable a3_hf1_arena_loot.exe
[1130/1172] Linking CXX executable a3_05_audio_mute.exe
[1131/1172] Linking CXX executable a3_01_audio_runtime.exe
[1132/1172] Linking CXX executable a3_hf3_combat_hit_runtime.exe
[1133/1172] Linking CXX executable a3_04_music_runtime.exe
[1134/1172] Linking CXX executable a3_05_audio_controls.exe
[1135/1172] Linking CXX executable a3_04e_pacing.exe
[1136/1172] Linking CXX executable a3_04d_sd_log.exe
[1137/1172] Linking CXX executable a3_04c_contention.exe
[1138/1172] Linking CXX executable a3_04b_perf_runtime.exe
[1139/1172] Linking CXX executable a3_04c_contention_runtime.exe
[1140/1172] Linking CXX executable a3_hf2_1_dispatch_log.exe
[1141/1172] Linking CXX executable a3_04e_pacing_runtime.exe
[1142/1172] Linking CXX executable a3_hf4_load_transient_runtime.exe
[1143/1172] Linking CXX executable a3_04d_sd_log_runtime.exe
[1144/1172] Linking CXX executable a3_04g_storage_runtime.exe
[1145/1172] Linking CXX executable a3_hf7_ritual_fx_runtime.exe
[1146/1172] Linking CXX executable a3_hf5_dialogue_pacing_runtime.exe
[1147/1172] Linking CXX executable a3_hf6_shrine_key_wait_pacer.exe
[1148/1172] Linking CXX executable a3_hf7_ritual_fx.exe
[1149/1172] Linking CXX executable a3_hf5_dialogue_pacer.exe
[1150/1172] Linking CXX executable a3_hf6_shrine_key_wait_runtime.exe
[1151/1172] Linking CXX executable a3_hf8_sacrifice_burst_runtime.exe
[1152/1172] Linking CXX executable batch14_zstats_runtime_regression.exe
[1153/1172] Linking CXX executable batch14_zstats_model_tests.exe
[1154/1172] Linking CXX executable alpha_resource_capacity_tests.exe
[1155/1172] Building CXX object CMakeFiles/batch18_well_ceremony_regression.dir/C_/Dev/OpenU5-Native/native/targets/tdeck/main/alpha_runtime.cpp.obj
[1156/1172] Linking CXX executable batch3_group_a_tests.exe
[1157/1172] Linking CXX executable batch3_group_b_tests.exe
[1158/1172] Linking CXX executable batch4_group_a_tests.exe
[1159/1172] Linking CXX executable batch3_group_c_tests.exe
[1160/1172] Linking CXX executable batch5_tests.exe
[1161/1172] Linking CXX executable batch4_group_b_tests.exe
[1162/1172] Linking CXX executable batch17_theft_watchdog_tests.exe
[1163/1172] Linking CXX executable batch12_combat_field_tests.exe
[1164/1172] Linking CXX executable batch19_command_char_tests.exe
[1165/1172] Linking CXX executable batch13_tests.exe
[1166/1172] Linking CXX executable batch7b_tests.exe
[1167/1172] Linking CXX executable batch45b_tests.exe
[1168/1172] Linking CXX executable batch15_sacrifice_tests.exe
[1169/1172] Linking CXX executable blackthorn_scene_tests.exe
[1170/1172] Linking CXX executable batch18_well_ceremony_regression.exe
[1171/1172] Building CXX object CMakeFiles/batch19_command_char_regression.dir/C_/Dev/OpenU5-Native/native/targets/tdeck/main/alpha_runtime.cpp.obj
[1172/1172] Linking CXX executable batch19_command_char_regression.exe
BUILD_EXIT 0
