[1/1107] Building CXX object CMakeFiles/display_names_tests.dir/tests/display_names_test.cpp.obj
[2/1107] Building CXX object CMakeFiles/quest_search_tests.dir/tests/quest_search_test.cpp.obj
[3/1107] Building CXX object CMakeFiles/debug_labels_tests.dir/tests/debug_labels_test.cpp.obj
[4/1107] Building CXX object CMakeFiles/ui_host_harness.dir/tools/ui_host_harness.cpp.obj
[5/1107] Building CXX object CMakeFiles/measure_ui_sizes.dir/tools/measure-ui-sizes.cpp.obj
[6/1107] Building CXX object CMakeFiles/ui_debug_menu_tests.dir/tests/ui_debug_menu_test.cpp.obj
[7/1107] Building CXX object CMakeFiles/debug_map_picker_tests.dir/tests/debug_map_picker_test.cpp.obj
[8/1107] Building CXX object CMakeFiles/look_sign_tests.dir/tests/look_sign_test.cpp.obj
[9/1107] Building CXX object CMakeFiles/movement_flow_parity_tests.dir/tests/movement_flow_parity_test.cpp.obj
[10/1107] Building CXX object CMakeFiles/shop_parity_tests.dir/tests/shop_parity_test.cpp.obj
[11/1107] Building CXX object CMakeFiles/shop_adapter_tests.dir/tests/shop_adapter_test.cpp.obj
[12/1107] Building CXX object CMakeFiles/shop_flow_tests.dir/tests/shop_flow_test.cpp.obj
[13/1107] Building CXX object CMakeFiles/dialogue_adapter_tests.dir/tests/dialogue_adapter_test.cpp.obj
[14/1107] Building CXX object CMakeFiles/transport_flow_parity_tests.dir/tests/transport_flow_parity_test.cpp.obj
[15/1107] Building CXX object CMakeFiles/world_flow_adapter_tests.dir/tests/world_flow_adapter_test.cpp.obj
[16/1107] Building CXX object CMakeFiles/dungeon_parity_tests.dir/tests/dungeon_parity_test.cpp.obj
[17/1107] Building CXX object CMakeFiles/magic_parity_tests.dir/tests/magic_parity_test.cpp.obj
[18/1107] Building CXX object CMakeFiles/core_parity_tests.dir/tests/parity_test.cpp.obj
[19/1107] Building CXX object CMakeFiles/ui_session_tests.dir/tests/ui_session_test.cpp.obj
[20/1107] Building CXX object CMakeFiles/movement_regression.dir/C_/Dev/OpenU5-Native/native/targets/tdeck/host_tests/movement_test.cpp.obj
[21/1107] Building CXX object CMakeFiles/batch21b_chest_reset.dir/tests/batch21b_chest_reset_test.cpp.obj
[22/1107] Building CXX object CMakeFiles/frontend_tests.dir/tests/frontend_test.cpp.obj
[23/1107] Building CXX object CMakeFiles/debug_developer_tests.dir/tests/debug_developer_test.cpp.obj
[24/1107] Building CXX object CMakeFiles/gameplay_integration_tests.dir/tests/gameplay_integration_test.cpp.obj
[25/1107] Building CXX object CMakeFiles/world_flow_parity_tests.dir/tests/world_flow_parity_test.cpp.obj
[26/1107] Building CXX object CMakeFiles/dungeon_flow_parity_tests.dir/tests/dungeon_flow_parity_test.cpp.obj
[27/1107] Building CXX object CMakeFiles/gem_view_regression.dir/tests/gem_view_test.cpp.obj
[28/1107] Building CXX object CMakeFiles/batch21a3_combat_active_player.dir/C_/Dev/OpenU5-Native/native/targets/tdeck/main/ui_input_adapter.cpp.obj
[29/1107] Building CXX object CMakeFiles/presentation_regression.dir/tests/presentation_test.cpp.obj
[30/1107] Building CXX object CMakeFiles/combat_escape_regression.dir/tests/combat_escape_regression_test.cpp.obj
[31/1107] Building CXX object CMakeFiles/dungeon_art_regression.dir/tests/dungeon_art_test.cpp.obj
[32/1107] Building CXX object CMakeFiles/dungeon_view_regression.dir/tests/dungeon_view_test.cpp.obj
[33/1107] Building CXX object CMakeFiles/batch21a3_combat_active_player.dir/C_/Dev/OpenU5-Native/native/targets/tdeck/main/input_controller.cpp.obj
[34/1107] Building CXX object CMakeFiles/input_regression.dir/C_/Dev/OpenU5-Native/native/targets/tdeck/main/ui_input_adapter.cpp.obj
[35/1107] Building CXX object CMakeFiles/combat_parity_tests.dir/tests/combat_parity_test.cpp.obj
[36/1107] Building CXX object CMakeFiles/combat_loot_open_regression.dir/tests/combat_loot_open_regression_test.cpp.obj
[37/1107] Building CXX object CMakeFiles/item_parity_tests.dir/tests/item_parity_test.cpp.obj
[38/1107] Building CXX object CMakeFiles/input_regression.dir/C_/Dev/OpenU5-Native/native/targets/tdeck/main/input_controller.cpp.obj
[39/1107] Building CXX object CMakeFiles/dungeon_input_regression.dir/C_/Dev/OpenU5-Native/native/targets/tdeck/main/input_controller.cpp.obj
[40/1107] Building CXX object CMakeFiles/command_parity_tests.dir/tests/command_parity_test.cpp.obj
In file included from C:/Dev/TamaPoke/.build-tools/w64devkit/lib/gcc/x86_64-w64-mingw32/16.2.0/include/c++/vector:67,
                 from C:/Dev/OpenU5-Native/native/core/tests/command_parity_test.cpp:6:
In function '_ForwardIterator std::uninitialized_copy(_InputIterator, _InputIterator, _ForwardIterator) [with _InputIterator = __gnu_cxx::__normal_iterator<const long long int*, vector<long long int> >; _ForwardIterator = long long int*]',
    inlined from 'constexpr _ForwardIterator std::__uninitialized_copy_a(_InputIterator, _Sentinel, _ForwardIterator, allocator<_Tp>&) [with _InputIterator = __gnu_cxx::__normal_iterator<const long long int*, vector<long long int> >; _Sentinel = __gnu_cxx::__normal_iterator<const long long int*, vector<long long int> >; _ForwardIterator = long long int*; _Tp = long long int]' at C:/Dev/TamaPoke/.build-tools/w64devkit/lib/gcc/x86_64-w64-mingw32/16.2.0/include/c++/bits/stl_uninitialized.h:659:32,
    inlined from 'constexpr void std::vector<_Tp, _Alloc>::_M_range_insert(iterator, _ForwardIterator, _ForwardIterator, std::forward_iterator_tag) [with _ForwardIterator = __gnu_cxx::__normal_iterator<const long long int*, std::vector<long long int> >; _Tp = long long int; _Alloc = std::allocator<long long int>]' at C:/Dev/TamaPoke/.build-tools/w64devkit/lib/gcc/x86_64-w64-mingw32/16.2.0/include/c++/bits/vector.tcc:984:34,
    inlined from 'constexpr std::vector<_Tp, _Alloc>::iterator std::vector<_Tp, _Alloc>::insert(const_iterator, _InputIterator, _InputIterator) [with _InputIterator = __gnu_cxx::__normal_iterator<const long long int*, std::vector<long long int> >; <template-parameter-2-2> = void; _Tp = long long int; _Alloc = std::allocator<long long int>]' at C:/Dev/TamaPoke/.build-tools/w64devkit/lib/gcc/x86_64-w64-mingw32/16.2.0/include/c++/bits/stl_vector.h:1611:19,
    inlined from 'V Harness::run(openu5::Command, bool)' at C:/Dev/OpenU5-Native/native/core/tests/command_parity_test.cpp:240:17,
    inlined from 'int main(int, char**)' at C:/Dev/OpenU5-Native/native/core/tests/command_parity_test.cpp:270:20:
C:/Dev/TamaPoke/.build-tools/w64devkit/lib/gcc/x86_64-w64-mingw32/16.2.0/include/c++/bits/stl_uninitialized.h:294:31: warning: 'void* __builtin_memcpy(void*, const void*, long long unsigned int)' writing between 1 and 9223372036854775807 bytes into a region of size 0 overflows the destination [-Wstringop-overflow=]
  294 |               __builtin_memcpy(std::__niter_base(__result),
      |               ~~~~~~~~~~~~~~~~^~~~~~~~~~~~~~~~~~~~~~~~~~~~~
  295 |                                std::__niter_base(__first),
      |                                ~~~~~~~~~~~~~~~~~~~~~~~~~~~
  296 |                                __n * sizeof(_ValT));
      |                                ~~~~~~~~~~~~~~~~~~~~
In file included from C:/Dev/TamaPoke/.build-tools/w64devkit/lib/gcc/x86_64-w64-mingw32/16.2.0/include/c++/x86_64-w64-mingw32/bits/c++allocator.h:33,
                 from C:/Dev/TamaPoke/.build-tools/w64devkit/lib/gcc/x86_64-w64-mingw32/16.2.0/include/c++/bits/allocator.h:46,
                 from C:/Dev/TamaPoke/.build-tools/w64devkit/lib/gcc/x86_64-w64-mingw32/16.2.0/include/c++/string:46,
                 from C:/Dev/TamaPoke/.build-tools/w64devkit/lib/gcc/x86_64-w64-mingw32/16.2.0/include/c++/bits/locale_classes.h:43,
                 from C:/Dev/TamaPoke/.build-tools/w64devkit/lib/gcc/x86_64-w64-mingw32/16.2.0/include/c++/bits/ios_base.h:43,
                 from C:/Dev/TamaPoke/.build-tools/w64devkit/lib/gcc/x86_64-w64-mingw32/16.2.0/include/c++/ios:46,
                 from C:/Dev/TamaPoke/.build-tools/w64devkit/lib/gcc/x86_64-w64-mingw32/16.2.0/include/c++/istream:42,
                 from C:/Dev/TamaPoke/.build-tools/w64devkit/lib/gcc/x86_64-w64-mingw32/16.2.0/include/c++/fstream:42,
                 from C:/Dev/OpenU5-Native/native/core/tests/command_parity_test.cpp:4:
In member function 'constexpr _Tp* std::__new_allocator<_Tp>::allocate(size_type, const void*) [with _Tp = long long int]',
    inlined from 'constexpr _Tp* std::allocator< <template-parameter-1-1> >::allocate(std::size_t) [with _Tp = long long int]' at C:/Dev/TamaPoke/.build-tools/w64devkit/lib/gcc/x86_64-w64-mingw32/16.2.0/include/c++/bits/allocator.h:206:40,
    inlined from 'static constexpr _Tp* std::allocator_traits<std::allocator<_CharT> >::allocate(allocator_type&, size_type) [with _Tp = long long int]' at C:/Dev/TamaPoke/.build-tools/w64devkit/lib/gcc/x86_64-w64-mingw32/16.2.0/include/c++/bits/alloc_traits.h:638:28,
    inlined from 'constexpr std::_Vector_base<_Tp, _Alloc>::pointer std::_Vector_base<_Tp, _Alloc>::_M_allocate(std::size_t) [with _Tp = long long int; _Alloc = std::allocator<long long int>]' at C:/Dev/TamaPoke/.build-tools/w64devkit/lib/gcc/x86_64-w64-mingw32/16.2.0/include/c++/bits/stl_vector.h:389:33,
    inlined from 'constexpr void std::vector<_Tp, _Alloc>::_M_range_initialize_n(_Iterator, _Sentinel, size_type) [with _Iterator = const long long int*; _Sentinel = const long long int*; _Tp = long long int; _Alloc = std::allocator<long long int>]' at C:/Dev/TamaPoke/.build-tools/w64devkit/lib/gcc/x86_64-w64-mingw32/16.2.0/include/c++/bits/stl_vector.h:1975:23,
    inlined from 'constexpr std::vector<_Tp, _Alloc>::vector(std::initializer_list<_Tp>, const allocator_type&) [with _Tp = long long int; _Alloc = std::allocator<long long int>]' at C:/Dev/TamaPoke/.build-tools/w64devkit/lib/gcc/x86_64-w64-mingw32/16.2.0/include/c++/bits/stl_vector.h:702:23,
    inlined from 'V Harness::run(openu5::Command, bool)' at C:/Dev/OpenU5-Native/native/core/tests/command_parity_test.cpp:239:84,
    inlined from 'int main(int, char**)' at C:/Dev/OpenU5-Native/native/core/tests/command_parity_test.cpp:270:20:
C:/Dev/TamaPoke/.build-tools/w64devkit/lib/gcc/x86_64-w64-mingw32/16.2.0/include/c++/bits/new_allocator.h:162:75: note: at offset 40 into destination object of size 40 allocated by 'operator new'
  162 |           return static_cast<_Tp*>(_GLIBCXX_OPERATOR_NEW(__n * sizeof(_Tp)));
      |                                                                           ^
[41/1107] Building CXX object CMakeFiles/persistence_driver.dir/tests/persistence_driver.cpp.obj
[42/1107] Building CXX object CMakeFiles/dungeon_combat_regression.dir/C_/Dev/OpenU5-Native/native/targets/tdeck/main/ui_input_adapter.cpp.obj
[43/1107] Building CXX object CMakeFiles/dungeon_input_regression.dir/C_/Dev/OpenU5-Native/native/targets/tdeck/main/ui_input_adapter.cpp.obj
[44/1107] Building CXX object CMakeFiles/batch21a3_combat_active_player.dir/tests/batch21a3_combat_active_player_test.cpp.obj
[45/1107] Building CXX object CMakeFiles/direct_troll_handoff_regression.dir/tests/direct_troll_handoff_test.cpp.obj
[46/1107] Building CXX object CMakeFiles/dungeon_combat_regression.dir/C_/Dev/OpenU5-Native/native/targets/tdeck/main/input_controller.cpp.obj
[47/1107] Building CXX object CMakeFiles/input_regression.dir/C_/Dev/OpenU5-Native/native/targets/tdeck/host_tests/input_test.cpp.obj
[48/1107] Building CXX object CMakeFiles/dungeon_input_regression.dir/C_/Dev/OpenU5-Native/native/targets/tdeck/host_tests/dungeon_input_test.cpp.obj
[49/1107] Building CXX object CMakeFiles/travel_parity_tests.dir/tests/travel_parity_test.cpp.obj
[50/1107] Building CXX object CMakeFiles/advanced_combat_parity_tests.dir/tests/advanced_combat_parity_test.cpp.obj
[51/1107] Building CXX object CMakeFiles/dialogue_parity_tests.dir/tests/dialogue_parity_test.cpp.obj
[52/1107] Building CXX object CMakeFiles/alpha_runtime_integration_regression.dir/C_/Dev/OpenU5-Native/native/targets/tdeck/host_tests/host_stubs/tdeck_board_host_stub.cpp.obj
[53/1107] Building CXX object CMakeFiles/alpha_runtime_integration_regression.dir/C_/Dev/OpenU5-Native/native/targets/tdeck/host_tests/host_stubs/alpha_save_host_stub.cpp.obj
[54/1107] Building CXX object CMakeFiles/alpha_runtime_integration_regression.dir/C_/Dev/OpenU5-Native/native/targets/tdeck/main/ui_input_adapter.cpp.obj
[55/1107] Building CXX object CMakeFiles/alpha_runtime_integration_regression.dir/C_/Dev/OpenU5-Native/native/targets/tdeck/main/input_controller.cpp.obj
[56/1107] Building CXX object CMakeFiles/batch12b_hardware_regression.dir/C_/Dev/OpenU5-Native/native/targets/tdeck/main/dungeon_art_cache.cpp.obj
[57/1107] Building CXX object CMakeFiles/batch12b_hardware_regression.dir/C_/Dev/OpenU5-Native/native/targets/tdeck/host_tests/batch12b_hardware_test.cpp.obj
[58/1107] Building CXX object CMakeFiles/batch12b_hardware_regression.dir/C_/Dev/OpenU5-Native/native/targets/tdeck/main/alpha_resources.cpp.obj
[59/1107] Building CXX object CMakeFiles/batch12b_hardware_regression.dir/C_/Dev/OpenU5-Native/native/targets/tdeck/main/native_renderer.cpp.obj
[60/1107] Building CXX object CMakeFiles/alpha_runtime_integration_regression.dir/C_/Dev/OpenU5-Native/native/targets/tdeck/host_tests/host_stubs/device_smoke_tests_host_stub.cpp.obj
[61/1107] Building CXX object CMakeFiles/action_feedback_regression.dir/tests/action_feedback_test.cpp.obj
[62/1107] Building CXX object CMakeFiles/gameplay_driver.dir/tests/gameplay_driver.cpp.obj
[63/1107] Building CXX object CMakeFiles/batch21a_dungeon_room_regression.dir/C_/Dev/OpenU5-Native/native/targets/tdeck/host_tests/host_stubs/tdeck_board_host_stub.cpp.obj
[64/1107] Building CXX object CMakeFiles/batch21a_dungeon_room_regression.dir/C_/Dev/OpenU5-Native/native/targets/tdeck/host_tests/host_stubs/alpha_save_host_stub.cpp.obj
[65/1107] Building CXX object CMakeFiles/ui_mode_regression.dir/C_/Dev/OpenU5-Native/native/targets/tdeck/host_tests/ui_mode_test.cpp.obj
[66/1107] Building CXX object CMakeFiles/dungeon_combat_regression.dir/C_/Dev/OpenU5-Native/native/targets/tdeck/host_tests/dungeon_combat_test.cpp.obj
[67/1107] Building CXX object CMakeFiles/batch21a_dungeon_room_regression.dir/C_/Dev/OpenU5-Native/native/targets/tdeck/main/ui_input_adapter.cpp.obj
[68/1107] Building CXX object CMakeFiles/alpha_runtime_integration_regression.dir/C_/Dev/OpenU5-Native/native/targets/tdeck/host_tests/alpha_runtime_host_fixture.cpp.obj
[69/1107] Building CXX object CMakeFiles/batch21a_dungeon_room_regression.dir/C_/Dev/OpenU5-Native/native/targets/tdeck/main/input_controller.cpp.obj
[70/1107] Building CXX object CMakeFiles/alpha_runtime_integration_regression.dir/C_/Dev/OpenU5-Native/native/targets/tdeck/host_tests/alpha_runtime_integration_test.cpp.obj
[71/1107] Building CXX object CMakeFiles/batch21a_dungeon_room_regression.dir/C_/Dev/OpenU5-Native/native/targets/tdeck/host_tests/host_stubs/device_smoke_tests_host_stub.cpp.obj
[72/1107] Building CXX object CMakeFiles/quest_driver.dir/tests/quest_driver.cpp.obj
[73/1107] Building CXX object CMakeFiles/alpha_runtime_integration_regression.dir/C_/Dev/OpenU5-Native/native/targets/tdeck/main/dungeon_art_cache.cpp.obj
[74/1107] Building CXX object CMakeFiles/alpha_runtime_integration_regression.dir/C_/Dev/OpenU5-Native/native/targets/tdeck/main/alpha_dialogue.cpp.obj
[75/1107] Building CXX object CMakeFiles/batch22_basement_objects.dir/C_/Dev/OpenU5-Native/native/targets/tdeck/main/ui_input_adapter.cpp.obj
[76/1107] Building CXX object CMakeFiles/alpha_runtime_integration_regression.dir/C_/Dev/OpenU5-Native/native/targets/tdeck/main/alpha_resources.cpp.obj
[77/1107] Building CXX object CMakeFiles/batch21a_dungeon_room_regression.dir/C_/Dev/OpenU5-Native/native/targets/tdeck/host_tests/alpha_runtime_host_fixture.cpp.obj
[78/1107] Building CXX object CMakeFiles/alpha_runtime_integration_regression.dir/C_/Dev/OpenU5-Native/native/targets/tdeck/main/native_renderer.cpp.obj
[79/1107] Building CXX object CMakeFiles/batch21a_dungeon_room_regression.dir/C_/Dev/OpenU5-Native/native/targets/tdeck/main/dungeon_art_cache.cpp.obj
[80/1107] Building CXX object CMakeFiles/batch21a_dungeon_room_regression.dir/C_/Dev/OpenU5-Native/native/targets/tdeck/main/alpha_dialogue.cpp.obj
[81/1107] Building CXX object CMakeFiles/batch22_basement_objects.dir/C_/Dev/OpenU5-Native/native/targets/tdeck/host_tests/host_stubs/alpha_save_host_stub.cpp.obj
[82/1107] Building CXX object CMakeFiles/batch22_basement_objects.dir/C_/Dev/OpenU5-Native/native/targets/tdeck/host_tests/host_stubs/tdeck_board_host_stub.cpp.obj
[83/1107] Building CXX object CMakeFiles/batch21a_dungeon_room_regression.dir/C_/Dev/OpenU5-Native/native/targets/tdeck/main/alpha_resources.cpp.obj
[84/1107] Building CXX object CMakeFiles/batch22_basement_objects.dir/C_/Dev/OpenU5-Native/native/targets/tdeck/host_tests/alpha_runtime_host_fixture.cpp.obj
[85/1107] Building CXX object CMakeFiles/batch21a_dungeon_room_regression.dir/C_/Dev/OpenU5-Native/native/targets/tdeck/main/native_renderer.cpp.obj
[86/1107] Building CXX object CMakeFiles/batch22_basement_objects.dir/C_/Dev/OpenU5-Native/native/targets/tdeck/host_tests/batch22_basement_objects_test.cpp.obj
[87/1107] Building CXX object CMakeFiles/batch22_basement_objects.dir/C_/Dev/OpenU5-Native/native/targets/tdeck/main/input_controller.cpp.obj
[88/1107] Building CXX object CMakeFiles/batch23_vault_parity.dir/C_/Dev/OpenU5-Native/native/targets/tdeck/main/ui_input_adapter.cpp.obj
[89/1107] Building CXX object CMakeFiles/batch22_basement_objects.dir/C_/Dev/OpenU5-Native/native/targets/tdeck/host_tests/host_stubs/device_smoke_tests_host_stub.cpp.obj
[90/1107] Building CXX object CMakeFiles/batch23_vault_parity.dir/C_/Dev/OpenU5-Native/native/targets/tdeck/main/input_controller.cpp.obj
[91/1107] Building CXX object CMakeFiles/batch23_vault_parity.dir/C_/Dev/OpenU5-Native/native/targets/tdeck/host_tests/host_stubs/alpha_save_host_stub.cpp.obj
[92/1107] Building CXX object CMakeFiles/batch22_basement_objects.dir/C_/Dev/OpenU5-Native/native/targets/tdeck/main/dungeon_art_cache.cpp.obj
[93/1107] Building CXX object CMakeFiles/batch21a_dungeon_room_regression.dir/C_/Dev/OpenU5-Native/native/targets/tdeck/host_tests/batch21a_dungeon_room_test.cpp.obj
[94/1107] Building CXX object CMakeFiles/batch22_basement_objects.dir/C_/Dev/OpenU5-Native/native/targets/tdeck/main/alpha_dialogue.cpp.obj
[95/1107] Building CXX object CMakeFiles/batch23_vault_parity.dir/C_/Dev/OpenU5-Native/native/targets/tdeck/host_tests/host_stubs/tdeck_board_host_stub.cpp.obj
[96/1107] Building CXX object CMakeFiles/batch22_basement_objects.dir/C_/Dev/OpenU5-Native/native/targets/tdeck/main/alpha_resources.cpp.obj
[97/1107] Building CXX object CMakeFiles/batch23_vault_parity.dir/C_/Dev/OpenU5-Native/native/targets/tdeck/host_tests/alpha_runtime_host_fixture.cpp.obj
[98/1107] Building CXX object CMakeFiles/batch23_vault_parity.dir/C_/Dev/OpenU5-Native/native/targets/tdeck/host_tests/host_stubs/device_smoke_tests_host_stub.cpp.obj
[99/1107] Building CXX object CMakeFiles/batch24_reload_parity.dir/C_/Dev/OpenU5-Native/native/targets/tdeck/main/ui_input_adapter.cpp.obj
[100/1107] Building CXX object CMakeFiles/batch22_basement_objects.dir/C_/Dev/OpenU5-Native/native/targets/tdeck/main/native_renderer.cpp.obj
[101/1107] Building CXX object CMakeFiles/batch23_vault_parity.dir/C_/Dev/OpenU5-Native/native/targets/tdeck/main/dungeon_art_cache.cpp.obj
[102/1107] Building CXX object CMakeFiles/batch24_reload_parity.dir/C_/Dev/OpenU5-Native/native/targets/tdeck/host_tests/host_stubs/tdeck_board_host_stub.cpp.obj
[103/1107] Building CXX object CMakeFiles/batch23_vault_parity.dir/C_/Dev/OpenU5-Native/native/targets/tdeck/main/alpha_resources.cpp.obj
[104/1107] Building CXX object CMakeFiles/batch23_vault_parity.dir/C_/Dev/OpenU5-Native/native/targets/tdeck/main/alpha_dialogue.cpp.obj
[105/1107] Building CXX object CMakeFiles/batch24_reload_parity.dir/C_/Dev/OpenU5-Native/native/targets/tdeck/main/input_controller.cpp.obj
[106/1107] Building CXX object CMakeFiles/batch24_reload_parity.dir/C_/Dev/OpenU5-Native/native/targets/tdeck/host_tests/alpha_runtime_host_fixture.cpp.obj
[107/1107] Building CXX object CMakeFiles/batch23_vault_parity.dir/C_/Dev/OpenU5-Native/native/targets/tdeck/main/native_renderer.cpp.obj
[108/1107] Building CXX object CMakeFiles/batch24_reload_parity.dir/C_/Dev/OpenU5-Native/native/targets/tdeck/host_tests/host_stubs/alpha_save_memory_host_stub.cpp.obj
[109/1107] Building CXX object CMakeFiles/batch24_reload_parity.dir/C_/Dev/OpenU5-Native/native/targets/tdeck/main/alpha_save_generation.cpp.obj
[110/1107] Building CXX object CMakeFiles/batch23_vault_parity.dir/C_/Dev/OpenU5-Native/native/targets/tdeck/host_tests/batch23_vault_parity_test.cpp.obj
[111/1107] Building CXX object CMakeFiles/batch24_reload_parity.dir/C_/Dev/OpenU5-Native/native/targets/tdeck/host_tests/host_stubs/device_smoke_tests_host_stub.cpp.obj
[112/1107] Building CXX object CMakeFiles/batch25_shard_ritual.dir/C_/Dev/OpenU5-Native/native/targets/tdeck/main/ui_input_adapter.cpp.obj
[113/1107] Building CXX object CMakeFiles/batch24_reload_parity.dir/C_/Dev/OpenU5-Native/native/targets/tdeck/main/dungeon_art_cache.cpp.obj
[114/1107] Building CXX object CMakeFiles/batch25_shard_ritual.dir/C_/Dev/OpenU5-Native/native/targets/tdeck/main/input_controller.cpp.obj
[115/1107] Building CXX object CMakeFiles/batch24_reload_parity.dir/C_/Dev/OpenU5-Native/native/targets/tdeck/host_tests/batch24_reload_parity_test.cpp.obj
[116/1107] Building CXX object CMakeFiles/batch25_shard_ritual.dir/C_/Dev/OpenU5-Native/native/targets/tdeck/host_tests/host_stubs/tdeck_board_host_stub.cpp.obj
[117/1107] Building CXX object CMakeFiles/batch24_reload_parity.dir/C_/Dev/OpenU5-Native/native/targets/tdeck/main/alpha_resources.cpp.obj
[118/1107] Building CXX object CMakeFiles/batch24_reload_parity.dir/C_/Dev/OpenU5-Native/native/targets/tdeck/main/alpha_dialogue.cpp.obj
[119/1107] Building CXX object CMakeFiles/batch25_shard_ritual.dir/C_/Dev/OpenU5-Native/native/targets/tdeck/host_tests/alpha_runtime_host_fixture.cpp.obj
[120/1107] Building CXX object CMakeFiles/alpha_runtime_integration_regression.dir/C_/Dev/OpenU5-Native/native/targets/tdeck/main/alpha_runtime.cpp.obj
[121/1107] Building CXX object CMakeFiles/batch24_reload_parity.dir/C_/Dev/OpenU5-Native/native/targets/tdeck/main/native_renderer.cpp.obj
[122/1107] Building CXX object CMakeFiles/batch25_shard_ritual.dir/C_/Dev/OpenU5-Native/native/targets/tdeck/main/alpha_save_generation.cpp.obj
[123/1107] Building CXX object CMakeFiles/batch25_shard_ritual.dir/C_/Dev/OpenU5-Native/native/targets/tdeck/host_tests/host_stubs/alpha_save_memory_host_stub.cpp.obj
[124/1107] Building CXX object CMakeFiles/turn_parity_tests.dir/tests/turn_parity_test.cpp.obj
[125/1107] Building CXX object CMakeFiles/batch25_shard_ritual.dir/C_/Dev/OpenU5-Native/native/targets/tdeck/host_tests/host_stubs/device_smoke_tests_host_stub.cpp.obj
[126/1107] Building CXX object CMakeFiles/batch25_shard_ritual.dir/C_/Dev/OpenU5-Native/native/targets/tdeck/host_tests/batch25_shard_ritual_test.cpp.obj
[127/1107] Building CXX object CMakeFiles/batch21a_dungeon_room_regression.dir/C_/Dev/OpenU5-Native/native/targets/tdeck/main/alpha_runtime.cpp.obj
[128/1107] Building CXX object CMakeFiles/batch25_shard_ritual.dir/C_/Dev/OpenU5-Native/native/targets/tdeck/main/dungeon_art_cache.cpp.obj
[129/1107] Building CXX object CMakeFiles/batch26_dungeon_save.dir/C_/Dev/OpenU5-Native/native/targets/tdeck/main/ui_input_adapter.cpp.obj
[130/1107] Building CXX object CMakeFiles/batch26_dungeon_save.dir/C_/Dev/OpenU5-Native/native/targets/tdeck/host_tests/host_stubs/tdeck_board_host_stub.cpp.obj
[131/1107] Building CXX object CMakeFiles/batch26_dungeon_save.dir/C_/Dev/OpenU5-Native/native/targets/tdeck/main/input_controller.cpp.obj
[132/1107] Building CXX object CMakeFiles/batch25_shard_ritual.dir/C_/Dev/OpenU5-Native/native/targets/tdeck/main/alpha_dialogue.cpp.obj
[133/1107] Building CXX object CMakeFiles/batch25_shard_ritual.dir/C_/Dev/OpenU5-Native/native/targets/tdeck/main/native_renderer.cpp.obj
[134/1107] Building CXX object CMakeFiles/batch26_dungeon_save.dir/C_/Dev/OpenU5-Native/native/targets/tdeck/host_tests/alpha_runtime_host_fixture.cpp.obj
[135/1107] Building CXX object CMakeFiles/batch25_shard_ritual.dir/C_/Dev/OpenU5-Native/native/targets/tdeck/main/alpha_resources.cpp.obj
[136/1107] Building CXX object CMakeFiles/batch26_dungeon_save.dir/C_/Dev/OpenU5-Native/native/targets/tdeck/host_tests/host_stubs/alpha_save_memory_host_stub.cpp.obj
[137/1107] Building CXX object CMakeFiles/batch26_dungeon_save.dir/C_/Dev/OpenU5-Native/native/targets/tdeck/host_tests/host_stubs/device_smoke_tests_host_stub.cpp.obj
[138/1107] Building CXX object CMakeFiles/batch26_dungeon_save.dir/C_/Dev/OpenU5-Native/native/targets/tdeck/main/alpha_save_generation.cpp.obj
[139/1107] Building CXX object CMakeFiles/batch27_alt_load.dir/C_/Dev/OpenU5-Native/native/targets/tdeck/main/ui_input_adapter.cpp.obj
[140/1107] Building CXX object CMakeFiles/batch26_dungeon_save.dir/C_/Dev/OpenU5-Native/native/targets/tdeck/main/dungeon_art_cache.cpp.obj
[141/1107] Building CXX object CMakeFiles/batch26_dungeon_save.dir/C_/Dev/OpenU5-Native/native/targets/tdeck/main/alpha_dialogue.cpp.obj
[142/1107] Building CXX object CMakeFiles/batch26_dungeon_save.dir/C_/Dev/OpenU5-Native/native/targets/tdeck/main/alpha_resources.cpp.obj
[143/1107] Building CXX object CMakeFiles/batch22_basement_objects.dir/C_/Dev/OpenU5-Native/native/targets/tdeck/main/alpha_runtime.cpp.obj
[144/1107] Building CXX object CMakeFiles/batch27_alt_load.dir/C_/Dev/OpenU5-Native/native/targets/tdeck/main/input_controller.cpp.obj
[145/1107] Building CXX object CMakeFiles/batch27_alt_load.dir/C_/Dev/OpenU5-Native/native/targets/tdeck/host_tests/host_stubs/tdeck_board_host_stub.cpp.obj
[146/1107] Building CXX object CMakeFiles/batch26_dungeon_save.dir/C_/Dev/OpenU5-Native/native/targets/tdeck/host_tests/batch26_dungeon_save_test.cpp.obj
[147/1107] Building CXX object CMakeFiles/batch27_alt_load.dir/C_/Dev/OpenU5-Native/native/targets/tdeck/host_tests/alpha_runtime_host_fixture.cpp.obj
[148/1107] Building CXX object CMakeFiles/batch26_dungeon_save.dir/C_/Dev/OpenU5-Native/native/targets/tdeck/main/native_renderer.cpp.obj
[149/1107] Building CXX object CMakeFiles/batch27_alt_load.dir/C_/Dev/OpenU5-Native/native/targets/tdeck/main/alpha_save_generation.cpp.obj
[150/1107] Building CXX object CMakeFiles/batch27_alt_load.dir/C_/Dev/OpenU5-Native/native/targets/tdeck/host_tests/host_stubs/alpha_save_memory_host_stub.cpp.obj
[151/1107] Building CXX object CMakeFiles/batch27_alt_load.dir/C_/Dev/OpenU5-Native/native/targets/tdeck/host_tests/host_stubs/device_smoke_tests_host_stub.cpp.obj
[152/1107] Building CXX object CMakeFiles/batch27_alt_load.dir/C_/Dev/OpenU5-Native/native/targets/tdeck/host_tests/batch27_alt_load_test.cpp.obj
[153/1107] Building CXX object CMakeFiles/batch27_alt_load.dir/C_/Dev/OpenU5-Native/native/targets/tdeck/main/dungeon_art_cache.cpp.obj
[154/1107] Building CXX object CMakeFiles/batch28_save_validation.dir/C_/Dev/OpenU5-Native/native/targets/tdeck/main/ui_input_adapter.cpp.obj
[155/1107] Building CXX object CMakeFiles/batch28_save_validation.dir/C_/Dev/OpenU5-Native/native/targets/tdeck/main/input_controller.cpp.obj
[156/1107] Building CXX object CMakeFiles/batch27_alt_load.dir/C_/Dev/OpenU5-Native/native/targets/tdeck/main/alpha_dialogue.cpp.obj
[157/1107] Building CXX object CMakeFiles/batch27_alt_load.dir/C_/Dev/OpenU5-Native/native/targets/tdeck/main/alpha_resources.cpp.obj
[158/1107] Building CXX object CMakeFiles/batch28_save_validation.dir/C_/Dev/OpenU5-Native/native/targets/tdeck/host_tests/alpha_runtime_host_fixture.cpp.obj
[159/1107] Building CXX object CMakeFiles/batch28_save_validation.dir/C_/Dev/OpenU5-Native/native/targets/tdeck/host_tests/host_stubs/tdeck_board_host_stub.cpp.obj
[160/1107] Building CXX object CMakeFiles/batch23_vault_parity.dir/C_/Dev/OpenU5-Native/native/targets/tdeck/main/alpha_runtime.cpp.obj
[161/1107] Building CXX object CMakeFiles/batch27_alt_load.dir/C_/Dev/OpenU5-Native/native/targets/tdeck/main/native_renderer.cpp.obj
[162/1107] Building CXX object CMakeFiles/batch28_save_validation.dir/C_/Dev/OpenU5-Native/native/targets/tdeck/main/alpha_save_generation.cpp.obj
[163/1107] Building CXX object CMakeFiles/batch28_save_validation.dir/C_/Dev/OpenU5-Native/native/targets/tdeck/host_tests/host_stubs/alpha_save_memory_host_stub.cpp.obj
[164/1107] Building CXX object CMakeFiles/batch28_save_validation.dir/C_/Dev/OpenU5-Native/native/targets/tdeck/main/dungeon_art_cache.cpp.obj
[165/1107] Building CXX object CMakeFiles/batch28_save_validation.dir/C_/Dev/OpenU5-Native/native/targets/tdeck/host_tests/host_stubs/device_smoke_tests_host_stub.cpp.obj
[166/1107] Building CXX object CMakeFiles/batch24_reload_parity.dir/C_/Dev/OpenU5-Native/native/targets/tdeck/main/alpha_runtime.cpp.obj
[167/1107] Building CXX object CMakeFiles/batch29_rest_wiring.dir/C_/Dev/OpenU5-Native/native/targets/tdeck/main/ui_input_adapter.cpp.obj
[168/1107] Building CXX object CMakeFiles/batch28_save_validation.dir/C_/Dev/OpenU5-Native/native/targets/tdeck/main/alpha_resources.cpp.obj
[169/1107] Building CXX object CMakeFiles/batch29_rest_wiring.dir/C_/Dev/OpenU5-Native/native/targets/tdeck/main/input_controller.cpp.obj
[170/1107] Building CXX object CMakeFiles/batch29_rest_wiring.dir/C_/Dev/OpenU5-Native/native/targets/tdeck/host_tests/host_stubs/tdeck_board_host_stub.cpp.obj
[171/1107] Building CXX object CMakeFiles/batch29_rest_wiring.dir/C_/Dev/OpenU5-Native/native/targets/tdeck/host_tests/alpha_runtime_host_fixture.cpp.obj
[172/1107] Building CXX object CMakeFiles/batch28_save_validation.dir/C_/Dev/OpenU5-Native/native/targets/tdeck/main/alpha_dialogue.cpp.obj
[173/1107] Building CXX object CMakeFiles/batch29_rest_wiring.dir/C_/Dev/OpenU5-Native/native/targets/tdeck/host_tests/host_stubs/alpha_save_memory_host_stub.cpp.obj
[174/1107] Building CXX object CMakeFiles/batch28_save_validation.dir/C_/Dev/OpenU5-Native/native/targets/tdeck/main/native_renderer.cpp.obj
[175/1107] Building CXX object CMakeFiles/batch29_rest_wiring.dir/C_/Dev/OpenU5-Native/native/targets/tdeck/host_tests/host_stubs/device_smoke_tests_host_stub.cpp.obj
[176/1107] Building CXX object CMakeFiles/batch29_rest_wiring.dir/C_/Dev/OpenU5-Native/native/targets/tdeck/main/alpha_save_generation.cpp.obj
[177/1107] Building CXX object CMakeFiles/batch29_rest_wiring.dir/C_/Dev/OpenU5-Native/native/targets/tdeck/main/dungeon_art_cache.cpp.obj
[178/1107] Building CXX object CMakeFiles/batch25_shard_ritual.dir/C_/Dev/OpenU5-Native/native/targets/tdeck/main/alpha_runtime.cpp.obj
[179/1107] Building CXX object CMakeFiles/batch29_rest_wiring.dir/C_/Dev/OpenU5-Native/native/targets/tdeck/main/alpha_dialogue.cpp.obj
[180/1107] Building CXX object CMakeFiles/batch30_sleep_parity.dir/C_/Dev/OpenU5-Native/native/targets/tdeck/main/input_controller.cpp.obj
[181/1107] Building CXX object CMakeFiles/batch30_sleep_parity.dir/C_/Dev/OpenU5-Native/native/targets/tdeck/main/ui_input_adapter.cpp.obj
[182/1107] Building CXX object CMakeFiles/batch29_rest_wiring.dir/C_/Dev/OpenU5-Native/native/targets/tdeck/main/alpha_resources.cpp.obj
[183/1107] Building CXX object CMakeFiles/batch29_rest_wiring.dir/C_/Dev/OpenU5-Native/native/targets/tdeck/main/native_renderer.cpp.obj
[184/1107] Building CXX object CMakeFiles/batch30_sleep_parity.dir/C_/Dev/OpenU5-Native/native/targets/tdeck/host_tests/host_stubs/tdeck_board_host_stub.cpp.obj
[185/1107] Building CXX object CMakeFiles/batch29_rest_wiring.dir/C_/Dev/OpenU5-Native/native/targets/tdeck/host_tests/batch29_rest_wiring_test.cpp.obj
[186/1107] Building CXX object CMakeFiles/batch30_sleep_parity.dir/C_/Dev/OpenU5-Native/native/targets/tdeck/host_tests/alpha_runtime_host_fixture.cpp.obj
[187/1107] Building CXX object CMakeFiles/batch30_sleep_parity.dir/C_/Dev/OpenU5-Native/native/targets/tdeck/host_tests/batch30_sleep_parity_test.cpp.obj
[188/1107] Building CXX object CMakeFiles/batch28_save_validation.dir/C_/Dev/OpenU5-Native/native/targets/tdeck/host_tests/batch28_save_validation_test.cpp.obj
[189/1107] Building CXX object CMakeFiles/batch30_sleep_parity.dir/C_/Dev/OpenU5-Native/native/targets/tdeck/host_tests/host_stubs/device_smoke_tests_host_stub.cpp.obj
[190/1107] Building CXX object CMakeFiles/batch30_sleep_parity.dir/C_/Dev/OpenU5-Native/native/targets/tdeck/main/alpha_save_generation.cpp.obj
[191/1107] Building CXX object CMakeFiles/batch30_sleep_parity.dir/C_/Dev/OpenU5-Native/native/targets/tdeck/host_tests/host_stubs/alpha_save_memory_host_stub.cpp.obj
[192/1107] Building CXX object CMakeFiles/batch31_h165_dungeon_entry.dir/C_/Dev/OpenU5-Native/native/targets/tdeck/main/ui_input_adapter.cpp.obj
[193/1107] Building CXX object CMakeFiles/batch30_sleep_parity.dir/C_/Dev/OpenU5-Native/native/targets/tdeck/main/dungeon_art_cache.cpp.obj
[194/1107] Building CXX object CMakeFiles/batch30_sleep_parity.dir/C_/Dev/OpenU5-Native/native/targets/tdeck/main/alpha_resources.cpp.obj
[195/1107] Building CXX object CMakeFiles/batch26_dungeon_save.dir/C_/Dev/OpenU5-Native/native/targets/tdeck/main/alpha_runtime.cpp.obj
[196/1107] Building CXX object CMakeFiles/batch31_h165_dungeon_entry.dir/C_/Dev/OpenU5-Native/native/targets/tdeck/host_tests/host_stubs/tdeck_board_host_stub.cpp.obj
[197/1107] Building CXX object CMakeFiles/batch31_h165_dungeon_entry.dir/C_/Dev/OpenU5-Native/native/targets/tdeck/main/input_controller.cpp.obj
[198/1107] Building CXX object CMakeFiles/batch30_sleep_parity.dir/C_/Dev/OpenU5-Native/native/targets/tdeck/main/alpha_dialogue.cpp.obj
[199/1107] Building CXX object CMakeFiles/batch30_sleep_parity.dir/C_/Dev/OpenU5-Native/native/targets/tdeck/main/native_renderer.cpp.obj
[200/1107] Building CXX object CMakeFiles/batch31_h165_dungeon_entry.dir/C_/Dev/OpenU5-Native/native/targets/tdeck/host_tests/alpha_runtime_host_fixture.cpp.obj
[201/1107] Building CXX object CMakeFiles/batch31_h165_dungeon_entry.dir/C_/Dev/OpenU5-Native/native/targets/tdeck/host_tests/host_stubs/alpha_save_memory_host_stub.cpp.obj
[202/1107] Building CXX object CMakeFiles/batch31_h165_dungeon_entry.dir/C_/Dev/OpenU5-Native/native/targets/tdeck/host_tests/host_stubs/device_smoke_tests_host_stub.cpp.obj
[203/1107] Building CXX object CMakeFiles/batch31_h165_dungeon_entry.dir/C_/Dev/OpenU5-Native/native/targets/tdeck/host_tests/batch31_h165_dungeon_entry_test.cpp.obj
[204/1107] Building CXX object CMakeFiles/batch31_h165_dungeon_entry.dir/C_/Dev/OpenU5-Native/native/targets/tdeck/main/alpha_save_generation.cpp.obj
[205/1107] Building CXX object CMakeFiles/batch31_h165_dungeon_entry.dir/C_/Dev/OpenU5-Native/native/targets/tdeck/main/dungeon_art_cache.cpp.obj
[206/1107] Building CXX object CMakeFiles/batch27_alt_load.dir/C_/Dev/OpenU5-Native/native/targets/tdeck/main/alpha_runtime.cpp.obj
[207/1107] Building CXX object CMakeFiles/batch32_camp_watch.dir/C_/Dev/OpenU5-Native/native/targets/tdeck/main/ui_input_adapter.cpp.obj
[208/1107] Building CXX object CMakeFiles/batch32_camp_watch.dir/C_/Dev/OpenU5-Native/native/targets/tdeck/host_tests/alpha_runtime_host_fixture.cpp.obj
[209/1107] Building CXX object CMakeFiles/batch32_camp_watch.dir/C_/Dev/OpenU5-Native/native/targets/tdeck/host_tests/host_stubs/tdeck_board_host_stub.cpp.obj
[210/1107] Building CXX object CMakeFiles/batch31_h165_dungeon_entry.dir/C_/Dev/OpenU5-Native/native/targets/tdeck/main/alpha_dialogue.cpp.obj
[211/1107] Building CXX object CMakeFiles/batch31_h165_dungeon_entry.dir/C_/Dev/OpenU5-Native/native/targets/tdeck/main/alpha_resources.cpp.obj
[212/1107] Building CXX object CMakeFiles/batch32_camp_watch.dir/C_/Dev/OpenU5-Native/native/targets/tdeck/main/input_controller.cpp.obj
[213/1107] Building CXX object CMakeFiles/batch31_h165_dungeon_entry.dir/C_/Dev/OpenU5-Native/native/targets/tdeck/main/native_renderer.cpp.obj
[214/1107] Building CXX object CMakeFiles/batch32_camp_watch.dir/C_/Dev/OpenU5-Native/native/targets/tdeck/host_tests/host_stubs/alpha_save_memory_host_stub.cpp.obj
[215/1107] Building CXX object CMakeFiles/batch32_camp_watch.dir/C_/Dev/OpenU5-Native/native/targets/tdeck/host_tests/batch32_camp_watch_test.cpp.obj
[216/1107] Building CXX object CMakeFiles/batch32_camp_watch.dir/C_/Dev/OpenU5-Native/native/targets/tdeck/main/alpha_save_generation.cpp.obj
[217/1107] Building CXX object CMakeFiles/batch32_camp_watch.dir/C_/Dev/OpenU5-Native/native/targets/tdeck/host_tests/host_stubs/device_smoke_tests_host_stub.cpp.obj
[218/1107] Building CXX object CMakeFiles/batch33_cannon_npc_death.dir/C_/Dev/OpenU5-Native/native/targets/tdeck/main/ui_input_adapter.cpp.obj
[219/1107] Building CXX object CMakeFiles/batch32_camp_watch.dir/C_/Dev/OpenU5-Native/native/targets/tdeck/main/dungeon_art_cache.cpp.obj
[220/1107] Building CXX object CMakeFiles/batch32_camp_watch.dir/C_/Dev/OpenU5-Native/native/targets/tdeck/main/alpha_dialogue.cpp.obj
[221/1107] Building CXX object CMakeFiles/batch33_cannon_npc_death.dir/C_/Dev/OpenU5-Native/native/targets/tdeck/host_tests/host_stubs/tdeck_board_host_stub.cpp.obj
[222/1107] Building CXX object CMakeFiles/batch33_cannon_npc_death.dir/C_/Dev/OpenU5-Native/native/targets/tdeck/host_tests/alpha_runtime_host_fixture.cpp.obj
[223/1107] Building CXX object CMakeFiles/batch28_save_validation.dir/C_/Dev/OpenU5-Native/native/targets/tdeck/main/alpha_runtime.cpp.obj
[224/1107] Building CXX object CMakeFiles/batch33_cannon_npc_death.dir/C_/Dev/OpenU5-Native/native/targets/tdeck/main/input_controller.cpp.obj
[225/1107] Building CXX object CMakeFiles/batch32_camp_watch.dir/C_/Dev/OpenU5-Native/native/targets/tdeck/main/alpha_resources.cpp.obj
[226/1107] Building CXX object CMakeFiles/batch32_camp_watch.dir/C_/Dev/OpenU5-Native/native/targets/tdeck/main/native_renderer.cpp.obj
[227/1107] Building CXX object CMakeFiles/batch33_cannon_npc_death.dir/C_/Dev/OpenU5-Native/native/targets/tdeck/host_tests/host_stubs/alpha_save_memory_host_stub.cpp.obj
[228/1107] Building CXX object CMakeFiles/batch33_cannon_npc_death.dir/C_/Dev/OpenU5-Native/native/targets/tdeck/host_tests/batch33_cannon_npc_death_test.cpp.obj
[229/1107] Building CXX object CMakeFiles/batch33_cannon_npc_death.dir/C_/Dev/OpenU5-Native/native/targets/tdeck/main/alpha_save_generation.cpp.obj
[230/1107] Building CXX object CMakeFiles/batch34_pre_sleep_npc.dir/C_/Dev/OpenU5-Native/native/targets/tdeck/main/ui_input_adapter.cpp.obj
[231/1107] Building CXX object CMakeFiles/batch33_cannon_npc_death.dir/C_/Dev/OpenU5-Native/native/targets/tdeck/host_tests/host_stubs/device_smoke_tests_host_stub.cpp.obj
[232/1107] Building CXX object CMakeFiles/batch33_cannon_npc_death.dir/C_/Dev/OpenU5-Native/native/targets/tdeck/main/alpha_resources.cpp.obj
[233/1107] Building CXX object CMakeFiles/batch34_pre_sleep_npc.dir/C_/Dev/OpenU5-Native/native/targets/tdeck/main/input_controller.cpp.obj
[234/1107] Building CXX object CMakeFiles/batch33_cannon_npc_death.dir/C_/Dev/OpenU5-Native/native/targets/tdeck/main/dungeon_art_cache.cpp.obj
[235/1107] Building CXX object CMakeFiles/batch29_rest_wiring.dir/C_/Dev/OpenU5-Native/native/targets/tdeck/main/alpha_runtime.cpp.obj
[236/1107] Building CXX object CMakeFiles/batch33_cannon_npc_death.dir/C_/Dev/OpenU5-Native/native/targets/tdeck/main/alpha_dialogue.cpp.obj
[237/1107] Building CXX object CMakeFiles/batch34_pre_sleep_npc.dir/C_/Dev/OpenU5-Native/native/targets/tdeck/host_tests/host_stubs/tdeck_board_host_stub.cpp.obj
[238/1107] Building CXX object CMakeFiles/batch34_pre_sleep_npc.dir/C_/Dev/OpenU5-Native/native/targets/tdeck/host_tests/alpha_runtime_host_fixture.cpp.obj
[239/1107] Building CXX object CMakeFiles/batch34_pre_sleep_npc.dir/C_/Dev/OpenU5-Native/native/targets/tdeck/main/alpha_save_generation.cpp.obj
[240/1107] Building CXX object CMakeFiles/batch34_pre_sleep_npc.dir/C_/Dev/OpenU5-Native/native/targets/tdeck/host_tests/host_stubs/device_smoke_tests_host_stub.cpp.obj
[241/1107] Building CXX object CMakeFiles/batch34_pre_sleep_npc.dir/C_/Dev/OpenU5-Native/native/targets/tdeck/host_tests/host_stubs/alpha_save_memory_host_stub.cpp.obj
[242/1107] Building CXX object CMakeFiles/batch33_cannon_npc_death.dir/C_/Dev/OpenU5-Native/native/targets/tdeck/main/native_renderer.cpp.obj
[243/1107] Building CXX object CMakeFiles/batch34_pre_sleep_npc.dir/C_/Dev/OpenU5-Native/native/targets/tdeck/host_tests/batch34_pre_sleep_npc_test.cpp.obj
[244/1107] Building CXX object CMakeFiles/batch34_pre_sleep_npc.dir/C_/Dev/OpenU5-Native/native/targets/tdeck/main/dungeon_art_cache.cpp.obj
[245/1107] Building CXX object CMakeFiles/batch35_q_sleep_target.dir/C_/Dev/OpenU5-Native/native/targets/tdeck/main/ui_input_adapter.cpp.obj
[246/1107] Building CXX object CMakeFiles/batch35_q_sleep_target.dir/C_/Dev/OpenU5-Native/native/targets/tdeck/main/input_controller.cpp.obj
[247/1107] Building CXX object CMakeFiles/batch34_pre_sleep_npc.dir/C_/Dev/OpenU5-Native/native/targets/tdeck/main/alpha_resources.cpp.obj
[248/1107] Building CXX object CMakeFiles/batch35_q_sleep_target.dir/C_/Dev/OpenU5-Native/native/targets/tdeck/host_tests/host_stubs/tdeck_board_host_stub.cpp.obj
[249/1107] Building CXX object CMakeFiles/batch34_pre_sleep_npc.dir/C_/Dev/OpenU5-Native/native/targets/tdeck/main/alpha_dialogue.cpp.obj
[250/1107] Building CXX object CMakeFiles/batch35_q_sleep_target.dir/C_/Dev/OpenU5-Native/native/targets/tdeck/main/alpha_save_generation.cpp.obj
[251/1107] Building CXX object CMakeFiles/batch35_q_sleep_target.dir/C_/Dev/OpenU5-Native/native/targets/tdeck/host_tests/alpha_runtime_host_fixture.cpp.obj
[252/1107] Building CXX object CMakeFiles/batch30_sleep_parity.dir/C_/Dev/OpenU5-Native/native/targets/tdeck/main/alpha_runtime.cpp.obj
[253/1107] Building CXX object CMakeFiles/batch34_pre_sleep_npc.dir/C_/Dev/OpenU5-Native/native/targets/tdeck/main/native_renderer.cpp.obj
[254/1107] Building CXX object CMakeFiles/batch35_q_sleep_target.dir/C_/Dev/OpenU5-Native/native/targets/tdeck/host_tests/host_stubs/alpha_save_memory_host_stub.cpp.obj
[255/1107] Building CXX object CMakeFiles/batch35_q_sleep_target.dir/C_/Dev/OpenU5-Native/native/targets/tdeck/host_tests/host_stubs/device_smoke_tests_host_stub.cpp.obj
[256/1107] Building CXX object CMakeFiles/batch35_q_sleep_target.dir/C_/Dev/OpenU5-Native/native/targets/tdeck/host_tests/batch35_q_sleep_target_test.cpp.obj
[257/1107] Building CXX object CMakeFiles/batch35_q_sleep_target.dir/C_/Dev/OpenU5-Native/native/targets/tdeck/main/dungeon_art_cache.cpp.obj
[258/1107] Building CXX object CMakeFiles/batch31_h165_dungeon_entry.dir/C_/Dev/OpenU5-Native/native/targets/tdeck/main/alpha_runtime.cpp.obj
[259/1107] Building CXX object CMakeFiles/batch35_q_sleep_target.dir/C_/Dev/OpenU5-Native/native/targets/tdeck/main/alpha_dialogue.cpp.obj
[260/1107] Building CXX object CMakeFiles/batch35_q_sleep_target.dir/C_/Dev/OpenU5-Native/native/targets/tdeck/main/alpha_resources.cpp.obj
[261/1107] Building CXX object CMakeFiles/batch36_camp_housekeeping.dir/C_/Dev/OpenU5-Native/native/targets/tdeck/host_tests/host_stubs/tdeck_board_host_stub.cpp.obj
[262/1107] Building CXX object CMakeFiles/batch36_camp_housekeeping.dir/C_/Dev/OpenU5-Native/native/targets/tdeck/main/ui_input_adapter.cpp.obj
[263/1107] Building CXX object CMakeFiles/batch36_camp_housekeeping.dir/C_/Dev/OpenU5-Native/native/targets/tdeck/host_tests/alpha_runtime_host_fixture.cpp.obj
[264/1107] Building CXX object CMakeFiles/batch35_q_sleep_target.dir/C_/Dev/OpenU5-Native/native/targets/tdeck/main/native_renderer.cpp.obj
[265/1107] Building CXX object CMakeFiles/batch36_camp_housekeeping.dir/C_/Dev/OpenU5-Native/native/targets/tdeck/main/alpha_save_generation.cpp.obj
[266/1107] Building CXX object CMakeFiles/batch36_camp_housekeeping.dir/C_/Dev/OpenU5-Native/native/targets/tdeck/host_tests/host_stubs/alpha_save_memory_host_stub.cpp.obj
[267/1107] Building CXX object CMakeFiles/batch36_camp_housekeeping.dir/C_/Dev/OpenU5-Native/native/targets/tdeck/main/input_controller.cpp.obj
[268/1107] Building CXX object CMakeFiles/batch37_bed_viewport.dir/C_/Dev/OpenU5-Native/native/targets/tdeck/main/ui_input_adapter.cpp.obj
[269/1107] Building CXX object CMakeFiles/batch36_camp_housekeeping.dir/C_/Dev/OpenU5-Native/native/targets/tdeck/host_tests/host_stubs/device_smoke_tests_host_stub.cpp.obj
[270/1107] Building CXX object CMakeFiles/batch36_camp_housekeeping.dir/C_/Dev/OpenU5-Native/native/targets/tdeck/host_tests/batch36_camp_housekeeping_test.cpp.obj
[271/1107] Building CXX object CMakeFiles/batch37_bed_viewport.dir/C_/Dev/OpenU5-Native/native/targets/tdeck/main/input_controller.cpp.obj
[272/1107] Building CXX object CMakeFiles/batch32_camp_watch.dir/C_/Dev/OpenU5-Native/native/targets/tdeck/main/alpha_runtime.cpp.obj
[273/1107] Building CXX object CMakeFiles/batch37_bed_viewport.dir/C_/Dev/OpenU5-Native/native/targets/tdeck/host_tests/alpha_runtime_host_fixture.cpp.obj
[274/1107] Building CXX object CMakeFiles/batch36_camp_housekeeping.dir/C_/Dev/OpenU5-Native/native/targets/tdeck/main/dungeon_art_cache.cpp.obj
[275/1107] Building CXX object CMakeFiles/batch37_bed_viewport.dir/C_/Dev/OpenU5-Native/native/targets/tdeck/main/alpha_save_generation.cpp.obj
[276/1107] Building CXX object CMakeFiles/batch36_camp_housekeeping.dir/C_/Dev/OpenU5-Native/native/targets/tdeck/main/alpha_dialogue.cpp.obj
[277/1107] Building CXX object CMakeFiles/batch36_camp_housekeeping.dir/C_/Dev/OpenU5-Native/native/targets/tdeck/main/alpha_resources.cpp.obj
[278/1107] Building CXX object CMakeFiles/batch37_bed_viewport.dir/C_/Dev/OpenU5-Native/native/targets/tdeck/host_tests/host_stubs/alpha_save_memory_host_stub.cpp.obj
[279/1107] Building CXX object CMakeFiles/batch37_bed_viewport.dir/C_/Dev/OpenU5-Native/native/targets/tdeck/host_tests/host_stubs/device_smoke_tests_host_stub.cpp.obj
[280/1107] Building CXX object CMakeFiles/batch37_bed_viewport.dir/C_/Dev/OpenU5-Native/native/targets/tdeck/host_tests/host_stubs/batch37_board_capture_stub.cpp.obj
[281/1107] Building CXX object CMakeFiles/batch37_bed_viewport.dir/C_/Dev/OpenU5-Native/native/targets/tdeck/host_tests/batch37_bed_viewport_test.cpp.obj
[282/1107] Building CXX object CMakeFiles/batch36_camp_housekeeping.dir/C_/Dev/OpenU5-Native/native/targets/tdeck/main/native_renderer.cpp.obj
[283/1107] Building CXX object CMakeFiles/batch39_party_panel.dir/C_/Dev/OpenU5-Native/native/targets/tdeck/main/ui_input_adapter.cpp.obj
[284/1107] Building CXX object CMakeFiles/batch37_bed_viewport.dir/C_/Dev/OpenU5-Native/native/targets/tdeck/main/dungeon_art_cache.cpp.obj
[285/1107] Building CXX object CMakeFiles/batch39_party_panel.dir/C_/Dev/OpenU5-Native/native/targets/tdeck/main/input_controller.cpp.obj
[286/1107] Building CXX object CMakeFiles/batch37_bed_viewport.dir/C_/Dev/OpenU5-Native/native/targets/tdeck/main/alpha_dialogue.cpp.obj
[287/1107] Building CXX object CMakeFiles/batch37_bed_viewport.dir/C_/Dev/OpenU5-Native/native/targets/tdeck/main/alpha_resources.cpp.obj
[288/1107] Building CXX object CMakeFiles/batch33_cannon_npc_death.dir/C_/Dev/OpenU5-Native/native/targets/tdeck/main/alpha_runtime.cpp.obj
[289/1107] Building CXX object CMakeFiles/batch37_bed_viewport.dir/C_/Dev/OpenU5-Native/native/targets/tdeck/main/native_renderer.cpp.obj
[290/1107] Building CXX object CMakeFiles/batch39_party_panel.dir/C_/Dev/OpenU5-Native/native/targets/tdeck/host_tests/alpha_runtime_host_fixture.cpp.obj
[291/1107] Building CXX object CMakeFiles/batch39_party_panel.dir/C_/Dev/OpenU5-Native/native/targets/tdeck/host_tests/host_stubs/device_smoke_tests_host_stub.cpp.obj
[292/1107] Building CXX object CMakeFiles/batch39_party_panel.dir/C_/Dev/OpenU5-Native/native/targets/tdeck/main/alpha_save_generation.cpp.obj
[293/1107] Building CXX object CMakeFiles/batch39_party_panel.dir/C_/Dev/OpenU5-Native/native/targets/tdeck/host_tests/host_stubs/alpha_save_memory_host_stub.cpp.obj
[294/1107] Building CXX object CMakeFiles/batch39_party_panel.dir/C_/Dev/OpenU5-Native/native/targets/tdeck/host_tests/batch39_party_panel_test.cpp.obj
[295/1107] Building CXX object CMakeFiles/batch39_party_panel.dir/C_/Dev/OpenU5-Native/native/targets/tdeck/main/dungeon_art_cache.cpp.obj
[296/1107] Building CXX object CMakeFiles/batch39_party_panel.dir/C_/Dev/OpenU5-Native/native/targets/tdeck/host_tests/host_stubs/batch37_board_capture_stub.cpp.obj
[297/1107] Building CXX object CMakeFiles/batch39_party_panel.dir/C_/Dev/OpenU5-Native/native/targets/tdeck/main/alpha_resources.cpp.obj
[298/1107] Building CXX object CMakeFiles/batch39_party_panel.dir/C_/Dev/OpenU5-Native/native/targets/tdeck/main/alpha_dialogue.cpp.obj
[299/1107] Building CXX object CMakeFiles/batch41_raw_key.dir/C_/Dev/OpenU5-Native/native/targets/tdeck/main/ui_input_adapter.cpp.obj
[300/1107] Building CXX object CMakeFiles/batch41_raw_key.dir/C_/Dev/OpenU5-Native/native/targets/tdeck/main/input_controller.cpp.obj
[301/1107] Building CXX object CMakeFiles/batch41_raw_key.dir/C_/Dev/OpenU5-Native/native/targets/tdeck/host_tests/alpha_runtime_host_fixture.cpp.obj
[302/1107] Building CXX object CMakeFiles/batch34_pre_sleep_npc.dir/C_/Dev/OpenU5-Native/native/targets/tdeck/main/alpha_runtime.cpp.obj
[303/1107] Building CXX object CMakeFiles/batch42_advancement_flash.dir/C_/Dev/OpenU5-Native/native/targets/tdeck/main/ui_input_adapter.cpp.obj
[304/1107] Building CXX object CMakeFiles/batch39_party_panel.dir/C_/Dev/OpenU5-Native/native/targets/tdeck/main/native_renderer.cpp.obj
[305/1107] Building CXX object CMakeFiles/batch41_raw_key.dir/C_/Dev/OpenU5-Native/native/targets/tdeck/host_tests/host_stubs/alpha_save_memory_host_stub.cpp.obj
[306/1107] Building CXX object CMakeFiles/batch42_advancement_flash.dir/C_/Dev/OpenU5-Native/native/targets/tdeck/main/input_controller.cpp.obj
[307/1107] Building CXX object CMakeFiles/batch41_raw_key.dir/C_/Dev/OpenU5-Native/native/targets/tdeck/host_tests/batch41_raw_key_test.cpp.obj
[308/1107] Building CXX object CMakeFiles/batch41_raw_key.dir/C_/Dev/OpenU5-Native/native/targets/tdeck/host_tests/host_stubs/device_smoke_tests_host_stub.cpp.obj
[309/1107] Building CXX object CMakeFiles/batch41_raw_key.dir/C_/Dev/OpenU5-Native/native/targets/tdeck/host_tests/host_stubs/batch37_board_capture_stub.cpp.obj
[310/1107] Building CXX object CMakeFiles/batch41_raw_key.dir/C_/Dev/OpenU5-Native/native/targets/tdeck/main/alpha_save_generation.cpp.obj
[311/1107] Building CXX object CMakeFiles/batch41_raw_key.dir/C_/Dev/OpenU5-Native/native/targets/tdeck/main/alpha_resources.cpp.obj
[312/1107] Building CXX object CMakeFiles/batch41_raw_key.dir/C_/Dev/OpenU5-Native/native/targets/tdeck/main/dungeon_art_cache.cpp.obj
[313/1107] Building CXX object CMakeFiles/batch41_raw_key.dir/C_/Dev/OpenU5-Native/native/targets/tdeck/main/alpha_dialogue.cpp.obj
[314/1107] Building CXX object CMakeFiles/batch35_q_sleep_target.dir/C_/Dev/OpenU5-Native/native/targets/tdeck/main/alpha_runtime.cpp.obj
[315/1107] Building CXX object CMakeFiles/batch41_raw_key.dir/C_/Dev/OpenU5-Native/native/targets/tdeck/main/native_renderer.cpp.obj
[316/1107] Building CXX object CMakeFiles/batch42_advancement_flash.dir/C_/Dev/OpenU5-Native/native/targets/tdeck/host_tests/alpha_runtime_host_fixture.cpp.obj
[317/1107] Building CXX object CMakeFiles/batch43_sleep_scene.dir/C_/Dev/OpenU5-Native/native/targets/tdeck/main/ui_input_adapter.cpp.obj
[318/1107] Building CXX object CMakeFiles/batch42_advancement_flash.dir/C_/Dev/OpenU5-Native/native/targets/tdeck/host_tests/host_stubs/alpha_save_memory_host_stub.cpp.obj
[319/1107] Building CXX object CMakeFiles/batch42_advancement_flash.dir/C_/Dev/OpenU5-Native/native/targets/tdeck/main/alpha_save_generation.cpp.obj
[320/1107] Building CXX object CMakeFiles/batch43_sleep_scene.dir/C_/Dev/OpenU5-Native/native/targets/tdeck/main/input_controller.cpp.obj
[321/1107] Building CXX object CMakeFiles/batch42_advancement_flash.dir/C_/Dev/OpenU5-Native/native/targets/tdeck/host_tests/batch42_advancement_flash_test.cpp.obj
[322/1107] Building CXX object CMakeFiles/batch42_advancement_flash.dir/C_/Dev/OpenU5-Native/native/targets/tdeck/host_tests/host_stubs/batch37_board_capture_stub.cpp.obj
[323/1107] Building CXX object CMakeFiles/batch42_advancement_flash.dir/C_/Dev/OpenU5-Native/native/targets/tdeck/host_tests/host_stubs/device_smoke_tests_host_stub.cpp.obj
[324/1107] Building CXX object CMakeFiles/batch43_sleep_scene.dir/C_/Dev/OpenU5-Native/native/targets/tdeck/host_tests/host_stubs/device_smoke_tests_host_stub.cpp.obj
[325/1107] Building CXX object CMakeFiles/batch36_camp_housekeeping.dir/C_/Dev/OpenU5-Native/native/targets/tdeck/main/alpha_runtime.cpp.obj
[326/1107] Building CXX object CMakeFiles/batch42_advancement_flash.dir/C_/Dev/OpenU5-Native/native/targets/tdeck/main/dungeon_art_cache.cpp.obj
[327/1107] Building CXX object CMakeFiles/batch42_advancement_flash.dir/C_/Dev/OpenU5-Native/native/targets/tdeck/main/alpha_dialogue.cpp.obj
[328/1107] Building CXX object CMakeFiles/batch42_advancement_flash.dir/C_/Dev/OpenU5-Native/native/targets/tdeck/main/alpha_resources.cpp.obj
[329/1107] Building CXX object CMakeFiles/batch43_sleep_scene.dir/C_/Dev/OpenU5-Native/native/targets/tdeck/host_tests/alpha_runtime_host_fixture.cpp.obj
[330/1107] Building CXX object CMakeFiles/batch42_advancement_flash.dir/C_/Dev/OpenU5-Native/native/targets/tdeck/main/native_renderer.cpp.obj
[331/1107] Building CXX object CMakeFiles/batch46_camp_invisibility.dir/C_/Dev/OpenU5-Native/native/targets/tdeck/main/ui_input_adapter.cpp.obj
[332/1107] Building CXX object CMakeFiles/batch43_sleep_scene.dir/C_/Dev/OpenU5-Native/native/targets/tdeck/host_tests/host_stubs/alpha_save_memory_host_stub.cpp.obj
[333/1107] Building CXX object CMakeFiles/batch43_sleep_scene.dir/C_/Dev/OpenU5-Native/native/targets/tdeck/main/alpha_save_generation.cpp.obj
[334/1107] Building CXX object CMakeFiles/batch43_sleep_scene.dir/C_/Dev/OpenU5-Native/native/targets/tdeck/host_tests/batch43_sleep_scene_test.cpp.obj
[335/1107] Building CXX object CMakeFiles/batch43_sleep_scene.dir/C_/Dev/OpenU5-Native/native/targets/tdeck/host_tests/host_stubs/batch37_board_capture_stub.cpp.obj
[336/1107] Building CXX object CMakeFiles/batch37_bed_viewport.dir/C_/Dev/OpenU5-Native/native/targets/tdeck/main/alpha_runtime.cpp.obj
[337/1107] Building CXX object CMakeFiles/batch43_sleep_scene.dir/C_/Dev/OpenU5-Native/native/targets/tdeck/main/dungeon_art_cache.cpp.obj
[338/1107] Building CXX object CMakeFiles/batch46_camp_invisibility.dir/C_/Dev/OpenU5-Native/native/targets/tdeck/host_tests/host_stubs/device_smoke_tests_host_stub.cpp.obj
[339/1107] Building CXX object CMakeFiles/batch43_sleep_scene.dir/C_/Dev/OpenU5-Native/native/targets/tdeck/main/alpha_dialogue.cpp.obj
[340/1107] Building CXX object CMakeFiles/batch43_sleep_scene.dir/C_/Dev/OpenU5-Native/native/targets/tdeck/main/alpha_resources.cpp.obj
[341/1107] Building CXX object CMakeFiles/batch43_sleep_scene.dir/C_/Dev/OpenU5-Native/native/targets/tdeck/main/native_renderer.cpp.obj
[342/1107] Building CXX object CMakeFiles/batch46_camp_invisibility.dir/C_/Dev/OpenU5-Native/native/targets/tdeck/host_tests/alpha_runtime_host_fixture.cpp.obj
[343/1107] Building CXX object CMakeFiles/batch46_camp_invisibility.dir/C_/Dev/OpenU5-Native/native/targets/tdeck/main/alpha_save_generation.cpp.obj
[344/1107] Building CXX object CMakeFiles/batch46_camp_invisibility.dir/C_/Dev/OpenU5-Native/native/targets/tdeck/main/input_controller.cpp.obj
[345/1107] Building CXX object CMakeFiles/batch46_camp_invisibility.dir/C_/Dev/OpenU5-Native/native/targets/tdeck/host_tests/host_stubs/alpha_save_memory_host_stub.cpp.obj
[346/1107] Building CXX object CMakeFiles/batch44_camp_ring_entry.dir/C_/Dev/OpenU5-Native/native/targets/tdeck/main/input_controller.cpp.obj
[347/1107] Building CXX object CMakeFiles/batch46_camp_invisibility.dir/C_/Dev/OpenU5-Native/native/targets/tdeck/host_tests/batch46_camp_invisibility_test.cpp.obj
[348/1107] Building CXX object CMakeFiles/batch46_camp_invisibility.dir/C_/Dev/OpenU5-Native/native/targets/tdeck/host_tests/host_stubs/batch37_board_capture_stub.cpp.obj
[349/1107] Building CXX object CMakeFiles/batch39_party_panel.dir/C_/Dev/OpenU5-Native/native/targets/tdeck/main/alpha_runtime.cpp.obj
[350/1107] Building CXX object CMakeFiles/batch46_camp_invisibility.dir/C_/Dev/OpenU5-Native/native/targets/tdeck/main/dungeon_art_cache.cpp.obj
[351/1107] Building CXX object CMakeFiles/batch44_camp_ring_entry.dir/C_/Dev/OpenU5-Native/native/targets/tdeck/main/ui_input_adapter.cpp.obj
[352/1107] Building CXX object CMakeFiles/batch46_camp_invisibility.dir/C_/Dev/OpenU5-Native/native/targets/tdeck/main/alpha_dialogue.cpp.obj
[353/1107] Building CXX object CMakeFiles/batch46_camp_invisibility.dir/C_/Dev/OpenU5-Native/native/targets/tdeck/main/alpha_resources.cpp.obj
[354/1107] Building CXX object CMakeFiles/batch44_camp_ring_entry.dir/C_/Dev/OpenU5-Native/native/targets/tdeck/host_tests/host_stubs/tdeck_board_host_stub.cpp.obj
[355/1107] Building CXX object CMakeFiles/batch44_camp_ring_entry.dir/C_/Dev/OpenU5-Native/native/targets/tdeck/host_tests/alpha_runtime_host_fixture.cpp.obj
[356/1107] Building CXX object CMakeFiles/batch46_camp_invisibility.dir/C_/Dev/OpenU5-Native/native/targets/tdeck/main/native_renderer.cpp.obj
[357/1107] Building CXX object CMakeFiles/batch44_camp_ring_entry.dir/C_/Dev/OpenU5-Native/native/targets/tdeck/host_tests/batch44_camp_ring_entry_test.cpp.obj
[358/1107] Building CXX object CMakeFiles/batch44_camp_ring_entry.dir/C_/Dev/OpenU5-Native/native/targets/tdeck/main/alpha_save_generation.cpp.obj
[359/1107] Building CXX object CMakeFiles/batch44_camp_ring_entry.dir/C_/Dev/OpenU5-Native/native/targets/tdeck/host_tests/host_stubs/device_smoke_tests_host_stub.cpp.obj
[360/1107] Building CXX object CMakeFiles/batch44_camp_ring_entry.dir/C_/Dev/OpenU5-Native/native/targets/tdeck/host_tests/host_stubs/alpha_save_memory_host_stub.cpp.obj
[361/1107] Building CXX object CMakeFiles/batch41_raw_key.dir/C_/Dev/OpenU5-Native/native/targets/tdeck/main/alpha_runtime.cpp.obj
[362/1107] Building CXX object CMakeFiles/batch44_camp_ring_entry.dir/C_/Dev/OpenU5-Native/native/targets/tdeck/main/dungeon_art_cache.cpp.obj
[363/1107] Building CXX object CMakeFiles/batch44_camp_ring_entry.dir/C_/Dev/OpenU5-Native/native/targets/tdeck/main/alpha_resources.cpp.obj
[364/1107] Building CXX object CMakeFiles/batch38_camp_duration.dir/C_/Dev/OpenU5-Native/native/targets/tdeck/host_tests/host_stubs/tdeck_board_host_stub.cpp.obj
[365/1107] Building CXX object CMakeFiles/batch38_camp_duration.dir/C_/Dev/OpenU5-Native/native/targets/tdeck/main/ui_input_adapter.cpp.obj
[366/1107] Building CXX object CMakeFiles/batch44_camp_ring_entry.dir/C_/Dev/OpenU5-Native/native/targets/tdeck/main/alpha_dialogue.cpp.obj
[367/1107] Building CXX object CMakeFiles/batch38_camp_duration.dir/C_/Dev/OpenU5-Native/native/targets/tdeck/host_tests/alpha_runtime_host_fixture.cpp.obj
[368/1107] Building CXX object CMakeFiles/batch38_camp_duration.dir/C_/Dev/OpenU5-Native/native/targets/tdeck/main/input_controller.cpp.obj
[369/1107] Building CXX object CMakeFiles/batch44_camp_ring_entry.dir/C_/Dev/OpenU5-Native/native/targets/tdeck/main/native_renderer.cpp.obj
[370/1107] Building CXX object CMakeFiles/batch38_camp_duration.dir/C_/Dev/OpenU5-Native/native/targets/tdeck/main/alpha_save_generation.cpp.obj
[371/1107] Building CXX object CMakeFiles/batch38_camp_duration.dir/C_/Dev/OpenU5-Native/native/targets/tdeck/host_tests/host_stubs/alpha_save_memory_host_stub.cpp.obj
[372/1107] Building CXX object CMakeFiles/batch42_advancement_flash.dir/C_/Dev/OpenU5-Native/native/targets/tdeck/main/alpha_runtime.cpp.obj
[373/1107] Building CXX object CMakeFiles/batch38_camp_duration.dir/C_/Dev/OpenU5-Native/native/targets/tdeck/host_tests/batch38_camp_duration_test.cpp.obj
[374/1107] Building CXX object CMakeFiles/batch38_camp_duration.dir/C_/Dev/OpenU5-Native/native/targets/tdeck/host_tests/host_stubs/device_smoke_tests_host_stub.cpp.obj
[375/1107] Building CXX object CMakeFiles/batch38_camp_duration.dir/C_/Dev/OpenU5-Native/native/targets/tdeck/main/dungeon_art_cache.cpp.obj
[376/1107] Building CXX object CMakeFiles/batch41_staged_advancement.dir/tests/batch41_staged_advancement_test.cpp.obj
[377/1107] Building CXX object CMakeFiles/batch38_camp_duration.dir/C_/Dev/OpenU5-Native/native/targets/tdeck/main/alpha_resources.cpp.obj
[378/1107] Building CXX object CMakeFiles/batch38_camp_duration.dir/C_/Dev/OpenU5-Native/native/targets/tdeck/main/alpha_dialogue.cpp.obj
[379/1107] Building CXX object CMakeFiles/batch38_camp_duration.dir/C_/Dev/OpenU5-Native/native/targets/tdeck/main/native_renderer.cpp.obj
[380/1107] Building CXX object CMakeFiles/batch40_advancement.dir/tests/batch40_advancement_test.cpp.obj
[381/1107] Building CXX object CMakeFiles/batch51_camp_pacing.dir/C_/Dev/OpenU5-Native/native/targets/tdeck/host_tests/alpha_runtime_host_fixture.cpp.obj
[382/1107] Building CXX object CMakeFiles/batch51_camp_pacing.dir/C_/Dev/OpenU5-Native/native/targets/tdeck/main/input_controller.cpp.obj
[383/1107] Building CXX object CMakeFiles/batch51_camp_pacing.dir/C_/Dev/OpenU5-Native/native/targets/tdeck/main/ui_input_adapter.cpp.obj
[384/1107] Building CXX object CMakeFiles/batch43_sleep_scene.dir/C_/Dev/OpenU5-Native/native/targets/tdeck/main/alpha_runtime.cpp.obj
[385/1107] Building CXX object CMakeFiles/batch51_camp_pacing.dir/C_/Dev/OpenU5-Native/native/targets/tdeck/host_tests/host_stubs/alpha_save_memory_host_stub.cpp.obj
[386/1107] Building CXX object CMakeFiles/batch51_scene_pacing.dir/tests/batch51_scene_pacing_test.cpp.obj
[387/1107] Building CXX object CMakeFiles/batch51_camp_pacing.dir/C_/Dev/OpenU5-Native/native/targets/tdeck/host_tests/host_stubs/device_smoke_tests_host_stub.cpp.obj
[388/1107] Building CXX object CMakeFiles/batch51_camp_pacing.dir/C_/Dev/OpenU5-Native/native/targets/tdeck/host_tests/host_stubs/batch37_board_capture_stub.cpp.obj
[389/1107] Building CXX object CMakeFiles/batch51_camp_pacing.dir/C_/Dev/OpenU5-Native/native/targets/tdeck/main/alpha_save_generation.cpp.obj
[390/1107] Building CXX object CMakeFiles/batch53_release_blockers.dir/C_/Dev/OpenU5-Native/native/targets/tdeck/main/ui_input_adapter.cpp.obj
[391/1107] Building CXX object CMakeFiles/batch51_camp_pacing.dir/C_/Dev/OpenU5-Native/native/targets/tdeck/main/dungeon_art_cache.cpp.obj
[392/1107] Building CXX object CMakeFiles/batch53_release_blockers.dir/C_/Dev/OpenU5-Native/native/targets/tdeck/main/input_controller.cpp.obj
[393/1107] Building CXX object CMakeFiles/batch51_camp_pacing.dir/C_/Dev/OpenU5-Native/native/targets/tdeck/main/alpha_dialogue.cpp.obj
[394/1107] Building CXX object CMakeFiles/batch53_release_blockers.dir/C_/Dev/OpenU5-Native/native/targets/tdeck/host_tests/host_stubs/tdeck_board_host_stub.cpp.obj
[395/1107] Building CXX object CMakeFiles/batch51_camp_pacing.dir/C_/Dev/OpenU5-Native/native/targets/tdeck/main/alpha_resources.cpp.obj
[396/1107] Building CXX object CMakeFiles/batch51_camp_pacing.dir/C_/Dev/OpenU5-Native/native/targets/tdeck/host_tests/batch51_camp_pacing_test.cpp.obj
[397/1107] Building CXX object CMakeFiles/batch53_release_blockers.dir/C_/Dev/OpenU5-Native/native/targets/tdeck/host_tests/alpha_runtime_host_fixture.cpp.obj
[398/1107] Building CXX object CMakeFiles/batch51_camp_pacing.dir/C_/Dev/OpenU5-Native/native/targets/tdeck/main/native_renderer.cpp.obj
[399/1107] Building CXX object CMakeFiles/batch53_release_blockers.dir/C_/Dev/OpenU5-Native/native/targets/tdeck/host_tests/host_stubs/alpha_save_memory_host_stub.cpp.obj
[400/1107] Building CXX object CMakeFiles/batch46_camp_invisibility.dir/C_/Dev/OpenU5-Native/native/targets/tdeck/main/alpha_runtime.cpp.obj
[401/1107] Building CXX object CMakeFiles/batch53_release_blockers.dir/C_/Dev/OpenU5-Native/native/targets/tdeck/main/alpha_save_generation.cpp.obj
[402/1107] Building CXX object CMakeFiles/batch53_release_blockers.dir/C_/Dev/OpenU5-Native/native/targets/tdeck/host_tests/host_stubs/device_smoke_tests_host_stub.cpp.obj
[403/1107] Building CXX object CMakeFiles/batch53_release_blockers.dir/C_/Dev/OpenU5-Native/native/targets/tdeck/main/dungeon_art_cache.cpp.obj
[404/1107] Building CXX object CMakeFiles/batch53a_ending_terminal.dir/C_/Dev/OpenU5-Native/native/targets/tdeck/main/ui_input_adapter.cpp.obj
[405/1107] Building CXX object CMakeFiles/batch53_release_blockers.dir/C_/Dev/OpenU5-Native/native/targets/tdeck/main/alpha_resources.cpp.obj
[406/1107] Building CXX object CMakeFiles/batch53_release_blockers.dir/C_/Dev/OpenU5-Native/native/targets/tdeck/main/alpha_dialogue.cpp.obj
[407/1107] Building CXX object CMakeFiles/batch53a_ending_terminal.dir/C_/Dev/OpenU5-Native/native/targets/tdeck/main/input_controller.cpp.obj
[408/1107] Building CXX object CMakeFiles/batch53_release_blockers.dir/C_/Dev/OpenU5-Native/native/targets/tdeck/main/native_renderer.cpp.obj
[409/1107] Building CXX object CMakeFiles/batch53a_ending_terminal.dir/C_/Dev/OpenU5-Native/native/targets/tdeck/host_tests/host_stubs/tdeck_board_host_stub.cpp.obj
[410/1107] Building CXX object CMakeFiles/batch53a_ending_terminal.dir/C_/Dev/OpenU5-Native/native/targets/tdeck/host_tests/alpha_runtime_host_fixture.cpp.obj
[411/1107] Building CXX object CMakeFiles/batch53a_ending_terminal.dir/C_/Dev/OpenU5-Native/native/targets/tdeck/main/alpha_save_generation.cpp.obj
[412/1107] Building CXX object CMakeFiles/batch53a_ending_terminal.dir/C_/Dev/OpenU5-Native/native/targets/tdeck/host_tests/host_stubs/device_smoke_tests_host_stub.cpp.obj
[413/1107] Building CXX object CMakeFiles/batch53a_ending_terminal.dir/C_/Dev/OpenU5-Native/native/targets/tdeck/host_tests/host_stubs/alpha_save_memory_host_stub.cpp.obj
[414/1107] Building CXX object CMakeFiles/batch53b_moongate_return.dir/C_/Dev/OpenU5-Native/native/targets/tdeck/main/ui_input_adapter.cpp.obj
[415/1107] Building CXX object CMakeFiles/batch44_camp_ring_entry.dir/C_/Dev/OpenU5-Native/native/targets/tdeck/main/alpha_runtime.cpp.obj
[416/1107] Building CXX object CMakeFiles/batch53a_ending_terminal.dir/C_/Dev/OpenU5-Native/native/targets/tdeck/main/dungeon_art_cache.cpp.obj
[417/1107] Building CXX object CMakeFiles/batch53a_ending_terminal.dir/C_/Dev/OpenU5-Native/native/targets/tdeck/main/alpha_resources.cpp.obj
[418/1107] Building CXX object CMakeFiles/batch53b_moongate_return.dir/C_/Dev/OpenU5-Native/native/targets/tdeck/host_tests/host_stubs/tdeck_board_host_stub.cpp.obj
[419/1107] Building CXX object CMakeFiles/batch53a_ending_terminal.dir/C_/Dev/OpenU5-Native/native/targets/tdeck/main/alpha_dialogue.cpp.obj
[420/1107] Building CXX object CMakeFiles/batch53b_moongate_return.dir/C_/Dev/OpenU5-Native/native/targets/tdeck/host_tests/alpha_runtime_host_fixture.cpp.obj
[421/1107] Building CXX object CMakeFiles/batch53a_ending_terminal.dir/C_/Dev/OpenU5-Native/native/targets/tdeck/main/native_renderer.cpp.obj
[422/1107] Building CXX object CMakeFiles/batch53b_moongate_return.dir/C_/Dev/OpenU5-Native/native/targets/tdeck/main/input_controller.cpp.obj
[423/1107] Building CXX object CMakeFiles/batch53b_moongate_return.dir/C_/Dev/OpenU5-Native/native/targets/tdeck/host_tests/host_stubs/alpha_save_memory_host_stub.cpp.obj
[424/1107] Building CXX object CMakeFiles/batch53b_moongate_return.dir/C_/Dev/OpenU5-Native/native/targets/tdeck/host_tests/host_stubs/device_smoke_tests_host_stub.cpp.obj
[425/1107] Building CXX object CMakeFiles/batch53_release_blockers.dir/C_/Dev/OpenU5-Native/native/targets/tdeck/host_tests/batch53_release_blockers_test.cpp.obj
[426/1107] Building CXX object CMakeFiles/batch53b_moongate_return.dir/C_/Dev/OpenU5-Native/native/targets/tdeck/main/alpha_save_generation.cpp.obj
[427/1107] Building CXX object CMakeFiles/batch53a_ending_terminal.dir/C_/Dev/OpenU5-Native/native/targets/tdeck/host_tests/batch53a_ending_terminal_test.cpp.obj
[428/1107] Building CXX object CMakeFiles/batch38_camp_duration.dir/C_/Dev/OpenU5-Native/native/targets/tdeck/main/alpha_runtime.cpp.obj
[429/1107] Building CXX object CMakeFiles/batch53b_moongate_return.dir/C_/Dev/OpenU5-Native/native/targets/tdeck/main/dungeon_art_cache.cpp.obj
[430/1107] Building CXX object CMakeFiles/a3_01_audio_runtime.dir/C_/Dev/OpenU5-Native/native/targets/tdeck/main/ui_input_adapter.cpp.obj
[431/1107] Building CXX object CMakeFiles/batch53b_moongate_return.dir/C_/Dev/OpenU5-Native/native/targets/tdeck/main/alpha_resources.cpp.obj
[432/1107] Building CXX object CMakeFiles/batch53b_moongate_return.dir/C_/Dev/OpenU5-Native/native/targets/tdeck/main/alpha_dialogue.cpp.obj
[433/1107] Building CXX object CMakeFiles/batch53b_moongate_return.dir/C_/Dev/OpenU5-Native/native/targets/tdeck/host_tests/batch53b_moongate_return_test.cpp.obj
[434/1107] Building CXX object CMakeFiles/a3_01_audio_runtime.dir/C_/Dev/OpenU5-Native/native/targets/tdeck/main/input_controller.cpp.obj
[435/1107] Building CXX object CMakeFiles/batch53b_moongate_return.dir/C_/Dev/OpenU5-Native/native/targets/tdeck/main/native_renderer.cpp.obj
[436/1107] Building CXX object CMakeFiles/a3_01_audio_runtime.dir/C_/Dev/OpenU5-Native/native/targets/tdeck/host_tests/alpha_runtime_host_fixture.cpp.obj
[437/1107] Building CXX object CMakeFiles/a3_01_audio_runtime.dir/C_/Dev/OpenU5-Native/native/targets/tdeck/host_tests/host_stubs/alpha_save_memory_host_stub.cpp.obj
[438/1107] Building CXX object CMakeFiles/a3_01_audio_runtime.dir/C_/Dev/OpenU5-Native/native/targets/tdeck/main/alpha_save_generation.cpp.obj
[439/1107] Building CXX object CMakeFiles/a3_01_audio_runtime.dir/C_/Dev/OpenU5-Native/native/targets/tdeck/host_tests/host_stubs/device_smoke_tests_host_stub.cpp.obj
[440/1107] Building CXX object CMakeFiles/a3_01_audio_runtime.dir/C_/Dev/OpenU5-Native/native/targets/tdeck/host_tests/host_stubs/batch37_board_capture_stub.cpp.obj
[441/1107] Building CXX object CMakeFiles/a3_01_audio_runtime.dir/C_/Dev/OpenU5-Native/native/targets/tdeck/main/dungeon_art_cache.cpp.obj
[442/1107] Building CXX object CMakeFiles/batch51_camp_pacing.dir/C_/Dev/OpenU5-Native/native/targets/tdeck/main/alpha_runtime.cpp.obj
[443/1107] Building CXX object CMakeFiles/a3_02_sfx_runtime.dir/C_/Dev/OpenU5-Native/native/targets/tdeck/main/ui_input_adapter.cpp.obj
[444/1107] Building CXX object CMakeFiles/a3_02_sfx_runtime.dir/C_/Dev/OpenU5-Native/native/targets/tdeck/main/input_controller.cpp.obj
[445/1107] Building CXX object CMakeFiles/a3_01_audio_runtime.dir/C_/Dev/OpenU5-Native/native/targets/tdeck/main/alpha_dialogue.cpp.obj
[446/1107] Building CXX object CMakeFiles/a3_02_sfx_runtime.dir/C_/Dev/OpenU5-Native/native/targets/tdeck/host_tests/alpha_runtime_host_fixture.cpp.obj
[447/1107] Building CXX object CMakeFiles/a3_01_audio_runtime.dir/C_/Dev/OpenU5-Native/native/targets/tdeck/main/alpha_resources.cpp.obj
[448/1107] Building CXX object CMakeFiles/a3_01_audio_runtime.dir/C_/Dev/OpenU5-Native/native/targets/tdeck/main/native_renderer.cpp.obj
[449/1107] Building CXX object CMakeFiles/a3_02_sfx_runtime.dir/C_/Dev/OpenU5-Native/native/targets/tdeck/main/alpha_save_generation.cpp.obj
[450/1107] Building CXX object CMakeFiles/a3_02_sfx_runtime.dir/C_/Dev/OpenU5-Native/native/targets/tdeck/host_tests/host_stubs/alpha_save_memory_host_stub.cpp.obj
[451/1107] Building CXX object CMakeFiles/a3_02_sfx_runtime.dir/C_/Dev/OpenU5-Native/native/targets/tdeck/host_tests/host_stubs/device_smoke_tests_host_stub.cpp.obj
[452/1107] Building CXX object CMakeFiles/batch53_release_blockers.dir/C_/Dev/OpenU5-Native/native/targets/tdeck/main/alpha_runtime.cpp.obj
[453/1107] Building CXX object CMakeFiles/a3_03_sfx_runtime.dir/C_/Dev/OpenU5-Native/native/targets/tdeck/main/ui_input_adapter.cpp.obj
[454/1107] Building CXX object CMakeFiles/a3_02_sfx_runtime.dir/C_/Dev/OpenU5-Native/native/targets/tdeck/host_tests/host_stubs/batch37_board_capture_stub.cpp.obj
[455/1107] Building CXX object CMakeFiles/a3_03_sfx_runtime.dir/C_/Dev/OpenU5-Native/native/targets/tdeck/host_tests/alpha_runtime_host_fixture.cpp.obj
[456/1107] Building CXX object CMakeFiles/a3_02_sfx_runtime.dir/C_/Dev/OpenU5-Native/native/targets/tdeck/main/dungeon_art_cache.cpp.obj
[457/1107] Building CXX object CMakeFiles/a3_02_sfx_synth.dir/tests/a3_02_sfx_synth_test.cpp.obj
[458/1107] Building CXX object CMakeFiles/a3_03_sfx_runtime.dir/C_/Dev/OpenU5-Native/native/targets/tdeck/main/input_controller.cpp.obj
[459/1107] Building CXX object CMakeFiles/a3_02_sfx_runtime.dir/C_/Dev/OpenU5-Native/native/targets/tdeck/main/alpha_dialogue.cpp.obj
[460/1107] Building CXX object CMakeFiles/a3_03_sfx_runtime.dir/C_/Dev/OpenU5-Native/native/targets/tdeck/main/alpha_save_generation.cpp.obj
[461/1107] Building CXX object CMakeFiles/a3_02_sfx_runtime.dir/C_/Dev/OpenU5-Native/native/targets/tdeck/main/alpha_resources.cpp.obj
[462/1107] Building CXX object CMakeFiles/a3_02_sfx_runtime.dir/C_/Dev/OpenU5-Native/native/targets/tdeck/main/native_renderer.cpp.obj
[463/1107] Building CXX object CMakeFiles/a3_03_sfx_runtime.dir/C_/Dev/OpenU5-Native/native/targets/tdeck/host_tests/host_stubs/alpha_save_memory_host_stub.cpp.obj
[464/1107] Building CXX object CMakeFiles/a3_01_audio_runtime.dir/C_/Dev/OpenU5-Native/native/targets/tdeck/host_tests/a3_01_audio_runtime_test.cpp.obj
[465/1107] Building CXX object CMakeFiles/a3_03_sfx_runtime.dir/C_/Dev/OpenU5-Native/native/targets/tdeck/host_tests/host_stubs/device_smoke_tests_host_stub.cpp.obj
[466/1107] Building CXX object CMakeFiles/a3_03_sfx_runtime.dir/C_/Dev/OpenU5-Native/native/targets/tdeck/host_tests/host_stubs/batch37_board_capture_stub.cpp.obj
[467/1107] Building CXX object CMakeFiles/a3_03_sfx_runtime.dir/C_/Dev/OpenU5-Native/native/targets/tdeck/main/dungeon_art_cache.cpp.obj
[468/1107] Building CXX object CMakeFiles/batch53a_ending_terminal.dir/C_/Dev/OpenU5-Native/native/targets/tdeck/main/alpha_runtime.cpp.obj
[469/1107] Building CXX object CMakeFiles/a3_04_music_runtime.dir/C_/Dev/OpenU5-Native/native/targets/tdeck/main/ui_input_adapter.cpp.obj
[470/1107] Building CXX object CMakeFiles/a3_03_sfx_runtime.dir/C_/Dev/OpenU5-Native/native/targets/tdeck/main/alpha_resources.cpp.obj
[471/1107] Building CXX object CMakeFiles/a3_03_sfx_runtime.dir/C_/Dev/OpenU5-Native/native/targets/tdeck/main/alpha_dialogue.cpp.obj
[472/1107] Building CXX object CMakeFiles/a3_04_music_runtime.dir/C_/Dev/OpenU5-Native/native/targets/tdeck/main/input_controller.cpp.obj
[473/1107] Building CXX object CMakeFiles/a3_03_sfx_runtime.dir/C_/Dev/OpenU5-Native/native/targets/tdeck/main/native_renderer.cpp.obj
[474/1107] Building CXX object CMakeFiles/a3_04_music_runtime.dir/C_/Dev/OpenU5-Native/native/targets/tdeck/host_tests/alpha_runtime_host_fixture.cpp.obj
[475/1107] Building CXX object CMakeFiles/a3_04_music_runtime.dir/C_/Dev/OpenU5-Native/native/targets/tdeck/main/alpha_save_generation.cpp.obj
[476/1107] Building CXX object CMakeFiles/batch53b_moongate_return.dir/C_/Dev/OpenU5-Native/native/targets/tdeck/main/alpha_runtime.cpp.obj
[477/1107] Building CXX object CMakeFiles/a3_04_music_runtime.dir/C_/Dev/OpenU5-Native/native/targets/tdeck/host_tests/host_stubs/alpha_save_memory_host_stub.cpp.obj
[478/1107] Building CXX object CMakeFiles/a3_02_sfx_runtime.dir/C_/Dev/OpenU5-Native/native/targets/tdeck/host_tests/a3_02_sfx_runtime_test.cpp.obj
[479/1107] Building CXX object CMakeFiles/a3_04_music_runtime.dir/C_/Dev/OpenU5-Native/native/targets/tdeck/host_tests/host_stubs/device_smoke_tests_host_stub.cpp.obj
[480/1107] Building CXX object CMakeFiles/a3_04_music_runtime.dir/C_/Dev/OpenU5-Native/native/targets/tdeck/host_tests/host_stubs/batch37_board_capture_stub.cpp.obj
[481/1107] Building CXX object CMakeFiles/a3_04b_perf_runtime.dir/C_/Dev/OpenU5-Native/native/targets/tdeck/main/ui_input_adapter.cpp.obj
[482/1107] Building CXX object CMakeFiles/a3_04b_perf_runtime.dir/C_/Dev/OpenU5-Native/native/targets/tdeck/main/input_controller.cpp.obj
[483/1107] Building CXX object CMakeFiles/a3_04_music_runtime.dir/C_/Dev/OpenU5-Native/native/targets/tdeck/main/alpha_dialogue.cpp.obj
[484/1107] Building CXX object CMakeFiles/a3_04_music_runtime.dir/C_/Dev/OpenU5-Native/native/targets/tdeck/main/dungeon_art_cache.cpp.obj
[485/1107] Building CXX object CMakeFiles/a3_04_music_runtime.dir/C_/Dev/OpenU5-Native/native/targets/tdeck/main/alpha_resources.cpp.obj
[486/1107] Building CXX object CMakeFiles/a3_04_music_runtime.dir/C_/Dev/OpenU5-Native/native/targets/tdeck/main/native_renderer.cpp.obj
[487/1107] Building CXX object CMakeFiles/a3_04_music_runtime.dir/C_/Dev/OpenU5-Native/native/targets/tdeck/host_tests/a3_04_music_runtime_test.cpp.obj
[488/1107] Building CXX object CMakeFiles/a3_04b_perf_runtime.dir/C_/Dev/OpenU5-Native/native/targets/tdeck/host_tests/host_stubs/device_smoke_tests_host_stub.cpp.obj
[489/1107] Building CXX object CMakeFiles/a3_04b_perf_runtime.dir/C_/Dev/OpenU5-Native/native/targets/tdeck/host_tests/alpha_runtime_host_fixture.cpp.obj
[490/1107] Building CXX object CMakeFiles/a3_04b_perf_runtime.dir/C_/Dev/OpenU5-Native/native/targets/tdeck/main/alpha_save_generation.cpp.obj
[491/1107] Building CXX object CMakeFiles/a3_01_audio_runtime.dir/C_/Dev/OpenU5-Native/native/targets/tdeck/main/alpha_runtime.cpp.obj
[492/1107] Building CXX object CMakeFiles/a3_04c_contention_runtime.dir/C_/Dev/OpenU5-Native/native/targets/tdeck/main/ui_input_adapter.cpp.obj
[493/1107] Building CXX object CMakeFiles/a3_04b_perf_runtime.dir/C_/Dev/OpenU5-Native/native/targets/tdeck/host_tests/host_stubs/alpha_save_memory_host_stub.cpp.obj
[494/1107] Building CXX object CMakeFiles/a3_04b_perf_runtime.dir/C_/Dev/OpenU5-Native/native/targets/tdeck/main/dungeon_art_cache.cpp.obj
[495/1107] Building CXX object CMakeFiles/a3_04b_perf_runtime.dir/C_/Dev/OpenU5-Native/native/targets/tdeck/host_tests/host_stubs/batch37_board_capture_stub.cpp.obj
[496/1107] Building CXX object CMakeFiles/a3_04c_contention_runtime.dir/C_/Dev/OpenU5-Native/native/targets/tdeck/main/input_controller.cpp.obj
[497/1107] Building CXX object CMakeFiles/a3_04b_perf_runtime.dir/C_/Dev/OpenU5-Native/native/targets/tdeck/main/native_renderer.cpp.obj
[498/1107] Building CXX object CMakeFiles/a3_04b_perf_runtime.dir/C_/Dev/OpenU5-Native/native/targets/tdeck/main/alpha_resources.cpp.obj
[499/1107] Building CXX object CMakeFiles/a3_04b_perf_runtime.dir/C_/Dev/OpenU5-Native/native/targets/tdeck/main/alpha_dialogue.cpp.obj
[500/1107] Building CXX object CMakeFiles/a3_04c_contention_runtime.dir/C_/Dev/OpenU5-Native/native/targets/tdeck/host_tests/alpha_runtime_host_fixture.cpp.obj
[501/1107] Building CXX object CMakeFiles/a3_04c_contention_runtime.dir/C_/Dev/OpenU5-Native/native/targets/tdeck/main/alpha_save_generation.cpp.obj
[502/1107] Building CXX object CMakeFiles/a3_04c_contention_runtime.dir/C_/Dev/OpenU5-Native/native/targets/tdeck/host_tests/host_stubs/alpha_save_memory_host_stub.cpp.obj
[503/1107] Building CXX object CMakeFiles/a3_04c_contention_runtime.dir/C_/Dev/OpenU5-Native/native/targets/tdeck/host_tests/host_stubs/batch37_board_capture_stub.cpp.obj
[504/1107] Building CXX object CMakeFiles/a3_04c_contention_runtime.dir/C_/Dev/OpenU5-Native/native/targets/tdeck/host_tests/host_stubs/device_smoke_tests_host_stub.cpp.obj
[505/1107] Building CXX object CMakeFiles/a3_03_sfx_runtime.dir/C_/Dev/OpenU5-Native/native/targets/tdeck/host_tests/a3_03_sfx_runtime_test.cpp.obj
[506/1107] Building CXX object CMakeFiles/a3_02_sfx_runtime.dir/C_/Dev/OpenU5-Native/native/targets/tdeck/main/alpha_runtime.cpp.obj
[507/1107] Building CXX object CMakeFiles/a3_04d_sd_log_runtime.dir/C_/Dev/OpenU5-Native/native/targets/tdeck/main/ui_input_adapter.cpp.obj
[508/1107] Building CXX object CMakeFiles/a3_04b_perf_runtime.dir/C_/Dev/OpenU5-Native/native/targets/tdeck/host_tests/a3_04b_perf_runtime_test.cpp.obj
[509/1107] Building CXX object CMakeFiles/a3_04c_contention_runtime.dir/C_/Dev/OpenU5-Native/native/targets/tdeck/main/dungeon_art_cache.cpp.obj
[510/1107] Building CXX object CMakeFiles/a3_04d_sd_log_runtime.dir/C_/Dev/OpenU5-Native/native/targets/tdeck/main/input_controller.cpp.obj
[511/1107] Building CXX object CMakeFiles/a3_03_sfx_inventory.dir/tests/a3_03_sfx_inventory_test.cpp.obj
[512/1107] Building CXX object CMakeFiles/a3_04c_contention_runtime.dir/C_/Dev/OpenU5-Native/native/targets/tdeck/main/alpha_resources.cpp.obj
[513/1107] Building CXX object CMakeFiles/a3_04c_contention_runtime.dir/C_/Dev/OpenU5-Native/native/targets/tdeck/main/alpha_dialogue.cpp.obj
[514/1107] Building CXX object CMakeFiles/a3_04d_sd_log_runtime.dir/C_/Dev/OpenU5-Native/native/targets/tdeck/host_tests/alpha_runtime_host_fixture.cpp.obj
[515/1107] Building CXX object CMakeFiles/a3_04c_contention_runtime.dir/C_/Dev/OpenU5-Native/native/targets/tdeck/main/native_renderer.cpp.obj
[516/1107] Building CXX object CMakeFiles/a3_04d_sd_log_runtime.dir/C_/Dev/OpenU5-Native/native/targets/tdeck/host_tests/host_stubs/device_smoke_tests_host_stub.cpp.obj
[517/1107] Building CXX object CMakeFiles/a3_04d_sd_log_runtime.dir/C_/Dev/OpenU5-Native/native/targets/tdeck/main/alpha_save_generation.cpp.obj
[518/1107] Building CXX object CMakeFiles/a3_04d_sd_log_runtime.dir/C_/Dev/OpenU5-Native/native/targets/tdeck/host_tests/host_stubs/alpha_save_memory_host_stub.cpp.obj
[519/1107] Building CXX object CMakeFiles/a3_04c_contention_runtime.dir/C_/Dev/OpenU5-Native/native/targets/tdeck/host_tests/a3_04c_contention_runtime_test.cpp.obj
[520/1107] Building CXX object CMakeFiles/a3_03_sfx_runtime.dir/C_/Dev/OpenU5-Native/native/targets/tdeck/main/alpha_runtime.cpp.obj
[521/1107] Building CXX object CMakeFiles/a3_04d_sd_log_runtime.dir/C_/Dev/OpenU5-Native/native/targets/tdeck/host_tests/host_stubs/batch37_board_capture_stub.cpp.obj
[522/1107] Building CXX object CMakeFiles/a3_04d_sd_log_runtime.dir/C_/Dev/OpenU5-Native/native/targets/tdeck/main/dungeon_art_cache.cpp.obj
[523/1107] Building CXX object CMakeFiles/a3_04d_sd_log_runtime.dir/C_/Dev/OpenU5-Native/native/targets/tdeck/main/alpha_dialogue.cpp.obj
[524/1107] Building CXX object CMakeFiles/a3_01_audio_contract.dir/tests/a3_01_audio_contract_test.cpp.obj
[525/1107] Building CXX object CMakeFiles/a3_04d_sd_log_runtime.dir/C_/Dev/OpenU5-Native/native/targets/tdeck/main/alpha_resources.cpp.obj
[526/1107] Building CXX object CMakeFiles/a3_04d_sd_log_runtime.dir/C_/Dev/OpenU5-Native/native/targets/tdeck/main/native_renderer.cpp.obj
[527/1107] Building CXX object CMakeFiles/a3_04e_pacing_runtime.dir/C_/Dev/OpenU5-Native/native/targets/tdeck/main/ui_input_adapter.cpp.obj
[528/1107] Building CXX object CMakeFiles/a3_04e_pacing_runtime.dir/C_/Dev/OpenU5-Native/native/targets/tdeck/host_tests/alpha_runtime_host_fixture.cpp.obj
[529/1107] Building CXX object CMakeFiles/a3_04e_pacing_runtime.dir/C_/Dev/OpenU5-Native/native/targets/tdeck/main/input_controller.cpp.obj
[530/1107] Building CXX object CMakeFiles/a3_04e_pacing_runtime.dir/C_/Dev/OpenU5-Native/native/targets/tdeck/host_tests/host_stubs/alpha_save_memory_host_stub.cpp.obj
[531/1107] Building CXX object CMakeFiles/a3_04d_sd_log_runtime.dir/C_/Dev/OpenU5-Native/native/targets/tdeck/host_tests/a3_04d_sd_log_runtime_test.cpp.obj
[532/1107] Building CXX object CMakeFiles/a3_04e_pacing_runtime.dir/C_/Dev/OpenU5-Native/native/targets/tdeck/main/alpha_save_generation.cpp.obj
[533/1107] Building CXX object CMakeFiles/a3_04_music_runtime.dir/C_/Dev/OpenU5-Native/native/targets/tdeck/main/alpha_runtime.cpp.obj
[534/1107] Building CXX object CMakeFiles/a3_04e_pacing_runtime.dir/C_/Dev/OpenU5-Native/native/targets/tdeck/host_tests/host_stubs/device_smoke_tests_host_stub.cpp.obj
[535/1107] Building CXX object CMakeFiles/a3_hf1_arena_loot.dir/C_/Dev/OpenU5-Native/native/targets/tdeck/main/ui_input_adapter.cpp.obj
[536/1107] Building CXX object CMakeFiles/a3_04e_pacing_runtime.dir/C_/Dev/OpenU5-Native/native/targets/tdeck/main/dungeon_art_cache.cpp.obj
[537/1107] Building CXX object CMakeFiles/a3_hf1_arena_loot.dir/C_/Dev/OpenU5-Native/native/targets/tdeck/host_tests/alpha_runtime_host_fixture.cpp.obj
[538/1107] Building CXX object CMakeFiles/a3_hf1_arena_loot.dir/C_/Dev/OpenU5-Native/native/targets/tdeck/main/input_controller.cpp.obj
[539/1107] Building CXX object CMakeFiles/a3_04e_pacing_runtime.dir/C_/Dev/OpenU5-Native/native/targets/tdeck/main/alpha_dialogue.cpp.obj
[540/1107] Building CXX object CMakeFiles/a3_04e_pacing_runtime.dir/C_/Dev/OpenU5-Native/native/targets/tdeck/main/native_renderer.cpp.obj
[541/1107] Building CXX object CMakeFiles/a3_04e_pacing_runtime.dir/C_/Dev/OpenU5-Native/native/targets/tdeck/main/alpha_resources.cpp.obj
[542/1107] Building CXX object CMakeFiles/a3_hf1_arena_loot.dir/C_/Dev/OpenU5-Native/native/targets/tdeck/host_tests/host_stubs/device_smoke_tests_host_stub.cpp.obj
[543/1107] Building CXX object CMakeFiles/a3_hf1_arena_loot.dir/C_/Dev/OpenU5-Native/native/targets/tdeck/main/alpha_save_generation.cpp.obj
[544/1107] Building CXX object CMakeFiles/a3_hf1_arena_loot.dir/C_/Dev/OpenU5-Native/native/targets/tdeck/host_tests/host_stubs/alpha_save_memory_host_stub.cpp.obj
[545/1107] Building CXX object CMakeFiles/a3_hf1_arena_loot.dir/C_/Dev/OpenU5-Native/native/targets/tdeck/host_tests/host_stubs/batch37_board_capture_stub.cpp.obj
[546/1107] Building CXX object CMakeFiles/a3_hf1_arena_loot.dir/C_/Dev/OpenU5-Native/native/targets/tdeck/main/dungeon_art_cache.cpp.obj
[547/1107] Building CXX object CMakeFiles/a3_hf2_ambient_parity.dir/C_/Dev/OpenU5-Native/native/targets/tdeck/main/ui_input_adapter.cpp.obj
[548/1107] Building CXX object CMakeFiles/a3_04b_perf_runtime.dir/C_/Dev/OpenU5-Native/native/targets/tdeck/main/alpha_runtime.cpp.obj
[549/1107] Building CXX object CMakeFiles/a3_hf1_arena_loot.dir/C_/Dev/OpenU5-Native/native/targets/tdeck/main/alpha_dialogue.cpp.obj
[550/1107] Building CXX object CMakeFiles/a3_hf2_ambient_parity.dir/C_/Dev/OpenU5-Native/native/targets/tdeck/main/input_controller.cpp.obj
[551/1107] Building CXX object CMakeFiles/a3_hf1_arena_loot.dir/C_/Dev/OpenU5-Native/native/targets/tdeck/main/alpha_resources.cpp.obj
[552/1107] Building CXX object CMakeFiles/a3_hf2_ambient_parity.dir/C_/Dev/OpenU5-Native/native/targets/tdeck/host_tests/alpha_runtime_host_fixture.cpp.obj
[553/1107] Building CXX object CMakeFiles/a3_hf1_arena_loot.dir/C_/Dev/OpenU5-Native/native/targets/tdeck/main/native_renderer.cpp.obj
[554/1107] Building CXX object CMakeFiles/a3_hf2_ambient_parity.dir/C_/Dev/OpenU5-Native/native/targets/tdeck/main/alpha_save_generation.cpp.obj
[555/1107] Building CXX object CMakeFiles/a3_hf2_ambient_parity.dir/C_/Dev/OpenU5-Native/native/targets/tdeck/host_tests/host_stubs/alpha_save_memory_host_stub.cpp.obj
[556/1107] Building CXX object CMakeFiles/a3_hf2_ambient_parity.dir/C_/Dev/OpenU5-Native/native/targets/tdeck/host_tests/host_stubs/device_smoke_tests_host_stub.cpp.obj
[557/1107] Building CXX object CMakeFiles/a3_04e_pacing_runtime.dir/C_/Dev/OpenU5-Native/native/targets/tdeck/host_tests/a3_04e_pacing_runtime_test.cpp.obj
[558/1107] Building CXX object CMakeFiles/a3_04c_contention_runtime.dir/C_/Dev/OpenU5-Native/native/targets/tdeck/main/alpha_runtime.cpp.obj
[559/1107] Building CXX object CMakeFiles/a3_hf2_1_dispatch_log.dir/C_/Dev/OpenU5-Native/native/targets/tdeck/main/ui_input_adapter.cpp.obj
[560/1107] Building CXX object CMakeFiles/a3_hf2_ambient_parity.dir/C_/Dev/OpenU5-Native/native/targets/tdeck/main/dungeon_art_cache.cpp.obj
[561/1107] Building CXX object CMakeFiles/a3_hf2_ambient_parity.dir/C_/Dev/OpenU5-Native/native/targets/tdeck/main/alpha_resources.cpp.obj
[562/1107] Building CXX object CMakeFiles/a3_hf2_ambient_parity.dir/C_/Dev/OpenU5-Native/native/targets/tdeck/main/alpha_dialogue.cpp.obj
[563/1107] Building CXX object CMakeFiles/a3_hf2_1_dispatch_log.dir/C_/Dev/OpenU5-Native/native/targets/tdeck/main/input_controller.cpp.obj
[564/1107] Building CXX object CMakeFiles/a3_04e_pacing_runtime.dir/C_/Dev/OpenU5-Native/native/targets/tdeck/main/tdeck_board.cpp.obj
[565/1107] Building CXX object CMakeFiles/a3_hf2_1_dispatch_log.dir/C_/Dev/OpenU5-Native/native/targets/tdeck/main/alpha_save_generation.cpp.obj
[566/1107] Building CXX object CMakeFiles/a3_hf2_1_dispatch_log.dir/C_/Dev/OpenU5-Native/native/targets/tdeck/host_tests/host_stubs/alpha_save_memory_host_stub.cpp.obj
[567/1107] Building CXX object CMakeFiles/a3_hf1_arena_loot.dir/C_/Dev/OpenU5-Native/native/targets/tdeck/host_tests/a3_hf1_arena_loot_test.cpp.obj
[568/1107] Building CXX object CMakeFiles/a3_hf2_1_dispatch_log.dir/C_/Dev/OpenU5-Native/native/targets/tdeck/host_tests/alpha_runtime_host_fixture.cpp.obj
[569/1107] Building CXX object CMakeFiles/a3_04d_sd_log_runtime.dir/C_/Dev/OpenU5-Native/native/targets/tdeck/main/alpha_runtime.cpp.obj
[570/1107] Building CXX object CMakeFiles/a3_hf2_ambient_parity.dir/C_/Dev/OpenU5-Native/native/targets/tdeck/main/native_renderer.cpp.obj
[571/1107] Building CXX object CMakeFiles/a3_hf2_1_dispatch_log.dir/C_/Dev/OpenU5-Native/native/targets/tdeck/host_tests/host_stubs/device_smoke_tests_host_stub.cpp.obj
[572/1107] Building CXX object CMakeFiles/a3_hf2_1_dispatch_log.dir/C_/Dev/OpenU5-Native/native/targets/tdeck/host_tests/host_stubs/batch37_board_capture_stub.cpp.obj
[573/1107] Building CXX object CMakeFiles/a3_hf2_ambient_parity.dir/C_/Dev/OpenU5-Native/native/targets/tdeck/host_tests/a3_hf2_ambient_parity_test.cpp.obj
[574/1107] Building CXX object CMakeFiles/a3_hf2_1_dispatch_log.dir/C_/Dev/OpenU5-Native/native/targets/tdeck/main/dungeon_art_cache.cpp.obj
[575/1107] Building CXX object CMakeFiles/a3_04f_render_runtime.dir/C_/Dev/OpenU5-Native/native/targets/tdeck/main/ui_input_adapter.cpp.obj
[576/1107] Building CXX object CMakeFiles/a3_hf2_1_dispatch_log.dir/C_/Dev/OpenU5-Native/native/targets/tdeck/main/alpha_dialogue.cpp.obj
[577/1107] Building CXX object CMakeFiles/a3_04f_render_runtime.dir/C_/Dev/OpenU5-Native/native/targets/tdeck/host_tests/alpha_runtime_host_fixture.cpp.obj
[578/1107] Building CXX object CMakeFiles/a3_hf2_1_dispatch_log.dir/C_/Dev/OpenU5-Native/native/targets/tdeck/main/alpha_resources.cpp.obj
[579/1107] Building CXX object CMakeFiles/a3_04f_render_runtime.dir/C_/Dev/OpenU5-Native/native/targets/tdeck/main/input_controller.cpp.obj
[580/1107] Building CXX object CMakeFiles/a3_hf2_1_dispatch_log.dir/C_/Dev/OpenU5-Native/native/targets/tdeck/main/native_renderer.cpp.obj
[581/1107] Building CXX object CMakeFiles/a3_04e_pacing.dir/tests/a3_04e_pacing_test.cpp.obj
[582/1107] Building CXX object CMakeFiles/a3_04f_render_runtime.dir/C_/Dev/OpenU5-Native/native/targets/tdeck/host_tests/host_stubs/alpha_save_memory_host_stub.cpp.obj
[583/1107] Building CXX object CMakeFiles/a3_04f_render_runtime.dir/C_/Dev/OpenU5-Native/native/targets/tdeck/main/alpha_save_generation.cpp.obj
[584/1107] Building CXX object CMakeFiles/a3_04f_render_runtime.dir/C_/Dev/OpenU5-Native/native/targets/tdeck/host_tests/host_stubs/device_smoke_tests_host_stub.cpp.obj
[585/1107] Building CXX object CMakeFiles/a4_ui1_chrome_runtime.dir/C_/Dev/OpenU5-Native/native/targets/tdeck/main/ui_input_adapter.cpp.obj
[586/1107] Building CXX object CMakeFiles/a3_hf2_1_dispatch_log.dir/C_/Dev/OpenU5-Native/native/targets/tdeck/host_tests/a3_hf2_1_dispatch_log_test.cpp.obj
[587/1107] Building CXX object CMakeFiles/a3_04e_pacing_runtime.dir/C_/Dev/OpenU5-Native/native/targets/tdeck/main/alpha_runtime.cpp.obj
[588/1107] Building CXX object CMakeFiles/a3_04f_render_runtime.dir/C_/Dev/OpenU5-Native/native/targets/tdeck/main/dungeon_art_cache.cpp.obj
[589/1107] Building CXX object CMakeFiles/a3_04f_render_runtime.dir/C_/Dev/OpenU5-Native/native/targets/tdeck/main/alpha_dialogue.cpp.obj
[590/1107] Building CXX object CMakeFiles/a4_ui1_chrome_runtime.dir/C_/Dev/OpenU5-Native/native/targets/tdeck/main/input_controller.cpp.obj
[591/1107] Building CXX object CMakeFiles/a4_ui1_chrome_runtime.dir/C_/Dev/OpenU5-Native/native/targets/tdeck/host_tests/alpha_runtime_host_fixture.cpp.obj
[592/1107] Building CXX object CMakeFiles/a3_04f_render_runtime.dir/C_/Dev/OpenU5-Native/native/targets/tdeck/main/alpha_resources.cpp.obj
[593/1107] Building CXX object CMakeFiles/a3_hf2_ambient_parity.dir/C_/Dev/OpenU5-Native/native/targets/tdeck/main/tdeck_board.cpp.obj
[594/1107] Building CXX object CMakeFiles/a4_ui1_chrome_runtime.dir/C_/Dev/OpenU5-Native/native/targets/tdeck/main/alpha_save_generation.cpp.obj
[595/1107] Building CXX object CMakeFiles/a3_04f_render_runtime.dir/C_/Dev/OpenU5-Native/native/targets/tdeck/main/native_renderer.cpp.obj
[596/1107] Building CXX object CMakeFiles/a4_ui1_chrome_runtime.dir/C_/Dev/OpenU5-Native/native/targets/tdeck/host_tests/host_stubs/device_smoke_tests_host_stub.cpp.obj
[597/1107] Building CXX object CMakeFiles/a4_ui1_chrome_runtime.dir/C_/Dev/OpenU5-Native/native/targets/tdeck/host_tests/host_stubs/alpha_save_memory_host_stub.cpp.obj
[598/1107] Building CXX object CMakeFiles/a3_hf1_arena_loot.dir/C_/Dev/OpenU5-Native/native/targets/tdeck/main/alpha_runtime.cpp.obj
[599/1107] Building CXX object CMakeFiles/a4_ui2_title_runtime.dir/C_/Dev/OpenU5-Native/native/targets/tdeck/main/ui_input_adapter.cpp.obj
[600/1107] Building CXX object CMakeFiles/a4_ui2_title_runtime.dir/C_/Dev/OpenU5-Native/native/targets/tdeck/main/input_controller.cpp.obj
[601/1107] Building CXX object CMakeFiles/a4_ui2_title_runtime.dir/C_/Dev/OpenU5-Native/native/targets/tdeck/host_tests/alpha_runtime_host_fixture.cpp.obj
[602/1107] Building CXX object CMakeFiles/a4_ui1_chrome_runtime.dir/C_/Dev/OpenU5-Native/native/targets/tdeck/main/dungeon_art_cache.cpp.obj
[603/1107] Building CXX object CMakeFiles/a4_ui2_title_runtime.dir/C_/Dev/OpenU5-Native/native/targets/tdeck/main/alpha_save_generation.cpp.obj
[604/1107] Building CXX object CMakeFiles/a4_ui1_chrome_runtime.dir/C_/Dev/OpenU5-Native/native/targets/tdeck/main/alpha_resources.cpp.obj
[605/1107] Building CXX object CMakeFiles/a4_ui1_chrome_runtime.dir/C_/Dev/OpenU5-Native/native/targets/tdeck/main/alpha_dialogue.cpp.obj
[606/1107] Building CXX object CMakeFiles/a4_ui2_title_runtime.dir/C_/Dev/OpenU5-Native/native/targets/tdeck/host_tests/host_stubs/alpha_save_memory_host_stub.cpp.obj
[607/1107] Building CXX object CMakeFiles/a4_ui2_title_runtime.dir/C_/Dev/OpenU5-Native/native/targets/tdeck/host_tests/host_stubs/device_smoke_tests_host_stub.cpp.obj
[608/1107] Building CXX object CMakeFiles/a4_ui1_chrome_runtime.dir/C_/Dev/OpenU5-Native/native/targets/tdeck/main/native_renderer.cpp.obj
[609/1107] Building CXX object CMakeFiles/a4_ui2_title_runtime.dir/C_/Dev/OpenU5-Native/native/targets/tdeck/main/dungeon_art_cache.cpp.obj
[610/1107] Building CXX object CMakeFiles/a3_hf2_ambient_parity.dir/C_/Dev/OpenU5-Native/native/targets/tdeck/main/alpha_runtime.cpp.obj
[611/1107] Building CXX object CMakeFiles/a4_ui2_death_music_runtime.dir/C_/Dev/OpenU5-Native/native/targets/tdeck/main/ui_input_adapter.cpp.obj
[612/1107] Building CXX object CMakeFiles/a4_ui2_title_runtime.dir/C_/Dev/OpenU5-Native/native/targets/tdeck/main/alpha_resources.cpp.obj
[613/1107] Building CXX object CMakeFiles/a4_ui2_title_runtime.dir/C_/Dev/OpenU5-Native/native/targets/tdeck/main/alpha_dialogue.cpp.obj
[614/1107] Building CXX object CMakeFiles/a4_ui2_death_music_runtime.dir/C_/Dev/OpenU5-Native/native/targets/tdeck/main/input_controller.cpp.obj
[615/1107] Building CXX object CMakeFiles/a4_ui2_title_runtime.dir/C_/Dev/OpenU5-Native/native/targets/tdeck/main/native_renderer.cpp.obj
[616/1107] Building CXX object CMakeFiles/a4_ui2_death_music_runtime.dir/C_/Dev/OpenU5-Native/native/targets/tdeck/host_tests/alpha_runtime_host_fixture.cpp.obj
[617/1107] Building CXX object CMakeFiles/a4_ui2_death_music_runtime.dir/C_/Dev/OpenU5-Native/native/targets/tdeck/main/alpha_save_generation.cpp.obj
[618/1107] Building CXX object CMakeFiles/a3_04f_render_runtime.dir/C_/Dev/OpenU5-Native/native/targets/tdeck/main/tdeck_board.cpp.obj
[619/1107] Building CXX object CMakeFiles/a4_ui2_death_music_runtime.dir/C_/Dev/OpenU5-Native/native/targets/tdeck/host_tests/host_stubs/alpha_save_memory_host_stub.cpp.obj
[620/1107] Building CXX object CMakeFiles/a4_ui2_death_music_runtime.dir/C_/Dev/OpenU5-Native/native/targets/tdeck/host_tests/host_stubs/device_smoke_tests_host_stub.cpp.obj
[621/1107] Building CXX object CMakeFiles/a3_hf2_1_dispatch_log.dir/C_/Dev/OpenU5-Native/native/targets/tdeck/main/alpha_runtime.cpp.obj
[622/1107] Building CXX object CMakeFiles/a4_ui2_death_music_runtime.dir/C_/Dev/OpenU5-Native/native/targets/tdeck/main/alpha_resources.cpp.obj
[623/1107] Building CXX object CMakeFiles/a4_ui2_save_menu_runtime.dir/C_/Dev/OpenU5-Native/native/targets/tdeck/main/ui_input_adapter.cpp.obj
[624/1107] Building CXX object CMakeFiles/a4_ui2_death_music_runtime.dir/C_/Dev/OpenU5-Native/native/targets/tdeck/main/dungeon_art_cache.cpp.obj
[625/1107] Building CXX object CMakeFiles/a4_ui2_title_runtime.dir/C_/Dev/OpenU5-Native/native/targets/tdeck/host_tests/a4_ui2_title_runtime_test.cpp.obj
[626/1107] Building CXX object CMakeFiles/a4_ui2_save_menu_runtime.dir/C_/Dev/OpenU5-Native/native/targets/tdeck/main/input_controller.cpp.obj
[627/1107] Building CXX object CMakeFiles/a4_ui2_death_music_runtime.dir/C_/Dev/OpenU5-Native/native/targets/tdeck/main/alpha_dialogue.cpp.obj
[628/1107] Building CXX object CMakeFiles/a4_ui1_chrome_runtime.dir/C_/Dev/OpenU5-Native/native/targets/tdeck/host_tests/a4_ui1_chrome_runtime_test.cpp.obj
[629/1107] Building CXX object CMakeFiles/a4_ui2_death_music_runtime.dir/C_/Dev/OpenU5-Native/native/targets/tdeck/main/native_renderer.cpp.obj
[630/1107] Building CXX object CMakeFiles/a4_ui2_save_menu_runtime.dir/C_/Dev/OpenU5-Native/native/targets/tdeck/host_tests/alpha_runtime_host_fixture.cpp.obj
[631/1107] Building CXX object CMakeFiles/a4_ui2_save_menu_runtime.dir/C_/Dev/OpenU5-Native/native/targets/tdeck/main/alpha_save_generation.cpp.obj
[632/1107] Building CXX object CMakeFiles/a4_ui1_chrome_runtime.dir/C_/Dev/OpenU5-Native/native/targets/tdeck/main/tdeck_board.cpp.obj
[633/1107] Building CXX object CMakeFiles/a4_ui2_save_menu_runtime.dir/C_/Dev/OpenU5-Native/native/targets/tdeck/host_tests/host_stubs/alpha_save_memory_host_stub.cpp.obj
[634/1107] Building CXX object CMakeFiles/a4_ui2_save_menu_runtime.dir/C_/Dev/OpenU5-Native/native/targets/tdeck/host_tests/host_stubs/device_smoke_tests_host_stub.cpp.obj
[635/1107] Building CXX object CMakeFiles/a3_04f_render_runtime.dir/C_/Dev/OpenU5-Native/native/targets/tdeck/host_tests/a3_04f_render_runtime_test.cpp.obj
[636/1107] Building CXX object CMakeFiles/a4_ui2_death_music_runtime.dir/C_/Dev/OpenU5-Native/native/targets/tdeck/host_tests/a4_ui2_death_music_runtime_test.cpp.obj
[637/1107] Building CXX object CMakeFiles/a4_ui2_save_menu_runtime.dir/C_/Dev/OpenU5-Native/native/targets/tdeck/main/dungeon_art_cache.cpp.obj
[638/1107] Building CXX object CMakeFiles/a4_ui2_save_menu_runtime.dir/C_/Dev/OpenU5-Native/native/targets/tdeck/main/alpha_resources.cpp.obj
[639/1107] Building CXX object CMakeFiles/a3_hf3_combat_hit_cue.dir/tests/a3_hf3_combat_hit_cue_test.cpp.obj
[640/1107] Building CXX object CMakeFiles/a3_04f_render_runtime.dir/C_/Dev/OpenU5-Native/native/targets/tdeck/main/alpha_runtime.cpp.obj
[641/1107] Building CXX object CMakeFiles/a3_hf3_combat_hit_runtime.dir/C_/Dev/OpenU5-Native/native/targets/tdeck/main/ui_input_adapter.cpp.obj
[642/1107] Building CXX object CMakeFiles/a4_ui2_save_menu_runtime.dir/C_/Dev/OpenU5-Native/native/targets/tdeck/main/alpha_dialogue.cpp.obj
[643/1107] Building CXX object CMakeFiles/a4_ui2_title_runtime.dir/C_/Dev/OpenU5-Native/native/targets/tdeck/main/tdeck_board.cpp.obj
[644/1107] Building CXX object CMakeFiles/a4_ui2_save_menu_runtime.dir/C_/Dev/OpenU5-Native/native/targets/tdeck/main/native_renderer.cpp.obj
[645/1107] Building CXX object CMakeFiles/a3_hf3_combat_hit_runtime.dir/C_/Dev/OpenU5-Native/native/targets/tdeck/main/input_controller.cpp.obj
[646/1107] Building CXX object CMakeFiles/a3_hf3_combat_hit_runtime.dir/C_/Dev/OpenU5-Native/native/targets/tdeck/host_tests/alpha_runtime_host_fixture.cpp.obj
[647/1107] Building CXX object CMakeFiles/a4_ui1_chrome_runtime.dir/C_/Dev/OpenU5-Native/native/targets/tdeck/main/alpha_runtime.cpp.obj
[648/1107] Building CXX object CMakeFiles/a3_hf3_combat_hit_runtime.dir/C_/Dev/OpenU5-Native/native/targets/tdeck/host_tests/host_stubs/alpha_save_memory_host_stub.cpp.obj
[649/1107] Building CXX object CMakeFiles/a3_hf3_combat_hit_runtime.dir/C_/Dev/OpenU5-Native/native/targets/tdeck/host_tests/host_stubs/device_smoke_tests_host_stub.cpp.obj
[650/1107] Building CXX object CMakeFiles/a3_hf3_combat_hit_runtime.dir/C_/Dev/OpenU5-Native/native/targets/tdeck/main/alpha_save_generation.cpp.obj
[651/1107] Building CXX object CMakeFiles/a3_04g_storage_runtime.dir/C_/Dev/OpenU5-Native/native/targets/tdeck/main/ui_input_adapter.cpp.obj
[652/1107] Building CXX object CMakeFiles/a3_hf3_combat_hit_runtime.dir/C_/Dev/OpenU5-Native/native/targets/tdeck/main/dungeon_art_cache.cpp.obj
[653/1107] Building CXX object CMakeFiles/a3_04g_storage_runtime.dir/C_/Dev/OpenU5-Native/native/targets/tdeck/main/input_controller.cpp.obj
[654/1107] Building CXX object CMakeFiles/a3_04g_storage_runtime.dir/C_/Dev/OpenU5-Native/native/targets/tdeck/host_tests/host_stubs/tdeck_board_host_stub.cpp.obj
[655/1107] Building CXX object CMakeFiles/a3_hf3_combat_hit_runtime.dir/C_/Dev/OpenU5-Native/native/targets/tdeck/main/alpha_dialogue.cpp.obj
[656/1107] Building CXX object CMakeFiles/a3_hf3_combat_hit_runtime.dir/C_/Dev/OpenU5-Native/native/targets/tdeck/main/alpha_resources.cpp.obj
[657/1107] Building CXX object CMakeFiles/a3_04g_storage_runtime.dir/C_/Dev/OpenU5-Native/native/targets/tdeck/host_tests/alpha_runtime_host_fixture.cpp.obj
[658/1107] Building CXX object CMakeFiles/a4_ui2_death_music_runtime.dir/C_/Dev/OpenU5-Native/native/targets/tdeck/main/tdeck_board.cpp.obj
[659/1107] Building CXX object CMakeFiles/a3_hf3_combat_hit_runtime.dir/C_/Dev/OpenU5-Native/native/targets/tdeck/main/native_renderer.cpp.obj
[660/1107] Building CXX object CMakeFiles/a3_hf3_combat_hit_runtime.dir/C_/Dev/OpenU5-Native/native/targets/tdeck/host_tests/a3_hf3_combat_hit_runtime_test.cpp.obj
[661/1107] Building CXX object CMakeFiles/a4_ui2_title_runtime.dir/C_/Dev/OpenU5-Native/native/targets/tdeck/main/alpha_runtime.cpp.obj
[662/1107] Building CXX object CMakeFiles/a3_04g_storage_runtime.dir/C_/Dev/OpenU5-Native/native/targets/tdeck/host_tests/host_stubs/device_smoke_tests_host_stub.cpp.obj
[663/1107] Building CXX object CMakeFiles/a3_04g_storage_runtime.dir/C_/Dev/OpenU5-Native/native/targets/tdeck/main/alpha_save_generation.cpp.obj
[664/1107] Building CXX object CMakeFiles/a4_ui2_save_menu_runtime.dir/C_/Dev/OpenU5-Native/native/targets/tdeck/host_tests/a4_ui2_save_menu_runtime_test.cpp.obj
[665/1107] Building CXX object CMakeFiles/a3_04g_storage_runtime.dir/C_/Dev/OpenU5-Native/native/targets/tdeck/main/dungeon_art_cache.cpp.obj
[666/1107] Building CXX object CMakeFiles/a4_save1_recovery_runtime.dir/C_/Dev/OpenU5-Native/native/targets/tdeck/main/ui_input_adapter.cpp.obj
[667/1107] Building CXX object CMakeFiles/a3_04g_storage_runtime.dir/C_/Dev/OpenU5-Native/native/targets/tdeck/main/alpha_resources.cpp.obj
[668/1107] Building CXX object CMakeFiles/a3_04g_storage_runtime.dir/C_/Dev/OpenU5-Native/native/targets/tdeck/main/alpha_dialogue.cpp.obj
[669/1107] Building CXX object CMakeFiles/a4_save1_recovery_runtime.dir/C_/Dev/OpenU5-Native/native/targets/tdeck/host_tests/host_stubs/tdeck_board_host_stub.cpp.obj
[670/1107] Building CXX object CMakeFiles/a3_04g_storage_runtime.dir/C_/Dev/OpenU5-Native/native/targets/tdeck/main/native_renderer.cpp.obj
[671/1107] Building CXX object CMakeFiles/a4_save1_recovery_runtime.dir/C_/Dev/OpenU5-Native/native/targets/tdeck/main/input_controller.cpp.obj
[672/1107] Building CXX object CMakeFiles/a4_ui2_save_menu_runtime.dir/C_/Dev/OpenU5-Native/native/targets/tdeck/main/tdeck_board.cpp.obj
[673/1107] Building CXX object CMakeFiles/a4_save1_recovery_runtime.dir/C_/Dev/OpenU5-Native/native/targets/tdeck/host_tests/alpha_runtime_host_fixture.cpp.obj
[674/1107] Building CXX object CMakeFiles/a4_save1_recovery_runtime.dir/C_/Dev/OpenU5-Native/native/targets/tdeck/main/alpha_save_generation.cpp.obj
[675/1107] Building CXX object CMakeFiles/a4_save1_recovery_runtime.dir/C_/Dev/OpenU5-Native/native/targets/tdeck/host_tests/host_stubs/device_smoke_tests_host_stub.cpp.obj
[676/1107] Building CXX object CMakeFiles/a4_ui2_death_music_runtime.dir/C_/Dev/OpenU5-Native/native/targets/tdeck/main/alpha_runtime.cpp.obj
[677/1107] Building CXX object CMakeFiles/a4_save1_recovery_runtime.dir/C_/Dev/OpenU5-Native/native/targets/tdeck/main/alpha_resources.cpp.obj
[678/1107] Building CXX object CMakeFiles/a4_save1_recovery_runtime.dir/C_/Dev/OpenU5-Native/native/targets/tdeck/main/dungeon_art_cache.cpp.obj
[679/1107] Building CXX object CMakeFiles/a4_save1_recovery_runtime.dir/C_/Dev/OpenU5-Native/native/targets/tdeck/main/alpha_dialogue.cpp.obj
[680/1107] Building CXX object CMakeFiles/a3_04g_storage_runtime.dir/C_/Dev/OpenU5-Native/native/targets/tdeck/main/alpha_save.cpp.obj
[681/1107] Building CXX object CMakeFiles/a4_save2_slots_runtime.dir/C_/Dev/OpenU5-Native/native/targets/tdeck/main/ui_input_adapter.cpp.obj
[682/1107] Building CXX object CMakeFiles/a4_save2_slots_runtime.dir/C_/Dev/OpenU5-Native/native/targets/tdeck/host_tests/host_stubs/tdeck_board_host_stub.cpp.obj
[683/1107] Building CXX object CMakeFiles/a4_save1_recovery_runtime.dir/C_/Dev/OpenU5-Native/native/targets/tdeck/main/native_renderer.cpp.obj
[684/1107] Building CXX object CMakeFiles/a4_save2_slots_runtime.dir/C_/Dev/OpenU5-Native/native/targets/tdeck/main/input_controller.cpp.obj
[685/1107] Building CXX object CMakeFiles/a4_save2_slots_runtime.dir/C_/Dev/OpenU5-Native/native/targets/tdeck/host_tests/alpha_runtime_host_fixture.cpp.obj
[686/1107] Building CXX object CMakeFiles/a3_hf3_combat_hit_runtime.dir/C_/Dev/OpenU5-Native/native/targets/tdeck/main/tdeck_board.cpp.obj
[687/1107] Building CXX object CMakeFiles/a3_04g_storage_runtime.dir/C_/Dev/OpenU5-Native/native/targets/tdeck/host_tests/a3_04g_storage_runtime_test.cpp.obj
[688/1107] Building CXX object CMakeFiles/a4_save2_slots_runtime.dir/C_/Dev/OpenU5-Native/native/targets/tdeck/host_tests/host_stubs/device_smoke_tests_host_stub.cpp.obj
[689/1107] Building CXX object CMakeFiles/a4_save1_recovery_runtime.dir/C_/Dev/OpenU5-Native/native/targets/tdeck/host_tests/a4_save1_recovery_runtime_test.cpp.obj
[690/1107] Building CXX object CMakeFiles/a4_ui2_save_menu_runtime.dir/C_/Dev/OpenU5-Native/native/targets/tdeck/main/alpha_runtime.cpp.obj
[691/1107] Building CXX object CMakeFiles/a4_save2_slots_runtime.dir/C_/Dev/OpenU5-Native/native/targets/tdeck/main/alpha_save_generation.cpp.obj
[692/1107] Building CXX object CMakeFiles/a4_save3_pc_bridge_runtime.dir/C_/Dev/OpenU5-Native/native/targets/tdeck/main/ui_input_adapter.cpp.obj
[693/1107] Building CXX object CMakeFiles/a4_save2_slots_runtime.dir/C_/Dev/OpenU5-Native/native/targets/tdeck/main/dungeon_art_cache.cpp.obj
[694/1107] Building CXX object CMakeFiles/a4_save3_pc_bridge_runtime.dir/C_/Dev/OpenU5-Native/native/targets/tdeck/main/input_controller.cpp.obj
[695/1107] Building CXX object CMakeFiles/a4_save1_recovery_runtime.dir/C_/Dev/OpenU5-Native/native/targets/tdeck/main/alpha_save.cpp.obj
[696/1107] Building CXX object CMakeFiles/a4_save3_pc_bridge_runtime.dir/C_/Dev/OpenU5-Native/native/targets/tdeck/host_tests/host_stubs/tdeck_board_host_stub.cpp.obj
[697/1107] Building CXX object CMakeFiles/a4_save2_slots_runtime.dir/C_/Dev/OpenU5-Native/native/targets/tdeck/main/alpha_dialogue.cpp.obj
[698/1107] Building CXX object CMakeFiles/a4_save3_pc_bridge_runtime.dir/C_/Dev/OpenU5-Native/native/targets/tdeck/host_tests/alpha_runtime_host_fixture.cpp.obj
[699/1107] Building CXX object CMakeFiles/a4_save2_slots_runtime.dir/C_/Dev/OpenU5-Native/native/targets/tdeck/main/native_renderer.cpp.obj
[700/1107] Building CXX object CMakeFiles/a4_save2_slots_runtime.dir/C_/Dev/OpenU5-Native/native/targets/tdeck/main/alpha_resources.cpp.obj
[701/1107] Building CXX object CMakeFiles/a4_save3_pc_bridge_runtime.dir/C_/Dev/OpenU5-Native/native/targets/tdeck/host_tests/host_stubs/device_smoke_tests_host_stub.cpp.obj
[702/1107] Building CXX object CMakeFiles/a4_save3_pc_bridge_runtime.dir/C_/Dev/OpenU5-Native/native/targets/tdeck/main/alpha_save_generation.cpp.obj
[703/1107] Building CXX object CMakeFiles/a4_save3_pc_bridge_runtime.dir/C_/Dev/OpenU5-Native/native/targets/tdeck/main/dungeon_art_cache.cpp.obj
[704/1107] Building CXX object CMakeFiles/a3_hf3_combat_hit_runtime.dir/C_/Dev/OpenU5-Native/native/targets/tdeck/main/alpha_runtime.cpp.obj
[705/1107] Building CXX object CMakeFiles/a4_save3_pc_bridge_runtime.dir/C_/Dev/OpenU5-Native/native/targets/tdeck/main/alpha_resources.cpp.obj
[706/1107] Building CXX object CMakeFiles/a4_save3_pc_bridge_runtime.dir/C_/Dev/OpenU5-Native/native/targets/tdeck/main/alpha_dialogue.cpp.obj
[707/1107] Building CXX object CMakeFiles/a4_ui3_save_ux_runtime.dir/C_/Dev/OpenU5-Native/native/targets/tdeck/main/ui_input_adapter.cpp.obj
[708/1107] Building CXX object CMakeFiles/a4_save3_pc_bridge_runtime.dir/C_/Dev/OpenU5-Native/native/targets/tdeck/main/native_renderer.cpp.obj
[709/1107] Building CXX object CMakeFiles/a4_ui3_save_ux_runtime.dir/C_/Dev/OpenU5-Native/native/targets/tdeck/main/input_controller.cpp.obj
[710/1107] Building CXX object CMakeFiles/a4_ui3_save_ux_runtime.dir/C_/Dev/OpenU5-Native/native/targets/tdeck/host_tests/alpha_runtime_host_fixture.cpp.obj
[711/1107] Building CXX object CMakeFiles/a4_save2_slots_runtime.dir/C_/Dev/OpenU5-Native/native/targets/tdeck/main/alpha_save.cpp.obj
[712/1107] Building CXX object CMakeFiles/a4_save2_slots_runtime.dir/C_/Dev/OpenU5-Native/native/targets/tdeck/host_tests/a4_save2_slots_runtime_test.cpp.obj
[713/1107] Building CXX object CMakeFiles/a4_ui3_slot_rows.dir/tests/a4_ui3_slot_rows_test.cpp.obj
[714/1107] Building CXX object CMakeFiles/a4_ui3_save_ux_runtime.dir/C_/Dev/OpenU5-Native/native/targets/tdeck/main/alpha_save_generation.cpp.obj
[715/1107] Building CXX object CMakeFiles/a4_ui3_save_ux_runtime.dir/C_/Dev/OpenU5-Native/native/targets/tdeck/host_tests/host_stubs/device_smoke_tests_host_stub.cpp.obj
[716/1107] Building CXX object CMakeFiles/a3_04g_storage_runtime.dir/C_/Dev/OpenU5-Native/native/targets/tdeck/main/alpha_runtime.cpp.obj
[717/1107] Building CXX object CMakeFiles/a4_ui3_save_ux_runtime.dir/C_/Dev/OpenU5-Native/native/targets/tdeck/main/dungeon_art_cache.cpp.obj
[718/1107] Building CXX object CMakeFiles/a4_end1_ending_runtime.dir/C_/Dev/OpenU5-Native/native/targets/tdeck/main/ui_input_adapter.cpp.obj
[719/1107] Building CXX object CMakeFiles/a4_end1_ending_runtime.dir/C_/Dev/OpenU5-Native/native/targets/tdeck/main/input_controller.cpp.obj
[720/1107] Building CXX object CMakeFiles/a4_ui3_save_ux_runtime.dir/C_/Dev/OpenU5-Native/native/targets/tdeck/main/alpha_dialogue.cpp.obj
[721/1107] Building CXX object CMakeFiles/a4_end1_ending_runtime.dir/C_/Dev/OpenU5-Native/native/targets/tdeck/host_tests/alpha_runtime_host_fixture.cpp.obj
[722/1107] Building CXX object CMakeFiles/a4_ui3_save_ux_runtime.dir/C_/Dev/OpenU5-Native/native/targets/tdeck/main/native_renderer.cpp.obj
[723/1107] Building CXX object CMakeFiles/a4_save3_pc_bridge_runtime.dir/C_/Dev/OpenU5-Native/native/targets/tdeck/main/alpha_save.cpp.obj
[724/1107] Building CXX object CMakeFiles/a4_ui3_save_ux_runtime.dir/C_/Dev/OpenU5-Native/native/targets/tdeck/main/alpha_resources.cpp.obj
[725/1107] Building CXX object CMakeFiles/a4_save1_recovery_runtime.dir/C_/Dev/OpenU5-Native/native/targets/tdeck/main/alpha_runtime.cpp.obj
[726/1107] Building CXX object CMakeFiles/a4_end1_ending_runtime.dir/C_/Dev/OpenU5-Native/native/targets/tdeck/main/alpha_save_generation.cpp.obj
[727/1107] Building CXX object CMakeFiles/a4_end1_ending_runtime.dir/C_/Dev/OpenU5-Native/native/targets/tdeck/host_tests/host_stubs/alpha_save_memory_host_stub.cpp.obj
[728/1107] Building CXX object CMakeFiles/a4_end1_ending_runtime.dir/C_/Dev/OpenU5-Native/native/targets/tdeck/host_tests/host_stubs/device_smoke_tests_host_stub.cpp.obj
[729/1107] Building CXX object CMakeFiles/a4_end1_ending_runtime.dir/C_/Dev/OpenU5-Native/native/targets/tdeck/main/dungeon_art_cache.cpp.obj
[730/1107] Building CXX object CMakeFiles/a4_end1_ending_runtime.dir/C_/Dev/OpenU5-Native/native/targets/tdeck/main/alpha_dialogue.cpp.obj
[731/1107] Building CXX object CMakeFiles/a4_ui3_save_ux_runtime.dir/C_/Dev/OpenU5-Native/native/targets/tdeck/main/alpha_save.cpp.obj
[732/1107] Building CXX object CMakeFiles/a4_end1_ending_runtime.dir/C_/Dev/OpenU5-Native/native/targets/tdeck/main/alpha_resources.cpp.obj
[733/1107] Building CXX object CMakeFiles/a4_ui4_presentation_runtime.dir/C_/Dev/OpenU5-Native/native/targets/tdeck/host_tests/alpha_runtime_host_fixture.cpp.obj
[734/1107] Building CXX object CMakeFiles/a4_ui4_presentation_runtime.dir/C_/Dev/OpenU5-Native/native/targets/tdeck/main/ui_input_adapter.cpp.obj
[735/1107] Building CXX object CMakeFiles/a4_ui4_presentation_runtime.dir/C_/Dev/OpenU5-Native/native/targets/tdeck/main/input_controller.cpp.obj
[736/1107] Building CXX object CMakeFiles/a4_end1_ending_runtime.dir/C_/Dev/OpenU5-Native/native/targets/tdeck/main/native_renderer.cpp.obj
[737/1107] Building CXX object CMakeFiles/a4_ui4_presentation_runtime.dir/C_/Dev/OpenU5-Native/native/targets/tdeck/main/alpha_save_generation.cpp.obj
[738/1107] Building CXX object CMakeFiles/a4_ui4_presentation_runtime.dir/C_/Dev/OpenU5-Native/native/targets/tdeck/host_tests/host_stubs/alpha_save_memory_host_stub.cpp.obj
[739/1107] Building CXX object CMakeFiles/a4_ui4_presentation_runtime.dir/C_/Dev/OpenU5-Native/native/targets/tdeck/host_tests/host_stubs/device_smoke_tests_host_stub.cpp.obj
[740/1107] Building CXX object CMakeFiles/a4_ui3_save_ux_runtime.dir/C_/Dev/OpenU5-Native/native/targets/tdeck/host_tests/a4_ui3_save_ux_runtime_test.cpp.obj
[741/1107] Building CXX object CMakeFiles/a4_ui3_save_ux_runtime.dir/C_/Dev/OpenU5-Native/native/targets/tdeck/main/tdeck_board.cpp.obj
[742/1107] Building CXX object CMakeFiles/a4_ui4_presentation_runtime.dir/C_/Dev/OpenU5-Native/native/targets/tdeck/main/dungeon_art_cache.cpp.obj
[743/1107] Building CXX object CMakeFiles/a4_ui4_moongate_runtime.dir/C_/Dev/OpenU5-Native/native/targets/tdeck/main/ui_input_adapter.cpp.obj
[744/1107] Building CXX object CMakeFiles/a4_ui4_moongate_runtime.dir/C_/Dev/OpenU5-Native/native/targets/tdeck/main/input_controller.cpp.obj
[745/1107] Building CXX object CMakeFiles/a4_ui4_presentation_runtime.dir/C_/Dev/OpenU5-Native/native/targets/tdeck/main/alpha_resources.cpp.obj
[746/1107] Building CXX object CMakeFiles/a4_ui4_presentation_runtime.dir/C_/Dev/OpenU5-Native/native/targets/tdeck/main/alpha_dialogue.cpp.obj
[747/1107] Building CXX object CMakeFiles/a4_save2_slots_runtime.dir/C_/Dev/OpenU5-Native/native/targets/tdeck/main/alpha_runtime.cpp.obj
[748/1107] Building CXX object CMakeFiles/a4_ui4_moongate_runtime.dir/C_/Dev/OpenU5-Native/native/targets/tdeck/host_tests/alpha_runtime_host_fixture.cpp.obj
[749/1107] Building CXX object CMakeFiles/a4_ui4_presentation_runtime.dir/C_/Dev/OpenU5-Native/native/targets/tdeck/main/native_renderer.cpp.obj
[750/1107] Building CXX object CMakeFiles/a4_save3_pc_bridge_runtime.dir/C_/Dev/OpenU5-Native/native/targets/tdeck/main/alpha_runtime.cpp.obj
[751/1107] Building CXX object CMakeFiles/a4_save3_pc_bridge_runtime.dir/C_/Dev/OpenU5-Native/native/targets/tdeck/host_tests/a4_save3_pc_bridge_runtime_test.cpp.obj
[752/1107] Building CXX object CMakeFiles/a4_ui4_moongate_runtime.dir/C_/Dev/OpenU5-Native/native/targets/tdeck/main/alpha_save_generation.cpp.obj
[753/1107] Building CXX object CMakeFiles/a4_ui4_moongate_runtime.dir/C_/Dev/OpenU5-Native/native/targets/tdeck/host_tests/host_stubs/alpha_save_memory_host_stub.cpp.obj
[754/1107] Building CXX object CMakeFiles/a4_ui4_moongate_runtime.dir/C_/Dev/OpenU5-Native/native/targets/tdeck/host_tests/host_stubs/device_smoke_tests_host_stub.cpp.obj
[755/1107] Building CXX object CMakeFiles/a4_end1_ending_runtime.dir/C_/Dev/OpenU5-Native/native/targets/tdeck/main/tdeck_board.cpp.obj
[756/1107] Building CXX object CMakeFiles/a4_ui4_moongate_runtime.dir/C_/Dev/OpenU5-Native/native/targets/tdeck/main/dungeon_art_cache.cpp.obj
[757/1107] Building CXX object CMakeFiles/a4_ui4_moongate_runtime.dir/C_/Dev/OpenU5-Native/native/targets/tdeck/main/alpha_dialogue.cpp.obj
[758/1107] Building CXX object CMakeFiles/a4_ui4_console_runtime.dir/C_/Dev/OpenU5-Native/native/targets/tdeck/main/ui_input_adapter.cpp.obj
[759/1107] Building CXX object CMakeFiles/a4_ui4_console_runtime.dir/C_/Dev/OpenU5-Native/native/targets/tdeck/main/input_controller.cpp.obj
[760/1107] Building CXX object CMakeFiles/a4_ui4_moongate_runtime.dir/C_/Dev/OpenU5-Native/native/targets/tdeck/main/alpha_resources.cpp.obj
[761/1107] Building CXX object CMakeFiles/a4_ui4_moongate_runtime.dir/C_/Dev/OpenU5-Native/native/targets/tdeck/main/native_renderer.cpp.obj
[762/1107] Building CXX object CMakeFiles/a4_end1_ending_runtime.dir/C_/Dev/OpenU5-Native/native/targets/tdeck/host_tests/a4_end1_ending_runtime_test.cpp.obj
[763/1107] Building CXX object CMakeFiles/a4_end1_endgame_scene.dir/tests/a4_end1_endgame_scene_test.cpp.obj
[764/1107] Building CXX object CMakeFiles/a4_ui4_console_runtime.dir/C_/Dev/OpenU5-Native/native/targets/tdeck/host_tests/alpha_runtime_host_fixture.cpp.obj
[765/1107] Building CXX object CMakeFiles/a4_ui4_console_runtime.dir/C_/Dev/OpenU5-Native/native/targets/tdeck/main/alpha_save_generation.cpp.obj
[766/1107] Building CXX object CMakeFiles/a4_ui4_console_runtime.dir/C_/Dev/OpenU5-Native/native/targets/tdeck/host_tests/host_stubs/device_smoke_tests_host_stub.cpp.obj
[767/1107] Building CXX object CMakeFiles/a4_ui4_console_runtime.dir/C_/Dev/OpenU5-Native/native/targets/tdeck/host_tests/host_stubs/alpha_save_memory_host_stub.cpp.obj
[768/1107] Building CXX object CMakeFiles/a4_ui4_presentation_runtime.dir/C_/Dev/OpenU5-Native/native/targets/tdeck/main/tdeck_board.cpp.obj
[769/1107] Building CXX object CMakeFiles/a4_ui3_save_ux_runtime.dir/C_/Dev/OpenU5-Native/native/targets/tdeck/main/alpha_runtime.cpp.obj
[770/1107] Building CXX object CMakeFiles/a4_ui4_console_runtime.dir/C_/Dev/OpenU5-Native/native/targets/tdeck/main/dungeon_art_cache.cpp.obj
[771/1107] Building CXX object CMakeFiles/a4_ui4_presentation_runtime.dir/C_/Dev/OpenU5-Native/native/targets/tdeck/host_tests/a4_ui4_presentation_runtime_test.cpp.obj
[772/1107] Building CXX object CMakeFiles/a4_ui4_console_runtime.dir/C_/Dev/OpenU5-Native/native/targets/tdeck/main/alpha_resources.cpp.obj
[773/1107] Building CXX object CMakeFiles/a4_parity1_runtime.dir/C_/Dev/OpenU5-Native/native/targets/tdeck/main/input_controller.cpp.obj
[774/1107] Building CXX object CMakeFiles/a4_ui4_console_runtime.dir/C_/Dev/OpenU5-Native/native/targets/tdeck/main/alpha_dialogue.cpp.obj
[775/1107] Building CXX object CMakeFiles/a4_parity1_runtime.dir/C_/Dev/OpenU5-Native/native/targets/tdeck/main/ui_input_adapter.cpp.obj
[776/1107] Building CXX object CMakeFiles/a4_parity1_runtime.dir/C_/Dev/OpenU5-Native/native/targets/tdeck/host_tests/alpha_runtime_host_fixture.cpp.obj
[777/1107] Building CXX object CMakeFiles/a4_ui4_moongate_runtime.dir/C_/Dev/OpenU5-Native/native/targets/tdeck/host_tests/a4_ui4_moongate_runtime_test.cpp.obj
[778/1107] Building CXX object CMakeFiles/a4_ui4_console_runtime.dir/C_/Dev/OpenU5-Native/native/targets/tdeck/main/native_renderer.cpp.obj
[779/1107] Building CXX object CMakeFiles/a4_end1_ending_runtime.dir/C_/Dev/OpenU5-Native/native/targets/tdeck/main/alpha_runtime.cpp.obj
[780/1107] Building CXX object CMakeFiles/a4_parity1_runtime.dir/C_/Dev/OpenU5-Native/native/targets/tdeck/host_tests/host_stubs/device_smoke_tests_host_stub.cpp.obj
[781/1107] Building CXX object CMakeFiles/a4_parity1_runtime.dir/C_/Dev/OpenU5-Native/native/targets/tdeck/main/alpha_save_generation.cpp.obj
[782/1107] Building CXX object CMakeFiles/a4_parity1_runtime.dir/C_/Dev/OpenU5-Native/native/targets/tdeck/host_tests/host_stubs/alpha_save_memory_host_stub.cpp.obj
[783/1107] Building CXX object CMakeFiles/a4_parity1_runtime.dir/C_/Dev/OpenU5-Native/native/targets/tdeck/main/dungeon_art_cache.cpp.obj
[784/1107] Building CXX object CMakeFiles/a3_05_audio_controls.dir/C_/Dev/OpenU5-Native/native/targets/tdeck/main/ui_input_adapter.cpp.obj
[785/1107] Building CXX object CMakeFiles/a3_05_audio_mute.dir/tests/a3_05_audio_mute_test.cpp.obj
[786/1107] Building CXX object CMakeFiles/a4_parity1_runtime.dir/C_/Dev/OpenU5-Native/native/targets/tdeck/main/alpha_resources.cpp.obj
[787/1107] Building CXX object CMakeFiles/a3_05_audio_controls.dir/C_/Dev/OpenU5-Native/native/targets/tdeck/main/input_controller.cpp.obj
[788/1107] Building CXX object CMakeFiles/a4_parity1_runtime.dir/C_/Dev/OpenU5-Native/native/targets/tdeck/main/alpha_dialogue.cpp.obj
[789/1107] Building CXX object CMakeFiles/a4_ui4_moongate_runtime.dir/C_/Dev/OpenU5-Native/native/targets/tdeck/main/tdeck_board.cpp.obj
[790/1107] Building CXX object CMakeFiles/a3_05_audio_controls.dir/C_/Dev/OpenU5-Native/native/targets/tdeck/host_tests/alpha_runtime_host_fixture.cpp.obj
[791/1107] Building CXX object CMakeFiles/a4_parity1_runtime.dir/C_/Dev/OpenU5-Native/native/targets/tdeck/main/native_renderer.cpp.obj
[792/1107] Building CXX object CMakeFiles/a3_05_audio_controls.dir/C_/Dev/OpenU5-Native/native/targets/tdeck/host_tests/host_stubs/alpha_save_memory_host_stub.cpp.obj
[793/1107] Building CXX object CMakeFiles/a3_05_audio_controls.dir/C_/Dev/OpenU5-Native/native/targets/tdeck/main/alpha_save_generation.cpp.obj
[794/1107] Building CXX object CMakeFiles/a3_05_audio_controls.dir/C_/Dev/OpenU5-Native/native/targets/tdeck/host_tests/host_stubs/device_smoke_tests_host_stub.cpp.obj
[795/1107] Building CXX object CMakeFiles/a4_ui4_presentation_runtime.dir/C_/Dev/OpenU5-Native/native/targets/tdeck/main/alpha_runtime.cpp.obj
[796/1107] Building CXX object CMakeFiles/a3_05_audio_controls.dir/C_/Dev/OpenU5-Native/native/targets/tdeck/host_tests/host_stubs/batch37_board_capture_stub.cpp.obj
[797/1107] Building CXX object CMakeFiles/a4_ui4_console_runtime.dir/C_/Dev/OpenU5-Native/native/targets/tdeck/host_tests/a4_ui4_console_runtime_test.cpp.obj
[798/1107] Building CXX object CMakeFiles/a3_05_audio_controls.dir/C_/Dev/OpenU5-Native/native/targets/tdeck/main/alpha_resources.cpp.obj
[799/1107] Building CXX object CMakeFiles/a3_hf4_load_transient_runtime.dir/C_/Dev/OpenU5-Native/native/targets/tdeck/main/ui_input_adapter.cpp.obj
[800/1107] Building CXX object CMakeFiles/a3_05_audio_controls.dir/C_/Dev/OpenU5-Native/native/targets/tdeck/main/dungeon_art_cache.cpp.obj
[801/1107] Building CXX object CMakeFiles/a3_05_audio_controls.dir/C_/Dev/OpenU5-Native/native/targets/tdeck/main/alpha_dialogue.cpp.obj
[802/1107] Building CXX object CMakeFiles/a3_hf4_load_transient_runtime.dir/C_/Dev/OpenU5-Native/native/targets/tdeck/main/input_controller.cpp.obj
[803/1107] Building CXX object CMakeFiles/a3_05_audio_controls.dir/C_/Dev/OpenU5-Native/native/targets/tdeck/main/native_renderer.cpp.obj
[804/1107] Building CXX object CMakeFiles/a4_parity1_runtime.dir/C_/Dev/OpenU5-Native/native/targets/tdeck/host_tests/a4_parity1_runtime_test.cpp.obj
[805/1107] Building CXX object CMakeFiles/a4_ui4_console_runtime.dir/C_/Dev/OpenU5-Native/native/targets/tdeck/main/tdeck_board.cpp.obj
[806/1107] Building CXX object CMakeFiles/a3_hf4_load_transient_runtime.dir/C_/Dev/OpenU5-Native/native/targets/tdeck/host_tests/alpha_runtime_host_fixture.cpp.obj
[807/1107] Building CXX object CMakeFiles/a3_hf4_load_transient_runtime.dir/C_/Dev/OpenU5-Native/native/targets/tdeck/host_tests/host_stubs/device_smoke_tests_host_stub.cpp.obj
[808/1107] Building CXX object CMakeFiles/a3_05_audio_controls.dir/C_/Dev/OpenU5-Native/native/targets/tdeck/host_tests/a3_05_audio_controls_test.cpp.obj
[809/1107] Building CXX object CMakeFiles/a3_hf4_load_transient_runtime.dir/C_/Dev/OpenU5-Native/native/targets/tdeck/main/alpha_save_generation.cpp.obj
[810/1107] Building CXX object CMakeFiles/a3_hf4_load_transient_runtime.dir/C_/Dev/OpenU5-Native/native/targets/tdeck/host_tests/host_stubs/alpha_save_memory_host_stub.cpp.obj
[811/1107] Building CXX object CMakeFiles/a3_hf4_load_transient_runtime.dir/C_/Dev/OpenU5-Native/native/targets/tdeck/main/dungeon_art_cache.cpp.obj
[812/1107] Building CXX object CMakeFiles/a4_ui4_moongate_runtime.dir/C_/Dev/OpenU5-Native/native/targets/tdeck/main/alpha_runtime.cpp.obj
[813/1107] Building CXX object CMakeFiles/a3_hf4_load_transient_runtime.dir/C_/Dev/OpenU5-Native/native/targets/tdeck/main/alpha_resources.cpp.obj
[814/1107] Building CXX object CMakeFiles/a3_hf5_dialogue_pacing_runtime.dir/C_/Dev/OpenU5-Native/native/targets/tdeck/main/ui_input_adapter.cpp.obj
[815/1107] Building CXX object CMakeFiles/a3_hf4_load_transient_runtime.dir/C_/Dev/OpenU5-Native/native/targets/tdeck/main/alpha_dialogue.cpp.obj
[816/1107] Building CXX object CMakeFiles/a3_hf4_load_transient_runtime.dir/C_/Dev/OpenU5-Native/native/targets/tdeck/host_tests/host_stubs/batch37_board_capture_stub.cpp.obj
[817/1107] Building CXX object CMakeFiles/a3_hf5_dialogue_pacing_runtime.dir/C_/Dev/OpenU5-Native/native/targets/tdeck/main/input_controller.cpp.obj
[818/1107] Building CXX object CMakeFiles/a3_hf4_load_transient_runtime.dir/C_/Dev/OpenU5-Native/native/targets/tdeck/main/native_renderer.cpp.obj
[819/1107] Building CXX object CMakeFiles/a3_hf5_dialogue_pacing_runtime.dir/C_/Dev/OpenU5-Native/native/targets/tdeck/host_tests/alpha_runtime_host_fixture.cpp.obj
[820/1107] Building CXX object CMakeFiles/a3_hf4_load_transient_runtime.dir/C_/Dev/OpenU5-Native/native/targets/tdeck/host_tests/a3_hf4_load_transient_runtime_test.cpp.obj
[821/1107] Building CXX object CMakeFiles/a4_parity1_runtime.dir/C_/Dev/OpenU5-Native/native/targets/tdeck/main/tdeck_board.cpp.obj
[822/1107] Building CXX object CMakeFiles/a4_ui4_console_runtime.dir/C_/Dev/OpenU5-Native/native/targets/tdeck/main/alpha_runtime.cpp.obj
[823/1107] Building CXX object CMakeFiles/a3_hf5_dialogue_pacing_runtime.dir/C_/Dev/OpenU5-Native/native/targets/tdeck/main/alpha_save_generation.cpp.obj
[824/1107] Building CXX object CMakeFiles/a3_hf5_dialogue_pacing_runtime.dir/C_/Dev/OpenU5-Native/native/targets/tdeck/host_tests/host_stubs/device_smoke_tests_host_stub.cpp.obj
[825/1107] Building CXX object CMakeFiles/a3_hf5_dialogue_pacing_runtime.dir/C_/Dev/OpenU5-Native/native/targets/tdeck/host_tests/host_stubs/alpha_save_memory_host_stub.cpp.obj
[826/1107] Building CXX object CMakeFiles/a3_hf5_dialogue_pacing_runtime.dir/C_/Dev/OpenU5-Native/native/targets/tdeck/main/dungeon_art_cache.cpp.obj
[827/1107] Building CXX object CMakeFiles/a3_hf6_shrine_key_wait_runtime.dir/C_/Dev/OpenU5-Native/native/targets/tdeck/main/ui_input_adapter.cpp.obj
[828/1107] Building CXX object CMakeFiles/a3_hf5_dialogue_pacing_runtime.dir/C_/Dev/OpenU5-Native/native/targets/tdeck/main/alpha_dialogue.cpp.obj
[829/1107] Building CXX object CMakeFiles/a3_hf5_dialogue_pacing_runtime.dir/C_/Dev/OpenU5-Native/native/targets/tdeck/main/alpha_resources.cpp.obj
[830/1107] Building CXX object CMakeFiles/a3_hf6_shrine_key_wait_runtime.dir/C_/Dev/OpenU5-Native/native/targets/tdeck/host_tests/alpha_runtime_host_fixture.cpp.obj
[831/1107] Building CXX object CMakeFiles/a3_hf6_shrine_key_wait_runtime.dir/C_/Dev/OpenU5-Native/native/targets/tdeck/main/input_controller.cpp.obj
[832/1107] Building CXX object CMakeFiles/a3_hf5_dialogue_pacing_runtime.dir/C_/Dev/OpenU5-Native/native/targets/tdeck/main/native_renderer.cpp.obj
[833/1107] Building CXX object CMakeFiles/a3_hf6_shrine_key_wait_runtime.dir/C_/Dev/OpenU5-Native/native/targets/tdeck/main/alpha_save_generation.cpp.obj
[834/1107] Building CXX object CMakeFiles/a3_hf6_shrine_key_wait_runtime.dir/C_/Dev/OpenU5-Native/native/targets/tdeck/host_tests/host_stubs/alpha_save_memory_host_stub.cpp.obj
[835/1107] Building CXX object CMakeFiles/a3_hf6_shrine_key_wait_runtime.dir/C_/Dev/OpenU5-Native/native/targets/tdeck/host_tests/host_stubs/device_smoke_tests_host_stub.cpp.obj
[836/1107] Building CXX object CMakeFiles/a4_parity1_runtime.dir/C_/Dev/OpenU5-Native/native/targets/tdeck/main/alpha_runtime.cpp.obj
[837/1107] Building CXX object CMakeFiles/a3_hf7_ritual_fx_runtime.dir/C_/Dev/OpenU5-Native/native/targets/tdeck/main/ui_input_adapter.cpp.obj
[838/1107] Building CXX object CMakeFiles/a3_hf6_shrine_key_wait_runtime.dir/C_/Dev/OpenU5-Native/native/targets/tdeck/main/dungeon_art_cache.cpp.obj
[839/1107] Building CXX object CMakeFiles/a3_hf6_shrine_key_wait_runtime.dir/C_/Dev/OpenU5-Native/native/targets/tdeck/main/alpha_dialogue.cpp.obj
[840/1107] Building CXX object CMakeFiles/a3_hf6_shrine_key_wait_runtime.dir/C_/Dev/OpenU5-Native/native/targets/tdeck/main/alpha_resources.cpp.obj
[841/1107] Building CXX object CMakeFiles/a3_hf7_ritual_fx_runtime.dir/C_/Dev/OpenU5-Native/native/targets/tdeck/host_tests/alpha_runtime_host_fixture.cpp.obj
[842/1107] Building CXX object CMakeFiles/a3_hf7_ritual_fx_runtime.dir/C_/Dev/OpenU5-Native/native/targets/tdeck/main/input_controller.cpp.obj
[843/1107] Building CXX object CMakeFiles/a3_hf6_shrine_key_wait_pacer.dir/tests/a3_hf6_shrine_key_wait_pacer_test.cpp.obj
[844/1107] Building CXX object CMakeFiles/a3_hf6_shrine_key_wait_runtime.dir/C_/Dev/OpenU5-Native/native/targets/tdeck/main/native_renderer.cpp.obj
[845/1107] Building CXX object CMakeFiles/a3_hf7_ritual_fx_runtime.dir/C_/Dev/OpenU5-Native/native/targets/tdeck/main/alpha_save_generation.cpp.obj
[846/1107] Building CXX object CMakeFiles/a3_hf7_ritual_fx_runtime.dir/C_/Dev/OpenU5-Native/native/targets/tdeck/host_tests/host_stubs/alpha_save_memory_host_stub.cpp.obj
[847/1107] Building CXX object CMakeFiles/a3_hf7_ritual_fx_runtime.dir/C_/Dev/OpenU5-Native/native/targets/tdeck/host_tests/host_stubs/device_smoke_tests_host_stub.cpp.obj
[848/1107] Building CXX object CMakeFiles/a3_05_audio_controls.dir/C_/Dev/OpenU5-Native/native/targets/tdeck/main/alpha_runtime.cpp.obj
[849/1107] Building CXX object CMakeFiles/a3_hf8_sacrifice_burst_runtime.dir/C_/Dev/OpenU5-Native/native/targets/tdeck/main/ui_input_adapter.cpp.obj
[850/1107] Building CXX object CMakeFiles/a3_hf7_ritual_fx_runtime.dir/C_/Dev/OpenU5-Native/native/targets/tdeck/main/dungeon_art_cache.cpp.obj
[851/1107] Building CXX object CMakeFiles/a3_hf8_sacrifice_burst_runtime.dir/C_/Dev/OpenU5-Native/native/targets/tdeck/main/input_controller.cpp.obj
[852/1107] Building CXX object CMakeFiles/a3_hf7_ritual_fx_runtime.dir/C_/Dev/OpenU5-Native/native/targets/tdeck/main/alpha_dialogue.cpp.obj
[853/1107] Building CXX object CMakeFiles/a3_hf7_ritual_fx_runtime.dir/C_/Dev/OpenU5-Native/native/targets/tdeck/main/native_renderer.cpp.obj
[854/1107] Building CXX object CMakeFiles/a3_hf7_ritual_fx_runtime.dir/C_/Dev/OpenU5-Native/native/targets/tdeck/main/alpha_resources.cpp.obj
[855/1107] Building CXX object CMakeFiles/a3_hf8_sacrifice_burst_runtime.dir/C_/Dev/OpenU5-Native/native/targets/tdeck/host_tests/host_stubs/alpha_save_memory_host_stub.cpp.obj
[856/1107] Building CXX object CMakeFiles/a3_hf8_sacrifice_burst_runtime.dir/C_/Dev/OpenU5-Native/native/targets/tdeck/host_tests/alpha_runtime_host_fixture.cpp.obj
[857/1107] Building CXX object CMakeFiles/a3_hf5_dialogue_pacing_runtime.dir/C_/Dev/OpenU5-Native/native/targets/tdeck/host_tests/a3_hf5_dialogue_pacing_runtime_test.cpp.obj
[858/1107] Building CXX object CMakeFiles/a3_hf8_sacrifice_burst_runtime.dir/C_/Dev/OpenU5-Native/native/targets/tdeck/main/alpha_save_generation.cpp.obj
[859/1107] Building CXX object CMakeFiles/a3_hf6_shrine_key_wait_runtime.dir/C_/Dev/OpenU5-Native/native/targets/tdeck/host_tests/a3_hf6_shrine_key_wait_runtime_test.cpp.obj
[860/1107] Building CXX object CMakeFiles/a3_hf8_sacrifice_burst_runtime.dir/C_/Dev/OpenU5-Native/native/targets/tdeck/host_tests/host_stubs/device_smoke_tests_host_stub.cpp.obj
[861/1107] Building CXX object CMakeFiles/a3_hf5_dialogue_pacing_runtime.dir/C_/Dev/OpenU5-Native/native/targets/tdeck/main/tdeck_board.cpp.obj
[862/1107] Building CXX object CMakeFiles/a3_hf4_load_transient_runtime.dir/C_/Dev/OpenU5-Native/native/targets/tdeck/main/alpha_runtime.cpp.obj
[863/1107] Building CXX object CMakeFiles/a3_hf8_sacrifice_burst_runtime.dir/C_/Dev/OpenU5-Native/native/targets/tdeck/main/dungeon_art_cache.cpp.obj
[864/1107] Building CXX object CMakeFiles/a3_hf8_sacrifice_burst_runtime.dir/C_/Dev/OpenU5-Native/native/targets/tdeck/main/alpha_resources.cpp.obj
[865/1107] Building CXX object CMakeFiles/a3_hf9_refuge_cadence_runtime.dir/C_/Dev/OpenU5-Native/native/targets/tdeck/main/ui_input_adapter.cpp.obj
[866/1107] Building CXX object CMakeFiles/a3_hf9_refuge_cadence_runtime.dir/C_/Dev/OpenU5-Native/native/targets/tdeck/main/input_controller.cpp.obj
[867/1107] Building CXX object CMakeFiles/a3_hf6_shrine_key_wait_runtime.dir/C_/Dev/OpenU5-Native/native/targets/tdeck/main/tdeck_board.cpp.obj
[868/1107] Building CXX object CMakeFiles/a3_hf8_sacrifice_burst_runtime.dir/C_/Dev/OpenU5-Native/native/targets/tdeck/main/alpha_dialogue.cpp.obj
[869/1107] Building CXX object CMakeFiles/a3_hf8_sacrifice_burst_runtime.dir/C_/Dev/OpenU5-Native/native/targets/tdeck/main/native_renderer.cpp.obj
[870/1107] Building CXX object CMakeFiles/a3_hf9_refuge_cadence_runtime.dir/C_/Dev/OpenU5-Native/native/targets/tdeck/host_tests/alpha_runtime_host_fixture.cpp.obj
[871/1107] Building CXX object CMakeFiles/a3_hf9_refuge_cadence_runtime.dir/C_/Dev/OpenU5-Native/native/targets/tdeck/main/alpha_save_generation.cpp.obj
[872/1107] Building CXX object CMakeFiles/a3_hf7_ritual_fx_runtime.dir/C_/Dev/OpenU5-Native/native/targets/tdeck/host_tests/a3_hf7_ritual_fx_runtime_test.cpp.obj
[873/1107] Building CXX object CMakeFiles/a3_hf9_refuge_cadence_runtime.dir/C_/Dev/OpenU5-Native/native/targets/tdeck/host_tests/host_stubs/alpha_save_memory_host_stub.cpp.obj
[874/1107] Building CXX object CMakeFiles/a3_hf5_dialogue_pacing_runtime.dir/C_/Dev/OpenU5-Native/native/targets/tdeck/main/alpha_runtime.cpp.obj
[875/1107] Building CXX object CMakeFiles/a3_hf9_refuge_cadence_runtime.dir/C_/Dev/OpenU5-Native/native/targets/tdeck/host_tests/host_stubs/device_smoke_tests_host_stub.cpp.obj
[876/1107] Building CXX object CMakeFiles/a3_hf9_refuge_cadence_runtime.dir/C_/Dev/OpenU5-Native/native/targets/tdeck/main/dungeon_art_cache.cpp.obj
[877/1107] Building CXX object CMakeFiles/a3_hf10_mix_parity_runtime.dir/C_/Dev/OpenU5-Native/native/targets/tdeck/main/ui_input_adapter.cpp.obj
[878/1107] Building CXX object CMakeFiles/a3_hf10_mix_parity_runtime.dir/C_/Dev/OpenU5-Native/native/targets/tdeck/main/input_controller.cpp.obj
[879/1107] Building CXX object CMakeFiles/a3_hf10_mix_parity_runtime.dir/C_/Dev/OpenU5-Native/native/targets/tdeck/host_tests/alpha_runtime_host_fixture.cpp.obj
[880/1107] Building CXX object CMakeFiles/a3_hf9_refuge_cadence_runtime.dir/C_/Dev/OpenU5-Native/native/targets/tdeck/main/alpha_dialogue.cpp.obj
[881/1107] Building CXX object CMakeFiles/a3_hf9_refuge_cadence_runtime.dir/C_/Dev/OpenU5-Native/native/targets/tdeck/main/alpha_resources.cpp.obj
[882/1107] Building CXX object CMakeFiles/a3_hf7_ritual_fx_runtime.dir/C_/Dev/OpenU5-Native/native/targets/tdeck/main/tdeck_board.cpp.obj
[883/1107] Building CXX object CMakeFiles/a3_hf6_shrine_key_wait_runtime.dir/C_/Dev/OpenU5-Native/native/targets/tdeck/main/alpha_runtime.cpp.obj
[884/1107] Building CXX object CMakeFiles/a3_hf10_mix_parity_runtime.dir/C_/Dev/OpenU5-Native/native/targets/tdeck/host_tests/host_stubs/alpha_save_memory_host_stub.cpp.obj
[885/1107] Building CXX object CMakeFiles/a3_hf10_mix_parity_runtime.dir/C_/Dev/OpenU5-Native/native/targets/tdeck/main/alpha_save_generation.cpp.obj
[886/1107] Building CXX object CMakeFiles/a3_hf9_refuge_cadence_runtime.dir/C_/Dev/OpenU5-Native/native/targets/tdeck/main/native_renderer.cpp.obj
[887/1107] Building CXX object CMakeFiles/a3_hf9_refuge_cadence.dir/tests/a3_hf9_refuge_cadence_test.cpp.obj
[888/1107] Building CXX object CMakeFiles/a3_hf8_sacrifice_burst_runtime.dir/C_/Dev/OpenU5-Native/native/targets/tdeck/host_tests/a3_hf8_sacrifice_burst_runtime_test.cpp.obj
[889/1107] Building CXX object CMakeFiles/a3_hf10_mix_parity_runtime.dir/C_/Dev/OpenU5-Native/native/targets/tdeck/host_tests/host_stubs/device_smoke_tests_host_stub.cpp.obj
[890/1107] Building CXX object CMakeFiles/a3_hf8_sacrifice_burst_runtime.dir/C_/Dev/OpenU5-Native/native/targets/tdeck/main/tdeck_board.cpp.obj
[891/1107] Building CXX object CMakeFiles/a3_hf10_mix_parity_runtime.dir/C_/Dev/OpenU5-Native/native/targets/tdeck/main/dungeon_art_cache.cpp.obj
[892/1107] Building CXX object CMakeFiles/a3_hf10_mix_parity_runtime.dir/C_/Dev/OpenU5-Native/native/targets/tdeck/main/alpha_dialogue.cpp.obj
[893/1107] Building CXX object CMakeFiles/batch14_zstats_runtime_regression.dir/C_/Dev/OpenU5-Native/native/targets/tdeck/main/ui_input_adapter.cpp.obj
[894/1107] Building CXX object CMakeFiles/batch14_zstats_runtime_regression.dir/C_/Dev/OpenU5-Native/native/targets/tdeck/host_tests/host_stubs/tdeck_board_host_stub.cpp.obj
[895/1107] Building CXX object CMakeFiles/batch14_zstats_runtime_regression.dir/C_/Dev/OpenU5-Native/native/targets/tdeck/host_tests/alpha_runtime_host_fixture.cpp.obj
[896/1107] Building CXX object CMakeFiles/a3_hf10_mix_parity_runtime.dir/C_/Dev/OpenU5-Native/native/targets/tdeck/main/native_renderer.cpp.obj
[897/1107] Building CXX object CMakeFiles/batch14_zstats_runtime_regression.dir/C_/Dev/OpenU5-Native/native/targets/tdeck/main/input_controller.cpp.obj
[898/1107] Building CXX object CMakeFiles/a3_hf7_ritual_fx_runtime.dir/C_/Dev/OpenU5-Native/native/targets/tdeck/main/alpha_runtime.cpp.obj
[899/1107] Building CXX object CMakeFiles/a3_hf10_mix_parity_runtime.dir/C_/Dev/OpenU5-Native/native/targets/tdeck/main/alpha_resources.cpp.obj
[900/1107] Building CXX object CMakeFiles/batch14_zstats_runtime_regression.dir/C_/Dev/OpenU5-Native/native/targets/tdeck/host_tests/host_stubs/alpha_save_host_stub.cpp.obj
[901/1107] Building CXX object CMakeFiles/batch14_zstats_runtime_regression.dir/C_/Dev/OpenU5-Native/native/targets/tdeck/host_tests/host_stubs/device_smoke_tests_host_stub.cpp.obj
[902/1107] Building CXX object CMakeFiles/batch14_zstats_runtime_regression.dir/C_/Dev/OpenU5-Native/native/targets/tdeck/host_tests/batch14_zstats_runtime_test.cpp.obj
[903/1107] Building CXX object CMakeFiles/a3_hf7_ritual_fx.dir/tests/a3_hf7_ritual_fx_test.cpp.obj
[904/1107] Building CXX object CMakeFiles/batch14_zstats_runtime_regression.dir/C_/Dev/OpenU5-Native/native/targets/tdeck/main/dungeon_art_cache.cpp.obj
[905/1107] Building CXX object CMakeFiles/batch18_well_ceremony_regression.dir/C_/Dev/OpenU5-Native/native/targets/tdeck/main/ui_input_adapter.cpp.obj
[906/1107] Building CXX object CMakeFiles/a3_hf9_refuge_cadence_runtime.dir/C_/Dev/OpenU5-Native/native/targets/tdeck/host_tests/a3_hf9_refuge_cadence_runtime_test.cpp.obj
[907/1107] Building CXX object CMakeFiles/batch18_well_ceremony_regression.dir/C_/Dev/OpenU5-Native/native/targets/tdeck/host_tests/host_stubs/alpha_save_host_stub.cpp.obj
[908/1107] Building CXX object CMakeFiles/batch18_well_ceremony_regression.dir/C_/Dev/OpenU5-Native/native/targets/tdeck/main/input_controller.cpp.obj
[909/1107] Building CXX object CMakeFiles/batch14_zstats_runtime_regression.dir/C_/Dev/OpenU5-Native/native/targets/tdeck/main/alpha_resources.cpp.obj
[910/1107] Building CXX object CMakeFiles/a3_hf10_mix_parity_runtime.dir/C_/Dev/OpenU5-Native/native/targets/tdeck/host_tests/a3_hf10_mix_parity_runtime_test.cpp.obj
[911/1107] Building CXX object CMakeFiles/batch18_well_ceremony_regression.dir/C_/Dev/OpenU5-Native/native/targets/tdeck/host_tests/host_stubs/tdeck_board_host_stub.cpp.obj
[912/1107] Building CXX object CMakeFiles/batch14_zstats_runtime_regression.dir/C_/Dev/OpenU5-Native/native/targets/tdeck/main/alpha_dialogue.cpp.obj
[913/1107] Building CXX object CMakeFiles/batch18_well_ceremony_regression.dir/C_/Dev/OpenU5-Native/native/targets/tdeck/host_tests/alpha_runtime_host_fixture.cpp.obj
[914/1107] Building CXX object CMakeFiles/a3_hf9_refuge_cadence_runtime.dir/C_/Dev/OpenU5-Native/native/targets/tdeck/main/tdeck_board.cpp.obj
[915/1107] Building CXX object CMakeFiles/batch14_zstats_runtime_regression.dir/C_/Dev/OpenU5-Native/native/targets/tdeck/main/native_renderer.cpp.obj
[916/1107] Building CXX object CMakeFiles/batch18_well_ceremony_regression.dir/C_/Dev/OpenU5-Native/native/targets/tdeck/host_tests/batch18_well_ceremony_test.cpp.obj
[917/1107] Building CXX object CMakeFiles/a3_hf8_sacrifice_burst_runtime.dir/C_/Dev/OpenU5-Native/native/targets/tdeck/main/alpha_runtime.cpp.obj
[918/1107] Building CXX object CMakeFiles/batch18_well_ceremony_regression.dir/C_/Dev/OpenU5-Native/native/targets/tdeck/host_tests/host_stubs/device_smoke_tests_host_stub.cpp.obj
[919/1107] Building CXX object CMakeFiles/a3_hf5_dialogue_pacer.dir/tests/a3_hf5_dialogue_pacer_test.cpp.obj
[920/1107] Building CXX object CMakeFiles/batch18_well_ceremony_regression.dir/C_/Dev/OpenU5-Native/native/targets/tdeck/main/dungeon_art_cache.cpp.obj
[921/1107] Building CXX object CMakeFiles/batch18_well_ceremony_regression.dir/C_/Dev/OpenU5-Native/native/targets/tdeck/main/alpha_dialogue.cpp.obj
[922/1107] Building CXX object CMakeFiles/batch19_command_char_regression.dir/C_/Dev/OpenU5-Native/native/targets/tdeck/main/ui_input_adapter.cpp.obj
[923/1107] Building CXX object CMakeFiles/batch18_well_ceremony_regression.dir/C_/Dev/OpenU5-Native/native/targets/tdeck/main/alpha_resources.cpp.obj
[924/1107] Building CXX object CMakeFiles/batch19_command_char_regression.dir/C_/Dev/OpenU5-Native/native/targets/tdeck/main/input_controller.cpp.obj
[925/1107] Building CXX object CMakeFiles/batch19_command_char_regression.dir/C_/Dev/OpenU5-Native/native/targets/tdeck/host_tests/host_stubs/tdeck_board_host_stub.cpp.obj
[926/1107] Building CXX object CMakeFiles/batch19_command_char_regression.dir/C_/Dev/OpenU5-Native/native/targets/tdeck/host_tests/host_stubs/alpha_save_host_stub.cpp.obj
[927/1107] Building CXX object CMakeFiles/a3_hf10_mix_parity_runtime.dir/C_/Dev/OpenU5-Native/native/targets/tdeck/main/tdeck_board.cpp.obj
[928/1107] Building CXX object CMakeFiles/batch19_command_char_regression.dir/C_/Dev/OpenU5-Native/native/targets/tdeck/host_tests/alpha_runtime_host_fixture.cpp.obj
[929/1107] Building CXX object CMakeFiles/batch18_well_ceremony_regression.dir/C_/Dev/OpenU5-Native/native/targets/tdeck/main/native_renderer.cpp.obj
[930/1107] Building CXX object CMakeFiles/batch19_command_char_regression.dir/C_/Dev/OpenU5-Native/native/targets/tdeck/host_tests/batch19_command_char_runtime_test.cpp.obj
[931/1107] Building CXX object CMakeFiles/batch19_command_char_regression.dir/C_/Dev/OpenU5-Native/native/targets/tdeck/host_tests/host_stubs/device_smoke_tests_host_stub.cpp.obj
[932/1107] Building CXX object CMakeFiles/a3_hf9_refuge_cadence_runtime.dir/C_/Dev/OpenU5-Native/native/targets/tdeck/main/alpha_runtime.cpp.obj
[933/1107] Building CXX object CMakeFiles/batch19_command_char_regression.dir/C_/Dev/OpenU5-Native/native/targets/tdeck/main/dungeon_art_cache.cpp.obj
[934/1107] Building CXX object CMakeFiles/batch3_group_a_tests.dir/tests/batch3_group_a_test.cpp.obj
[935/1107] Building CXX object CMakeFiles/batch19_command_char_regression.dir/C_/Dev/OpenU5-Native/native/targets/tdeck/main/alpha_resources.cpp.obj
[936/1107] Building CXX object CMakeFiles/batch19_command_char_regression.dir/C_/Dev/OpenU5-Native/native/targets/tdeck/main/alpha_dialogue.cpp.obj
[937/1107] Building CXX object CMakeFiles/batch3_group_b_tests.dir/tests/batch3_group_b_test.cpp.obj
[938/1107] Building CXX object CMakeFiles/batch19_command_char_regression.dir/C_/Dev/OpenU5-Native/native/targets/tdeck/main/native_renderer.cpp.obj
[939/1107] Building CXX object CMakeFiles/batch14_zstats_model_tests.dir/tests/batch14_zstats_model_test.cpp.obj
[940/1107] Building CXX object CMakeFiles/batch3_group_c_tests.dir/tests/batch3_group_c_test.cpp.obj
[941/1107] Building CXX object CMakeFiles/batch4_group_a_tests.dir/tests/batch4_group_a_test.cpp.obj
[942/1107] Building CXX object CMakeFiles/a3_hf10_mix_parity_runtime.dir/C_/Dev/OpenU5-Native/native/targets/tdeck/main/alpha_runtime.cpp.obj
[943/1107] Building CXX object CMakeFiles/batch4_group_b_tests.dir/tests/batch4_group_b_test.cpp.obj
[944/1107] Building CXX object CMakeFiles/batch7b_tests.dir/tests/batch7b_test.cpp.obj
[945/1107] Building CXX object CMakeFiles/batch17_theft_watchdog_tests.dir/tests/batch17_theft_watchdog_test.cpp.obj
[946/1107] Building CXX object CMakeFiles/batch5_tests.dir/tests/batch5_test.cpp.obj
[947/1107] Building CXX object CMakeFiles/batch15_sacrifice_tests.dir/tests/batch15_sacrifice_test.cpp.obj
[948/1107] Building CXX object CMakeFiles/batch19_command_char_tests.dir/tests/batch19_command_char_test.cpp.obj
[949/1107] Building CXX object CMakeFiles/batch45b_tests.dir/tests/batch45b_test.cpp.obj
[950/1107] Building CXX object CMakeFiles/batch12_combat_field_tests.dir/tests/batch12_combat_field_test.cpp.obj
[951/1107] Building CXX object CMakeFiles/blackthorn_scene_tests.dir/tests/blackthorn_scene_test.cpp.obj
[952/1107] Linking CXX executable batch21b_chest_reset.exe
[953/1107] Building CXX object CMakeFiles/batch13_tests.dir/tests/batch13_test.cpp.obj
[954/1107] Linking CXX executable display_names_tests.exe
[955/1107] Linking CXX executable debug_labels_tests.exe
[956/1107] Building CXX object CMakeFiles/batch14_zstats_runtime_regression.dir/C_/Dev/OpenU5-Native/native/targets/tdeck/main/alpha_runtime.cpp.obj
[957/1107] Linking CXX executable frontend_tests.exe
[958/1107] Linking CXX executable quest_search_tests.exe
[959/1107] Linking CXX executable ui_session_tests.exe
[960/1107] Linking CXX executable measure_ui_sizes.exe
[961/1107] Linking CXX executable ui_host_harness.exe
[962/1107] Linking CXX executable gameplay_driver.exe
[963/1107] Linking CXX executable look_sign_tests.exe
[964/1107] Linking CXX executable movement_flow_parity_tests.exe
[965/1107] Linking CXX executable ui_debug_menu_tests.exe
[966/1107] Linking CXX executable debug_map_picker_tests.exe
[967/1107] Linking CXX executable shop_flow_tests.exe
[968/1107] Linking CXX executable debug_developer_tests.exe
[969/1107] Linking CXX executable quest_driver.exe
[970/1107] Linking CXX executable shop_parity_tests.exe
[971/1107] Linking CXX executable persistence_driver.exe
[972/1107] Linking CXX executable dungeon_flow_parity_tests.exe
[973/1107] Linking CXX executable dialogue_parity_tests.exe
[974/1107] Linking CXX executable world_flow_adapter_tests.exe
[975/1107] Linking CXX executable gameplay_integration_tests.exe
[976/1107] Linking CXX executable world_flow_parity_tests.exe
[977/1107] Linking CXX executable dialogue_adapter_tests.exe
[978/1107] Linking CXX executable transport_flow_parity_tests.exe
[979/1107] Linking CXX executable shop_adapter_tests.exe
[980/1107] Linking CXX executable dungeon_parity_tests.exe
[981/1107] Linking CXX executable advanced_combat_parity_tests.exe
[982/1107] Building CXX object CMakeFiles/batch18_well_ceremony_regression.dir/C_/Dev/OpenU5-Native/native/targets/tdeck/main/alpha_runtime.cpp.obj
[983/1107] Linking CXX executable magic_parity_tests.exe
[984/1107] Linking CXX executable core_parity_tests.exe
[985/1107] Linking CXX executable item_parity_tests.exe
[986/1107] Linking CXX executable command_parity_tests.exe
[987/1107] Linking CXX executable travel_parity_tests.exe
[988/1107] Linking CXX executable turn_parity_tests.exe
[989/1107] Linking CXX executable combat_parity_tests.exe
[990/1107] Linking CXX executable movement_regression.exe
[991/1107] Linking CXX executable dungeon_view_regression.exe
[992/1107] Linking CXX executable dungeon_art_regression.exe
[993/1107] Linking CXX executable gem_view_regression.exe
[994/1107] Linking CXX executable presentation_regression.exe
[995/1107] Building CXX object CMakeFiles/batch19_command_char_regression.dir/C_/Dev/OpenU5-Native/native/targets/tdeck/main/alpha_runtime.cpp.obj
[996/1107] Linking CXX executable direct_troll_handoff_regression.exe
[997/1107] Linking CXX executable combat_escape_regression.exe
[998/1107] Linking CXX executable batch21a3_combat_active_player.exe
[999/1107] Linking CXX executable input_regression.exe
[1000/1107] Linking CXX executable combat_loot_open_regression.exe
[1001/1107] Linking CXX executable ui_mode_regression.exe
[1002/1107] Linking CXX executable batch24_reload_parity.exe
[1003/1107] Linking CXX executable dungeon_combat_regression.exe
[1004/1107] Linking CXX executable dungeon_input_regression.exe
[1005/1107] Linking CXX executable batch40_advancement.exe
[1006/1107] Linking CXX executable batch22_basement_objects.exe
[1007/1107] Linking CXX executable batch32_camp_watch.exe
[1008/1107] Linking CXX executable batch44_camp_ring_entry.exe
[1009/1107] Linking CXX executable alpha_runtime_integration_regression.exe
[1010/1107] Linking CXX executable batch42_advancement_flash.exe
[1011/1107] Linking CXX executable batch36_camp_housekeeping.exe
[1012/1107] Linking CXX executable batch30_sleep_parity.exe
[1013/1107] Linking CXX executable batch35_q_sleep_target.exe
[1014/1107] Linking CXX executable batch41_staged_advancement.exe
[1015/1107] Linking CXX executable batch37_bed_viewport.exe
[1016/1107] Linking CXX executable batch33_cannon_npc_death.exe
[1017/1107] Linking CXX executable batch34_pre_sleep_npc.exe
[1018/1107] Linking CXX executable batch38_camp_duration.exe
[1019/1107] Linking CXX executable batch29_rest_wiring.exe
[1020/1107] Linking CXX executable batch27_alt_load.exe
[1021/1107] Linking CXX executable batch39_party_panel.exe
[1022/1107] Linking CXX executable batch51_scene_pacing.exe
[1023/1107] Linking CXX executable batch28_save_validation.exe
[1024/1107] Linking CXX executable batch46_camp_invisibility.exe
[1025/1107] Linking CXX executable action_feedback_regression.exe
[1026/1107] Linking CXX executable batch23_vault_parity.exe
[1027/1107] Linking CXX executable batch31_h165_dungeon_entry.exe
[1028/1107] Linking CXX executable batch41_raw_key.exe
[1029/1107] Linking CXX executable batch25_shard_ritual.exe
[1030/1107] Linking CXX executable batch12b_hardware_regression.exe
[1031/1107] Linking CXX executable batch26_dungeon_save.exe
[1032/1107] Linking CXX executable batch43_sleep_scene.exe
[1033/1107] Linking CXX executable batch21a_dungeon_room_regression.exe
[1034/1107] Linking CXX executable batch51_camp_pacing.exe
[1035/1107] Linking CXX executable batch53_release_blockers.exe
[1036/1107] Linking CXX executable batch53b_moongate_return.exe
[1037/1107] Linking CXX executable batch53a_ending_terminal.exe
[1038/1107] Linking CXX executable a3_03_sfx_inventory.exe
[1039/1107] Linking CXX executable a3_01_audio_contract.exe
[1040/1107] Linking CXX executable a3_04e_pacing.exe
[1041/1107] Linking CXX executable a3_hf3_combat_hit_cue.exe
[1042/1107] Linking CXX executable a3_hf1_arena_loot.exe
[1043/1107] Linking CXX executable a4_ui2_death_music_runtime.exe
[1044/1107] Linking CXX executable a3_04f_render_runtime.exe
[1045/1107] Linking CXX executable a3_hf2_ambient_parity.exe
[1046/1107] Linking CXX executable a3_hf3_combat_hit_runtime.exe
[1047/1107] Linking CXX executable a3_02_sfx_synth.exe
[1048/1107] Linking CXX executable a3_04c_contention.exe
[1049/1107] Linking CXX executable a3_04b_perf.exe
[1050/1107] Linking CXX executable a4_ui1_chrome_runtime.exe
[1051/1107] Linking CXX executable a3_04d_sd_log.exe
[1052/1107] Linking CXX executable a3_04_music_synth.exe
[1053/1107] Linking CXX executable a3_04a_audio_stream.exe
[1054/1107] Linking CXX executable a3_04c_contention_runtime.exe
[1055/1107] Linking CXX executable a3_02_sfx_runtime.exe
[1056/1107] Linking CXX executable a3_hf2_1_dispatch_log.exe
[1057/1107] Linking CXX executable a3_04g_storage_runtime.exe
[1058/1107] Linking CXX executable a4_ui2_save_menu_runtime.exe
[1059/1107] Linking CXX executable a3_03_sfx_runtime.exe
[1060/1107] Linking CXX executable a4_ui3_slot_rows.exe
[1061/1107] Linking CXX executable a4_ui2_title_runtime.exe
[1062/1107] Linking CXX executable a3_04d_sd_log_runtime.exe
[1063/1107] Linking CXX executable a3_01_audio_runtime.exe
[1064/1107] Linking CXX executable a3_04e_pacing_runtime.exe
[1065/1107] Linking CXX executable a3_04b_perf_runtime.exe
[1066/1107] Linking CXX executable a3_04_music_runtime.exe
[1067/1107] Linking CXX executable a4_save2_slots_runtime.exe
[1068/1107] Linking CXX executable a4_save3_pc_bridge_runtime.exe
[1069/1107] Linking CXX executable a4_save1_recovery_runtime.exe
[1070/1107] Linking CXX executable a4_end1_endgame_scene.exe
[1071/1107] Linking CXX executable a4_ui3_save_ux_runtime.exe
[1072/1107] Linking CXX executable a4_end1_ending_runtime.exe
[1073/1107] Linking CXX executable a4_ui4_presentation_runtime.exe
[1074/1107] Linking CXX executable a4_ui4_console_runtime.exe
[1075/1107] Linking CXX executable a3_05_audio_mute.exe
[1076/1107] Linking CXX executable a3_05_audio_controls.exe
[1077/1107] Linking CXX executable a4_ui4_moongate_runtime.exe
[1078/1107] Linking CXX executable a3_hf6_shrine_key_wait_pacer.exe
[1079/1107] Linking CXX executable a3_hf7_ritual_fx.exe
[1080/1107] Linking CXX executable a3_hf4_load_transient_runtime.exe
[1081/1107] Linking CXX executable batch14_zstats_model_tests.exe
[1082/1107] Linking CXX executable a3_hf5_dialogue_pacer.exe
[1083/1107] Linking CXX executable a3_hf9_refuge_cadence.exe
[1084/1107] Linking CXX executable a3_hf7_ritual_fx_runtime.exe
[1085/1107] Linking CXX executable a4_parity1_runtime.exe
[1086/1107] Linking CXX executable batch19_command_char_regression.exe
[1087/1107] Linking CXX executable batch14_zstats_runtime_regression.exe
[1088/1107] Linking CXX executable a3_hf6_shrine_key_wait_runtime.exe
[1089/1107] Linking CXX executable a3_hf10_mix_parity_runtime.exe
[1090/1107] Linking CXX executable batch18_well_ceremony_regression.exe
[1091/1107] Linking CXX executable a3_hf8_sacrifice_burst_runtime.exe
[1092/1107] Linking CXX executable a3_hf9_refuge_cadence_runtime.exe
[1093/1107] Linking CXX executable batch3_group_a_tests.exe
[1094/1107] Linking CXX executable a3_hf5_dialogue_pacing_runtime.exe
[1095/1107] Linking CXX executable batch5_tests.exe
[1096/1107] Linking CXX executable batch3_group_c_tests.exe
[1097/1107] Linking CXX executable batch17_theft_watchdog_tests.exe
[1098/1107] Linking CXX executable batch4_group_b_tests.exe
[1099/1107] Linking CXX executable batch3_group_b_tests.exe
[1100/1107] Linking CXX executable batch15_sacrifice_tests.exe
[1101/1107] Linking CXX executable batch19_command_char_tests.exe
[1102/1107] Linking CXX executable batch7b_tests.exe
[1103/1107] Linking CXX executable batch12_combat_field_tests.exe
[1104/1107] Linking CXX executable batch13_tests.exe
[1105/1107] Linking CXX executable batch4_group_a_tests.exe
[1106/1107] Linking CXX executable batch45b_tests.exe
[1107/1107] Linking CXX executable blackthorn_scene_tests.exe
build exit=0
