ninja: Entering directory `build-a4-parity2-final'
[1/1649] Building CXX object CMakeFiles/openu5_core.dir/src/audio.cpp.obj
[2/1649] Building CXX object CMakeFiles/openu5_core.dir/src/audio_pack.cpp.obj
[3/1649] Building CXX object CMakeFiles/openu5_core.dir/src/sfx_synth.cpp.obj
[4/1649] Building CXX object CMakeFiles/openu5_core.dir/src/audio_stream.cpp.obj
[5/1649] Building CXX object CMakeFiles/openu5_core.dir/src/perf_report.cpp.obj
[6/1649] Building CXX object CMakeFiles/openu5_core.dir/src/sd_diag_log.cpp.obj
[7/1649] Building CXX object CMakeFiles/openu5_core.dir/src/render_pacing.cpp.obj
[8/1649] Building CXX object CMakeFiles/openu5_core.dir/src/sfx_inventory.cpp.obj
[9/1649] Building CXX object CMakeFiles/openu5_core.dir/src/ambient_sfx.cpp.obj
[10/1649] Building CXX object CMakeFiles/openu5_core.dir/src/frontend.cpp.obj
[11/1649] Building CXX object CMakeFiles/openu5_core.dir/src/frontend_settings.cpp.obj
[12/1649] Building CXX object CMakeFiles/openu5_core.dir/src/hud.cpp.obj
[13/1649] Building CXX object CMakeFiles/openu5_core.dir/src/intro_view.cpp.obj
[14/1649] Building CXX object CMakeFiles/openu5_core.dir/src/system_menu.cpp.obj
[15/1649] Building CXX object CMakeFiles/openu5_core.dir/src/display_names.cpp.obj
[16/1649] Building CXX object CMakeFiles/openu5_core.dir/src/presentation.cpp.obj
[17/1649] Building CXX object CMakeFiles/openu5_core.dir/src/world_fx.cpp.obj
[18/1649] Building CXX object CMakeFiles/openu5_core.dir/src/poison_tick.cpp.obj
[19/1649] Building CXX object CMakeFiles/openu5_core.dir/src/combat_hit_cue.cpp.obj
[20/1649] Building CXX object CMakeFiles/openu5_core.dir/src/narrative_scene.cpp.obj
[21/1649] Building CXX object CMakeFiles/openu5_core.dir/src/endgame_scene.cpp.obj
[22/1649] Building CXX object CMakeFiles/openu5_core.dir/src/scene_timing.cpp.obj
[23/1649] Building CXX object CMakeFiles/openu5_core.dir/src/ui_session.cpp.obj
[24/1649] Building CXX object CMakeFiles/openu5_core.dir/src/dungeon_encounters.cpp.obj
[25/1649] Building CXX object CMakeFiles/openu5_core.dir/src/world_terrain.cpp.obj
[26/1649] Building CXX object CMakeFiles/openu5_core.dir/src/world_commands.cpp.obj
[27/1649] Building CXX object CMakeFiles/openu5_core.dir/src/look.cpp.obj
[28/1649] Building CXX object CMakeFiles/openu5_core.dir/src/command_char.cpp.obj
[29/1649] Building CXX object CMakeFiles/openu5_core.dir/src/world_magic.cpp.obj
[30/1649] Building CXX object CMakeFiles/openu5_core.dir/src/outdoor.cpp.obj
[31/1649] Building CXX object CMakeFiles/openu5_core.dir/src/shrine.cpp.obj
[32/1649] Building CXX object CMakeFiles/openu5_core.dir/src/quest.cpp.obj
[33/1649] Building CXX object CMakeFiles/openu5_core.dir/src/quest_world.cpp.obj
[34/1649] Building CXX object CMakeFiles/openu5_core.dir/src/music_synth.cpp.obj
[35/1649] Building CXX object CMakeFiles/openu5_core.dir/src/quest_search.cpp.obj
[36/1649] Building CXX object CMakeFiles/openu5_core.dir/src/blackthorn.cpp.obj
[37/1649] Building CXX object CMakeFiles/openu5_core.dir/src/blackthorn_scene.cpp.obj
[38/1649] Building CXX object CMakeFiles/openu5_core.dir/src/shops.cpp.obj
[39/1649] Building CXX object CMakeFiles/openu5_core.dir/src/shop_orchestration.cpp.obj
[40/1649] Building CXX object CMakeFiles/openu5_core.dir/src/save_json.cpp.obj
[41/1649] Building CXX object CMakeFiles/openu5_core.dir/src/pc_save.cpp.obj
[42/1649] Building CXX object CMakeFiles/openu5_core.dir/src/dungeon.cpp.obj
[43/1649] Building CXX object CMakeFiles/openu5_core.dir/src/dungeon_orchestration.cpp.obj
[44/1649] Building CXX object CMakeFiles/openu5_core.dir/src/dungeon_view.cpp.obj
[45/1649] Building CXX object CMakeFiles/openu5_core.dir/src/dungeon_art.cpp.obj
[46/1649] Building CXX object CMakeFiles/openu5_core.dir/src/gem_view.cpp.obj
[47/1649] Building CXX object CMakeFiles/openu5_core.dir/src/transport.cpp.obj
[48/1649] Building CXX object CMakeFiles/openu5_core.dir/src/loot.cpp.obj
[49/1649] Building CXX object CMakeFiles/openu5_core.dir/src/scripted_encounter.cpp.obj
[50/1649] Building CXX object CMakeFiles/openu5_core.dir/src/rng.cpp.obj
[51/1649] Building CXX object CMakeFiles/openu5_core.dir/src/time.cpp.obj
[52/1649] Building CXX object CMakeFiles/openu5_core.dir/src/state.cpp.obj
[53/1649] Building CXX object CMakeFiles/openu5_core.dir/src/world.cpp.obj
[54/1649] Building CXX object CMakeFiles/openu5_core.dir/src/movement.cpp.obj
[55/1649] Building CXX object CMakeFiles/openu5_core.dir/src/turn.cpp.obj
[56/1649] Building CXX object CMakeFiles/openu5_core.dir/src/enhanced.cpp.obj
[57/1649] Building CXX object CMakeFiles/openu5_core.dir/src/actors.cpp.obj
[58/1649] Building CXX object CMakeFiles/openu5_core.dir/src/npc_path.cpp.obj
[59/1649] Building CXX object CMakeFiles/openu5_core.dir/src/pathfind.cpp.obj
[60/1649] Building CXX object CMakeFiles/openu5_core.dir/src/transitions.cpp.obj
[61/1649] Building CXX object CMakeFiles/openu5_core.dir/src/commands.cpp.obj
[62/1649] Building CXX object CMakeFiles/openu5_core.dir/src/inventory.cpp.obj
[63/1649] Building CXX object CMakeFiles/openu5_core.dir/src/inventory_picker.cpp.obj
[64/1649] Building CXX object CMakeFiles/openu5_core.dir/src/zstats.cpp.obj
[65/1649] Building CXX object CMakeFiles/openu5_core.dir/src/rest.cpp.obj
[66/1649] Building CXX object CMakeFiles/openu5_core.dir/src/magic.cpp.obj
[67/1649] Building CXX object CMakeFiles/openu5_core.dir/src/dialogue_effects.cpp.obj
[68/1649] Building CXX object CMakeFiles/openu5_core.dir/src/dialogue_orchestration.cpp.obj
[69/1649] Building CXX object CMakeFiles/openu5_core.dir/src/dialogue_pacer.cpp.obj
[70/1649] Building CXX object CMakeFiles/openu5_core.dir/src/ritual_fx.cpp.obj
[71/1649] Building CXX object CMakeFiles/openu5_core.dir/src/ui_debug_menu.cpp.obj
[72/1649] Building CXX object CMakeFiles/openu5_core.dir/src/debug_map_picker.cpp.obj
[73/1649] Building CXX object CMakeFiles/openu5_core.dir/src/debug_developer.cpp.obj
[74/1649] Building CXX object CMakeFiles/openu5_core.dir/src/debug_labels.cpp.obj
[75/1649] Building CXX object CMakeFiles/frontend_tests.dir/tests/frontend_test.cpp.obj
[76/1649] Building CXX object CMakeFiles/openu5_core.dir/src/gameplay_save.cpp.obj
[77/1649] Building CXX object CMakeFiles/ui_session_tests.dir/tests/ui_session_test.cpp.obj
[78/1649] Building CXX object CMakeFiles/display_names_tests.dir/tests/display_names_test.cpp.obj
[79/1649] Building CXX object CMakeFiles/quest_search_tests.dir/tests/quest_search_test.cpp.obj
[80/1649] Building CXX object CMakeFiles/batch21b_chest_reset.dir/tests/batch21b_chest_reset_test.cpp.obj
[81/1649] Building CXX object CMakeFiles/debug_labels_tests.dir/tests/debug_labels_test.cpp.obj
[82/1649] Building CXX object CMakeFiles/ui_host_harness.dir/tools/ui_host_harness.cpp.obj
[83/1649] Building CXX object CMakeFiles/measure_ui_sizes.dir/tools/measure-ui-sizes.cpp.obj
[84/1649] Building CXX object CMakeFiles/ui_debug_menu_tests.dir/tests/ui_debug_menu_test.cpp.obj
[85/1649] Building CXX object CMakeFiles/openu5_core.dir/src/persistence.cpp.obj
[86/1649] Building CXX object CMakeFiles/debug_map_picker_tests.dir/tests/debug_map_picker_test.cpp.obj
[87/1649] Building CXX object CMakeFiles/debug_developer_tests.dir/tests/debug_developer_test.cpp.obj
[88/1649] Building CXX object CMakeFiles/openu5_core.dir/src/save_core.cpp.obj
[89/1649] Building CXX object CMakeFiles/gameplay_integration_tests.dir/tests/gameplay_integration_test.cpp.obj
[90/1649] Building CXX object CMakeFiles/look_sign_tests.dir/tests/look_sign_test.cpp.obj
[91/1649] Building CXX object CMakeFiles/movement_flow_parity_tests.dir/tests/movement_flow_parity_test.cpp.obj
[92/1649] Building CXX object CMakeFiles/shop_parity_tests.dir/tests/shop_parity_test.cpp.obj
[93/1649] Building CXX object CMakeFiles/shop_adapter_tests.dir/tests/shop_adapter_test.cpp.obj
[94/1649] Building CXX object CMakeFiles/shop_flow_tests.dir/tests/shop_flow_test.cpp.obj
[95/1649] Building CXX object CMakeFiles/dialogue_adapter_tests.dir/tests/dialogue_adapter_test.cpp.obj
[96/1649] Building CXX object CMakeFiles/openu5_core.dir/src/dialogue.cpp.obj
[97/1649] Building CXX object CMakeFiles/transport_flow_parity_tests.dir/tests/transport_flow_parity_test.cpp.obj
[98/1649] Building CXX object CMakeFiles/world_flow_adapter_tests.dir/tests/world_flow_adapter_test.cpp.obj
[99/1649] Building CXX object CMakeFiles/dungeon_flow_parity_tests.dir/tests/dungeon_flow_parity_test.cpp.obj
[100/1649] Building CXX object CMakeFiles/world_flow_parity_tests.dir/tests/world_flow_parity_test.cpp.obj
[101/1649] Building CXX object CMakeFiles/dungeon_parity_tests.dir/tests/dungeon_parity_test.cpp.obj
[102/1649] Building CXX object CMakeFiles/magic_parity_tests.dir/tests/magic_parity_test.cpp.obj
[103/1649] Building CXX object CMakeFiles/item_parity_tests.dir/tests/item_parity_test.cpp.obj
[104/1649] Building CXX object CMakeFiles/core_parity_tests.dir/tests/parity_test.cpp.obj
[105/1649] Building CXX object CMakeFiles/movement_regression.dir/C_/Dev/OpenU5-Native/native/targets/tdeck/host_tests/movement_test.cpp.obj
[106/1649] Building CXX object CMakeFiles/openu5_core.dir/src/combat.cpp.obj
[107/1649] Building CXX object CMakeFiles/gem_view_regression.dir/tests/gem_view_test.cpp.obj
[108/1649] Building CXX object CMakeFiles/batch21a3_combat_active_player.dir/C_/Dev/OpenU5-Native/native/targets/tdeck/main/ui_input_adapter.cpp.obj
[109/1649] Linking CXX static library libopenu5_core.a
[110/1649] Building CXX object CMakeFiles/dungeon_art_regression.dir/tests/dungeon_art_test.cpp.obj
[111/1649] Building CXX object CMakeFiles/persistence_driver.dir/tests/persistence_driver.cpp.obj
[112/1649] Building CXX object CMakeFiles/combat_escape_regression.dir/tests/combat_escape_regression_test.cpp.obj
[113/1649] Building CXX object CMakeFiles/dungeon_view_regression.dir/tests/dungeon_view_test.cpp.obj
[114/1649] Building CXX object CMakeFiles/combat_parity_tests.dir/tests/combat_parity_test.cpp.obj
[115/1649] Building CXX object CMakeFiles/batch21a3_combat_active_player.dir/C_/Dev/OpenU5-Native/native/targets/tdeck/main/keyboard_matrix.cpp.obj
[116/1649] Building CXX object CMakeFiles/presentation_regression.dir/tests/presentation_test.cpp.obj
[117/1649] Building CXX object CMakeFiles/batch21a3_combat_active_player.dir/C_/Dev/OpenU5-Native/native/targets/tdeck/main/input_controller.cpp.obj
[118/1649] Building CXX object CMakeFiles/combat_loot_open_regression.dir/tests/combat_loot_open_regression_test.cpp.obj
[119/1649] Building CXX object CMakeFiles/input_regression.dir/C_/Dev/OpenU5-Native/native/targets/tdeck/main/input_controller.cpp.obj
[120/1649] Building CXX object CMakeFiles/travel_parity_tests.dir/tests/travel_parity_test.cpp.obj
[121/1649] Building CXX object CMakeFiles/batch21a3_combat_active_player.dir/tests/batch21a3_combat_active_player_test.cpp.obj
[122/1649] Building CXX object CMakeFiles/input_regression.dir/C_/Dev/OpenU5-Native/native/targets/tdeck/main/keyboard_matrix.cpp.obj
[123/1649] Building CXX object CMakeFiles/input_regression.dir/C_/Dev/OpenU5-Native/native/targets/tdeck/main/ui_input_adapter.cpp.obj
[124/1649] Building CXX object CMakeFiles/dungeon_input_regression.dir/C_/Dev/OpenU5-Native/native/targets/tdeck/main/ui_input_adapter.cpp.obj
[125/1649] Building CXX object CMakeFiles/input_regression.dir/C_/Dev/OpenU5-Native/native/targets/tdeck/host_tests/input_test.cpp.obj
[126/1649] Building CXX object CMakeFiles/dialogue_parity_tests.dir/tests/dialogue_parity_test.cpp.obj
[127/1649] Building CXX object CMakeFiles/direct_troll_handoff_regression.dir/tests/direct_troll_handoff_test.cpp.obj
[128/1649] Building CXX object CMakeFiles/dungeon_input_regression.dir/C_/Dev/OpenU5-Native/native/targets/tdeck/main/input_controller.cpp.obj
[129/1649] Building CXX object CMakeFiles/command_parity_tests.dir/tests/command_parity_test.cpp.obj
In file included from C:/Dev/TamaPoke/.build-tools/w64devkit/lib/gcc/x86_64-w64-mingw32/16.2.0/include/c++/vector:67,
                 from C:/Dev/OpenU5-Native/native/core/tests/command_parity_test.cpp:6:
In function '_ForwardIterator std::uninitialized_copy(_InputIterator, _InputIterator, _ForwardIterator) [with _InputIterator = __gnu_cxx::__normal_iterator<const long long int*, vector<long long int> >; _ForwardIterator = long long int*]',
    inlined from 'constexpr _ForwardIterator std::__uninitialized_copy_a(_InputIterator, _Sentinel, _ForwardIterator, allocator<_Tp>&) [with _InputIterator = __gnu_cxx::__normal_iterator<const long long int*, vector<long long int> >; _Sentinel = __gnu_cxx::__normal_iterator<const long long int*, vector<long long int> >; _ForwardIterator = long long int*; _Tp = long long int]' at C:/Dev/TamaPoke/.build-tools/w64devkit/lib/gcc/x86_64-w64-mingw32/16.2.0/include/c++/bits/stl_uninitialized.h:659:32,
    inlined from 'constexpr void std::vector<_Tp, _Alloc>::_M_range_insert(iterator, _ForwardIterator, _ForwardIterator, std::forward_iterator_tag) [with _ForwardIterator = __gnu_cxx::__normal_iterator<const long long int*, std::vector<long long int> >; _Tp = long long int; _Alloc = std::allocator<long long int>]' at C:/Dev/TamaPoke/.build-tools/w64devkit/lib/gcc/x86_64-w64-mingw32/16.2.0/include/c++/bits/vector.tcc:984:34,
    inlined from 'constexpr std::vector<_Tp, _Alloc>::iterator std::vector<_Tp, _Alloc>::insert(const_iterator, _InputIterator, _InputIterator) [with _InputIterator = __gnu_cxx::__normal_iterator<const long long int*, std::vector<long long int> >; <template-parameter-2-2> = void; _Tp = long long int; _Alloc = std::allocator<long long int>]' at C:/Dev/TamaPoke/.build-tools/w64devkit/lib/gcc/x86_64-w64-mingw32/16.2.0/include/c++/bits/stl_vector.h:1611:19,
    inlined from 'V Harness::run(openu5::Command, bool)' at C:/Dev/OpenU5-Native/native/core/tests/command_parity_test.cpp:240:17,
    inlined from 'int main(int, char**)' at C:/Dev/OpenU5-Native/native/core/tests/command_parity_test.cpp:270:20:
C:/Dev/TamaPoke/.build-tools/w64devkit/lib/gcc/x86_64-w64-mingw32/16.2.0/include/c++/bits/stl_uninitialized.h:294:31: warning: 'void* __builtin_memcpy(void*, const void*, long long unsigned int)' writing between 1 and 9223372036854775807 bytes into a region of size 0 overflows the destination [-Wstringop-overflow=]
  294 |               __builtin_memcpy(std::__niter_base(__result),
      |               ~~~~~~~~~~~~~~~~^~~~~~~~~~~~~~~~~~~~~~~~~~~~~
  295 |                                std::__niter_base(__first),
      |                                ~~~~~~~~~~~~~~~~~~~~~~~~~~~
  296 |                                __n * sizeof(_ValT));
      |                                ~~~~~~~~~~~~~~~~~~~~
In file included from C:/Dev/TamaPoke/.build-tools/w64devkit/lib/gcc/x86_64-w64-mingw32/16.2.0/include/c++/x86_64-w64-mingw32/bits/c++allocator.h:33,
                 from C:/Dev/TamaPoke/.build-tools/w64devkit/lib/gcc/x86_64-w64-mingw32/16.2.0/include/c++/bits/allocator.h:46,
                 from C:/Dev/TamaPoke/.build-tools/w64devkit/lib/gcc/x86_64-w64-mingw32/16.2.0/include/c++/string:46,
                 from C:/Dev/TamaPoke/.build-tools/w64devkit/lib/gcc/x86_64-w64-mingw32/16.2.0/include/c++/bits/locale_classes.h:43,
                 from C:/Dev/TamaPoke/.build-tools/w64devkit/lib/gcc/x86_64-w64-mingw32/16.2.0/include/c++/bits/ios_base.h:43,
                 from C:/Dev/TamaPoke/.build-tools/w64devkit/lib/gcc/x86_64-w64-mingw32/16.2.0/include/c++/ios:46,
                 from C:/Dev/TamaPoke/.build-tools/w64devkit/lib/gcc/x86_64-w64-mingw32/16.2.0/include/c++/istream:42,
                 from C:/Dev/TamaPoke/.build-tools/w64devkit/lib/gcc/x86_64-w64-mingw32/16.2.0/include/c++/fstream:42,
                 from C:/Dev/OpenU5-Native/native/core/tests/command_parity_test.cpp:4:
In member function 'constexpr _Tp* std::__new_allocator<_Tp>::allocate(size_type, const void*) [with _Tp = long long int]',
    inlined from 'constexpr _Tp* std::allocator< <template-parameter-1-1> >::allocate(std::size_t) [with _Tp = long long int]' at C:/Dev/TamaPoke/.build-tools/w64devkit/lib/gcc/x86_64-w64-mingw32/16.2.0/include/c++/bits/allocator.h:206:40,
    inlined from 'static constexpr _Tp* std::allocator_traits<std::allocator<_CharT> >::allocate(allocator_type&, size_type) [with _Tp = long long int]' at C:/Dev/TamaPoke/.build-tools/w64devkit/lib/gcc/x86_64-w64-mingw32/16.2.0/include/c++/bits/alloc_traits.h:638:28,
    inlined from 'constexpr std::_Vector_base<_Tp, _Alloc>::pointer std::_Vector_base<_Tp, _Alloc>::_M_allocate(std::size_t) [with _Tp = long long int; _Alloc = std::allocator<long long int>]' at C:/Dev/TamaPoke/.build-tools/w64devkit/lib/gcc/x86_64-w64-mingw32/16.2.0/include/c++/bits/stl_vector.h:389:33,
    inlined from 'constexpr void std::vector<_Tp, _Alloc>::_M_range_initialize_n(_Iterator, _Sentinel, size_type) [with _Iterator = const long long int*; _Sentinel = const long long int*; _Tp = long long int; _Alloc = std::allocator<long long int>]' at C:/Dev/TamaPoke/.build-tools/w64devkit/lib/gcc/x86_64-w64-mingw32/16.2.0/include/c++/bits/stl_vector.h:1975:23,
    inlined from 'constexpr std::vector<_Tp, _Alloc>::vector(std::initializer_list<_Tp>, const allocator_type&) [with _Tp = long long int; _Alloc = std::allocator<long long int>]' at C:/Dev/TamaPoke/.build-tools/w64devkit/lib/gcc/x86_64-w64-mingw32/16.2.0/include/c++/bits/stl_vector.h:702:23,
    inlined from 'V Harness::run(openu5::Command, bool)' at C:/Dev/OpenU5-Native/native/core/tests/command_parity_test.cpp:239:84,
    inlined from 'int main(int, char**)' at C:/Dev/OpenU5-Native/native/core/tests/command_parity_test.cpp:270:20:
C:/Dev/TamaPoke/.build-tools/w64devkit/lib/gcc/x86_64-w64-mingw32/16.2.0/include/c++/bits/new_allocator.h:162:75: note: at offset 40 into destination object of size 40 allocated by 'operator new'
  162 |           return static_cast<_Tp*>(_GLIBCXX_OPERATOR_NEW(__n * sizeof(_Tp)));
      |                                                                           ^
[130/1649] Building CXX object CMakeFiles/advanced_combat_parity_tests.dir/tests/advanced_combat_parity_test.cpp.obj
[131/1649] Building CXX object CMakeFiles/dungeon_combat_regression.dir/C_/Dev/OpenU5-Native/native/targets/tdeck/main/ui_input_adapter.cpp.obj
[132/1649] Building CXX object CMakeFiles/dungeon_input_regression.dir/C_/Dev/OpenU5-Native/native/targets/tdeck/host_tests/dungeon_input_test.cpp.obj
[133/1649] Building CXX object CMakeFiles/dungeon_input_regression.dir/C_/Dev/OpenU5-Native/native/targets/tdeck/main/keyboard_matrix.cpp.obj
[134/1649] Building CXX object CMakeFiles/dungeon_combat_regression.dir/C_/Dev/OpenU5-Native/native/targets/tdeck/main/input_controller.cpp.obj
[135/1649] Building CXX object CMakeFiles/gameplay_driver.dir/tests/gameplay_driver.cpp.obj
[136/1649] Building CXX object CMakeFiles/action_feedback_regression.dir/tests/action_feedback_test.cpp.obj
[137/1649] Building CXX object CMakeFiles/ui_mode_regression.dir/C_/Dev/OpenU5-Native/native/targets/tdeck/host_tests/ui_mode_test.cpp.obj
[138/1649] Building CXX object CMakeFiles/alpha_runtime_integration_regression.dir/C_/Dev/OpenU5-Native/native/targets/tdeck/host_tests/alpha_runtime_integration_test.cpp.obj
[139/1649] Building CXX object CMakeFiles/dungeon_combat_regression.dir/C_/Dev/OpenU5-Native/native/targets/tdeck/main/keyboard_matrix.cpp.obj
[140/1649] Building CXX object CMakeFiles/alpha_runtime_integration_regression.dir/C_/Dev/OpenU5-Native/native/targets/tdeck/host_tests/alpha_runtime_host_fixture.cpp.obj
[141/1649] Building CXX object CMakeFiles/alpha_runtime_integration_regression.dir/C_/Dev/OpenU5-Native/native/targets/tdeck/host_tests/host_stubs/tdeck_board_host_stub.cpp.obj
[142/1649] Building CXX object CMakeFiles/alpha_runtime_integration_regression.dir/C_/Dev/OpenU5-Native/native/targets/tdeck/host_tests/host_stubs/alpha_save_host_stub.cpp.obj
[143/1649] Building CXX object CMakeFiles/alpha_runtime_integration_regression.dir/C_/Dev/OpenU5-Native/native/targets/tdeck/host_tests/host_stubs/tdeck_input_host_stub.cpp.obj
[144/1649] Building CXX object CMakeFiles/quest_driver.dir/tests/quest_driver.cpp.obj
[145/1649] Building CXX object CMakeFiles/alpha_runtime_integration_regression.dir/C_/Dev/OpenU5-Native/native/targets/tdeck/main/ui_input_adapter.cpp.obj
[146/1649] Building CXX object CMakeFiles/alpha_runtime_integration_regression.dir/C_/Dev/OpenU5-Native/native/targets/tdeck/main/input_controller.cpp.obj
[147/1649] Building CXX object CMakeFiles/alpha_runtime_integration_regression.dir/C_/Dev/OpenU5-Native/native/targets/tdeck/main/keyboard_matrix.cpp.obj
[148/1649] Building CXX object CMakeFiles/alpha_runtime_integration_regression.dir/C_/Dev/OpenU5-Native/native/targets/tdeck/main/asset_pack.cpp.obj
[149/1649] Building CXX object CMakeFiles/dungeon_combat_regression.dir/C_/Dev/OpenU5-Native/native/targets/tdeck/host_tests/dungeon_combat_test.cpp.obj
[150/1649] Building CXX object CMakeFiles/alpha_runtime_integration_regression.dir/C_/Dev/OpenU5-Native/native/targets/tdeck/host_tests/host_stubs/device_smoke_tests_host_stub.cpp.obj
[151/1649] Building CXX object CMakeFiles/batch12b_hardware_regression.dir/C_/Dev/OpenU5-Native/native/targets/tdeck/main/alpha_resources.cpp.obj
[152/1649] Building CXX object CMakeFiles/batch12b_hardware_regression.dir/C_/Dev/OpenU5-Native/native/targets/tdeck/main/dungeon_art_cache.cpp.obj
[153/1649] Building CXX object CMakeFiles/batch21a_dungeon_room_regression.dir/C_/Dev/OpenU5-Native/native/targets/tdeck/host_tests/alpha_runtime_host_fixture.cpp.obj
[154/1649] Building CXX object CMakeFiles/batch12b_hardware_regression.dir/C_/Dev/OpenU5-Native/native/targets/tdeck/main/asset_pack.cpp.obj
[155/1649] Building CXX object CMakeFiles/batch21a_dungeon_room_regression.dir/C_/Dev/OpenU5-Native/native/targets/tdeck/host_tests/host_stubs/tdeck_board_host_stub.cpp.obj
[156/1649] Building CXX object CMakeFiles/batch21a_dungeon_room_regression.dir/C_/Dev/OpenU5-Native/native/targets/tdeck/host_tests/host_stubs/alpha_save_host_stub.cpp.obj
[157/1649] Building CXX object CMakeFiles/batch12b_hardware_regression.dir/C_/Dev/OpenU5-Native/native/targets/tdeck/host_tests/batch12b_hardware_test.cpp.obj
[158/1649] Building CXX object CMakeFiles/batch12b_hardware_regression.dir/C_/Dev/OpenU5-Native/native/targets/tdeck/main/native_renderer.cpp.obj
[159/1649] Building CXX object CMakeFiles/batch21a_dungeon_room_regression.dir/C_/Dev/OpenU5-Native/native/targets/tdeck/host_tests/host_stubs/tdeck_input_host_stub.cpp.obj
[160/1649] Building CXX object CMakeFiles/batch21a_dungeon_room_regression.dir/C_/Dev/OpenU5-Native/native/targets/tdeck/main/ui_input_adapter.cpp.obj
[161/1649] Building CXX object CMakeFiles/batch21a_dungeon_room_regression.dir/C_/Dev/OpenU5-Native/native/targets/tdeck/main/input_controller.cpp.obj
[162/1649] Building CXX object CMakeFiles/batch21a_dungeon_room_regression.dir/C_/Dev/OpenU5-Native/native/targets/tdeck/main/keyboard_matrix.cpp.obj
[163/1649] Building CXX object CMakeFiles/batch21a_dungeon_room_regression.dir/C_/Dev/OpenU5-Native/native/targets/tdeck/main/asset_pack.cpp.obj
[164/1649] Building CXX object CMakeFiles/batch21a_dungeon_room_regression.dir/C_/Dev/OpenU5-Native/native/targets/tdeck/main/dungeon_art_cache.cpp.obj
[165/1649] Building CXX object CMakeFiles/batch21a_dungeon_room_regression.dir/C_/Dev/OpenU5-Native/native/targets/tdeck/main/alpha_dialogue.cpp.obj
[166/1649] Building CXX object CMakeFiles/batch21a_dungeon_room_regression.dir/C_/Dev/OpenU5-Native/native/targets/tdeck/host_tests/host_stubs/device_smoke_tests_host_stub.cpp.obj
[167/1649] Building CXX object CMakeFiles/batch22_basement_objects.dir/C_/Dev/OpenU5-Native/native/targets/tdeck/host_tests/host_stubs/tdeck_board_host_stub.cpp.obj
[168/1649] Building CXX object CMakeFiles/batch22_basement_objects.dir/C_/Dev/OpenU5-Native/native/targets/tdeck/host_tests/host_stubs/alpha_save_host_stub.cpp.obj
[169/1649] Building CXX object CMakeFiles/alpha_runtime_integration_regression.dir/C_/Dev/OpenU5-Native/native/targets/tdeck/main/dungeon_art_cache.cpp.obj
[170/1649] Building CXX object CMakeFiles/alpha_runtime_integration_regression.dir/C_/Dev/OpenU5-Native/native/targets/tdeck/main/alpha_dialogue.cpp.obj
[171/1649] Building CXX object CMakeFiles/alpha_runtime_integration_regression.dir/C_/Dev/OpenU5-Native/native/targets/tdeck/main/alpha_resources.cpp.obj
[172/1649] Building CXX object CMakeFiles/batch22_basement_objects.dir/C_/Dev/OpenU5-Native/native/targets/tdeck/host_tests/host_stubs/tdeck_input_host_stub.cpp.obj
[173/1649] Building CXX object CMakeFiles/alpha_runtime_integration_regression.dir/C_/Dev/OpenU5-Native/native/targets/tdeck/main/native_renderer.cpp.obj
[174/1649] Building CXX object CMakeFiles/batch22_basement_objects.dir/C_/Dev/OpenU5-Native/native/targets/tdeck/main/ui_input_adapter.cpp.obj
[175/1649] Building CXX object CMakeFiles/batch22_basement_objects.dir/C_/Dev/OpenU5-Native/native/targets/tdeck/main/input_controller.cpp.obj
[176/1649] Building CXX object CMakeFiles/batch22_basement_objects.dir/C_/Dev/OpenU5-Native/native/targets/tdeck/main/keyboard_matrix.cpp.obj
[177/1649] Building CXX object CMakeFiles/batch22_basement_objects.dir/C_/Dev/OpenU5-Native/native/targets/tdeck/main/alpha_resources.cpp.obj
[178/1649] Building CXX object CMakeFiles/batch22_basement_objects.dir/C_/Dev/OpenU5-Native/native/targets/tdeck/main/asset_pack.cpp.obj
[179/1649] Building CXX object CMakeFiles/batch22_basement_objects.dir/C_/Dev/OpenU5-Native/native/targets/tdeck/host_tests/host_stubs/device_smoke_tests_host_stub.cpp.obj
[180/1649] Building CXX object CMakeFiles/batch21a_dungeon_room_regression.dir/C_/Dev/OpenU5-Native/native/targets/tdeck/main/alpha_resources.cpp.obj
[181/1649] Building CXX object CMakeFiles/batch23_vault_parity.dir/C_/Dev/OpenU5-Native/native/targets/tdeck/host_tests/host_stubs/tdeck_board_host_stub.cpp.obj
[182/1649] Building CXX object CMakeFiles/batch23_vault_parity.dir/C_/Dev/OpenU5-Native/native/targets/tdeck/host_tests/host_stubs/alpha_save_host_stub.cpp.obj
[183/1649] Building CXX object CMakeFiles/batch23_vault_parity.dir/C_/Dev/OpenU5-Native/native/targets/tdeck/host_tests/host_stubs/tdeck_input_host_stub.cpp.obj
[184/1649] Building CXX object CMakeFiles/batch21a_dungeon_room_regression.dir/C_/Dev/OpenU5-Native/native/targets/tdeck/main/native_renderer.cpp.obj
[185/1649] Building CXX object CMakeFiles/batch22_basement_objects.dir/C_/Dev/OpenU5-Native/native/targets/tdeck/host_tests/alpha_runtime_host_fixture.cpp.obj
[186/1649] Building CXX object CMakeFiles/batch22_basement_objects.dir/C_/Dev/OpenU5-Native/native/targets/tdeck/host_tests/batch22_basement_objects_test.cpp.obj
[187/1649] Building CXX object CMakeFiles/batch23_vault_parity.dir/C_/Dev/OpenU5-Native/native/targets/tdeck/main/ui_input_adapter.cpp.obj
[188/1649] Building CXX object CMakeFiles/batch23_vault_parity.dir/C_/Dev/OpenU5-Native/native/targets/tdeck/main/input_controller.cpp.obj
[189/1649] Building CXX object CMakeFiles/batch23_vault_parity.dir/C_/Dev/OpenU5-Native/native/targets/tdeck/main/keyboard_matrix.cpp.obj
[190/1649] Building CXX object CMakeFiles/batch23_vault_parity.dir/C_/Dev/OpenU5-Native/native/targets/tdeck/main/asset_pack.cpp.obj
[191/1649] Building CXX object CMakeFiles/batch21a_dungeon_room_regression.dir/C_/Dev/OpenU5-Native/native/targets/tdeck/host_tests/batch21a_dungeon_room_test.cpp.obj
[192/1649] Building CXX object CMakeFiles/batch23_vault_parity.dir/C_/Dev/OpenU5-Native/native/targets/tdeck/host_tests/host_stubs/device_smoke_tests_host_stub.cpp.obj
[193/1649] Building CXX object CMakeFiles/batch22_basement_objects.dir/C_/Dev/OpenU5-Native/native/targets/tdeck/main/dungeon_art_cache.cpp.obj
[194/1649] Building CXX object CMakeFiles/batch22_basement_objects.dir/C_/Dev/OpenU5-Native/native/targets/tdeck/main/alpha_dialogue.cpp.obj
[195/1649] Building CXX object CMakeFiles/batch22_basement_objects.dir/C_/Dev/OpenU5-Native/native/targets/tdeck/main/native_renderer.cpp.obj
[196/1649] Building CXX object CMakeFiles/batch23_vault_parity.dir/C_/Dev/OpenU5-Native/native/targets/tdeck/host_tests/alpha_runtime_host_fixture.cpp.obj
[197/1649] Building CXX object CMakeFiles/batch24_reload_parity.dir/C_/Dev/OpenU5-Native/native/targets/tdeck/host_tests/host_stubs/tdeck_input_host_stub.cpp.obj
[198/1649] Building CXX object CMakeFiles/batch24_reload_parity.dir/C_/Dev/OpenU5-Native/native/targets/tdeck/main/ui_input_adapter.cpp.obj
[199/1649] Building CXX object CMakeFiles/batch24_reload_parity.dir/C_/Dev/OpenU5-Native/native/targets/tdeck/main/input_controller.cpp.obj
[200/1649] Building CXX object CMakeFiles/batch24_reload_parity.dir/C_/Dev/OpenU5-Native/native/targets/tdeck/main/keyboard_matrix.cpp.obj
[201/1649] Building CXX object CMakeFiles/alpha_runtime_integration_regression.dir/C_/Dev/OpenU5-Native/native/targets/tdeck/main/alpha_runtime.cpp.obj
[202/1649] Building CXX object CMakeFiles/turn_parity_tests.dir/tests/turn_parity_test.cpp.obj
[203/1649] Building CXX object CMakeFiles/batch23_vault_parity.dir/C_/Dev/OpenU5-Native/native/targets/tdeck/host_tests/batch23_vault_parity_test.cpp.obj
[204/1649] Building CXX object CMakeFiles/batch23_vault_parity.dir/C_/Dev/OpenU5-Native/native/targets/tdeck/main/dungeon_art_cache.cpp.obj
[205/1649] Building CXX object CMakeFiles/batch23_vault_parity.dir/C_/Dev/OpenU5-Native/native/targets/tdeck/main/alpha_resources.cpp.obj
[206/1649] Building CXX object CMakeFiles/batch23_vault_parity.dir/C_/Dev/OpenU5-Native/native/targets/tdeck/main/alpha_dialogue.cpp.obj
[207/1649] Building CXX object CMakeFiles/batch24_reload_parity.dir/C_/Dev/OpenU5-Native/native/targets/tdeck/host_tests/host_stubs/device_smoke_tests_host_stub.cpp.obj
[208/1649] Building CXX object CMakeFiles/batch24_reload_parity.dir/C_/Dev/OpenU5-Native/native/targets/tdeck/host_tests/alpha_runtime_host_fixture.cpp.obj
[209/1649] Building CXX object CMakeFiles/batch24_reload_parity.dir/C_/Dev/OpenU5-Native/native/targets/tdeck/host_tests/host_stubs/tdeck_board_host_stub.cpp.obj
[210/1649] Building CXX object CMakeFiles/batch23_vault_parity.dir/C_/Dev/OpenU5-Native/native/targets/tdeck/main/native_renderer.cpp.obj
[211/1649] Building CXX object CMakeFiles/batch24_reload_parity.dir/C_/Dev/OpenU5-Native/native/targets/tdeck/main/alpha_save_generation.cpp.obj
[212/1649] Building CXX object CMakeFiles/batch25_shard_ritual.dir/C_/Dev/OpenU5-Native/native/targets/tdeck/host_tests/host_stubs/tdeck_input_host_stub.cpp.obj
[213/1649] Building CXX object CMakeFiles/batch24_reload_parity.dir/C_/Dev/OpenU5-Native/native/targets/tdeck/host_tests/host_stubs/alpha_save_memory_host_stub.cpp.obj
[214/1649] Building CXX object CMakeFiles/batch24_reload_parity.dir/C_/Dev/OpenU5-Native/native/targets/tdeck/host_tests/batch24_reload_parity_test.cpp.obj
[215/1649] Building CXX object CMakeFiles/batch21a_dungeon_room_regression.dir/C_/Dev/OpenU5-Native/native/targets/tdeck/main/alpha_runtime.cpp.obj
[216/1649] Building CXX object CMakeFiles/batch24_reload_parity.dir/C_/Dev/OpenU5-Native/native/targets/tdeck/main/asset_pack.cpp.obj
[217/1649] Building CXX object CMakeFiles/batch24_reload_parity.dir/C_/Dev/OpenU5-Native/native/targets/tdeck/main/alpha_dialogue.cpp.obj
[218/1649] Building CXX object CMakeFiles/batch24_reload_parity.dir/C_/Dev/OpenU5-Native/native/targets/tdeck/main/alpha_resources.cpp.obj
[219/1649] Building CXX object CMakeFiles/batch24_reload_parity.dir/C_/Dev/OpenU5-Native/native/targets/tdeck/main/dungeon_art_cache.cpp.obj
[220/1649] Building CXX object CMakeFiles/batch25_shard_ritual.dir/C_/Dev/OpenU5-Native/native/targets/tdeck/host_tests/alpha_runtime_host_fixture.cpp.obj
[221/1649] Building CXX object CMakeFiles/batch25_shard_ritual.dir/C_/Dev/OpenU5-Native/native/targets/tdeck/host_tests/host_stubs/tdeck_board_host_stub.cpp.obj
[222/1649] Building CXX object CMakeFiles/batch24_reload_parity.dir/C_/Dev/OpenU5-Native/native/targets/tdeck/main/native_renderer.cpp.obj
[223/1649] Building CXX object CMakeFiles/batch25_shard_ritual.dir/C_/Dev/OpenU5-Native/native/targets/tdeck/host_tests/host_stubs/alpha_save_memory_host_stub.cpp.obj
[224/1649] Building CXX object CMakeFiles/batch26_dungeon_save.dir/C_/Dev/OpenU5-Native/native/targets/tdeck/host_tests/host_stubs/tdeck_input_host_stub.cpp.obj
[225/1649] Building CXX object CMakeFiles/batch25_shard_ritual.dir/C_/Dev/OpenU5-Native/native/targets/tdeck/main/alpha_save_generation.cpp.obj
[226/1649] Building CXX object CMakeFiles/batch25_shard_ritual.dir/C_/Dev/OpenU5-Native/native/targets/tdeck/main/input_controller.cpp.obj
[227/1649] Building CXX object CMakeFiles/batch25_shard_ritual.dir/C_/Dev/OpenU5-Native/native/targets/tdeck/main/keyboard_matrix.cpp.obj
[228/1649] Building CXX object CMakeFiles/batch25_shard_ritual.dir/C_/Dev/OpenU5-Native/native/targets/tdeck/main/ui_input_adapter.cpp.obj
[229/1649] Building CXX object CMakeFiles/batch25_shard_ritual.dir/C_/Dev/OpenU5-Native/native/targets/tdeck/host_tests/batch25_shard_ritual_test.cpp.obj
[230/1649] Building CXX object CMakeFiles/batch22_basement_objects.dir/C_/Dev/OpenU5-Native/native/targets/tdeck/main/alpha_runtime.cpp.obj
[231/1649] Building CXX object CMakeFiles/batch25_shard_ritual.dir/C_/Dev/OpenU5-Native/native/targets/tdeck/host_tests/host_stubs/device_smoke_tests_host_stub.cpp.obj
[232/1649] Building CXX object CMakeFiles/batch25_shard_ritual.dir/C_/Dev/OpenU5-Native/native/targets/tdeck/main/asset_pack.cpp.obj
[233/1649] Building CXX object CMakeFiles/batch26_dungeon_save.dir/C_/Dev/OpenU5-Native/native/targets/tdeck/main/ui_input_adapter.cpp.obj
[234/1649] Building CXX object CMakeFiles/batch25_shard_ritual.dir/C_/Dev/OpenU5-Native/native/targets/tdeck/main/alpha_dialogue.cpp.obj
[235/1649] Building CXX object CMakeFiles/batch25_shard_ritual.dir/C_/Dev/OpenU5-Native/native/targets/tdeck/main/dungeon_art_cache.cpp.obj
[236/1649] Building CXX object CMakeFiles/batch26_dungeon_save.dir/C_/Dev/OpenU5-Native/native/targets/tdeck/host_tests/host_stubs/tdeck_board_host_stub.cpp.obj
[237/1649] Building CXX object CMakeFiles/batch25_shard_ritual.dir/C_/Dev/OpenU5-Native/native/targets/tdeck/main/alpha_resources.cpp.obj
[238/1649] Building CXX object CMakeFiles/batch26_dungeon_save.dir/C_/Dev/OpenU5-Native/native/targets/tdeck/host_tests/alpha_runtime_host_fixture.cpp.obj
[239/1649] Building CXX object CMakeFiles/batch26_dungeon_save.dir/C_/Dev/OpenU5-Native/native/targets/tdeck/main/keyboard_matrix.cpp.obj
[240/1649] Building CXX object CMakeFiles/batch26_dungeon_save.dir/C_/Dev/OpenU5-Native/native/targets/tdeck/main/input_controller.cpp.obj
[241/1649] Building CXX object CMakeFiles/batch25_shard_ritual.dir/C_/Dev/OpenU5-Native/native/targets/tdeck/main/native_renderer.cpp.obj
[242/1649] Building CXX object CMakeFiles/batch26_dungeon_save.dir/C_/Dev/OpenU5-Native/native/targets/tdeck/main/alpha_save_generation.cpp.obj
[243/1649] Building CXX object CMakeFiles/batch26_dungeon_save.dir/C_/Dev/OpenU5-Native/native/targets/tdeck/host_tests/host_stubs/alpha_save_memory_host_stub.cpp.obj
[244/1649] Building CXX object CMakeFiles/batch23_vault_parity.dir/C_/Dev/OpenU5-Native/native/targets/tdeck/main/alpha_runtime.cpp.obj
[245/1649] Building CXX object CMakeFiles/batch27_alt_load.dir/C_/Dev/OpenU5-Native/native/targets/tdeck/main/keyboard_matrix.cpp.obj
[246/1649] Building CXX object CMakeFiles/batch26_dungeon_save.dir/C_/Dev/OpenU5-Native/native/targets/tdeck/host_tests/host_stubs/device_smoke_tests_host_stub.cpp.obj
[247/1649] Building CXX object CMakeFiles/batch26_dungeon_save.dir/C_/Dev/OpenU5-Native/native/targets/tdeck/main/asset_pack.cpp.obj
[248/1649] Building CXX object CMakeFiles/batch26_dungeon_save.dir/C_/Dev/OpenU5-Native/native/targets/tdeck/main/dungeon_art_cache.cpp.obj
[249/1649] Building CXX object CMakeFiles/batch26_dungeon_save.dir/C_/Dev/OpenU5-Native/native/targets/tdeck/host_tests/batch26_dungeon_save_test.cpp.obj
[250/1649] Building CXX object CMakeFiles/batch26_dungeon_save.dir/C_/Dev/OpenU5-Native/native/targets/tdeck/main/alpha_dialogue.cpp.obj
[251/1649] Building CXX object CMakeFiles/batch26_dungeon_save.dir/C_/Dev/OpenU5-Native/native/targets/tdeck/main/alpha_resources.cpp.obj
[252/1649] Building CXX object CMakeFiles/batch27_alt_load.dir/C_/Dev/OpenU5-Native/native/targets/tdeck/host_tests/host_stubs/tdeck_input_host_stub.cpp.obj
[253/1649] Building CXX object CMakeFiles/batch27_alt_load.dir/C_/Dev/OpenU5-Native/native/targets/tdeck/main/ui_input_adapter.cpp.obj
[254/1649] Building CXX object CMakeFiles/batch27_alt_load.dir/C_/Dev/OpenU5-Native/native/targets/tdeck/host_tests/host_stubs/tdeck_board_host_stub.cpp.obj
[255/1649] Building CXX object CMakeFiles/batch27_alt_load.dir/C_/Dev/OpenU5-Native/native/targets/tdeck/main/input_controller.cpp.obj
[256/1649] Building CXX object CMakeFiles/batch26_dungeon_save.dir/C_/Dev/OpenU5-Native/native/targets/tdeck/main/native_renderer.cpp.obj
[257/1649] Building CXX object CMakeFiles/batch27_alt_load.dir/C_/Dev/OpenU5-Native/native/targets/tdeck/host_tests/alpha_runtime_host_fixture.cpp.obj
[258/1649] Building CXX object CMakeFiles/batch27_alt_load.dir/C_/Dev/OpenU5-Native/native/targets/tdeck/host_tests/host_stubs/alpha_save_memory_host_stub.cpp.obj
[259/1649] Building CXX object CMakeFiles/batch27_alt_load.dir/C_/Dev/OpenU5-Native/native/targets/tdeck/main/alpha_save_generation.cpp.obj
[260/1649] Building CXX object CMakeFiles/batch28_save_validation.dir/C_/Dev/OpenU5-Native/native/targets/tdeck/host_tests/host_stubs/tdeck_input_host_stub.cpp.obj
[261/1649] Building CXX object CMakeFiles/batch27_alt_load.dir/C_/Dev/OpenU5-Native/native/targets/tdeck/host_tests/batch27_alt_load_test.cpp.obj
[262/1649] Building CXX object CMakeFiles/batch24_reload_parity.dir/C_/Dev/OpenU5-Native/native/targets/tdeck/main/alpha_runtime.cpp.obj
[263/1649] Building CXX object CMakeFiles/batch28_save_validation.dir/C_/Dev/OpenU5-Native/native/targets/tdeck/main/ui_input_adapter.cpp.obj
[264/1649] Building CXX object CMakeFiles/batch28_save_validation.dir/C_/Dev/OpenU5-Native/native/targets/tdeck/main/input_controller.cpp.obj
[265/1649] Building CXX object CMakeFiles/batch28_save_validation.dir/C_/Dev/OpenU5-Native/native/targets/tdeck/main/keyboard_matrix.cpp.obj
[266/1649] Building CXX object CMakeFiles/batch27_alt_load.dir/C_/Dev/OpenU5-Native/native/targets/tdeck/host_tests/host_stubs/device_smoke_tests_host_stub.cpp.obj
[267/1649] Building CXX object CMakeFiles/batch27_alt_load.dir/C_/Dev/OpenU5-Native/native/targets/tdeck/main/asset_pack.cpp.obj
[268/1649] Building CXX object CMakeFiles/batch27_alt_load.dir/C_/Dev/OpenU5-Native/native/targets/tdeck/main/alpha_resources.cpp.obj
[269/1649] Building CXX object CMakeFiles/batch27_alt_load.dir/C_/Dev/OpenU5-Native/native/targets/tdeck/main/dungeon_art_cache.cpp.obj
[270/1649] Building CXX object CMakeFiles/batch28_save_validation.dir/C_/Dev/OpenU5-Native/native/targets/tdeck/host_tests/host_stubs/tdeck_board_host_stub.cpp.obj
[271/1649] Building CXX object CMakeFiles/batch27_alt_load.dir/C_/Dev/OpenU5-Native/native/targets/tdeck/main/alpha_dialogue.cpp.obj
[272/1649] Building CXX object CMakeFiles/batch29_rest_wiring.dir/C_/Dev/OpenU5-Native/native/targets/tdeck/host_tests/host_stubs/tdeck_input_host_stub.cpp.obj
[273/1649] Building CXX object CMakeFiles/batch28_save_validation.dir/C_/Dev/OpenU5-Native/native/targets/tdeck/host_tests/alpha_runtime_host_fixture.cpp.obj
[274/1649] Building CXX object CMakeFiles/batch27_alt_load.dir/C_/Dev/OpenU5-Native/native/targets/tdeck/main/native_renderer.cpp.obj
[275/1649] Building CXX object CMakeFiles/batch28_save_validation.dir/C_/Dev/OpenU5-Native/native/targets/tdeck/main/alpha_save_generation.cpp.obj
[276/1649] Building CXX object CMakeFiles/batch28_save_validation.dir/C_/Dev/OpenU5-Native/native/targets/tdeck/host_tests/host_stubs/alpha_save_memory_host_stub.cpp.obj
[277/1649] Building CXX object CMakeFiles/batch29_rest_wiring.dir/C_/Dev/OpenU5-Native/native/targets/tdeck/main/ui_input_adapter.cpp.obj
[278/1649] Building CXX object CMakeFiles/batch29_rest_wiring.dir/C_/Dev/OpenU5-Native/native/targets/tdeck/main/input_controller.cpp.obj
[279/1649] Building CXX object CMakeFiles/batch29_rest_wiring.dir/C_/Dev/OpenU5-Native/native/targets/tdeck/main/keyboard_matrix.cpp.obj
[280/1649] Building CXX object CMakeFiles/batch28_save_validation.dir/C_/Dev/OpenU5-Native/native/targets/tdeck/main/asset_pack.cpp.obj
[281/1649] Building CXX object CMakeFiles/batch28_save_validation.dir/C_/Dev/OpenU5-Native/native/targets/tdeck/host_tests/host_stubs/device_smoke_tests_host_stub.cpp.obj
[282/1649] Building CXX object CMakeFiles/batch28_save_validation.dir/C_/Dev/OpenU5-Native/native/targets/tdeck/main/dungeon_art_cache.cpp.obj
[283/1649] Building CXX object CMakeFiles/batch25_shard_ritual.dir/C_/Dev/OpenU5-Native/native/targets/tdeck/main/alpha_runtime.cpp.obj
[284/1649] Building CXX object CMakeFiles/batch28_save_validation.dir/C_/Dev/OpenU5-Native/native/targets/tdeck/main/alpha_resources.cpp.obj
[285/1649] Building CXX object CMakeFiles/batch28_save_validation.dir/C_/Dev/OpenU5-Native/native/targets/tdeck/main/alpha_dialogue.cpp.obj
[286/1649] Building CXX object CMakeFiles/batch29_rest_wiring.dir/C_/Dev/OpenU5-Native/native/targets/tdeck/host_tests/host_stubs/tdeck_board_host_stub.cpp.obj
[287/1649] Building CXX object CMakeFiles/batch28_save_validation.dir/C_/Dev/OpenU5-Native/native/targets/tdeck/main/native_renderer.cpp.obj
[288/1649] Building CXX object CMakeFiles/batch29_rest_wiring.dir/C_/Dev/OpenU5-Native/native/targets/tdeck/host_tests/alpha_runtime_host_fixture.cpp.obj
[289/1649] Building CXX object CMakeFiles/batch30_sleep_parity.dir/C_/Dev/OpenU5-Native/native/targets/tdeck/host_tests/host_stubs/tdeck_input_host_stub.cpp.obj
[290/1649] Building CXX object CMakeFiles/batch29_rest_wiring.dir/C_/Dev/OpenU5-Native/native/targets/tdeck/host_tests/host_stubs/alpha_save_memory_host_stub.cpp.obj
[291/1649] Building CXX object CMakeFiles/batch29_rest_wiring.dir/C_/Dev/OpenU5-Native/native/targets/tdeck/main/alpha_save_generation.cpp.obj
[292/1649] Building CXX object CMakeFiles/batch30_sleep_parity.dir/C_/Dev/OpenU5-Native/native/targets/tdeck/main/ui_input_adapter.cpp.obj
[293/1649] Building CXX object CMakeFiles/batch30_sleep_parity.dir/C_/Dev/OpenU5-Native/native/targets/tdeck/main/input_controller.cpp.obj
[294/1649] Building CXX object CMakeFiles/batch30_sleep_parity.dir/C_/Dev/OpenU5-Native/native/targets/tdeck/main/keyboard_matrix.cpp.obj
[295/1649] Building CXX object CMakeFiles/batch28_save_validation.dir/C_/Dev/OpenU5-Native/native/targets/tdeck/host_tests/batch28_save_validation_test.cpp.obj
[296/1649] Building CXX object CMakeFiles/batch29_rest_wiring.dir/C_/Dev/OpenU5-Native/native/targets/tdeck/main/asset_pack.cpp.obj
[297/1649] Building CXX object CMakeFiles/batch26_dungeon_save.dir/C_/Dev/OpenU5-Native/native/targets/tdeck/main/alpha_runtime.cpp.obj
[298/1649] Building CXX object CMakeFiles/batch29_rest_wiring.dir/C_/Dev/OpenU5-Native/native/targets/tdeck/host_tests/host_stubs/device_smoke_tests_host_stub.cpp.obj
[299/1649] Building CXX object CMakeFiles/batch29_rest_wiring.dir/C_/Dev/OpenU5-Native/native/targets/tdeck/main/dungeon_art_cache.cpp.obj
[300/1649] Building CXX object CMakeFiles/batch29_rest_wiring.dir/C_/Dev/OpenU5-Native/native/targets/tdeck/main/alpha_resources.cpp.obj
[301/1649] Building CXX object CMakeFiles/batch29_rest_wiring.dir/C_/Dev/OpenU5-Native/native/targets/tdeck/host_tests/batch29_rest_wiring_test.cpp.obj
[302/1649] Building CXX object CMakeFiles/batch29_rest_wiring.dir/C_/Dev/OpenU5-Native/native/targets/tdeck/main/alpha_dialogue.cpp.obj
[303/1649] Building CXX object CMakeFiles/batch30_sleep_parity.dir/C_/Dev/OpenU5-Native/native/targets/tdeck/host_tests/host_stubs/device_smoke_tests_host_stub.cpp.obj
[304/1649] Building CXX object CMakeFiles/batch30_sleep_parity.dir/C_/Dev/OpenU5-Native/native/targets/tdeck/host_tests/alpha_runtime_host_fixture.cpp.obj
[305/1649] Building CXX object CMakeFiles/batch29_rest_wiring.dir/C_/Dev/OpenU5-Native/native/targets/tdeck/main/native_renderer.cpp.obj
[306/1649] Building CXX object CMakeFiles/batch30_sleep_parity.dir/C_/Dev/OpenU5-Native/native/targets/tdeck/host_tests/host_stubs/tdeck_board_host_stub.cpp.obj
[307/1649] Building CXX object CMakeFiles/batch31_h165_dungeon_entry.dir/C_/Dev/OpenU5-Native/native/targets/tdeck/host_tests/host_stubs/tdeck_input_host_stub.cpp.obj
[308/1649] Building CXX object CMakeFiles/batch31_h165_dungeon_entry.dir/C_/Dev/OpenU5-Native/native/targets/tdeck/main/ui_input_adapter.cpp.obj
[309/1649] Building CXX object CMakeFiles/batch31_h165_dungeon_entry.dir/C_/Dev/OpenU5-Native/native/targets/tdeck/main/input_controller.cpp.obj
[310/1649] Building CXX object CMakeFiles/batch30_sleep_parity.dir/C_/Dev/OpenU5-Native/native/targets/tdeck/main/alpha_save_generation.cpp.obj
[311/1649] Building CXX object CMakeFiles/batch30_sleep_parity.dir/C_/Dev/OpenU5-Native/native/targets/tdeck/host_tests/batch30_sleep_parity_test.cpp.obj
[312/1649] Building CXX object CMakeFiles/batch30_sleep_parity.dir/C_/Dev/OpenU5-Native/native/targets/tdeck/host_tests/host_stubs/alpha_save_memory_host_stub.cpp.obj
[313/1649] Building CXX object CMakeFiles/batch31_h165_dungeon_entry.dir/C_/Dev/OpenU5-Native/native/targets/tdeck/main/keyboard_matrix.cpp.obj
[314/1649] Building CXX object CMakeFiles/batch27_alt_load.dir/C_/Dev/OpenU5-Native/native/targets/tdeck/main/alpha_runtime.cpp.obj
[315/1649] Building CXX object CMakeFiles/batch30_sleep_parity.dir/C_/Dev/OpenU5-Native/native/targets/tdeck/main/asset_pack.cpp.obj
[316/1649] Building CXX object CMakeFiles/batch30_sleep_parity.dir/C_/Dev/OpenU5-Native/native/targets/tdeck/main/dungeon_art_cache.cpp.obj
[317/1649] Building CXX object CMakeFiles/batch30_sleep_parity.dir/C_/Dev/OpenU5-Native/native/targets/tdeck/main/alpha_dialogue.cpp.obj
[318/1649] Building CXX object CMakeFiles/batch31_h165_dungeon_entry.dir/C_/Dev/OpenU5-Native/native/targets/tdeck/host_tests/host_stubs/device_smoke_tests_host_stub.cpp.obj
[319/1649] Building CXX object CMakeFiles/batch30_sleep_parity.dir/C_/Dev/OpenU5-Native/native/targets/tdeck/main/alpha_resources.cpp.obj
[320/1649] Building CXX object CMakeFiles/batch31_h165_dungeon_entry.dir/C_/Dev/OpenU5-Native/native/targets/tdeck/host_tests/host_stubs/tdeck_board_host_stub.cpp.obj
[321/1649] Building CXX object CMakeFiles/batch30_sleep_parity.dir/C_/Dev/OpenU5-Native/native/targets/tdeck/main/native_renderer.cpp.obj
[322/1649] Building CXX object CMakeFiles/batch31_h165_dungeon_entry.dir/C_/Dev/OpenU5-Native/native/targets/tdeck/host_tests/batch31_h165_dungeon_entry_test.cpp.obj
[323/1649] Building CXX object CMakeFiles/batch31_h165_dungeon_entry.dir/C_/Dev/OpenU5-Native/native/targets/tdeck/host_tests/alpha_runtime_host_fixture.cpp.obj
[324/1649] Building CXX object CMakeFiles/batch31_h165_dungeon_entry.dir/C_/Dev/OpenU5-Native/native/targets/tdeck/main/alpha_save_generation.cpp.obj
[325/1649] Building CXX object CMakeFiles/batch32_camp_watch.dir/C_/Dev/OpenU5-Native/native/targets/tdeck/host_tests/host_stubs/tdeck_input_host_stub.cpp.obj
[326/1649] Building CXX object CMakeFiles/batch31_h165_dungeon_entry.dir/C_/Dev/OpenU5-Native/native/targets/tdeck/host_tests/host_stubs/alpha_save_memory_host_stub.cpp.obj
[327/1649] Building CXX object CMakeFiles/batch32_camp_watch.dir/C_/Dev/OpenU5-Native/native/targets/tdeck/main/ui_input_adapter.cpp.obj
[328/1649] Building CXX object CMakeFiles/batch32_camp_watch.dir/C_/Dev/OpenU5-Native/native/targets/tdeck/main/input_controller.cpp.obj
[329/1649] Building CXX object CMakeFiles/batch32_camp_watch.dir/C_/Dev/OpenU5-Native/native/targets/tdeck/main/keyboard_matrix.cpp.obj
[330/1649] Building CXX object CMakeFiles/batch31_h165_dungeon_entry.dir/C_/Dev/OpenU5-Native/native/targets/tdeck/main/asset_pack.cpp.obj
[331/1649] Building CXX object CMakeFiles/batch28_save_validation.dir/C_/Dev/OpenU5-Native/native/targets/tdeck/main/alpha_runtime.cpp.obj
[332/1649] Building CXX object CMakeFiles/batch32_camp_watch.dir/C_/Dev/OpenU5-Native/native/targets/tdeck/main/asset_pack.cpp.obj
[333/1649] Building CXX object CMakeFiles/batch32_camp_watch.dir/C_/Dev/OpenU5-Native/native/targets/tdeck/host_tests/host_stubs/device_smoke_tests_host_stub.cpp.obj
[334/1649] Building CXX object CMakeFiles/batch31_h165_dungeon_entry.dir/C_/Dev/OpenU5-Native/native/targets/tdeck/main/dungeon_art_cache.cpp.obj
[335/1649] Building CXX object CMakeFiles/batch31_h165_dungeon_entry.dir/C_/Dev/OpenU5-Native/native/targets/tdeck/main/alpha_resources.cpp.obj
[336/1649] Building CXX object CMakeFiles/batch31_h165_dungeon_entry.dir/C_/Dev/OpenU5-Native/native/targets/tdeck/main/alpha_dialogue.cpp.obj
[337/1649] Building CXX object CMakeFiles/batch32_camp_watch.dir/C_/Dev/OpenU5-Native/native/targets/tdeck/host_tests/alpha_runtime_host_fixture.cpp.obj
[338/1649] Building CXX object CMakeFiles/batch32_camp_watch.dir/C_/Dev/OpenU5-Native/native/targets/tdeck/host_tests/host_stubs/tdeck_board_host_stub.cpp.obj
[339/1649] Building CXX object CMakeFiles/batch31_h165_dungeon_entry.dir/C_/Dev/OpenU5-Native/native/targets/tdeck/main/native_renderer.cpp.obj
[340/1649] Building CXX object CMakeFiles/batch33_cannon_npc_death.dir/C_/Dev/OpenU5-Native/native/targets/tdeck/host_tests/host_stubs/tdeck_input_host_stub.cpp.obj
[341/1649] Building CXX object CMakeFiles/batch32_camp_watch.dir/C_/Dev/OpenU5-Native/native/targets/tdeck/host_tests/batch32_camp_watch_test.cpp.obj
[342/1649] Building CXX object CMakeFiles/batch32_camp_watch.dir/C_/Dev/OpenU5-Native/native/targets/tdeck/main/alpha_save_generation.cpp.obj
[343/1649] Building CXX object CMakeFiles/batch33_cannon_npc_death.dir/C_/Dev/OpenU5-Native/native/targets/tdeck/main/ui_input_adapter.cpp.obj
[344/1649] Building CXX object CMakeFiles/batch33_cannon_npc_death.dir/C_/Dev/OpenU5-Native/native/targets/tdeck/main/input_controller.cpp.obj
[345/1649] Building CXX object CMakeFiles/batch33_cannon_npc_death.dir/C_/Dev/OpenU5-Native/native/targets/tdeck/main/keyboard_matrix.cpp.obj
[346/1649] Building CXX object CMakeFiles/batch32_camp_watch.dir/C_/Dev/OpenU5-Native/native/targets/tdeck/host_tests/host_stubs/alpha_save_memory_host_stub.cpp.obj
[347/1649] Building CXX object CMakeFiles/batch29_rest_wiring.dir/C_/Dev/OpenU5-Native/native/targets/tdeck/main/alpha_runtime.cpp.obj
[348/1649] Building CXX object CMakeFiles/batch32_camp_watch.dir/C_/Dev/OpenU5-Native/native/targets/tdeck/main/alpha_resources.cpp.obj
[349/1649] Building CXX object CMakeFiles/batch32_camp_watch.dir/C_/Dev/OpenU5-Native/native/targets/tdeck/main/dungeon_art_cache.cpp.obj
[350/1649] Building CXX object CMakeFiles/batch33_cannon_npc_death.dir/C_/Dev/OpenU5-Native/native/targets/tdeck/host_tests/host_stubs/device_smoke_tests_host_stub.cpp.obj
[351/1649] Building CXX object CMakeFiles/batch32_camp_watch.dir/C_/Dev/OpenU5-Native/native/targets/tdeck/main/alpha_dialogue.cpp.obj
[352/1649] Building CXX object CMakeFiles/batch33_cannon_npc_death.dir/C_/Dev/OpenU5-Native/native/targets/tdeck/host_tests/host_stubs/tdeck_board_host_stub.cpp.obj
[353/1649] Building CXX object CMakeFiles/batch32_camp_watch.dir/C_/Dev/OpenU5-Native/native/targets/tdeck/main/native_renderer.cpp.obj
[354/1649] Building CXX object CMakeFiles/batch33_cannon_npc_death.dir/C_/Dev/OpenU5-Native/native/targets/tdeck/host_tests/alpha_runtime_host_fixture.cpp.obj
[355/1649] Building CXX object CMakeFiles/batch34_pre_sleep_npc.dir/C_/Dev/OpenU5-Native/native/targets/tdeck/host_tests/host_stubs/tdeck_input_host_stub.cpp.obj
[356/1649] Building CXX object CMakeFiles/batch33_cannon_npc_death.dir/C_/Dev/OpenU5-Native/native/targets/tdeck/host_tests/host_stubs/alpha_save_memory_host_stub.cpp.obj
[357/1649] Building CXX object CMakeFiles/batch33_cannon_npc_death.dir/C_/Dev/OpenU5-Native/native/targets/tdeck/main/alpha_save_generation.cpp.obj
[358/1649] Building CXX object CMakeFiles/batch33_cannon_npc_death.dir/C_/Dev/OpenU5-Native/native/targets/tdeck/host_tests/batch33_cannon_npc_death_test.cpp.obj
[359/1649] Building CXX object CMakeFiles/batch34_pre_sleep_npc.dir/C_/Dev/OpenU5-Native/native/targets/tdeck/main/ui_input_adapter.cpp.obj
[360/1649] Building CXX object CMakeFiles/batch34_pre_sleep_npc.dir/C_/Dev/OpenU5-Native/native/targets/tdeck/main/input_controller.cpp.obj
[361/1649] Building CXX object CMakeFiles/batch34_pre_sleep_npc.dir/C_/Dev/OpenU5-Native/native/targets/tdeck/main/keyboard_matrix.cpp.obj
[362/1649] Building CXX object CMakeFiles/batch33_cannon_npc_death.dir/C_/Dev/OpenU5-Native/native/targets/tdeck/main/asset_pack.cpp.obj
[363/1649] Building CXX object CMakeFiles/batch33_cannon_npc_death.dir/C_/Dev/OpenU5-Native/native/targets/tdeck/main/dungeon_art_cache.cpp.obj
[364/1649] Building CXX object CMakeFiles/batch30_sleep_parity.dir/C_/Dev/OpenU5-Native/native/targets/tdeck/main/alpha_runtime.cpp.obj
[365/1649] Building CXX object CMakeFiles/batch33_cannon_npc_death.dir/C_/Dev/OpenU5-Native/native/targets/tdeck/main/alpha_resources.cpp.obj
[366/1649] Building CXX object CMakeFiles/batch33_cannon_npc_death.dir/C_/Dev/OpenU5-Native/native/targets/tdeck/main/alpha_dialogue.cpp.obj
[367/1649] Building CXX object CMakeFiles/batch34_pre_sleep_npc.dir/C_/Dev/OpenU5-Native/native/targets/tdeck/host_tests/host_stubs/device_smoke_tests_host_stub.cpp.obj
[368/1649] Building CXX object CMakeFiles/batch34_pre_sleep_npc.dir/C_/Dev/OpenU5-Native/native/targets/tdeck/host_tests/host_stubs/tdeck_board_host_stub.cpp.obj
[369/1649] Building CXX object CMakeFiles/batch34_pre_sleep_npc.dir/C_/Dev/OpenU5-Native/native/targets/tdeck/host_tests/alpha_runtime_host_fixture.cpp.obj
[370/1649] Building CXX object CMakeFiles/batch35_q_sleep_target.dir/C_/Dev/OpenU5-Native/native/targets/tdeck/host_tests/host_stubs/tdeck_board_host_stub.cpp.obj
[371/1649] Building CXX object CMakeFiles/batch34_pre_sleep_npc.dir/C_/Dev/OpenU5-Native/native/targets/tdeck/main/alpha_save_generation.cpp.obj
[372/1649] Building CXX object CMakeFiles/batch33_cannon_npc_death.dir/C_/Dev/OpenU5-Native/native/targets/tdeck/main/native_renderer.cpp.obj
[373/1649] Building CXX object CMakeFiles/batch34_pre_sleep_npc.dir/C_/Dev/OpenU5-Native/native/targets/tdeck/host_tests/batch34_pre_sleep_npc_test.cpp.obj
[374/1649] Building CXX object CMakeFiles/batch34_pre_sleep_npc.dir/C_/Dev/OpenU5-Native/native/targets/tdeck/host_tests/host_stubs/alpha_save_memory_host_stub.cpp.obj
[375/1649] Building CXX object CMakeFiles/batch35_q_sleep_target.dir/C_/Dev/OpenU5-Native/native/targets/tdeck/host_tests/host_stubs/tdeck_input_host_stub.cpp.obj
[376/1649] Building CXX object CMakeFiles/batch35_q_sleep_target.dir/C_/Dev/OpenU5-Native/native/targets/tdeck/main/ui_input_adapter.cpp.obj
[377/1649] Building CXX object CMakeFiles/batch31_h165_dungeon_entry.dir/C_/Dev/OpenU5-Native/native/targets/tdeck/main/alpha_runtime.cpp.obj
[378/1649] Building CXX object CMakeFiles/batch35_q_sleep_target.dir/C_/Dev/OpenU5-Native/native/targets/tdeck/main/input_controller.cpp.obj
[379/1649] Building CXX object CMakeFiles/batch35_q_sleep_target.dir/C_/Dev/OpenU5-Native/native/targets/tdeck/main/keyboard_matrix.cpp.obj
[380/1649] Building CXX object CMakeFiles/batch35_q_sleep_target.dir/C_/Dev/OpenU5-Native/native/targets/tdeck/main/asset_pack.cpp.obj
[381/1649] Building CXX object CMakeFiles/batch34_pre_sleep_npc.dir/C_/Dev/OpenU5-Native/native/targets/tdeck/main/asset_pack.cpp.obj
[382/1649] Building CXX object CMakeFiles/batch34_pre_sleep_npc.dir/C_/Dev/OpenU5-Native/native/targets/tdeck/main/alpha_resources.cpp.obj
[383/1649] Building CXX object CMakeFiles/batch34_pre_sleep_npc.dir/C_/Dev/OpenU5-Native/native/targets/tdeck/main/dungeon_art_cache.cpp.obj
[384/1649] Building CXX object CMakeFiles/batch34_pre_sleep_npc.dir/C_/Dev/OpenU5-Native/native/targets/tdeck/main/alpha_dialogue.cpp.obj
[385/1649] Building CXX object CMakeFiles/batch34_pre_sleep_npc.dir/C_/Dev/OpenU5-Native/native/targets/tdeck/main/native_renderer.cpp.obj
[386/1649] Building CXX object CMakeFiles/batch35_q_sleep_target.dir/C_/Dev/OpenU5-Native/native/targets/tdeck/host_tests/alpha_runtime_host_fixture.cpp.obj
[387/1649] Building CXX object CMakeFiles/batch36_camp_housekeeping.dir/C_/Dev/OpenU5-Native/native/targets/tdeck/host_tests/host_stubs/tdeck_board_host_stub.cpp.obj
[388/1649] Building CXX object CMakeFiles/batch35_q_sleep_target.dir/C_/Dev/OpenU5-Native/native/targets/tdeck/host_tests/batch35_q_sleep_target_test.cpp.obj
[389/1649] Building CXX object CMakeFiles/batch35_q_sleep_target.dir/C_/Dev/OpenU5-Native/native/targets/tdeck/host_tests/host_stubs/alpha_save_memory_host_stub.cpp.obj
[390/1649] Building CXX object CMakeFiles/batch35_q_sleep_target.dir/C_/Dev/OpenU5-Native/native/targets/tdeck/main/alpha_save_generation.cpp.obj
[391/1649] Building CXX object CMakeFiles/batch36_camp_housekeeping.dir/C_/Dev/OpenU5-Native/native/targets/tdeck/host_tests/host_stubs/tdeck_input_host_stub.cpp.obj
[392/1649] Building CXX object CMakeFiles/batch36_camp_housekeeping.dir/C_/Dev/OpenU5-Native/native/targets/tdeck/main/ui_input_adapter.cpp.obj
[393/1649] Building CXX object CMakeFiles/batch36_camp_housekeeping.dir/C_/Dev/OpenU5-Native/native/targets/tdeck/main/input_controller.cpp.obj
[394/1649] Building CXX object CMakeFiles/batch32_camp_watch.dir/C_/Dev/OpenU5-Native/native/targets/tdeck/main/alpha_runtime.cpp.obj
[395/1649] Building CXX object CMakeFiles/batch36_camp_housekeeping.dir/C_/Dev/OpenU5-Native/native/targets/tdeck/main/keyboard_matrix.cpp.obj
[396/1649] Building CXX object CMakeFiles/batch36_camp_housekeeping.dir/C_/Dev/OpenU5-Native/native/targets/tdeck/main/asset_pack.cpp.obj
[397/1649] Building CXX object CMakeFiles/batch36_camp_housekeeping.dir/C_/Dev/OpenU5-Native/native/targets/tdeck/main/dungeon_art_cache.cpp.obj
[398/1649] Building CXX object CMakeFiles/batch35_q_sleep_target.dir/C_/Dev/OpenU5-Native/native/targets/tdeck/main/alpha_resources.cpp.obj
[399/1649] Building CXX object CMakeFiles/batch36_camp_housekeeping.dir/C_/Dev/OpenU5-Native/native/targets/tdeck/main/alpha_dialogue.cpp.obj
[400/1649] Building CXX object CMakeFiles/batch35_q_sleep_target.dir/C_/Dev/OpenU5-Native/native/targets/tdeck/main/dungeon_art_cache.cpp.obj
[401/1649] Building CXX object CMakeFiles/batch36_camp_housekeeping.dir/C_/Dev/OpenU5-Native/native/targets/tdeck/host_tests/host_stubs/device_smoke_tests_host_stub.cpp.obj
[402/1649] Building CXX object CMakeFiles/batch35_q_sleep_target.dir/C_/Dev/OpenU5-Native/native/targets/tdeck/main/alpha_dialogue.cpp.obj
[403/1649] Building CXX object CMakeFiles/batch35_q_sleep_target.dir/C_/Dev/OpenU5-Native/native/targets/tdeck/main/native_renderer.cpp.obj
[404/1649] Building CXX object CMakeFiles/batch35_q_sleep_target.dir/C_/Dev/OpenU5-Native/native/targets/tdeck/host_tests/host_stubs/device_smoke_tests_host_stub.cpp.obj
[405/1649] Building CXX object CMakeFiles/batch36_camp_housekeeping.dir/C_/Dev/OpenU5-Native/native/targets/tdeck/host_tests/alpha_runtime_host_fixture.cpp.obj
[406/1649] Building CXX object CMakeFiles/batch36_camp_housekeeping.dir/C_/Dev/OpenU5-Native/native/targets/tdeck/host_tests/host_stubs/alpha_save_memory_host_stub.cpp.obj
[407/1649] Building CXX object CMakeFiles/batch36_camp_housekeeping.dir/C_/Dev/OpenU5-Native/native/targets/tdeck/main/alpha_save_generation.cpp.obj
[408/1649] Building CXX object CMakeFiles/batch37_bed_viewport.dir/C_/Dev/OpenU5-Native/native/targets/tdeck/main/alpha_save_generation.cpp.obj
[409/1649] Building CXX object CMakeFiles/batch37_bed_viewport.dir/C_/Dev/OpenU5-Native/native/targets/tdeck/host_tests/host_stubs/tdeck_input_host_stub.cpp.obj
[410/1649] Building CXX object CMakeFiles/batch37_bed_viewport.dir/C_/Dev/OpenU5-Native/native/targets/tdeck/main/ui_input_adapter.cpp.obj
[411/1649] Building CXX object CMakeFiles/batch36_camp_housekeeping.dir/C_/Dev/OpenU5-Native/native/targets/tdeck/host_tests/batch36_camp_housekeeping_test.cpp.obj
[412/1649] Building CXX object CMakeFiles/batch33_cannon_npc_death.dir/C_/Dev/OpenU5-Native/native/targets/tdeck/main/alpha_runtime.cpp.obj
[413/1649] Building CXX object CMakeFiles/batch37_bed_viewport.dir/C_/Dev/OpenU5-Native/native/targets/tdeck/main/input_controller.cpp.obj
[414/1649] Building CXX object CMakeFiles/batch37_bed_viewport.dir/C_/Dev/OpenU5-Native/native/targets/tdeck/main/keyboard_matrix.cpp.obj
[415/1649] Building CXX object CMakeFiles/batch37_bed_viewport.dir/C_/Dev/OpenU5-Native/native/targets/tdeck/main/asset_pack.cpp.obj
[416/1649] Building CXX object CMakeFiles/batch36_camp_housekeeping.dir/C_/Dev/OpenU5-Native/native/targets/tdeck/main/alpha_resources.cpp.obj
[417/1649] Building CXX object CMakeFiles/batch37_bed_viewport.dir/C_/Dev/OpenU5-Native/native/targets/tdeck/main/alpha_dialogue.cpp.obj
[418/1649] Building CXX object CMakeFiles/batch37_bed_viewport.dir/C_/Dev/OpenU5-Native/native/targets/tdeck/host_tests/host_stubs/device_smoke_tests_host_stub.cpp.obj
[419/1649] Building CXX object CMakeFiles/batch36_camp_housekeeping.dir/C_/Dev/OpenU5-Native/native/targets/tdeck/main/native_renderer.cpp.obj
[420/1649] Building CXX object CMakeFiles/batch39_party_panel.dir/C_/Dev/OpenU5-Native/native/targets/tdeck/host_tests/host_stubs/tdeck_input_host_stub.cpp.obj
[421/1649] Building CXX object CMakeFiles/batch37_bed_viewport.dir/C_/Dev/OpenU5-Native/native/targets/tdeck/host_tests/alpha_runtime_host_fixture.cpp.obj
[422/1649] Building CXX object CMakeFiles/batch37_bed_viewport.dir/C_/Dev/OpenU5-Native/native/targets/tdeck/host_tests/host_stubs/alpha_save_memory_host_stub.cpp.obj
[423/1649] Building CXX object CMakeFiles/batch37_bed_viewport.dir/C_/Dev/OpenU5-Native/native/targets/tdeck/host_tests/batch37_bed_viewport_test.cpp.obj
[424/1649] Building CXX object CMakeFiles/batch39_party_panel.dir/C_/Dev/OpenU5-Native/native/targets/tdeck/main/ui_input_adapter.cpp.obj
[425/1649] Building CXX object CMakeFiles/batch37_bed_viewport.dir/C_/Dev/OpenU5-Native/native/targets/tdeck/host_tests/host_stubs/batch37_board_capture_stub.cpp.obj
[426/1649] Building CXX object CMakeFiles/batch39_party_panel.dir/C_/Dev/OpenU5-Native/native/targets/tdeck/main/input_controller.cpp.obj
[427/1649] Building CXX object CMakeFiles/batch34_pre_sleep_npc.dir/C_/Dev/OpenU5-Native/native/targets/tdeck/main/alpha_runtime.cpp.obj
[428/1649] Building CXX object CMakeFiles/batch39_party_panel.dir/C_/Dev/OpenU5-Native/native/targets/tdeck/main/keyboard_matrix.cpp.obj
[429/1649] Building CXX object CMakeFiles/batch39_party_panel.dir/C_/Dev/OpenU5-Native/native/targets/tdeck/main/asset_pack.cpp.obj
[430/1649] Building CXX object CMakeFiles/batch37_bed_viewport.dir/C_/Dev/OpenU5-Native/native/targets/tdeck/main/alpha_resources.cpp.obj
[431/1649] Building CXX object CMakeFiles/batch39_party_panel.dir/C_/Dev/OpenU5-Native/native/targets/tdeck/host_tests/host_stubs/device_smoke_tests_host_stub.cpp.obj
[432/1649] Building CXX object CMakeFiles/batch37_bed_viewport.dir/C_/Dev/OpenU5-Native/native/targets/tdeck/main/dungeon_art_cache.cpp.obj
[433/1649] Building CXX object CMakeFiles/batch41_raw_key.dir/C_/Dev/OpenU5-Native/native/targets/tdeck/host_tests/alpha_runtime_host_fixture.cpp.obj
[434/1649] Building CXX object CMakeFiles/batch39_party_panel.dir/C_/Dev/OpenU5-Native/native/targets/tdeck/host_tests/alpha_runtime_host_fixture.cpp.obj
[435/1649] Building CXX object CMakeFiles/batch37_bed_viewport.dir/C_/Dev/OpenU5-Native/native/targets/tdeck/main/native_renderer.cpp.obj
[436/1649] Building CXX object CMakeFiles/batch41_raw_key.dir/C_/Dev/OpenU5-Native/native/targets/tdeck/host_tests/host_stubs/tdeck_input_host_stub.cpp.obj
[437/1649] Building CXX object CMakeFiles/batch41_raw_key.dir/C_/Dev/OpenU5-Native/native/targets/tdeck/main/ui_input_adapter.cpp.obj
[438/1649] Building CXX object CMakeFiles/batch41_raw_key.dir/C_/Dev/OpenU5-Native/native/targets/tdeck/main/input_controller.cpp.obj
[439/1649] Building CXX object CMakeFiles/batch39_party_panel.dir/C_/Dev/OpenU5-Native/native/targets/tdeck/main/alpha_save_generation.cpp.obj
[440/1649] Building CXX object CMakeFiles/batch41_raw_key.dir/C_/Dev/OpenU5-Native/native/targets/tdeck/main/keyboard_matrix.cpp.obj
[441/1649] Building CXX object CMakeFiles/batch35_q_sleep_target.dir/C_/Dev/OpenU5-Native/native/targets/tdeck/main/alpha_runtime.cpp.obj
[442/1649] Building CXX object CMakeFiles/batch39_party_panel.dir/C_/Dev/OpenU5-Native/native/targets/tdeck/host_tests/host_stubs/batch37_board_capture_stub.cpp.obj
[443/1649] Building CXX object CMakeFiles/batch39_party_panel.dir/C_/Dev/OpenU5-Native/native/targets/tdeck/host_tests/host_stubs/alpha_save_memory_host_stub.cpp.obj
[444/1649] Building CXX object CMakeFiles/batch39_party_panel.dir/C_/Dev/OpenU5-Native/native/targets/tdeck/host_tests/batch39_party_panel_test.cpp.obj
[445/1649] Building CXX object CMakeFiles/batch39_party_panel.dir/C_/Dev/OpenU5-Native/native/targets/tdeck/main/alpha_resources.cpp.obj
[446/1649] Building CXX object CMakeFiles/batch39_party_panel.dir/C_/Dev/OpenU5-Native/native/targets/tdeck/main/dungeon_art_cache.cpp.obj
[447/1649] Building CXX object CMakeFiles/batch41_raw_key.dir/C_/Dev/OpenU5-Native/native/targets/tdeck/host_tests/host_stubs/device_smoke_tests_host_stub.cpp.obj
[448/1649] Building CXX object CMakeFiles/batch39_party_panel.dir/C_/Dev/OpenU5-Native/native/targets/tdeck/main/alpha_dialogue.cpp.obj
[449/1649] Building CXX object CMakeFiles/batch39_party_panel.dir/C_/Dev/OpenU5-Native/native/targets/tdeck/main/native_renderer.cpp.obj
[450/1649] Building CXX object CMakeFiles/batch42_advancement_flash.dir/C_/Dev/OpenU5-Native/native/targets/tdeck/host_tests/host_stubs/tdeck_input_host_stub.cpp.obj
[451/1649] Building CXX object CMakeFiles/batch41_raw_key.dir/C_/Dev/OpenU5-Native/native/targets/tdeck/host_tests/host_stubs/alpha_save_memory_host_stub.cpp.obj
[452/1649] Building CXX object CMakeFiles/batch41_raw_key.dir/C_/Dev/OpenU5-Native/native/targets/tdeck/main/alpha_save_generation.cpp.obj
[453/1649] Building CXX object CMakeFiles/batch41_raw_key.dir/C_/Dev/OpenU5-Native/native/targets/tdeck/host_tests/batch41_raw_key_test.cpp.obj
[454/1649] Building CXX object CMakeFiles/batch42_advancement_flash.dir/C_/Dev/OpenU5-Native/native/targets/tdeck/main/ui_input_adapter.cpp.obj
[455/1649] Building CXX object CMakeFiles/batch42_advancement_flash.dir/C_/Dev/OpenU5-Native/native/targets/tdeck/main/input_controller.cpp.obj
[456/1649] Building CXX object CMakeFiles/batch41_raw_key.dir/C_/Dev/OpenU5-Native/native/targets/tdeck/host_tests/host_stubs/batch37_board_capture_stub.cpp.obj
[457/1649] Building CXX object CMakeFiles/batch36_camp_housekeeping.dir/C_/Dev/OpenU5-Native/native/targets/tdeck/main/alpha_runtime.cpp.obj
[458/1649] Building CXX object CMakeFiles/batch42_advancement_flash.dir/C_/Dev/OpenU5-Native/native/targets/tdeck/main/keyboard_matrix.cpp.obj
[459/1649] Building CXX object CMakeFiles/batch41_raw_key.dir/C_/Dev/OpenU5-Native/native/targets/tdeck/main/asset_pack.cpp.obj
[460/1649] Building CXX object CMakeFiles/batch41_raw_key.dir/C_/Dev/OpenU5-Native/native/targets/tdeck/main/alpha_dialogue.cpp.obj
[461/1649] Building CXX object CMakeFiles/batch41_raw_key.dir/C_/Dev/OpenU5-Native/native/targets/tdeck/main/alpha_resources.cpp.obj
[462/1649] Building CXX object CMakeFiles/batch41_raw_key.dir/C_/Dev/OpenU5-Native/native/targets/tdeck/main/dungeon_art_cache.cpp.obj
[463/1649] Building CXX object CMakeFiles/batch42_advancement_flash.dir/C_/Dev/OpenU5-Native/native/targets/tdeck/host_tests/alpha_runtime_host_fixture.cpp.obj
[464/1649] Building CXX object CMakeFiles/batch43_sleep_scene.dir/C_/Dev/OpenU5-Native/native/targets/tdeck/host_tests/host_stubs/tdeck_input_host_stub.cpp.obj
[465/1649] Building CXX object CMakeFiles/batch41_raw_key.dir/C_/Dev/OpenU5-Native/native/targets/tdeck/main/native_renderer.cpp.obj
[466/1649] Building CXX object CMakeFiles/batch42_advancement_flash.dir/C_/Dev/OpenU5-Native/native/targets/tdeck/main/alpha_save_generation.cpp.obj
[467/1649] Building CXX object CMakeFiles/batch42_advancement_flash.dir/C_/Dev/OpenU5-Native/native/targets/tdeck/host_tests/host_stubs/alpha_save_memory_host_stub.cpp.obj
[468/1649] Building CXX object CMakeFiles/batch42_advancement_flash.dir/C_/Dev/OpenU5-Native/native/targets/tdeck/host_tests/batch42_advancement_flash_test.cpp.obj
[469/1649] Building CXX object CMakeFiles/batch42_advancement_flash.dir/C_/Dev/OpenU5-Native/native/targets/tdeck/host_tests/host_stubs/batch37_board_capture_stub.cpp.obj
[470/1649] Building CXX object CMakeFiles/batch42_advancement_flash.dir/C_/Dev/OpenU5-Native/native/targets/tdeck/host_tests/host_stubs/device_smoke_tests_host_stub.cpp.obj
[471/1649] Building CXX object CMakeFiles/batch37_bed_viewport.dir/C_/Dev/OpenU5-Native/native/targets/tdeck/main/alpha_runtime.cpp.obj
[472/1649] Building CXX object CMakeFiles/batch42_advancement_flash.dir/C_/Dev/OpenU5-Native/native/targets/tdeck/main/asset_pack.cpp.obj
[473/1649] Building CXX object CMakeFiles/batch42_advancement_flash.dir/C_/Dev/OpenU5-Native/native/targets/tdeck/main/dungeon_art_cache.cpp.obj
[474/1649] Building CXX object CMakeFiles/batch42_advancement_flash.dir/C_/Dev/OpenU5-Native/native/targets/tdeck/main/alpha_dialogue.cpp.obj
[475/1649] Building CXX object CMakeFiles/batch43_sleep_scene.dir/C_/Dev/OpenU5-Native/native/targets/tdeck/main/ui_input_adapter.cpp.obj
[476/1649] Building CXX object CMakeFiles/batch43_sleep_scene.dir/C_/Dev/OpenU5-Native/native/targets/tdeck/host_tests/alpha_runtime_host_fixture.cpp.obj
[477/1649] Building CXX object CMakeFiles/batch42_advancement_flash.dir/C_/Dev/OpenU5-Native/native/targets/tdeck/main/alpha_resources.cpp.obj
[478/1649] Building CXX object CMakeFiles/batch43_sleep_scene.dir/C_/Dev/OpenU5-Native/native/targets/tdeck/host_tests/batch43_sleep_scene_test.cpp.obj
[479/1649] Building CXX object CMakeFiles/batch43_sleep_scene.dir/C_/Dev/OpenU5-Native/native/targets/tdeck/main/input_controller.cpp.obj
[480/1649] Building CXX object CMakeFiles/batch42_advancement_flash.dir/C_/Dev/OpenU5-Native/native/targets/tdeck/main/native_renderer.cpp.obj
[481/1649] Building CXX object CMakeFiles/batch43_sleep_scene.dir/C_/Dev/OpenU5-Native/native/targets/tdeck/main/keyboard_matrix.cpp.obj
[482/1649] Building CXX object CMakeFiles/batch43_sleep_scene.dir/C_/Dev/OpenU5-Native/native/targets/tdeck/host_tests/host_stubs/alpha_save_memory_host_stub.cpp.obj
[483/1649] Building CXX object CMakeFiles/batch43_sleep_scene.dir/C_/Dev/OpenU5-Native/native/targets/tdeck/host_tests/host_stubs/batch37_board_capture_stub.cpp.obj
[484/1649] Building CXX object CMakeFiles/batch43_sleep_scene.dir/C_/Dev/OpenU5-Native/native/targets/tdeck/main/alpha_save_generation.cpp.obj
[485/1649] Building CXX object CMakeFiles/batch46_camp_invisibility.dir/C_/Dev/OpenU5-Native/native/targets/tdeck/main/input_controller.cpp.obj
[486/1649] Building CXX object CMakeFiles/batch46_camp_invisibility.dir/C_/Dev/OpenU5-Native/native/targets/tdeck/main/keyboard_matrix.cpp.obj
[487/1649] Building CXX object CMakeFiles/batch43_sleep_scene.dir/C_/Dev/OpenU5-Native/native/targets/tdeck/main/asset_pack.cpp.obj
[488/1649] Building CXX object CMakeFiles/batch39_party_panel.dir/C_/Dev/OpenU5-Native/native/targets/tdeck/main/alpha_runtime.cpp.obj
[489/1649] Building CXX object CMakeFiles/batch46_camp_invisibility.dir/C_/Dev/OpenU5-Native/native/targets/tdeck/host_tests/host_stubs/tdeck_input_host_stub.cpp.obj
[490/1649] Building CXX object CMakeFiles/batch43_sleep_scene.dir/C_/Dev/OpenU5-Native/native/targets/tdeck/host_tests/host_stubs/device_smoke_tests_host_stub.cpp.obj
[491/1649] Building CXX object CMakeFiles/batch43_sleep_scene.dir/C_/Dev/OpenU5-Native/native/targets/tdeck/main/alpha_resources.cpp.obj
[492/1649] Building CXX object CMakeFiles/batch43_sleep_scene.dir/C_/Dev/OpenU5-Native/native/targets/tdeck/main/dungeon_art_cache.cpp.obj
[493/1649] Building CXX object CMakeFiles/batch43_sleep_scene.dir/C_/Dev/OpenU5-Native/native/targets/tdeck/main/alpha_dialogue.cpp.obj
[494/1649] Building CXX object CMakeFiles/batch46_camp_invisibility.dir/C_/Dev/OpenU5-Native/native/targets/tdeck/main/ui_input_adapter.cpp.obj
[495/1649] Building CXX object CMakeFiles/batch43_sleep_scene.dir/C_/Dev/OpenU5-Native/native/targets/tdeck/main/native_renderer.cpp.obj
[496/1649] Building CXX object CMakeFiles/batch46_camp_invisibility.dir/C_/Dev/OpenU5-Native/native/targets/tdeck/host_tests/alpha_runtime_host_fixture.cpp.obj
[497/1649] Building CXX object CMakeFiles/batch44_camp_ring_entry.dir/C_/Dev/OpenU5-Native/native/targets/tdeck/host_tests/host_stubs/tdeck_input_host_stub.cpp.obj
[498/1649] Building CXX object CMakeFiles/batch46_camp_invisibility.dir/C_/Dev/OpenU5-Native/native/targets/tdeck/main/alpha_save_generation.cpp.obj
[499/1649] Building CXX object CMakeFiles/batch46_camp_invisibility.dir/C_/Dev/OpenU5-Native/native/targets/tdeck/host_tests/host_stubs/alpha_save_memory_host_stub.cpp.obj
[500/1649] Building CXX object CMakeFiles/batch46_camp_invisibility.dir/C_/Dev/OpenU5-Native/native/targets/tdeck/host_tests/batch46_camp_invisibility_test.cpp.obj
[501/1649] Building CXX object CMakeFiles/batch44_camp_ring_entry.dir/C_/Dev/OpenU5-Native/native/targets/tdeck/main/ui_input_adapter.cpp.obj
[502/1649] Building CXX object CMakeFiles/batch46_camp_invisibility.dir/C_/Dev/OpenU5-Native/native/targets/tdeck/host_tests/host_stubs/batch37_board_capture_stub.cpp.obj
[503/1649] Building CXX object CMakeFiles/batch44_camp_ring_entry.dir/C_/Dev/OpenU5-Native/native/targets/tdeck/main/input_controller.cpp.obj
[504/1649] Building CXX object CMakeFiles/batch44_camp_ring_entry.dir/C_/Dev/OpenU5-Native/native/targets/tdeck/main/keyboard_matrix.cpp.obj
[505/1649] Building CXX object CMakeFiles/batch46_camp_invisibility.dir/C_/Dev/OpenU5-Native/native/targets/tdeck/main/asset_pack.cpp.obj
[506/1649] Building CXX object CMakeFiles/batch41_raw_key.dir/C_/Dev/OpenU5-Native/native/targets/tdeck/main/alpha_runtime.cpp.obj
[507/1649] Building CXX object CMakeFiles/batch46_camp_invisibility.dir/C_/Dev/OpenU5-Native/native/targets/tdeck/host_tests/host_stubs/device_smoke_tests_host_stub.cpp.obj
[508/1649] Building CXX object CMakeFiles/batch46_camp_invisibility.dir/C_/Dev/OpenU5-Native/native/targets/tdeck/main/alpha_resources.cpp.obj
[509/1649] Building CXX object CMakeFiles/batch46_camp_invisibility.dir/C_/Dev/OpenU5-Native/native/targets/tdeck/main/dungeon_art_cache.cpp.obj
[510/1649] Building CXX object CMakeFiles/batch44_camp_ring_entry.dir/C_/Dev/OpenU5-Native/native/targets/tdeck/host_tests/host_stubs/device_smoke_tests_host_stub.cpp.obj
[511/1649] Building CXX object CMakeFiles/batch44_camp_ring_entry.dir/C_/Dev/OpenU5-Native/native/targets/tdeck/host_tests/host_stubs/tdeck_board_host_stub.cpp.obj
[512/1649] Building CXX object CMakeFiles/batch44_camp_ring_entry.dir/C_/Dev/OpenU5-Native/native/targets/tdeck/host_tests/alpha_runtime_host_fixture.cpp.obj
[513/1649] Building CXX object CMakeFiles/batch46_camp_invisibility.dir/C_/Dev/OpenU5-Native/native/targets/tdeck/main/alpha_dialogue.cpp.obj
[514/1649] Building CXX object CMakeFiles/batch44_camp_ring_entry.dir/C_/Dev/OpenU5-Native/native/targets/tdeck/host_tests/host_stubs/alpha_save_memory_host_stub.cpp.obj
[515/1649] Building CXX object CMakeFiles/batch46_camp_invisibility.dir/C_/Dev/OpenU5-Native/native/targets/tdeck/main/native_renderer.cpp.obj
[516/1649] Building CXX object CMakeFiles/batch38_camp_duration.dir/C_/Dev/OpenU5-Native/native/targets/tdeck/host_tests/host_stubs/tdeck_input_host_stub.cpp.obj
[517/1649] Building CXX object CMakeFiles/batch44_camp_ring_entry.dir/C_/Dev/OpenU5-Native/native/targets/tdeck/host_tests/batch44_camp_ring_entry_test.cpp.obj
[518/1649] Building CXX object CMakeFiles/batch44_camp_ring_entry.dir/C_/Dev/OpenU5-Native/native/targets/tdeck/main/alpha_save_generation.cpp.obj
[519/1649] Building CXX object CMakeFiles/batch38_camp_duration.dir/C_/Dev/OpenU5-Native/native/targets/tdeck/main/ui_input_adapter.cpp.obj
[520/1649] Building CXX object CMakeFiles/batch38_camp_duration.dir/C_/Dev/OpenU5-Native/native/targets/tdeck/main/input_controller.cpp.obj
[521/1649] Building CXX object CMakeFiles/batch38_camp_duration.dir/C_/Dev/OpenU5-Native/native/targets/tdeck/main/keyboard_matrix.cpp.obj
[522/1649] Building CXX object CMakeFiles/batch44_camp_ring_entry.dir/C_/Dev/OpenU5-Native/native/targets/tdeck/main/asset_pack.cpp.obj
[523/1649] Building CXX object CMakeFiles/batch42_advancement_flash.dir/C_/Dev/OpenU5-Native/native/targets/tdeck/main/alpha_runtime.cpp.obj
[524/1649] Building CXX object CMakeFiles/batch38_camp_duration.dir/C_/Dev/OpenU5-Native/native/targets/tdeck/main/asset_pack.cpp.obj
[525/1649] Building CXX object CMakeFiles/batch44_camp_ring_entry.dir/C_/Dev/OpenU5-Native/native/targets/tdeck/main/alpha_resources.cpp.obj
[526/1649] Building CXX object CMakeFiles/batch44_camp_ring_entry.dir/C_/Dev/OpenU5-Native/native/targets/tdeck/main/dungeon_art_cache.cpp.obj
[527/1649] Building CXX object CMakeFiles/batch44_camp_ring_entry.dir/C_/Dev/OpenU5-Native/native/targets/tdeck/main/alpha_dialogue.cpp.obj
[528/1649] Building CXX object CMakeFiles/batch38_camp_duration.dir/C_/Dev/OpenU5-Native/native/targets/tdeck/host_tests/host_stubs/device_smoke_tests_host_stub.cpp.obj
[529/1649] Building CXX object CMakeFiles/batch41_staged_advancement.dir/tests/batch41_staged_advancement_test.cpp.obj
[530/1649] Building CXX object CMakeFiles/batch38_camp_duration.dir/C_/Dev/OpenU5-Native/native/targets/tdeck/host_tests/alpha_runtime_host_fixture.cpp.obj
[531/1649] Building CXX object CMakeFiles/batch38_camp_duration.dir/C_/Dev/OpenU5-Native/native/targets/tdeck/host_tests/host_stubs/tdeck_board_host_stub.cpp.obj
[532/1649] Building CXX object CMakeFiles/batch44_camp_ring_entry.dir/C_/Dev/OpenU5-Native/native/targets/tdeck/main/native_renderer.cpp.obj
[533/1649] Building CXX object CMakeFiles/batch38_camp_duration.dir/C_/Dev/OpenU5-Native/native/targets/tdeck/main/alpha_save_generation.cpp.obj
[534/1649] Building CXX object CMakeFiles/batch38_camp_duration.dir/C_/Dev/OpenU5-Native/native/targets/tdeck/host_tests/host_stubs/alpha_save_memory_host_stub.cpp.obj
[535/1649] Building CXX object CMakeFiles/batch38_camp_duration.dir/C_/Dev/OpenU5-Native/native/targets/tdeck/host_tests/batch38_camp_duration_test.cpp.obj
[536/1649] Building CXX object CMakeFiles/batch51_camp_pacing.dir/C_/Dev/OpenU5-Native/native/targets/tdeck/host_tests/host_stubs/tdeck_input_host_stub.cpp.obj
[537/1649] Building CXX object CMakeFiles/batch51_camp_pacing.dir/C_/Dev/OpenU5-Native/native/targets/tdeck/main/ui_input_adapter.cpp.obj
[538/1649] Building CXX object CMakeFiles/batch51_camp_pacing.dir/C_/Dev/OpenU5-Native/native/targets/tdeck/main/input_controller.cpp.obj
[539/1649] Building CXX object CMakeFiles/batch51_camp_pacing.dir/C_/Dev/OpenU5-Native/native/targets/tdeck/main/keyboard_matrix.cpp.obj
[540/1649] Building CXX object CMakeFiles/batch38_camp_duration.dir/C_/Dev/OpenU5-Native/native/targets/tdeck/main/alpha_resources.cpp.obj
[541/1649] Building CXX object CMakeFiles/batch38_camp_duration.dir/C_/Dev/OpenU5-Native/native/targets/tdeck/main/dungeon_art_cache.cpp.obj
[542/1649] Building CXX object CMakeFiles/batch43_sleep_scene.dir/C_/Dev/OpenU5-Native/native/targets/tdeck/main/alpha_runtime.cpp.obj
[543/1649] Building CXX object CMakeFiles/batch38_camp_duration.dir/C_/Dev/OpenU5-Native/native/targets/tdeck/main/alpha_dialogue.cpp.obj
[544/1649] Building CXX object CMakeFiles/batch38_camp_duration.dir/C_/Dev/OpenU5-Native/native/targets/tdeck/main/native_renderer.cpp.obj
[545/1649] Building CXX object CMakeFiles/batch40_advancement.dir/tests/batch40_advancement_test.cpp.obj
[546/1649] Building CXX object CMakeFiles/batch51_camp_pacing.dir/C_/Dev/OpenU5-Native/native/targets/tdeck/host_tests/alpha_runtime_host_fixture.cpp.obj
[547/1649] Building CXX object CMakeFiles/batch53_release_blockers.dir/C_/Dev/OpenU5-Native/native/targets/tdeck/host_tests/host_stubs/tdeck_input_host_stub.cpp.obj
[548/1649] Building CXX object CMakeFiles/batch51_camp_pacing.dir/C_/Dev/OpenU5-Native/native/targets/tdeck/main/alpha_save_generation.cpp.obj
[549/1649] Building CXX object CMakeFiles/batch51_camp_pacing.dir/C_/Dev/OpenU5-Native/native/targets/tdeck/host_tests/host_stubs/alpha_save_memory_host_stub.cpp.obj
[550/1649] Building CXX object CMakeFiles/batch51_scene_pacing.dir/tests/batch51_scene_pacing_test.cpp.obj
[551/1649] Building CXX object CMakeFiles/batch53_release_blockers.dir/C_/Dev/OpenU5-Native/native/targets/tdeck/main/ui_input_adapter.cpp.obj
[552/1649] Building CXX object CMakeFiles/batch51_camp_pacing.dir/C_/Dev/OpenU5-Native/native/targets/tdeck/host_tests/host_stubs/batch37_board_capture_stub.cpp.obj
[553/1649] Building CXX object CMakeFiles/batch51_camp_pacing.dir/C_/Dev/OpenU5-Native/native/targets/tdeck/main/asset_pack.cpp.obj
[554/1649] Building CXX object CMakeFiles/batch46_camp_invisibility.dir/C_/Dev/OpenU5-Native/native/targets/tdeck/main/alpha_runtime.cpp.obj
[555/1649] Building CXX object CMakeFiles/batch51_camp_pacing.dir/C_/Dev/OpenU5-Native/native/targets/tdeck/host_tests/batch51_camp_pacing_test.cpp.obj
[556/1649] Building CXX object CMakeFiles/batch51_camp_pacing.dir/C_/Dev/OpenU5-Native/native/targets/tdeck/host_tests/host_stubs/device_smoke_tests_host_stub.cpp.obj
[557/1649] Building CXX object CMakeFiles/batch51_camp_pacing.dir/C_/Dev/OpenU5-Native/native/targets/tdeck/main/alpha_resources.cpp.obj
[558/1649] Building CXX object CMakeFiles/batch53_release_blockers.dir/C_/Dev/OpenU5-Native/native/targets/tdeck/host_tests/host_stubs/tdeck_board_host_stub.cpp.obj
[559/1649] Building CXX object CMakeFiles/batch53_release_blockers.dir/C_/Dev/OpenU5-Native/native/targets/tdeck/main/input_controller.cpp.obj
[560/1649] Building CXX object CMakeFiles/batch53_release_blockers.dir/C_/Dev/OpenU5-Native/native/targets/tdeck/main/keyboard_matrix.cpp.obj
[561/1649] Building CXX object CMakeFiles/batch51_camp_pacing.dir/C_/Dev/OpenU5-Native/native/targets/tdeck/main/alpha_dialogue.cpp.obj
[562/1649] Building CXX object CMakeFiles/batch51_camp_pacing.dir/C_/Dev/OpenU5-Native/native/targets/tdeck/main/dungeon_art_cache.cpp.obj
[563/1649] Building CXX object CMakeFiles/batch53_release_blockers.dir/C_/Dev/OpenU5-Native/native/targets/tdeck/host_tests/alpha_runtime_host_fixture.cpp.obj
[564/1649] Building CXX object CMakeFiles/batch53_release_blockers.dir/C_/Dev/OpenU5-Native/native/targets/tdeck/main/alpha_save_generation.cpp.obj
[565/1649] Building CXX object CMakeFiles/batch51_camp_pacing.dir/C_/Dev/OpenU5-Native/native/targets/tdeck/main/native_renderer.cpp.obj
[566/1649] Building CXX object CMakeFiles/batch53_release_blockers.dir/C_/Dev/OpenU5-Native/native/targets/tdeck/host_tests/host_stubs/alpha_save_memory_host_stub.cpp.obj
[567/1649] Building CXX object CMakeFiles/batch44_camp_ring_entry.dir/C_/Dev/OpenU5-Native/native/targets/tdeck/main/alpha_runtime.cpp.obj
[568/1649] Building CXX object CMakeFiles/batch53_release_blockers.dir/C_/Dev/OpenU5-Native/native/targets/tdeck/main/asset_pack.cpp.obj
[569/1649] Building CXX object CMakeFiles/batch53_release_blockers.dir/C_/Dev/OpenU5-Native/native/targets/tdeck/host_tests/host_stubs/device_smoke_tests_host_stub.cpp.obj
[570/1649] Building CXX object CMakeFiles/batch53_release_blockers.dir/C_/Dev/OpenU5-Native/native/targets/tdeck/main/alpha_resources.cpp.obj
[571/1649] Building CXX object CMakeFiles/batch53_release_blockers.dir/C_/Dev/OpenU5-Native/native/targets/tdeck/main/dungeon_art_cache.cpp.obj
[572/1649] Building CXX object CMakeFiles/batch53_release_blockers.dir/C_/Dev/OpenU5-Native/native/targets/tdeck/main/alpha_dialogue.cpp.obj
[573/1649] Building CXX object CMakeFiles/batch53a_ending_terminal.dir/C_/Dev/OpenU5-Native/native/targets/tdeck/host_tests/host_stubs/tdeck_input_host_stub.cpp.obj
[574/1649] Building CXX object CMakeFiles/batch53a_ending_terminal.dir/C_/Dev/OpenU5-Native/native/targets/tdeck/host_tests/host_stubs/tdeck_board_host_stub.cpp.obj
[575/1649] Building CXX object CMakeFiles/batch53a_ending_terminal.dir/C_/Dev/OpenU5-Native/native/targets/tdeck/main/ui_input_adapter.cpp.obj
[576/1649] Building CXX object CMakeFiles/batch53a_ending_terminal.dir/C_/Dev/OpenU5-Native/native/targets/tdeck/main/keyboard_matrix.cpp.obj
[577/1649] Building CXX object CMakeFiles/batch53a_ending_terminal.dir/C_/Dev/OpenU5-Native/native/targets/tdeck/host_tests/alpha_runtime_host_fixture.cpp.obj
[578/1649] Building CXX object CMakeFiles/batch53_release_blockers.dir/C_/Dev/OpenU5-Native/native/targets/tdeck/main/native_renderer.cpp.obj
[579/1649] Building CXX object CMakeFiles/batch53a_ending_terminal.dir/C_/Dev/OpenU5-Native/native/targets/tdeck/main/input_controller.cpp.obj
[580/1649] Building CXX object CMakeFiles/batch53a_ending_terminal.dir/C_/Dev/OpenU5-Native/native/targets/tdeck/main/alpha_save_generation.cpp.obj
[581/1649] Building CXX object CMakeFiles/batch53a_ending_terminal.dir/C_/Dev/OpenU5-Native/native/targets/tdeck/host_tests/host_stubs/alpha_save_memory_host_stub.cpp.obj
[582/1649] Building CXX object CMakeFiles/batch53b_moongate_return.dir/C_/Dev/OpenU5-Native/native/targets/tdeck/host_tests/host_stubs/tdeck_input_host_stub.cpp.obj
[583/1649] Building CXX object CMakeFiles/batch38_camp_duration.dir/C_/Dev/OpenU5-Native/native/targets/tdeck/main/alpha_runtime.cpp.obj
[584/1649] Building CXX object CMakeFiles/batch53a_ending_terminal.dir/C_/Dev/OpenU5-Native/native/targets/tdeck/main/asset_pack.cpp.obj
[585/1649] Building CXX object CMakeFiles/batch53a_ending_terminal.dir/C_/Dev/OpenU5-Native/native/targets/tdeck/main/dungeon_art_cache.cpp.obj
[586/1649] Building CXX object CMakeFiles/batch53a_ending_terminal.dir/C_/Dev/OpenU5-Native/native/targets/tdeck/main/alpha_resources.cpp.obj
[587/1649] Building CXX object CMakeFiles/batch53a_ending_terminal.dir/C_/Dev/OpenU5-Native/native/targets/tdeck/host_tests/host_stubs/device_smoke_tests_host_stub.cpp.obj
[588/1649] Building CXX object CMakeFiles/batch53a_ending_terminal.dir/C_/Dev/OpenU5-Native/native/targets/tdeck/main/alpha_dialogue.cpp.obj
[589/1649] Building CXX object CMakeFiles/batch53_release_blockers.dir/C_/Dev/OpenU5-Native/native/targets/tdeck/host_tests/batch53_release_blockers_test.cpp.obj
[590/1649] Building CXX object CMakeFiles/batch53a_ending_terminal.dir/C_/Dev/OpenU5-Native/native/targets/tdeck/host_tests/batch53a_ending_terminal_test.cpp.obj
[591/1649] Building CXX object CMakeFiles/batch53b_moongate_return.dir/C_/Dev/OpenU5-Native/native/targets/tdeck/main/ui_input_adapter.cpp.obj
[592/1649] Building CXX object CMakeFiles/batch53b_moongate_return.dir/C_/Dev/OpenU5-Native/native/targets/tdeck/main/input_controller.cpp.obj
[593/1649] Building CXX object CMakeFiles/batch53a_ending_terminal.dir/C_/Dev/OpenU5-Native/native/targets/tdeck/main/native_renderer.cpp.obj
[594/1649] Building CXX object CMakeFiles/batch53b_moongate_return.dir/C_/Dev/OpenU5-Native/native/targets/tdeck/main/keyboard_matrix.cpp.obj
[595/1649] Building CXX object CMakeFiles/batch53b_moongate_return.dir/C_/Dev/OpenU5-Native/native/targets/tdeck/host_tests/alpha_runtime_host_fixture.cpp.obj
[596/1649] Building CXX object CMakeFiles/batch53b_moongate_return.dir/C_/Dev/OpenU5-Native/native/targets/tdeck/host_tests/host_stubs/tdeck_board_host_stub.cpp.obj
[597/1649] Building CXX object CMakeFiles/batch53b_moongate_return.dir/C_/Dev/OpenU5-Native/native/targets/tdeck/main/alpha_save_generation.cpp.obj
[598/1649] Building CXX object CMakeFiles/batch53b_moongate_return.dir/C_/Dev/OpenU5-Native/native/targets/tdeck/host_tests/host_stubs/alpha_save_memory_host_stub.cpp.obj
[599/1649] Building CXX object CMakeFiles/batch53b_moongate_return.dir/C_/Dev/OpenU5-Native/native/targets/tdeck/main/asset_pack.cpp.obj
[600/1649] Building CXX object CMakeFiles/batch53b_moongate_return.dir/C_/Dev/OpenU5-Native/native/targets/tdeck/host_tests/host_stubs/device_smoke_tests_host_stub.cpp.obj
[601/1649] Building CXX object CMakeFiles/batch51_camp_pacing.dir/C_/Dev/OpenU5-Native/native/targets/tdeck/main/alpha_runtime.cpp.obj
[602/1649] Building CXX object CMakeFiles/batch53b_moongate_return.dir/C_/Dev/OpenU5-Native/native/targets/tdeck/main/dungeon_art_cache.cpp.obj
[603/1649] Building CXX object CMakeFiles/batch53b_moongate_return.dir/C_/Dev/OpenU5-Native/native/targets/tdeck/main/alpha_resources.cpp.obj
[604/1649] Building CXX object CMakeFiles/a3_01_audio_runtime.dir/C_/Dev/OpenU5-Native/native/targets/tdeck/main/ui_input_adapter.cpp.obj
[605/1649] Building CXX object CMakeFiles/batch53b_moongate_return.dir/C_/Dev/OpenU5-Native/native/targets/tdeck/main/alpha_dialogue.cpp.obj
[606/1649] Building CXX object CMakeFiles/a3_01_audio_runtime.dir/C_/Dev/OpenU5-Native/native/targets/tdeck/host_tests/host_stubs/tdeck_input_host_stub.cpp.obj
[607/1649] Building CXX object CMakeFiles/batch53b_moongate_return.dir/C_/Dev/OpenU5-Native/native/targets/tdeck/host_tests/batch53b_moongate_return_test.cpp.obj
[608/1649] Building CXX object CMakeFiles/batch53b_moongate_return.dir/C_/Dev/OpenU5-Native/native/targets/tdeck/main/native_renderer.cpp.obj
[609/1649] Building CXX object CMakeFiles/a3_01_audio_runtime.dir/C_/Dev/OpenU5-Native/native/targets/tdeck/main/alpha_audio.cpp.obj
[610/1649] Building CXX object CMakeFiles/a3_01_audio_runtime.dir/C_/Dev/OpenU5-Native/native/targets/tdeck/host_tests/alpha_runtime_host_fixture.cpp.obj
[611/1649] Building CXX object CMakeFiles/a3_01_audio_runtime.dir/C_/Dev/OpenU5-Native/native/targets/tdeck/main/keyboard_matrix.cpp.obj
[612/1649] Building CXX object CMakeFiles/a3_01_audio_runtime.dir/C_/Dev/OpenU5-Native/native/targets/tdeck/main/alpha_save_generation.cpp.obj
[613/1649] Building CXX object CMakeFiles/a3_01_audio_runtime.dir/C_/Dev/OpenU5-Native/native/targets/tdeck/main/input_controller.cpp.obj
[614/1649] Building CXX object CMakeFiles/a3_01_audio_runtime.dir/C_/Dev/OpenU5-Native/native/targets/tdeck/host_tests/host_stubs/alpha_save_memory_host_stub.cpp.obj
[615/1649] Building CXX object CMakeFiles/batch53_release_blockers.dir/C_/Dev/OpenU5-Native/native/targets/tdeck/main/alpha_runtime.cpp.obj
[616/1649] Building CXX object CMakeFiles/a3_01_audio_runtime.dir/C_/Dev/OpenU5-Native/native/targets/tdeck/host_tests/host_stubs/batch37_board_capture_stub.cpp.obj
[617/1649] Building CXX object CMakeFiles/a3_01_audio_runtime.dir/C_/Dev/OpenU5-Native/native/targets/tdeck/main/asset_pack.cpp.obj
[618/1649] Building CXX object CMakeFiles/a3_01_audio_runtime.dir/C_/Dev/OpenU5-Native/native/targets/tdeck/host_tests/host_stubs/device_smoke_tests_host_stub.cpp.obj
[619/1649] Building CXX object CMakeFiles/a3_01_audio_runtime.dir/C_/Dev/OpenU5-Native/native/targets/tdeck/main/dungeon_art_cache.cpp.obj
[620/1649] Building CXX object CMakeFiles/a3_02_sfx_runtime.dir/C_/Dev/OpenU5-Native/native/targets/tdeck/host_tests/host_stubs/tdeck_input_host_stub.cpp.obj
[621/1649] Building CXX object CMakeFiles/a3_01_audio_runtime.dir/C_/Dev/OpenU5-Native/native/targets/tdeck/main/alpha_resources.cpp.obj
[622/1649] Building CXX object CMakeFiles/a3_01_audio_runtime.dir/C_/Dev/OpenU5-Native/native/targets/tdeck/main/alpha_dialogue.cpp.obj
[623/1649] Building CXX object CMakeFiles/a3_01_audio_runtime.dir/C_/Dev/OpenU5-Native/native/targets/tdeck/main/native_renderer.cpp.obj
[624/1649] Building CXX object CMakeFiles/a3_02_sfx_runtime.dir/C_/Dev/OpenU5-Native/native/targets/tdeck/main/ui_input_adapter.cpp.obj
[625/1649] Building CXX object CMakeFiles/a3_02_sfx_runtime.dir/C_/Dev/OpenU5-Native/native/targets/tdeck/main/keyboard_matrix.cpp.obj
[626/1649] Building CXX object CMakeFiles/a3_02_sfx_runtime.dir/C_/Dev/OpenU5-Native/native/targets/tdeck/host_tests/alpha_runtime_host_fixture.cpp.obj
[627/1649] Building CXX object CMakeFiles/a3_02_sfx_runtime.dir/C_/Dev/OpenU5-Native/native/targets/tdeck/main/input_controller.cpp.obj
[628/1649] Building CXX object CMakeFiles/a3_04_music_synth.dir/tests/a3_04_music_synth_test.cpp.obj
[629/1649] Building CXX object CMakeFiles/a3_02_sfx_runtime.dir/C_/Dev/OpenU5-Native/native/targets/tdeck/main/alpha_audio.cpp.obj
[630/1649] Building CXX object CMakeFiles/a3_02_sfx_runtime.dir/C_/Dev/OpenU5-Native/native/targets/tdeck/host_tests/host_stubs/alpha_save_memory_host_stub.cpp.obj
[631/1649] Building CXX object CMakeFiles/batch53a_ending_terminal.dir/C_/Dev/OpenU5-Native/native/targets/tdeck/main/alpha_runtime.cpp.obj
[632/1649] Building CXX object CMakeFiles/a3_02_sfx_synth.dir/tests/a3_02_sfx_synth_test.cpp.obj
[633/1649] Building CXX object CMakeFiles/a3_02_sfx_runtime.dir/C_/Dev/OpenU5-Native/native/targets/tdeck/main/alpha_save_generation.cpp.obj
[634/1649] Building CXX object CMakeFiles/a3_02_sfx_runtime.dir/C_/Dev/OpenU5-Native/native/targets/tdeck/host_tests/host_stubs/batch37_board_capture_stub.cpp.obj
[635/1649] Building CXX object CMakeFiles/a3_01_audio_runtime.dir/C_/Dev/OpenU5-Native/native/targets/tdeck/host_tests/a3_01_audio_runtime_test.cpp.obj
[636/1649] Building CXX object CMakeFiles/a3_03_sfx_runtime.dir/C_/Dev/OpenU5-Native/native/targets/tdeck/host_tests/host_stubs/tdeck_input_host_stub.cpp.obj
[637/1649] Building CXX object CMakeFiles/a3_02_sfx_runtime.dir/C_/Dev/OpenU5-Native/native/targets/tdeck/main/asset_pack.cpp.obj
[638/1649] Building CXX object CMakeFiles/a3_02_sfx_runtime.dir/C_/Dev/OpenU5-Native/native/targets/tdeck/host_tests/host_stubs/device_smoke_tests_host_stub.cpp.obj
[639/1649] Building CXX object CMakeFiles/a3_02_sfx_runtime.dir/C_/Dev/OpenU5-Native/native/targets/tdeck/main/alpha_resources.cpp.obj
[640/1649] Building CXX object CMakeFiles/a3_02_sfx_runtime.dir/C_/Dev/OpenU5-Native/native/targets/tdeck/main/dungeon_art_cache.cpp.obj
[641/1649] Building CXX object CMakeFiles/a3_02_sfx_runtime.dir/C_/Dev/OpenU5-Native/native/targets/tdeck/main/alpha_dialogue.cpp.obj
[642/1649] Building CXX object CMakeFiles/a3_03_sfx_runtime.dir/C_/Dev/OpenU5-Native/native/targets/tdeck/main/ui_input_adapter.cpp.obj
[643/1649] Building CXX object CMakeFiles/a3_03_sfx_runtime.dir/C_/Dev/OpenU5-Native/native/targets/tdeck/host_tests/alpha_runtime_host_fixture.cpp.obj
[644/1649] Building CXX object CMakeFiles/a3_03_sfx_runtime.dir/C_/Dev/OpenU5-Native/native/targets/tdeck/main/input_controller.cpp.obj
[645/1649] Building CXX object CMakeFiles/a3_03_sfx_runtime.dir/C_/Dev/OpenU5-Native/native/targets/tdeck/main/alpha_audio.cpp.obj
[646/1649] Building CXX object CMakeFiles/batch53b_moongate_return.dir/C_/Dev/OpenU5-Native/native/targets/tdeck/main/alpha_runtime.cpp.obj
[647/1649] Building CXX object CMakeFiles/a3_03_sfx_runtime.dir/C_/Dev/OpenU5-Native/native/targets/tdeck/host_tests/host_stubs/alpha_save_memory_host_stub.cpp.obj
[648/1649] Building CXX object CMakeFiles/a3_02_sfx_runtime.dir/C_/Dev/OpenU5-Native/native/targets/tdeck/main/native_renderer.cpp.obj
[649/1649] Building CXX object CMakeFiles/a3_03_sfx_runtime.dir/C_/Dev/OpenU5-Native/native/targets/tdeck/main/alpha_save_generation.cpp.obj
[650/1649] Building CXX object CMakeFiles/a3_03_sfx_runtime.dir/C_/Dev/OpenU5-Native/native/targets/tdeck/main/keyboard_matrix.cpp.obj
[651/1649] Building CXX object CMakeFiles/a3_04_music_runtime.dir/C_/Dev/OpenU5-Native/native/targets/tdeck/host_tests/host_stubs/tdeck_input_host_stub.cpp.obj
[652/1649] Building CXX object CMakeFiles/a3_03_sfx_runtime.dir/C_/Dev/OpenU5-Native/native/targets/tdeck/host_tests/host_stubs/batch37_board_capture_stub.cpp.obj
[653/1649] Building CXX object CMakeFiles/a3_03_sfx_runtime.dir/C_/Dev/OpenU5-Native/native/targets/tdeck/main/asset_pack.cpp.obj
[654/1649] Building CXX object CMakeFiles/a3_03_sfx_runtime.dir/C_/Dev/OpenU5-Native/native/targets/tdeck/host_tests/host_stubs/device_smoke_tests_host_stub.cpp.obj
[655/1649] Building CXX object CMakeFiles/a3_02_sfx_runtime.dir/C_/Dev/OpenU5-Native/native/targets/tdeck/host_tests/a3_02_sfx_runtime_test.cpp.obj
[656/1649] Building CXX object CMakeFiles/a3_03_sfx_runtime.dir/C_/Dev/OpenU5-Native/native/targets/tdeck/main/dungeon_art_cache.cpp.obj
[657/1649] Building CXX object CMakeFiles/a3_03_sfx_runtime.dir/C_/Dev/OpenU5-Native/native/targets/tdeck/main/alpha_resources.cpp.obj
[658/1649] Building CXX object CMakeFiles/a3_03_sfx_runtime.dir/C_/Dev/OpenU5-Native/native/targets/tdeck/main/alpha_dialogue.cpp.obj
[659/1649] Building CXX object CMakeFiles/a3_04_music_runtime.dir/C_/Dev/OpenU5-Native/native/targets/tdeck/main/ui_input_adapter.cpp.obj
[660/1649] Building CXX object CMakeFiles/a3_04_music_runtime.dir/C_/Dev/OpenU5-Native/native/targets/tdeck/main/input_controller.cpp.obj
[661/1649] Building CXX object CMakeFiles/a3_04_music_runtime.dir/C_/Dev/OpenU5-Native/native/targets/tdeck/main/alpha_audio.cpp.obj
[662/1649] Building CXX object CMakeFiles/a3_03_sfx_runtime.dir/C_/Dev/OpenU5-Native/native/targets/tdeck/main/native_renderer.cpp.obj
[663/1649] Building CXX object CMakeFiles/a3_04_music_runtime.dir/C_/Dev/OpenU5-Native/native/targets/tdeck/main/keyboard_matrix.cpp.obj
[664/1649] Building CXX object CMakeFiles/a3_01_audio_runtime.dir/C_/Dev/OpenU5-Native/native/targets/tdeck/main/alpha_runtime.cpp.obj
[665/1649] Building CXX object CMakeFiles/a3_04_music_runtime.dir/C_/Dev/OpenU5-Native/native/targets/tdeck/host_tests/alpha_runtime_host_fixture.cpp.obj
[666/1649] Building CXX object CMakeFiles/a3_04_music_runtime.dir/C_/Dev/OpenU5-Native/native/targets/tdeck/main/alpha_save_generation.cpp.obj
[667/1649] Building CXX object CMakeFiles/a3_04_music_runtime.dir/C_/Dev/OpenU5-Native/native/targets/tdeck/host_tests/host_stubs/alpha_save_memory_host_stub.cpp.obj
[668/1649] Building CXX object CMakeFiles/a3_04_music_runtime.dir/C_/Dev/OpenU5-Native/native/targets/tdeck/host_tests/host_stubs/device_smoke_tests_host_stub.cpp.obj
[669/1649] Building CXX object CMakeFiles/a3_04_music_runtime.dir/C_/Dev/OpenU5-Native/native/targets/tdeck/main/asset_pack.cpp.obj
[670/1649] Building CXX object CMakeFiles/a3_04_music_runtime.dir/C_/Dev/OpenU5-Native/native/targets/tdeck/host_tests/host_stubs/batch37_board_capture_stub.cpp.obj
[671/1649] Building CXX object CMakeFiles/a3_04b_perf_runtime.dir/C_/Dev/OpenU5-Native/native/targets/tdeck/host_tests/host_stubs/tdeck_input_host_stub.cpp.obj
[672/1649] Building CXX object CMakeFiles/a3_04_music_runtime.dir/C_/Dev/OpenU5-Native/native/targets/tdeck/host_tests/a3_04_music_runtime_test.cpp.obj
[673/1649] Building CXX object CMakeFiles/a3_04_music_runtime.dir/C_/Dev/OpenU5-Native/native/targets/tdeck/main/alpha_resources.cpp.obj
[674/1649] Building CXX object CMakeFiles/a3_04_music_runtime.dir/C_/Dev/OpenU5-Native/native/targets/tdeck/main/dungeon_art_cache.cpp.obj
[675/1649] Building CXX object CMakeFiles/a3_04b_perf_runtime.dir/C_/Dev/OpenU5-Native/native/targets/tdeck/main/ui_input_adapter.cpp.obj
[676/1649] Building CXX object CMakeFiles/a3_04b_perf_runtime.dir/C_/Dev/OpenU5-Native/native/targets/tdeck/main/alpha_audio.cpp.obj
[677/1649] Building CXX object CMakeFiles/a3_04_music_runtime.dir/C_/Dev/OpenU5-Native/native/targets/tdeck/main/alpha_dialogue.cpp.obj
[678/1649] Building CXX object CMakeFiles/a3_03_sfx_inventory.dir/tests/a3_03_sfx_inventory_test.cpp.obj
[679/1649] Building CXX object CMakeFiles/a3_04b_perf_runtime.dir/C_/Dev/OpenU5-Native/native/targets/tdeck/host_tests/alpha_runtime_host_fixture.cpp.obj
[680/1649] Building CXX object CMakeFiles/a3_04b_perf.dir/tests/a3_04b_perf_test.cpp.obj
[681/1649] Building CXX object CMakeFiles/a3_04b_perf_runtime.dir/C_/Dev/OpenU5-Native/native/targets/tdeck/main/alpha_save_generation.cpp.obj
[682/1649] Building CXX object CMakeFiles/a3_04b_perf_runtime.dir/C_/Dev/OpenU5-Native/native/targets/tdeck/main/input_controller.cpp.obj
[683/1649] Building CXX object CMakeFiles/a3_04b_perf_runtime.dir/C_/Dev/OpenU5-Native/native/targets/tdeck/main/keyboard_matrix.cpp.obj
[684/1649] Building CXX object CMakeFiles/a3_04_music_runtime.dir/C_/Dev/OpenU5-Native/native/targets/tdeck/main/native_renderer.cpp.obj
[685/1649] Building CXX object CMakeFiles/a3_04b_perf_runtime.dir/C_/Dev/OpenU5-Native/native/targets/tdeck/host_tests/host_stubs/batch37_board_capture_stub.cpp.obj
[686/1649] Building CXX object CMakeFiles/a3_04b_perf_runtime.dir/C_/Dev/OpenU5-Native/native/targets/tdeck/host_tests/host_stubs/alpha_save_memory_host_stub.cpp.obj
[687/1649] Building CXX object CMakeFiles/a3_04c_contention_runtime.dir/C_/Dev/OpenU5-Native/native/targets/tdeck/host_tests/host_stubs/tdeck_input_host_stub.cpp.obj
[688/1649] Building CXX object CMakeFiles/a3_02_sfx_runtime.dir/C_/Dev/OpenU5-Native/native/targets/tdeck/main/alpha_runtime.cpp.obj
[689/1649] Building CXX object CMakeFiles/a3_04b_perf_runtime.dir/C_/Dev/OpenU5-Native/native/targets/tdeck/main/asset_pack.cpp.obj
[690/1649] Building CXX object CMakeFiles/a3_03_sfx_runtime.dir/C_/Dev/OpenU5-Native/native/targets/tdeck/host_tests/a3_03_sfx_runtime_test.cpp.obj
[691/1649] Building CXX object CMakeFiles/a3_04b_perf_runtime.dir/C_/Dev/OpenU5-Native/native/targets/tdeck/host_tests/host_stubs/device_smoke_tests_host_stub.cpp.obj
[692/1649] Building CXX object CMakeFiles/a3_04b_perf_runtime.dir/C_/Dev/OpenU5-Native/native/targets/tdeck/main/alpha_dialogue.cpp.obj
[693/1649] Building CXX object CMakeFiles/a3_04b_perf_runtime.dir/C_/Dev/OpenU5-Native/native/targets/tdeck/main/dungeon_art_cache.cpp.obj
[694/1649] Building CXX object CMakeFiles/a3_04b_perf_runtime.dir/C_/Dev/OpenU5-Native/native/targets/tdeck/main/alpha_resources.cpp.obj
[695/1649] Building CXX object CMakeFiles/a3_04a_audio_stream.dir/tests/a3_04a_audio_stream_test.cpp.obj
[696/1649] Building CXX object CMakeFiles/a3_01_audio_contract.dir/tests/a3_01_audio_contract_test.cpp.obj
[697/1649] Building CXX object CMakeFiles/a3_04b_perf_runtime.dir/C_/Dev/OpenU5-Native/native/targets/tdeck/host_tests/a3_04b_perf_runtime_test.cpp.obj
[698/1649] Building CXX object CMakeFiles/a3_04c_contention_runtime.dir/C_/Dev/OpenU5-Native/native/targets/tdeck/host_tests/alpha_runtime_host_fixture.cpp.obj
[699/1649] Building CXX object CMakeFiles/a3_04c_contention_runtime.dir/C_/Dev/OpenU5-Native/native/targets/tdeck/main/alpha_audio.cpp.obj
[700/1649] Building CXX object CMakeFiles/a3_04c_contention_runtime.dir/C_/Dev/OpenU5-Native/native/targets/tdeck/main/ui_input_adapter.cpp.obj
[701/1649] Building CXX object CMakeFiles/a3_04b_perf_runtime.dir/C_/Dev/OpenU5-Native/native/targets/tdeck/main/native_renderer.cpp.obj
[702/1649] Building CXX object CMakeFiles/a3_04c_contention_runtime.dir/C_/Dev/OpenU5-Native/native/targets/tdeck/main/input_controller.cpp.obj
[703/1649] Building CXX object CMakeFiles/a3_04c_contention_runtime.dir/C_/Dev/OpenU5-Native/native/targets/tdeck/host_tests/host_stubs/alpha_save_memory_host_stub.cpp.obj
[704/1649] Building CXX object CMakeFiles/a3_04c_contention_runtime.dir/C_/Dev/OpenU5-Native/native/targets/tdeck/main/keyboard_matrix.cpp.obj
[705/1649] Building CXX object CMakeFiles/a3_04c_contention_runtime.dir/C_/Dev/OpenU5-Native/native/targets/tdeck/host_tests/host_stubs/batch37_board_capture_stub.cpp.obj
[706/1649] Building CXX object CMakeFiles/a3_04c_contention_runtime.dir/C_/Dev/OpenU5-Native/native/targets/tdeck/main/alpha_save_generation.cpp.obj
[707/1649] Building CXX object CMakeFiles/a3_03_sfx_runtime.dir/C_/Dev/OpenU5-Native/native/targets/tdeck/main/alpha_runtime.cpp.obj
[708/1649] Building CXX object CMakeFiles/a3_04d_sd_log_runtime.dir/C_/Dev/OpenU5-Native/native/targets/tdeck/host_tests/host_stubs/tdeck_input_host_stub.cpp.obj
[709/1649] Building CXX object CMakeFiles/a3_04d_sd_log_runtime.dir/C_/Dev/OpenU5-Native/native/targets/tdeck/main/alpha_audio.cpp.obj
[710/1649] Building CXX object CMakeFiles/a3_04c_contention_runtime.dir/C_/Dev/OpenU5-Native/native/targets/tdeck/main/asset_pack.cpp.obj
[711/1649] Building CXX object CMakeFiles/a3_04c_contention_runtime.dir/C_/Dev/OpenU5-Native/native/targets/tdeck/host_tests/host_stubs/device_smoke_tests_host_stub.cpp.obj
[712/1649] Building CXX object CMakeFiles/a3_04c_contention_runtime.dir/C_/Dev/OpenU5-Native/native/targets/tdeck/host_tests/a3_04c_contention_runtime_test.cpp.obj
[713/1649] Building CXX object CMakeFiles/a3_04c_contention_runtime.dir/C_/Dev/OpenU5-Native/native/targets/tdeck/main/dungeon_art_cache.cpp.obj
[714/1649] Building CXX object CMakeFiles/a3_04c_contention_runtime.dir/C_/Dev/OpenU5-Native/native/targets/tdeck/main/alpha_resources.cpp.obj
[715/1649] Building CXX object CMakeFiles/a3_04c_contention_runtime.dir/C_/Dev/OpenU5-Native/native/targets/tdeck/main/alpha_dialogue.cpp.obj
[716/1649] Building CXX object CMakeFiles/a3_04c_contention_runtime.dir/C_/Dev/OpenU5-Native/native/targets/tdeck/main/native_renderer.cpp.obj
[717/1649] Building CXX object CMakeFiles/a3_04d_sd_log_runtime.dir/C_/Dev/OpenU5-Native/native/targets/tdeck/main/ui_input_adapter.cpp.obj
[718/1649] Building CXX object CMakeFiles/a3_04d_sd_log_runtime.dir/C_/Dev/OpenU5-Native/native/targets/tdeck/host_tests/alpha_runtime_host_fixture.cpp.obj
[719/1649] Building CXX object CMakeFiles/a3_04d_sd_log_runtime.dir/C_/Dev/OpenU5-Native/native/targets/tdeck/host_tests/host_stubs/alpha_save_memory_host_stub.cpp.obj
[720/1649] Building CXX object CMakeFiles/a3_04d_sd_log_runtime.dir/C_/Dev/OpenU5-Native/native/targets/tdeck/main/keyboard_matrix.cpp.obj
[721/1649] Building CXX object CMakeFiles/a3_04d_sd_log_runtime.dir/C_/Dev/OpenU5-Native/native/targets/tdeck/main/input_controller.cpp.obj
[722/1649] Building CXX object CMakeFiles/a3_04_music_runtime.dir/C_/Dev/OpenU5-Native/native/targets/tdeck/main/alpha_runtime.cpp.obj
[723/1649] Building CXX object CMakeFiles/a3_04d_sd_log_runtime.dir/C_/Dev/OpenU5-Native/native/targets/tdeck/main/alpha_save_generation.cpp.obj
[724/1649] Building CXX object CMakeFiles/a3_04d_sd_log_runtime.dir/C_/Dev/OpenU5-Native/native/targets/tdeck/host_tests/host_stubs/batch37_board_capture_stub.cpp.obj
[725/1649] Building CXX object CMakeFiles/a3_04d_sd_log_runtime.dir/C_/Dev/OpenU5-Native/native/targets/tdeck/main/asset_pack.cpp.obj
[726/1649] Building CXX object CMakeFiles/a3_04d_sd_log_runtime.dir/C_/Dev/OpenU5-Native/native/targets/tdeck/host_tests/host_stubs/device_smoke_tests_host_stub.cpp.obj
[727/1649] Building CXX object CMakeFiles/a3_04d_sd_log_runtime.dir/C_/Dev/OpenU5-Native/native/targets/tdeck/main/alpha_resources.cpp.obj
[728/1649] Building CXX object CMakeFiles/a3_04d_sd_log_runtime.dir/C_/Dev/OpenU5-Native/native/targets/tdeck/main/dungeon_art_cache.cpp.obj
[729/1649] Building CXX object CMakeFiles/a3_04d_sd_log_runtime.dir/C_/Dev/OpenU5-Native/native/targets/tdeck/main/alpha_dialogue.cpp.obj
[730/1649] Building CXX object CMakeFiles/a3_04d_sd_log_runtime.dir/C_/Dev/OpenU5-Native/native/targets/tdeck/host_tests/a3_04d_sd_log_runtime_test.cpp.obj
[731/1649] Building CXX object CMakeFiles/a3_04d_sd_log_runtime.dir/C_/Dev/OpenU5-Native/native/targets/tdeck/main/native_renderer.cpp.obj
[732/1649] Building CXX object CMakeFiles/a3_04e_pacing_runtime.dir/C_/Dev/OpenU5-Native/native/targets/tdeck/host_tests/alpha_runtime_host_fixture.cpp.obj
[733/1649] Building CXX object CMakeFiles/a3_04e_pacing_runtime.dir/C_/Dev/OpenU5-Native/native/targets/tdeck/host_tests/host_stubs/tdeck_input_host_stub.cpp.obj
[734/1649] Building CXX object CMakeFiles/a3_04b_perf_runtime.dir/C_/Dev/OpenU5-Native/native/targets/tdeck/main/alpha_runtime.cpp.obj
[735/1649] Building CXX object CMakeFiles/a3_04e_pacing_runtime.dir/C_/Dev/OpenU5-Native/native/targets/tdeck/main/ui_input_adapter.cpp.obj
[736/1649] Building CXX object CMakeFiles/a3_04e_pacing_runtime.dir/C_/Dev/OpenU5-Native/native/targets/tdeck/host_tests/host_stubs/alpha_save_memory_host_stub.cpp.obj
[737/1649] Building CXX object CMakeFiles/a3_04e_pacing_runtime.dir/C_/Dev/OpenU5-Native/native/targets/tdeck/host_tests/board_shims/fake_tdeck_bus.cpp.obj
[738/1649] Building CXX object CMakeFiles/a3_04e_pacing_runtime.dir/C_/Dev/OpenU5-Native/native/targets/tdeck/main/alpha_audio.cpp.obj
[739/1649] Building CXX object CMakeFiles/a3_04e_pacing_runtime.dir/C_/Dev/OpenU5-Native/native/targets/tdeck/main/input_controller.cpp.obj
[740/1649] Building CXX object CMakeFiles/a3_04e_pacing_runtime.dir/C_/Dev/OpenU5-Native/native/targets/tdeck/main/idle_service.cpp.obj
[741/1649] Building CXX object CMakeFiles/a3_04e_pacing_runtime.dir/C_/Dev/OpenU5-Native/native/targets/tdeck/main/keyboard_matrix.cpp.obj
[742/1649] Building CXX object CMakeFiles/a3_hf1_arena_loot.dir/C_/Dev/OpenU5-Native/native/targets/tdeck/host_tests/host_stubs/tdeck_input_host_stub.cpp.obj
[743/1649] Building CXX object CMakeFiles/a3_04e_pacing_runtime.dir/C_/Dev/OpenU5-Native/native/targets/tdeck/main/alpha_save_generation.cpp.obj
[744/1649] Building CXX object CMakeFiles/a3_hf1_arena_loot.dir/C_/Dev/OpenU5-Native/native/targets/tdeck/main/ui_input_adapter.cpp.obj
[745/1649] Building CXX object CMakeFiles/a3_04e_pacing_runtime.dir/C_/Dev/OpenU5-Native/native/targets/tdeck/host_tests/host_stubs/device_smoke_tests_host_stub.cpp.obj
[746/1649] Building CXX object CMakeFiles/a3_04e_pacing_runtime.dir/C_/Dev/OpenU5-Native/native/targets/tdeck/main/asset_pack.cpp.obj
[747/1649] Building CXX object CMakeFiles/a3_04e_pacing_runtime.dir/C_/Dev/OpenU5-Native/native/targets/tdeck/main/alpha_resources.cpp.obj
[748/1649] Building CXX object CMakeFiles/a3_04e_pacing_runtime.dir/C_/Dev/OpenU5-Native/native/targets/tdeck/main/dungeon_art_cache.cpp.obj
[749/1649] Building CXX object CMakeFiles/a3_04e_pacing_runtime.dir/C_/Dev/OpenU5-Native/native/targets/tdeck/main/alpha_dialogue.cpp.obj
[750/1649] Building CXX object CMakeFiles/a3_hf1_arena_loot.dir/C_/Dev/OpenU5-Native/native/targets/tdeck/main/alpha_audio.cpp.obj
[751/1649] Building CXX object CMakeFiles/a3_hf1_arena_loot.dir/C_/Dev/OpenU5-Native/native/targets/tdeck/main/keyboard_matrix.cpp.obj
[752/1649] Building CXX object CMakeFiles/a3_04c_contention_runtime.dir/C_/Dev/OpenU5-Native/native/targets/tdeck/main/alpha_runtime.cpp.obj
[753/1649] Building CXX object CMakeFiles/a3_hf1_arena_loot.dir/C_/Dev/OpenU5-Native/native/targets/tdeck/host_tests/alpha_runtime_host_fixture.cpp.obj
[754/1649] Building CXX object CMakeFiles/a3_hf1_arena_loot.dir/C_/Dev/OpenU5-Native/native/targets/tdeck/main/input_controller.cpp.obj
[755/1649] Building CXX object CMakeFiles/a3_hf1_arena_loot.dir/C_/Dev/OpenU5-Native/native/targets/tdeck/main/alpha_save_generation.cpp.obj
[756/1649] Building CXX object CMakeFiles/a3_04e_pacing_runtime.dir/C_/Dev/OpenU5-Native/native/targets/tdeck/main/native_renderer.cpp.obj
[757/1649] Building CXX object CMakeFiles/a3_hf1_arena_loot.dir/C_/Dev/OpenU5-Native/native/targets/tdeck/host_tests/host_stubs/alpha_save_memory_host_stub.cpp.obj
[758/1649] Building CXX object CMakeFiles/a3_04c_contention.dir/tests/a3_04c_contention_test.cpp.obj
[759/1649] Building CXX object CMakeFiles/a3_hf1_arena_loot.dir/C_/Dev/OpenU5-Native/native/targets/tdeck/host_tests/host_stubs/batch37_board_capture_stub.cpp.obj
[760/1649] Building CXX object CMakeFiles/a3_hf1_arena_loot.dir/C_/Dev/OpenU5-Native/native/targets/tdeck/main/asset_pack.cpp.obj
[761/1649] Building CXX object CMakeFiles/a3_hf2_ambient_parity.dir/C_/Dev/OpenU5-Native/native/targets/tdeck/host_tests/host_stubs/tdeck_input_host_stub.cpp.obj
[762/1649] Building CXX object CMakeFiles/a3_04e_pacing_runtime.dir/C_/Dev/OpenU5-Native/native/targets/tdeck/host_tests/a3_04e_pacing_runtime_test.cpp.obj
[763/1649] Building CXX object CMakeFiles/a3_04d_sd_log.dir/tests/a3_04d_sd_log_test.cpp.obj
[764/1649] Building CXX object CMakeFiles/a3_hf1_arena_loot.dir/C_/Dev/OpenU5-Native/native/targets/tdeck/host_tests/host_stubs/device_smoke_tests_host_stub.cpp.obj
[765/1649] Building CXX object CMakeFiles/a3_hf1_arena_loot.dir/C_/Dev/OpenU5-Native/native/targets/tdeck/main/alpha_resources.cpp.obj
[766/1649] Building CXX object CMakeFiles/a3_hf1_arena_loot.dir/C_/Dev/OpenU5-Native/native/targets/tdeck/main/dungeon_art_cache.cpp.obj
[767/1649] Building CXX object CMakeFiles/a3_hf1_arena_loot.dir/C_/Dev/OpenU5-Native/native/targets/tdeck/main/alpha_dialogue.cpp.obj
[768/1649] Building CXX object CMakeFiles/a3_hf1_arena_loot.dir/C_/Dev/OpenU5-Native/native/targets/tdeck/main/native_renderer.cpp.obj
[769/1649] Building CXX object CMakeFiles/a3_hf2_ambient_parity.dir/C_/Dev/OpenU5-Native/native/targets/tdeck/host_tests/alpha_runtime_host_fixture.cpp.obj
[770/1649] Building CXX object CMakeFiles/a3_04e_pacing_runtime.dir/C_/Dev/OpenU5-Native/native/targets/tdeck/main/tdeck_board.cpp.obj
[771/1649] Building CXX object CMakeFiles/a3_04d_sd_log_runtime.dir/C_/Dev/OpenU5-Native/native/targets/tdeck/main/alpha_runtime.cpp.obj
[772/1649] Building CXX object CMakeFiles/a3_hf2_ambient_parity.dir/C_/Dev/OpenU5-Native/native/targets/tdeck/main/ui_input_adapter.cpp.obj
[773/1649] Building CXX object CMakeFiles/a3_hf2_ambient_parity.dir/C_/Dev/OpenU5-Native/native/targets/tdeck/main/input_controller.cpp.obj
[774/1649] Building CXX object CMakeFiles/a3_hf2_ambient_parity.dir/C_/Dev/OpenU5-Native/native/targets/tdeck/main/alpha_audio.cpp.obj
[775/1649] Building CXX object CMakeFiles/a3_hf2_ambient_parity.dir/C_/Dev/OpenU5-Native/native/targets/tdeck/main/idle_service.cpp.obj
[776/1649] Building CXX object CMakeFiles/a3_hf2_ambient_parity.dir/C_/Dev/OpenU5-Native/native/targets/tdeck/main/keyboard_matrix.cpp.obj
[777/1649] Building CXX object CMakeFiles/a3_hf2_ambient_parity.dir/C_/Dev/OpenU5-Native/native/targets/tdeck/host_tests/board_shims/fake_tdeck_bus.cpp.obj
[778/1649] Building CXX object CMakeFiles/a3_hf2_1_dispatch_log.dir/C_/Dev/OpenU5-Native/native/targets/tdeck/host_tests/host_stubs/tdeck_input_host_stub.cpp.obj
[779/1649] Building CXX object CMakeFiles/a3_hf1_arena_loot.dir/C_/Dev/OpenU5-Native/native/targets/tdeck/host_tests/a3_hf1_arena_loot_test.cpp.obj
[780/1649] Building CXX object CMakeFiles/a3_hf2_ambient_parity.dir/C_/Dev/OpenU5-Native/native/targets/tdeck/host_tests/host_stubs/alpha_save_memory_host_stub.cpp.obj
[781/1649] Building CXX object CMakeFiles/a3_hf2_ambient_parity.dir/C_/Dev/OpenU5-Native/native/targets/tdeck/main/alpha_save_generation.cpp.obj
[782/1649] Building CXX object CMakeFiles/a3_hf2_1_dispatch_log.dir/C_/Dev/OpenU5-Native/native/targets/tdeck/main/ui_input_adapter.cpp.obj
[783/1649] Building CXX object CMakeFiles/a3_hf2_ambient_parity.dir/C_/Dev/OpenU5-Native/native/targets/tdeck/host_tests/host_stubs/device_smoke_tests_host_stub.cpp.obj
[784/1649] Building CXX object CMakeFiles/a3_hf2_ambient_parity.dir/C_/Dev/OpenU5-Native/native/targets/tdeck/main/asset_pack.cpp.obj
[785/1649] Building CXX object CMakeFiles/a3_04e_pacing.dir/tests/a3_04e_pacing_test.cpp.obj
[786/1649] Building CXX object CMakeFiles/a3_hf2_ambient_parity.dir/C_/Dev/OpenU5-Native/native/targets/tdeck/main/dungeon_art_cache.cpp.obj
[787/1649] Building CXX object CMakeFiles/a3_hf2_ambient_parity.dir/C_/Dev/OpenU5-Native/native/targets/tdeck/main/alpha_resources.cpp.obj
[788/1649] Building CXX object CMakeFiles/a3_hf2_ambient_parity.dir/C_/Dev/OpenU5-Native/native/targets/tdeck/main/alpha_dialogue.cpp.obj
[789/1649] Building CXX object CMakeFiles/a3_hf2_1_dispatch_log.dir/C_/Dev/OpenU5-Native/native/targets/tdeck/host_tests/alpha_runtime_host_fixture.cpp.obj
[790/1649] Building CXX object CMakeFiles/a3_hf2_1_dispatch_log.dir/C_/Dev/OpenU5-Native/native/targets/tdeck/main/alpha_audio.cpp.obj
[791/1649] Building CXX object CMakeFiles/a3_hf2_ambient_parity.dir/C_/Dev/OpenU5-Native/native/targets/tdeck/host_tests/a3_hf2_ambient_parity_test.cpp.obj
[792/1649] Building CXX object CMakeFiles/a3_hf2_1_dispatch_log.dir/C_/Dev/OpenU5-Native/native/targets/tdeck/host_tests/host_stubs/alpha_save_memory_host_stub.cpp.obj
[793/1649] Building CXX object CMakeFiles/a3_hf2_1_dispatch_log.dir/C_/Dev/OpenU5-Native/native/targets/tdeck/main/input_controller.cpp.obj
[794/1649] Building CXX object CMakeFiles/a3_hf2_ambient_parity.dir/C_/Dev/OpenU5-Native/native/targets/tdeck/main/native_renderer.cpp.obj
[795/1649] Building CXX object CMakeFiles/a3_hf2_1_dispatch_log.dir/C_/Dev/OpenU5-Native/native/targets/tdeck/main/alpha_save_generation.cpp.obj
[796/1649] Building CXX object CMakeFiles/a3_hf2_1_dispatch_log.dir/C_/Dev/OpenU5-Native/native/targets/tdeck/main/keyboard_matrix.cpp.obj
[797/1649] Building CXX object CMakeFiles/a3_04e_pacing_runtime.dir/C_/Dev/OpenU5-Native/native/targets/tdeck/main/alpha_runtime.cpp.obj
[798/1649] Building CXX object CMakeFiles/a3_hf2_1_dispatch_log.dir/C_/Dev/OpenU5-Native/native/targets/tdeck/host_tests/host_stubs/batch37_board_capture_stub.cpp.obj
[799/1649] Building CXX object CMakeFiles/a3_04f_render_runtime.dir/C_/Dev/OpenU5-Native/native/targets/tdeck/host_tests/host_stubs/tdeck_input_host_stub.cpp.obj
[800/1649] Building CXX object CMakeFiles/a3_hf2_1_dispatch_log.dir/C_/Dev/OpenU5-Native/native/targets/tdeck/host_tests/host_stubs/device_smoke_tests_host_stub.cpp.obj
[801/1649] Building CXX object CMakeFiles/a3_hf2_1_dispatch_log.dir/C_/Dev/OpenU5-Native/native/targets/tdeck/main/asset_pack.cpp.obj
[802/1649] Building CXX object CMakeFiles/a3_hf2_1_dispatch_log.dir/C_/Dev/OpenU5-Native/native/targets/tdeck/main/dungeon_art_cache.cpp.obj
[803/1649] Building CXX object CMakeFiles/a3_hf2_1_dispatch_log.dir/C_/Dev/OpenU5-Native/native/targets/tdeck/main/alpha_dialogue.cpp.obj
[804/1649] Building CXX object CMakeFiles/a3_hf2_ambient_parity.dir/C_/Dev/OpenU5-Native/native/targets/tdeck/main/tdeck_board.cpp.obj
[805/1649] Building CXX object CMakeFiles/a3_hf1_arena_loot.dir/C_/Dev/OpenU5-Native/native/targets/tdeck/main/alpha_runtime.cpp.obj
[806/1649] Building CXX object CMakeFiles/a3_hf2_1_dispatch_log.dir/C_/Dev/OpenU5-Native/native/targets/tdeck/main/alpha_resources.cpp.obj
[807/1649] Building CXX object CMakeFiles/a3_04f_render_runtime.dir/C_/Dev/OpenU5-Native/native/targets/tdeck/host_tests/alpha_runtime_host_fixture.cpp.obj
[808/1649] Building CXX object CMakeFiles/a3_04f_render_runtime.dir/C_/Dev/OpenU5-Native/native/targets/tdeck/main/ui_input_adapter.cpp.obj
[809/1649] Building CXX object CMakeFiles/a3_04f_render_runtime.dir/C_/Dev/OpenU5-Native/native/targets/tdeck/main/keyboard_matrix.cpp.obj
[810/1649] Building CXX object CMakeFiles/a3_hf2_1_dispatch_log.dir/C_/Dev/OpenU5-Native/native/targets/tdeck/main/native_renderer.cpp.obj
[811/1649] Building CXX object CMakeFiles/a3_04f_render_runtime.dir/C_/Dev/OpenU5-Native/native/targets/tdeck/main/idle_service.cpp.obj
[812/1649] Building CXX object CMakeFiles/a3_hf2_1_dispatch_log.dir/C_/Dev/OpenU5-Native/native/targets/tdeck/host_tests/a3_hf2_1_dispatch_log_test.cpp.obj
[813/1649] Building CXX object CMakeFiles/a3_04f_render_runtime.dir/C_/Dev/OpenU5-Native/native/targets/tdeck/main/alpha_audio.cpp.obj
[814/1649] Building CXX object CMakeFiles/a3_04f_render_runtime.dir/C_/Dev/OpenU5-Native/native/targets/tdeck/main/alpha_save_generation.cpp.obj
[815/1649] Building CXX object CMakeFiles/a3_04f_render_runtime.dir/C_/Dev/OpenU5-Native/native/targets/tdeck/main/input_controller.cpp.obj
[816/1649] Building CXX object CMakeFiles/a3_04f_render_runtime.dir/C_/Dev/OpenU5-Native/native/targets/tdeck/host_tests/host_stubs/alpha_save_memory_host_stub.cpp.obj
[817/1649] Building CXX object CMakeFiles/a3_04f_render_runtime.dir/C_/Dev/OpenU5-Native/native/targets/tdeck/host_tests/board_shims/fake_tdeck_bus.cpp.obj
[818/1649] Building CXX object CMakeFiles/a4_ui1_chrome_runtime.dir/C_/Dev/OpenU5-Native/native/targets/tdeck/host_tests/host_stubs/tdeck_input_host_stub.cpp.obj
[819/1649] Building CXX object CMakeFiles/a3_04f_render_runtime.dir/C_/Dev/OpenU5-Native/native/targets/tdeck/main/asset_pack.cpp.obj
[820/1649] Building CXX object CMakeFiles/a3_04f_render_runtime.dir/C_/Dev/OpenU5-Native/native/targets/tdeck/main/alpha_resources.cpp.obj
[821/1649] Building CXX object CMakeFiles/a3_04f_render_runtime.dir/C_/Dev/OpenU5-Native/native/targets/tdeck/host_tests/host_stubs/device_smoke_tests_host_stub.cpp.obj
[822/1649] Building CXX object CMakeFiles/a3_04f_render_runtime.dir/C_/Dev/OpenU5-Native/native/targets/tdeck/main/alpha_dialogue.cpp.obj
[823/1649] Building CXX object CMakeFiles/a3_04f_render_runtime.dir/C_/Dev/OpenU5-Native/native/targets/tdeck/main/dungeon_art_cache.cpp.obj
[824/1649] Building CXX object CMakeFiles/a4_ui1_chrome_runtime.dir/C_/Dev/OpenU5-Native/native/targets/tdeck/host_tests/alpha_runtime_host_fixture.cpp.obj
[825/1649] Building CXX object CMakeFiles/a4_ui1_chrome_runtime.dir/C_/Dev/OpenU5-Native/native/targets/tdeck/main/ui_input_adapter.cpp.obj
[826/1649] Building CXX object CMakeFiles/a4_ui1_chrome_runtime.dir/C_/Dev/OpenU5-Native/native/targets/tdeck/main/alpha_audio.cpp.obj
[827/1649] Building CXX object CMakeFiles/a4_ui1_chrome_runtime.dir/C_/Dev/OpenU5-Native/native/targets/tdeck/host_tests/board_shims/fake_tdeck_bus.cpp.obj
[828/1649] Building CXX object CMakeFiles/a4_ui1_chrome_runtime.dir/C_/Dev/OpenU5-Native/native/targets/tdeck/main/input_controller.cpp.obj
[829/1649] Building CXX object CMakeFiles/a4_ui1_chrome_runtime.dir/C_/Dev/OpenU5-Native/native/targets/tdeck/main/keyboard_matrix.cpp.obj
[830/1649] Building CXX object CMakeFiles/a3_04f_render_runtime.dir/C_/Dev/OpenU5-Native/native/targets/tdeck/main/native_renderer.cpp.obj
[831/1649] Building CXX object CMakeFiles/a4_ui1_chrome_runtime.dir/C_/Dev/OpenU5-Native/native/targets/tdeck/host_tests/host_stubs/alpha_save_memory_host_stub.cpp.obj
[832/1649] Building CXX object CMakeFiles/a4_ui1_chrome_runtime.dir/C_/Dev/OpenU5-Native/native/targets/tdeck/main/alpha_save_generation.cpp.obj
[833/1649] Building CXX object CMakeFiles/a4_ui1_chrome_runtime.dir/C_/Dev/OpenU5-Native/native/targets/tdeck/main/idle_service.cpp.obj
[834/1649] Building CXX object CMakeFiles/a4_ui2_title_runtime.dir/C_/Dev/OpenU5-Native/native/targets/tdeck/host_tests/host_stubs/tdeck_input_host_stub.cpp.obj
[835/1649] Building CXX object CMakeFiles/a3_hf2_ambient_parity.dir/C_/Dev/OpenU5-Native/native/targets/tdeck/main/alpha_runtime.cpp.obj
[836/1649] Building CXX object CMakeFiles/a4_ui1_chrome_runtime.dir/C_/Dev/OpenU5-Native/native/targets/tdeck/main/asset_pack.cpp.obj
[837/1649] Building CXX object CMakeFiles/a4_ui1_chrome_runtime.dir/C_/Dev/OpenU5-Native/native/targets/tdeck/host_tests/host_stubs/device_smoke_tests_host_stub.cpp.obj
[838/1649] Building CXX object CMakeFiles/a4_ui1_chrome_runtime.dir/C_/Dev/OpenU5-Native/native/targets/tdeck/main/alpha_resources.cpp.obj
[839/1649] Building CXX object CMakeFiles/a4_ui1_chrome_runtime.dir/C_/Dev/OpenU5-Native/native/targets/tdeck/main/dungeon_art_cache.cpp.obj
[840/1649] Building CXX object CMakeFiles/a3_04f_render_runtime.dir/C_/Dev/OpenU5-Native/native/targets/tdeck/main/tdeck_board.cpp.obj
[841/1649] Building CXX object CMakeFiles/a4_ui2_title_runtime.dir/C_/Dev/OpenU5-Native/native/targets/tdeck/host_tests/alpha_runtime_host_fixture.cpp.obj
[842/1649] Building CXX object CMakeFiles/a4_ui1_chrome_runtime.dir/C_/Dev/OpenU5-Native/native/targets/tdeck/main/alpha_dialogue.cpp.obj
[843/1649] Building CXX object CMakeFiles/a3_hf2_1_dispatch_log.dir/C_/Dev/OpenU5-Native/native/targets/tdeck/main/alpha_runtime.cpp.obj
[844/1649] Building CXX object CMakeFiles/a4_ui2_title_runtime.dir/C_/Dev/OpenU5-Native/native/targets/tdeck/main/alpha_audio.cpp.obj
[845/1649] Building CXX object CMakeFiles/a4_ui2_title_runtime.dir/C_/Dev/OpenU5-Native/native/targets/tdeck/main/input_controller.cpp.obj
[846/1649] Building CXX object CMakeFiles/a4_ui2_title_runtime.dir/C_/Dev/OpenU5-Native/native/targets/tdeck/main/ui_input_adapter.cpp.obj
[847/1649] Building CXX object CMakeFiles/a4_ui2_title_runtime.dir/C_/Dev/OpenU5-Native/native/targets/tdeck/main/keyboard_matrix.cpp.obj
[848/1649] Building CXX object CMakeFiles/a4_ui1_chrome_runtime.dir/C_/Dev/OpenU5-Native/native/targets/tdeck/main/native_renderer.cpp.obj
[849/1649] Building CXX object CMakeFiles/a4_ui2_title_runtime.dir/C_/Dev/OpenU5-Native/native/targets/tdeck/host_tests/board_shims/fake_tdeck_bus.cpp.obj
[850/1649] Building CXX object CMakeFiles/a4_ui2_title_runtime.dir/C_/Dev/OpenU5-Native/native/targets/tdeck/main/alpha_save_generation.cpp.obj
[851/1649] Building CXX object CMakeFiles/a4_ui2_title_runtime.dir/C_/Dev/OpenU5-Native/native/targets/tdeck/main/idle_service.cpp.obj
[852/1649] Building CXX object CMakeFiles/a4_ui2_title_runtime.dir/C_/Dev/OpenU5-Native/native/targets/tdeck/host_tests/host_stubs/alpha_save_memory_host_stub.cpp.obj
[853/1649] Building CXX object CMakeFiles/a4_ui2_death_music_runtime.dir/C_/Dev/OpenU5-Native/native/targets/tdeck/host_tests/host_stubs/tdeck_input_host_stub.cpp.obj
[854/1649] Building CXX object CMakeFiles/a3_04f_render_runtime.dir/C_/Dev/OpenU5-Native/native/targets/tdeck/host_tests/a3_04f_render_runtime_test.cpp.obj
[855/1649] Building CXX object CMakeFiles/a4_ui2_title_runtime.dir/C_/Dev/OpenU5-Native/native/targets/tdeck/host_tests/host_stubs/device_smoke_tests_host_stub.cpp.obj
[856/1649] Building CXX object CMakeFiles/a4_ui2_title_runtime.dir/C_/Dev/OpenU5-Native/native/targets/tdeck/main/asset_pack.cpp.obj
[857/1649] Building CXX object CMakeFiles/a4_ui2_title_runtime.dir/C_/Dev/OpenU5-Native/native/targets/tdeck/main/alpha_dialogue.cpp.obj
[858/1649] Building CXX object CMakeFiles/a4_ui1_chrome_runtime.dir/C_/Dev/OpenU5-Native/native/targets/tdeck/host_tests/a4_ui1_chrome_runtime_test.cpp.obj
[859/1649] Building CXX object CMakeFiles/a3_04f_render_runtime.dir/C_/Dev/OpenU5-Native/native/targets/tdeck/main/alpha_runtime.cpp.obj
[860/1649] Building CXX object CMakeFiles/a4_ui2_title_runtime.dir/C_/Dev/OpenU5-Native/native/targets/tdeck/main/dungeon_art_cache.cpp.obj
[861/1649] Building CXX object CMakeFiles/a4_ui2_title_runtime.dir/C_/Dev/OpenU5-Native/native/targets/tdeck/main/alpha_resources.cpp.obj
[862/1649] Building CXX object CMakeFiles/a4_ui2_title_runtime.dir/C_/Dev/OpenU5-Native/native/targets/tdeck/host_tests/a4_ui2_title_runtime_test.cpp.obj
[863/1649] Building CXX object CMakeFiles/a4_ui2_death_music_runtime.dir/C_/Dev/OpenU5-Native/native/targets/tdeck/host_tests/alpha_runtime_host_fixture.cpp.obj
[864/1649] Building CXX object CMakeFiles/a4_ui1_chrome_runtime.dir/C_/Dev/OpenU5-Native/native/targets/tdeck/main/tdeck_board.cpp.obj
[865/1649] Building CXX object CMakeFiles/a4_ui2_title_runtime.dir/C_/Dev/OpenU5-Native/native/targets/tdeck/main/native_renderer.cpp.obj
[866/1649] Building CXX object CMakeFiles/a4_ui2_death_music_runtime.dir/C_/Dev/OpenU5-Native/native/targets/tdeck/main/idle_service.cpp.obj
[867/1649] Building CXX object CMakeFiles/a4_ui2_death_music_runtime.dir/C_/Dev/OpenU5-Native/native/targets/tdeck/main/keyboard_matrix.cpp.obj
[868/1649] Building CXX object CMakeFiles/a4_ui2_death_music_runtime.dir/C_/Dev/OpenU5-Native/native/targets/tdeck/main/ui_input_adapter.cpp.obj
[869/1649] Building CXX object CMakeFiles/a4_ui2_death_music_runtime.dir/C_/Dev/OpenU5-Native/native/targets/tdeck/host_tests/board_shims/fake_tdeck_bus.cpp.obj
[870/1649] Building CXX object CMakeFiles/a4_ui2_death_music_runtime.dir/C_/Dev/OpenU5-Native/native/targets/tdeck/main/alpha_save_generation.cpp.obj
[871/1649] Building CXX object CMakeFiles/a4_ui2_death_music_runtime.dir/C_/Dev/OpenU5-Native/native/targets/tdeck/main/alpha_audio.cpp.obj
[872/1649] Building CXX object CMakeFiles/a4_ui2_death_music_runtime.dir/C_/Dev/OpenU5-Native/native/targets/tdeck/host_tests/host_stubs/alpha_save_memory_host_stub.cpp.obj
[873/1649] Building CXX object CMakeFiles/a4_ui2_death_music_runtime.dir/C_/Dev/OpenU5-Native/native/targets/tdeck/main/input_controller.cpp.obj
[874/1649] Building CXX object CMakeFiles/a4_ui2_save_menu_runtime.dir/C_/Dev/OpenU5-Native/native/targets/tdeck/host_tests/host_stubs/tdeck_input_host_stub.cpp.obj
[875/1649] Building CXX object CMakeFiles/a4_ui2_death_music_runtime.dir/C_/Dev/OpenU5-Native/native/targets/tdeck/main/asset_pack.cpp.obj
[876/1649] Building CXX object CMakeFiles/a4_ui2_death_music_runtime.dir/C_/Dev/OpenU5-Native/native/targets/tdeck/host_tests/host_stubs/device_smoke_tests_host_stub.cpp.obj
[877/1649] Building CXX object CMakeFiles/a4_ui2_death_music_runtime.dir/C_/Dev/OpenU5-Native/native/targets/tdeck/main/dungeon_art_cache.cpp.obj
[878/1649] Building CXX object CMakeFiles/a4_ui2_death_music_runtime.dir/C_/Dev/OpenU5-Native/native/targets/tdeck/main/alpha_resources.cpp.obj
[879/1649] Building CXX object CMakeFiles/a4_ui2_death_music_runtime.dir/C_/Dev/OpenU5-Native/native/targets/tdeck/host_tests/a4_ui2_death_music_runtime_test.cpp.obj
[880/1649] Building CXX object CMakeFiles/a4_ui2_death_music_runtime.dir/C_/Dev/OpenU5-Native/native/targets/tdeck/main/alpha_dialogue.cpp.obj
[881/1649] Building CXX object CMakeFiles/a4_ui2_title_runtime.dir/C_/Dev/OpenU5-Native/native/targets/tdeck/main/tdeck_board.cpp.obj
[882/1649] Building CXX object CMakeFiles/a4_ui2_death_music_runtime.dir/C_/Dev/OpenU5-Native/native/targets/tdeck/main/native_renderer.cpp.obj
[883/1649] Building CXX object CMakeFiles/a4_ui2_save_menu_runtime.dir/C_/Dev/OpenU5-Native/native/targets/tdeck/host_tests/alpha_runtime_host_fixture.cpp.obj
[884/1649] Building CXX object CMakeFiles/a4_ui2_save_menu_runtime.dir/C_/Dev/OpenU5-Native/native/targets/tdeck/host_tests/board_shims/fake_tdeck_bus.cpp.obj
[885/1649] Building CXX object CMakeFiles/a4_ui2_save_menu_runtime.dir/C_/Dev/OpenU5-Native/native/targets/tdeck/main/alpha_audio.cpp.obj
[886/1649] Building CXX object CMakeFiles/a4_ui1_chrome_runtime.dir/C_/Dev/OpenU5-Native/native/targets/tdeck/main/alpha_runtime.cpp.obj
[887/1649] Building CXX object CMakeFiles/a4_ui2_save_menu_runtime.dir/C_/Dev/OpenU5-Native/native/targets/tdeck/main/idle_service.cpp.obj
[888/1649] Building CXX object CMakeFiles/a4_ui2_save_menu_runtime.dir/C_/Dev/OpenU5-Native/native/targets/tdeck/main/ui_input_adapter.cpp.obj
[889/1649] Building CXX object CMakeFiles/a4_ui2_save_menu_runtime.dir/C_/Dev/OpenU5-Native/native/targets/tdeck/main/keyboard_matrix.cpp.obj
[890/1649] Building CXX object CMakeFiles/a4_ui2_save_menu_runtime.dir/C_/Dev/OpenU5-Native/native/targets/tdeck/main/input_controller.cpp.obj
[891/1649] Building CXX object CMakeFiles/a4_ui2_save_menu_runtime.dir/C_/Dev/OpenU5-Native/native/targets/tdeck/host_tests/host_stubs/alpha_save_memory_host_stub.cpp.obj
[892/1649] Building CXX object CMakeFiles/a4_ui2_save_menu_runtime.dir/C_/Dev/OpenU5-Native/native/targets/tdeck/main/alpha_save_generation.cpp.obj
[893/1649] Building CXX object CMakeFiles/a3_hf3_combat_hit_runtime.dir/C_/Dev/OpenU5-Native/native/targets/tdeck/host_tests/host_stubs/tdeck_input_host_stub.cpp.obj
[894/1649] Building CXX object CMakeFiles/a4_ui2_save_menu_runtime.dir/C_/Dev/OpenU5-Native/native/targets/tdeck/main/asset_pack.cpp.obj
[895/1649] Building CXX object CMakeFiles/a4_ui2_save_menu_runtime.dir/C_/Dev/OpenU5-Native/native/targets/tdeck/host_tests/host_stubs/device_smoke_tests_host_stub.cpp.obj
[896/1649] Building CXX object CMakeFiles/a3_hf3_combat_hit_cue.dir/tests/a3_hf3_combat_hit_cue_test.cpp.obj
[897/1649] Building CXX object CMakeFiles/a4_ui2_save_menu_runtime.dir/C_/Dev/OpenU5-Native/native/targets/tdeck/main/dungeon_art_cache.cpp.obj
[898/1649] Building CXX object CMakeFiles/a4_ui2_save_menu_runtime.dir/C_/Dev/OpenU5-Native/native/targets/tdeck/main/alpha_resources.cpp.obj
[899/1649] Building CXX object CMakeFiles/a4_ui2_title_runtime.dir/C_/Dev/OpenU5-Native/native/targets/tdeck/main/alpha_runtime.cpp.obj
[900/1649] Building CXX object CMakeFiles/a4_ui2_save_menu_runtime.dir/C_/Dev/OpenU5-Native/native/targets/tdeck/main/alpha_dialogue.cpp.obj
[901/1649] Building CXX object CMakeFiles/a4_ui2_death_music_runtime.dir/C_/Dev/OpenU5-Native/native/targets/tdeck/main/tdeck_board.cpp.obj
[902/1649] Building CXX object CMakeFiles/a3_hf3_combat_hit_runtime.dir/C_/Dev/OpenU5-Native/native/targets/tdeck/main/input_controller.cpp.obj
[903/1649] Building CXX object CMakeFiles/a3_hf3_combat_hit_runtime.dir/C_/Dev/OpenU5-Native/native/targets/tdeck/host_tests/alpha_runtime_host_fixture.cpp.obj
[904/1649] Building CXX object CMakeFiles/a3_hf3_combat_hit_runtime.dir/C_/Dev/OpenU5-Native/native/targets/tdeck/main/ui_input_adapter.cpp.obj
[905/1649] Building CXX object CMakeFiles/a3_hf3_combat_hit_runtime.dir/C_/Dev/OpenU5-Native/native/targets/tdeck/main/keyboard_matrix.cpp.obj
[906/1649] Building CXX object CMakeFiles/a3_hf3_combat_hit_runtime.dir/C_/Dev/OpenU5-Native/native/targets/tdeck/host_tests/board_shims/fake_tdeck_bus.cpp.obj
[907/1649] Building CXX object CMakeFiles/a3_hf3_combat_hit_runtime.dir/C_/Dev/OpenU5-Native/native/targets/tdeck/main/idle_service.cpp.obj
[908/1649] Building CXX object CMakeFiles/a3_hf3_combat_hit_runtime.dir/C_/Dev/OpenU5-Native/native/targets/tdeck/main/alpha_save_generation.cpp.obj
[909/1649] Building CXX object CMakeFiles/a4_ui2_save_menu_runtime.dir/C_/Dev/OpenU5-Native/native/targets/tdeck/main/native_renderer.cpp.obj
[910/1649] Building CXX object CMakeFiles/a3_hf3_combat_hit_runtime.dir/C_/Dev/OpenU5-Native/native/targets/tdeck/main/alpha_audio.cpp.obj
[911/1649] Building CXX object CMakeFiles/a3_hf3_combat_hit_runtime.dir/C_/Dev/OpenU5-Native/native/targets/tdeck/host_tests/host_stubs/alpha_save_memory_host_stub.cpp.obj
[912/1649] Building CXX object CMakeFiles/a3_04g_storage_runtime.dir/C_/Dev/OpenU5-Native/native/targets/tdeck/host_tests/host_stubs/tdeck_input_host_stub.cpp.obj
[913/1649] Building CXX object CMakeFiles/a3_hf3_combat_hit_runtime.dir/C_/Dev/OpenU5-Native/native/targets/tdeck/main/asset_pack.cpp.obj
[914/1649] Building CXX object CMakeFiles/a3_hf3_combat_hit_runtime.dir/C_/Dev/OpenU5-Native/native/targets/tdeck/host_tests/host_stubs/device_smoke_tests_host_stub.cpp.obj
[915/1649] Building CXX object CMakeFiles/a4_ui2_save_menu_runtime.dir/C_/Dev/OpenU5-Native/native/targets/tdeck/host_tests/a4_ui2_save_menu_runtime_test.cpp.obj
[916/1649] Building CXX object CMakeFiles/a3_hf3_combat_hit_runtime.dir/C_/Dev/OpenU5-Native/native/targets/tdeck/main/alpha_resources.cpp.obj
[917/1649] Building CXX object CMakeFiles/a3_hf3_combat_hit_runtime.dir/C_/Dev/OpenU5-Native/native/targets/tdeck/main/dungeon_art_cache.cpp.obj
[918/1649] Building CXX object CMakeFiles/a3_hf3_combat_hit_runtime.dir/C_/Dev/OpenU5-Native/native/targets/tdeck/main/alpha_dialogue.cpp.obj
[919/1649] Building CXX object CMakeFiles/a3_hf3_combat_hit_runtime.dir/C_/Dev/OpenU5-Native/native/targets/tdeck/host_tests/a3_hf3_combat_hit_runtime_test.cpp.obj
[920/1649] Building CXX object CMakeFiles/a3_04g_storage_runtime.dir/C_/Dev/OpenU5-Native/native/targets/tdeck/main/input_controller.cpp.obj
[921/1649] Building CXX object CMakeFiles/a3_04g_storage_runtime.dir/C_/Dev/OpenU5-Native/native/targets/tdeck/main/ui_input_adapter.cpp.obj
[922/1649] Building CXX object CMakeFiles/a3_hf3_combat_hit_runtime.dir/C_/Dev/OpenU5-Native/native/targets/tdeck/main/native_renderer.cpp.obj
[923/1649] Building CXX object CMakeFiles/a4_ui2_save_menu_runtime.dir/C_/Dev/OpenU5-Native/native/targets/tdeck/main/tdeck_board.cpp.obj
[924/1649] Building CXX object CMakeFiles/a3_04g_storage_runtime.dir/C_/Dev/OpenU5-Native/native/targets/tdeck/host_tests/host_stubs/tdeck_board_host_stub.cpp.obj
[925/1649] Building CXX object CMakeFiles/a3_04g_storage_runtime.dir/C_/Dev/OpenU5-Native/native/targets/tdeck/main/alpha_save_generation.cpp.obj
[926/1649] Building CXX object CMakeFiles/a3_04g_storage_runtime.dir/C_/Dev/OpenU5-Native/native/targets/tdeck/host_tests/alpha_runtime_host_fixture.cpp.obj
[927/1649] Building CXX object CMakeFiles/a3_04g_storage_runtime.dir/C_/Dev/OpenU5-Native/native/targets/tdeck/main/keyboard_matrix.cpp.obj
[928/1649] Building CXX object CMakeFiles/a4_ui2_death_music_runtime.dir/C_/Dev/OpenU5-Native/native/targets/tdeck/main/alpha_runtime.cpp.obj
[929/1649] Building CXX object CMakeFiles/a4_save1_recovery_runtime.dir/C_/Dev/OpenU5-Native/native/targets/tdeck/host_tests/host_stubs/tdeck_input_host_stub.cpp.obj
[930/1649] Building CXX object CMakeFiles/a3_04g_storage_runtime.dir/C_/Dev/OpenU5-Native/native/targets/tdeck/host_tests/sd_shims/host_sd_vfs.cpp.obj
[931/1649] Building CXX object CMakeFiles/a3_04g_storage_runtime.dir/C_/Dev/OpenU5-Native/native/targets/tdeck/main/asset_pack.cpp.obj
[932/1649] Building CXX object CMakeFiles/a3_04g_storage_runtime.dir/C_/Dev/OpenU5-Native/native/targets/tdeck/host_tests/host_stubs/device_smoke_tests_host_stub.cpp.obj
[933/1649] Building CXX object CMakeFiles/a3_04g_storage_runtime.dir/C_/Dev/OpenU5-Native/native/targets/tdeck/main/alpha_resources.cpp.obj
[934/1649] Building CXX object CMakeFiles/a3_04g_storage_runtime.dir/C_/Dev/OpenU5-Native/native/targets/tdeck/main/dungeon_art_cache.cpp.obj
[935/1649] Building CXX object CMakeFiles/a3_04g_storage_runtime.dir/C_/Dev/OpenU5-Native/native/targets/tdeck/main/alpha_dialogue.cpp.obj
[936/1649] Building CXX object CMakeFiles/a4_save1_recovery_runtime.dir/C_/Dev/OpenU5-Native/native/targets/tdeck/main/ui_input_adapter.cpp.obj
[937/1649] Building CXX object CMakeFiles/a4_save1_recovery_runtime.dir/C_/Dev/OpenU5-Native/native/targets/tdeck/host_tests/host_stubs/tdeck_board_host_stub.cpp.obj
[938/1649] Building CXX object CMakeFiles/a3_04g_storage_runtime.dir/C_/Dev/OpenU5-Native/native/targets/tdeck/main/native_renderer.cpp.obj
[939/1649] Building CXX object CMakeFiles/a4_save1_recovery_runtime.dir/C_/Dev/OpenU5-Native/native/targets/tdeck/host_tests/alpha_runtime_host_fixture.cpp.obj
[940/1649] Building CXX object CMakeFiles/a4_ui2_save_menu_runtime.dir/C_/Dev/OpenU5-Native/native/targets/tdeck/main/alpha_runtime.cpp.obj
[941/1649] Building CXX object CMakeFiles/a4_save1_recovery_runtime.dir/C_/Dev/OpenU5-Native/native/targets/tdeck/main/keyboard_matrix.cpp.obj
[942/1649] Building CXX object CMakeFiles/a4_save1_recovery_runtime.dir/C_/Dev/OpenU5-Native/native/targets/tdeck/main/input_controller.cpp.obj
[943/1649] Building CXX object CMakeFiles/a4_save1_recovery_runtime.dir/C_/Dev/OpenU5-Native/native/targets/tdeck/main/alpha_save_generation.cpp.obj
[944/1649] Building CXX object CMakeFiles/a3_hf3_combat_hit_runtime.dir/C_/Dev/OpenU5-Native/native/targets/tdeck/main/tdeck_board.cpp.obj
[945/1649] Building CXX object CMakeFiles/a4_save2_slots_runtime.dir/C_/Dev/OpenU5-Native/native/targets/tdeck/host_tests/host_stubs/tdeck_input_host_stub.cpp.obj
[946/1649] Building CXX object CMakeFiles/a3_04g_storage_runtime.dir/C_/Dev/OpenU5-Native/native/targets/tdeck/main/alpha_save.cpp.obj
[947/1649] Building CXX object CMakeFiles/a4_save1_recovery_runtime.dir/C_/Dev/OpenU5-Native/native/targets/tdeck/host_tests/sd_shims/host_sd_vfs.cpp.obj
[948/1649] Building CXX object CMakeFiles/a4_save2_slots_runtime.dir/C_/Dev/OpenU5-Native/native/targets/tdeck/main/ui_input_adapter.cpp.obj
[949/1649] Building CXX object CMakeFiles/a4_save1_recovery_runtime.dir/C_/Dev/OpenU5-Native/native/targets/tdeck/host_tests/host_stubs/device_smoke_tests_host_stub.cpp.obj
[950/1649] Building CXX object CMakeFiles/a3_04g_storage_runtime.dir/C_/Dev/OpenU5-Native/native/targets/tdeck/host_tests/a3_04g_storage_runtime_test.cpp.obj
[951/1649] Building CXX object CMakeFiles/a4_save1_recovery_runtime.dir/C_/Dev/OpenU5-Native/native/targets/tdeck/main/asset_pack.cpp.obj
[952/1649] Building CXX object CMakeFiles/a4_save1_recovery_runtime.dir/C_/Dev/OpenU5-Native/native/targets/tdeck/main/alpha_resources.cpp.obj
[953/1649] Building CXX object CMakeFiles/a4_save1_recovery_runtime.dir/C_/Dev/OpenU5-Native/native/targets/tdeck/main/dungeon_art_cache.cpp.obj
[954/1649] Building CXX object CMakeFiles/a4_save1_recovery_runtime.dir/C_/Dev/OpenU5-Native/native/targets/tdeck/main/alpha_dialogue.cpp.obj
[955/1649] Building CXX object CMakeFiles/a4_save2_slots_runtime.dir/C_/Dev/OpenU5-Native/native/targets/tdeck/main/keyboard_matrix.cpp.obj
[956/1649] Building CXX object CMakeFiles/a4_save2_slots_runtime.dir/C_/Dev/OpenU5-Native/native/targets/tdeck/main/input_controller.cpp.obj
[957/1649] Building CXX object CMakeFiles/a4_save2_slots_runtime.dir/C_/Dev/OpenU5-Native/native/targets/tdeck/host_tests/alpha_runtime_host_fixture.cpp.obj
[958/1649] Building CXX object CMakeFiles/a4_save2_slots_runtime.dir/C_/Dev/OpenU5-Native/native/targets/tdeck/host_tests/host_stubs/tdeck_board_host_stub.cpp.obj
[959/1649] Building CXX object CMakeFiles/a4_save1_recovery_runtime.dir/C_/Dev/OpenU5-Native/native/targets/tdeck/main/native_renderer.cpp.obj
[960/1649] Building CXX object CMakeFiles/a4_save1_recovery_runtime.dir/C_/Dev/OpenU5-Native/native/targets/tdeck/host_tests/a4_save1_recovery_runtime_test.cpp.obj
[961/1649] Building CXX object CMakeFiles/a4_save2_slots_runtime.dir/C_/Dev/OpenU5-Native/native/targets/tdeck/main/alpha_save_generation.cpp.obj
[962/1649] Building CXX object CMakeFiles/a3_hf3_combat_hit_runtime.dir/C_/Dev/OpenU5-Native/native/targets/tdeck/main/alpha_runtime.cpp.obj
[963/1649] Building CXX object CMakeFiles/a4_save3_pc_bridge_runtime.dir/C_/Dev/OpenU5-Native/native/targets/tdeck/host_tests/host_stubs/tdeck_input_host_stub.cpp.obj
[964/1649] Building CXX object CMakeFiles/a4_save1_recovery_runtime.dir/C_/Dev/OpenU5-Native/native/targets/tdeck/main/alpha_save.cpp.obj
[965/1649] Building CXX object CMakeFiles/a4_save2_slots_runtime.dir/C_/Dev/OpenU5-Native/native/targets/tdeck/host_tests/sd_shims/host_sd_vfs.cpp.obj
[966/1649] Building CXX object CMakeFiles/a4_save3_pc_bridge_runtime.dir/C_/Dev/OpenU5-Native/native/targets/tdeck/main/ui_input_adapter.cpp.obj
[967/1649] Building CXX object CMakeFiles/a4_save3_pc_bridge_runtime.dir/C_/Dev/OpenU5-Native/native/targets/tdeck/main/input_controller.cpp.obj
[968/1649] Building CXX object CMakeFiles/a4_save3_pc_bridge_runtime.dir/C_/Dev/OpenU5-Native/native/targets/tdeck/main/keyboard_matrix.cpp.obj
[969/1649] Building CXX object CMakeFiles/a4_save2_slots_runtime.dir/C_/Dev/OpenU5-Native/native/targets/tdeck/main/asset_pack.cpp.obj
[970/1649] Building CXX object CMakeFiles/a4_save2_slots_runtime.dir/C_/Dev/OpenU5-Native/native/targets/tdeck/host_tests/host_stubs/device_smoke_tests_host_stub.cpp.obj
[971/1649] Building CXX object CMakeFiles/a4_save2_slots_runtime.dir/C_/Dev/OpenU5-Native/native/targets/tdeck/main/alpha_dialogue.cpp.obj
[972/1649] Building CXX object CMakeFiles/a4_save2_slots_runtime.dir/C_/Dev/OpenU5-Native/native/targets/tdeck/main/alpha_resources.cpp.obj
[973/1649] Building CXX object CMakeFiles/a4_save2_slots_runtime.dir/C_/Dev/OpenU5-Native/native/targets/tdeck/main/dungeon_art_cache.cpp.obj
[974/1649] Building CXX object CMakeFiles/a4_save3_pc_bridge_runtime.dir/C_/Dev/OpenU5-Native/native/targets/tdeck/host_tests/host_stubs/device_smoke_tests_host_stub.cpp.obj
[975/1649] Building CXX object CMakeFiles/a4_save2_slots_runtime.dir/C_/Dev/OpenU5-Native/native/targets/tdeck/main/native_renderer.cpp.obj
[976/1649] Building CXX object CMakeFiles/a4_save3_pc_bridge_runtime.dir/C_/Dev/OpenU5-Native/native/targets/tdeck/host_tests/alpha_runtime_host_fixture.cpp.obj
[977/1649] Building CXX object CMakeFiles/a4_save3_pc_bridge_runtime.dir/C_/Dev/OpenU5-Native/native/targets/tdeck/host_tests/host_stubs/tdeck_board_host_stub.cpp.obj
[978/1649] Building CXX object CMakeFiles/a4_save2_slots_runtime.dir/C_/Dev/OpenU5-Native/native/targets/tdeck/main/alpha_save.cpp.obj
[979/1649] Building CXX object CMakeFiles/a4_save3_pc_bridge_runtime.dir/C_/Dev/OpenU5-Native/native/targets/tdeck/main/alpha_save_generation.cpp.obj
[980/1649] Building CXX object CMakeFiles/a4_enh1_preservation_runtime.dir/C_/Dev/OpenU5-Native/native/targets/tdeck/host_tests/host_stubs/tdeck_input_host_stub.cpp.obj
[981/1649] Building CXX object CMakeFiles/a3_04g_storage_runtime.dir/C_/Dev/OpenU5-Native/native/targets/tdeck/main/alpha_runtime.cpp.obj
[982/1649] Building CXX object CMakeFiles/a4_save2_slots_runtime.dir/C_/Dev/OpenU5-Native/native/targets/tdeck/host_tests/a4_save2_slots_runtime_test.cpp.obj
[983/1649] Building CXX object CMakeFiles/a4_save3_pc_bridge_runtime.dir/C_/Dev/OpenU5-Native/native/targets/tdeck/main/asset_pack.cpp.obj
[984/1649] Building CXX object CMakeFiles/a4_save3_pc_bridge_runtime.dir/C_/Dev/OpenU5-Native/native/targets/tdeck/host_tests/sd_shims/host_sd_vfs.cpp.obj
[985/1649] Building CXX object CMakeFiles/a4_save3_pc_bridge_runtime.dir/C_/Dev/OpenU5-Native/native/targets/tdeck/main/dungeon_art_cache.cpp.obj
[986/1649] Building CXX object CMakeFiles/a4_save3_pc_bridge_runtime.dir/C_/Dev/OpenU5-Native/native/targets/tdeck/main/alpha_resources.cpp.obj
[987/1649] Building CXX object CMakeFiles/a4_save3_pc_bridge_runtime.dir/C_/Dev/OpenU5-Native/native/targets/tdeck/main/alpha_dialogue.cpp.obj
[988/1649] Building CXX object CMakeFiles/a4_enh1_preservation.dir/tests/a4_enh1_preservation_test.cpp.obj
[989/1649] Building CXX object CMakeFiles/a4_save3_pc_bridge_runtime.dir/C_/Dev/OpenU5-Native/native/targets/tdeck/main/native_renderer.cpp.obj
[990/1649] Building CXX object CMakeFiles/a4_ui3_slot_rows.dir/tests/a4_ui3_slot_rows_test.cpp.obj
[991/1649] Building CXX object CMakeFiles/a4_save1_recovery_runtime.dir/C_/Dev/OpenU5-Native/native/targets/tdeck/main/alpha_runtime.cpp.obj
[992/1649] Building CXX object CMakeFiles/a4_enh1_preservation_runtime.dir/C_/Dev/OpenU5-Native/native/targets/tdeck/host_tests/alpha_runtime_host_fixture.cpp.obj
[993/1649] Building CXX object CMakeFiles/a4_enh1_preservation_runtime.dir/C_/Dev/OpenU5-Native/native/targets/tdeck/main/ui_input_adapter.cpp.obj
[994/1649] Building CXX object CMakeFiles/a4_enh1_preservation_runtime.dir/C_/Dev/OpenU5-Native/native/targets/tdeck/host_tests/host_stubs/alpha_save_memory_host_stub.cpp.obj
[995/1649] Building CXX object CMakeFiles/a4_enh1_preservation_runtime.dir/C_/Dev/OpenU5-Native/native/targets/tdeck/main/alpha_audio.cpp.obj
[996/1649] Building CXX object CMakeFiles/a4_enh1_preservation_runtime.dir/C_/Dev/OpenU5-Native/native/targets/tdeck/main/keyboard_matrix.cpp.obj
[997/1649] Building CXX object CMakeFiles/a4_enh1_preservation_runtime.dir/C_/Dev/OpenU5-Native/native/targets/tdeck/main/alpha_save_generation.cpp.obj
[998/1649] Building CXX object CMakeFiles/a4_save3_pc_bridge_runtime.dir/C_/Dev/OpenU5-Native/native/targets/tdeck/main/alpha_save.cpp.obj
[999/1649] Building CXX object CMakeFiles/a4_enh1_preservation_runtime.dir/C_/Dev/OpenU5-Native/native/targets/tdeck/main/input_controller.cpp.obj
[1000/1649] Building CXX object CMakeFiles/a4_enh1_preservation_runtime.dir/C_/Dev/OpenU5-Native/native/targets/tdeck/host_tests/a4_enh1_preservation_runtime_test.cpp.obj
[1001/1649] Building CXX object CMakeFiles/a4_enh1_preservation_runtime.dir/C_/Dev/OpenU5-Native/native/targets/tdeck/host_tests/host_stubs/batch37_board_capture_stub.cpp.obj
[1002/1649] Building CXX object CMakeFiles/a4_enh1_runtime.dir/C_/Dev/OpenU5-Native/native/targets/tdeck/main/ui_input_adapter.cpp.obj
[1003/1649] Building CXX object CMakeFiles/a4_enh1_preservation_runtime.dir/C_/Dev/OpenU5-Native/native/targets/tdeck/host_tests/host_stubs/device_smoke_tests_host_stub.cpp.obj
[1004/1649] Building CXX object CMakeFiles/a4_enh1_preservation_runtime.dir/C_/Dev/OpenU5-Native/native/targets/tdeck/main/asset_pack.cpp.obj
[1005/1649] Building CXX object CMakeFiles/a4_enh1_preservation_runtime.dir/C_/Dev/OpenU5-Native/native/targets/tdeck/main/alpha_resources.cpp.obj
[1006/1649] Building CXX object CMakeFiles/a4_enh1_runtime.dir/C_/Dev/OpenU5-Native/native/targets/tdeck/host_tests/host_stubs/tdeck_input_host_stub.cpp.obj
[1007/1649] Building CXX object CMakeFiles/a4_enh1_preservation_runtime.dir/C_/Dev/OpenU5-Native/native/targets/tdeck/main/dungeon_art_cache.cpp.obj
[1008/1649] Building CXX object CMakeFiles/a4_enh1_preservation_runtime.dir/C_/Dev/OpenU5-Native/native/targets/tdeck/main/alpha_dialogue.cpp.obj
[1009/1649] Building CXX object CMakeFiles/a4_enh1_rules.dir/tests/a4_enh1_rules_test.cpp.obj
[1010/1649] Building CXX object CMakeFiles/a4_enh1_runtime.dir/C_/Dev/OpenU5-Native/native/targets/tdeck/host_tests/alpha_runtime_host_fixture.cpp.obj
[1011/1649] Building CXX object CMakeFiles/a4_enh1_preservation_runtime.dir/C_/Dev/OpenU5-Native/native/targets/tdeck/main/native_renderer.cpp.obj
[1012/1649] Building CXX object CMakeFiles/a4_save2_slots_runtime.dir/C_/Dev/OpenU5-Native/native/targets/tdeck/main/alpha_runtime.cpp.obj
[1013/1649] Building CXX object CMakeFiles/a4_enh1_runtime.dir/C_/Dev/OpenU5-Native/native/targets/tdeck/main/alpha_audio.cpp.obj
[1014/1649] Building CXX object CMakeFiles/a4_enh1_runtime.dir/C_/Dev/OpenU5-Native/native/targets/tdeck/main/input_controller.cpp.obj
[1015/1649] Building CXX object CMakeFiles/a4_enh1_runtime.dir/C_/Dev/OpenU5-Native/native/targets/tdeck/main/keyboard_matrix.cpp.obj
[1016/1649] Building CXX object CMakeFiles/a4_enh1_runtime.dir/C_/Dev/OpenU5-Native/native/targets/tdeck/host_tests/host_stubs/alpha_save_memory_host_stub.cpp.obj
[1017/1649] Building CXX object CMakeFiles/a4_enh1_runtime.dir/C_/Dev/OpenU5-Native/native/targets/tdeck/main/alpha_save_generation.cpp.obj
[1018/1649] Building CXX object CMakeFiles/a4_enh1_runtime.dir/C_/Dev/OpenU5-Native/native/targets/tdeck/host_tests/host_stubs/batch37_board_capture_stub.cpp.obj
[1019/1649] Building CXX object CMakeFiles/a4_enh1_runtime.dir/C_/Dev/OpenU5-Native/native/targets/tdeck/main/asset_pack.cpp.obj
[1020/1649] Building CXX object CMakeFiles/a4_enh1_runtime.dir/C_/Dev/OpenU5-Native/native/targets/tdeck/host_tests/host_stubs/device_smoke_tests_host_stub.cpp.obj
[1021/1649] Building CXX object CMakeFiles/a4_enh2_preservation_runtime.dir/C_/Dev/OpenU5-Native/native/targets/tdeck/host_tests/host_stubs/tdeck_input_host_stub.cpp.obj
[1022/1649] Building CXX object CMakeFiles/a4_enh1_runtime.dir/C_/Dev/OpenU5-Native/native/targets/tdeck/main/alpha_resources.cpp.obj
[1023/1649] Building CXX object CMakeFiles/a4_enh1_runtime.dir/C_/Dev/OpenU5-Native/native/targets/tdeck/main/alpha_dialogue.cpp.obj
[1024/1649] Building CXX object CMakeFiles/a4_enh1_runtime.dir/C_/Dev/OpenU5-Native/native/targets/tdeck/main/dungeon_art_cache.cpp.obj
[1025/1649] Building CXX object CMakeFiles/a4_enh2_preservation_runtime.dir/C_/Dev/OpenU5-Native/native/targets/tdeck/main/ui_input_adapter.cpp.obj
[1026/1649] Building CXX object CMakeFiles/a4_enh2_preservation.dir/tests/a4_enh2_preservation_test.cpp.obj
[1027/1649] Building CXX object CMakeFiles/a4_save3_pc_bridge_runtime.dir/C_/Dev/OpenU5-Native/native/targets/tdeck/host_tests/a4_save3_pc_bridge_runtime_test.cpp.obj
[1028/1649] Building CXX object CMakeFiles/a4_enh1_runtime.dir/C_/Dev/OpenU5-Native/native/targets/tdeck/main/native_renderer.cpp.obj
[1029/1649] Building CXX object CMakeFiles/a4_save3_pc_bridge_runtime.dir/C_/Dev/OpenU5-Native/native/targets/tdeck/main/alpha_runtime.cpp.obj
[1030/1649] Building CXX object CMakeFiles/a4_enh2_preservation_runtime.dir/C_/Dev/OpenU5-Native/native/targets/tdeck/main/alpha_audio.cpp.obj
[1031/1649] Building CXX object CMakeFiles/a4_enh2_preservation_runtime.dir/C_/Dev/OpenU5-Native/native/targets/tdeck/host_tests/alpha_runtime_host_fixture.cpp.obj
[1032/1649] Building CXX object CMakeFiles/a4_enh2_preservation_runtime.dir/C_/Dev/OpenU5-Native/native/targets/tdeck/main/keyboard_matrix.cpp.obj
[1033/1649] Building CXX object CMakeFiles/a4_enh2_preservation_runtime.dir/C_/Dev/OpenU5-Native/native/targets/tdeck/main/input_controller.cpp.obj
[1034/1649] Building CXX object CMakeFiles/a4_parity2_d89_naval_ouch.dir/tests/a4_parity2_d89_naval_ouch_test.cpp.obj
[1035/1649] Building CXX object CMakeFiles/a4_parity2_d83_d84_resurrect.dir/tests/a4_parity2_d83_d84_resurrect_test.cpp.obj
[1036/1649] Building CXX object CMakeFiles/a4_enh1_runtime.dir/C_/Dev/OpenU5-Native/native/targets/tdeck/host_tests/a4_enh1_runtime_test.cpp.obj
[1037/1649] Building CXX object CMakeFiles/a4_enh2_preservation_runtime.dir/C_/Dev/OpenU5-Native/native/targets/tdeck/host_tests/host_stubs/alpha_save_memory_host_stub.cpp.obj
[1038/1649] Building CXX object CMakeFiles/a4_enh2_preservation_runtime.dir/C_/Dev/OpenU5-Native/native/targets/tdeck/host_tests/host_stubs/batch37_board_capture_stub.cpp.obj
[1039/1649] Building CXX object CMakeFiles/a4_parity2_d87_crop_food_cap.dir/tests/a4_parity2_d87_crop_food_cap_test.cpp.obj
[1040/1649] Building CXX object CMakeFiles/a4_parity2_d85_trapdoor_party.dir/tests/a4_parity2_d85_trapdoor_party_test.cpp.obj
C:/Dev/OpenU5-Native/native/core/tests/a4_parity2_d85_trapdoor_party_test.cpp: In function 'void {anonymous}::fill(Result&, const std::vector<Member>&, int, int)':
C:/Dev/OpenU5-Native/native/core/tests/a4_parity2_d85_trapdoor_party_test.cpp:94:23: warning: narrowing conversion of 'location' from 'int' to 'openu5::LocationId' {aka 'unsigned char'} [-Wnarrowing]
   94 |     g.position.map = {location, 0};
      |                       ^~~~~~~~
[1041/1649] Building CXX object CMakeFiles/a4_enh2_runtime.dir/C_/Dev/OpenU5-Native/native/targets/tdeck/host_tests/host_stubs/tdeck_input_host_stub.cpp.obj
[1042/1649] Building CXX object CMakeFiles/a4_enh2_preservation_runtime.dir/C_/Dev/OpenU5-Native/native/targets/tdeck/main/alpha_save_generation.cpp.obj
[1043/1649] Building CXX object CMakeFiles/a4_enh2_runtime.dir/C_/Dev/OpenU5-Native/native/targets/tdeck/main/alpha_audio.cpp.obj
[1044/1649] Building CXX object CMakeFiles/a4_enh2_preservation_runtime.dir/C_/Dev/OpenU5-Native/native/targets/tdeck/main/asset_pack.cpp.obj
[1045/1649] Building CXX object CMakeFiles/a4_enh2_preservation_runtime.dir/C_/Dev/OpenU5-Native/native/targets/tdeck/host_tests/a4_enh2_preservation_runtime_test.cpp.obj
[1046/1649] Building CXX object CMakeFiles/a4_enh2_runtime.dir/C_/Dev/OpenU5-Native/native/targets/tdeck/main/ui_input_adapter.cpp.obj
[1047/1649] Building CXX object CMakeFiles/a4_enh2_preservation_runtime.dir/C_/Dev/OpenU5-Native/native/targets/tdeck/host_tests/host_stubs/device_smoke_tests_host_stub.cpp.obj
[1048/1649] Building CXX object CMakeFiles/a4_enh2_runtime.dir/C_/Dev/OpenU5-Native/native/targets/tdeck/main/input_controller.cpp.obj
[1049/1649] Building CXX object CMakeFiles/a4_parity2_d88_combat_clock.dir/tests/a4_parity2_d88_combat_clock_test.cpp.obj
[1050/1649] Building CXX object CMakeFiles/a4_enh2_runtime.dir/C_/Dev/OpenU5-Native/native/targets/tdeck/main/keyboard_matrix.cpp.obj
[1051/1649] Building CXX object CMakeFiles/a4_enh2_preservation_runtime.dir/C_/Dev/OpenU5-Native/native/targets/tdeck/main/alpha_resources.cpp.obj
[1052/1649] Building CXX object CMakeFiles/a4_enh2_preservation_runtime.dir/C_/Dev/OpenU5-Native/native/targets/tdeck/main/alpha_dialogue.cpp.obj
[1053/1649] Building CXX object CMakeFiles/a4_enh2_runtime.dir/C_/Dev/OpenU5-Native/native/targets/tdeck/main/asset_pack.cpp.obj
[1054/1649] Building CXX object CMakeFiles/a4_enh1_preservation_runtime.dir/C_/Dev/OpenU5-Native/native/targets/tdeck/main/alpha_runtime.cpp.obj
[1055/1649] Building CXX object CMakeFiles/a4_enh2_preservation_runtime.dir/C_/Dev/OpenU5-Native/native/targets/tdeck/main/dungeon_art_cache.cpp.obj
[1056/1649] Building CXX object CMakeFiles/a4_enh2_runtime.dir/C_/Dev/OpenU5-Native/native/targets/tdeck/host_tests/alpha_runtime_host_fixture.cpp.obj
[1057/1649] Building CXX object CMakeFiles/a4_enh2_runtime.dir/C_/Dev/OpenU5-Native/native/targets/tdeck/host_tests/host_stubs/device_smoke_tests_host_stub.cpp.obj
[1058/1649] Building CXX object CMakeFiles/a4_enh2_rules.dir/tests/a4_enh2_rules_test.cpp.obj
[1059/1649] Building CXX object CMakeFiles/a4_enh2_preservation_runtime.dir/C_/Dev/OpenU5-Native/native/targets/tdeck/main/native_renderer.cpp.obj
[1060/1649] Building CXX object CMakeFiles/a4_polish3_keyboard_light.dir/tests/a4_polish3_keyboard_light_test.cpp.obj
[1061/1649] Building CXX object CMakeFiles/a4_polish3_keyboard_light_runtime.dir/C_/Dev/OpenU5-Native/native/targets/tdeck/host_tests/alpha_runtime_host_fixture.cpp.obj
[1062/1649] Building CXX object CMakeFiles/a4_enh2_runtime.dir/C_/Dev/OpenU5-Native/native/targets/tdeck/main/alpha_save_generation.cpp.obj
[1063/1649] Building CXX object CMakeFiles/a4_enh2_runtime.dir/C_/Dev/OpenU5-Native/native/targets/tdeck/host_tests/host_stubs/alpha_save_memory_host_stub.cpp.obj
[1064/1649] Building CXX object CMakeFiles/a4_enh2_runtime.dir/C_/Dev/OpenU5-Native/native/targets/tdeck/host_tests/host_stubs/batch37_board_capture_stub.cpp.obj
[1065/1649] Building CXX object CMakeFiles/a4_polish3_keyboard_light_runtime.dir/C_/Dev/OpenU5-Native/native/targets/tdeck/main/alpha_save_generation.cpp.obj
[1066/1649] Building CXX object CMakeFiles/a4_polish3_keyboard_light_runtime.dir/C_/Dev/OpenU5-Native/native/targets/tdeck/host_tests/host_stubs/tdeck_input_host_stub.cpp.obj
[1067/1649] Building CXX object CMakeFiles/a4_polish3_keyboard_light_runtime.dir/C_/Dev/OpenU5-Native/native/targets/tdeck/main/alpha_audio.cpp.obj
[1068/1649] Building CXX object CMakeFiles/a4_polish3_keyboard_light_runtime.dir/C_/Dev/OpenU5-Native/native/targets/tdeck/main/ui_input_adapter.cpp.obj
[1069/1649] Building CXX object CMakeFiles/a4_polish3_keyboard_light_runtime.dir/C_/Dev/OpenU5-Native/native/targets/tdeck/main/input_controller.cpp.obj
[1070/1649] Building CXX object CMakeFiles/a4_polish3_keyboard_light_runtime.dir/C_/Dev/OpenU5-Native/native/targets/tdeck/main/keyboard_matrix.cpp.obj
[1071/1649] Building CXX object CMakeFiles/a4_polish3_keyboard_light_runtime.dir/C_/Dev/OpenU5-Native/native/targets/tdeck/main/asset_pack.cpp.obj
[1072/1649] Building CXX object CMakeFiles/a4_enh2_runtime.dir/C_/Dev/OpenU5-Native/native/targets/tdeck/main/dungeon_art_cache.cpp.obj
[1073/1649] Building CXX object CMakeFiles/a4_enh2_runtime.dir/C_/Dev/OpenU5-Native/native/targets/tdeck/main/alpha_resources.cpp.obj
[1074/1649] Building CXX object CMakeFiles/a4_enh2_runtime.dir/C_/Dev/OpenU5-Native/native/targets/tdeck/main/alpha_dialogue.cpp.obj
[1075/1649] Building CXX object CMakeFiles/a4_polish3_keyboard_light_runtime.dir/C_/Dev/OpenU5-Native/native/targets/tdeck/main/dungeon_art_cache.cpp.obj
[1076/1649] Building CXX object CMakeFiles/a4_enh1_runtime.dir/C_/Dev/OpenU5-Native/native/targets/tdeck/main/alpha_runtime.cpp.obj
[1077/1649] Building CXX object CMakeFiles/a4_polish3_keyboard_light_runtime.dir/C_/Dev/OpenU5-Native/native/targets/tdeck/main/alpha_dialogue.cpp.obj
[1078/1649] Building CXX object CMakeFiles/a4_enh2_runtime.dir/C_/Dev/OpenU5-Native/native/targets/tdeck/main/native_renderer.cpp.obj
[1079/1649] Building CXX object CMakeFiles/a4_polish3_keyboard_light_runtime.dir/C_/Dev/OpenU5-Native/native/targets/tdeck/main/native_renderer.cpp.obj
[1080/1649] Building CXX object CMakeFiles/a4_polish3_keyboard_light_runtime.dir/C_/Dev/OpenU5-Native/native/targets/tdeck/host_tests/host_stubs/device_smoke_tests_host_stub.cpp.obj
[1081/1649] Building CXX object CMakeFiles/a4_ui3_save_ux_runtime.dir/C_/Dev/OpenU5-Native/native/targets/tdeck/host_tests/alpha_runtime_host_fixture.cpp.obj
[1082/1649] Building CXX object CMakeFiles/a4_polish3_keyboard_light_runtime.dir/C_/Dev/OpenU5-Native/native/targets/tdeck/host_tests/host_stubs/alpha_save_memory_host_stub.cpp.obj
[1083/1649] Building CXX object CMakeFiles/a4_ui3_save_ux_runtime.dir/C_/Dev/OpenU5-Native/native/targets/tdeck/host_tests/board_shims/fake_tdeck_bus.cpp.obj
[1084/1649] Building CXX object CMakeFiles/a4_polish3_keyboard_light_runtime.dir/C_/Dev/OpenU5-Native/native/targets/tdeck/host_tests/host_stubs/batch37_board_capture_stub.cpp.obj
[1085/1649] Building CXX object CMakeFiles/a4_ui3_save_ux_runtime.dir/C_/Dev/OpenU5-Native/native/targets/tdeck/main/idle_service.cpp.obj
[1086/1649] Building CXX object CMakeFiles/a4_enh2_runtime.dir/C_/Dev/OpenU5-Native/native/targets/tdeck/host_tests/a4_enh2_runtime_test.cpp.obj
[1087/1649] Building CXX object CMakeFiles/a4_ui3_save_ux_runtime.dir/C_/Dev/OpenU5-Native/native/targets/tdeck/main/alpha_save_generation.cpp.obj
[1088/1649] Building CXX object CMakeFiles/a4_ui3_save_ux_runtime.dir/C_/Dev/OpenU5-Native/native/targets/tdeck/host_tests/host_stubs/tdeck_input_host_stub.cpp.obj
[1089/1649] Building CXX object CMakeFiles/a4_ui3_save_ux_runtime.dir/C_/Dev/OpenU5-Native/native/targets/tdeck/main/alpha_audio.cpp.obj
[1090/1649] Building CXX object CMakeFiles/a4_ui3_save_ux_runtime.dir/C_/Dev/OpenU5-Native/native/targets/tdeck/main/ui_input_adapter.cpp.obj
[1091/1649] Building CXX object CMakeFiles/a4_polish3_keyboard_light_runtime.dir/C_/Dev/OpenU5-Native/native/targets/tdeck/host_tests/a4_polish3_keyboard_light_runtime_test.cpp.obj
[1092/1649] Building CXX object CMakeFiles/a4_ui3_save_ux_runtime.dir/C_/Dev/OpenU5-Native/native/targets/tdeck/main/input_controller.cpp.obj
[1093/1649] Building CXX object CMakeFiles/a4_polish3_keyboard_light_runtime.dir/C_/Dev/OpenU5-Native/native/targets/tdeck/main/alpha_resources.cpp.obj
[1094/1649] Building CXX object CMakeFiles/a4_ui3_save_ux_runtime.dir/C_/Dev/OpenU5-Native/native/targets/tdeck/main/keyboard_matrix.cpp.obj
[1095/1649] Building CXX object CMakeFiles/a4_ui3_save_ux_runtime.dir/C_/Dev/OpenU5-Native/native/targets/tdeck/main/alpha_resources.cpp.obj
[1096/1649] Building CXX object CMakeFiles/a4_ui3_save_ux_runtime.dir/C_/Dev/OpenU5-Native/native/targets/tdeck/main/asset_pack.cpp.obj
[1097/1649] Building CXX object CMakeFiles/a4_ui3_save_ux_runtime.dir/C_/Dev/OpenU5-Native/native/targets/tdeck/main/dungeon_art_cache.cpp.obj
[1098/1649] Building CXX object CMakeFiles/a4_ui3_save_ux_runtime.dir/C_/Dev/OpenU5-Native/native/targets/tdeck/main/alpha_dialogue.cpp.obj
[1099/1649] Building CXX object CMakeFiles/a4_ui3_save_ux_runtime.dir/C_/Dev/OpenU5-Native/native/targets/tdeck/main/native_renderer.cpp.obj
[1100/1649] Building CXX object CMakeFiles/a4_ui3_save_ux_runtime.dir/C_/Dev/OpenU5-Native/native/targets/tdeck/host_tests/host_stubs/device_smoke_tests_host_stub.cpp.obj
[1101/1649] Building CXX object CMakeFiles/a4_enh2_preservation_runtime.dir/C_/Dev/OpenU5-Native/native/targets/tdeck/main/alpha_runtime.cpp.obj
[1102/1649] Building CXX object CMakeFiles/a4_ui3_save_ux_runtime.dir/C_/Dev/OpenU5-Native/native/targets/tdeck/host_tests/sd_shims/host_sd_vfs.cpp.obj
[1103/1649] Building CXX object CMakeFiles/a4_parity2_d82_runtime.dir/C_/Dev/OpenU5-Native/native/targets/tdeck/host_tests/host_stubs/tdeck_input_host_stub.cpp.obj
[1104/1649] Building CXX object CMakeFiles/a4_parity2_d82_runtime.dir/C_/Dev/OpenU5-Native/native/targets/tdeck/main/alpha_audio.cpp.obj
[1105/1649] Building CXX object CMakeFiles/a4_parity2_d82_runtime.dir/C_/Dev/OpenU5-Native/native/targets/tdeck/main/ui_input_adapter.cpp.obj
[1106/1649] Building CXX object CMakeFiles/a4_parity2_d82_runtime.dir/C_/Dev/OpenU5-Native/native/targets/tdeck/main/input_controller.cpp.obj
[1107/1649] Building CXX object CMakeFiles/a4_parity2_d82_runtime.dir/C_/Dev/OpenU5-Native/native/targets/tdeck/main/keyboard_matrix.cpp.obj
[1108/1649] Building CXX object CMakeFiles/a4_enh2_runtime.dir/C_/Dev/OpenU5-Native/native/targets/tdeck/main/alpha_runtime.cpp.obj
[1109/1649] Building CXX object CMakeFiles/a4_parity2_d82_runtime.dir/C_/Dev/OpenU5-Native/native/targets/tdeck/host_tests/alpha_runtime_host_fixture.cpp.obj
[1110/1649] Building CXX object CMakeFiles/a4_parity2_d82_runtime.dir/C_/Dev/OpenU5-Native/native/targets/tdeck/main/idle_service.cpp.obj
[1111/1649] Building CXX object CMakeFiles/a4_parity2_d82_runtime.dir/C_/Dev/OpenU5-Native/native/targets/tdeck/host_tests/board_shims/fake_tdeck_bus.cpp.obj
[1112/1649] Building CXX object CMakeFiles/a4_parity2_d82_runtime.dir/C_/Dev/OpenU5-Native/native/targets/tdeck/main/alpha_save_generation.cpp.obj
[1113/1649] Building CXX object CMakeFiles/a4_parity2_d82_runtime.dir/C_/Dev/OpenU5-Native/native/targets/tdeck/host_tests/sd_shims/host_sd_vfs.cpp.obj
[1114/1649] Building CXX object CMakeFiles/a4_ui3_save_ux_runtime.dir/C_/Dev/OpenU5-Native/native/targets/tdeck/main/alpha_save.cpp.obj
[1115/1649] Building CXX object CMakeFiles/a4_end1_ending_runtime.dir/C_/Dev/OpenU5-Native/native/targets/tdeck/host_tests/host_stubs/tdeck_input_host_stub.cpp.obj
[1116/1649] Building CXX object CMakeFiles/a4_ui3_save_ux_runtime.dir/C_/Dev/OpenU5-Native/native/targets/tdeck/host_tests/a4_ui3_save_ux_runtime_test.cpp.obj
[1117/1649] Building CXX object CMakeFiles/a4_parity2_d82_runtime.dir/C_/Dev/OpenU5-Native/native/targets/tdeck/main/asset_pack.cpp.obj
[1118/1649] Building CXX object CMakeFiles/a4_parity2_d82_runtime.dir/C_/Dev/OpenU5-Native/native/targets/tdeck/host_tests/host_stubs/device_smoke_tests_host_stub.cpp.obj
[1119/1649] Building CXX object CMakeFiles/a4_parity2_d82_runtime.dir/C_/Dev/OpenU5-Native/native/targets/tdeck/main/alpha_resources.cpp.obj
[1120/1649] Building CXX object CMakeFiles/a4_polish3_keyboard_light_runtime.dir/C_/Dev/OpenU5-Native/native/targets/tdeck/main/alpha_runtime.cpp.obj
[1121/1649] Building CXX object CMakeFiles/a4_ui3_save_ux_runtime.dir/C_/Dev/OpenU5-Native/native/targets/tdeck/main/tdeck_board.cpp.obj
[1122/1649] Building CXX object CMakeFiles/a4_parity2_d82_runtime.dir/C_/Dev/OpenU5-Native/native/targets/tdeck/main/alpha_dialogue.cpp.obj
[1123/1649] Building CXX object CMakeFiles/a4_parity2_d82_runtime.dir/C_/Dev/OpenU5-Native/native/targets/tdeck/host_tests/a4_parity2_d82_runtime_test.cpp.obj
[1124/1649] Building CXX object CMakeFiles/a4_parity2_d82_runtime.dir/C_/Dev/OpenU5-Native/native/targets/tdeck/main/dungeon_art_cache.cpp.obj
[1125/1649] Building CXX object CMakeFiles/a4_end1_ending_runtime.dir/C_/Dev/OpenU5-Native/native/targets/tdeck/main/ui_input_adapter.cpp.obj
[1126/1649] Building CXX object CMakeFiles/a4_end1_ending_runtime.dir/C_/Dev/OpenU5-Native/native/targets/tdeck/host_tests/alpha_runtime_host_fixture.cpp.obj
[1127/1649] Building CXX object CMakeFiles/a4_end1_ending_runtime.dir/C_/Dev/OpenU5-Native/native/targets/tdeck/host_tests/board_shims/fake_tdeck_bus.cpp.obj
[1128/1649] Building CXX object CMakeFiles/a4_parity2_d82_runtime.dir/C_/Dev/OpenU5-Native/native/targets/tdeck/main/native_renderer.cpp.obj
[1129/1649] Building CXX object CMakeFiles/a4_end1_ending_runtime.dir/C_/Dev/OpenU5-Native/native/targets/tdeck/main/idle_service.cpp.obj
[1130/1649] Building CXX object CMakeFiles/a4_end1_ending_runtime.dir/C_/Dev/OpenU5-Native/native/targets/tdeck/main/keyboard_matrix.cpp.obj
[1131/1649] Building CXX object CMakeFiles/a4_end1_ending_runtime.dir/C_/Dev/OpenU5-Native/native/targets/tdeck/main/alpha_audio.cpp.obj
[1132/1649] Building CXX object CMakeFiles/a4_end1_ending_runtime.dir/C_/Dev/OpenU5-Native/native/targets/tdeck/host_tests/host_stubs/alpha_save_memory_host_stub.cpp.obj
[1133/1649] Building CXX object CMakeFiles/a4_end1_ending_runtime.dir/C_/Dev/OpenU5-Native/native/targets/tdeck/main/input_controller.cpp.obj
[1134/1649] Building CXX object CMakeFiles/a4_parity2_d82_runtime.dir/C_/Dev/OpenU5-Native/native/targets/tdeck/main/alpha_save.cpp.obj
[1135/1649] Building CXX object CMakeFiles/a4_end1_ending_runtime.dir/C_/Dev/OpenU5-Native/native/targets/tdeck/main/alpha_save_generation.cpp.obj
[1136/1649] Building CXX object CMakeFiles/a4_end1_ending_runtime.dir/C_/Dev/OpenU5-Native/native/targets/tdeck/main/asset_pack.cpp.obj
[1137/1649] Building CXX object CMakeFiles/a4_end1_ending_runtime.dir/C_/Dev/OpenU5-Native/native/targets/tdeck/host_tests/host_stubs/device_smoke_tests_host_stub.cpp.obj
[1138/1649] Building CXX object CMakeFiles/a4_end1_ending_runtime.dir/C_/Dev/OpenU5-Native/native/targets/tdeck/main/dungeon_art_cache.cpp.obj
[1139/1649] Building CXX object CMakeFiles/a4_end1_ending_runtime.dir/C_/Dev/OpenU5-Native/native/targets/tdeck/main/alpha_resources.cpp.obj
[1140/1649] Building CXX object CMakeFiles/a4_end1_ending_runtime.dir/C_/Dev/OpenU5-Native/native/targets/tdeck/main/alpha_dialogue.cpp.obj
[1141/1649] Building CXX object CMakeFiles/a4_ui4_presentation_runtime.dir/C_/Dev/OpenU5-Native/native/targets/tdeck/host_tests/host_stubs/tdeck_input_host_stub.cpp.obj
[1142/1649] Building CXX object CMakeFiles/a4_parity2_d82_runtime.dir/C_/Dev/OpenU5-Native/native/targets/tdeck/main/tdeck_board.cpp.obj
[1143/1649] Building CXX object CMakeFiles/a4_ui3_save_ux_runtime.dir/C_/Dev/OpenU5-Native/native/targets/tdeck/main/alpha_runtime.cpp.obj
[1144/1649] Building CXX object CMakeFiles/a4_end1_ending_runtime.dir/C_/Dev/OpenU5-Native/native/targets/tdeck/main/native_renderer.cpp.obj
[1145/1649] Building CXX object CMakeFiles/a4_ui4_presentation_runtime.dir/C_/Dev/OpenU5-Native/native/targets/tdeck/host_tests/alpha_runtime_host_fixture.cpp.obj
[1146/1649] Building CXX object CMakeFiles/a4_ui4_presentation_runtime.dir/C_/Dev/OpenU5-Native/native/targets/tdeck/main/ui_input_adapter.cpp.obj
[1147/1649] Building CXX object CMakeFiles/a4_ui4_presentation_runtime.dir/C_/Dev/OpenU5-Native/native/targets/tdeck/main/keyboard_matrix.cpp.obj
[1148/1649] Building CXX object CMakeFiles/a4_ui4_presentation_runtime.dir/C_/Dev/OpenU5-Native/native/targets/tdeck/main/input_controller.cpp.obj
[1149/1649] Building CXX object CMakeFiles/a4_ui4_presentation_runtime.dir/C_/Dev/OpenU5-Native/native/targets/tdeck/main/alpha_audio.cpp.obj
[1150/1649] Building CXX object CMakeFiles/a4_ui4_presentation_runtime.dir/C_/Dev/OpenU5-Native/native/targets/tdeck/main/idle_service.cpp.obj
[1151/1649] Building CXX object CMakeFiles/a4_ui4_presentation_runtime.dir/C_/Dev/OpenU5-Native/native/targets/tdeck/host_tests/board_shims/fake_tdeck_bus.cpp.obj
[1152/1649] Building CXX object CMakeFiles/a4_ui4_presentation_runtime.dir/C_/Dev/OpenU5-Native/native/targets/tdeck/main/alpha_save_generation.cpp.obj
[1153/1649] Building CXX object CMakeFiles/a4_ui4_presentation_runtime.dir/C_/Dev/OpenU5-Native/native/targets/tdeck/host_tests/host_stubs/device_smoke_tests_host_stub.cpp.obj
[1154/1649] Building CXX object CMakeFiles/a4_ui4_presentation_runtime.dir/C_/Dev/OpenU5-Native/native/targets/tdeck/host_tests/host_stubs/alpha_save_memory_host_stub.cpp.obj
[1155/1649] Building CXX object CMakeFiles/a4_ui4_presentation_runtime.dir/C_/Dev/OpenU5-Native/native/targets/tdeck/main/asset_pack.cpp.obj
[1156/1649] Building CXX object CMakeFiles/a4_ui4_presentation_runtime.dir/C_/Dev/OpenU5-Native/native/targets/tdeck/main/dungeon_art_cache.cpp.obj
[1157/1649] Building CXX object CMakeFiles/a4_ui4_moongate_runtime.dir/C_/Dev/OpenU5-Native/native/targets/tdeck/host_tests/host_stubs/tdeck_input_host_stub.cpp.obj
[1158/1649] Building CXX object CMakeFiles/a4_ui4_presentation_runtime.dir/C_/Dev/OpenU5-Native/native/targets/tdeck/main/alpha_resources.cpp.obj
[1159/1649] Building CXX object CMakeFiles/a4_ui4_presentation_runtime.dir/C_/Dev/OpenU5-Native/native/targets/tdeck/main/alpha_dialogue.cpp.obj
[1160/1649] Building CXX object CMakeFiles/a4_ui4_moongate_runtime.dir/C_/Dev/OpenU5-Native/native/targets/tdeck/host_tests/alpha_runtime_host_fixture.cpp.obj
[1161/1649] Building CXX object CMakeFiles/a4_parity2_d82_runtime.dir/C_/Dev/OpenU5-Native/native/targets/tdeck/main/alpha_runtime.cpp.obj
[1162/1649] Building CXX object CMakeFiles/a4_ui4_presentation_runtime.dir/C_/Dev/OpenU5-Native/native/targets/tdeck/main/native_renderer.cpp.obj
[1163/1649] Building CXX object CMakeFiles/a4_end1_ending_runtime.dir/C_/Dev/OpenU5-Native/native/targets/tdeck/main/tdeck_board.cpp.obj
[1164/1649] Building CXX object CMakeFiles/a4_ui4_moongate_runtime.dir/C_/Dev/OpenU5-Native/native/targets/tdeck/main/keyboard_matrix.cpp.obj
[1165/1649] Building CXX object CMakeFiles/a4_ui4_moongate_runtime.dir/C_/Dev/OpenU5-Native/native/targets/tdeck/main/alpha_audio.cpp.obj
[1166/1649] Building CXX object CMakeFiles/a4_ui4_moongate_runtime.dir/C_/Dev/OpenU5-Native/native/targets/tdeck/main/input_controller.cpp.obj
[1167/1649] Building CXX object CMakeFiles/a4_ui4_moongate_runtime.dir/C_/Dev/OpenU5-Native/native/targets/tdeck/main/idle_service.cpp.obj
[1168/1649] Building CXX object CMakeFiles/a4_ui4_moongate_runtime.dir/C_/Dev/OpenU5-Native/native/targets/tdeck/host_tests/board_shims/fake_tdeck_bus.cpp.obj
[1169/1649] Building CXX object CMakeFiles/a4_ui4_moongate_runtime.dir/C_/Dev/OpenU5-Native/native/targets/tdeck/main/ui_input_adapter.cpp.obj
[1170/1649] Building CXX object CMakeFiles/a4_ui4_moongate_runtime.dir/C_/Dev/OpenU5-Native/native/targets/tdeck/main/alpha_save_generation.cpp.obj
[1171/1649] Building CXX object CMakeFiles/a4_ui4_moongate_runtime.dir/C_/Dev/OpenU5-Native/native/targets/tdeck/host_tests/host_stubs/alpha_save_memory_host_stub.cpp.obj
[1172/1649] Building CXX object CMakeFiles/a4_end1_endgame_scene.dir/tests/a4_end1_endgame_scene_test.cpp.obj
[1173/1649] Building CXX object CMakeFiles/a4_end1_ending_runtime.dir/C_/Dev/OpenU5-Native/native/targets/tdeck/host_tests/a4_end1_ending_runtime_test.cpp.obj
[1174/1649] Building CXX object CMakeFiles/a4_ui4_console_runtime.dir/C_/Dev/OpenU5-Native/native/targets/tdeck/host_tests/host_stubs/tdeck_input_host_stub.cpp.obj
[1175/1649] Building CXX object CMakeFiles/a4_ui4_moongate_runtime.dir/C_/Dev/OpenU5-Native/native/targets/tdeck/host_tests/host_stubs/device_smoke_tests_host_stub.cpp.obj
[1176/1649] Building CXX object CMakeFiles/a4_ui4_moongate_runtime.dir/C_/Dev/OpenU5-Native/native/targets/tdeck/main/asset_pack.cpp.obj
[1177/1649] Building CXX object CMakeFiles/a4_ui4_moongate_runtime.dir/C_/Dev/OpenU5-Native/native/targets/tdeck/main/dungeon_art_cache.cpp.obj
[1178/1649] Building CXX object CMakeFiles/a4_ui4_moongate_runtime.dir/C_/Dev/OpenU5-Native/native/targets/tdeck/main/alpha_resources.cpp.obj
[1179/1649] Building CXX object CMakeFiles/a4_ui4_presentation_runtime.dir/C_/Dev/OpenU5-Native/native/targets/tdeck/host_tests/a4_ui4_presentation_runtime_test.cpp.obj
[1180/1649] Building CXX object CMakeFiles/a4_ui4_moongate_runtime.dir/C_/Dev/OpenU5-Native/native/targets/tdeck/main/alpha_dialogue.cpp.obj
[1181/1649] Building CXX object CMakeFiles/a4_end1_ending_runtime.dir/C_/Dev/OpenU5-Native/native/targets/tdeck/main/alpha_runtime.cpp.obj
[1182/1649] Building CXX object CMakeFiles/a4_ui4_console_runtime.dir/C_/Dev/OpenU5-Native/native/targets/tdeck/main/ui_input_adapter.cpp.obj
[1183/1649] Building CXX object CMakeFiles/a4_ui4_console_runtime.dir/C_/Dev/OpenU5-Native/native/targets/tdeck/host_tests/alpha_runtime_host_fixture.cpp.obj
[1184/1649] Building CXX object CMakeFiles/a4_ui4_moongate_runtime.dir/C_/Dev/OpenU5-Native/native/targets/tdeck/main/native_renderer.cpp.obj
[1185/1649] Building CXX object CMakeFiles/a4_ui4_console_runtime.dir/C_/Dev/OpenU5-Native/native/targets/tdeck/main/keyboard_matrix.cpp.obj
[1186/1649] Building CXX object CMakeFiles/a4_ui4_console_runtime.dir/C_/Dev/OpenU5-Native/native/targets/tdeck/main/idle_service.cpp.obj
[1187/1649] Building CXX object CMakeFiles/a4_ui4_console_runtime.dir/C_/Dev/OpenU5-Native/native/targets/tdeck/host_tests/board_shims/fake_tdeck_bus.cpp.obj
[1188/1649] Building CXX object CMakeFiles/a4_ui4_console_runtime.dir/C_/Dev/OpenU5-Native/native/targets/tdeck/main/input_controller.cpp.obj
[1189/1649] Building CXX object CMakeFiles/a4_ui4_console_runtime.dir/C_/Dev/OpenU5-Native/native/targets/tdeck/host_tests/host_stubs/alpha_save_memory_host_stub.cpp.obj
[1190/1649] Building CXX object CMakeFiles/a4_ui4_console_runtime.dir/C_/Dev/OpenU5-Native/native/targets/tdeck/main/alpha_save_generation.cpp.obj
[1191/1649] Building CXX object CMakeFiles/a4_ui4_console_runtime.dir/C_/Dev/OpenU5-Native/native/targets/tdeck/main/alpha_audio.cpp.obj
[1192/1649] Building CXX object CMakeFiles/a4_ui4_presentation_runtime.dir/C_/Dev/OpenU5-Native/native/targets/tdeck/main/tdeck_board.cpp.obj
[1193/1649] Building CXX object CMakeFiles/a4_ui4_moongate_runtime.dir/C_/Dev/OpenU5-Native/native/targets/tdeck/host_tests/a4_ui4_moongate_runtime_test.cpp.obj
[1194/1649] Building CXX object CMakeFiles/a4_parity1_runtime.dir/C_/Dev/OpenU5-Native/native/targets/tdeck/host_tests/host_stubs/tdeck_input_host_stub.cpp.obj
[1195/1649] Building CXX object CMakeFiles/a4_ui4_console_runtime.dir/C_/Dev/OpenU5-Native/native/targets/tdeck/main/asset_pack.cpp.obj
[1196/1649] Building CXX object CMakeFiles/a4_parity1_runtime.dir/C_/Dev/OpenU5-Native/native/targets/tdeck/main/ui_input_adapter.cpp.obj
[1197/1649] Building CXX object CMakeFiles/a4_ui4_console_runtime.dir/C_/Dev/OpenU5-Native/native/targets/tdeck/main/dungeon_art_cache.cpp.obj
[1198/1649] Building CXX object CMakeFiles/a4_ui4_console_runtime.dir/C_/Dev/OpenU5-Native/native/targets/tdeck/main/alpha_resources.cpp.obj
[1199/1649] Building CXX object CMakeFiles/a4_ui4_console_runtime.dir/C_/Dev/OpenU5-Native/native/targets/tdeck/host_tests/host_stubs/device_smoke_tests_host_stub.cpp.obj
[1200/1649] Building CXX object CMakeFiles/a4_ui4_console_runtime.dir/C_/Dev/OpenU5-Native/native/targets/tdeck/main/alpha_dialogue.cpp.obj
[1201/1649] Building CXX object CMakeFiles/a4_ui4_moongate_runtime.dir/C_/Dev/OpenU5-Native/native/targets/tdeck/main/tdeck_board.cpp.obj
[1202/1649] Building CXX object CMakeFiles/a4_ui4_console_runtime.dir/C_/Dev/OpenU5-Native/native/targets/tdeck/main/native_renderer.cpp.obj
[1203/1649] Building CXX object CMakeFiles/a4_parity1_runtime.dir/C_/Dev/OpenU5-Native/native/targets/tdeck/main/alpha_audio.cpp.obj
[1204/1649] Building CXX object CMakeFiles/a4_parity1_runtime.dir/C_/Dev/OpenU5-Native/native/targets/tdeck/host_tests/host_stubs/alpha_save_memory_host_stub.cpp.obj
[1205/1649] Building CXX object CMakeFiles/a4_parity1_runtime.dir/C_/Dev/OpenU5-Native/native/targets/tdeck/main/input_controller.cpp.obj
[1206/1649] Building CXX object CMakeFiles/a4_parity1_runtime.dir/C_/Dev/OpenU5-Native/native/targets/tdeck/host_tests/alpha_runtime_host_fixture.cpp.obj
[1207/1649] Building CXX object CMakeFiles/a4_parity1_runtime.dir/C_/Dev/OpenU5-Native/native/targets/tdeck/main/alpha_save_generation.cpp.obj
[1208/1649] Building CXX object CMakeFiles/a4_parity1_runtime.dir/C_/Dev/OpenU5-Native/native/targets/tdeck/main/keyboard_matrix.cpp.obj
[1209/1649] Building CXX object CMakeFiles/a4_parity1_runtime.dir/C_/Dev/OpenU5-Native/native/targets/tdeck/main/idle_service.cpp.obj
[1210/1649] Building CXX object CMakeFiles/a4_ui4_presentation_runtime.dir/C_/Dev/OpenU5-Native/native/targets/tdeck/main/alpha_runtime.cpp.obj
[1211/1649] Building CXX object CMakeFiles/a4_parity1_runtime.dir/C_/Dev/OpenU5-Native/native/targets/tdeck/host_tests/board_shims/fake_tdeck_bus.cpp.obj
[1212/1649] Building CXX object CMakeFiles/a4_rc3_dungeon_music_runtime.dir/C_/Dev/OpenU5-Native/native/targets/tdeck/host_tests/host_stubs/tdeck_input_host_stub.cpp.obj
[1213/1649] Building CXX object CMakeFiles/a4_parity1_runtime.dir/C_/Dev/OpenU5-Native/native/targets/tdeck/host_tests/host_stubs/device_smoke_tests_host_stub.cpp.obj
[1214/1649] Building CXX object CMakeFiles/a4_parity1_runtime.dir/C_/Dev/OpenU5-Native/native/targets/tdeck/main/asset_pack.cpp.obj
[1215/1649] Building CXX object CMakeFiles/a4_parity1_runtime.dir/C_/Dev/OpenU5-Native/native/targets/tdeck/main/alpha_resources.cpp.obj
[1216/1649] Building CXX object CMakeFiles/a4_parity1_runtime.dir/C_/Dev/OpenU5-Native/native/targets/tdeck/main/dungeon_art_cache.cpp.obj
[1217/1649] Building CXX object CMakeFiles/a4_ui4_console_runtime.dir/C_/Dev/OpenU5-Native/native/targets/tdeck/host_tests/a4_ui4_console_runtime_test.cpp.obj
[1218/1649] Building CXX object CMakeFiles/a4_ui4_console_runtime.dir/C_/Dev/OpenU5-Native/native/targets/tdeck/main/tdeck_board.cpp.obj
[1219/1649] Building CXX object CMakeFiles/a4_rc3_dungeon_music_runtime.dir/C_/Dev/OpenU5-Native/native/targets/tdeck/main/ui_input_adapter.cpp.obj
[1220/1649] Building CXX object CMakeFiles/a4_parity1_runtime.dir/C_/Dev/OpenU5-Native/native/targets/tdeck/main/alpha_dialogue.cpp.obj
[1221/1649] Building CXX object CMakeFiles/a4_rc3_dungeon_music_runtime.dir/C_/Dev/OpenU5-Native/native/targets/tdeck/host_tests/alpha_runtime_host_fixture.cpp.obj
[1222/1649] Building CXX object CMakeFiles/a4_rc3_dungeon_music_runtime.dir/C_/Dev/OpenU5-Native/native/targets/tdeck/main/alpha_audio.cpp.obj
[1223/1649] Building CXX object CMakeFiles/a4_rc3_dungeon_music_runtime.dir/C_/Dev/OpenU5-Native/native/targets/tdeck/main/keyboard_matrix.cpp.obj
[1224/1649] Building CXX object CMakeFiles/a4_parity1_runtime.dir/C_/Dev/OpenU5-Native/native/targets/tdeck/main/native_renderer.cpp.obj
[1225/1649] Building CXX object CMakeFiles/a4_rc3_dungeon_music_runtime.dir/C_/Dev/OpenU5-Native/native/targets/tdeck/main/idle_service.cpp.obj
[1226/1649] Building CXX object CMakeFiles/a4_rc3_dungeon_music_runtime.dir/C_/Dev/OpenU5-Native/native/targets/tdeck/host_tests/board_shims/fake_tdeck_bus.cpp.obj
[1227/1649] Building CXX object CMakeFiles/a4_rc3_dungeon_music_runtime.dir/C_/Dev/OpenU5-Native/native/targets/tdeck/main/input_controller.cpp.obj
[1228/1649] Building CXX object CMakeFiles/a4_rc3_dungeon_music_runtime.dir/C_/Dev/OpenU5-Native/native/targets/tdeck/host_tests/host_stubs/alpha_save_memory_host_stub.cpp.obj
[1229/1649] Building CXX object CMakeFiles/a4_rc3_dungeon_music_runtime.dir/C_/Dev/OpenU5-Native/native/targets/tdeck/main/alpha_save_generation.cpp.obj
[1230/1649] Building CXX object CMakeFiles/a4_ui4_moongate_runtime.dir/C_/Dev/OpenU5-Native/native/targets/tdeck/main/alpha_runtime.cpp.obj
[1231/1649] Building CXX object CMakeFiles/a4_parity2_d86_dungeon_digit_runtime.dir/C_/Dev/OpenU5-Native/native/targets/tdeck/host_tests/host_stubs/tdeck_input_host_stub.cpp.obj
[1232/1649] Building CXX object CMakeFiles/a4_rc3_dungeon_music_runtime.dir/C_/Dev/OpenU5-Native/native/targets/tdeck/host_tests/host_stubs/device_smoke_tests_host_stub.cpp.obj
[1233/1649] Building CXX object CMakeFiles/a4_parity1_runtime.dir/C_/Dev/OpenU5-Native/native/targets/tdeck/host_tests/a4_parity1_runtime_test.cpp.obj
[1234/1649] Building CXX object CMakeFiles/a4_rc3_dungeon_music_runtime.dir/C_/Dev/OpenU5-Native/native/targets/tdeck/main/asset_pack.cpp.obj
[1235/1649] Building CXX object CMakeFiles/a4_rc3_dungeon_music_runtime.dir/C_/Dev/OpenU5-Native/native/targets/tdeck/main/dungeon_art_cache.cpp.obj
[1236/1649] Building CXX object CMakeFiles/a4_rc3_dungeon_music_runtime.dir/C_/Dev/OpenU5-Native/native/targets/tdeck/main/alpha_resources.cpp.obj
[1237/1649] Building CXX object CMakeFiles/a4_rc3_dungeon_music_runtime.dir/C_/Dev/OpenU5-Native/native/targets/tdeck/main/alpha_dialogue.cpp.obj
[1238/1649] Building CXX object CMakeFiles/a4_parity1_runtime.dir/C_/Dev/OpenU5-Native/native/targets/tdeck/main/tdeck_board.cpp.obj
[1239/1649] Building CXX object CMakeFiles/a4_ui4_console_runtime.dir/C_/Dev/OpenU5-Native/native/targets/tdeck/main/alpha_runtime.cpp.obj
[1240/1649] Building CXX object CMakeFiles/a4_rc3_dungeon_music_runtime.dir/C_/Dev/OpenU5-Native/native/targets/tdeck/main/native_renderer.cpp.obj
[1241/1649] Building CXX object CMakeFiles/a4_parity2_d86_dungeon_digit_runtime.dir/C_/Dev/OpenU5-Native/native/targets/tdeck/host_tests/alpha_runtime_host_fixture.cpp.obj
[1242/1649] Building CXX object CMakeFiles/a4_parity2_d86_dungeon_digit_runtime.dir/C_/Dev/OpenU5-Native/native/targets/tdeck/main/ui_input_adapter.cpp.obj
[1243/1649] Building CXX object CMakeFiles/a4_parity2_d86_dungeon_digit_runtime.dir/C_/Dev/OpenU5-Native/native/targets/tdeck/main/alpha_audio.cpp.obj
[1244/1649] Building CXX object CMakeFiles/a4_parity2_d86_dungeon_digit_runtime.dir/C_/Dev/OpenU5-Native/native/targets/tdeck/main/idle_service.cpp.obj
[1245/1649] Building CXX object CMakeFiles/a4_parity2_d86_dungeon_digit_runtime.dir/C_/Dev/OpenU5-Native/native/targets/tdeck/host_tests/board_shims/fake_tdeck_bus.cpp.obj
[1246/1649] Building CXX object CMakeFiles/a4_parity2_d86_dungeon_digit_runtime.dir/C_/Dev/OpenU5-Native/native/targets/tdeck/host_tests/host_stubs/alpha_save_memory_host_stub.cpp.obj
[1247/1649] Building CXX object CMakeFiles/a4_parity2_d86_dungeon_digit_runtime.dir/C_/Dev/OpenU5-Native/native/targets/tdeck/main/alpha_save_generation.cpp.obj
[1248/1649] Building CXX object CMakeFiles/a4_parity2_d86_dungeon_digit_runtime.dir/C_/Dev/OpenU5-Native/native/targets/tdeck/main/input_controller.cpp.obj
[1249/1649] Building CXX object CMakeFiles/a4_rc3_dungeon_music_runtime.dir/C_/Dev/OpenU5-Native/native/targets/tdeck/host_tests/a4_rc3_dungeon_music_runtime_test.cpp.obj
[1250/1649] Building CXX object CMakeFiles/a4_parity2_d86_dungeon_digit_runtime.dir/C_/Dev/OpenU5-Native/native/targets/tdeck/main/keyboard_matrix.cpp.obj
[1251/1649] Building CXX object CMakeFiles/a3_05_audio_controls.dir/C_/Dev/OpenU5-Native/native/targets/tdeck/host_tests/host_stubs/tdeck_input_host_stub.cpp.obj
[1252/1649] Building CXX object CMakeFiles/a4_parity2_d86_dungeon_digit_runtime.dir/C_/Dev/OpenU5-Native/native/targets/tdeck/main/asset_pack.cpp.obj
[1253/1649] Building CXX object CMakeFiles/a4_parity2_d86_dungeon_digit_runtime.dir/C_/Dev/OpenU5-Native/native/targets/tdeck/host_tests/host_stubs/device_smoke_tests_host_stub.cpp.obj
[1254/1649] Building CXX object CMakeFiles/a3_05_audio_controls.dir/C_/Dev/OpenU5-Native/native/targets/tdeck/main/ui_input_adapter.cpp.obj
[1255/1649] Building CXX object CMakeFiles/a3_05_audio_controls.dir/C_/Dev/OpenU5-Native/native/targets/tdeck/main/input_controller.cpp.obj
[1256/1649] Building CXX object CMakeFiles/a3_05_audio_controls.dir/C_/Dev/OpenU5-Native/native/targets/tdeck/main/keyboard_matrix.cpp.obj
[1257/1649] Building CXX object CMakeFiles/a4_parity2_d86_dungeon_digit_runtime.dir/C_/Dev/OpenU5-Native/native/targets/tdeck/main/alpha_resources.cpp.obj
[1258/1649] Building CXX object CMakeFiles/a4_parity2_d86_dungeon_digit_runtime.dir/C_/Dev/OpenU5-Native/native/targets/tdeck/main/dungeon_art_cache.cpp.obj
[1259/1649] Building CXX object CMakeFiles/a3_05_audio_mute.dir/tests/a3_05_audio_mute_test.cpp.obj
[1260/1649] Building CXX object CMakeFiles/a4_parity2_d86_dungeon_digit_runtime.dir/C_/Dev/OpenU5-Native/native/targets/tdeck/main/alpha_dialogue.cpp.obj
[1261/1649] Building CXX object CMakeFiles/a4_parity2_d86_dungeon_digit_runtime.dir/C_/Dev/OpenU5-Native/native/targets/tdeck/host_tests/a4_parity2_d86_dungeon_digit_runtime_test.cpp.obj
[1262/1649] Building CXX object CMakeFiles/a4_rc3_dungeon_music_runtime.dir/C_/Dev/OpenU5-Native/native/targets/tdeck/main/tdeck_board.cpp.obj
[1263/1649] Building CXX object CMakeFiles/a3_05_audio_controls.dir/C_/Dev/OpenU5-Native/native/targets/tdeck/host_tests/host_stubs/device_smoke_tests_host_stub.cpp.obj
[1264/1649] Building CXX object CMakeFiles/a4_parity1_runtime.dir/C_/Dev/OpenU5-Native/native/targets/tdeck/main/alpha_runtime.cpp.obj
[1265/1649] Building CXX object CMakeFiles/a3_05_audio_controls.dir/C_/Dev/OpenU5-Native/native/targets/tdeck/main/alpha_audio.cpp.obj
[1266/1649] Building CXX object CMakeFiles/a3_05_audio_controls.dir/C_/Dev/OpenU5-Native/native/targets/tdeck/host_tests/alpha_runtime_host_fixture.cpp.obj
[1267/1649] Building CXX object CMakeFiles/a4_parity2_d86_dungeon_digit_runtime.dir/C_/Dev/OpenU5-Native/native/targets/tdeck/main/native_renderer.cpp.obj
[1268/1649] Building CXX object CMakeFiles/a3_05_audio_controls.dir/C_/Dev/OpenU5-Native/native/targets/tdeck/main/alpha_save_generation.cpp.obj
[1269/1649] Building CXX object CMakeFiles/a3_05_audio_controls.dir/C_/Dev/OpenU5-Native/native/targets/tdeck/host_tests/host_stubs/alpha_save_memory_host_stub.cpp.obj
[1270/1649] Building CXX object CMakeFiles/a3_05_audio_controls.dir/C_/Dev/OpenU5-Native/native/targets/tdeck/host_tests/host_stubs/batch37_board_capture_stub.cpp.obj
[1271/1649] Building CXX object CMakeFiles/a3_hf4_load_transient_runtime.dir/C_/Dev/OpenU5-Native/native/targets/tdeck/host_tests/host_stubs/tdeck_input_host_stub.cpp.obj
[1272/1649] Building CXX object CMakeFiles/a3_hf4_load_transient_runtime.dir/C_/Dev/OpenU5-Native/native/targets/tdeck/main/ui_input_adapter.cpp.obj
[1273/1649] Building CXX object CMakeFiles/a3_05_audio_controls.dir/C_/Dev/OpenU5-Native/native/targets/tdeck/main/asset_pack.cpp.obj
[1274/1649] Building CXX object CMakeFiles/a3_05_audio_controls.dir/C_/Dev/OpenU5-Native/native/targets/tdeck/main/alpha_resources.cpp.obj
[1275/1649] Building CXX object CMakeFiles/a3_05_audio_controls.dir/C_/Dev/OpenU5-Native/native/targets/tdeck/host_tests/a3_05_audio_controls_test.cpp.obj
[1276/1649] Building CXX object CMakeFiles/a3_05_audio_controls.dir/C_/Dev/OpenU5-Native/native/targets/tdeck/main/dungeon_art_cache.cpp.obj
[1277/1649] Building CXX object CMakeFiles/a3_05_audio_controls.dir/C_/Dev/OpenU5-Native/native/targets/tdeck/main/alpha_dialogue.cpp.obj
[1278/1649] Building CXX object CMakeFiles/a4_parity2_d86_dungeon_digit_runtime.dir/C_/Dev/OpenU5-Native/native/targets/tdeck/main/tdeck_board.cpp.obj
[1279/1649] Building CXX object CMakeFiles/a4_rc3_dungeon_music_runtime.dir/C_/Dev/OpenU5-Native/native/targets/tdeck/main/alpha_runtime.cpp.obj
[1280/1649] Building CXX object CMakeFiles/a3_hf4_load_transient_runtime.dir/C_/Dev/OpenU5-Native/native/targets/tdeck/host_tests/alpha_runtime_host_fixture.cpp.obj
[1281/1649] Building CXX object CMakeFiles/a3_hf4_load_transient_runtime.dir/C_/Dev/OpenU5-Native/native/targets/tdeck/main/alpha_audio.cpp.obj
[1282/1649] Building CXX object CMakeFiles/a3_hf4_load_transient_runtime.dir/C_/Dev/OpenU5-Native/native/targets/tdeck/main/input_controller.cpp.obj
[1283/1649] Building CXX object CMakeFiles/a3_05_audio_controls.dir/C_/Dev/OpenU5-Native/native/targets/tdeck/main/native_renderer.cpp.obj
[1284/1649] Building CXX object CMakeFiles/a3_hf4_load_transient_runtime.dir/C_/Dev/OpenU5-Native/native/targets/tdeck/main/alpha_save_generation.cpp.obj
[1285/1649] Building CXX object CMakeFiles/a3_hf4_load_transient_runtime.dir/C_/Dev/OpenU5-Native/native/targets/tdeck/main/keyboard_matrix.cpp.obj
[1286/1649] Building CXX object CMakeFiles/a3_hf4_load_transient_runtime.dir/C_/Dev/OpenU5-Native/native/targets/tdeck/host_tests/host_stubs/alpha_save_memory_host_stub.cpp.obj
[1287/1649] Building CXX object CMakeFiles/a3_hf4_load_transient_runtime.dir/C_/Dev/OpenU5-Native/native/targets/tdeck/host_tests/host_stubs/batch37_board_capture_stub.cpp.obj
[1288/1649] Building CXX object CMakeFiles/a3_hf5_dialogue_pacing_runtime.dir/C_/Dev/OpenU5-Native/native/targets/tdeck/host_tests/host_stubs/tdeck_input_host_stub.cpp.obj
[1289/1649] Building CXX object CMakeFiles/a3_hf4_load_transient_runtime.dir/C_/Dev/OpenU5-Native/native/targets/tdeck/main/asset_pack.cpp.obj
[1290/1649] Building CXX object CMakeFiles/a3_hf4_load_transient_runtime.dir/C_/Dev/OpenU5-Native/native/targets/tdeck/main/dungeon_art_cache.cpp.obj
[1291/1649] Building CXX object CMakeFiles/a3_hf4_load_transient_runtime.dir/C_/Dev/OpenU5-Native/native/targets/tdeck/host_tests/a3_hf4_load_transient_runtime_test.cpp.obj
[1292/1649] Building CXX object CMakeFiles/a3_hf4_load_transient_runtime.dir/C_/Dev/OpenU5-Native/native/targets/tdeck/main/alpha_dialogue.cpp.obj
[1293/1649] Building CXX object CMakeFiles/a3_hf4_load_transient_runtime.dir/C_/Dev/OpenU5-Native/native/targets/tdeck/host_tests/host_stubs/device_smoke_tests_host_stub.cpp.obj
[1294/1649] Building CXX object CMakeFiles/a3_hf4_load_transient_runtime.dir/C_/Dev/OpenU5-Native/native/targets/tdeck/main/alpha_resources.cpp.obj
[1295/1649] Building CXX object CMakeFiles/a3_hf4_load_transient_runtime.dir/C_/Dev/OpenU5-Native/native/targets/tdeck/main/native_renderer.cpp.obj
[1296/1649] Building CXX object CMakeFiles/a3_hf5_dialogue_pacing_runtime.dir/C_/Dev/OpenU5-Native/native/targets/tdeck/main/ui_input_adapter.cpp.obj
[1297/1649] Building CXX object CMakeFiles/a4_parity2_d86_dungeon_digit_runtime.dir/C_/Dev/OpenU5-Native/native/targets/tdeck/main/alpha_runtime.cpp.obj
[1298/1649] Building CXX object CMakeFiles/a3_hf5_dialogue_pacing_runtime.dir/C_/Dev/OpenU5-Native/native/targets/tdeck/main/idle_service.cpp.obj
[1299/1649] Building CXX object CMakeFiles/a3_hf5_dialogue_pacing_runtime.dir/C_/Dev/OpenU5-Native/native/targets/tdeck/main/alpha_audio.cpp.obj
[1300/1649] Building CXX object CMakeFiles/a3_hf5_dialogue_pacing_runtime.dir/C_/Dev/OpenU5-Native/native/targets/tdeck/main/keyboard_matrix.cpp.obj
[1301/1649] Building CXX object CMakeFiles/a3_hf5_dialogue_pacing_runtime.dir/C_/Dev/OpenU5-Native/native/targets/tdeck/host_tests/alpha_runtime_host_fixture.cpp.obj
[1302/1649] Building CXX object CMakeFiles/a3_hf5_dialogue_pacing_runtime.dir/C_/Dev/OpenU5-Native/native/targets/tdeck/main/input_controller.cpp.obj
[1303/1649] Building CXX object CMakeFiles/a3_hf5_dialogue_pacing_runtime.dir/C_/Dev/OpenU5-Native/native/targets/tdeck/host_tests/board_shims/fake_tdeck_bus.cpp.obj
[1304/1649] Building CXX object CMakeFiles/a3_hf5_dialogue_pacing_runtime.dir/C_/Dev/OpenU5-Native/native/targets/tdeck/main/alpha_save_generation.cpp.obj
[1305/1649] Building CXX object CMakeFiles/a3_hf5_dialogue_pacing_runtime.dir/C_/Dev/OpenU5-Native/native/targets/tdeck/host_tests/host_stubs/alpha_save_memory_host_stub.cpp.obj
[1306/1649] Building CXX object CMakeFiles/a3_hf6_shrine_key_wait_runtime.dir/C_/Dev/OpenU5-Native/native/targets/tdeck/host_tests/host_stubs/tdeck_input_host_stub.cpp.obj
[1307/1649] Building CXX object CMakeFiles/a3_hf6_shrine_key_wait_runtime.dir/C_/Dev/OpenU5-Native/native/targets/tdeck/main/ui_input_adapter.cpp.obj
[1308/1649] Building CXX object CMakeFiles/a3_hf5_dialogue_pacing_runtime.dir/C_/Dev/OpenU5-Native/native/targets/tdeck/main/asset_pack.cpp.obj
[1309/1649] Building CXX object CMakeFiles/a3_hf6_shrine_key_wait_runtime.dir/C_/Dev/OpenU5-Native/native/targets/tdeck/main/input_controller.cpp.obj
[1310/1649] Building CXX object CMakeFiles/a3_hf6_shrine_key_wait_runtime.dir/C_/Dev/OpenU5-Native/native/targets/tdeck/main/keyboard_matrix.cpp.obj
[1311/1649] Building CXX object CMakeFiles/a3_hf5_dialogue_pacing_runtime.dir/C_/Dev/OpenU5-Native/native/targets/tdeck/main/alpha_dialogue.cpp.obj
[1312/1649] Building CXX object CMakeFiles/a3_hf5_dialogue_pacing_runtime.dir/C_/Dev/OpenU5-Native/native/targets/tdeck/host_tests/host_stubs/device_smoke_tests_host_stub.cpp.obj
[1313/1649] Building CXX object CMakeFiles/a3_hf5_dialogue_pacing_runtime.dir/C_/Dev/OpenU5-Native/native/targets/tdeck/main/dungeon_art_cache.cpp.obj
[1314/1649] Building CXX object CMakeFiles/a3_hf5_dialogue_pacing_runtime.dir/C_/Dev/OpenU5-Native/native/targets/tdeck/main/alpha_resources.cpp.obj
[1315/1649] Building CXX object CMakeFiles/a3_hf6_shrine_key_wait_runtime.dir/C_/Dev/OpenU5-Native/native/targets/tdeck/host_tests/alpha_runtime_host_fixture.cpp.obj
[1316/1649] Building CXX object CMakeFiles/a3_hf5_dialogue_pacing_runtime.dir/C_/Dev/OpenU5-Native/native/targets/tdeck/main/native_renderer.cpp.obj
[1317/1649] Building CXX object CMakeFiles/a3_hf6_shrine_key_wait_runtime.dir/C_/Dev/OpenU5-Native/native/targets/tdeck/main/alpha_audio.cpp.obj
[1318/1649] Building CXX object CMakeFiles/a3_hf6_shrine_key_wait_runtime.dir/C_/Dev/OpenU5-Native/native/targets/tdeck/host_tests/board_shims/fake_tdeck_bus.cpp.obj
[1319/1649] Building CXX object CMakeFiles/a3_hf6_shrine_key_wait_runtime.dir/C_/Dev/OpenU5-Native/native/targets/tdeck/main/idle_service.cpp.obj
[1320/1649] Building CXX object CMakeFiles/a3_hf6_shrine_key_wait_runtime.dir/C_/Dev/OpenU5-Native/native/targets/tdeck/host_tests/host_stubs/alpha_save_memory_host_stub.cpp.obj
[1321/1649] Building CXX object CMakeFiles/a3_05_audio_controls.dir/C_/Dev/OpenU5-Native/native/targets/tdeck/main/alpha_runtime.cpp.obj
[1322/1649] Building CXX object CMakeFiles/a3_hf6_shrine_key_wait_runtime.dir/C_/Dev/OpenU5-Native/native/targets/tdeck/main/alpha_save_generation.cpp.obj
[1323/1649] Building CXX object CMakeFiles/a3_hf7_ritual_fx_runtime.dir/C_/Dev/OpenU5-Native/native/targets/tdeck/host_tests/host_stubs/tdeck_input_host_stub.cpp.obj
[1324/1649] Building CXX object CMakeFiles/a3_hf6_shrine_key_wait_runtime.dir/C_/Dev/OpenU5-Native/native/targets/tdeck/main/asset_pack.cpp.obj
[1325/1649] Building CXX object CMakeFiles/a3_hf6_shrine_key_wait_runtime.dir/C_/Dev/OpenU5-Native/native/targets/tdeck/host_tests/host_stubs/device_smoke_tests_host_stub.cpp.obj
[1326/1649] Building CXX object CMakeFiles/a3_hf6_shrine_key_wait_runtime.dir/C_/Dev/OpenU5-Native/native/targets/tdeck/main/dungeon_art_cache.cpp.obj
[1327/1649] Building CXX object CMakeFiles/a3_hf6_shrine_key_wait_runtime.dir/C_/Dev/OpenU5-Native/native/targets/tdeck/main/alpha_resources.cpp.obj
[1328/1649] Building CXX object CMakeFiles/a3_hf6_shrine_key_wait_runtime.dir/C_/Dev/OpenU5-Native/native/targets/tdeck/main/alpha_dialogue.cpp.obj
[1329/1649] Building CXX object CMakeFiles/a3_hf7_ritual_fx_runtime.dir/C_/Dev/OpenU5-Native/native/targets/tdeck/host_tests/alpha_runtime_host_fixture.cpp.obj
[1330/1649] Building CXX object CMakeFiles/a3_hf5_dialogue_pacing_runtime.dir/C_/Dev/OpenU5-Native/native/targets/tdeck/main/tdeck_board.cpp.obj
[1331/1649] Building CXX object CMakeFiles/a3_hf6_shrine_key_wait_pacer.dir/tests/a3_hf6_shrine_key_wait_pacer_test.cpp.obj
[1332/1649] Building CXX object CMakeFiles/a3_hf4_load_transient_runtime.dir/C_/Dev/OpenU5-Native/native/targets/tdeck/main/alpha_runtime.cpp.obj
[1333/1649] Building CXX object CMakeFiles/a3_hf7_ritual_fx_runtime.dir/C_/Dev/OpenU5-Native/native/targets/tdeck/main/ui_input_adapter.cpp.obj
[1334/1649] Building CXX object CMakeFiles/a3_hf5_dialogue_pacing_runtime.dir/C_/Dev/OpenU5-Native/native/targets/tdeck/host_tests/a3_hf5_dialogue_pacing_runtime_test.cpp.obj
[1335/1649] Building CXX object CMakeFiles/a3_hf7_ritual_fx_runtime.dir/C_/Dev/OpenU5-Native/native/targets/tdeck/main/input_controller.cpp.obj
[1336/1649] Building CXX object CMakeFiles/a3_hf7_ritual_fx_runtime.dir/C_/Dev/OpenU5-Native/native/targets/tdeck/host_tests/board_shims/fake_tdeck_bus.cpp.obj
[1337/1649] Building CXX object CMakeFiles/a3_hf6_shrine_key_wait_runtime.dir/C_/Dev/OpenU5-Native/native/targets/tdeck/main/native_renderer.cpp.obj
[1338/1649] Building CXX object CMakeFiles/a3_hf7_ritual_fx_runtime.dir/C_/Dev/OpenU5-Native/native/targets/tdeck/main/alpha_audio.cpp.obj
[1339/1649] Building CXX object CMakeFiles/a3_hf7_ritual_fx_runtime.dir/C_/Dev/OpenU5-Native/native/targets/tdeck/host_tests/host_stubs/alpha_save_memory_host_stub.cpp.obj
[1340/1649] Building CXX object CMakeFiles/a3_hf7_ritual_fx_runtime.dir/C_/Dev/OpenU5-Native/native/targets/tdeck/main/keyboard_matrix.cpp.obj
[1341/1649] Building CXX object CMakeFiles/a3_hf7_ritual_fx_runtime.dir/C_/Dev/OpenU5-Native/native/targets/tdeck/main/alpha_save_generation.cpp.obj
[1342/1649] Building CXX object CMakeFiles/a3_hf7_ritual_fx_runtime.dir/C_/Dev/OpenU5-Native/native/targets/tdeck/main/idle_service.cpp.obj
[1343/1649] Building CXX object CMakeFiles/a3_hf6_shrine_key_wait_runtime.dir/C_/Dev/OpenU5-Native/native/targets/tdeck/host_tests/a3_hf6_shrine_key_wait_runtime_test.cpp.obj
[1344/1649] Building CXX object CMakeFiles/a3_hf8_sacrifice_burst_runtime.dir/C_/Dev/OpenU5-Native/native/targets/tdeck/host_tests/host_stubs/tdeck_input_host_stub.cpp.obj
[1345/1649] Building CXX object CMakeFiles/a3_hf7_ritual_fx_runtime.dir/C_/Dev/OpenU5-Native/native/targets/tdeck/main/asset_pack.cpp.obj
[1346/1649] Building CXX object CMakeFiles/a3_hf7_ritual_fx_runtime.dir/C_/Dev/OpenU5-Native/native/targets/tdeck/host_tests/host_stubs/device_smoke_tests_host_stub.cpp.obj
[1347/1649] Building CXX object CMakeFiles/a3_hf8_sacrifice_burst_runtime.dir/C_/Dev/OpenU5-Native/native/targets/tdeck/main/ui_input_adapter.cpp.obj
[1348/1649] Building CXX object CMakeFiles/a3_hf8_sacrifice_burst_runtime.dir/C_/Dev/OpenU5-Native/native/targets/tdeck/main/input_controller.cpp.obj
[1349/1649] Building CXX object CMakeFiles/a3_hf7_ritual_fx_runtime.dir/C_/Dev/OpenU5-Native/native/targets/tdeck/main/alpha_resources.cpp.obj
[1350/1649] Building CXX object CMakeFiles/a3_hf7_ritual_fx_runtime.dir/C_/Dev/OpenU5-Native/native/targets/tdeck/main/dungeon_art_cache.cpp.obj
[1351/1649] Building CXX object CMakeFiles/a3_hf6_shrine_key_wait_runtime.dir/C_/Dev/OpenU5-Native/native/targets/tdeck/main/tdeck_board.cpp.obj
[1352/1649] Building CXX object CMakeFiles/a3_hf7_ritual_fx_runtime.dir/C_/Dev/OpenU5-Native/native/targets/tdeck/main/alpha_dialogue.cpp.obj
[1353/1649] Building CXX object CMakeFiles/a3_hf7_ritual_fx_runtime.dir/C_/Dev/OpenU5-Native/native/targets/tdeck/main/native_renderer.cpp.obj
[1354/1649] Building CXX object CMakeFiles/a3_hf8_sacrifice_burst_runtime.dir/C_/Dev/OpenU5-Native/native/targets/tdeck/host_tests/alpha_runtime_host_fixture.cpp.obj
[1355/1649] Building CXX object CMakeFiles/a3_hf5_dialogue_pacing_runtime.dir/C_/Dev/OpenU5-Native/native/targets/tdeck/main/alpha_runtime.cpp.obj
[1356/1649] Building CXX object CMakeFiles/a3_hf8_sacrifice_burst_runtime.dir/C_/Dev/OpenU5-Native/native/targets/tdeck/main/alpha_audio.cpp.obj
[1357/1649] Building CXX object CMakeFiles/a3_hf8_sacrifice_burst_runtime.dir/C_/Dev/OpenU5-Native/native/targets/tdeck/main/idle_service.cpp.obj
[1358/1649] Building CXX object CMakeFiles/a3_hf8_sacrifice_burst_runtime.dir/C_/Dev/OpenU5-Native/native/targets/tdeck/host_tests/board_shims/fake_tdeck_bus.cpp.obj
[1359/1649] Building CXX object CMakeFiles/a3_hf8_sacrifice_burst_runtime.dir/C_/Dev/OpenU5-Native/native/targets/tdeck/host_tests/host_stubs/alpha_save_memory_host_stub.cpp.obj
[1360/1649] Building CXX object CMakeFiles/a3_hf8_sacrifice_burst_runtime.dir/C_/Dev/OpenU5-Native/native/targets/tdeck/main/keyboard_matrix.cpp.obj
[1361/1649] Building CXX object CMakeFiles/a3_hf8_sacrifice_burst_runtime.dir/C_/Dev/OpenU5-Native/native/targets/tdeck/main/alpha_save_generation.cpp.obj
[1362/1649] Building CXX object CMakeFiles/a3_hf7_ritual_fx_runtime.dir/C_/Dev/OpenU5-Native/native/targets/tdeck/host_tests/a3_hf7_ritual_fx_runtime_test.cpp.obj
[1363/1649] Building CXX object CMakeFiles/a3_hf8_sacrifice_burst_runtime.dir/C_/Dev/OpenU5-Native/native/targets/tdeck/main/asset_pack.cpp.obj
[1364/1649] Building CXX object CMakeFiles/a3_hf8_sacrifice_burst_runtime.dir/C_/Dev/OpenU5-Native/native/targets/tdeck/host_tests/host_stubs/device_smoke_tests_host_stub.cpp.obj
[1365/1649] Building CXX object CMakeFiles/a3_hf8_sacrifice_burst_runtime.dir/C_/Dev/OpenU5-Native/native/targets/tdeck/main/dungeon_art_cache.cpp.obj
[1366/1649] Building CXX object CMakeFiles/a3_hf8_sacrifice_burst_runtime.dir/C_/Dev/OpenU5-Native/native/targets/tdeck/main/alpha_dialogue.cpp.obj
[1367/1649] Building CXX object CMakeFiles/a3_hf9_refuge_cadence_runtime.dir/C_/Dev/OpenU5-Native/native/targets/tdeck/host_tests/host_stubs/tdeck_input_host_stub.cpp.obj
[1368/1649] Building CXX object CMakeFiles/a3_hf8_sacrifice_burst_runtime.dir/C_/Dev/OpenU5-Native/native/targets/tdeck/main/alpha_resources.cpp.obj
[1369/1649] Building CXX object CMakeFiles/a3_hf7_ritual_fx_runtime.dir/C_/Dev/OpenU5-Native/native/targets/tdeck/main/tdeck_board.cpp.obj
[1370/1649] Building CXX object CMakeFiles/a3_hf6_shrine_key_wait_runtime.dir/C_/Dev/OpenU5-Native/native/targets/tdeck/main/alpha_runtime.cpp.obj
[1371/1649] Building CXX object CMakeFiles/a3_hf9_refuge_cadence_runtime.dir/C_/Dev/OpenU5-Native/native/targets/tdeck/host_tests/alpha_runtime_host_fixture.cpp.obj
[1372/1649] Building CXX object CMakeFiles/a3_hf9_refuge_cadence_runtime.dir/C_/Dev/OpenU5-Native/native/targets/tdeck/main/ui_input_adapter.cpp.obj
[1373/1649] Building CXX object CMakeFiles/a3_hf8_sacrifice_burst_runtime.dir/C_/Dev/OpenU5-Native/native/targets/tdeck/main/native_renderer.cpp.obj
[1374/1649] Building CXX object CMakeFiles/a3_hf9_refuge_cadence_runtime.dir/C_/Dev/OpenU5-Native/native/targets/tdeck/main/idle_service.cpp.obj
[1375/1649] Building CXX object CMakeFiles/a3_hf9_refuge_cadence_runtime.dir/C_/Dev/OpenU5-Native/native/targets/tdeck/main/input_controller.cpp.obj
[1376/1649] Building CXX object CMakeFiles/a3_hf9_refuge_cadence_runtime.dir/C_/Dev/OpenU5-Native/native/targets/tdeck/main/keyboard_matrix.cpp.obj
[1377/1649] Building CXX object CMakeFiles/a3_hf9_refuge_cadence_runtime.dir/C_/Dev/OpenU5-Native/native/targets/tdeck/main/alpha_audio.cpp.obj
[1378/1649] Building CXX object CMakeFiles/a3_hf9_refuge_cadence_runtime.dir/C_/Dev/OpenU5-Native/native/targets/tdeck/host_tests/host_stubs/alpha_save_memory_host_stub.cpp.obj
[1379/1649] Building CXX object CMakeFiles/a3_hf9_refuge_cadence_runtime.dir/C_/Dev/OpenU5-Native/native/targets/tdeck/main/alpha_save_generation.cpp.obj
[1380/1649] Building CXX object CMakeFiles/a3_hf9_refuge_cadence_runtime.dir/C_/Dev/OpenU5-Native/native/targets/tdeck/host_tests/board_shims/fake_tdeck_bus.cpp.obj
[1381/1649] Building CXX object CMakeFiles/a3_hf10_mix_parity_runtime.dir/C_/Dev/OpenU5-Native/native/targets/tdeck/host_tests/host_stubs/tdeck_input_host_stub.cpp.obj
[1382/1649] Building CXX object CMakeFiles/a3_hf8_sacrifice_burst_runtime.dir/C_/Dev/OpenU5-Native/native/targets/tdeck/host_tests/a3_hf8_sacrifice_burst_runtime_test.cpp.obj
[1383/1649] Building CXX object CMakeFiles/a3_hf9_refuge_cadence_runtime.dir/C_/Dev/OpenU5-Native/native/targets/tdeck/host_tests/host_stubs/device_smoke_tests_host_stub.cpp.obj
[1384/1649] Building CXX object CMakeFiles/a3_hf9_refuge_cadence.dir/tests/a3_hf9_refuge_cadence_test.cpp.obj
[1385/1649] Building CXX object CMakeFiles/a3_hf9_refuge_cadence_runtime.dir/C_/Dev/OpenU5-Native/native/targets/tdeck/main/asset_pack.cpp.obj
[1386/1649] Building CXX object CMakeFiles/a3_hf9_refuge_cadence_runtime.dir/C_/Dev/OpenU5-Native/native/targets/tdeck/main/dungeon_art_cache.cpp.obj
[1387/1649] Building CXX object CMakeFiles/a3_hf9_refuge_cadence_runtime.dir/C_/Dev/OpenU5-Native/native/targets/tdeck/main/alpha_resources.cpp.obj
[1388/1649] Building CXX object CMakeFiles/a3_hf9_refuge_cadence_runtime.dir/C_/Dev/OpenU5-Native/native/targets/tdeck/main/alpha_dialogue.cpp.obj
[1389/1649] Building CXX object CMakeFiles/a3_hf10_mix_parity_runtime.dir/C_/Dev/OpenU5-Native/native/targets/tdeck/host_tests/alpha_runtime_host_fixture.cpp.obj
[1390/1649] Building CXX object CMakeFiles/a3_hf9_refuge_cadence_runtime.dir/C_/Dev/OpenU5-Native/native/targets/tdeck/main/native_renderer.cpp.obj
[1391/1649] Building CXX object CMakeFiles/a3_hf8_sacrifice_burst_runtime.dir/C_/Dev/OpenU5-Native/native/targets/tdeck/main/tdeck_board.cpp.obj
[1392/1649] Building CXX object CMakeFiles/a3_hf7_ritual_fx_runtime.dir/C_/Dev/OpenU5-Native/native/targets/tdeck/main/alpha_runtime.cpp.obj
[1393/1649] Building CXX object CMakeFiles/a3_hf10_mix_parity_runtime.dir/C_/Dev/OpenU5-Native/native/targets/tdeck/main/idle_service.cpp.obj
[1394/1649] Building CXX object CMakeFiles/a3_hf10_mix_parity_runtime.dir/C_/Dev/OpenU5-Native/native/targets/tdeck/host_tests/board_shims/fake_tdeck_bus.cpp.obj
[1395/1649] Building CXX object CMakeFiles/a3_hf10_mix_parity_runtime.dir/C_/Dev/OpenU5-Native/native/targets/tdeck/main/alpha_audio.cpp.obj
[1396/1649] Building CXX object CMakeFiles/a3_hf10_mix_parity_runtime.dir/C_/Dev/OpenU5-Native/native/targets/tdeck/host_tests/host_stubs/alpha_save_memory_host_stub.cpp.obj
[1397/1649] Building CXX object CMakeFiles/a3_hf10_mix_parity_runtime.dir/C_/Dev/OpenU5-Native/native/targets/tdeck/main/ui_input_adapter.cpp.obj
[1398/1649] Building CXX object CMakeFiles/a3_hf10_mix_parity_runtime.dir/C_/Dev/OpenU5-Native/native/targets/tdeck/main/keyboard_matrix.cpp.obj
[1399/1649] Building CXX object CMakeFiles/a3_hf10_mix_parity_runtime.dir/C_/Dev/OpenU5-Native/native/targets/tdeck/main/alpha_save_generation.cpp.obj
[1400/1649] Building CXX object CMakeFiles/a3_hf10_mix_parity_runtime.dir/C_/Dev/OpenU5-Native/native/targets/tdeck/main/input_controller.cpp.obj
[1401/1649] Building CXX object CMakeFiles/a3_hf10_mix_parity_runtime.dir/C_/Dev/OpenU5-Native/native/targets/tdeck/host_tests/host_stubs/device_smoke_tests_host_stub.cpp.obj
[1402/1649] Building CXX object CMakeFiles/a3_hf10_mix_parity_runtime.dir/C_/Dev/OpenU5-Native/native/targets/tdeck/main/asset_pack.cpp.obj
[1403/1649] Building CXX object CMakeFiles/a3_hf10_mix_parity_runtime.dir/C_/Dev/OpenU5-Native/native/targets/tdeck/main/alpha_resources.cpp.obj
[1404/1649] Building CXX object CMakeFiles/a3_hf10_mix_parity_runtime.dir/C_/Dev/OpenU5-Native/native/targets/tdeck/main/dungeon_art_cache.cpp.obj
[1405/1649] Building CXX object CMakeFiles/a3_hf10_mix_parity_runtime.dir/C_/Dev/OpenU5-Native/native/targets/tdeck/main/alpha_dialogue.cpp.obj
[1406/1649] Building CXX object CMakeFiles/a3_hf9_refuge_cadence_runtime.dir/C_/Dev/OpenU5-Native/native/targets/tdeck/host_tests/a3_hf9_refuge_cadence_runtime_test.cpp.obj
[1407/1649] Building CXX object CMakeFiles/batch14_zstats_runtime_regression.dir/C_/Dev/OpenU5-Native/native/targets/tdeck/host_tests/host_stubs/tdeck_input_host_stub.cpp.obj
[1408/1649] Building CXX object CMakeFiles/a3_hf10_mix_parity_runtime.dir/C_/Dev/OpenU5-Native/native/targets/tdeck/main/native_renderer.cpp.obj
[1409/1649] Building CXX object CMakeFiles/a3_hf8_sacrifice_burst_runtime.dir/C_/Dev/OpenU5-Native/native/targets/tdeck/main/alpha_runtime.cpp.obj
[1410/1649] Building CXX object CMakeFiles/a3_hf9_refuge_cadence_runtime.dir/C_/Dev/OpenU5-Native/native/targets/tdeck/main/tdeck_board.cpp.obj
[1411/1649] Building CXX object CMakeFiles/batch14_zstats_runtime_regression.dir/C_/Dev/OpenU5-Native/native/targets/tdeck/main/input_controller.cpp.obj
[1412/1649] Building CXX object CMakeFiles/batch14_zstats_runtime_regression.dir/C_/Dev/OpenU5-Native/native/targets/tdeck/host_tests/host_stubs/alpha_save_host_stub.cpp.obj
[1413/1649] Building CXX object CMakeFiles/batch14_zstats_runtime_regression.dir/C_/Dev/OpenU5-Native/native/targets/tdeck/main/keyboard_matrix.cpp.obj
[1414/1649] Building CXX object CMakeFiles/batch14_zstats_runtime_regression.dir/C_/Dev/OpenU5-Native/native/targets/tdeck/main/ui_input_adapter.cpp.obj
[1415/1649] Building CXX object CMakeFiles/a3_hf10_mix_parity_runtime.dir/C_/Dev/OpenU5-Native/native/targets/tdeck/host_tests/a3_hf10_mix_parity_runtime_test.cpp.obj
[1416/1649] Building CXX object CMakeFiles/batch14_zstats_runtime_regression.dir/C_/Dev/OpenU5-Native/native/targets/tdeck/host_tests/host_stubs/tdeck_board_host_stub.cpp.obj
[1417/1649] Building CXX object CMakeFiles/batch14_zstats_runtime_regression.dir/C_/Dev/OpenU5-Native/native/targets/tdeck/host_tests/alpha_runtime_host_fixture.cpp.obj
[1418/1649] Building CXX object CMakeFiles/a3_hf7_ritual_fx.dir/tests/a3_hf7_ritual_fx_test.cpp.obj
[1419/1649] Building CXX object CMakeFiles/batch14_zstats_runtime_regression.dir/C_/Dev/OpenU5-Native/native/targets/tdeck/host_tests/host_stubs/device_smoke_tests_host_stub.cpp.obj
[1420/1649] Building CXX object CMakeFiles/batch18_well_ceremony_regression.dir/C_/Dev/OpenU5-Native/native/targets/tdeck/host_tests/host_stubs/tdeck_input_host_stub.cpp.obj
[1421/1649] Building CXX object CMakeFiles/batch14_zstats_runtime_regression.dir/C_/Dev/OpenU5-Native/native/targets/tdeck/main/asset_pack.cpp.obj
[1422/1649] Building CXX object CMakeFiles/batch14_zstats_runtime_regression.dir/C_/Dev/OpenU5-Native/native/targets/tdeck/main/dungeon_art_cache.cpp.obj
[1423/1649] Building CXX object CMakeFiles/batch18_well_ceremony_regression.dir/C_/Dev/OpenU5-Native/native/targets/tdeck/main/ui_input_adapter.cpp.obj
[1424/1649] Building CXX object CMakeFiles/batch18_well_ceremony_regression.dir/C_/Dev/OpenU5-Native/native/targets/tdeck/host_tests/host_stubs/alpha_save_host_stub.cpp.obj
[1425/1649] Building CXX object CMakeFiles/batch18_well_ceremony_regression.dir/C_/Dev/OpenU5-Native/native/targets/tdeck/main/input_controller.cpp.obj
[1426/1649] Building CXX object CMakeFiles/batch14_zstats_runtime_regression.dir/C_/Dev/OpenU5-Native/native/targets/tdeck/main/alpha_dialogue.cpp.obj
[1427/1649] Building CXX object CMakeFiles/batch14_zstats_runtime_regression.dir/C_/Dev/OpenU5-Native/native/targets/tdeck/host_tests/batch14_zstats_runtime_test.cpp.obj
[1428/1649] Building CXX object CMakeFiles/batch18_well_ceremony_regression.dir/C_/Dev/OpenU5-Native/native/targets/tdeck/main/keyboard_matrix.cpp.obj
[1429/1649] Building CXX object CMakeFiles/a3_hf5_dialogue_pacer.dir/tests/a3_hf5_dialogue_pacer_test.cpp.obj
[1430/1649] Building CXX object CMakeFiles/batch18_well_ceremony_regression.dir/C_/Dev/OpenU5-Native/native/targets/tdeck/host_tests/alpha_runtime_host_fixture.cpp.obj
[1431/1649] Building CXX object CMakeFiles/batch18_well_ceremony_regression.dir/C_/Dev/OpenU5-Native/native/targets/tdeck/host_tests/host_stubs/tdeck_board_host_stub.cpp.obj
[1432/1649] Building CXX object CMakeFiles/batch14_zstats_runtime_regression.dir/C_/Dev/OpenU5-Native/native/targets/tdeck/main/native_renderer.cpp.obj
[1433/1649] Building CXX object CMakeFiles/batch18_well_ceremony_regression.dir/C_/Dev/OpenU5-Native/native/targets/tdeck/host_tests/batch18_well_ceremony_test.cpp.obj
[1434/1649] Building CXX object CMakeFiles/a3_hf10_mix_parity_runtime.dir/C_/Dev/OpenU5-Native/native/targets/tdeck/main/tdeck_board.cpp.obj
[1435/1649] Building CXX object CMakeFiles/a3_hf9_refuge_cadence_runtime.dir/C_/Dev/OpenU5-Native/native/targets/tdeck/main/alpha_runtime.cpp.obj
[1436/1649] Building CXX object CMakeFiles/batch19_command_char_regression.dir/C_/Dev/OpenU5-Native/native/targets/tdeck/main/keyboard_matrix.cpp.obj
[1437/1649] Building CXX object CMakeFiles/batch14_zstats_runtime_regression.dir/C_/Dev/OpenU5-Native/native/targets/tdeck/main/alpha_resources.cpp.obj
[1438/1649] Building CXX object CMakeFiles/batch18_well_ceremony_regression.dir/C_/Dev/OpenU5-Native/native/targets/tdeck/main/asset_pack.cpp.obj
[1439/1649] Building CXX object CMakeFiles/batch18_well_ceremony_regression.dir/C_/Dev/OpenU5-Native/native/targets/tdeck/main/alpha_resources.cpp.obj
[1440/1649] Building CXX object CMakeFiles/batch18_well_ceremony_regression.dir/C_/Dev/OpenU5-Native/native/targets/tdeck/host_tests/host_stubs/device_smoke_tests_host_stub.cpp.obj
[1441/1649] Building CXX object CMakeFiles/batch19_command_char_regression.dir/C_/Dev/OpenU5-Native/native/targets/tdeck/host_tests/host_stubs/tdeck_input_host_stub.cpp.obj
[1442/1649] Building CXX object CMakeFiles/batch19_command_char_regression.dir/C_/Dev/OpenU5-Native/native/targets/tdeck/host_tests/host_stubs/device_smoke_tests_host_stub.cpp.obj
[1443/1649] Building CXX object CMakeFiles/batch19_command_char_regression.dir/C_/Dev/OpenU5-Native/native/targets/tdeck/main/ui_input_adapter.cpp.obj
[1444/1649] Building CXX object CMakeFiles/batch19_command_char_regression.dir/C_/Dev/OpenU5-Native/native/targets/tdeck/host_tests/host_stubs/alpha_save_host_stub.cpp.obj
[1445/1649] Building CXX object CMakeFiles/batch18_well_ceremony_regression.dir/C_/Dev/OpenU5-Native/native/targets/tdeck/main/alpha_dialogue.cpp.obj
[1446/1649] Building CXX object CMakeFiles/batch18_well_ceremony_regression.dir/C_/Dev/OpenU5-Native/native/targets/tdeck/main/dungeon_art_cache.cpp.obj
[1447/1649] Building CXX object CMakeFiles/batch19_command_char_regression.dir/C_/Dev/OpenU5-Native/native/targets/tdeck/host_tests/host_stubs/tdeck_board_host_stub.cpp.obj
[1448/1649] Building CXX object CMakeFiles/batch19_command_char_regression.dir/C_/Dev/OpenU5-Native/native/targets/tdeck/main/input_controller.cpp.obj
[1449/1649] Building CXX object CMakeFiles/batch19_command_char_regression.dir/C_/Dev/OpenU5-Native/native/targets/tdeck/host_tests/alpha_runtime_host_fixture.cpp.obj
[1450/1649] Building CXX object CMakeFiles/batch18_well_ceremony_regression.dir/C_/Dev/OpenU5-Native/native/targets/tdeck/main/native_renderer.cpp.obj
[1451/1649] Building CXX object CMakeFiles/batch19_command_char_regression.dir/C_/Dev/OpenU5-Native/native/targets/tdeck/host_tests/batch19_command_char_runtime_test.cpp.obj
[1452/1649] Building CXX object CMakeFiles/batch19_command_char_regression.dir/C_/Dev/OpenU5-Native/native/targets/tdeck/main/asset_pack.cpp.obj
[1453/1649] Building CXX object CMakeFiles/a3_hf10_mix_parity_runtime.dir/C_/Dev/OpenU5-Native/native/targets/tdeck/main/alpha_runtime.cpp.obj
[1454/1649] Building CXX object CMakeFiles/batch19_command_char_regression.dir/C_/Dev/OpenU5-Native/native/targets/tdeck/main/dungeon_art_cache.cpp.obj
[1455/1649] Building CXX object CMakeFiles/batch3_group_a_tests.dir/tests/batch3_group_a_test.cpp.obj
[1456/1649] Building CXX object CMakeFiles/batch3_group_b_tests.dir/tests/batch3_group_b_test.cpp.obj
[1457/1649] Building CXX object CMakeFiles/batch19_command_char_regression.dir/C_/Dev/OpenU5-Native/native/targets/tdeck/main/alpha_resources.cpp.obj
[1458/1649] Building CXX object CMakeFiles/batch19_command_char_regression.dir/C_/Dev/OpenU5-Native/native/targets/tdeck/main/alpha_dialogue.cpp.obj
[1459/1649] Building CXX object CMakeFiles/batch4_group_a_tests.dir/tests/batch4_group_a_test.cpp.obj
[1460/1649] Building CXX object CMakeFiles/batch14_zstats_model_tests.dir/tests/batch14_zstats_model_test.cpp.obj
[1461/1649] Building CXX object CMakeFiles/batch3_group_c_tests.dir/tests/batch3_group_c_test.cpp.obj
[1462/1649] Building CXX object CMakeFiles/batch4_group_b_tests.dir/tests/batch4_group_b_test.cpp.obj
[1463/1649] Building CXX object CMakeFiles/batch19_command_char_regression.dir/C_/Dev/OpenU5-Native/native/targets/tdeck/main/native_renderer.cpp.obj
[1464/1649] Building CXX object CMakeFiles/alpha_resource_capacity_tests.dir/tests/alpha_resource_capacity_test.cpp.obj
[1465/1649] Building CXX object CMakeFiles/batch7b_tests.dir/tests/batch7b_test.cpp.obj
[1466/1649] Building CXX object CMakeFiles/batch5_tests.dir/tests/batch5_test.cpp.obj
[1467/1649] Building CXX object CMakeFiles/a4_parity2_mani_not_dead.dir/tests/a4_parity2_mani_not_dead_test.cpp.obj
[1468/1649] Building CXX object CMakeFiles/batch17_theft_watchdog_tests.dir/tests/batch17_theft_watchdog_test.cpp.obj
[1469/1649] Building CXX object CMakeFiles/batch15_sacrifice_tests.dir/tests/batch15_sacrifice_test.cpp.obj
[1470/1649] Building CXX object CMakeFiles/batch14_zstats_runtime_regression.dir/C_/Dev/OpenU5-Native/native/targets/tdeck/main/alpha_runtime.cpp.obj
[1471/1649] Building CXX object CMakeFiles/batch12_combat_field_tests.dir/tests/batch12_combat_field_test.cpp.obj
[1472/1649] Building CXX object CMakeFiles/batch19_command_char_tests.dir/tests/batch19_command_char_test.cpp.obj
[1473/1649] Linking CXX executable frontend_tests.exe
[1474/1649] Building CXX object CMakeFiles/batch45b_tests.dir/tests/batch45b_test.cpp.obj
[1475/1649] Building CXX object CMakeFiles/batch13_tests.dir/tests/batch13_test.cpp.obj
[1476/1649] Building CXX object CMakeFiles/batch18_well_ceremony_regression.dir/C_/Dev/OpenU5-Native/native/targets/tdeck/main/alpha_runtime.cpp.obj
[1477/1649] Building CXX object CMakeFiles/blackthorn_scene_tests.dir/tests/blackthorn_scene_test.cpp.obj
[1478/1649] Building CXX object CMakeFiles/batch19_command_char_regression.dir/C_/Dev/OpenU5-Native/native/targets/tdeck/main/alpha_runtime.cpp.obj
[1479/1649] Linking CXX executable ui_host_harness.exe
[1480/1649] Linking CXX executable debug_map_picker_tests.exe
[1481/1649] Linking CXX executable shop_parity_tests.exe
[1482/1649] Linking CXX executable ui_session_tests.exe
[1483/1649] Linking CXX executable dialogue_parity_tests.exe
[1484/1649] Linking CXX executable debug_labels_tests.exe
[1485/1649] Linking CXX executable gameplay_integration_tests.exe
[1486/1649] Linking CXX executable debug_developer_tests.exe
[1487/1649] Linking CXX executable look_sign_tests.exe
[1488/1649] Linking CXX executable display_names_tests.exe
[1489/1649] Linking CXX executable quest_search_tests.exe
[1490/1649] Linking CXX executable advanced_combat_parity_tests.exe
[1491/1649] Linking CXX executable item_parity_tests.exe
[1492/1649] Linking CXX executable dungeon_parity_tests.exe
[1493/1649] Linking CXX executable measure_ui_sizes.exe
[1494/1649] Linking CXX executable persistence_driver.exe
[1495/1649] Linking CXX executable shop_flow_tests.exe
[1496/1649] Linking CXX executable transport_flow_parity_tests.exe
[1497/1649] Linking CXX executable batch21b_chest_reset.exe
[1498/1649] Linking CXX executable dungeon_flow_parity_tests.exe
[1499/1649] Linking CXX executable magic_parity_tests.exe
[1500/1649] Linking CXX executable gameplay_driver.exe
[1501/1649] Linking CXX executable command_parity_tests.exe
[1502/1649] Linking CXX executable world_flow_adapter_tests.exe
[1503/1649] Linking CXX executable quest_driver.exe
[1504/1649] Linking CXX executable combat_parity_tests.exe
[1505/1649] Linking CXX executable world_flow_parity_tests.exe
[1506/1649] Linking CXX executable dialogue_adapter_tests.exe
[1507/1649] Linking CXX executable movement_flow_parity_tests.exe
[1508/1649] Linking CXX executable ui_debug_menu_tests.exe
[1509/1649] Linking CXX executable shop_adapter_tests.exe
[1510/1649] Linking CXX executable core_parity_tests.exe
[1511/1649] Linking CXX executable dungeon_view_regression.exe
[1512/1649] Linking CXX executable batch31_h165_dungeon_entry.exe
[1513/1649] Linking CXX executable dungeon_combat_regression.exe
[1514/1649] Linking CXX executable movement_regression.exe
[1515/1649] Linking CXX executable batch28_save_validation.exe
[1516/1649] Linking CXX executable batch30_sleep_parity.exe
[1517/1649] Linking CXX executable input_regression.exe
[1518/1649] Linking CXX executable dungeon_input_regression.exe
[1519/1649] Linking CXX executable batch34_pre_sleep_npc.exe
[1520/1649] Linking CXX executable batch32_camp_watch.exe
[1521/1649] Linking CXX executable batch24_reload_parity.exe
[1522/1649] Linking CXX executable batch26_dungeon_save.exe
[1523/1649] Linking CXX executable batch25_shard_ritual.exe
[1524/1649] Linking CXX executable ui_mode_regression.exe
[1525/1649] Linking CXX executable batch35_q_sleep_target.exe
[1526/1649] Linking CXX executable combat_escape_regression.exe
[1527/1649] Linking CXX executable batch33_cannon_npc_death.exe
[1528/1649] Linking CXX executable batch29_rest_wiring.exe
[1529/1649] Linking CXX executable batch22_basement_objects.exe
[1530/1649] Linking CXX executable travel_parity_tests.exe
[1531/1649] Linking CXX executable batch21a_dungeon_room_regression.exe
[1532/1649] Linking CXX executable combat_loot_open_regression.exe
[1533/1649] Linking CXX executable batch21a3_combat_active_player.exe
[1534/1649] Linking CXX executable batch27_alt_load.exe
[1535/1649] Linking CXX executable batch23_vault_parity.exe
[1536/1649] Linking CXX executable presentation_regression.exe
[1537/1649] Linking CXX executable dungeon_art_regression.exe
[1538/1649] Linking CXX executable gem_view_regression.exe
[1539/1649] Linking CXX executable alpha_runtime_integration_regression.exe
[1540/1649] Linking CXX executable action_feedback_regression.exe
[1541/1649] Linking CXX executable direct_troll_handoff_regression.exe
[1542/1649] Linking CXX executable batch12b_hardware_regression.exe
[1543/1649] Linking CXX executable turn_parity_tests.exe
[1544/1649] Linking CXX executable batch36_camp_housekeeping.exe
[1545/1649] Linking CXX executable batch39_party_panel.exe
[1546/1649] Linking CXX executable batch42_advancement_flash.exe
[1547/1649] Linking CXX executable batch41_staged_advancement.exe
[1548/1649] Linking CXX executable batch51_camp_pacing.exe
[1549/1649] Linking CXX executable batch43_sleep_scene.exe
[1550/1649] Linking CXX executable a3_04c_contention_runtime.exe
[1551/1649] Linking CXX executable batch40_advancement.exe
[1552/1649] Linking CXX executable a3_01_audio_runtime.exe
[1553/1649] Linking CXX executable batch51_scene_pacing.exe
[1554/1649] Linking CXX executable batch37_bed_viewport.exe
[1555/1649] Linking CXX executable batch53b_moongate_return.exe
[1556/1649] Linking CXX executable batch41_raw_key.exe
[1557/1649] Linking CXX executable a3_hf1_arena_loot.exe
[1558/1649] Linking CXX executable batch44_camp_ring_entry.exe
[1559/1649] Linking CXX executable a3_04b_perf.exe
[1560/1649] Linking CXX executable batch38_camp_duration.exe
[1561/1649] Linking CXX executable batch46_camp_invisibility.exe
[1562/1649] Linking CXX executable batch53a_ending_terminal.exe
[1563/1649] Linking CXX executable a3_04_music_synth.exe
[1564/1649] Linking CXX executable a3_02_sfx_synth.exe
[1565/1649] Linking CXX executable a3_04a_audio_stream.exe
[1566/1649] Linking CXX executable a3_04d_sd_log.exe
[1567/1649] Linking CXX executable a3_01_audio_contract.exe
[1568/1649] Linking CXX executable a3_04e_pacing_runtime.exe
[1569/1649] Linking CXX executable a3_04c_contention.exe
[1570/1649] Linking CXX executable a3_03_sfx_runtime.exe
[1571/1649] Linking CXX executable a3_04b_perf_runtime.exe
[1572/1649] Linking CXX executable a3_04e_pacing.exe
[1573/1649] Linking CXX executable batch53_release_blockers.exe
[1574/1649] Linking CXX executable a3_hf2_ambient_parity.exe
[1575/1649] Linking CXX executable a3_04_music_runtime.exe
[1576/1649] Linking CXX executable a3_04d_sd_log_runtime.exe
[1577/1649] Linking CXX executable a3_03_sfx_inventory.exe
[1578/1649] Linking CXX executable a3_02_sfx_runtime.exe
[1579/1649] Linking CXX executable a3_hf2_1_dispatch_log.exe
[1580/1649] Linking CXX executable a3_04f_render_runtime.exe
[1581/1649] Linking CXX executable a4_ui2_death_music_runtime.exe
[1582/1649] Linking CXX executable a4_ui1_chrome_runtime.exe
[1583/1649] Linking CXX executable a4_ui2_title_runtime.exe
[1584/1649] Linking CXX executable a3_hf3_combat_hit_cue.exe
[1585/1649] Linking CXX executable a4_ui2_save_menu_runtime.exe
[1586/1649] Linking CXX executable a4_save1_recovery_runtime.exe
[1587/1649] Linking CXX executable a3_hf3_combat_hit_runtime.exe
[1588/1649] Linking CXX executable a4_enh1_rules.exe
[1589/1649] Linking CXX executable a3_04g_storage_runtime.exe
[1590/1649] Linking CXX executable a4_enh2_rules.exe
[1591/1649] Linking CXX executable a4_enh1_preservation.exe
[1592/1649] Linking CXX executable a4_parity2_d87_crop_food_cap.exe
[1593/1649] Linking CXX executable a4_ui3_slot_rows.exe
[1594/1649] Linking CXX executable a4_parity2_d85_trapdoor_party.exe
[1595/1649] Linking CXX executable a4_parity2_d83_d84_resurrect.exe
[1596/1649] Linking CXX executable a4_polish3_keyboard_light.exe
[1597/1649] Linking CXX executable a3_05_audio_mute.exe
[1598/1649] Linking CXX executable a4_parity2_d89_naval_ouch.exe
[1599/1649] Linking CXX executable a4_polish3_keyboard_light_runtime.exe
[1600/1649] Linking CXX executable a4_enh2_preservation.exe
[1601/1649] Linking CXX executable a4_enh2_preservation_runtime.exe
[1602/1649] Linking CXX executable a4_parity2_d88_combat_clock.exe
[1603/1649] Linking CXX executable a4_parity1_runtime.exe
[1604/1649] Linking CXX executable a4_enh2_runtime.exe
[1605/1649] Linking CXX executable a4_parity2_d86_dungeon_digit_runtime.exe
[1606/1649] Linking CXX executable a4_end1_endgame_scene.exe
[1607/1649] Linking CXX executable a4_enh1_runtime.exe
[1608/1649] Linking CXX executable a3_05_audio_controls.exe
[1609/1649] Linking CXX executable a3_hf4_load_transient_runtime.exe
[1610/1649] Linking CXX executable a4_enh1_preservation_runtime.exe
[1611/1649] Linking CXX executable a4_rc3_dungeon_music_runtime.exe
[1612/1649] Linking CXX executable a4_ui4_presentation_runtime.exe
[1613/1649] Linking CXX executable a4_ui4_console_runtime.exe
[1614/1649] Linking CXX executable a4_end1_ending_runtime.exe
[1615/1649] Linking CXX executable a3_hf5_dialogue_pacing_runtime.exe
[1616/1649] Linking CXX executable a4_save3_pc_bridge_runtime.exe
[1617/1649] Linking CXX executable a4_ui4_moongate_runtime.exe
[1618/1649] Linking CXX executable a4_ui3_save_ux_runtime.exe
[1619/1649] Linking CXX executable a4_parity2_d82_runtime.exe
[1620/1649] Linking CXX executable a4_save2_slots_runtime.exe
[1621/1649] Linking CXX executable a3_hf6_shrine_key_wait_runtime.exe
[1622/1649] Linking CXX executable a3_hf6_shrine_key_wait_pacer.exe
[1623/1649] Linking CXX executable a3_hf7_ritual_fx_runtime.exe
[1624/1649] Linking CXX executable a3_hf8_sacrifice_burst_runtime.exe
[1625/1649] Linking CXX executable alpha_resource_capacity_tests.exe
[1626/1649] Linking CXX executable batch14_zstats_model_tests.exe
[1627/1649] Linking CXX executable a3_hf5_dialogue_pacer.exe
[1628/1649] Linking CXX executable a3_hf7_ritual_fx.exe
[1629/1649] Linking CXX executable a3_hf9_refuge_cadence.exe
[1630/1649] Linking CXX executable batch18_well_ceremony_regression.exe
[1631/1649] Linking CXX executable batch14_zstats_runtime_regression.exe
[1632/1649] Linking CXX executable batch19_command_char_regression.exe
[1633/1649] Linking CXX executable a3_hf9_refuge_cadence_runtime.exe
[1634/1649] Linking CXX executable a3_hf10_mix_parity_runtime.exe
[1635/1649] Linking CXX executable batch4_group_b_tests.exe
[1636/1649] Linking CXX executable batch19_command_char_tests.exe
[1637/1649] Linking CXX executable batch7b_tests.exe
[1638/1649] Linking CXX executable batch5_tests.exe
[1639/1649] Linking CXX executable batch13_tests.exe
[1640/1649] Linking CXX executable batch4_group_a_tests.exe
[1641/1649] Linking CXX executable batch45b_tests.exe
[1642/1649] Linking CXX executable batch3_group_b_tests.exe
[1643/1649] Linking CXX executable batch17_theft_watchdog_tests.exe
[1644/1649] Linking CXX executable blackthorn_scene_tests.exe
[1645/1649] Linking CXX executable a4_parity2_mani_not_dead.exe
[1646/1649] Linking CXX executable batch3_group_a_tests.exe
[1647/1649] Linking CXX executable batch3_group_c_tests.exe
[1648/1649] Linking CXX executable batch15_sacrifice_tests.exe
[1649/1649] Linking CXX executable batch12_combat_field_tests.exe
BUILD rc=0
