[I][AlphaResources] Alpha resource pack v2.0 valid: 2042554 bytes, 43 entries, payload CRC=9c10874f, expected SHA-256=11d72c7784d4, firmware_match=1
[I][AlphaResources] Loaded owners: 64 small floors, 8 dungeons, 1024 NPC records; PSRAM=1188214
[I][AlphaSave] SD_HEAP operation=dma-reserve-created state=startup free_internal=67108864 free_dma=67108864 largest_dma=67108864 largest_internal=67108864 requested_dma=8192
[I][AlphaSave] SD_HEAP operation=release-reserved-dma state=settings-load free_internal=67108864 free_dma=67108864 largest_dma=67108864 largest_internal=67108864 requested_dma=8192
[I][AlphaSave] SD_HEAP operation=sd-window-open state=settings-load free_internal=67108864 free_dma=67108864 largest_dma=67108864 largest_internal=67108864 requested_dma=512
[I][AlphaSave] SD_HEAP operation=dma-reserve-restored state=settings-load free_internal=67108864 free_dma=67108864 largest_dma=67108864 largest_internal=67108864 requested_dma=8192
[I][AlphaRuntime] SETTINGS_LOAD loaded=0 sfx_volume=80 music_volume=80

[E] a card without saves
[I][AlphaSave] SD_HEAP operation=release-reserved-dma state=save-catalog free_internal=67108864 free_dma=67108864 largest_dma=67108864 largest_internal=67108864 requested_dma=8192
[I][AlphaSave] SD_HEAP operation=sd-window-open state=save-catalog free_internal=67108864 free_dma=67108864 largest_dma=67108864 largest_internal=67108864 requested_dma=512
[I][AlphaSave] SAVE_SCRATCH psram_bytes=11888
[I][AlphaSave] SAVE_CATALOG slot1=empty slot2=empty slot3=empty staged=0 bytes=0 commit_us=91 verify_us=0 total_us=106
[I][AlphaSave] SD_HEAP operation=dma-reserve-restored state=save-catalog free_internal=67108864 free_dma=67108864 largest_dma=67108864 largest_internal=67108864 requested_dma=8192
[I][AlphaSave] SD_HEAP operation=release-reserved-dma state=save-catalog free_internal=67108864 free_dma=67108864 largest_dma=67108864 largest_internal=67108864 requested_dma=8192
[I][AlphaSave] SD_HEAP operation=sd-window-open state=save-catalog free_internal=67108864 free_dma=67108864 largest_dma=67108864 largest_internal=67108864 requested_dma=512
[I][AlphaSave] SAVE_SCRATCH psram_bytes=11888
[I][AlphaSave] SAVE_CATALOG slot1=empty slot2=empty slot3=empty staged=0 bytes=0 commit_us=63 verify_us=0 total_us=75
[I][AlphaSave] SD_HEAP operation=dma-reserve-restored state=save-catalog free_internal=67108864 free_dma=67108864 largest_dma=67108864 largest_internal=67108864 requested_dma=8192
  GREEN E1    no directory, or an empty one: three empty slots; nothing for Continue; the first empty slot is Slot 1
  GREEN E2    listing it costs six failed commit opens and writes nothing (opens=0 failed=6)
[I][AlphaSave] SD_HEAP operation=release-reserved-dma state=load-latest free_internal=67108864 free_dma=67108864 largest_dma=67108864 largest_internal=67108864 requested_dma=8192
[I][AlphaSave] SD_HEAP operation=sd-window-open state=load-latest free_internal=67108864 free_dma=67108864 largest_dma=67108864 largest_internal=67108864 requested_dma=512
[I][AlphaSave] SAVE_SCRATCH psram_bytes=11888
[I][AlphaSave] SD_HEAP operation=dma-reserve-restored state=load-latest free_internal=67108864 free_dma=67108864 largest_dma=67108864 largest_internal=67108864 requested_dma=8192
[I][AlphaSave] SD_HEAP operation=release-reserved-dma state=load-slot free_internal=67108864 free_dma=67108864 largest_dma=67108864 largest_internal=67108864 requested_dma=8192
[I][AlphaSave] SD_HEAP operation=sd-window-open state=load-slot free_internal=67108864 free_dma=67108864 largest_dma=67108864 largest_internal=67108864 requested_dma=512
[W][AlphaSave] no restorable save generation
[I][AlphaSave] SD_HEAP operation=dma-reserve-restored state=load-slot free_internal=67108864 free_dma=67108864 largest_dma=67108864 largest_internal=67108864 requested_dma=8192
[I][AlphaSave] SD_HEAP operation=release-reserved-dma state=load-slot free_internal=67108864 free_dma=67108864 largest_dma=67108864 largest_internal=67108864 requested_dma=8192
[I][AlphaSave] SD_HEAP operation=sd-window-open state=load-slot free_internal=67108864 free_dma=67108864 largest_dma=67108864 largest_internal=67108864 requested_dma=512
[W][AlphaSave] no restorable save generation
[I][AlphaSave] SD_HEAP operation=dma-reserve-restored state=load-slot free_internal=67108864 free_dma=67108864 largest_dma=67108864 largest_internal=67108864 requested_dma=8192
[I][AlphaSave] SD_HEAP operation=release-reserved-dma state=load-slot free_internal=67108864 free_dma=67108864 largest_dma=67108864 largest_internal=67108864 requested_dma=8192
[I][AlphaSave] SD_HEAP operation=sd-window-open state=load-slot free_internal=67108864 free_dma=67108864 largest_dma=67108864 largest_internal=67108864 requested_dma=512
[W][AlphaSave] no restorable save generation
[I][AlphaSave] SD_HEAP operation=dma-reserve-restored state=load-slot free_internal=67108864 free_dma=67108864 largest_dma=67108864 largest_internal=67108864 requested_dma=8192
  GREEN E3    Continue and every slot load refuse, and leave the live game untouched

[I] three independent slots
[I][AlphaSave] SD_HEAP operation=release-reserved-dma state=gameplay-save free_internal=67108864 free_dma=67108864 largest_dma=67108864 largest_internal=67108864 requested_dma=8192
[I][AlphaSave] SD_HEAP operation=sd-window-open state=gameplay-save free_internal=67108864 free_dma=67108864 largest_dma=67108864 largest_internal=67108864 requested_dma=512
[I][AlphaSave] SAVE_SCRATCH psram_bytes=11888
[I][AlphaSave] NEWGAME_SAVE stage=create-root-directory result=ok esp_err=ESP_OK errno=0 path=/sd/ultima5 stack_margin=32768
[I][AlphaSave] NEWGAME_SAVE stage=create-save-directory result=ok esp_err=ESP_OK errno=0 path=/sd/ultima5/saves stack_margin=32768
[I][AlphaSave] SD_HEAP operation=free-space-before state=gameplay-save free_internal=67108864 free_dma=67108864 largest_dma=67108864 largest_internal=67108864 requested_dma=512
[I][AlphaSave] SD_HEAP operation=free-space-call-enter state=gameplay-save free_internal=67108864 free_dma=67108864 largest_dma=67108864 largest_internal=67108864 requested_dma=512
[I][AlphaSave] SD_HEAP operation=free-space-call-exit state=gameplay-save free_internal=67108864 free_dma=67108864 largest_dma=67108864 largest_internal=67108864 requested_dma=512
[I][AlphaSave] SD_HEAP operation=free-space-after state=gameplay-save free_internal=67108864 free_dma=67108864 largest_dma=67108864 largest_internal=67108864 requested_dma=512
[I][AlphaSave] SD_SPACE path=/sd api=esp_vfs_fat_info/f_getfree return=ESP_OK(0x0) errno=0 total_bytes=34359738368 free_bytes=8589934592 total_sectors=67108864 free_sectors=16777216 sector_bytes=512
[I][AlphaSave] NEWGAME_SAVE stage=free-space-query result=ok esp_err=ESP_OK errno=0 path=/sd stack_margin=32768
[I][AlphaSave] NEWGAME_SAVE stage=free-space result=ok esp_err=ESP_OK errno=0 path=/sd stack_margin=32768
[I][AlphaSave] SAVE_TARGET save_slot=0 newest=-1 accepted=0 slot=1 keep=-1 sequence=1
[I][AlphaSave] NEWGAME_SAVE stage=gam-encode result=ok esp_err=ESP_OK errno=0 path=INIT.GAM stack_margin=32768
[I][AlphaSave] NEWGAME_SAVE stage=ool-encode result=ok esp_err=ESP_OK errno=0 path=INIT.OOL stack_margin=32768
[I][AlphaSave] NEWGAME_SAVE stage=json-encode result=ok esp_err=ESP_OK errno=0 path=sidecar stack_margin=32768
[I][AlphaSave] SD_HEAP operation=write-gam-temp state=gameplay-save free_internal=67108864 free_dma=67108864 largest_dma=67108864 largest_internal=67108864 requested_dma=512
[I][AlphaSave] NEWGAME_SAVE stage=write-gam-temp result=ok esp_err=ESP_OK errno=0 path=/sd/ultima5/saves/alpha1-g1.gam.tmp stack_margin=32768
[I][AlphaSave] SD_HEAP operation=write-ool-temp state=gameplay-save free_internal=67108864 free_dma=67108864 largest_dma=67108864 largest_internal=67108864 requested_dma=512
[I][AlphaSave] NEWGAME_SAVE stage=write-ool-temp result=ok esp_err=ESP_OK errno=0 path=/sd/ultima5/saves/alpha1-g1.ool.tmp stack_margin=32768
[I][AlphaSave] SD_HEAP operation=write-json-temp state=gameplay-save free_internal=67108864 free_dma=67108864 largest_dma=67108864 largest_internal=67108864 requested_dma=512
[I][AlphaSave] NEWGAME_SAVE stage=write-json-temp result=ok esp_err=ESP_OK errno=0 path=/sd/ultima5/saves/alpha1-g1.json.tmp stack_margin=32768
[I][AlphaSave] SD_HEAP operation=crc-readback state=gameplay-save free_internal=67108864 free_dma=67108864 largest_dma=67108864 largest_internal=67108864 requested_dma=512
[I][AlphaSave] NEWGAME_SAVE stage=crc-readback result=ok esp_err=ESP_OK errno=0 path=/sd/ultima5/saves stack_margin=32768
[I][AlphaSave] NEWGAME_SAVE stage=rename-gam result=ok esp_err=ESP_OK errno=0 path=/sd/ultima5/saves/alpha1-g1.gam stack_margin=32768
[I][AlphaSave] NEWGAME_SAVE stage=rename-ool result=ok esp_err=ESP_OK errno=0 path=/sd/ultima5/saves/alpha1-g1.ool stack_margin=32768
[I][AlphaSave] NEWGAME_SAVE stage=rename-json result=ok esp_err=ESP_OK errno=0 path=/sd/ultima5/saves/alpha1-g1.json stack_margin=32768
[I][AlphaSave] NEWGAME_SAVE stage=write-commit-temp result=ok esp_err=ESP_OK errno=0 path=/sd/ultima5/saves/alpha1-g1.commit.tmp stack_margin=32768
[I][AlphaSave] NEWGAME_SAVE stage=rename-commit result=ok esp_err=ESP_OK errno=0 path=/sd/ultima5/saves/alpha1-g1.commit stack_margin=32768
[I][AlphaSave] NEWGAME_SAVE stage=semantic-validation result=ok esp_err=ESP_OK errno=0 path=/sd/ultima5/saves/alpha1-g1.commit stack_margin=32768
[I][AlphaSave] NEWGAME_SAVE stage=generation-final result=ok esp_err=ESP_OK errno=0 path=/sd/ultima5/saves/alpha1-g1.commit stack_margin=32768
[I][AlphaSave] save generation=1 save_slot=0 slot=1 time=14 ms json=369
[I][AlphaSave] SD_HEAP operation=dma-reserve-restored state=gameplay-save free_internal=67108864 free_dma=67108864 largest_dma=67108864 largest_internal=67108864 requested_dma=8192
  GREEN I1    Slot 1 on a blank card: exactly alpha1-g1.commit alpha1-g1.gam alpha1-g1.json alpha1-g1.ool (sequence 1), as every older firmware wrote
[I][AlphaSave] SD_HEAP operation=release-reserved-dma state=gameplay-save free_internal=67108864 free_dma=67108864 largest_dma=67108864 largest_internal=67108864 requested_dma=8192
[I][AlphaSave] SD_HEAP operation=sd-window-open state=gameplay-save free_internal=67108864 free_dma=67108864 largest_dma=67108864 largest_internal=67108864 requested_dma=512
[I][AlphaSave] NEWGAME_SAVE stage=create-root-directory result=ok esp_err=ESP_OK errno=0 path=/sd/ultima5 stack_margin=32768
[I][AlphaSave] NEWGAME_SAVE stage=create-save-directory result=ok esp_err=ESP_OK errno=0 path=/sd/ultima5/saves stack_margin=32768
[I][AlphaSave] SD_HEAP operation=free-space-before state=gameplay-save free_internal=67108864 free_dma=67108864 largest_dma=67108864 largest_internal=67108864 requested_dma=512
[I][AlphaSave] SD_HEAP operation=free-space-call-enter state=gameplay-save free_internal=67108864 free_dma=67108864 largest_dma=67108864 largest_internal=67108864 requested_dma=512
[I][AlphaSave] SD_HEAP operation=free-space-call-exit state=gameplay-save free_internal=67108864 free_dma=67108864 largest_dma=67108864 largest_internal=67108864 requested_dma=512
[I][AlphaSave] SD_HEAP operation=free-space-after state=gameplay-save free_internal=67108864 free_dma=67108864 largest_dma=67108864 largest_internal=67108864 requested_dma=512
[I][AlphaSave] SD_SPACE path=/sd api=esp_vfs_fat_info/f_getfree return=ESP_OK(0x0) errno=0 total_bytes=34359738368 free_bytes=8589934592 total_sectors=67108864 free_sectors=16777216 sector_bytes=512
[I][AlphaSave] NEWGAME_SAVE stage=free-space-query result=ok esp_err=ESP_OK errno=0 path=/sd stack_margin=32768
[I][AlphaSave] NEWGAME_SAVE stage=free-space result=ok esp_err=ESP_OK errno=0 path=/sd stack_margin=32768
[I][AlphaSave] SAVE_TARGET save_slot=1 newest=-1 accepted=0 slot=1 keep=-1 sequence=2
[I][AlphaSave] NEWGAME_SAVE stage=gam-encode result=ok esp_err=ESP_OK errno=0 path=INIT.GAM stack_margin=32768
[I][AlphaSave] NEWGAME_SAVE stage=ool-encode result=ok esp_err=ESP_OK errno=0 path=INIT.OOL stack_margin=32768
[I][AlphaSave] NEWGAME_SAVE stage=json-encode result=ok esp_err=ESP_OK errno=0 path=sidecar stack_margin=32768
[I][AlphaSave] SD_HEAP operation=write-gam-temp state=gameplay-save free_internal=67108864 free_dma=67108864 largest_dma=67108864 largest_internal=67108864 requested_dma=512
[I][AlphaSave] NEWGAME_SAVE stage=write-gam-temp result=ok esp_err=ESP_OK errno=0 path=/sd/ultima5/saves/alpha1-s2-g1.gam.tmp stack_margin=32768
[I][AlphaSave] SD_HEAP operation=write-ool-temp state=gameplay-save free_internal=67108864 free_dma=67108864 largest_dma=67108864 largest_internal=67108864 requested_dma=512
[I][AlphaSave] NEWGAME_SAVE stage=write-ool-temp result=ok esp_err=ESP_OK errno=0 path=/sd/ultima5/saves/alpha1-s2-g1.ool.tmp stack_margin=32768
[I][AlphaSave] SD_HEAP operation=write-json-temp state=gameplay-save free_internal=67108864 free_dma=67108864 largest_dma=67108864 largest_internal=67108864 requested_dma=512
[I][AlphaSave] NEWGAME_SAVE stage=write-json-temp result=ok esp_err=ESP_OK errno=0 path=/sd/ultima5/saves/alpha1-s2-g1.json.tmp stack_margin=32768
[I][AlphaSave] SD_HEAP operation=crc-readback state=gameplay-save free_internal=67108864 free_dma=67108864 largest_dma=67108864 largest_internal=67108864 requested_dma=512
[I][AlphaSave] NEWGAME_SAVE stage=crc-readback result=ok esp_err=ESP_OK errno=0 path=/sd/ultima5/saves stack_margin=32768
[I][AlphaSave] NEWGAME_SAVE stage=rename-gam result=ok esp_err=ESP_OK errno=0 path=/sd/ultima5/saves/alpha1-s2-g1.gam stack_margin=32768
[I][AlphaSave] NEWGAME_SAVE stage=rename-ool result=ok esp_err=ESP_OK errno=0 path=/sd/ultima5/saves/alpha1-s2-g1.ool stack_margin=32768
[I][AlphaSave] NEWGAME_SAVE stage=rename-json result=ok esp_err=ESP_OK errno=0 path=/sd/ultima5/saves/alpha1-s2-g1.json stack_margin=32768
[I][AlphaSave] NEWGAME_SAVE stage=write-commit-temp result=ok esp_err=ESP_OK errno=0 path=/sd/ultima5/saves/alpha1-s2-g1.commit.tmp stack_margin=32768
[I][AlphaSave] NEWGAME_SAVE stage=rename-commit result=ok esp_err=ESP_OK errno=0 path=/sd/ultima5/saves/alpha1-s2-g1.commit stack_margin=32768
[I][AlphaSave] NEWGAME_SAVE stage=semantic-validation result=ok esp_err=ESP_OK errno=0 path=/sd/ultima5/saves/alpha1-s2-g1.commit stack_margin=32768
[I][AlphaSave] NEWGAME_SAVE stage=generation-final result=ok esp_err=ESP_OK errno=0 path=/sd/ultima5/saves/alpha1-s2-g1.commit stack_margin=32768
[I][AlphaSave] save generation=2 save_slot=1 slot=1 time=11 ms json=369
[I][AlphaSave] SD_HEAP operation=dma-reserve-restored state=gameplay-save free_internal=67108864 free_dma=67108864 largest_dma=67108864 largest_internal=67108864 requested_dma=8192
  GREEN I2    Slot 2: only alpha1-s2-g1.commit alpha1-s2-g1.gam alpha1-s2-g1.json alpha1-s2-g1.ool (sequence 2) are new; Slot 1 byte for byte
[I][AlphaSave] SD_HEAP operation=release-reserved-dma state=gameplay-save free_internal=67108864 free_dma=67108864 largest_dma=67108864 largest_internal=67108864 requested_dma=8192
[I][AlphaSave] SD_HEAP operation=sd-window-open state=gameplay-save free_internal=67108864 free_dma=67108864 largest_dma=67108864 largest_internal=67108864 requested_dma=512
[I][AlphaSave] NEWGAME_SAVE stage=create-root-directory result=ok esp_err=ESP_OK errno=0 path=/sd/ultima5 stack_margin=32768
[I][AlphaSave] NEWGAME_SAVE stage=create-save-directory result=ok esp_err=ESP_OK errno=0 path=/sd/ultima5/saves stack_margin=32768
[I][AlphaSave] SD_HEAP operation=free-space-before state=gameplay-save free_internal=67108864 free_dma=67108864 largest_dma=67108864 largest_internal=67108864 requested_dma=512
[I][AlphaSave] SD_HEAP operation=free-space-call-enter state=gameplay-save free_internal=67108864 free_dma=67108864 largest_dma=67108864 largest_internal=67108864 requested_dma=512
[I][AlphaSave] SD_HEAP operation=free-space-call-exit state=gameplay-save free_internal=67108864 free_dma=67108864 largest_dma=67108864 largest_internal=67108864 requested_dma=512
[I][AlphaSave] SD_HEAP operation=free-space-after state=gameplay-save free_internal=67108864 free_dma=67108864 largest_dma=67108864 largest_internal=67108864 requested_dma=512
[I][AlphaSave] SD_SPACE path=/sd api=esp_vfs_fat_info/f_getfree return=ESP_OK(0x0) errno=0 total_bytes=34359738368 free_bytes=8589934592 total_sectors=67108864 free_sectors=16777216 sector_bytes=512
[I][AlphaSave] NEWGAME_SAVE stage=free-space-query result=ok esp_err=ESP_OK errno=0 path=/sd stack_margin=32768
[I][AlphaSave] NEWGAME_SAVE stage=free-space result=ok esp_err=ESP_OK errno=0 path=/sd stack_margin=32768
[I][AlphaSave] SAVE_TARGET save_slot=2 newest=-1 accepted=0 slot=1 keep=-1 sequence=3
[I][AlphaSave] NEWGAME_SAVE stage=gam-encode result=ok esp_err=ESP_OK errno=0 path=INIT.GAM stack_margin=32768
[I][AlphaSave] NEWGAME_SAVE stage=ool-encode result=ok esp_err=ESP_OK errno=0 path=INIT.OOL stack_margin=32768
[I][AlphaSave] NEWGAME_SAVE stage=json-encode result=ok esp_err=ESP_OK errno=0 path=sidecar stack_margin=32768
[I][AlphaSave] SD_HEAP operation=write-gam-temp state=gameplay-save free_internal=67108864 free_dma=67108864 largest_dma=67108864 largest_internal=67108864 requested_dma=512
[I][AlphaSave] NEWGAME_SAVE stage=write-gam-temp result=ok esp_err=ESP_OK errno=0 path=/sd/ultima5/saves/alpha1-s3-g1.gam.tmp stack_margin=32768
[I][AlphaSave] SD_HEAP operation=write-ool-temp state=gameplay-save free_internal=67108864 free_dma=67108864 largest_dma=67108864 largest_internal=67108864 requested_dma=512
[I][AlphaSave] NEWGAME_SAVE stage=write-ool-temp result=ok esp_err=ESP_OK errno=0 path=/sd/ultima5/saves/alpha1-s3-g1.ool.tmp stack_margin=32768
[I][AlphaSave] SD_HEAP operation=write-json-temp state=gameplay-save free_internal=67108864 free_dma=67108864 largest_dma=67108864 largest_internal=67108864 requested_dma=512
[I][AlphaSave] NEWGAME_SAVE stage=write-json-temp result=ok esp_err=ESP_OK errno=0 path=/sd/ultima5/saves/alpha1-s3-g1.json.tmp stack_margin=32768
[I][AlphaSave] SD_HEAP operation=crc-readback state=gameplay-save free_internal=67108864 free_dma=67108864 largest_dma=67108864 largest_internal=67108864 requested_dma=512
[I][AlphaSave] NEWGAME_SAVE stage=crc-readback result=ok esp_err=ESP_OK errno=0 path=/sd/ultima5/saves stack_margin=32768
[I][AlphaSave] NEWGAME_SAVE stage=rename-gam result=ok esp_err=ESP_OK errno=0 path=/sd/ultima5/saves/alpha1-s3-g1.gam stack_margin=32768
[I][AlphaSave] NEWGAME_SAVE stage=rename-ool result=ok esp_err=ESP_OK errno=0 path=/sd/ultima5/saves/alpha1-s3-g1.ool stack_margin=32768
[I][AlphaSave] NEWGAME_SAVE stage=rename-json result=ok esp_err=ESP_OK errno=0 path=/sd/ultima5/saves/alpha1-s3-g1.json stack_margin=32768
[I][AlphaSave] NEWGAME_SAVE stage=write-commit-temp result=ok esp_err=ESP_OK errno=0 path=/sd/ultima5/saves/alpha1-s3-g1.commit.tmp stack_margin=32768
[I][AlphaSave] NEWGAME_SAVE stage=rename-commit result=ok esp_err=ESP_OK errno=0 path=/sd/ultima5/saves/alpha1-s3-g1.commit stack_margin=32768
[I][AlphaSave] NEWGAME_SAVE stage=semantic-validation result=ok esp_err=ESP_OK errno=0 path=/sd/ultima5/saves/alpha1-s3-g1.commit stack_margin=32768
[I][AlphaSave] NEWGAME_SAVE stage=generation-final result=ok esp_err=ESP_OK errno=0 path=/sd/ultima5/saves/alpha1-s3-g1.commit stack_margin=32768
[I][AlphaSave] save generation=3 save_slot=2 slot=1 time=7 ms json=369
[I][AlphaSave] SD_HEAP operation=dma-reserve-restored state=gameplay-save free_internal=67108864 free_dma=67108864 largest_dma=67108864 largest_internal=67108864 requested_dma=8192
  GREEN I3    Slot 3: only its own files (sequence 3); Slots 1 and 2 byte for byte
[I][AlphaSave] SD_HEAP operation=release-reserved-dma state=load-slot free_internal=67108864 free_dma=67108864 largest_dma=67108864 largest_internal=67108864 requested_dma=8192
[I][AlphaSave] SD_HEAP operation=sd-window-open state=load-slot free_internal=67108864 free_dma=67108864 largest_dma=67108864 largest_internal=67108864 requested_dma=512
[I][AlphaSave] SAVE_SCRATCH psram_bytes=11888
[I][AlphaSave] load save_slot=0 slot=1 time=2 ms status=0
[I][AlphaSave] SD_HEAP operation=dma-reserve-restored state=load-slot free_internal=67108864 free_dma=67108864 largest_dma=67108864 largest_internal=67108864 requested_dma=8192
[I][AlphaSave] SD_HEAP operation=release-reserved-dma state=load-slot free_internal=67108864 free_dma=67108864 largest_dma=67108864 largest_internal=67108864 requested_dma=8192
[I][AlphaSave] SD_HEAP operation=sd-window-open state=load-slot free_internal=67108864 free_dma=67108864 largest_dma=67108864 largest_internal=67108864 requested_dma=512
[I][AlphaSave] SAVE_SCRATCH psram_bytes=11888
[I][AlphaSave] load save_slot=1 slot=1 time=1 ms status=0
[I][AlphaSave] SD_HEAP operation=dma-reserve-restored state=load-slot free_internal=67108864 free_dma=67108864 largest_dma=67108864 largest_internal=67108864 requested_dma=8192
[I][AlphaSave] SD_HEAP operation=release-reserved-dma state=load-slot free_internal=67108864 free_dma=67108864 largest_dma=67108864 largest_internal=67108864 requested_dma=8192
[I][AlphaSave] SD_HEAP operation=sd-window-open state=load-slot free_internal=67108864 free_dma=67108864 largest_dma=67108864 largest_internal=67108864 requested_dma=512
[I][AlphaSave] SAVE_SCRATCH psram_bytes=11888
[I][AlphaSave] load save_slot=2 slot=1 time=1 ms status=0
[I][AlphaSave] SD_HEAP operation=dma-reserve-restored state=load-slot free_internal=67108864 free_dma=67108864 largest_dma=67108864 largest_internal=67108864 requested_dma=8192
  GREEN I4    after a reboot each slot restores its own game state (gold, karma, position, clock)
[I][AlphaSave] SD_HEAP operation=release-reserved-dma state=save-catalog free_internal=67108864 free_dma=67108864 largest_dma=67108864 largest_internal=67108864 requested_dma=8192
[I][AlphaSave] SD_HEAP operation=sd-window-open state=save-catalog free_internal=67108864 free_dma=67108864 largest_dma=67108864 largest_internal=67108864 requested_dma=512
[I][AlphaSave] SAVE_SCRATCH psram_bytes=11888
[I][AlphaSave] SAVE_CATALOG slot1=verified slot2=verified slot3=verified staged=3 bytes=15315 commit_us=215 verify_us=1248 total_us=1469
[I][AlphaSave] SD_HEAP operation=dma-reserve-restored state=save-catalog free_internal=67108864 free_dma=67108864 largest_dma=67108864 largest_internal=67108864 requested_dma=8192
  GREEN I5    the list: three saved slots, sequences 1, 2, 3, each showing its own generation
[I][AlphaSave] SD_HEAP operation=release-reserved-dma state=gameplay-save free_internal=67108864 free_dma=67108864 largest_dma=67108864 largest_internal=67108864 requested_dma=8192
[I][AlphaSave] SD_HEAP operation=sd-window-open state=gameplay-save free_internal=67108864 free_dma=67108864 largest_dma=67108864 largest_internal=67108864 requested_dma=512
[I][AlphaSave] NEWGAME_SAVE stage=create-root-directory result=ok esp_err=ESP_OK errno=0 path=/sd/ultima5 stack_margin=32768
[I][AlphaSave] NEWGAME_SAVE stage=create-save-directory result=ok esp_err=ESP_OK errno=0 path=/sd/ultima5/saves stack_margin=32768
[I][AlphaSave] SD_HEAP operation=free-space-before state=gameplay-save free_internal=67108864 free_dma=67108864 largest_dma=67108864 largest_internal=67108864 requested_dma=512
[I][AlphaSave] SD_HEAP operation=free-space-call-enter state=gameplay-save free_internal=67108864 free_dma=67108864 largest_dma=67108864 largest_internal=67108864 requested_dma=512
[I][AlphaSave] SD_HEAP operation=free-space-call-exit state=gameplay-save free_internal=67108864 free_dma=67108864 largest_dma=67108864 largest_internal=67108864 requested_dma=512
[I][AlphaSave] SD_HEAP operation=free-space-after state=gameplay-save free_internal=67108864 free_dma=67108864 largest_dma=67108864 largest_internal=67108864 requested_dma=512
[I][AlphaSave] SD_SPACE path=/sd api=esp_vfs_fat_info/f_getfree return=ESP_OK(0x0) errno=0 total_bytes=34359738368 free_bytes=8589934592 total_sectors=67108864 free_sectors=16777216 sector_bytes=512
[I][AlphaSave] NEWGAME_SAVE stage=free-space-query result=ok esp_err=ESP_OK errno=0 path=/sd stack_margin=32768
[I][AlphaSave] NEWGAME_SAVE stage=free-space result=ok esp_err=ESP_OK errno=0 path=/sd stack_margin=32768
[I][AlphaSave] SAVE_TARGET save_slot=1 newest=1 accepted=1 slot=0 keep=1 sequence=4
[I][AlphaSave] NEWGAME_SAVE stage=gam-encode result=ok esp_err=ESP_OK errno=0 path=INIT.GAM stack_margin=32768
[I][AlphaSave] NEWGAME_SAVE stage=ool-encode result=ok esp_err=ESP_OK errno=0 path=INIT.OOL stack_margin=32768
[I][AlphaSave] NEWGAME_SAVE stage=json-encode result=ok esp_err=ESP_OK errno=0 path=sidecar stack_margin=32768
[I][AlphaSave] SD_HEAP operation=write-gam-temp state=gameplay-save free_internal=67108864 free_dma=67108864 largest_dma=67108864 largest_internal=67108864 requested_dma=512
[I][AlphaSave] NEWGAME_SAVE stage=write-gam-temp result=ok esp_err=ESP_OK errno=0 path=/sd/ultima5/saves/alpha1-s2-g0.gam.tmp stack_margin=32768
[I][AlphaSave] SD_HEAP operation=write-ool-temp state=gameplay-save free_internal=67108864 free_dma=67108864 largest_dma=67108864 largest_internal=67108864 requested_dma=512
[I][AlphaSave] NEWGAME_SAVE stage=write-ool-temp result=ok esp_err=ESP_OK errno=0 path=/sd/ultima5/saves/alpha1-s2-g0.ool.tmp stack_margin=32768
[I][AlphaSave] SD_HEAP operation=write-json-temp state=gameplay-save free_internal=67108864 free_dma=67108864 largest_dma=67108864 largest_internal=67108864 requested_dma=512
[I][AlphaSave] NEWGAME_SAVE stage=write-json-temp result=ok esp_err=ESP_OK errno=0 path=/sd/ultima5/saves/alpha1-s2-g0.json.tmp stack_margin=32768
[I][AlphaSave] SD_HEAP operation=crc-readback state=gameplay-save free_internal=67108864 free_dma=67108864 largest_dma=67108864 largest_internal=67108864 requested_dma=512
[I][AlphaSave] NEWGAME_SAVE stage=crc-readback result=ok esp_err=ESP_OK errno=0 path=/sd/ultima5/saves stack_margin=32768
[I][AlphaSave] NEWGAME_SAVE stage=rename-gam result=ok esp_err=ESP_OK errno=0 path=/sd/ultima5/saves/alpha1-s2-g0.gam stack_margin=32768
[I][AlphaSave] NEWGAME_SAVE stage=rename-ool result=ok esp_err=ESP_OK errno=0 path=/sd/ultima5/saves/alpha1-s2-g0.ool stack_margin=32768
[I][AlphaSave] NEWGAME_SAVE stage=rename-json result=ok esp_err=ESP_OK errno=0 path=/sd/ultima5/saves/alpha1-s2-g0.json stack_margin=32768
[I][AlphaSave] NEWGAME_SAVE stage=write-commit-temp result=ok esp_err=ESP_OK errno=0 path=/sd/ultima5/saves/alpha1-s2-g0.commit.tmp stack_margin=32768
[I][AlphaSave] NEWGAME_SAVE stage=rename-commit result=ok esp_err=ESP_OK errno=0 path=/sd/ultima5/saves/alpha1-s2-g0.commit stack_margin=32768
[I][AlphaSave] NEWGAME_SAVE stage=semantic-validation result=ok esp_err=ESP_OK errno=0 path=/sd/ultima5/saves/alpha1-s2-g0.commit stack_margin=32768
[I][AlphaSave] NEWGAME_SAVE stage=generation-final result=ok esp_err=ESP_OK errno=0 path=/sd/ultima5/saves/alpha1-s2-g0.commit stack_margin=32768
[I][AlphaSave] save generation=4 save_slot=1 slot=0 time=13 ms json=369
[I][AlphaSave] SD_HEAP operation=dma-reserve-restored state=gameplay-save free_internal=67108864 free_dma=67108864 largest_dma=67108864 largest_internal=67108864 requested_dma=8192
  GREEN I6    Slot 2 again: its other generation (alpha1-s2-g0, sequence 4 = the card's newest + 1), its older kept, Slots 1 and 3 byte for byte
[I][AlphaSave] SD_HEAP operation=release-reserved-dma state=save-inspect free_internal=67108864 free_dma=67108864 largest_dma=67108864 largest_internal=67108864 requested_dma=8192
[I][AlphaSave] SD_HEAP operation=sd-window-open state=save-inspect free_internal=67108864 free_dma=67108864 largest_dma=67108864 largest_internal=67108864 requested_dma=512
[I][AlphaSave] SAVE_SCRATCH psram_bytes=11888
[I][AlphaSave] SAVE_INSPECT save_slot=1 slot0=verified slot1=verified bytes=10210 commit_us=57 read_us=154 verify_us=676 total_us=911
[I][AlphaSave] SD_HEAP operation=dma-reserve-restored state=save-inspect free_internal=67108864 free_dma=67108864 largest_dma=67108864 largest_internal=67108864 requested_dma=8192
[I][AlphaSave] SD_HEAP operation=release-reserved-dma state=load-slot free_internal=67108864 free_dma=67108864 largest_dma=67108864 largest_internal=67108864 requested_dma=8192
[I][AlphaSave] SD_HEAP operation=sd-window-open state=load-slot free_internal=67108864 free_dma=67108864 largest_dma=67108864 largest_internal=67108864 requested_dma=512
[I][AlphaSave] SAVE_SCRATCH psram_bytes=11888
[I][AlphaSave] load save_slot=1 slot=0 time=2 ms status=0
[I][AlphaSave] SD_HEAP operation=dma-reserve-restored state=load-slot free_internal=67108864 free_dma=67108864 largest_dma=67108864 largest_internal=67108864 requested_dma=8192
  GREEN I7    Slot 2 restores the new save; its previous one is still a valid generation beside it

[S] Continue: the slot saved last
[I][AlphaSave] SD_HEAP operation=release-reserved-dma state=load-latest free_internal=67108864 free_dma=67108864 largest_dma=67108864 largest_internal=67108864 requested_dma=8192
[I][AlphaSave] SD_HEAP operation=sd-window-open state=load-latest free_internal=67108864 free_dma=67108864 largest_dma=67108864 largest_internal=67108864 requested_dma=512
[I][AlphaSave] SAVE_SCRATCH psram_bytes=11888
[I][AlphaSave] load generation=4 save_slot=1 slot=0 time=2 ms status=0
[I][AlphaSave] SD_HEAP operation=dma-reserve-restored state=load-latest free_internal=67108864 free_dma=67108864 largest_dma=67108864 largest_internal=67108864 requested_dma=8192
  GREEN S1    Continue restores Slot 2 (sequence 4, the card's newest): gold=2202 karma=42 xy=22,23 min=5
[I][AlphaSave] SD_HEAP operation=release-reserved-dma state=gameplay-save free_internal=67108864 free_dma=67108864 largest_dma=67108864 largest_internal=67108864 requested_dma=8192
[I][AlphaSave] SD_HEAP operation=sd-window-open state=gameplay-save free_internal=67108864 free_dma=67108864 largest_dma=67108864 largest_internal=67108864 requested_dma=512
[I][AlphaSave] SAVE_SCRATCH psram_bytes=11888
[I][AlphaSave] NEWGAME_SAVE stage=create-root-directory result=ok esp_err=ESP_OK errno=0 path=/sd/ultima5 stack_margin=32768
[I][AlphaSave] NEWGAME_SAVE stage=create-save-directory result=ok esp_err=ESP_OK errno=0 path=/sd/ultima5/saves stack_margin=32768
[I][AlphaSave] SD_HEAP operation=free-space-before state=gameplay-save free_internal=67108864 free_dma=67108864 largest_dma=67108864 largest_internal=67108864 requested_dma=512
[I][AlphaSave] SD_HEAP operation=free-space-call-enter state=gameplay-save free_internal=67108864 free_dma=67108864 largest_dma=67108864 largest_internal=67108864 requested_dma=512
[I][AlphaSave] SD_HEAP operation=free-space-call-exit state=gameplay-save free_internal=67108864 free_dma=67108864 largest_dma=67108864 largest_internal=67108864 requested_dma=512
[I][AlphaSave] SD_HEAP operation=free-space-after state=gameplay-save free_internal=67108864 free_dma=67108864 largest_dma=67108864 largest_internal=67108864 requested_dma=512
[I][AlphaSave] SD_SPACE path=/sd api=esp_vfs_fat_info/f_getfree return=ESP_OK(0x0) errno=0 total_bytes=34359738368 free_bytes=8589934592 total_sectors=67108864 free_sectors=16777216 sector_bytes=512
[I][AlphaSave] NEWGAME_SAVE stage=free-space-query result=ok esp_err=ESP_OK errno=0 path=/sd stack_margin=32768
[I][AlphaSave] NEWGAME_SAVE stage=free-space result=ok esp_err=ESP_OK errno=0 path=/sd stack_margin=32768
[I][AlphaSave] SAVE_TARGET save_slot=0 newest=1 accepted=1 slot=0 keep=1 sequence=5
[I][AlphaSave] NEWGAME_SAVE stage=gam-encode result=ok esp_err=ESP_OK errno=0 path=INIT.GAM stack_margin=32768
[I][AlphaSave] NEWGAME_SAVE stage=ool-encode result=ok esp_err=ESP_OK errno=0 path=INIT.OOL stack_margin=32768
[I][AlphaSave] NEWGAME_SAVE stage=json-encode result=ok esp_err=ESP_OK errno=0 path=sidecar stack_margin=32768
[I][AlphaSave] SD_HEAP operation=write-gam-temp state=gameplay-save free_internal=67108864 free_dma=67108864 largest_dma=67108864 largest_internal=67108864 requested_dma=512
[I][AlphaSave] NEWGAME_SAVE stage=write-gam-temp result=ok esp_err=ESP_OK errno=0 path=/sd/ultima5/saves/alpha1-g0.gam.tmp stack_margin=32768
[I][AlphaSave] SD_HEAP operation=write-ool-temp state=gameplay-save free_internal=67108864 free_dma=67108864 largest_dma=67108864 largest_internal=67108864 requested_dma=512
[I][AlphaSave] NEWGAME_SAVE stage=write-ool-temp result=ok esp_err=ESP_OK errno=0 path=/sd/ultima5/saves/alpha1-g0.ool.tmp stack_margin=32768
[I][AlphaSave] SD_HEAP operation=write-json-temp state=gameplay-save free_internal=67108864 free_dma=67108864 largest_dma=67108864 largest_internal=67108864 requested_dma=512
[I][AlphaSave] NEWGAME_SAVE stage=write-json-temp result=ok esp_err=ESP_OK errno=0 path=/sd/ultima5/saves/alpha1-g0.json.tmp stack_margin=32768
[I][AlphaSave] SD_HEAP operation=crc-readback state=gameplay-save free_internal=67108864 free_dma=67108864 largest_dma=67108864 largest_internal=67108864 requested_dma=512
[I][AlphaSave] NEWGAME_SAVE stage=crc-readback result=ok esp_err=ESP_OK errno=0 path=/sd/ultima5/saves stack_margin=32768
[I][AlphaSave] NEWGAME_SAVE stage=rename-gam result=ok esp_err=ESP_OK errno=0 path=/sd/ultima5/saves/alpha1-g0.gam stack_margin=32768
[I][AlphaSave] NEWGAME_SAVE stage=rename-ool result=ok esp_err=ESP_OK errno=0 path=/sd/ultima5/saves/alpha1-g0.ool stack_margin=32768
[I][AlphaSave] NEWGAME_SAVE stage=rename-json result=ok esp_err=ESP_OK errno=0 path=/sd/ultima5/saves/alpha1-g0.json stack_margin=32768
[I][AlphaSave] NEWGAME_SAVE stage=write-commit-temp result=ok esp_err=ESP_OK errno=0 path=/sd/ultima5/saves/alpha1-g0.commit.tmp stack_margin=32768
[I][AlphaSave] NEWGAME_SAVE stage=rename-commit result=ok esp_err=ESP_OK errno=0 path=/sd/ultima5/saves/alpha1-g0.commit stack_margin=32768
[I][AlphaSave] NEWGAME_SAVE stage=semantic-validation result=ok esp_err=ESP_OK errno=0 path=/sd/ultima5/saves/alpha1-g0.commit stack_margin=32768
[I][AlphaSave] NEWGAME_SAVE stage=generation-final result=ok esp_err=ESP_OK errno=0 path=/sd/ultima5/saves/alpha1-g0.commit stack_margin=32768
[I][AlphaSave] save generation=5 save_slot=0 slot=0 time=14 ms json=369
[I][AlphaSave] SD_HEAP operation=dma-reserve-restored state=gameplay-save free_internal=67108864 free_dma=67108864 largest_dma=67108864 largest_internal=67108864 requested_dma=8192
[I][AlphaSave] SD_HEAP operation=release-reserved-dma state=load-latest free_internal=67108864 free_dma=67108864 largest_dma=67108864 largest_internal=67108864 requested_dma=8192
[I][AlphaSave] SD_HEAP operation=sd-window-open state=load-latest free_internal=67108864 free_dma=67108864 largest_dma=67108864 largest_internal=67108864 requested_dma=512
[I][AlphaSave] SAVE_SCRATCH psram_bytes=11888
[I][AlphaSave] load generation=5 save_slot=0 slot=0 time=2 ms status=0
[I][AlphaSave] SD_HEAP operation=dma-reserve-restored state=load-latest free_internal=67108864 free_dma=67108864 largest_dma=67108864 largest_internal=67108864 requested_dma=8192
  GREEN S2    a save to Slot 1 makes it Continue's: gold=2101 karma=41 xy=12,13 min=4
[I][AlphaSave] SD_HEAP operation=release-reserved-dma state=gameplay-save free_internal=67108864 free_dma=67108864 largest_dma=67108864 largest_internal=67108864 requested_dma=8192
[I][AlphaSave] SD_HEAP operation=sd-window-open state=gameplay-save free_internal=67108864 free_dma=67108864 largest_dma=67108864 largest_internal=67108864 requested_dma=512
[I][AlphaSave] NEWGAME_SAVE stage=create-root-directory result=ok esp_err=ESP_OK errno=0 path=/sd/ultima5 stack_margin=32768
[I][AlphaSave] NEWGAME_SAVE stage=create-save-directory result=ok esp_err=ESP_OK errno=0 path=/sd/ultima5/saves stack_margin=32768
[I][AlphaSave] SD_HEAP operation=free-space-before state=gameplay-save free_internal=67108864 free_dma=67108864 largest_dma=67108864 largest_internal=67108864 requested_dma=512
[I][AlphaSave] SD_HEAP operation=free-space-call-enter state=gameplay-save free_internal=67108864 free_dma=67108864 largest_dma=67108864 largest_internal=67108864 requested_dma=512
[I][AlphaSave] SD_HEAP operation=free-space-call-exit state=gameplay-save free_internal=67108864 free_dma=67108864 largest_dma=67108864 largest_internal=67108864 requested_dma=512
[I][AlphaSave] SD_HEAP operation=free-space-after state=gameplay-save free_internal=67108864 free_dma=67108864 largest_dma=67108864 largest_internal=67108864 requested_dma=512
[I][AlphaSave] SD_SPACE path=/sd api=esp_vfs_fat_info/f_getfree return=ESP_OK(0x0) errno=0 total_bytes=34359738368 free_bytes=8589934592 total_sectors=67108864 free_sectors=16777216 sector_bytes=512
[I][AlphaSave] NEWGAME_SAVE stage=free-space-query result=ok esp_err=ESP_OK errno=0 path=/sd stack_margin=32768
[I][AlphaSave] NEWGAME_SAVE stage=free-space result=ok esp_err=ESP_OK errno=0 path=/sd stack_margin=32768
[I][AlphaSave] SAVE_TARGET save_slot=2 newest=1 accepted=1 slot=0 keep=1 sequence=6
[I][AlphaSave] NEWGAME_SAVE stage=gam-encode result=ok esp_err=ESP_OK errno=0 path=INIT.GAM stack_margin=32768
[I][AlphaSave] NEWGAME_SAVE stage=ool-encode result=ok esp_err=ESP_OK errno=0 path=INIT.OOL stack_margin=32768
[I][AlphaSave] NEWGAME_SAVE stage=json-encode result=ok esp_err=ESP_OK errno=0 path=sidecar stack_margin=32768
[I][AlphaSave] SD_HEAP operation=write-gam-temp state=gameplay-save free_internal=67108864 free_dma=67108864 largest_dma=67108864 largest_internal=67108864 requested_dma=512
[I][AlphaSave] NEWGAME_SAVE stage=write-gam-temp result=ok esp_err=ESP_OK errno=0 path=/sd/ultima5/saves/alpha1-s3-g0.gam.tmp stack_margin=32768
[I][AlphaSave] SD_HEAP operation=write-ool-temp state=gameplay-save free_internal=67108864 free_dma=67108864 largest_dma=67108864 largest_internal=67108864 requested_dma=512
[I][AlphaSave] NEWGAME_SAVE stage=write-ool-temp result=ok esp_err=ESP_OK errno=0 path=/sd/ultima5/saves/alpha1-s3-g0.ool.tmp stack_margin=32768
[I][AlphaSave] SD_HEAP operation=write-json-temp state=gameplay-save free_internal=67108864 free_dma=67108864 largest_dma=67108864 largest_internal=67108864 requested_dma=512
[I][AlphaSave] NEWGAME_SAVE stage=write-json-temp result=ok esp_err=ESP_OK errno=0 path=/sd/ultima5/saves/alpha1-s3-g0.json.tmp stack_margin=32768
[I][AlphaSave] SD_HEAP operation=crc-readback state=gameplay-save free_internal=67108864 free_dma=67108864 largest_dma=67108864 largest_internal=67108864 requested_dma=512
[I][AlphaSave] NEWGAME_SAVE stage=crc-readback result=ok esp_err=ESP_OK errno=0 path=/sd/ultima5/saves stack_margin=32768
[I][AlphaSave] NEWGAME_SAVE stage=rename-gam result=ok esp_err=ESP_OK errno=0 path=/sd/ultima5/saves/alpha1-s3-g0.gam stack_margin=32768
[I][AlphaSave] NEWGAME_SAVE stage=rename-ool result=ok esp_err=ESP_OK errno=0 path=/sd/ultima5/saves/alpha1-s3-g0.ool stack_margin=32768
[I][AlphaSave] NEWGAME_SAVE stage=rename-json result=ok esp_err=ESP_OK errno=0 path=/sd/ultima5/saves/alpha1-s3-g0.json stack_margin=32768
[I][AlphaSave] NEWGAME_SAVE stage=write-commit-temp result=ok esp_err=ESP_OK errno=0 path=/sd/ultima5/saves/alpha1-s3-g0.commit.tmp stack_margin=32768
[I][AlphaSave] NEWGAME_SAVE stage=rename-commit result=ok esp_err=ESP_OK errno=0 path=/sd/ultima5/saves/alpha1-s3-g0.commit stack_margin=32768
[I][AlphaSave] NEWGAME_SAVE stage=semantic-validation result=ok esp_err=ESP_OK errno=0 path=/sd/ultima5/saves/alpha1-s3-g0.commit stack_margin=32768
[I][AlphaSave] NEWGAME_SAVE stage=generation-final result=ok esp_err=ESP_OK errno=0 path=/sd/ultima5/saves/alpha1-s3-g0.commit stack_margin=32768
[I][AlphaSave] save generation=6 save_slot=2 slot=0 time=12 ms json=369
[I][AlphaSave] SD_HEAP operation=dma-reserve-restored state=gameplay-save free_internal=67108864 free_dma=67108864 largest_dma=67108864 largest_internal=67108864 requested_dma=8192
[I][AlphaSave] SD_HEAP operation=release-reserved-dma state=load-latest free_internal=67108864 free_dma=67108864 largest_dma=67108864 largest_internal=67108864 requested_dma=8192
[I][AlphaSave] SD_HEAP operation=sd-window-open state=load-latest free_internal=67108864 free_dma=67108864 largest_dma=67108864 largest_internal=67108864 requested_dma=512
[I][AlphaSave] SAVE_SCRATCH psram_bytes=11888
[I][AlphaSave] load generation=6 save_slot=2 slot=0 time=2 ms status=0
[I][AlphaSave] SD_HEAP operation=dma-reserve-restored state=load-latest free_internal=67108864 free_dma=67108864 largest_dma=67108864 largest_internal=67108864 requested_dma=8192
[I][AlphaSave] SD_HEAP operation=release-reserved-dma state=load-slot free_internal=67108864 free_dma=67108864 largest_dma=67108864 largest_internal=67108864 requested_dma=8192
[I][AlphaSave] SD_HEAP operation=sd-window-open state=load-slot free_internal=67108864 free_dma=67108864 largest_dma=67108864 largest_internal=67108864 requested_dma=512
[I][AlphaSave] SAVE_SCRATCH psram_bytes=11888
[I][AlphaSave] load save_slot=0 slot=0 time=2 ms status=0
[I][AlphaSave] SD_HEAP operation=dma-reserve-restored state=load-slot free_internal=67108864 free_dma=67108864 largest_dma=67108864 largest_internal=67108864 requested_dma=8192
  GREEN S3    then Slot 3 saved last: Continue restores Slot 3, not Slot 1 (which still holds its own save)
[I][AlphaSave] SD_HEAP operation=release-reserved-dma state=save-catalog free_internal=67108864 free_dma=67108864 largest_dma=67108864 largest_internal=67108864 requested_dma=8192
[I][AlphaSave] SD_HEAP operation=sd-window-open state=save-catalog free_internal=67108864 free_dma=67108864 largest_dma=67108864 largest_internal=67108864 requested_dma=512
[I][AlphaSave] SAVE_SCRATCH psram_bytes=11888
[I][AlphaSave] SAVE_CATALOG slot1=verified slot2=verified slot3=recovered staged=4 bytes=20299 commit_us=193 verify_us=1286 total_us=1502
[I][AlphaSave] SD_HEAP operation=dma-reserve-restored state=save-catalog free_internal=67108864 free_dma=67108864 largest_dma=67108864 largest_internal=67108864 requested_dma=8192
[I][AlphaSave] SD_HEAP operation=release-reserved-dma state=load-latest free_internal=67108864 free_dma=67108864 largest_dma=67108864 largest_internal=67108864 requested_dma=8192
[I][AlphaSave] SD_HEAP operation=sd-window-open state=load-latest free_internal=67108864 free_dma=67108864 largest_dma=67108864 largest_internal=67108864 requested_dma=512
[I][AlphaSave] SAVE_SCRATCH psram_bytes=11888
[I][AlphaSave] load generation=3 save_slot=2 slot=1 time=2 ms status=0
[I][AlphaSave] SD_HEAP operation=dma-reserve-restored state=load-latest free_internal=67108864 free_dma=67108864 largest_dma=67108864 largest_internal=67108864 requested_dma=8192
  GREEN S4    Slot 3's latest torn: Continue restores Slot 3's save before it (C, seq 3), not Slot 1's newer A2 (seq 5)
[I][AlphaSave] SD_HEAP operation=release-reserved-dma state=save-catalog free_internal=67108864 free_dma=67108864 largest_dma=67108864 largest_internal=67108864 requested_dma=8192
[I][AlphaSave] SD_HEAP operation=sd-window-open state=save-catalog free_internal=67108864 free_dma=67108864 largest_dma=67108864 largest_internal=67108864 requested_dma=512
[I][AlphaSave] SAVE_SCRATCH psram_bytes=11888
[I][AlphaSave] SAVE_CATALOG slot1=verified slot2=verified slot3=damaged staged=4 bytes=20114 commit_us=300 verify_us=1305 total_us=1612
[I][AlphaSave] SD_HEAP operation=dma-reserve-restored state=save-catalog free_internal=67108864 free_dma=67108864 largest_dma=67108864 largest_internal=67108864 requested_dma=8192
[I][AlphaSave] SD_HEAP operation=release-reserved-dma state=load-latest free_internal=67108864 free_dma=67108864 largest_dma=67108864 largest_internal=67108864 requested_dma=8192
[I][AlphaSave] SD_HEAP operation=sd-window-open state=load-latest free_internal=67108864 free_dma=67108864 largest_dma=67108864 largest_internal=67108864 requested_dma=512
[I][AlphaSave] SAVE_SCRATCH psram_bytes=11888
[W][AlphaSave] no restorable save generation
[W][AlphaSave] continue: save slot 2 restores nothing; trying the next
[I][AlphaSave] load generation=5 save_slot=0 slot=0 time=2 ms status=0
[I][AlphaSave] SD_HEAP operation=dma-reserve-restored state=load-latest free_internal=67108864 free_dma=67108864 largest_dma=67108864 largest_internal=67108864 requested_dma=8192
  GREEN S5    Slot 3 wholly damaged: Continue restores the next most recent slot (Slot 1, seq 5 over Slot 2's 4)
[I][AlphaSave] SD_HEAP operation=release-reserved-dma state=load-latest free_internal=67108864 free_dma=67108864 largest_dma=67108864 largest_internal=67108864 requested_dma=8192
[I][AlphaSave] SD_HEAP operation=sd-window-open state=load-latest free_internal=67108864 free_dma=67108864 largest_dma=67108864 largest_internal=67108864 requested_dma=512
[I][AlphaSave] SAVE_SCRATCH psram_bytes=11888
[I][AlphaSave] load generation=5 save_slot=0 slot=0 time=3 ms status=0
[I][AlphaSave] SD_HEAP operation=dma-reserve-restored state=load-latest free_internal=67108864 free_dma=67108864 largest_dma=67108864 largest_internal=67108864 requested_dma=8192
[I][AlphaSave] SD_HEAP operation=release-reserved-dma state=load-latest free_internal=67108864 free_dma=67108864 largest_dma=67108864 largest_internal=67108864 requested_dma=8192
[I][AlphaSave] SD_HEAP operation=sd-window-open state=load-latest free_internal=67108864 free_dma=67108864 largest_dma=67108864 largest_internal=67108864 requested_dma=512
[I][AlphaSave] SAVE_SCRATCH psram_bytes=11888
[I][AlphaSave] load generation=5 save_slot=0 slot=0 time=2 ms status=0
[I][AlphaSave] SD_HEAP operation=dma-reserve-restored state=load-latest free_internal=67108864 free_dma=67108864 largest_dma=67108864 largest_internal=67108864 requested_dma=8192
[I][AlphaSave] SD_HEAP operation=release-reserved-dma state=save-catalog free_internal=67108864 free_dma=67108864 largest_dma=67108864 largest_internal=67108864 requested_dma=8192
[I][AlphaSave] SD_HEAP operation=sd-window-open state=save-catalog free_internal=67108864 free_dma=67108864 largest_dma=67108864 largest_internal=67108864 requested_dma=512
[I][AlphaSave] SAVE_SCRATCH psram_bytes=11888
[I][AlphaSave] SAVE_CATALOG slot1=verified slot2=verified slot3=verified staged=3 bytes=15411 commit_us=176 verify_us=1232 total_us=1416
[I][AlphaSave] SD_HEAP operation=dma-reserve-restored state=save-catalog free_internal=67108864 free_dma=67108864 largest_dma=67108864 largest_internal=67108864 requested_dma=8192
  GREEN S6    a tie between slots (both sequence 5) goes to the lower slot, on every boot, in the list as in the load

[O] overwrite through the System Menu (real shell, real runtime)
[I][AlphaRuntime] INPUT_EDGE raw=00,00,00,00,00 prev=00,00,00,00,00 matrix=0,0 physical=matrix-key edge=press mods=S0,A1,H0 printable=6d base=00 symbol=00 ui=explore emitted=system-menu action_char=0 shortcut=none
[I][AlphaSave] SD_HEAP operation=release-reserved-dma state=save-catalog free_internal=67108864 free_dma=67108864 largest_dma=67108864 largest_internal=67108864 requested_dma=8192
[I][AlphaSave] SD_HEAP operation=sd-window-open state=save-catalog free_internal=67108864 free_dma=67108864 largest_dma=67108864 largest_internal=67108864 requested_dma=512
[I][AlphaSave] SAVE_SCRATCH psram_bytes=11888
[I][AlphaSave] SAVE_CATALOG slot1=empty slot2=empty slot3=empty staged=0 bytes=0 commit_us=75 verify_us=0 total_us=86
[I][AlphaSave] SD_HEAP operation=dma-reserve-restored state=save-catalog free_internal=67108864 free_dma=67108864 largest_dma=67108864 largest_internal=67108864 requested_dma=8192
[I][AlphaRuntime] SYSTEM_MENU action=toggle open=1 gameplay_command=none
[I][AlphaRuntime] SYSTEM_MENU action=direction accepted=1 open=1 gameplay_command=none
[I][AlphaRuntime] INPUT_EDGE raw=00,00,00,00,00 prev=00,00,00,00,00 matrix=0,0 physical=matrix-key edge=press mods=S0,A0,H0 printable=0d base=00 symbol=00 ui=inventory emitted=confirm action_char=0 shortcut=none
[I][AlphaRuntime] SYSTEM_MENU action=confirm accepted=1 open=1 gameplay_command=none
[I][AlphaRuntime] INPUT_EDGE raw=00,00,00,00,00 prev=00,00,00,00,00 matrix=0,0 physical=matrix-key edge=press mods=S0,A0,H0 printable=0d base=00 symbol=00 ui=inventory emitted=confirm action_char=0 shortcut=none
[I][AlphaSave] SD_HEAP operation=release-reserved-dma state=gameplay-save free_internal=67108864 free_dma=67108864 largest_dma=67108864 largest_internal=67108864 requested_dma=8192
[I][AlphaSave] SD_HEAP operation=sd-window-open state=gameplay-save free_internal=67108864 free_dma=67108864 largest_dma=67108864 largest_internal=67108864 requested_dma=512
[I][AlphaSave] NEWGAME_SAVE stage=create-root-directory result=ok esp_err=ESP_OK errno=0 path=/sd/ultima5 stack_margin=32768
[I][AlphaSave] NEWGAME_SAVE stage=create-save-directory result=ok esp_err=ESP_OK errno=0 path=/sd/ultima5/saves stack_margin=32768
[I][AlphaSave] SD_HEAP operation=free-space-before state=gameplay-save free_internal=67108864 free_dma=67108864 largest_dma=67108864 largest_internal=67108864 requested_dma=512
[I][AlphaSave] SD_HEAP operation=free-space-call-enter state=gameplay-save free_internal=67108864 free_dma=67108864 largest_dma=67108864 largest_internal=67108864 requested_dma=512
[I][AlphaSave] SD_HEAP operation=free-space-call-exit state=gameplay-save free_internal=67108864 free_dma=67108864 largest_dma=67108864 largest_internal=67108864 requested_dma=512
[I][AlphaSave] SD_HEAP operation=free-space-after state=gameplay-save free_internal=67108864 free_dma=67108864 largest_dma=67108864 largest_internal=67108864 requested_dma=512
[I][AlphaSave] SD_SPACE path=/sd api=esp_vfs_fat_info/f_getfree return=ESP_OK(0x0) errno=0 total_bytes=34359738368 free_bytes=8589934592 total_sectors=67108864 free_sectors=16777216 sector_bytes=512
[I][AlphaSave] NEWGAME_SAVE stage=free-space-query result=ok esp_err=ESP_OK errno=0 path=/sd stack_margin=32768
[I][AlphaSave] NEWGAME_SAVE stage=free-space result=ok esp_err=ESP_OK errno=0 path=/sd stack_margin=32768
[I][AlphaSave] SAVE_TARGET save_slot=0 newest=-1 accepted=0 slot=1 keep=-1 sequence=1
[I][AlphaSave] NEWGAME_SAVE stage=gam-encode result=ok esp_err=ESP_OK errno=0 path=INIT.GAM stack_margin=32768
[I][AlphaSave] NEWGAME_SAVE stage=ool-encode result=ok esp_err=ESP_OK errno=0 path=INIT.OOL stack_margin=32768
[I][AlphaSave] NEWGAME_SAVE stage=json-encode result=ok esp_err=ESP_OK errno=0 path=sidecar stack_margin=32768
[I][AlphaSave] SD_HEAP operation=write-gam-temp state=gameplay-save free_internal=67108864 free_dma=67108864 largest_dma=67108864 largest_internal=67108864 requested_dma=512
[I][AlphaSave] NEWGAME_SAVE stage=write-gam-temp result=ok esp_err=ESP_OK errno=0 path=/sd/ultima5/saves/alpha1-g1.gam.tmp stack_margin=32768
[I][AlphaSave] SD_HEAP operation=write-ool-temp state=gameplay-save free_internal=67108864 free_dma=67108864 largest_dma=67108864 largest_internal=67108864 requested_dma=512
[I][AlphaSave] NEWGAME_SAVE stage=write-ool-temp result=ok esp_err=ESP_OK errno=0 path=/sd/ultima5/saves/alpha1-g1.ool.tmp stack_margin=32768
[I][AlphaSave] SD_HEAP operation=write-json-temp state=gameplay-save free_internal=67108864 free_dma=67108864 largest_dma=67108864 largest_internal=67108864 requested_dma=512
[I][AlphaSave] NEWGAME_SAVE stage=write-json-temp result=ok esp_err=ESP_OK errno=0 path=/sd/ultima5/saves/alpha1-g1.json.tmp stack_margin=32768
[I][AlphaSave] SD_HEAP operation=crc-readback state=gameplay-save free_internal=67108864 free_dma=67108864 largest_dma=67108864 largest_internal=67108864 requested_dma=512
[I][AlphaSave] NEWGAME_SAVE stage=crc-readback result=ok esp_err=ESP_OK errno=0 path=/sd/ultima5/saves stack_margin=32768
[I][AlphaSave] NEWGAME_SAVE stage=rename-gam result=ok esp_err=ESP_OK errno=0 path=/sd/ultima5/saves/alpha1-g1.gam stack_margin=32768
[I][AlphaSave] NEWGAME_SAVE stage=rename-ool result=ok esp_err=ESP_OK errno=0 path=/sd/ultima5/saves/alpha1-g1.ool stack_margin=32768
[I][AlphaSave] NEWGAME_SAVE stage=rename-json result=ok esp_err=ESP_OK errno=0 path=/sd/ultima5/saves/alpha1-g1.json stack_margin=32768
[I][AlphaSave] NEWGAME_SAVE stage=write-commit-temp result=ok esp_err=ESP_OK errno=0 path=/sd/ultima5/saves/alpha1-g1.commit.tmp stack_margin=32768
[I][AlphaSave] NEWGAME_SAVE stage=rename-commit result=ok esp_err=ESP_OK errno=0 path=/sd/ultima5/saves/alpha1-g1.commit stack_margin=32768
[I][AlphaSave] NEWGAME_SAVE stage=semantic-validation result=ok esp_err=ESP_OK errno=0 path=/sd/ultima5/saves/alpha1-g1.commit stack_margin=32768
[I][AlphaSave] NEWGAME_SAVE stage=generation-final result=ok esp_err=ESP_OK errno=0 path=/sd/ultima5/saves/alpha1-g1.commit stack_margin=32768
[I][AlphaSave] save generation=1 save_slot=0 slot=1 time=4 ms json=369
[I][AlphaSave] SD_HEAP operation=dma-reserve-restored state=gameplay-save free_internal=67108864 free_dma=67108864 largest_dma=67108864 largest_internal=67108864 requested_dma=8192
[I][AlphaSave] SD_HEAP operation=release-reserved-dma state=save-catalog free_internal=67108864 free_dma=67108864 largest_dma=67108864 largest_internal=67108864 requested_dma=8192
[I][AlphaSave] SD_HEAP operation=sd-window-open state=save-catalog free_internal=67108864 free_dma=67108864 largest_dma=67108864 largest_internal=67108864 requested_dma=512
[I][AlphaSave] SAVE_CATALOG slot1=cached slot2=empty slot3=empty staged=0 bytes=32 commit_us=113 verify_us=0 total_us=117
[I][AlphaSave] SD_HEAP operation=dma-reserve-restored state=save-catalog free_internal=67108864 free_dma=67108864 largest_dma=67108864 largest_internal=67108864 requested_dma=8192
[I][AlphaRuntime] SYSTEM_MENU action=confirm accepted=1 open=1 gameplay_command=none
[I][AlphaRuntime] INPUT_EDGE raw=00,00,00,00,00 prev=00,00,00,00,00 matrix=0,0 physical=matrix-key edge=press mods=S0,A1,H0 printable=6d base=00 symbol=00 ui=inventory emitted=system-menu action_char=0 shortcut=none
[I][AlphaSave] SD_HEAP operation=release-reserved-dma state=settings-save free_internal=67108864 free_dma=67108864 largest_dma=67108864 largest_internal=67108864 requested_dma=8192
[I][AlphaSave] SD_HEAP operation=sd-window-open state=settings-save free_internal=67108864 free_dma=67108864 largest_dma=67108864 largest_internal=67108864 requested_dma=512
[I][AlphaSave] SD_HEAP operation=dma-reserve-restored state=settings-save free_internal=67108864 free_dma=67108864 largest_dma=67108864 largest_internal=67108864 requested_dma=8192
[I][AlphaRuntime] SYSTEM_MENU action=toggle open=0 gameplay_command=none
[I][AlphaRuntime] INPUT_EDGE raw=00,00,00,00,00 prev=00,00,00,00,00 matrix=0,0 physical=matrix-key edge=press mods=S0,A1,H0 printable=6d base=00 symbol=00 ui=explore emitted=system-menu action_char=0 shortcut=none
[I][AlphaSave] SD_HEAP operation=release-reserved-dma state=save-catalog free_internal=67108864 free_dma=67108864 largest_dma=67108864 largest_internal=67108864 requested_dma=8192
[I][AlphaSave] SD_HEAP operation=sd-window-open state=save-catalog free_internal=67108864 free_dma=67108864 largest_dma=67108864 largest_internal=67108864 requested_dma=512
[I][AlphaSave] SAVE_CATALOG slot1=cached slot2=empty slot3=empty staged=0 bytes=32 commit_us=120 verify_us=0 total_us=124
[I][AlphaSave] SD_HEAP operation=dma-reserve-restored state=save-catalog free_internal=67108864 free_dma=67108864 largest_dma=67108864 largest_internal=67108864 requested_dma=8192
[I][AlphaRuntime] SYSTEM_MENU action=toggle open=1 gameplay_command=none
[I][AlphaRuntime] SYSTEM_MENU action=direction accepted=1 open=1 gameplay_command=none
[I][AlphaRuntime] INPUT_EDGE raw=00,00,00,00,00 prev=00,00,00,00,00 matrix=0,0 physical=matrix-key edge=press mods=S0,A0,H0 printable=0d base=00 symbol=00 ui=inventory emitted=confirm action_char=0 shortcut=none
[I][AlphaRuntime] SYSTEM_MENU action=confirm accepted=1 open=1 gameplay_command=none
[I][AlphaRuntime] SYSTEM_MENU action=direction accepted=1 open=1 gameplay_command=none
[I][AlphaRuntime] INPUT_EDGE raw=00,00,00,00,00 prev=00,00,00,00,00 matrix=0,0 physical=matrix-key edge=press mods=S0,A0,H0 printable=0d base=00 symbol=00 ui=inventory emitted=confirm action_char=0 shortcut=none
[I][AlphaSave] SD_HEAP operation=release-reserved-dma state=gameplay-save free_internal=67108864 free_dma=67108864 largest_dma=67108864 largest_internal=67108864 requested_dma=8192
[I][AlphaSave] SD_HEAP operation=sd-window-open state=gameplay-save free_internal=67108864 free_dma=67108864 largest_dma=67108864 largest_internal=67108864 requested_dma=512
[I][AlphaSave] NEWGAME_SAVE stage=create-root-directory result=ok esp_err=ESP_OK errno=0 path=/sd/ultima5 stack_margin=32768
[I][AlphaSave] NEWGAME_SAVE stage=create-save-directory result=ok esp_err=ESP_OK errno=0 path=/sd/ultima5/saves stack_margin=32768
[I][AlphaSave] SD_HEAP operation=free-space-before state=gameplay-save free_internal=67108864 free_dma=67108864 largest_dma=67108864 largest_internal=67108864 requested_dma=512
[I][AlphaSave] SD_HEAP operation=free-space-call-enter state=gameplay-save free_internal=67108864 free_dma=67108864 largest_dma=67108864 largest_internal=67108864 requested_dma=512
[I][AlphaSave] SD_HEAP operation=free-space-call-exit state=gameplay-save free_internal=67108864 free_dma=67108864 largest_dma=67108864 largest_internal=67108864 requested_dma=512
[I][AlphaSave] SD_HEAP operation=free-space-after state=gameplay-save free_internal=67108864 free_dma=67108864 largest_dma=67108864 largest_internal=67108864 requested_dma=512
[I][AlphaSave] SD_SPACE path=/sd api=esp_vfs_fat_info/f_getfree return=ESP_OK(0x0) errno=0 total_bytes=34359738368 free_bytes=8589934592 total_sectors=67108864 free_sectors=16777216 sector_bytes=512
[I][AlphaSave] NEWGAME_SAVE stage=free-space-query result=ok esp_err=ESP_OK errno=0 path=/sd stack_margin=32768
[I][AlphaSave] NEWGAME_SAVE stage=free-space result=ok esp_err=ESP_OK errno=0 path=/sd stack_margin=32768
[I][AlphaSave] SAVE_TARGET save_slot=1 newest=-1 accepted=0 slot=1 keep=-1 sequence=2
[I][AlphaSave] NEWGAME_SAVE stage=gam-encode result=ok esp_err=ESP_OK errno=0 path=INIT.GAM stack_margin=32768
[I][AlphaSave] NEWGAME_SAVE stage=ool-encode result=ok esp_err=ESP_OK errno=0 path=INIT.OOL stack_margin=32768
[I][AlphaSave] NEWGAME_SAVE stage=json-encode result=ok esp_err=ESP_OK errno=0 path=sidecar stack_margin=32768
[I][AlphaSave] SD_HEAP operation=write-gam-temp state=gameplay-save free_internal=67108864 free_dma=67108864 largest_dma=67108864 largest_internal=67108864 requested_dma=512
[I][AlphaSave] NEWGAME_SAVE stage=write-gam-temp result=ok esp_err=ESP_OK errno=0 path=/sd/ultima5/saves/alpha1-s2-g1.gam.tmp stack_margin=32768
[I][AlphaSave] SD_HEAP operation=write-ool-temp state=gameplay-save free_internal=67108864 free_dma=67108864 largest_dma=67108864 largest_internal=67108864 requested_dma=512
[I][AlphaSave] NEWGAME_SAVE stage=write-ool-temp result=ok esp_err=ESP_OK errno=0 path=/sd/ultima5/saves/alpha1-s2-g1.ool.tmp stack_margin=32768
[I][AlphaSave] SD_HEAP operation=write-json-temp state=gameplay-save free_internal=67108864 free_dma=67108864 largest_dma=67108864 largest_internal=67108864 requested_dma=512
[I][AlphaSave] NEWGAME_SAVE stage=write-json-temp result=ok esp_err=ESP_OK errno=0 path=/sd/ultima5/saves/alpha1-s2-g1.json.tmp stack_margin=32768
[I][AlphaSave] SD_HEAP operation=crc-readback state=gameplay-save free_internal=67108864 free_dma=67108864 largest_dma=67108864 largest_internal=67108864 requested_dma=512
[I][AlphaSave] NEWGAME_SAVE stage=crc-readback result=ok esp_err=ESP_OK errno=0 path=/sd/ultima5/saves stack_margin=32768
[I][AlphaSave] NEWGAME_SAVE stage=rename-gam result=ok esp_err=ESP_OK errno=0 path=/sd/ultima5/saves/alpha1-s2-g1.gam stack_margin=32768
[I][AlphaSave] NEWGAME_SAVE stage=rename-ool result=ok esp_err=ESP_OK errno=0 path=/sd/ultima5/saves/alpha1-s2-g1.ool stack_margin=32768
[I][AlphaSave] NEWGAME_SAVE stage=rename-json result=ok esp_err=ESP_OK errno=0 path=/sd/ultima5/saves/alpha1-s2-g1.json stack_margin=32768
[I][AlphaSave] NEWGAME_SAVE stage=write-commit-temp result=ok esp_err=ESP_OK errno=0 path=/sd/ultima5/saves/alpha1-s2-g1.commit.tmp stack_margin=32768
[I][AlphaSave] NEWGAME_SAVE stage=rename-commit result=ok esp_err=ESP_OK errno=0 path=/sd/ultima5/saves/alpha1-s2-g1.commit stack_margin=32768
[I][AlphaSave] NEWGAME_SAVE stage=semantic-validation result=ok esp_err=ESP_OK errno=0 path=/sd/ultima5/saves/alpha1-s2-g1.commit stack_margin=32768
[I][AlphaSave] NEWGAME_SAVE stage=generation-final result=ok esp_err=ESP_OK errno=0 path=/sd/ultima5/saves/alpha1-s2-g1.commit stack_margin=32768
[I][AlphaSave] save generation=2 save_slot=1 slot=1 time=9 ms json=369
[I][AlphaSave] SD_HEAP operation=dma-reserve-restored state=gameplay-save free_internal=67108864 free_dma=67108864 largest_dma=67108864 largest_internal=67108864 requested_dma=8192
[I][AlphaSave] SD_HEAP operation=release-reserved-dma state=save-catalog free_internal=67108864 free_dma=67108864 largest_dma=67108864 largest_internal=67108864 requested_dma=8192
[I][AlphaSave] SD_HEAP operation=sd-window-open state=save-catalog free_internal=67108864 free_dma=67108864 largest_dma=67108864 largest_internal=67108864 requested_dma=512
[I][AlphaSave] SAVE_CATALOG slot1=cached slot2=cached slot3=empty staged=0 bytes=64 commit_us=139 verify_us=0 total_us=143
[I][AlphaSave] SD_HEAP operation=dma-reserve-restored state=save-catalog free_internal=67108864 free_dma=67108864 largest_dma=67108864 largest_internal=67108864 requested_dma=8192
[I][AlphaRuntime] SYSTEM_MENU action=confirm accepted=1 open=1 gameplay_command=none
[I][AlphaRuntime] INPUT_EDGE raw=00,00,00,00,00 prev=00,00,00,00,00 matrix=0,0 physical=matrix-key edge=press mods=S0,A1,H0 printable=6d base=00 symbol=00 ui=inventory emitted=system-menu action_char=0 shortcut=none
[I][AlphaSave] SD_HEAP operation=release-reserved-dma state=settings-save free_internal=67108864 free_dma=67108864 largest_dma=67108864 largest_internal=67108864 requested_dma=8192
[I][AlphaSave] SD_HEAP operation=sd-window-open state=settings-save free_internal=67108864 free_dma=67108864 largest_dma=67108864 largest_internal=67108864 requested_dma=512
[I][AlphaSave] SD_HEAP operation=dma-reserve-restored state=settings-save free_internal=67108864 free_dma=67108864 largest_dma=67108864 largest_internal=67108864 requested_dma=8192
[I][AlphaRuntime] SYSTEM_MENU action=toggle open=0 gameplay_command=none
[I][AlphaSave] SD_HEAP operation=release-reserved-dma state=load-slot free_internal=67108864 free_dma=67108864 largest_dma=67108864 largest_internal=67108864 requested_dma=8192
[I][AlphaSave] SD_HEAP operation=sd-window-open state=load-slot free_internal=67108864 free_dma=67108864 largest_dma=67108864 largest_internal=67108864 requested_dma=512
[I][AlphaSave] SAVE_SCRATCH psram_bytes=11888
[I][AlphaSave] load save_slot=0 slot=1 time=1 ms status=0
[I][AlphaSave] SD_HEAP operation=dma-reserve-restored state=load-slot free_internal=67108864 free_dma=67108864 largest_dma=67108864 largest_internal=67108864 requested_dma=8192
[I][AlphaSave] SD_HEAP operation=release-reserved-dma state=load-slot free_internal=67108864 free_dma=67108864 largest_dma=67108864 largest_internal=67108864 requested_dma=8192
[I][AlphaSave] SD_HEAP operation=sd-window-open state=load-slot free_internal=67108864 free_dma=67108864 largest_dma=67108864 largest_internal=67108864 requested_dma=512
[I][AlphaSave] SAVE_SCRATCH psram_bytes=11888
[I][AlphaSave] load save_slot=1 slot=1 time=1 ms status=0
[I][AlphaSave] SD_HEAP operation=dma-reserve-restored state=load-slot free_internal=67108864 free_dma=67108864 largest_dma=67108864 largest_internal=67108864 requested_dma=8192
  GREEN O1    an empty slot saves at once, no question (Slot 1: A, Slot 2: B)
[I][AlphaRuntime] INPUT_EDGE raw=00,00,00,00,00 prev=00,00,00,00,00 matrix=0,0 physical=matrix-key edge=press mods=S0,A1,H0 printable=6d base=00 symbol=00 ui=explore emitted=system-menu action_char=0 shortcut=none
[I][AlphaSave] SD_HEAP operation=release-reserved-dma state=save-catalog free_internal=67108864 free_dma=67108864 largest_dma=67108864 largest_internal=67108864 requested_dma=8192
[I][AlphaSave] SD_HEAP operation=sd-window-open state=save-catalog free_internal=67108864 free_dma=67108864 largest_dma=67108864 largest_internal=67108864 requested_dma=512
[I][AlphaSave] SAVE_CATALOG slot1=cached slot2=cached slot3=empty staged=0 bytes=64 commit_us=112 verify_us=0 total_us=116
[I][AlphaSave] SD_HEAP operation=dma-reserve-restored state=save-catalog free_internal=67108864 free_dma=67108864 largest_dma=67108864 largest_internal=67108864 requested_dma=8192
[I][AlphaRuntime] SYSTEM_MENU action=toggle open=1 gameplay_command=none
[I][AlphaRuntime] SYSTEM_MENU action=direction accepted=1 open=1 gameplay_command=none
[I][AlphaRuntime] INPUT_EDGE raw=00,00,00,00,00 prev=00,00,00,00,00 matrix=0,0 physical=matrix-key edge=press mods=S0,A0,H0 printable=0d base=00 symbol=00 ui=inventory emitted=confirm action_char=0 shortcut=none
[I][AlphaRuntime] SYSTEM_MENU action=confirm accepted=1 open=1 gameplay_command=none
[I][AlphaRuntime] INPUT_EDGE raw=00,00,00,00,00 prev=00,00,00,00,00 matrix=0,0 physical=matrix-key edge=press mods=S0,A0,H0 printable=0d base=00 symbol=00 ui=inventory emitted=confirm action_char=0 shortcut=none
[I][AlphaRuntime] SYSTEM_MENU action=confirm accepted=1 open=1 gameplay_command=none
[I][AlphaRuntime] INPUT_EDGE raw=00,00,00,00,00 prev=00,00,00,00,00 matrix=0,0 physical=matrix-key edge=press mods=S0,A0,H0 printable=0d base=00 symbol=00 ui=inventory emitted=confirm action_char=0 shortcut=none
[I][AlphaRuntime] SYSTEM_MENU action=confirm accepted=1 open=1 gameplay_command=none
  GREEN O2    "Overwrite Slot 2?" starts on No; Enter there writes nothing: every byte of every slot as it was
[I][AlphaRuntime] INPUT_EDGE raw=00,00,00,00,00 prev=00,00,00,00,00 matrix=0,0 physical=matrix-key edge=press mods=S0,A0,H0 printable=0d base=00 symbol=00 ui=inventory emitted=confirm action_char=0 shortcut=none
[I][AlphaRuntime] SYSTEM_MENU action=confirm accepted=1 open=1 gameplay_command=none
[I][AlphaRuntime] INPUT_EDGE raw=00,00,00,00,00 prev=00,00,00,00,00 matrix=0,0 physical=matrix-key edge=press mods=S0,A0,H0 printable=08 base=00 symbol=00 ui=inventory emitted=back action_char=0 shortcut=none
[I][AlphaRuntime] SYSTEM_MENU action=back accepted=1 open=1 gameplay_command=none
[I][AlphaRuntime] INPUT_EDGE raw=00,00,00,00,00 prev=00,00,00,00,00 matrix=0,0 physical=matrix-key edge=press mods=S0,A0,H0 printable=0d base=00 symbol=00 ui=inventory emitted=confirm action_char=0 shortcut=none
[I][AlphaRuntime] SYSTEM_MENU action=confirm accepted=1 open=1 gameplay_command=none
[I][AlphaRuntime] INPUT_EDGE raw=00,00,00,00,00 prev=00,00,00,00,00 matrix=0,0 physical=matrix-key edge=press mods=S0,A1,H0 printable=6d base=00 symbol=00 ui=inventory emitted=system-menu action_char=0 shortcut=none
[I][AlphaSave] SD_HEAP operation=release-reserved-dma state=settings-save free_internal=67108864 free_dma=67108864 largest_dma=67108864 largest_internal=67108864 requested_dma=8192
[I][AlphaSave] SD_HEAP operation=sd-window-open state=settings-save free_internal=67108864 free_dma=67108864 largest_dma=67108864 largest_internal=67108864 requested_dma=512
[I][AlphaSave] SD_HEAP operation=dma-reserve-restored state=settings-save free_internal=67108864 free_dma=67108864 largest_dma=67108864 largest_internal=67108864 requested_dma=8192
[I][AlphaRuntime] SYSTEM_MENU action=toggle open=0 gameplay_command=none
[I][AlphaSave] SD_HEAP operation=release-reserved-dma state=load-slot free_internal=67108864 free_dma=67108864 largest_dma=67108864 largest_internal=67108864 requested_dma=8192
[I][AlphaSave] SD_HEAP operation=sd-window-open state=load-slot free_internal=67108864 free_dma=67108864 largest_dma=67108864 largest_internal=67108864 requested_dma=512
[I][AlphaSave] SAVE_SCRATCH psram_bytes=11888
[I][AlphaSave] load save_slot=1 slot=1 time=1 ms status=0
[I][AlphaSave] SD_HEAP operation=dma-reserve-restored state=load-slot free_internal=67108864 free_dma=67108864 largest_dma=67108864 largest_internal=67108864 requested_dma=8192
  GREEN O3    Back from the question writes nothing, and closing the menu on it leaves every save byte for byte; Slot 2 still restores B
[I][AlphaRuntime] INPUT_EDGE raw=00,00,00,00,00 prev=00,00,00,00,00 matrix=0,0 physical=matrix-key edge=press mods=S0,A1,H0 printable=6d base=00 symbol=00 ui=explore emitted=system-menu action_char=0 shortcut=none
[I][AlphaSave] SD_HEAP operation=release-reserved-dma state=save-catalog free_internal=67108864 free_dma=67108864 largest_dma=67108864 largest_internal=67108864 requested_dma=8192
[I][AlphaSave] SD_HEAP operation=sd-window-open state=save-catalog free_internal=67108864 free_dma=67108864 largest_dma=67108864 largest_internal=67108864 requested_dma=512
[I][AlphaSave] SAVE_CATALOG slot1=cached slot2=cached slot3=empty staged=0 bytes=64 commit_us=166 verify_us=0 total_us=170
[I][AlphaSave] SD_HEAP operation=dma-reserve-restored state=save-catalog free_internal=67108864 free_dma=67108864 largest_dma=67108864 largest_internal=67108864 requested_dma=8192
[I][AlphaRuntime] SYSTEM_MENU action=toggle open=1 gameplay_command=none
[I][AlphaRuntime] SYSTEM_MENU action=direction accepted=1 open=1 gameplay_command=none
[I][AlphaRuntime] INPUT_EDGE raw=00,00,00,00,00 prev=00,00,00,00,00 matrix=0,0 physical=matrix-key edge=press mods=S0,A0,H0 printable=0d base=00 symbol=00 ui=inventory emitted=confirm action_char=0 shortcut=none
[I][AlphaRuntime] SYSTEM_MENU action=confirm accepted=1 open=1 gameplay_command=none
[I][AlphaRuntime] INPUT_EDGE raw=00,00,00,00,00 prev=00,00,00,00,00 matrix=0,0 physical=matrix-key edge=press mods=S0,A0,H0 printable=0d base=00 symbol=00 ui=inventory emitted=confirm action_char=0 shortcut=none
[I][AlphaRuntime] SYSTEM_MENU action=confirm accepted=1 open=1 gameplay_command=none
[I][AlphaRuntime] SYSTEM_MENU action=direction accepted=1 open=1 gameplay_command=none
[I][AlphaRuntime] INPUT_EDGE raw=00,00,00,00,00 prev=00,00,00,00,00 matrix=0,0 physical=matrix-key edge=press mods=S0,A0,H0 printable=0d base=00 symbol=00 ui=inventory emitted=confirm action_char=0 shortcut=none
[I][AlphaSave] SD_HEAP operation=release-reserved-dma state=gameplay-save free_internal=67108864 free_dma=67108864 largest_dma=67108864 largest_internal=67108864 requested_dma=8192
[I][AlphaSave] SD_HEAP operation=sd-window-open state=gameplay-save free_internal=67108864 free_dma=67108864 largest_dma=67108864 largest_internal=67108864 requested_dma=512
[I][AlphaSave] NEWGAME_SAVE stage=create-root-directory result=ok esp_err=ESP_OK errno=0 path=/sd/ultima5 stack_margin=32768
[I][AlphaSave] NEWGAME_SAVE stage=create-save-directory result=ok esp_err=ESP_OK errno=0 path=/sd/ultima5/saves stack_margin=32768
[I][AlphaSave] SD_HEAP operation=free-space-before state=gameplay-save free_internal=67108864 free_dma=67108864 largest_dma=67108864 largest_internal=67108864 requested_dma=512
[I][AlphaSave] SD_HEAP operation=free-space-call-enter state=gameplay-save free_internal=67108864 free_dma=67108864 largest_dma=67108864 largest_internal=67108864 requested_dma=512
[I][AlphaSave] SD_HEAP operation=free-space-call-exit state=gameplay-save free_internal=67108864 free_dma=67108864 largest_dma=67108864 largest_internal=67108864 requested_dma=512
[I][AlphaSave] SD_HEAP operation=free-space-after state=gameplay-save free_internal=67108864 free_dma=67108864 largest_dma=67108864 largest_internal=67108864 requested_dma=512
[I][AlphaSave] SD_SPACE path=/sd api=esp_vfs_fat_info/f_getfree return=ESP_OK(0x0) errno=0 total_bytes=34359738368 free_bytes=8589934592 total_sectors=67108864 free_sectors=16777216 sector_bytes=512
[I][AlphaSave] NEWGAME_SAVE stage=free-space-query result=ok esp_err=ESP_OK errno=0 path=/sd stack_margin=32768
[I][AlphaSave] NEWGAME_SAVE stage=free-space result=ok esp_err=ESP_OK errno=0 path=/sd stack_margin=32768
[I][AlphaSave] SAVE_TARGET save_slot=1 newest=1 accepted=1 slot=0 keep=1 sequence=3
[I][AlphaSave] NEWGAME_SAVE stage=gam-encode result=ok esp_err=ESP_OK errno=0 path=INIT.GAM stack_margin=32768
[I][AlphaSave] NEWGAME_SAVE stage=ool-encode result=ok esp_err=ESP_OK errno=0 path=INIT.OOL stack_margin=32768
[I][AlphaSave] NEWGAME_SAVE stage=json-encode result=ok esp_err=ESP_OK errno=0 path=sidecar stack_margin=32768
[I][AlphaSave] SD_HEAP operation=write-gam-temp state=gameplay-save free_internal=67108864 free_dma=67108864 largest_dma=67108864 largest_internal=67108864 requested_dma=512
[I][AlphaSave] NEWGAME_SAVE stage=write-gam-temp result=ok esp_err=ESP_OK errno=0 path=/sd/ultima5/saves/alpha1-s2-g0.gam.tmp stack_margin=32768
[I][AlphaSave] SD_HEAP operation=write-ool-temp state=gameplay-save free_internal=67108864 free_dma=67108864 largest_dma=67108864 largest_internal=67108864 requested_dma=512
[I][AlphaSave] NEWGAME_SAVE stage=write-ool-temp result=ok esp_err=ESP_OK errno=0 path=/sd/ultima5/saves/alpha1-s2-g0.ool.tmp stack_margin=32768
[I][AlphaSave] SD_HEAP operation=write-json-temp state=gameplay-save free_internal=67108864 free_dma=67108864 largest_dma=67108864 largest_internal=67108864 requested_dma=512
[I][AlphaSave] NEWGAME_SAVE stage=write-json-temp result=ok esp_err=ESP_OK errno=0 path=/sd/ultima5/saves/alpha1-s2-g0.json.tmp stack_margin=32768
[I][AlphaSave] SD_HEAP operation=crc-readback state=gameplay-save free_internal=67108864 free_dma=67108864 largest_dma=67108864 largest_internal=67108864 requested_dma=512
[I][AlphaSave] NEWGAME_SAVE stage=crc-readback result=ok esp_err=ESP_OK errno=0 path=/sd/ultima5/saves stack_margin=32768
[I][AlphaSave] NEWGAME_SAVE stage=rename-gam result=ok esp_err=ESP_OK errno=0 path=/sd/ultima5/saves/alpha1-s2-g0.gam stack_margin=32768
[I][AlphaSave] NEWGAME_SAVE stage=rename-ool result=ok esp_err=ESP_OK errno=0 path=/sd/ultima5/saves/alpha1-s2-g0.ool stack_margin=32768
[I][AlphaSave] NEWGAME_SAVE stage=rename-json result=ok esp_err=ESP_OK errno=0 path=/sd/ultima5/saves/alpha1-s2-g0.json stack_margin=32768
[I][AlphaSave] NEWGAME_SAVE stage=write-commit-temp result=ok esp_err=ESP_OK errno=0 path=/sd/ultima5/saves/alpha1-s2-g0.commit.tmp stack_margin=32768
[I][AlphaSave] NEWGAME_SAVE stage=rename-commit result=ok esp_err=ESP_OK errno=0 path=/sd/ultima5/saves/alpha1-s2-g0.commit stack_margin=32768
[I][AlphaSave] NEWGAME_SAVE stage=semantic-validation result=ok esp_err=ESP_OK errno=0 path=/sd/ultima5/saves/alpha1-s2-g0.commit stack_margin=32768
[I][AlphaSave] NEWGAME_SAVE stage=generation-final result=ok esp_err=ESP_OK errno=0 path=/sd/ultima5/saves/alpha1-s2-g0.commit stack_margin=32768
[I][AlphaSave] save generation=3 save_slot=1 slot=0 time=7 ms json=369
[I][AlphaSave] SD_HEAP operation=dma-reserve-restored state=gameplay-save free_internal=67108864 free_dma=67108864 largest_dma=67108864 largest_internal=67108864 requested_dma=8192
[I][AlphaSave] SD_HEAP operation=release-reserved-dma state=save-catalog free_internal=67108864 free_dma=67108864 largest_dma=67108864 largest_internal=67108864 requested_dma=8192
[I][AlphaSave] SD_HEAP operation=sd-window-open state=save-catalog free_internal=67108864 free_dma=67108864 largest_dma=67108864 largest_internal=67108864 requested_dma=512
[I][AlphaSave] SAVE_CATALOG slot1=cached slot2=cached slot3=empty staged=0 bytes=96 commit_us=168 verify_us=0 total_us=173
[I][AlphaSave] SD_HEAP operation=dma-reserve-restored state=save-catalog free_internal=67108864 free_dma=67108864 largest_dma=67108864 largest_internal=67108864 requested_dma=8192
[I][AlphaRuntime] SYSTEM_MENU action=confirm accepted=1 open=1 gameplay_command=none
[I][AlphaSave] SD_HEAP operation=release-reserved-dma state=save-inspect free_internal=67108864 free_dma=67108864 largest_dma=67108864 largest_internal=67108864 requested_dma=8192
[I][AlphaSave] SD_HEAP operation=sd-window-open state=save-inspect free_internal=67108864 free_dma=67108864 largest_dma=67108864 largest_internal=67108864 requested_dma=512
[I][AlphaSave] SAVE_SCRATCH psram_bytes=11888
[I][AlphaSave] SAVE_INSPECT save_slot=1 slot0=verified slot1=verified bytes=10210 commit_us=60 read_us=151 verify_us=646 total_us=879
[I][AlphaSave] SD_HEAP operation=dma-reserve-restored state=save-inspect free_internal=67108864 free_dma=67108864 largest_dma=67108864 largest_internal=67108864 requested_dma=8192
[I][AlphaRuntime] INPUT_EDGE raw=00,00,00,00,00 prev=00,00,00,00,00 matrix=0,0 physical=matrix-key edge=press mods=S0,A1,H0 printable=6d base=00 symbol=00 ui=inventory emitted=system-menu action_char=0 shortcut=none
[I][AlphaSave] SD_HEAP operation=release-reserved-dma state=settings-save free_internal=67108864 free_dma=67108864 largest_dma=67108864 largest_internal=67108864 requested_dma=8192
[I][AlphaSave] SD_HEAP operation=sd-window-open state=settings-save free_internal=67108864 free_dma=67108864 largest_dma=67108864 largest_internal=67108864 requested_dma=512
[I][AlphaSave] SD_HEAP operation=dma-reserve-restored state=settings-save free_internal=67108864 free_dma=67108864 largest_dma=67108864 largest_internal=67108864 requested_dma=8192
[I][AlphaRuntime] SYSTEM_MENU action=toggle open=0 gameplay_command=none
[I][AlphaSave] SD_HEAP operation=release-reserved-dma state=load-slot free_internal=67108864 free_dma=67108864 largest_dma=67108864 largest_internal=67108864 requested_dma=8192
[I][AlphaSave] SD_HEAP operation=sd-window-open state=load-slot free_internal=67108864 free_dma=67108864 largest_dma=67108864 largest_internal=67108864 requested_dma=512
[I][AlphaSave] SAVE_SCRATCH psram_bytes=11888
[I][AlphaSave] load save_slot=1 slot=0 time=2 ms status=0
[I][AlphaSave] SD_HEAP operation=dma-reserve-restored state=load-slot free_internal=67108864 free_dma=67108864 largest_dma=67108864 largest_internal=67108864 requested_dma=8192
  GREEN O4    Yes: Slot 2 restores the new save (C); Slot 1 byte for byte; Slot 2 keeps two valid generations
[I][AlphaSave] SD_HEAP operation=release-reserved-dma state=load-slot free_internal=67108864 free_dma=67108864 largest_dma=67108864 largest_internal=67108864 requested_dma=8192
[I][AlphaSave] SD_HEAP operation=sd-window-open state=load-slot free_internal=67108864 free_dma=67108864 largest_dma=67108864 largest_internal=67108864 requested_dma=512
[I][AlphaSave] SAVE_SCRATCH psram_bytes=11888
[I][AlphaSave] load save_slot=1 slot=1 time=2 ms status=0
[I][AlphaSave] SD_HEAP operation=dma-reserve-restored state=load-slot free_internal=67108864 free_dma=67108864 largest_dma=67108864 largest_internal=67108864 requested_dma=8192
  GREEN O5    the replaced save (B) is Slot 2's fallback: with C torn, Slot 2 restores B

[D] faults during a save to Slot 2 (Slots 1 and 3 hold journeys of their own)
[I][AlphaSave] SD_HEAP operation=release-reserved-dma state=gameplay-save free_internal=67108864 free_dma=67108864 largest_dma=67108864 largest_internal=67108864 requested_dma=8192
[I][AlphaSave] SD_HEAP operation=sd-window-open state=gameplay-save free_internal=67108864 free_dma=67108864 largest_dma=67108864 largest_internal=67108864 requested_dma=512
[I][AlphaSave] SAVE_SCRATCH psram_bytes=11888
[I][AlphaSave] NEWGAME_SAVE stage=create-root-directory result=ok esp_err=ESP_OK errno=0 path=/sd/ultima5 stack_margin=32768
[I][AlphaSave] NEWGAME_SAVE stage=create-save-directory result=ok esp_err=ESP_OK errno=0 path=/sd/ultima5/saves stack_margin=32768
[I][AlphaSave] SD_HEAP operation=free-space-before state=gameplay-save free_internal=67108864 free_dma=67108864 largest_dma=67108864 largest_internal=67108864 requested_dma=512
[I][AlphaSave] SD_HEAP operation=free-space-call-enter state=gameplay-save free_internal=67108864 free_dma=67108864 largest_dma=67108864 largest_internal=67108864 requested_dma=512
[I][AlphaSave] SD_HEAP operation=free-space-call-exit state=gameplay-save free_internal=67108864 free_dma=67108864 largest_dma=67108864 largest_internal=67108864 requested_dma=512
[I][AlphaSave] SD_HEAP operation=free-space-after state=gameplay-save free_internal=67108864 free_dma=67108864 largest_dma=67108864 largest_internal=67108864 requested_dma=512
[I][AlphaSave] SD_SPACE path=/sd api=esp_vfs_fat_info/f_getfree return=ESP_OK(0x0) errno=0 total_bytes=34359738368 free_bytes=8589934592 total_sectors=67108864 free_sectors=16777216 sector_bytes=512
[I][AlphaSave] NEWGAME_SAVE stage=free-space-query result=ok esp_err=ESP_OK errno=0 path=/sd stack_margin=32768
[I][AlphaSave] NEWGAME_SAVE stage=free-space result=ok esp_err=ESP_OK errno=0 path=/sd stack_margin=32768
[I][AlphaSave] SAVE_TARGET save_slot=0 newest=-1 accepted=0 slot=1 keep=-1 sequence=1
[I][AlphaSave] NEWGAME_SAVE stage=gam-encode result=ok esp_err=ESP_OK errno=0 path=INIT.GAM stack_margin=32768
[I][AlphaSave] NEWGAME_SAVE stage=ool-encode result=ok esp_err=ESP_OK errno=0 path=INIT.OOL stack_margin=32768
[I][AlphaSave] NEWGAME_SAVE stage=json-encode result=ok esp_err=ESP_OK errno=0 path=sidecar stack_margin=32768
[I][AlphaSave] SD_HEAP operation=write-gam-temp state=gameplay-save free_internal=67108864 free_dma=67108864 largest_dma=67108864 largest_internal=67108864 requested_dma=512
[I][AlphaSave] NEWGAME_SAVE stage=write-gam-temp result=ok esp_err=ESP_OK errno=0 path=/sd/ultima5/saves/alpha1-g1.gam.tmp stack_margin=32768
[I][AlphaSave] SD_HEAP operation=write-ool-temp state=gameplay-save free_internal=67108864 free_dma=67108864 largest_dma=67108864 largest_internal=67108864 requested_dma=512
[I][AlphaSave] NEWGAME_SAVE stage=write-ool-temp result=ok esp_err=ESP_OK errno=0 path=/sd/ultima5/saves/alpha1-g1.ool.tmp stack_margin=32768
[I][AlphaSave] SD_HEAP operation=write-json-temp state=gameplay-save free_internal=67108864 free_dma=67108864 largest_dma=67108864 largest_internal=67108864 requested_dma=512
[I][AlphaSave] NEWGAME_SAVE stage=write-json-temp result=ok esp_err=ESP_OK errno=0 path=/sd/ultima5/saves/alpha1-g1.json.tmp stack_margin=32768
[I][AlphaSave] SD_HEAP operation=crc-readback state=gameplay-save free_internal=67108864 free_dma=67108864 largest_dma=67108864 largest_internal=67108864 requested_dma=512
[I][AlphaSave] NEWGAME_SAVE stage=crc-readback result=ok esp_err=ESP_OK errno=0 path=/sd/ultima5/saves stack_margin=32768
[I][AlphaSave] NEWGAME_SAVE stage=rename-gam result=ok esp_err=ESP_OK errno=0 path=/sd/ultima5/saves/alpha1-g1.gam stack_margin=32768
[I][AlphaSave] NEWGAME_SAVE stage=rename-ool result=ok esp_err=ESP_OK errno=0 path=/sd/ultima5/saves/alpha1-g1.ool stack_margin=32768
[I][AlphaSave] NEWGAME_SAVE stage=rename-json result=ok esp_err=ESP_OK errno=0 path=/sd/ultima5/saves/alpha1-g1.json stack_margin=32768
[I][AlphaSave] NEWGAME_SAVE stage=write-commit-temp result=ok esp_err=ESP_OK errno=0 path=/sd/ultima5/saves/alpha1-g1.commit.tmp stack_margin=32768
[I][AlphaSave] NEWGAME_SAVE stage=rename-commit result=ok esp_err=ESP_OK errno=0 path=/sd/ultima5/saves/alpha1-g1.commit stack_margin=32768
[I][AlphaSave] NEWGAME_SAVE stage=semantic-validation result=ok esp_err=ESP_OK errno=0 path=/sd/ultima5/saves/alpha1-g1.commit stack_margin=32768
[I][AlphaSave] NEWGAME_SAVE stage=generation-final result=ok esp_err=ESP_OK errno=0 path=/sd/ultima5/saves/alpha1-g1.commit stack_margin=32768
[I][AlphaSave] save generation=1 save_slot=0 slot=1 time=13 ms json=369
[I][AlphaSave] SD_HEAP operation=dma-reserve-restored state=gameplay-save free_internal=67108864 free_dma=67108864 largest_dma=67108864 largest_internal=67108864 requested_dma=8192
[I][AlphaSave] SD_HEAP operation=release-reserved-dma state=gameplay-save free_internal=67108864 free_dma=67108864 largest_dma=67108864 largest_internal=67108864 requested_dma=8192
[I][AlphaSave] SD_HEAP operation=sd-window-open state=gameplay-save free_internal=67108864 free_dma=67108864 largest_dma=67108864 largest_internal=67108864 requested_dma=512
[I][AlphaSave] NEWGAME_SAVE stage=create-root-directory result=ok esp_err=ESP_OK errno=0 path=/sd/ultima5 stack_margin=32768
[I][AlphaSave] NEWGAME_SAVE stage=create-save-directory result=ok esp_err=ESP_OK errno=0 path=/sd/ultima5/saves stack_margin=32768
[I][AlphaSave] SD_HEAP operation=free-space-before state=gameplay-save free_internal=67108864 free_dma=67108864 largest_dma=67108864 largest_internal=67108864 requested_dma=512
[I][AlphaSave] SD_HEAP operation=free-space-call-enter state=gameplay-save free_internal=67108864 free_dma=67108864 largest_dma=67108864 largest_internal=67108864 requested_dma=512
[I][AlphaSave] SD_HEAP operation=free-space-call-exit state=gameplay-save free_internal=67108864 free_dma=67108864 largest_dma=67108864 largest_internal=67108864 requested_dma=512
[I][AlphaSave] SD_HEAP operation=free-space-after state=gameplay-save free_internal=67108864 free_dma=67108864 largest_dma=67108864 largest_internal=67108864 requested_dma=512
[I][AlphaSave] SD_SPACE path=/sd api=esp_vfs_fat_info/f_getfree return=ESP_OK(0x0) errno=0 total_bytes=34359738368 free_bytes=8589934592 total_sectors=67108864 free_sectors=16777216 sector_bytes=512
[I][AlphaSave] NEWGAME_SAVE stage=free-space-query result=ok esp_err=ESP_OK errno=0 path=/sd stack_margin=32768
[I][AlphaSave] NEWGAME_SAVE stage=free-space result=ok esp_err=ESP_OK errno=0 path=/sd stack_margin=32768
[I][AlphaSave] SAVE_TARGET save_slot=1 newest=-1 accepted=0 slot=1 keep=-1 sequence=2
[I][AlphaSave] NEWGAME_SAVE stage=gam-encode result=ok esp_err=ESP_OK errno=0 path=INIT.GAM stack_margin=32768
[I][AlphaSave] NEWGAME_SAVE stage=ool-encode result=ok esp_err=ESP_OK errno=0 path=INIT.OOL stack_margin=32768
[I][AlphaSave] NEWGAME_SAVE stage=json-encode result=ok esp_err=ESP_OK errno=0 path=sidecar stack_margin=32768
[I][AlphaSave] SD_HEAP operation=write-gam-temp state=gameplay-save free_internal=67108864 free_dma=67108864 largest_dma=67108864 largest_internal=67108864 requested_dma=512
[I][AlphaSave] NEWGAME_SAVE stage=write-gam-temp result=ok esp_err=ESP_OK errno=0 path=/sd/ultima5/saves/alpha1-s2-g1.gam.tmp stack_margin=32768
[I][AlphaSave] SD_HEAP operation=write-ool-temp state=gameplay-save free_internal=67108864 free_dma=67108864 largest_dma=67108864 largest_internal=67108864 requested_dma=512
[I][AlphaSave] NEWGAME_SAVE stage=write-ool-temp result=ok esp_err=ESP_OK errno=0 path=/sd/ultima5/saves/alpha1-s2-g1.ool.tmp stack_margin=32768
[I][AlphaSave] SD_HEAP operation=write-json-temp state=gameplay-save free_internal=67108864 free_dma=67108864 largest_dma=67108864 largest_internal=67108864 requested_dma=512
[I][AlphaSave] NEWGAME_SAVE stage=write-json-temp result=ok esp_err=ESP_OK errno=0 path=/sd/ultima5/saves/alpha1-s2-g1.json.tmp stack_margin=32768
[I][AlphaSave] SD_HEAP operation=crc-readback state=gameplay-save free_internal=67108864 free_dma=67108864 largest_dma=67108864 largest_internal=67108864 requested_dma=512
[I][AlphaSave] NEWGAME_SAVE stage=crc-readback result=ok esp_err=ESP_OK errno=0 path=/sd/ultima5/saves stack_margin=32768
[I][AlphaSave] NEWGAME_SAVE stage=rename-gam result=ok esp_err=ESP_OK errno=0 path=/sd/ultima5/saves/alpha1-s2-g1.gam stack_margin=32768
[I][AlphaSave] NEWGAME_SAVE stage=rename-ool result=ok esp_err=ESP_OK errno=0 path=/sd/ultima5/saves/alpha1-s2-g1.ool stack_margin=32768
[I][AlphaSave] NEWGAME_SAVE stage=rename-json result=ok esp_err=ESP_OK errno=0 path=/sd/ultima5/saves/alpha1-s2-g1.json stack_margin=32768
[I][AlphaSave] NEWGAME_SAVE stage=write-commit-temp result=ok esp_err=ESP_OK errno=0 path=/sd/ultima5/saves/alpha1-s2-g1.commit.tmp stack_margin=32768
[I][AlphaSave] NEWGAME_SAVE stage=rename-commit result=ok esp_err=ESP_OK errno=0 path=/sd/ultima5/saves/alpha1-s2-g1.commit stack_margin=32768
[I][AlphaSave] NEWGAME_SAVE stage=semantic-validation result=ok esp_err=ESP_OK errno=0 path=/sd/ultima5/saves/alpha1-s2-g1.commit stack_margin=32768
[I][AlphaSave] NEWGAME_SAVE stage=generation-final result=ok esp_err=ESP_OK errno=0 path=/sd/ultima5/saves/alpha1-s2-g1.commit stack_margin=32768
[I][AlphaSave] save generation=2 save_slot=1 slot=1 time=9 ms json=369
[I][AlphaSave] SD_HEAP operation=dma-reserve-restored state=gameplay-save free_internal=67108864 free_dma=67108864 largest_dma=67108864 largest_internal=67108864 requested_dma=8192
[I][AlphaSave] SD_HEAP operation=release-reserved-dma state=gameplay-save free_internal=67108864 free_dma=67108864 largest_dma=67108864 largest_internal=67108864 requested_dma=8192
[I][AlphaSave] SD_HEAP operation=sd-window-open state=gameplay-save free_internal=67108864 free_dma=67108864 largest_dma=67108864 largest_internal=67108864 requested_dma=512
[I][AlphaSave] NEWGAME_SAVE stage=create-root-directory result=ok esp_err=ESP_OK errno=0 path=/sd/ultima5 stack_margin=32768
[I][AlphaSave] NEWGAME_SAVE stage=create-save-directory result=ok esp_err=ESP_OK errno=0 path=/sd/ultima5/saves stack_margin=32768
[I][AlphaSave] SD_HEAP operation=free-space-before state=gameplay-save free_internal=67108864 free_dma=67108864 largest_dma=67108864 largest_internal=67108864 requested_dma=512
[I][AlphaSave] SD_HEAP operation=free-space-call-enter state=gameplay-save free_internal=67108864 free_dma=67108864 largest_dma=67108864 largest_internal=67108864 requested_dma=512
[I][AlphaSave] SD_HEAP operation=free-space-call-exit state=gameplay-save free_internal=67108864 free_dma=67108864 largest_dma=67108864 largest_internal=67108864 requested_dma=512
[I][AlphaSave] SD_HEAP operation=free-space-after state=gameplay-save free_internal=67108864 free_dma=67108864 largest_dma=67108864 largest_internal=67108864 requested_dma=512
[I][AlphaSave] SD_SPACE path=/sd api=esp_vfs_fat_info/f_getfree return=ESP_OK(0x0) errno=0 total_bytes=34359738368 free_bytes=8589934592 total_sectors=67108864 free_sectors=16777216 sector_bytes=512
[I][AlphaSave] NEWGAME_SAVE stage=free-space-query result=ok esp_err=ESP_OK errno=0 path=/sd stack_margin=32768
[I][AlphaSave] NEWGAME_SAVE stage=free-space result=ok esp_err=ESP_OK errno=0 path=/sd stack_margin=32768
[I][AlphaSave] SAVE_TARGET save_slot=2 newest=-1 accepted=0 slot=1 keep=-1 sequence=3
[I][AlphaSave] NEWGAME_SAVE stage=gam-encode result=ok esp_err=ESP_OK errno=0 path=INIT.GAM stack_margin=32768
[I][AlphaSave] NEWGAME_SAVE stage=ool-encode result=ok esp_err=ESP_OK errno=0 path=INIT.OOL stack_margin=32768
[I][AlphaSave] NEWGAME_SAVE stage=json-encode result=ok esp_err=ESP_OK errno=0 path=sidecar stack_margin=32768
[I][AlphaSave] SD_HEAP operation=write-gam-temp state=gameplay-save free_internal=67108864 free_dma=67108864 largest_dma=67108864 largest_internal=67108864 requested_dma=512
[I][AlphaSave] NEWGAME_SAVE stage=write-gam-temp result=ok esp_err=ESP_OK errno=0 path=/sd/ultima5/saves/alpha1-s3-g1.gam.tmp stack_margin=32768
[I][AlphaSave] SD_HEAP operation=write-ool-temp state=gameplay-save free_internal=67108864 free_dma=67108864 largest_dma=67108864 largest_internal=67108864 requested_dma=512
[I][AlphaSave] NEWGAME_SAVE stage=write-ool-temp result=ok esp_err=ESP_OK errno=0 path=/sd/ultima5/saves/alpha1-s3-g1.ool.tmp stack_margin=32768
[I][AlphaSave] SD_HEAP operation=write-json-temp state=gameplay-save free_internal=67108864 free_dma=67108864 largest_dma=67108864 largest_internal=67108864 requested_dma=512
[I][AlphaSave] NEWGAME_SAVE stage=write-json-temp result=ok esp_err=ESP_OK errno=0 path=/sd/ultima5/saves/alpha1-s3-g1.json.tmp stack_margin=32768
[I][AlphaSave] SD_HEAP operation=crc-readback state=gameplay-save free_internal=67108864 free_dma=67108864 largest_dma=67108864 largest_internal=67108864 requested_dma=512
[I][AlphaSave] NEWGAME_SAVE stage=crc-readback result=ok esp_err=ESP_OK errno=0 path=/sd/ultima5/saves stack_margin=32768
[I][AlphaSave] NEWGAME_SAVE stage=rename-gam result=ok esp_err=ESP_OK errno=0 path=/sd/ultima5/saves/alpha1-s3-g1.gam stack_margin=32768
[I][AlphaSave] NEWGAME_SAVE stage=rename-ool result=ok esp_err=ESP_OK errno=0 path=/sd/ultima5/saves/alpha1-s3-g1.ool stack_margin=32768
[I][AlphaSave] NEWGAME_SAVE stage=rename-json result=ok esp_err=ESP_OK errno=0 path=/sd/ultima5/saves/alpha1-s3-g1.json stack_margin=32768
[I][AlphaSave] NEWGAME_SAVE stage=write-commit-temp result=ok esp_err=ESP_OK errno=0 path=/sd/ultima5/saves/alpha1-s3-g1.commit.tmp stack_margin=32768
[I][AlphaSave] NEWGAME_SAVE stage=rename-commit result=ok esp_err=ESP_OK errno=0 path=/sd/ultima5/saves/alpha1-s3-g1.commit stack_margin=32768
[I][AlphaSave] NEWGAME_SAVE stage=semantic-validation result=ok esp_err=ESP_OK errno=0 path=/sd/ultima5/saves/alpha1-s3-g1.commit stack_margin=32768
[I][AlphaSave] NEWGAME_SAVE stage=generation-final result=ok esp_err=ESP_OK errno=0 path=/sd/ultima5/saves/alpha1-s3-g1.commit stack_margin=32768
[I][AlphaSave] save generation=3 save_slot=2 slot=1 time=10 ms json=369
[I][AlphaSave] SD_HEAP operation=dma-reserve-restored state=gameplay-save free_internal=67108864 free_dma=67108864 largest_dma=67108864 largest_internal=67108864 requested_dma=8192
[I][AlphaSave] SD_HEAP operation=release-reserved-dma state=gameplay-save free_internal=67108864 free_dma=67108864 largest_dma=67108864 largest_internal=67108864 requested_dma=8192
[I][AlphaSave] SD_HEAP operation=sd-window-open state=gameplay-save free_internal=67108864 free_dma=67108864 largest_dma=67108864 largest_internal=67108864 requested_dma=512
[I][AlphaSave] NEWGAME_SAVE stage=create-root-directory result=ok esp_err=ESP_OK errno=0 path=/sd/ultima5 stack_margin=32768
[I][AlphaSave] NEWGAME_SAVE stage=create-save-directory result=ok esp_err=ESP_OK errno=0 path=/sd/ultima5/saves stack_margin=32768
[I][AlphaSave] SD_HEAP operation=free-space-before state=gameplay-save free_internal=67108864 free_dma=67108864 largest_dma=67108864 largest_internal=67108864 requested_dma=512
[I][AlphaSave] SD_HEAP operation=free-space-call-enter state=gameplay-save free_internal=67108864 free_dma=67108864 largest_dma=67108864 largest_internal=67108864 requested_dma=512
[I][AlphaSave] SD_HEAP operation=free-space-call-exit state=gameplay-save free_internal=67108864 free_dma=67108864 largest_dma=67108864 largest_internal=67108864 requested_dma=512
[I][AlphaSave] SD_HEAP operation=free-space-after state=gameplay-save free_internal=67108864 free_dma=67108864 largest_dma=67108864 largest_internal=67108864 requested_dma=512
[I][AlphaSave] SD_SPACE path=/sd api=esp_vfs_fat_info/f_getfree return=ESP_OK(0x0) errno=0 total_bytes=34359738368 free_bytes=8589934592 total_sectors=67108864 free_sectors=16777216 sector_bytes=512
[I][AlphaSave] NEWGAME_SAVE stage=free-space-query result=ok esp_err=ESP_OK errno=0 path=/sd stack_margin=32768
[I][AlphaSave] NEWGAME_SAVE stage=free-space result=ok esp_err=ESP_OK errno=0 path=/sd stack_margin=32768
[I][AlphaSave] SAVE_TARGET save_slot=1 newest=1 accepted=1 slot=0 keep=1 sequence=4
[I][AlphaSave] NEWGAME_SAVE stage=gam-encode result=ok esp_err=ESP_OK errno=0 path=INIT.GAM stack_margin=32768
[I][AlphaSave] NEWGAME_SAVE stage=ool-encode result=ok esp_err=ESP_OK errno=0 path=INIT.OOL stack_margin=32768
[I][AlphaSave] NEWGAME_SAVE stage=json-encode result=ok esp_err=ESP_OK errno=0 path=sidecar stack_margin=32768
[I][AlphaSave] SD_HEAP operation=write-gam-temp state=gameplay-save free_internal=67108864 free_dma=67108864 largest_dma=67108864 largest_internal=67108864 requested_dma=512
[I][AlphaSave] NEWGAME_SAVE stage=write-gam-temp result=ok esp_err=ESP_OK errno=0 path=/sd/ultima5/saves/alpha1-s2-g0.gam.tmp stack_margin=32768
[I][AlphaSave] SD_HEAP operation=write-ool-temp state=gameplay-save free_internal=67108864 free_dma=67108864 largest_dma=67108864 largest_internal=67108864 requested_dma=512
[I][AlphaSave] NEWGAME_SAVE stage=write-ool-temp result=ok esp_err=ESP_OK errno=0 path=/sd/ultima5/saves/alpha1-s2-g0.ool.tmp stack_margin=32768
[I][AlphaSave] SD_HEAP operation=write-json-temp state=gameplay-save free_internal=67108864 free_dma=67108864 largest_dma=67108864 largest_internal=67108864 requested_dma=512
[I][AlphaSave] NEWGAME_SAVE stage=write-json-temp result=ok esp_err=ESP_OK errno=0 path=/sd/ultima5/saves/alpha1-s2-g0.json.tmp stack_margin=32768
[I][AlphaSave] SD_HEAP operation=crc-readback state=gameplay-save free_internal=67108864 free_dma=67108864 largest_dma=67108864 largest_internal=67108864 requested_dma=512
[I][AlphaSave] NEWGAME_SAVE stage=crc-readback result=ok esp_err=ESP_OK errno=0 path=/sd/ultima5/saves stack_margin=32768
[I][AlphaSave] NEWGAME_SAVE stage=rename-gam result=ok esp_err=ESP_OK errno=0 path=/sd/ultima5/saves/alpha1-s2-g0.gam stack_margin=32768
[I][AlphaSave] NEWGAME_SAVE stage=rename-ool result=ok esp_err=ESP_OK errno=0 path=/sd/ultima5/saves/alpha1-s2-g0.ool stack_margin=32768
[I][AlphaSave] NEWGAME_SAVE stage=rename-json result=ok esp_err=ESP_OK errno=0 path=/sd/ultima5/saves/alpha1-s2-g0.json stack_margin=32768
[I][AlphaSave] NEWGAME_SAVE stage=write-commit-temp result=ok esp_err=ESP_OK errno=0 path=/sd/ultima5/saves/alpha1-s2-g0.commit.tmp stack_margin=32768
[I][AlphaSave] NEWGAME_SAVE stage=rename-commit result=ok esp_err=ESP_OK errno=0 path=/sd/ultima5/saves/alpha1-s2-g0.commit stack_margin=32768
[I][AlphaSave] NEWGAME_SAVE stage=semantic-validation result=ok esp_err=ESP_OK errno=0 path=/sd/ultima5/saves/alpha1-s2-g0.commit stack_margin=32768
[I][AlphaSave] NEWGAME_SAVE stage=generation-final result=ok esp_err=ESP_OK errno=0 path=/sd/ultima5/saves/alpha1-s2-g0.commit stack_margin=32768
[I][AlphaSave] save generation=4 save_slot=1 slot=0 time=8 ms json=369
[I][AlphaSave] SD_HEAP operation=dma-reserve-restored state=gameplay-save free_internal=67108864 free_dma=67108864 largest_dma=67108864 largest_internal=67108864 requested_dma=8192
[I][AlphaSave] SD_HEAP operation=release-reserved-dma state=load-slot free_internal=67108864 free_dma=67108864 largest_dma=67108864 largest_internal=67108864 requested_dma=8192
[I][AlphaSave] SD_HEAP operation=sd-window-open state=load-slot free_internal=67108864 free_dma=67108864 largest_dma=67108864 largest_internal=67108864 requested_dma=512
[I][AlphaSave] SAVE_SCRATCH psram_bytes=11888
[I][AlphaSave] load save_slot=1 slot=1 time=2 ms status=0
[I][AlphaSave] SD_HEAP operation=dma-reserve-restored state=load-slot free_internal=67108864 free_dma=67108864 largest_dma=67108864 largest_internal=67108864 requested_dma=8192
[I][AlphaSave] SD_HEAP operation=release-reserved-dma state=gameplay-save free_internal=67108864 free_dma=67108864 largest_dma=67108864 largest_internal=67108864 requested_dma=8192
[I][AlphaSave] SD_HEAP operation=sd-window-open state=gameplay-save free_internal=67108864 free_dma=67108864 largest_dma=67108864 largest_internal=67108864 requested_dma=512
[I][AlphaSave] NEWGAME_SAVE stage=create-root-directory result=ok esp_err=ESP_OK errno=0 path=/sd/ultima5 stack_margin=32768
[I][AlphaSave] NEWGAME_SAVE stage=create-save-directory result=ok esp_err=ESP_OK errno=0 path=/sd/ultima5/saves stack_margin=32768
[I][AlphaSave] SD_HEAP operation=free-space-before state=gameplay-save free_internal=67108864 free_dma=67108864 largest_dma=67108864 largest_internal=67108864 requested_dma=512
[I][AlphaSave] SD_HEAP operation=free-space-call-enter state=gameplay-save free_internal=67108864 free_dma=67108864 largest_dma=67108864 largest_internal=67108864 requested_dma=512
[I][AlphaSave] SD_HEAP operation=free-space-call-exit state=gameplay-save free_internal=67108864 free_dma=67108864 largest_dma=67108864 largest_internal=67108864 requested_dma=512
[I][AlphaSave] SD_HEAP operation=free-space-after state=gameplay-save free_internal=67108864 free_dma=67108864 largest_dma=67108864 largest_internal=67108864 requested_dma=512
[I][AlphaSave] SD_SPACE path=/sd api=esp_vfs_fat_info/f_getfree return=ESP_OK(0x0) errno=0 total_bytes=34359738368 free_bytes=8589934592 total_sectors=67108864 free_sectors=16777216 sector_bytes=512
[I][AlphaSave] NEWGAME_SAVE stage=free-space-query result=ok esp_err=ESP_OK errno=0 path=/sd stack_margin=32768
[I][AlphaSave] NEWGAME_SAVE stage=free-space result=ok esp_err=ESP_OK errno=0 path=/sd stack_margin=32768
[I][AlphaSave] SAVE_TARGET save_slot=1 newest=0 accepted=0 slot=0 keep=1 sequence=5
[I][AlphaSave] NEWGAME_SAVE stage=gam-encode result=ok esp_err=ESP_OK errno=0 path=INIT.GAM stack_margin=32768
[I][AlphaSave] NEWGAME_SAVE stage=ool-encode result=ok esp_err=ESP_OK errno=0 path=INIT.OOL stack_margin=32768
[I][AlphaSave] NEWGAME_SAVE stage=json-encode result=ok esp_err=ESP_OK errno=0 path=sidecar stack_margin=32768
[I][AlphaSave] SD_HEAP operation=write-gam-temp state=gameplay-save free_internal=67108864 free_dma=67108864 largest_dma=67108864 largest_internal=67108864 requested_dma=512
[I][AlphaSave] NEWGAME_SAVE stage=write-gam-temp result=ok esp_err=ESP_OK errno=0 path=/sd/ultima5/saves/alpha1-s2-g0.gam.tmp stack_margin=32768
[I][AlphaSave] SD_HEAP operation=write-ool-temp state=gameplay-save free_internal=67108864 free_dma=67108864 largest_dma=67108864 largest_internal=67108864 requested_dma=512
[I][AlphaSave] NEWGAME_SAVE stage=write-ool-temp result=ok esp_err=ESP_OK errno=0 path=/sd/ultima5/saves/alpha1-s2-g0.ool.tmp stack_margin=32768
[I][AlphaSave] SD_HEAP operation=write-json-temp state=gameplay-save free_internal=67108864 free_dma=67108864 largest_dma=67108864 largest_internal=67108864 requested_dma=512
[I][AlphaSave] NEWGAME_SAVE stage=write-json-temp result=fail esp_err=ESP_FAIL errno=5 path=/sd/ultima5/saves/alpha1-s2-g0.json.tmp stack_margin=32768
[E][AlphaSave] slot 1 generation 0 save failed (errno=5); previous generation retained
[I][AlphaSave] save generation=5 save_slot=1 slot=0 time=2 ms json=369
[I][AlphaSave] SD_HEAP operation=dma-reserve-restored state=gameplay-save free_internal=67108864 free_dma=67108864 largest_dma=67108864 largest_internal=67108864 requested_dma=8192
[I][AlphaSave] SD_HEAP operation=release-reserved-dma state=load-slot free_internal=67108864 free_dma=67108864 largest_dma=67108864 largest_internal=67108864 requested_dma=8192
[I][AlphaSave] SD_HEAP operation=sd-window-open state=load-slot free_internal=67108864 free_dma=67108864 largest_dma=67108864 largest_internal=67108864 requested_dma=512
[I][AlphaSave] SAVE_SCRATCH psram_bytes=11888
[I][AlphaSave] load save_slot=1 slot=1 time=1 ms status=0
[I][AlphaSave] SD_HEAP operation=dma-reserve-restored state=load-slot free_internal=67108864 free_dma=67108864 largest_dma=67108864 largest_internal=67108864 requested_dma=8192
[I][AlphaSave] SD_HEAP operation=release-reserved-dma state=save-catalog free_internal=67108864 free_dma=67108864 largest_dma=67108864 largest_internal=67108864 requested_dma=8192
[I][AlphaSave] SD_HEAP operation=sd-window-open state=save-catalog free_internal=67108864 free_dma=67108864 largest_dma=67108864 largest_internal=67108864 requested_dma=512
[I][AlphaSave] SAVE_SCRATCH psram_bytes=11888
[I][AlphaSave] SAVE_CATALOG slot1=verified slot2=recovered slot3=verified staged=4 bytes=20235 commit_us=173 verify_us=1257 total_us=1436
[I][AlphaSave] SD_HEAP operation=dma-reserve-restored state=save-catalog free_internal=67108864 free_dma=67108864 largest_dma=67108864 largest_internal=67108864 requested_dma=8192
[I][AlphaSave] SD_HEAP operation=release-reserved-dma state=load-slot free_internal=67108864 free_dma=67108864 largest_dma=67108864 largest_internal=67108864 requested_dma=8192
[I][AlphaSave] SD_HEAP operation=sd-window-open state=load-slot free_internal=67108864 free_dma=67108864 largest_dma=67108864 largest_internal=67108864 requested_dma=512
[I][AlphaSave] SAVE_SCRATCH psram_bytes=11888
[I][AlphaSave] load save_slot=0 slot=1 time=1 ms status=0
[I][AlphaSave] SD_HEAP operation=dma-reserve-restored state=load-slot free_internal=67108864 free_dma=67108864 largest_dma=67108864 largest_internal=67108864 requested_dma=8192
[I][AlphaSave] SD_HEAP operation=release-reserved-dma state=load-slot free_internal=67108864 free_dma=67108864 largest_dma=67108864 largest_internal=67108864 requested_dma=8192
[I][AlphaSave] SD_HEAP operation=sd-window-open state=load-slot free_internal=67108864 free_dma=67108864 largest_dma=67108864 largest_internal=67108864 requested_dma=512
[I][AlphaSave] SAVE_SCRATCH psram_bytes=11888
[I][AlphaSave] load save_slot=2 slot=1 time=1 ms status=0
[I][AlphaSave] SD_HEAP operation=dma-reserve-restored state=load-slot free_internal=67108864 free_dma=67108864 largest_dma=67108864 largest_internal=67108864 requested_dma=8192
         D1: save=failed, slot 2 now recovered (shows seq 2), write-json-temp failed (errno 5)
  GREEN D1    the sidecar temp write fails: the save fails; Slot 2's previous save (B) is byte for byte and restores; the bad candidate is not listed; Slots 1 and 3 are byte for byte and restore their own
[I][AlphaSave] SD_HEAP operation=release-reserved-dma state=gameplay-save free_internal=67108864 free_dma=67108864 largest_dma=67108864 largest_internal=67108864 requested_dma=8192
[I][AlphaSave] SD_HEAP operation=sd-window-open state=gameplay-save free_internal=67108864 free_dma=67108864 largest_dma=67108864 largest_internal=67108864 requested_dma=512
[I][AlphaSave] NEWGAME_SAVE stage=create-root-directory result=ok esp_err=ESP_OK errno=0 path=/sd/ultima5 stack_margin=32768
[I][AlphaSave] NEWGAME_SAVE stage=create-save-directory result=ok esp_err=ESP_OK errno=0 path=/sd/ultima5/saves stack_margin=32768
[I][AlphaSave] SD_HEAP operation=free-space-before state=gameplay-save free_internal=67108864 free_dma=67108864 largest_dma=67108864 largest_internal=67108864 requested_dma=512
[I][AlphaSave] SD_HEAP operation=free-space-call-enter state=gameplay-save free_internal=67108864 free_dma=67108864 largest_dma=67108864 largest_internal=67108864 requested_dma=512
[I][AlphaSave] SD_HEAP operation=free-space-call-exit state=gameplay-save free_internal=67108864 free_dma=67108864 largest_dma=67108864 largest_internal=67108864 requested_dma=512
[I][AlphaSave] SD_HEAP operation=free-space-after state=gameplay-save free_internal=67108864 free_dma=67108864 largest_dma=67108864 largest_internal=67108864 requested_dma=512
[I][AlphaSave] SD_SPACE path=/sd api=esp_vfs_fat_info/f_getfree return=ESP_OK(0x0) errno=0 total_bytes=34359738368 free_bytes=8589934592 total_sectors=67108864 free_sectors=16777216 sector_bytes=512
[I][AlphaSave] NEWGAME_SAVE stage=free-space-query result=ok esp_err=ESP_OK errno=0 path=/sd stack_margin=32768
[I][AlphaSave] NEWGAME_SAVE stage=free-space result=ok esp_err=ESP_OK errno=0 path=/sd stack_margin=32768
[I][AlphaSave] SAVE_TARGET save_slot=1 newest=0 accepted=0 slot=0 keep=1 sequence=5
[I][AlphaSave] NEWGAME_SAVE stage=gam-encode result=ok esp_err=ESP_OK errno=0 path=INIT.GAM stack_margin=32768
[I][AlphaSave] NEWGAME_SAVE stage=ool-encode result=ok esp_err=ESP_OK errno=0 path=INIT.OOL stack_margin=32768
[I][AlphaSave] NEWGAME_SAVE stage=json-encode result=ok esp_err=ESP_OK errno=0 path=sidecar stack_margin=32768
[I][AlphaSave] SD_HEAP operation=write-gam-temp state=gameplay-save free_internal=67108864 free_dma=67108864 largest_dma=67108864 largest_internal=67108864 requested_dma=512
[I][AlphaSave] NEWGAME_SAVE stage=write-gam-temp result=ok esp_err=ESP_OK errno=0 path=/sd/ultima5/saves/alpha1-s2-g0.gam.tmp stack_margin=32768
[I][AlphaSave] SD_HEAP operation=write-ool-temp state=gameplay-save free_internal=67108864 free_dma=67108864 largest_dma=67108864 largest_internal=67108864 requested_dma=512
[I][AlphaSave] NEWGAME_SAVE stage=write-ool-temp result=ok esp_err=ESP_OK errno=0 path=/sd/ultima5/saves/alpha1-s2-g0.ool.tmp stack_margin=32768
[I][AlphaSave] SD_HEAP operation=write-json-temp state=gameplay-save free_internal=67108864 free_dma=67108864 largest_dma=67108864 largest_internal=67108864 requested_dma=512
[I][AlphaSave] NEWGAME_SAVE stage=write-json-temp result=ok esp_err=ESP_OK errno=0 path=/sd/ultima5/saves/alpha1-s2-g0.json.tmp stack_margin=32768
[I][AlphaSave] SD_HEAP operation=crc-readback state=gameplay-save free_internal=67108864 free_dma=67108864 largest_dma=67108864 largest_internal=67108864 requested_dma=512
[I][AlphaSave] NEWGAME_SAVE stage=crc-readback result=ok esp_err=ESP_OK errno=0 path=/sd/ultima5/saves stack_margin=32768
[I][AlphaSave] NEWGAME_SAVE stage=rename-gam result=ok esp_err=ESP_OK errno=0 path=/sd/ultima5/saves/alpha1-s2-g0.gam stack_margin=32768
[I][AlphaSave] NEWGAME_SAVE stage=rename-ool result=ok esp_err=ESP_OK errno=0 path=/sd/ultima5/saves/alpha1-s2-g0.ool stack_margin=32768
[I][AlphaSave] NEWGAME_SAVE stage=rename-json result=ok esp_err=ESP_OK errno=0 path=/sd/ultima5/saves/alpha1-s2-g0.json stack_margin=32768
[I][AlphaSave] NEWGAME_SAVE stage=write-commit-temp result=ok esp_err=ESP_OK errno=0 path=/sd/ultima5/saves/alpha1-s2-g0.commit.tmp stack_margin=32768
[I][AlphaSave] NEWGAME_SAVE stage=rename-commit result=ok esp_err=ESP_OK errno=0 path=/sd/ultima5/saves/alpha1-s2-g0.commit stack_margin=32768
[I][AlphaSave] NEWGAME_SAVE stage=semantic-validation result=ok esp_err=ESP_OK errno=0 path=/sd/ultima5/saves/alpha1-s2-g0.commit stack_margin=32768
[I][AlphaSave] NEWGAME_SAVE stage=generation-final result=ok esp_err=ESP_OK errno=0 path=/sd/ultima5/saves/alpha1-s2-g0.commit stack_margin=32768
[I][AlphaSave] save generation=5 save_slot=1 slot=0 time=4 ms json=369
[I][AlphaSave] SD_HEAP operation=dma-reserve-restored state=gameplay-save free_internal=67108864 free_dma=67108864 largest_dma=67108864 largest_internal=67108864 requested_dma=8192
[I][AlphaSave] SD_HEAP operation=release-reserved-dma state=load-slot free_internal=67108864 free_dma=67108864 largest_dma=67108864 largest_internal=67108864 requested_dma=8192
[I][AlphaSave] SD_HEAP operation=sd-window-open state=load-slot free_internal=67108864 free_dma=67108864 largest_dma=67108864 largest_internal=67108864 requested_dma=512
[I][AlphaSave] SAVE_SCRATCH psram_bytes=11888
[I][AlphaSave] load save_slot=1 slot=0 time=2 ms status=0
[I][AlphaSave] SD_HEAP operation=dma-reserve-restored state=load-slot free_internal=67108864 free_dma=67108864 largest_dma=67108864 largest_internal=67108864 requested_dma=8192
  GREEN D1r   the retry in the same session succeeds, and Slots 1 and 3 are still untouched
[I][AlphaSave] SD_HEAP operation=release-reserved-dma state=load-slot free_internal=67108864 free_dma=67108864 largest_dma=67108864 largest_internal=67108864 requested_dma=8192
[I][AlphaSave] SD_HEAP operation=sd-window-open state=load-slot free_internal=67108864 free_dma=67108864 largest_dma=67108864 largest_internal=67108864 requested_dma=512
[I][AlphaSave] SAVE_SCRATCH psram_bytes=11888
[I][AlphaSave] load save_slot=1 slot=1 time=2 ms status=0
[I][AlphaSave] SD_HEAP operation=dma-reserve-restored state=load-slot free_internal=67108864 free_dma=67108864 largest_dma=67108864 largest_internal=67108864 requested_dma=8192
[I][AlphaSave] SD_HEAP operation=release-reserved-dma state=gameplay-save free_internal=67108864 free_dma=67108864 largest_dma=67108864 largest_internal=67108864 requested_dma=8192
[I][AlphaSave] SD_HEAP operation=sd-window-open state=gameplay-save free_internal=67108864 free_dma=67108864 largest_dma=67108864 largest_internal=67108864 requested_dma=512
[I][AlphaSave] NEWGAME_SAVE stage=create-root-directory result=ok esp_err=ESP_OK errno=0 path=/sd/ultima5 stack_margin=32768
[I][AlphaSave] NEWGAME_SAVE stage=create-save-directory result=ok esp_err=ESP_OK errno=0 path=/sd/ultima5/saves stack_margin=32768
[I][AlphaSave] SD_HEAP operation=free-space-before state=gameplay-save free_internal=67108864 free_dma=67108864 largest_dma=67108864 largest_internal=67108864 requested_dma=512
[I][AlphaSave] SD_HEAP operation=free-space-call-enter state=gameplay-save free_internal=67108864 free_dma=67108864 largest_dma=67108864 largest_internal=67108864 requested_dma=512
[I][AlphaSave] SD_HEAP operation=free-space-call-exit state=gameplay-save free_internal=67108864 free_dma=67108864 largest_dma=67108864 largest_internal=67108864 requested_dma=512
[I][AlphaSave] SD_HEAP operation=free-space-after state=gameplay-save free_internal=67108864 free_dma=67108864 largest_dma=67108864 largest_internal=67108864 requested_dma=512
[I][AlphaSave] SD_SPACE path=/sd api=esp_vfs_fat_info/f_getfree return=ESP_OK(0x0) errno=0 total_bytes=34359738368 free_bytes=8589934592 total_sectors=67108864 free_sectors=16777216 sector_bytes=512
[I][AlphaSave] NEWGAME_SAVE stage=free-space-query result=ok esp_err=ESP_OK errno=0 path=/sd stack_margin=32768
[I][AlphaSave] NEWGAME_SAVE stage=free-space result=ok esp_err=ESP_OK errno=0 path=/sd stack_margin=32768
[I][AlphaSave] SAVE_TARGET save_slot=1 newest=0 accepted=0 slot=0 keep=1 sequence=5
[I][AlphaSave] NEWGAME_SAVE stage=gam-encode result=ok esp_err=ESP_OK errno=0 path=INIT.GAM stack_margin=32768
[I][AlphaSave] NEWGAME_SAVE stage=ool-encode result=ok esp_err=ESP_OK errno=0 path=INIT.OOL stack_margin=32768
[I][AlphaSave] NEWGAME_SAVE stage=json-encode result=ok esp_err=ESP_OK errno=0 path=sidecar stack_margin=32768
[I][AlphaSave] SD_HEAP operation=write-gam-temp state=gameplay-save free_internal=67108864 free_dma=67108864 largest_dma=67108864 largest_internal=67108864 requested_dma=512
[I][AlphaSave] NEWGAME_SAVE stage=write-gam-temp result=ok esp_err=ESP_OK errno=0 path=/sd/ultima5/saves/alpha1-s2-g0.gam.tmp stack_margin=32768
[I][AlphaSave] SD_HEAP operation=write-ool-temp state=gameplay-save free_internal=67108864 free_dma=67108864 largest_dma=67108864 largest_internal=67108864 requested_dma=512
[I][AlphaSave] NEWGAME_SAVE stage=write-ool-temp result=ok esp_err=ESP_OK errno=0 path=/sd/ultima5/saves/alpha1-s2-g0.ool.tmp stack_margin=32768
[I][AlphaSave] SD_HEAP operation=write-json-temp state=gameplay-save free_internal=67108864 free_dma=67108864 largest_dma=67108864 largest_internal=67108864 requested_dma=512
[I][AlphaSave] NEWGAME_SAVE stage=write-json-temp result=ok esp_err=ESP_OK errno=0 path=/sd/ultima5/saves/alpha1-s2-g0.json.tmp stack_margin=32768
[I][AlphaSave] SD_HEAP operation=crc-readback state=gameplay-save free_internal=67108864 free_dma=67108864 largest_dma=67108864 largest_internal=67108864 requested_dma=512
[I][AlphaSave] NEWGAME_SAVE stage=crc-readback result=fail esp_err=ESP_FAIL errno=2 path=/sd/ultima5/saves stack_margin=32768
[E][AlphaSave] slot 1 generation 0 save failed (errno=2); previous generation retained
[I][AlphaSave] save generation=5 save_slot=1 slot=0 time=3 ms json=369
[I][AlphaSave] SD_HEAP operation=dma-reserve-restored state=gameplay-save free_internal=67108864 free_dma=67108864 largest_dma=67108864 largest_internal=67108864 requested_dma=8192
[I][AlphaSave] SD_HEAP operation=release-reserved-dma state=load-slot free_internal=67108864 free_dma=67108864 largest_dma=67108864 largest_internal=67108864 requested_dma=8192
[I][AlphaSave] SD_HEAP operation=sd-window-open state=load-slot free_internal=67108864 free_dma=67108864 largest_dma=67108864 largest_internal=67108864 requested_dma=512
[I][AlphaSave] SAVE_SCRATCH psram_bytes=11888
[I][AlphaSave] load save_slot=1 slot=1 time=1 ms status=0
[I][AlphaSave] SD_HEAP operation=dma-reserve-restored state=load-slot free_internal=67108864 free_dma=67108864 largest_dma=67108864 largest_internal=67108864 requested_dma=8192
[I][AlphaSave] SD_HEAP operation=release-reserved-dma state=save-catalog free_internal=67108864 free_dma=67108864 largest_dma=67108864 largest_internal=67108864 requested_dma=8192
[I][AlphaSave] SD_HEAP operation=sd-window-open state=save-catalog free_internal=67108864 free_dma=67108864 largest_dma=67108864 largest_internal=67108864 requested_dma=512
[I][AlphaSave] SAVE_SCRATCH psram_bytes=11888
[I][AlphaSave] SAVE_CATALOG slot1=verified slot2=recovered slot3=verified staged=4 bytes=20235 commit_us=195 verify_us=1323 total_us=1527
[I][AlphaSave] SD_HEAP operation=dma-reserve-restored state=save-catalog free_internal=67108864 free_dma=67108864 largest_dma=67108864 largest_internal=67108864 requested_dma=8192
[I][AlphaSave] SD_HEAP operation=release-reserved-dma state=load-slot free_internal=67108864 free_dma=67108864 largest_dma=67108864 largest_internal=67108864 requested_dma=8192
[I][AlphaSave] SD_HEAP operation=sd-window-open state=load-slot free_internal=67108864 free_dma=67108864 largest_dma=67108864 largest_internal=67108864 requested_dma=512
[I][AlphaSave] SAVE_SCRATCH psram_bytes=11888
[I][AlphaSave] load save_slot=0 slot=1 time=1 ms status=0
[I][AlphaSave] SD_HEAP operation=dma-reserve-restored state=load-slot free_internal=67108864 free_dma=67108864 largest_dma=67108864 largest_internal=67108864 requested_dma=8192
[I][AlphaSave] SD_HEAP operation=release-reserved-dma state=load-slot free_internal=67108864 free_dma=67108864 largest_dma=67108864 largest_internal=67108864 requested_dma=8192
[I][AlphaSave] SD_HEAP operation=sd-window-open state=load-slot free_internal=67108864 free_dma=67108864 largest_dma=67108864 largest_internal=67108864 requested_dma=512
[I][AlphaSave] SAVE_SCRATCH psram_bytes=11888
[I][AlphaSave] load save_slot=2 slot=1 time=1 ms status=0
[I][AlphaSave] SD_HEAP operation=dma-reserve-restored state=load-slot free_internal=67108864 free_dma=67108864 largest_dma=67108864 largest_internal=67108864 requested_dma=8192
         D2: save=failed, slot 2 now recovered (shows seq 2), crc-readback failed (errno 2)
  GREEN D2    the CRC readback fails (short read of a temp): the save fails; Slot 2's previous save (B) is byte for byte and restores; the bad candidate is not listed; Slots 1 and 3 are byte for byte and restore their own
[I][AlphaSave] SD_HEAP operation=release-reserved-dma state=gameplay-save free_internal=67108864 free_dma=67108864 largest_dma=67108864 largest_internal=67108864 requested_dma=8192
[I][AlphaSave] SD_HEAP operation=sd-window-open state=gameplay-save free_internal=67108864 free_dma=67108864 largest_dma=67108864 largest_internal=67108864 requested_dma=512
[I][AlphaSave] NEWGAME_SAVE stage=create-root-directory result=ok esp_err=ESP_OK errno=0 path=/sd/ultima5 stack_margin=32768
[I][AlphaSave] NEWGAME_SAVE stage=create-save-directory result=ok esp_err=ESP_OK errno=0 path=/sd/ultima5/saves stack_margin=32768
[I][AlphaSave] SD_HEAP operation=free-space-before state=gameplay-save free_internal=67108864 free_dma=67108864 largest_dma=67108864 largest_internal=67108864 requested_dma=512
[I][AlphaSave] SD_HEAP operation=free-space-call-enter state=gameplay-save free_internal=67108864 free_dma=67108864 largest_dma=67108864 largest_internal=67108864 requested_dma=512
[I][AlphaSave] SD_HEAP operation=free-space-call-exit state=gameplay-save free_internal=67108864 free_dma=67108864 largest_dma=67108864 largest_internal=67108864 requested_dma=512
[I][AlphaSave] SD_HEAP operation=free-space-after state=gameplay-save free_internal=67108864 free_dma=67108864 largest_dma=67108864 largest_internal=67108864 requested_dma=512
[I][AlphaSave] SD_SPACE path=/sd api=esp_vfs_fat_info/f_getfree return=ESP_OK(0x0) errno=0 total_bytes=34359738368 free_bytes=8589934592 total_sectors=67108864 free_sectors=16777216 sector_bytes=512
[I][AlphaSave] NEWGAME_SAVE stage=free-space-query result=ok esp_err=ESP_OK errno=0 path=/sd stack_margin=32768
[I][AlphaSave] NEWGAME_SAVE stage=free-space result=ok esp_err=ESP_OK errno=0 path=/sd stack_margin=32768
[I][AlphaSave] SAVE_TARGET save_slot=1 newest=0 accepted=0 slot=0 keep=1 sequence=5
[I][AlphaSave] NEWGAME_SAVE stage=gam-encode result=ok esp_err=ESP_OK errno=0 path=INIT.GAM stack_margin=32768
[I][AlphaSave] NEWGAME_SAVE stage=ool-encode result=ok esp_err=ESP_OK errno=0 path=INIT.OOL stack_margin=32768
[I][AlphaSave] NEWGAME_SAVE stage=json-encode result=ok esp_err=ESP_OK errno=0 path=sidecar stack_margin=32768
[I][AlphaSave] SD_HEAP operation=write-gam-temp state=gameplay-save free_internal=67108864 free_dma=67108864 largest_dma=67108864 largest_internal=67108864 requested_dma=512
[I][AlphaSave] NEWGAME_SAVE stage=write-gam-temp result=ok esp_err=ESP_OK errno=0 path=/sd/ultima5/saves/alpha1-s2-g0.gam.tmp stack_margin=32768
[I][AlphaSave] SD_HEAP operation=write-ool-temp state=gameplay-save free_internal=67108864 free_dma=67108864 largest_dma=67108864 largest_internal=67108864 requested_dma=512
[I][AlphaSave] NEWGAME_SAVE stage=write-ool-temp result=ok esp_err=ESP_OK errno=0 path=/sd/ultima5/saves/alpha1-s2-g0.ool.tmp stack_margin=32768
[I][AlphaSave] SD_HEAP operation=write-json-temp state=gameplay-save free_internal=67108864 free_dma=67108864 largest_dma=67108864 largest_internal=67108864 requested_dma=512
[I][AlphaSave] NEWGAME_SAVE stage=write-json-temp result=ok esp_err=ESP_OK errno=0 path=/sd/ultima5/saves/alpha1-s2-g0.json.tmp stack_margin=32768
[I][AlphaSave] SD_HEAP operation=crc-readback state=gameplay-save free_internal=67108864 free_dma=67108864 largest_dma=67108864 largest_internal=67108864 requested_dma=512
[I][AlphaSave] NEWGAME_SAVE stage=crc-readback result=ok esp_err=ESP_OK errno=0 path=/sd/ultima5/saves stack_margin=32768
[I][AlphaSave] NEWGAME_SAVE stage=rename-gam result=ok esp_err=ESP_OK errno=0 path=/sd/ultima5/saves/alpha1-s2-g0.gam stack_margin=32768
[I][AlphaSave] NEWGAME_SAVE stage=rename-ool result=ok esp_err=ESP_OK errno=0 path=/sd/ultima5/saves/alpha1-s2-g0.ool stack_margin=32768
[I][AlphaSave] NEWGAME_SAVE stage=rename-json result=ok esp_err=ESP_OK errno=0 path=/sd/ultima5/saves/alpha1-s2-g0.json stack_margin=32768
[I][AlphaSave] NEWGAME_SAVE stage=write-commit-temp result=ok esp_err=ESP_OK errno=0 path=/sd/ultima5/saves/alpha1-s2-g0.commit.tmp stack_margin=32768
[I][AlphaSave] NEWGAME_SAVE stage=rename-commit result=ok esp_err=ESP_OK errno=0 path=/sd/ultima5/saves/alpha1-s2-g0.commit stack_margin=32768
[I][AlphaSave] NEWGAME_SAVE stage=semantic-validation result=ok esp_err=ESP_OK errno=0 path=/sd/ultima5/saves/alpha1-s2-g0.commit stack_margin=32768
[I][AlphaSave] NEWGAME_SAVE stage=generation-final result=ok esp_err=ESP_OK errno=0 path=/sd/ultima5/saves/alpha1-s2-g0.commit stack_margin=32768
[I][AlphaSave] save generation=5 save_slot=1 slot=0 time=9 ms json=369
[I][AlphaSave] SD_HEAP operation=dma-reserve-restored state=gameplay-save free_internal=67108864 free_dma=67108864 largest_dma=67108864 largest_internal=67108864 requested_dma=8192
[I][AlphaSave] SD_HEAP operation=release-reserved-dma state=load-slot free_internal=67108864 free_dma=67108864 largest_dma=67108864 largest_internal=67108864 requested_dma=8192
[I][AlphaSave] SD_HEAP operation=sd-window-open state=load-slot free_internal=67108864 free_dma=67108864 largest_dma=67108864 largest_internal=67108864 requested_dma=512
[I][AlphaSave] SAVE_SCRATCH psram_bytes=11888
[I][AlphaSave] load save_slot=1 slot=0 time=2 ms status=0
[I][AlphaSave] SD_HEAP operation=dma-reserve-restored state=load-slot free_internal=67108864 free_dma=67108864 largest_dma=67108864 largest_internal=67108864 requested_dma=8192
  GREEN D2r   the retry in the same session succeeds, and Slots 1 and 3 are still untouched
[I][AlphaSave] SD_HEAP operation=release-reserved-dma state=load-slot free_internal=67108864 free_dma=67108864 largest_dma=67108864 largest_internal=67108864 requested_dma=8192
[I][AlphaSave] SD_HEAP operation=sd-window-open state=load-slot free_internal=67108864 free_dma=67108864 largest_dma=67108864 largest_internal=67108864 requested_dma=512
[I][AlphaSave] SAVE_SCRATCH psram_bytes=11888
[I][AlphaSave] load save_slot=1 slot=1 time=2 ms status=0
[I][AlphaSave] SD_HEAP operation=dma-reserve-restored state=load-slot free_internal=67108864 free_dma=67108864 largest_dma=67108864 largest_internal=67108864 requested_dma=8192
[I][AlphaSave] SD_HEAP operation=release-reserved-dma state=gameplay-save free_internal=67108864 free_dma=67108864 largest_dma=67108864 largest_internal=67108864 requested_dma=8192
[I][AlphaSave] SD_HEAP operation=sd-window-open state=gameplay-save free_internal=67108864 free_dma=67108864 largest_dma=67108864 largest_internal=67108864 requested_dma=512
[I][AlphaSave] NEWGAME_SAVE stage=create-root-directory result=ok esp_err=ESP_OK errno=0 path=/sd/ultima5 stack_margin=32768
[I][AlphaSave] NEWGAME_SAVE stage=create-save-directory result=ok esp_err=ESP_OK errno=0 path=/sd/ultima5/saves stack_margin=32768
[I][AlphaSave] SD_HEAP operation=free-space-before state=gameplay-save free_internal=67108864 free_dma=67108864 largest_dma=67108864 largest_internal=67108864 requested_dma=512
[I][AlphaSave] SD_HEAP operation=free-space-call-enter state=gameplay-save free_internal=67108864 free_dma=67108864 largest_dma=67108864 largest_internal=67108864 requested_dma=512
[I][AlphaSave] SD_HEAP operation=free-space-call-exit state=gameplay-save free_internal=67108864 free_dma=67108864 largest_dma=67108864 largest_internal=67108864 requested_dma=512
[I][AlphaSave] SD_HEAP operation=free-space-after state=gameplay-save free_internal=67108864 free_dma=67108864 largest_dma=67108864 largest_internal=67108864 requested_dma=512
[I][AlphaSave] SD_SPACE path=/sd api=esp_vfs_fat_info/f_getfree return=ESP_OK(0x0) errno=0 total_bytes=34359738368 free_bytes=8589934592 total_sectors=67108864 free_sectors=16777216 sector_bytes=512
[I][AlphaSave] NEWGAME_SAVE stage=free-space-query result=ok esp_err=ESP_OK errno=0 path=/sd stack_margin=32768
[I][AlphaSave] NEWGAME_SAVE stage=free-space result=ok esp_err=ESP_OK errno=0 path=/sd stack_margin=32768
[I][AlphaSave] SAVE_TARGET save_slot=1 newest=0 accepted=0 slot=0 keep=1 sequence=5
[I][AlphaSave] NEWGAME_SAVE stage=gam-encode result=ok esp_err=ESP_OK errno=0 path=INIT.GAM stack_margin=32768
[I][AlphaSave] NEWGAME_SAVE stage=ool-encode result=ok esp_err=ESP_OK errno=0 path=INIT.OOL stack_margin=32768
[I][AlphaSave] NEWGAME_SAVE stage=json-encode result=ok esp_err=ESP_OK errno=0 path=sidecar stack_margin=32768
[I][AlphaSave] SD_HEAP operation=write-gam-temp state=gameplay-save free_internal=67108864 free_dma=67108864 largest_dma=67108864 largest_internal=67108864 requested_dma=512
[I][AlphaSave] NEWGAME_SAVE stage=write-gam-temp result=ok esp_err=ESP_OK errno=0 path=/sd/ultima5/saves/alpha1-s2-g0.gam.tmp stack_margin=32768
[I][AlphaSave] SD_HEAP operation=write-ool-temp state=gameplay-save free_internal=67108864 free_dma=67108864 largest_dma=67108864 largest_internal=67108864 requested_dma=512
[I][AlphaSave] NEWGAME_SAVE stage=write-ool-temp result=ok esp_err=ESP_OK errno=0 path=/sd/ultima5/saves/alpha1-s2-g0.ool.tmp stack_margin=32768
[I][AlphaSave] SD_HEAP operation=write-json-temp state=gameplay-save free_internal=67108864 free_dma=67108864 largest_dma=67108864 largest_internal=67108864 requested_dma=512
[I][AlphaSave] NEWGAME_SAVE stage=write-json-temp result=ok esp_err=ESP_OK errno=0 path=/sd/ultima5/saves/alpha1-s2-g0.json.tmp stack_margin=32768
[I][AlphaSave] SD_HEAP operation=crc-readback state=gameplay-save free_internal=67108864 free_dma=67108864 largest_dma=67108864 largest_internal=67108864 requested_dma=512
[I][AlphaSave] NEWGAME_SAVE stage=crc-readback result=ok esp_err=ESP_OK errno=0 path=/sd/ultima5/saves stack_margin=32768
[I][AlphaSave] NEWGAME_SAVE stage=rename-gam result=fail esp_err=ESP_FAIL errno=5 path=/sd/ultima5/saves/alpha1-s2-g0.gam stack_margin=32768
[E][AlphaSave] slot 1 generation 0 save failed (errno=5); previous generation retained
[I][AlphaSave] save generation=5 save_slot=1 slot=0 time=3 ms json=369
[I][AlphaSave] SD_HEAP operation=dma-reserve-restored state=gameplay-save free_internal=67108864 free_dma=67108864 largest_dma=67108864 largest_internal=67108864 requested_dma=8192
[I][AlphaSave] SD_HEAP operation=release-reserved-dma state=load-slot free_internal=67108864 free_dma=67108864 largest_dma=67108864 largest_internal=67108864 requested_dma=8192
[I][AlphaSave] SD_HEAP operation=sd-window-open state=load-slot free_internal=67108864 free_dma=67108864 largest_dma=67108864 largest_internal=67108864 requested_dma=512
[I][AlphaSave] SAVE_SCRATCH psram_bytes=11888
[I][AlphaSave] load save_slot=1 slot=1 time=1 ms status=0
[I][AlphaSave] SD_HEAP operation=dma-reserve-restored state=load-slot free_internal=67108864 free_dma=67108864 largest_dma=67108864 largest_internal=67108864 requested_dma=8192
[I][AlphaSave] SD_HEAP operation=release-reserved-dma state=save-catalog free_internal=67108864 free_dma=67108864 largest_dma=67108864 largest_internal=67108864 requested_dma=8192
[I][AlphaSave] SD_HEAP operation=sd-window-open state=save-catalog free_internal=67108864 free_dma=67108864 largest_dma=67108864 largest_internal=67108864 requested_dma=512
[I][AlphaSave] SAVE_SCRATCH psram_bytes=11888
[I][AlphaSave] SAVE_CATALOG slot1=verified slot2=recovered slot3=verified staged=4 bytes=15347 commit_us=165 verify_us=1190 total_us=1377
[I][AlphaSave] SD_HEAP operation=dma-reserve-restored state=save-catalog free_internal=67108864 free_dma=67108864 largest_dma=67108864 largest_internal=67108864 requested_dma=8192
[I][AlphaSave] SD_HEAP operation=release-reserved-dma state=load-slot free_internal=67108864 free_dma=67108864 largest_dma=67108864 largest_internal=67108864 requested_dma=8192
[I][AlphaSave] SD_HEAP operation=sd-window-open state=load-slot free_internal=67108864 free_dma=67108864 largest_dma=67108864 largest_internal=67108864 requested_dma=512
[I][AlphaSave] SAVE_SCRATCH psram_bytes=11888
[I][AlphaSave] load save_slot=0 slot=1 time=1 ms status=0
[I][AlphaSave] SD_HEAP operation=dma-reserve-restored state=load-slot free_internal=67108864 free_dma=67108864 largest_dma=67108864 largest_internal=67108864 requested_dma=8192
[I][AlphaSave] SD_HEAP operation=release-reserved-dma state=load-slot free_internal=67108864 free_dma=67108864 largest_dma=67108864 largest_internal=67108864 requested_dma=8192
[I][AlphaSave] SD_HEAP operation=sd-window-open state=load-slot free_internal=67108864 free_dma=67108864 largest_dma=67108864 largest_internal=67108864 requested_dma=512
[I][AlphaSave] SAVE_SCRATCH psram_bytes=11888
[I][AlphaSave] load save_slot=2 slot=1 time=1 ms status=0
[I][AlphaSave] SD_HEAP operation=dma-reserve-restored state=load-slot free_internal=67108864 free_dma=67108864 largest_dma=67108864 largest_internal=67108864 requested_dma=8192
         D3: save=failed, slot 2 now recovered (shows seq 2), rename-gam failed (errno 5)
  GREEN D3    the first rename (gam) fails: the save fails; Slot 2's previous save (B) is byte for byte and restores; the bad candidate is not listed; Slots 1 and 3 are byte for byte and restore their own
[I][AlphaSave] SD_HEAP operation=release-reserved-dma state=gameplay-save free_internal=67108864 free_dma=67108864 largest_dma=67108864 largest_internal=67108864 requested_dma=8192
[I][AlphaSave] SD_HEAP operation=sd-window-open state=gameplay-save free_internal=67108864 free_dma=67108864 largest_dma=67108864 largest_internal=67108864 requested_dma=512
[I][AlphaSave] NEWGAME_SAVE stage=create-root-directory result=ok esp_err=ESP_OK errno=0 path=/sd/ultima5 stack_margin=32768
[I][AlphaSave] NEWGAME_SAVE stage=create-save-directory result=ok esp_err=ESP_OK errno=0 path=/sd/ultima5/saves stack_margin=32768
[I][AlphaSave] SD_HEAP operation=free-space-before state=gameplay-save free_internal=67108864 free_dma=67108864 largest_dma=67108864 largest_internal=67108864 requested_dma=512
[I][AlphaSave] SD_HEAP operation=free-space-call-enter state=gameplay-save free_internal=67108864 free_dma=67108864 largest_dma=67108864 largest_internal=67108864 requested_dma=512
[I][AlphaSave] SD_HEAP operation=free-space-call-exit state=gameplay-save free_internal=67108864 free_dma=67108864 largest_dma=67108864 largest_internal=67108864 requested_dma=512
[I][AlphaSave] SD_HEAP operation=free-space-after state=gameplay-save free_internal=67108864 free_dma=67108864 largest_dma=67108864 largest_internal=67108864 requested_dma=512
[I][AlphaSave] SD_SPACE path=/sd api=esp_vfs_fat_info/f_getfree return=ESP_OK(0x0) errno=0 total_bytes=34359738368 free_bytes=8589934592 total_sectors=67108864 free_sectors=16777216 sector_bytes=512
[I][AlphaSave] NEWGAME_SAVE stage=free-space-query result=ok esp_err=ESP_OK errno=0 path=/sd stack_margin=32768
[I][AlphaSave] NEWGAME_SAVE stage=free-space result=ok esp_err=ESP_OK errno=0 path=/sd stack_margin=32768
[I][AlphaSave] SAVE_TARGET save_slot=1 newest=0 accepted=0 slot=0 keep=1 sequence=5
[I][AlphaSave] NEWGAME_SAVE stage=gam-encode result=ok esp_err=ESP_OK errno=0 path=INIT.GAM stack_margin=32768
[I][AlphaSave] NEWGAME_SAVE stage=ool-encode result=ok esp_err=ESP_OK errno=0 path=INIT.OOL stack_margin=32768
[I][AlphaSave] NEWGAME_SAVE stage=json-encode result=ok esp_err=ESP_OK errno=0 path=sidecar stack_margin=32768
[I][AlphaSave] SD_HEAP operation=write-gam-temp state=gameplay-save free_internal=67108864 free_dma=67108864 largest_dma=67108864 largest_internal=67108864 requested_dma=512
[I][AlphaSave] NEWGAME_SAVE stage=write-gam-temp result=ok esp_err=ESP_OK errno=0 path=/sd/ultima5/saves/alpha1-s2-g0.gam.tmp stack_margin=32768
[I][AlphaSave] SD_HEAP operation=write-ool-temp state=gameplay-save free_internal=67108864 free_dma=67108864 largest_dma=67108864 largest_internal=67108864 requested_dma=512
[I][AlphaSave] NEWGAME_SAVE stage=write-ool-temp result=ok esp_err=ESP_OK errno=0 path=/sd/ultima5/saves/alpha1-s2-g0.ool.tmp stack_margin=32768
[I][AlphaSave] SD_HEAP operation=write-json-temp state=gameplay-save free_internal=67108864 free_dma=67108864 largest_dma=67108864 largest_internal=67108864 requested_dma=512
[I][AlphaSave] NEWGAME_SAVE stage=write-json-temp result=ok esp_err=ESP_OK errno=0 path=/sd/ultima5/saves/alpha1-s2-g0.json.tmp stack_margin=32768
[I][AlphaSave] SD_HEAP operation=crc-readback state=gameplay-save free_internal=67108864 free_dma=67108864 largest_dma=67108864 largest_internal=67108864 requested_dma=512
[I][AlphaSave] NEWGAME_SAVE stage=crc-readback result=ok esp_err=ESP_OK errno=0 path=/sd/ultima5/saves stack_margin=32768
[I][AlphaSave] NEWGAME_SAVE stage=rename-gam result=ok esp_err=ESP_OK errno=0 path=/sd/ultima5/saves/alpha1-s2-g0.gam stack_margin=32768
[I][AlphaSave] NEWGAME_SAVE stage=rename-ool result=ok esp_err=ESP_OK errno=0 path=/sd/ultima5/saves/alpha1-s2-g0.ool stack_margin=32768
[I][AlphaSave] NEWGAME_SAVE stage=rename-json result=ok esp_err=ESP_OK errno=0 path=/sd/ultima5/saves/alpha1-s2-g0.json stack_margin=32768
[I][AlphaSave] NEWGAME_SAVE stage=write-commit-temp result=ok esp_err=ESP_OK errno=0 path=/sd/ultima5/saves/alpha1-s2-g0.commit.tmp stack_margin=32768
[I][AlphaSave] NEWGAME_SAVE stage=rename-commit result=ok esp_err=ESP_OK errno=0 path=/sd/ultima5/saves/alpha1-s2-g0.commit stack_margin=32768
[I][AlphaSave] NEWGAME_SAVE stage=semantic-validation result=ok esp_err=ESP_OK errno=0 path=/sd/ultima5/saves/alpha1-s2-g0.commit stack_margin=32768
[I][AlphaSave] NEWGAME_SAVE stage=generation-final result=ok esp_err=ESP_OK errno=0 path=/sd/ultima5/saves/alpha1-s2-g0.commit stack_margin=32768
[I][AlphaSave] save generation=5 save_slot=1 slot=0 time=9 ms json=369
[I][AlphaSave] SD_HEAP operation=dma-reserve-restored state=gameplay-save free_internal=67108864 free_dma=67108864 largest_dma=67108864 largest_internal=67108864 requested_dma=8192
[I][AlphaSave] SD_HEAP operation=release-reserved-dma state=load-slot free_internal=67108864 free_dma=67108864 largest_dma=67108864 largest_internal=67108864 requested_dma=8192
[I][AlphaSave] SD_HEAP operation=sd-window-open state=load-slot free_internal=67108864 free_dma=67108864 largest_dma=67108864 largest_internal=67108864 requested_dma=512
[I][AlphaSave] SAVE_SCRATCH psram_bytes=11888
[I][AlphaSave] load save_slot=1 slot=0 time=2 ms status=0
[I][AlphaSave] SD_HEAP operation=dma-reserve-restored state=load-slot free_internal=67108864 free_dma=67108864 largest_dma=67108864 largest_internal=67108864 requested_dma=8192
  GREEN D3r   the retry in the same session succeeds, and Slots 1 and 3 are still untouched
[I][AlphaSave] SD_HEAP operation=release-reserved-dma state=load-slot free_internal=67108864 free_dma=67108864 largest_dma=67108864 largest_internal=67108864 requested_dma=8192
[I][AlphaSave] SD_HEAP operation=sd-window-open state=load-slot free_internal=67108864 free_dma=67108864 largest_dma=67108864 largest_internal=67108864 requested_dma=512
[I][AlphaSave] SAVE_SCRATCH psram_bytes=11888
[I][AlphaSave] load save_slot=1 slot=1 time=1 ms status=0
[I][AlphaSave] SD_HEAP operation=dma-reserve-restored state=load-slot free_internal=67108864 free_dma=67108864 largest_dma=67108864 largest_internal=67108864 requested_dma=8192
[I][AlphaSave] SD_HEAP operation=release-reserved-dma state=gameplay-save free_internal=67108864 free_dma=67108864 largest_dma=67108864 largest_internal=67108864 requested_dma=8192
[I][AlphaSave] SD_HEAP operation=sd-window-open state=gameplay-save free_internal=67108864 free_dma=67108864 largest_dma=67108864 largest_internal=67108864 requested_dma=512
[I][AlphaSave] NEWGAME_SAVE stage=create-root-directory result=ok esp_err=ESP_OK errno=0 path=/sd/ultima5 stack_margin=32768
[I][AlphaSave] NEWGAME_SAVE stage=create-save-directory result=ok esp_err=ESP_OK errno=0 path=/sd/ultima5/saves stack_margin=32768
[I][AlphaSave] SD_HEAP operation=free-space-before state=gameplay-save free_internal=67108864 free_dma=67108864 largest_dma=67108864 largest_internal=67108864 requested_dma=512
[I][AlphaSave] SD_HEAP operation=free-space-call-enter state=gameplay-save free_internal=67108864 free_dma=67108864 largest_dma=67108864 largest_internal=67108864 requested_dma=512
[I][AlphaSave] SD_HEAP operation=free-space-call-exit state=gameplay-save free_internal=67108864 free_dma=67108864 largest_dma=67108864 largest_internal=67108864 requested_dma=512
[I][AlphaSave] SD_HEAP operation=free-space-after state=gameplay-save free_internal=67108864 free_dma=67108864 largest_dma=67108864 largest_internal=67108864 requested_dma=512
[I][AlphaSave] SD_SPACE path=/sd api=esp_vfs_fat_info/f_getfree return=ESP_OK(0x0) errno=0 total_bytes=34359738368 free_bytes=8589934592 total_sectors=67108864 free_sectors=16777216 sector_bytes=512
[I][AlphaSave] NEWGAME_SAVE stage=free-space-query result=ok esp_err=ESP_OK errno=0 path=/sd stack_margin=32768
[I][AlphaSave] NEWGAME_SAVE stage=free-space result=ok esp_err=ESP_OK errno=0 path=/sd stack_margin=32768
[I][AlphaSave] SAVE_TARGET save_slot=1 newest=0 accepted=0 slot=0 keep=1 sequence=5
[I][AlphaSave] NEWGAME_SAVE stage=gam-encode result=ok esp_err=ESP_OK errno=0 path=INIT.GAM stack_margin=32768
[I][AlphaSave] NEWGAME_SAVE stage=ool-encode result=ok esp_err=ESP_OK errno=0 path=INIT.OOL stack_margin=32768
[I][AlphaSave] NEWGAME_SAVE stage=json-encode result=ok esp_err=ESP_OK errno=0 path=sidecar stack_margin=32768
[I][AlphaSave] SD_HEAP operation=write-gam-temp state=gameplay-save free_internal=67108864 free_dma=67108864 largest_dma=67108864 largest_internal=67108864 requested_dma=512
[I][AlphaSave] NEWGAME_SAVE stage=write-gam-temp result=ok esp_err=ESP_OK errno=0 path=/sd/ultima5/saves/alpha1-s2-g0.gam.tmp stack_margin=32768
[I][AlphaSave] SD_HEAP operation=write-ool-temp state=gameplay-save free_internal=67108864 free_dma=67108864 largest_dma=67108864 largest_internal=67108864 requested_dma=512
[I][AlphaSave] NEWGAME_SAVE stage=write-ool-temp result=ok esp_err=ESP_OK errno=0 path=/sd/ultima5/saves/alpha1-s2-g0.ool.tmp stack_margin=32768
[I][AlphaSave] SD_HEAP operation=write-json-temp state=gameplay-save free_internal=67108864 free_dma=67108864 largest_dma=67108864 largest_internal=67108864 requested_dma=512
[I][AlphaSave] NEWGAME_SAVE stage=write-json-temp result=ok esp_err=ESP_OK errno=0 path=/sd/ultima5/saves/alpha1-s2-g0.json.tmp stack_margin=32768
[I][AlphaSave] SD_HEAP operation=crc-readback state=gameplay-save free_internal=67108864 free_dma=67108864 largest_dma=67108864 largest_internal=67108864 requested_dma=512
[I][AlphaSave] NEWGAME_SAVE stage=crc-readback result=ok esp_err=ESP_OK errno=0 path=/sd/ultima5/saves stack_margin=32768
[I][AlphaSave] NEWGAME_SAVE stage=rename-gam result=ok esp_err=ESP_OK errno=0 path=/sd/ultima5/saves/alpha1-s2-g0.gam stack_margin=32768
[I][AlphaSave] NEWGAME_SAVE stage=rename-ool result=ok esp_err=ESP_OK errno=0 path=/sd/ultima5/saves/alpha1-s2-g0.ool stack_margin=32768
[I][AlphaSave] NEWGAME_SAVE stage=rename-json result=fail esp_err=ESP_FAIL errno=5 path=/sd/ultima5/saves/alpha1-s2-g0.json stack_margin=32768
[E][AlphaSave] slot 1 generation 0 save failed (errno=5); previous generation retained
[I][AlphaSave] save generation=5 save_slot=1 slot=0 time=7 ms json=369
[I][AlphaSave] SD_HEAP operation=dma-reserve-restored state=gameplay-save free_internal=67108864 free_dma=67108864 largest_dma=67108864 largest_internal=67108864 requested_dma=8192
[I][AlphaSave] SD_HEAP operation=release-reserved-dma state=load-slot free_internal=67108864 free_dma=67108864 largest_dma=67108864 largest_internal=67108864 requested_dma=8192
[I][AlphaSave] SD_HEAP operation=sd-window-open state=load-slot free_internal=67108864 free_dma=67108864 largest_dma=67108864 largest_internal=67108864 requested_dma=512
[I][AlphaSave] SAVE_SCRATCH psram_bytes=11888
[I][AlphaSave] load save_slot=1 slot=1 time=1 ms status=0
[I][AlphaSave] SD_HEAP operation=dma-reserve-restored state=load-slot free_internal=67108864 free_dma=67108864 largest_dma=67108864 largest_internal=67108864 requested_dma=8192
[I][AlphaSave] SD_HEAP operation=release-reserved-dma state=save-catalog free_internal=67108864 free_dma=67108864 largest_dma=67108864 largest_internal=67108864 requested_dma=8192
[I][AlphaSave] SD_HEAP operation=sd-window-open state=save-catalog free_internal=67108864 free_dma=67108864 largest_dma=67108864 largest_internal=67108864 requested_dma=512
[I][AlphaSave] SAVE_SCRATCH psram_bytes=11888
[I][AlphaSave] SAVE_CATALOG slot1=verified slot2=recovered slot3=verified staged=4 bytes=20051 commit_us=174 verify_us=1234 total_us=1414
[I][AlphaSave] SD_HEAP operation=dma-reserve-restored state=save-catalog free_internal=67108864 free_dma=67108864 largest_dma=67108864 largest_internal=67108864 requested_dma=8192
[I][AlphaSave] SD_HEAP operation=release-reserved-dma state=load-slot free_internal=67108864 free_dma=67108864 largest_dma=67108864 largest_internal=67108864 requested_dma=8192
[I][AlphaSave] SD_HEAP operation=sd-window-open state=load-slot free_internal=67108864 free_dma=67108864 largest_dma=67108864 largest_internal=67108864 requested_dma=512
[I][AlphaSave] SAVE_SCRATCH psram_bytes=11888
[I][AlphaSave] load save_slot=0 slot=1 time=1 ms status=0
[I][AlphaSave] SD_HEAP operation=dma-reserve-restored state=load-slot free_internal=67108864 free_dma=67108864 largest_dma=67108864 largest_internal=67108864 requested_dma=8192
[I][AlphaSave] SD_HEAP operation=release-reserved-dma state=load-slot free_internal=67108864 free_dma=67108864 largest_dma=67108864 largest_internal=67108864 requested_dma=8192
[I][AlphaSave] SD_HEAP operation=sd-window-open state=load-slot free_internal=67108864 free_dma=67108864 largest_dma=67108864 largest_internal=67108864 requested_dma=512
[I][AlphaSave] SAVE_SCRATCH psram_bytes=11888
[I][AlphaSave] load save_slot=2 slot=1 time=1 ms status=0
[I][AlphaSave] SD_HEAP operation=dma-reserve-restored state=load-slot free_internal=67108864 free_dma=67108864 largest_dma=67108864 largest_internal=67108864 requested_dma=8192
         D4: save=failed, slot 2 now recovered (shows seq 2), rename-json failed (errno 5)
  GREEN D4    the sidecar rename fails (gam, ool already replaced): the save fails; Slot 2's previous save (B) is byte for byte and restores; the bad candidate is not listed; Slots 1 and 3 are byte for byte and restore their own
[I][AlphaSave] SD_HEAP operation=release-reserved-dma state=gameplay-save free_internal=67108864 free_dma=67108864 largest_dma=67108864 largest_internal=67108864 requested_dma=8192
[I][AlphaSave] SD_HEAP operation=sd-window-open state=gameplay-save free_internal=67108864 free_dma=67108864 largest_dma=67108864 largest_internal=67108864 requested_dma=512
[I][AlphaSave] NEWGAME_SAVE stage=create-root-directory result=ok esp_err=ESP_OK errno=0 path=/sd/ultima5 stack_margin=32768
[I][AlphaSave] NEWGAME_SAVE stage=create-save-directory result=ok esp_err=ESP_OK errno=0 path=/sd/ultima5/saves stack_margin=32768
[I][AlphaSave] SD_HEAP operation=free-space-before state=gameplay-save free_internal=67108864 free_dma=67108864 largest_dma=67108864 largest_internal=67108864 requested_dma=512
[I][AlphaSave] SD_HEAP operation=free-space-call-enter state=gameplay-save free_internal=67108864 free_dma=67108864 largest_dma=67108864 largest_internal=67108864 requested_dma=512
[I][AlphaSave] SD_HEAP operation=free-space-call-exit state=gameplay-save free_internal=67108864 free_dma=67108864 largest_dma=67108864 largest_internal=67108864 requested_dma=512
[I][AlphaSave] SD_HEAP operation=free-space-after state=gameplay-save free_internal=67108864 free_dma=67108864 largest_dma=67108864 largest_internal=67108864 requested_dma=512
[I][AlphaSave] SD_SPACE path=/sd api=esp_vfs_fat_info/f_getfree return=ESP_OK(0x0) errno=0 total_bytes=34359738368 free_bytes=8589934592 total_sectors=67108864 free_sectors=16777216 sector_bytes=512
[I][AlphaSave] NEWGAME_SAVE stage=free-space-query result=ok esp_err=ESP_OK errno=0 path=/sd stack_margin=32768
[I][AlphaSave] NEWGAME_SAVE stage=free-space result=ok esp_err=ESP_OK errno=0 path=/sd stack_margin=32768
[I][AlphaSave] SAVE_TARGET save_slot=1 newest=0 accepted=0 slot=0 keep=1 sequence=5
[I][AlphaSave] NEWGAME_SAVE stage=gam-encode result=ok esp_err=ESP_OK errno=0 path=INIT.GAM stack_margin=32768
[I][AlphaSave] NEWGAME_SAVE stage=ool-encode result=ok esp_err=ESP_OK errno=0 path=INIT.OOL stack_margin=32768
[I][AlphaSave] NEWGAME_SAVE stage=json-encode result=ok esp_err=ESP_OK errno=0 path=sidecar stack_margin=32768
[I][AlphaSave] SD_HEAP operation=write-gam-temp state=gameplay-save free_internal=67108864 free_dma=67108864 largest_dma=67108864 largest_internal=67108864 requested_dma=512
[I][AlphaSave] NEWGAME_SAVE stage=write-gam-temp result=ok esp_err=ESP_OK errno=0 path=/sd/ultima5/saves/alpha1-s2-g0.gam.tmp stack_margin=32768
[I][AlphaSave] SD_HEAP operation=write-ool-temp state=gameplay-save free_internal=67108864 free_dma=67108864 largest_dma=67108864 largest_internal=67108864 requested_dma=512
[I][AlphaSave] NEWGAME_SAVE stage=write-ool-temp result=ok esp_err=ESP_OK errno=0 path=/sd/ultima5/saves/alpha1-s2-g0.ool.tmp stack_margin=32768
[I][AlphaSave] SD_HEAP operation=write-json-temp state=gameplay-save free_internal=67108864 free_dma=67108864 largest_dma=67108864 largest_internal=67108864 requested_dma=512
[I][AlphaSave] NEWGAME_SAVE stage=write-json-temp result=ok esp_err=ESP_OK errno=0 path=/sd/ultima5/saves/alpha1-s2-g0.json.tmp stack_margin=32768
[I][AlphaSave] SD_HEAP operation=crc-readback state=gameplay-save free_internal=67108864 free_dma=67108864 largest_dma=67108864 largest_internal=67108864 requested_dma=512
[I][AlphaSave] NEWGAME_SAVE stage=crc-readback result=ok esp_err=ESP_OK errno=0 path=/sd/ultima5/saves stack_margin=32768
[I][AlphaSave] NEWGAME_SAVE stage=rename-gam result=ok esp_err=ESP_OK errno=0 path=/sd/ultima5/saves/alpha1-s2-g0.gam stack_margin=32768
[I][AlphaSave] NEWGAME_SAVE stage=rename-ool result=ok esp_err=ESP_OK errno=0 path=/sd/ultima5/saves/alpha1-s2-g0.ool stack_margin=32768
[I][AlphaSave] NEWGAME_SAVE stage=rename-json result=ok esp_err=ESP_OK errno=0 path=/sd/ultima5/saves/alpha1-s2-g0.json stack_margin=32768
[I][AlphaSave] NEWGAME_SAVE stage=write-commit-temp result=ok esp_err=ESP_OK errno=0 path=/sd/ultima5/saves/alpha1-s2-g0.commit.tmp stack_margin=32768
[I][AlphaSave] NEWGAME_SAVE stage=rename-commit result=ok esp_err=ESP_OK errno=0 path=/sd/ultima5/saves/alpha1-s2-g0.commit stack_margin=32768
[I][AlphaSave] NEWGAME_SAVE stage=semantic-validation result=ok esp_err=ESP_OK errno=0 path=/sd/ultima5/saves/alpha1-s2-g0.commit stack_margin=32768
[I][AlphaSave] NEWGAME_SAVE stage=generation-final result=ok esp_err=ESP_OK errno=0 path=/sd/ultima5/saves/alpha1-s2-g0.commit stack_margin=32768
[I][AlphaSave] save generation=5 save_slot=1 slot=0 time=5 ms json=369
[I][AlphaSave] SD_HEAP operation=dma-reserve-restored state=gameplay-save free_internal=67108864 free_dma=67108864 largest_dma=67108864 largest_internal=67108864 requested_dma=8192
[I][AlphaSave] SD_HEAP operation=release-reserved-dma state=load-slot free_internal=67108864 free_dma=67108864 largest_dma=67108864 largest_internal=67108864 requested_dma=8192
[I][AlphaSave] SD_HEAP operation=sd-window-open state=load-slot free_internal=67108864 free_dma=67108864 largest_dma=67108864 largest_internal=67108864 requested_dma=512
[I][AlphaSave] SAVE_SCRATCH psram_bytes=11888
[I][AlphaSave] load save_slot=1 slot=0 time=2 ms status=0
[I][AlphaSave] SD_HEAP operation=dma-reserve-restored state=load-slot free_internal=67108864 free_dma=67108864 largest_dma=67108864 largest_internal=67108864 requested_dma=8192
  GREEN D4r   the retry in the same session succeeds, and Slots 1 and 3 are still untouched
[I][AlphaSave] SD_HEAP operation=release-reserved-dma state=load-slot free_internal=67108864 free_dma=67108864 largest_dma=67108864 largest_internal=67108864 requested_dma=8192
[I][AlphaSave] SD_HEAP operation=sd-window-open state=load-slot free_internal=67108864 free_dma=67108864 largest_dma=67108864 largest_internal=67108864 requested_dma=512
[I][AlphaSave] SAVE_SCRATCH psram_bytes=11888
[I][AlphaSave] load save_slot=1 slot=1 time=1 ms status=0
[I][AlphaSave] SD_HEAP operation=dma-reserve-restored state=load-slot free_internal=67108864 free_dma=67108864 largest_dma=67108864 largest_internal=67108864 requested_dma=8192
[I][AlphaSave] SD_HEAP operation=release-reserved-dma state=gameplay-save free_internal=67108864 free_dma=67108864 largest_dma=67108864 largest_internal=67108864 requested_dma=8192
[I][AlphaSave] SD_HEAP operation=sd-window-open state=gameplay-save free_internal=67108864 free_dma=67108864 largest_dma=67108864 largest_internal=67108864 requested_dma=512
[I][AlphaSave] NEWGAME_SAVE stage=create-root-directory result=ok esp_err=ESP_OK errno=0 path=/sd/ultima5 stack_margin=32768
[I][AlphaSave] NEWGAME_SAVE stage=create-save-directory result=ok esp_err=ESP_OK errno=0 path=/sd/ultima5/saves stack_margin=32768
[I][AlphaSave] SD_HEAP operation=free-space-before state=gameplay-save free_internal=67108864 free_dma=67108864 largest_dma=67108864 largest_internal=67108864 requested_dma=512
[I][AlphaSave] SD_HEAP operation=free-space-call-enter state=gameplay-save free_internal=67108864 free_dma=67108864 largest_dma=67108864 largest_internal=67108864 requested_dma=512
[I][AlphaSave] SD_HEAP operation=free-space-call-exit state=gameplay-save free_internal=67108864 free_dma=67108864 largest_dma=67108864 largest_internal=67108864 requested_dma=512
[I][AlphaSave] SD_HEAP operation=free-space-after state=gameplay-save free_internal=67108864 free_dma=67108864 largest_dma=67108864 largest_internal=67108864 requested_dma=512
[I][AlphaSave] SD_SPACE path=/sd api=esp_vfs_fat_info/f_getfree return=ESP_OK(0x0) errno=0 total_bytes=34359738368 free_bytes=8589934592 total_sectors=67108864 free_sectors=16777216 sector_bytes=512
[I][AlphaSave] NEWGAME_SAVE stage=free-space-query result=ok esp_err=ESP_OK errno=0 path=/sd stack_margin=32768
[I][AlphaSave] NEWGAME_SAVE stage=free-space result=ok esp_err=ESP_OK errno=0 path=/sd stack_margin=32768
[I][AlphaSave] SAVE_TARGET save_slot=1 newest=0 accepted=0 slot=0 keep=1 sequence=5
[I][AlphaSave] NEWGAME_SAVE stage=gam-encode result=ok esp_err=ESP_OK errno=0 path=INIT.GAM stack_margin=32768
[I][AlphaSave] NEWGAME_SAVE stage=ool-encode result=ok esp_err=ESP_OK errno=0 path=INIT.OOL stack_margin=32768
[I][AlphaSave] NEWGAME_SAVE stage=json-encode result=ok esp_err=ESP_OK errno=0 path=sidecar stack_margin=32768
[I][AlphaSave] SD_HEAP operation=write-gam-temp state=gameplay-save free_internal=67108864 free_dma=67108864 largest_dma=67108864 largest_internal=67108864 requested_dma=512
[I][AlphaSave] NEWGAME_SAVE stage=write-gam-temp result=ok esp_err=ESP_OK errno=0 path=/sd/ultima5/saves/alpha1-s2-g0.gam.tmp stack_margin=32768
[I][AlphaSave] SD_HEAP operation=write-ool-temp state=gameplay-save free_internal=67108864 free_dma=67108864 largest_dma=67108864 largest_internal=67108864 requested_dma=512
[I][AlphaSave] NEWGAME_SAVE stage=write-ool-temp result=ok esp_err=ESP_OK errno=0 path=/sd/ultima5/saves/alpha1-s2-g0.ool.tmp stack_margin=32768
[I][AlphaSave] SD_HEAP operation=write-json-temp state=gameplay-save free_internal=67108864 free_dma=67108864 largest_dma=67108864 largest_internal=67108864 requested_dma=512
[I][AlphaSave] NEWGAME_SAVE stage=write-json-temp result=ok esp_err=ESP_OK errno=0 path=/sd/ultima5/saves/alpha1-s2-g0.json.tmp stack_margin=32768
[I][AlphaSave] SD_HEAP operation=crc-readback state=gameplay-save free_internal=67108864 free_dma=67108864 largest_dma=67108864 largest_internal=67108864 requested_dma=512
[I][AlphaSave] NEWGAME_SAVE stage=crc-readback result=ok esp_err=ESP_OK errno=0 path=/sd/ultima5/saves stack_margin=32768
[I][AlphaSave] NEWGAME_SAVE stage=rename-gam result=ok esp_err=ESP_OK errno=0 path=/sd/ultima5/saves/alpha1-s2-g0.gam stack_margin=32768
[I][AlphaSave] NEWGAME_SAVE stage=rename-ool result=ok esp_err=ESP_OK errno=0 path=/sd/ultima5/saves/alpha1-s2-g0.ool stack_margin=32768
[I][AlphaSave] NEWGAME_SAVE stage=rename-json result=ok esp_err=ESP_OK errno=0 path=/sd/ultima5/saves/alpha1-s2-g0.json stack_margin=32768
[I][AlphaSave] NEWGAME_SAVE stage=write-commit-temp result=ok esp_err=ESP_OK errno=0 path=/sd/ultima5/saves/alpha1-s2-g0.commit.tmp stack_margin=32768
[I][AlphaSave] NEWGAME_SAVE stage=rename-commit result=fail esp_err=ESP_FAIL errno=5 path=/sd/ultima5/saves/alpha1-s2-g0.commit stack_margin=32768
[E][AlphaSave] slot 1 generation 0 save failed (errno=5); previous generation retained
[I][AlphaSave] save generation=5 save_slot=1 slot=0 time=4 ms json=369
[I][AlphaSave] SD_HEAP operation=dma-reserve-restored state=gameplay-save free_internal=67108864 free_dma=67108864 largest_dma=67108864 largest_internal=67108864 requested_dma=8192
[I][AlphaSave] SD_HEAP operation=release-reserved-dma state=load-slot free_internal=67108864 free_dma=67108864 largest_dma=67108864 largest_internal=67108864 requested_dma=8192
[I][AlphaSave] SD_HEAP operation=sd-window-open state=load-slot free_internal=67108864 free_dma=67108864 largest_dma=67108864 largest_internal=67108864 requested_dma=512
[I][AlphaSave] SAVE_SCRATCH psram_bytes=11888
[I][AlphaSave] load save_slot=1 slot=1 time=1 ms status=0
[I][AlphaSave] SD_HEAP operation=dma-reserve-restored state=load-slot free_internal=67108864 free_dma=67108864 largest_dma=67108864 largest_internal=67108864 requested_dma=8192
[I][AlphaSave] SD_HEAP operation=release-reserved-dma state=save-catalog free_internal=67108864 free_dma=67108864 largest_dma=67108864 largest_internal=67108864 requested_dma=8192
[I][AlphaSave] SD_HEAP operation=sd-window-open state=save-catalog free_internal=67108864 free_dma=67108864 largest_dma=67108864 largest_internal=67108864 requested_dma=512
[I][AlphaSave] SAVE_SCRATCH psram_bytes=11888
[I][AlphaSave] SAVE_CATALOG slot1=verified slot2=verified slot3=verified staged=3 bytes=15315 commit_us=154 verify_us=1218 total_us=1379
[I][AlphaSave] SD_HEAP operation=dma-reserve-restored state=save-catalog free_internal=67108864 free_dma=67108864 largest_dma=67108864 largest_internal=67108864 requested_dma=8192
[I][AlphaSave] SD_HEAP operation=release-reserved-dma state=load-slot free_internal=67108864 free_dma=67108864 largest_dma=67108864 largest_internal=67108864 requested_dma=8192
[I][AlphaSave] SD_HEAP operation=sd-window-open state=load-slot free_internal=67108864 free_dma=67108864 largest_dma=67108864 largest_internal=67108864 requested_dma=512
[I][AlphaSave] SAVE_SCRATCH psram_bytes=11888
[I][AlphaSave] load save_slot=0 slot=1 time=1 ms status=0
[I][AlphaSave] SD_HEAP operation=dma-reserve-restored state=load-slot free_internal=67108864 free_dma=67108864 largest_dma=67108864 largest_internal=67108864 requested_dma=8192
[I][AlphaSave] SD_HEAP operation=release-reserved-dma state=load-slot free_internal=67108864 free_dma=67108864 largest_dma=67108864 largest_internal=67108864 requested_dma=8192
[I][AlphaSave] SD_HEAP operation=sd-window-open state=load-slot free_internal=67108864 free_dma=67108864 largest_dma=67108864 largest_internal=67108864 requested_dma=512
[I][AlphaSave] SAVE_SCRATCH psram_bytes=11888
[I][AlphaSave] load save_slot=2 slot=1 time=1 ms status=0
[I][AlphaSave] SD_HEAP operation=dma-reserve-restored state=load-slot free_internal=67108864 free_dma=67108864 largest_dma=67108864 largest_internal=67108864 requested_dma=8192
         D5: save=failed, slot 2 now saved (shows seq 2), rename-commit failed (errno 5)
  GREEN D5    the commit rename fails (all three files replaced): the save fails; Slot 2's previous save (B) is byte for byte and restores; the bad candidate is not listed; Slots 1 and 3 are byte for byte and restore their own
[I][AlphaSave] SD_HEAP operation=release-reserved-dma state=gameplay-save free_internal=67108864 free_dma=67108864 largest_dma=67108864 largest_internal=67108864 requested_dma=8192
[I][AlphaSave] SD_HEAP operation=sd-window-open state=gameplay-save free_internal=67108864 free_dma=67108864 largest_dma=67108864 largest_internal=67108864 requested_dma=512
[I][AlphaSave] NEWGAME_SAVE stage=create-root-directory result=ok esp_err=ESP_OK errno=0 path=/sd/ultima5 stack_margin=32768
[I][AlphaSave] NEWGAME_SAVE stage=create-save-directory result=ok esp_err=ESP_OK errno=0 path=/sd/ultima5/saves stack_margin=32768
[I][AlphaSave] SD_HEAP operation=free-space-before state=gameplay-save free_internal=67108864 free_dma=67108864 largest_dma=67108864 largest_internal=67108864 requested_dma=512
[I][AlphaSave] SD_HEAP operation=free-space-call-enter state=gameplay-save free_internal=67108864 free_dma=67108864 largest_dma=67108864 largest_internal=67108864 requested_dma=512
[I][AlphaSave] SD_HEAP operation=free-space-call-exit state=gameplay-save free_internal=67108864 free_dma=67108864 largest_dma=67108864 largest_internal=67108864 requested_dma=512
[I][AlphaSave] SD_HEAP operation=free-space-after state=gameplay-save free_internal=67108864 free_dma=67108864 largest_dma=67108864 largest_internal=67108864 requested_dma=512
[I][AlphaSave] SD_SPACE path=/sd api=esp_vfs_fat_info/f_getfree return=ESP_OK(0x0) errno=0 total_bytes=34359738368 free_bytes=8589934592 total_sectors=67108864 free_sectors=16777216 sector_bytes=512
[I][AlphaSave] NEWGAME_SAVE stage=free-space-query result=ok esp_err=ESP_OK errno=0 path=/sd stack_margin=32768
[I][AlphaSave] NEWGAME_SAVE stage=free-space result=ok esp_err=ESP_OK errno=0 path=/sd stack_margin=32768
[I][AlphaSave] SAVE_TARGET save_slot=1 newest=1 accepted=1 slot=0 keep=1 sequence=4
[I][AlphaSave] NEWGAME_SAVE stage=gam-encode result=ok esp_err=ESP_OK errno=0 path=INIT.GAM stack_margin=32768
[I][AlphaSave] NEWGAME_SAVE stage=ool-encode result=ok esp_err=ESP_OK errno=0 path=INIT.OOL stack_margin=32768
[I][AlphaSave] NEWGAME_SAVE stage=json-encode result=ok esp_err=ESP_OK errno=0 path=sidecar stack_margin=32768
[I][AlphaSave] SD_HEAP operation=write-gam-temp state=gameplay-save free_internal=67108864 free_dma=67108864 largest_dma=67108864 largest_internal=67108864 requested_dma=512
[I][AlphaSave] NEWGAME_SAVE stage=write-gam-temp result=ok esp_err=ESP_OK errno=0 path=/sd/ultima5/saves/alpha1-s2-g0.gam.tmp stack_margin=32768
[I][AlphaSave] SD_HEAP operation=write-ool-temp state=gameplay-save free_internal=67108864 free_dma=67108864 largest_dma=67108864 largest_internal=67108864 requested_dma=512
[I][AlphaSave] NEWGAME_SAVE stage=write-ool-temp result=ok esp_err=ESP_OK errno=0 path=/sd/ultima5/saves/alpha1-s2-g0.ool.tmp stack_margin=32768
[I][AlphaSave] SD_HEAP operation=write-json-temp state=gameplay-save free_internal=67108864 free_dma=67108864 largest_dma=67108864 largest_internal=67108864 requested_dma=512
[I][AlphaSave] NEWGAME_SAVE stage=write-json-temp result=ok esp_err=ESP_OK errno=0 path=/sd/ultima5/saves/alpha1-s2-g0.json.tmp stack_margin=32768
[I][AlphaSave] SD_HEAP operation=crc-readback state=gameplay-save free_internal=67108864 free_dma=67108864 largest_dma=67108864 largest_internal=67108864 requested_dma=512
[I][AlphaSave] NEWGAME_SAVE stage=crc-readback result=ok esp_err=ESP_OK errno=0 path=/sd/ultima5/saves stack_margin=32768
[I][AlphaSave] NEWGAME_SAVE stage=rename-gam result=ok esp_err=ESP_OK errno=0 path=/sd/ultima5/saves/alpha1-s2-g0.gam stack_margin=32768
[I][AlphaSave] NEWGAME_SAVE stage=rename-ool result=ok esp_err=ESP_OK errno=0 path=/sd/ultima5/saves/alpha1-s2-g0.ool stack_margin=32768
[I][AlphaSave] NEWGAME_SAVE stage=rename-json result=ok esp_err=ESP_OK errno=0 path=/sd/ultima5/saves/alpha1-s2-g0.json stack_margin=32768
[I][AlphaSave] NEWGAME_SAVE stage=write-commit-temp result=ok esp_err=ESP_OK errno=0 path=/sd/ultima5/saves/alpha1-s2-g0.commit.tmp stack_margin=32768
[I][AlphaSave] NEWGAME_SAVE stage=rename-commit result=ok esp_err=ESP_OK errno=0 path=/sd/ultima5/saves/alpha1-s2-g0.commit stack_margin=32768
[I][AlphaSave] NEWGAME_SAVE stage=semantic-validation result=ok esp_err=ESP_OK errno=0 path=/sd/ultima5/saves/alpha1-s2-g0.commit stack_margin=32768
[I][AlphaSave] NEWGAME_SAVE stage=generation-final result=ok esp_err=ESP_OK errno=0 path=/sd/ultima5/saves/alpha1-s2-g0.commit stack_margin=32768
[I][AlphaSave] save generation=4 save_slot=1 slot=0 time=5 ms json=369
[I][AlphaSave] SD_HEAP operation=dma-reserve-restored state=gameplay-save free_internal=67108864 free_dma=67108864 largest_dma=67108864 largest_internal=67108864 requested_dma=8192
[I][AlphaSave] SD_HEAP operation=release-reserved-dma state=load-slot free_internal=67108864 free_dma=67108864 largest_dma=67108864 largest_internal=67108864 requested_dma=8192
[I][AlphaSave] SD_HEAP operation=sd-window-open state=load-slot free_internal=67108864 free_dma=67108864 largest_dma=67108864 largest_internal=67108864 requested_dma=512
[I][AlphaSave] SAVE_SCRATCH psram_bytes=11888
[I][AlphaSave] load save_slot=1 slot=0 time=2 ms status=0
[I][AlphaSave] SD_HEAP operation=dma-reserve-restored state=load-slot free_internal=67108864 free_dma=67108864 largest_dma=67108864 largest_internal=67108864 requested_dma=8192
  GREEN D5r   the retry in the same session succeeds, and Slots 1 and 3 are still untouched
[I][AlphaSave] SD_HEAP operation=release-reserved-dma state=load-slot free_internal=67108864 free_dma=67108864 largest_dma=67108864 largest_internal=67108864 requested_dma=8192
[I][AlphaSave] SD_HEAP operation=sd-window-open state=load-slot free_internal=67108864 free_dma=67108864 largest_dma=67108864 largest_internal=67108864 requested_dma=512
[I][AlphaSave] SAVE_SCRATCH psram_bytes=11888
[I][AlphaSave] load save_slot=1 slot=1 time=2 ms status=0
[I][AlphaSave] SD_HEAP operation=dma-reserve-restored state=load-slot free_internal=67108864 free_dma=67108864 largest_dma=67108864 largest_internal=67108864 requested_dma=8192
[I][AlphaSave] SD_HEAP operation=release-reserved-dma state=gameplay-save free_internal=67108864 free_dma=67108864 largest_dma=67108864 largest_internal=67108864 requested_dma=8192
[I][AlphaSave] SD_HEAP operation=sd-window-open state=gameplay-save free_internal=67108864 free_dma=67108864 largest_dma=67108864 largest_internal=67108864 requested_dma=512
[I][AlphaSave] NEWGAME_SAVE stage=create-root-directory result=ok esp_err=ESP_OK errno=0 path=/sd/ultima5 stack_margin=32768
[I][AlphaSave] NEWGAME_SAVE stage=create-save-directory result=ok esp_err=ESP_OK errno=0 path=/sd/ultima5/saves stack_margin=32768
[I][AlphaSave] SD_HEAP operation=free-space-before state=gameplay-save free_internal=67108864 free_dma=67108864 largest_dma=67108864 largest_internal=67108864 requested_dma=512
[I][AlphaSave] SD_HEAP operation=free-space-call-enter state=gameplay-save free_internal=67108864 free_dma=67108864 largest_dma=67108864 largest_internal=67108864 requested_dma=512
[I][AlphaSave] SD_HEAP operation=free-space-call-exit state=gameplay-save free_internal=67108864 free_dma=67108864 largest_dma=67108864 largest_internal=67108864 requested_dma=512
[I][AlphaSave] SD_HEAP operation=free-space-after state=gameplay-save free_internal=67108864 free_dma=67108864 largest_dma=67108864 largest_internal=67108864 requested_dma=512
[I][AlphaSave] SD_SPACE path=/sd api=esp_vfs_fat_info/f_getfree return=ESP_OK(0x0) errno=0 total_bytes=34359738368 free_bytes=8589934592 total_sectors=67108864 free_sectors=16777216 sector_bytes=512
[I][AlphaSave] NEWGAME_SAVE stage=free-space-query result=ok esp_err=ESP_OK errno=0 path=/sd stack_margin=32768
[I][AlphaSave] NEWGAME_SAVE stage=free-space result=ok esp_err=ESP_OK errno=0 path=/sd stack_margin=32768
[I][AlphaSave] SAVE_TARGET save_slot=1 newest=0 accepted=0 slot=0 keep=1 sequence=5
[I][AlphaSave] NEWGAME_SAVE stage=gam-encode result=ok esp_err=ESP_OK errno=0 path=INIT.GAM stack_margin=32768
[I][AlphaSave] NEWGAME_SAVE stage=ool-encode result=ok esp_err=ESP_OK errno=0 path=INIT.OOL stack_margin=32768
[I][AlphaSave] NEWGAME_SAVE stage=json-encode result=ok esp_err=ESP_OK errno=0 path=sidecar stack_margin=32768
[I][AlphaSave] SD_HEAP operation=write-gam-temp state=gameplay-save free_internal=67108864 free_dma=67108864 largest_dma=67108864 largest_internal=67108864 requested_dma=512
[I][AlphaSave] NEWGAME_SAVE stage=write-gam-temp result=ok esp_err=ESP_OK errno=0 path=/sd/ultima5/saves/alpha1-s2-g0.gam.tmp stack_margin=32768
[I][AlphaSave] SD_HEAP operation=write-ool-temp state=gameplay-save free_internal=67108864 free_dma=67108864 largest_dma=67108864 largest_internal=67108864 requested_dma=512
[I][AlphaSave] NEWGAME_SAVE stage=write-ool-temp result=ok esp_err=ESP_OK errno=0 path=/sd/ultima5/saves/alpha1-s2-g0.ool.tmp stack_margin=32768
[I][AlphaSave] SD_HEAP operation=write-json-temp state=gameplay-save free_internal=67108864 free_dma=67108864 largest_dma=67108864 largest_internal=67108864 requested_dma=512
[I][AlphaSave] NEWGAME_SAVE stage=write-json-temp result=ok esp_err=ESP_OK errno=0 path=/sd/ultima5/saves/alpha1-s2-g0.json.tmp stack_margin=32768
[I][AlphaSave] SD_HEAP operation=crc-readback state=gameplay-save free_internal=67108864 free_dma=67108864 largest_dma=67108864 largest_internal=67108864 requested_dma=512
[I][AlphaSave] NEWGAME_SAVE stage=crc-readback result=ok esp_err=ESP_OK errno=0 path=/sd/ultima5/saves stack_margin=32768
[I][AlphaSave] NEWGAME_SAVE stage=rename-gam result=ok esp_err=ESP_OK errno=0 path=/sd/ultima5/saves/alpha1-s2-g0.gam stack_margin=32768
[I][AlphaSave] NEWGAME_SAVE stage=rename-ool result=ok esp_err=ESP_OK errno=0 path=/sd/ultima5/saves/alpha1-s2-g0.ool stack_margin=32768
[I][AlphaSave] NEWGAME_SAVE stage=rename-json result=ok esp_err=ESP_OK errno=0 path=/sd/ultima5/saves/alpha1-s2-g0.json stack_margin=32768
[I][AlphaSave] NEWGAME_SAVE stage=write-commit-temp result=ok esp_err=ESP_OK errno=0 path=/sd/ultima5/saves/alpha1-s2-g0.commit.tmp stack_margin=32768
[I][AlphaSave] NEWGAME_SAVE stage=rename-commit result=ok esp_err=ESP_OK errno=0 path=/sd/ultima5/saves/alpha1-s2-g0.commit stack_margin=32768
[I][AlphaSave] NEWGAME_SAVE stage=semantic-validation result=fail esp_err=ESP_FAIL errno=2 path=/sd/ultima5/saves/alpha1-s2-g0.commit stack_margin=32768
[E][AlphaSave] slot 1 generation 0 save failed (errno=2); previous generation retained
[I][AlphaSave] save generation=5 save_slot=1 slot=0 time=7 ms json=369
[I][AlphaSave] SD_HEAP operation=dma-reserve-restored state=gameplay-save free_internal=67108864 free_dma=67108864 largest_dma=67108864 largest_internal=67108864 requested_dma=8192
[I][AlphaSave] SD_HEAP operation=release-reserved-dma state=load-slot free_internal=67108864 free_dma=67108864 largest_dma=67108864 largest_internal=67108864 requested_dma=8192
[I][AlphaSave] SD_HEAP operation=sd-window-open state=load-slot free_internal=67108864 free_dma=67108864 largest_dma=67108864 largest_internal=67108864 requested_dma=512
[I][AlphaSave] SAVE_SCRATCH psram_bytes=11888
[I][AlphaSave] load save_slot=1 slot=0 time=2 ms status=0
[I][AlphaSave] SD_HEAP operation=dma-reserve-restored state=load-slot free_internal=67108864 free_dma=67108864 largest_dma=67108864 largest_internal=67108864 requested_dma=8192
[I][AlphaSave] SD_HEAP operation=release-reserved-dma state=save-catalog free_internal=67108864 free_dma=67108864 largest_dma=67108864 largest_internal=67108864 requested_dma=8192
[I][AlphaSave] SD_HEAP operation=sd-window-open state=save-catalog free_internal=67108864 free_dma=67108864 largest_dma=67108864 largest_internal=67108864 requested_dma=512
[I][AlphaSave] SAVE_SCRATCH psram_bytes=11888
[I][AlphaSave] SAVE_CATALOG slot1=verified slot2=verified slot3=verified staged=3 bytes=15347 commit_us=278 verify_us=1271 total_us=1557
[I][AlphaSave] SD_HEAP operation=dma-reserve-restored state=save-catalog free_internal=67108864 free_dma=67108864 largest_dma=67108864 largest_internal=67108864 requested_dma=8192
[I][AlphaSave] SD_HEAP operation=release-reserved-dma state=load-slot free_internal=67108864 free_dma=67108864 largest_dma=67108864 largest_internal=67108864 requested_dma=8192
[I][AlphaSave] SD_HEAP operation=sd-window-open state=load-slot free_internal=67108864 free_dma=67108864 largest_dma=67108864 largest_internal=67108864 requested_dma=512
[I][AlphaSave] SAVE_SCRATCH psram_bytes=11888
[I][AlphaSave] load save_slot=0 slot=1 time=1 ms status=0
[I][AlphaSave] SD_HEAP operation=dma-reserve-restored state=load-slot free_internal=67108864 free_dma=67108864 largest_dma=67108864 largest_internal=67108864 requested_dma=8192
[I][AlphaSave] SD_HEAP operation=release-reserved-dma state=load-slot free_internal=67108864 free_dma=67108864 largest_dma=67108864 largest_internal=67108864 requested_dma=8192
[I][AlphaSave] SD_HEAP operation=sd-window-open state=load-slot free_internal=67108864 free_dma=67108864 largest_dma=67108864 largest_internal=67108864 requested_dma=512
[I][AlphaSave] SAVE_SCRATCH psram_bytes=11888
[I][AlphaSave] load save_slot=2 slot=1 time=1 ms status=0
[I][AlphaSave] SD_HEAP operation=dma-reserve-restored state=load-slot free_internal=67108864 free_dma=67108864 largest_dma=67108864 largest_internal=67108864 requested_dma=8192
         D6: save=failed, slot 2 now saved (shows seq 5), semantic-validation failed (errno 2)
  GREEN D6    the post-write self-check fails after the commit: the save fails; Slot 2's previous save (B) is byte for byte and restores; the bad candidate is not listed; Slots 1 and 3 are byte for byte and restore their own
[I][AlphaSave] SD_HEAP operation=release-reserved-dma state=gameplay-save free_internal=67108864 free_dma=67108864 largest_dma=67108864 largest_internal=67108864 requested_dma=8192
[I][AlphaSave] SD_HEAP operation=sd-window-open state=gameplay-save free_internal=67108864 free_dma=67108864 largest_dma=67108864 largest_internal=67108864 requested_dma=512
[I][AlphaSave] NEWGAME_SAVE stage=create-root-directory result=ok esp_err=ESP_OK errno=0 path=/sd/ultima5 stack_margin=32768
[I][AlphaSave] NEWGAME_SAVE stage=create-save-directory result=ok esp_err=ESP_OK errno=0 path=/sd/ultima5/saves stack_margin=32768
[I][AlphaSave] SD_HEAP operation=free-space-before state=gameplay-save free_internal=67108864 free_dma=67108864 largest_dma=67108864 largest_internal=67108864 requested_dma=512
[I][AlphaSave] SD_HEAP operation=free-space-call-enter state=gameplay-save free_internal=67108864 free_dma=67108864 largest_dma=67108864 largest_internal=67108864 requested_dma=512
[I][AlphaSave] SD_HEAP operation=free-space-call-exit state=gameplay-save free_internal=67108864 free_dma=67108864 largest_dma=67108864 largest_internal=67108864 requested_dma=512
[I][AlphaSave] SD_HEAP operation=free-space-after state=gameplay-save free_internal=67108864 free_dma=67108864 largest_dma=67108864 largest_internal=67108864 requested_dma=512
[I][AlphaSave] SD_SPACE path=/sd api=esp_vfs_fat_info/f_getfree return=ESP_OK(0x0) errno=0 total_bytes=34359738368 free_bytes=8589934592 total_sectors=67108864 free_sectors=16777216 sector_bytes=512
[I][AlphaSave] NEWGAME_SAVE stage=free-space-query result=ok esp_err=ESP_OK errno=0 path=/sd stack_margin=32768
[I][AlphaSave] NEWGAME_SAVE stage=free-space result=ok esp_err=ESP_OK errno=0 path=/sd stack_margin=32768
[I][AlphaSave] SAVE_TARGET save_slot=1 newest=0 accepted=1 slot=1 keep=0 sequence=6
[I][AlphaSave] NEWGAME_SAVE stage=gam-encode result=ok esp_err=ESP_OK errno=0 path=INIT.GAM stack_margin=32768
[I][AlphaSave] NEWGAME_SAVE stage=ool-encode result=ok esp_err=ESP_OK errno=0 path=INIT.OOL stack_margin=32768
[I][AlphaSave] NEWGAME_SAVE stage=json-encode result=ok esp_err=ESP_OK errno=0 path=sidecar stack_margin=32768
[I][AlphaSave] SD_HEAP operation=write-gam-temp state=gameplay-save free_internal=67108864 free_dma=67108864 largest_dma=67108864 largest_internal=67108864 requested_dma=512
[I][AlphaSave] NEWGAME_SAVE stage=write-gam-temp result=ok esp_err=ESP_OK errno=0 path=/sd/ultima5/saves/alpha1-s2-g1.gam.tmp stack_margin=32768
[I][AlphaSave] SD_HEAP operation=write-ool-temp state=gameplay-save free_internal=67108864 free_dma=67108864 largest_dma=67108864 largest_internal=67108864 requested_dma=512
[I][AlphaSave] NEWGAME_SAVE stage=write-ool-temp result=ok esp_err=ESP_OK errno=0 path=/sd/ultima5/saves/alpha1-s2-g1.ool.tmp stack_margin=32768
[I][AlphaSave] SD_HEAP operation=write-json-temp state=gameplay-save free_internal=67108864 free_dma=67108864 largest_dma=67108864 largest_internal=67108864 requested_dma=512
[I][AlphaSave] NEWGAME_SAVE stage=write-json-temp result=ok esp_err=ESP_OK errno=0 path=/sd/ultima5/saves/alpha1-s2-g1.json.tmp stack_margin=32768
[I][AlphaSave] SD_HEAP operation=crc-readback state=gameplay-save free_internal=67108864 free_dma=67108864 largest_dma=67108864 largest_internal=67108864 requested_dma=512
[I][AlphaSave] NEWGAME_SAVE stage=crc-readback result=ok esp_err=ESP_OK errno=0 path=/sd/ultima5/saves stack_margin=32768
[I][AlphaSave] NEWGAME_SAVE stage=rename-gam result=ok esp_err=ESP_OK errno=0 path=/sd/ultima5/saves/alpha1-s2-g1.gam stack_margin=32768
[I][AlphaSave] NEWGAME_SAVE stage=rename-ool result=ok esp_err=ESP_OK errno=0 path=/sd/ultima5/saves/alpha1-s2-g1.ool stack_margin=32768
[I][AlphaSave] NEWGAME_SAVE stage=rename-json result=ok esp_err=ESP_OK errno=0 path=/sd/ultima5/saves/alpha1-s2-g1.json stack_margin=32768
[I][AlphaSave] NEWGAME_SAVE stage=write-commit-temp result=ok esp_err=ESP_OK errno=0 path=/sd/ultima5/saves/alpha1-s2-g1.commit.tmp stack_margin=32768
[I][AlphaSave] NEWGAME_SAVE stage=rename-commit result=ok esp_err=ESP_OK errno=0 path=/sd/ultima5/saves/alpha1-s2-g1.commit stack_margin=32768
[I][AlphaSave] NEWGAME_SAVE stage=semantic-validation result=ok esp_err=ESP_OK errno=0 path=/sd/ultima5/saves/alpha1-s2-g1.commit stack_margin=32768
[I][AlphaSave] NEWGAME_SAVE stage=generation-final result=ok esp_err=ESP_OK errno=0 path=/sd/ultima5/saves/alpha1-s2-g1.commit stack_margin=32768
[I][AlphaSave] save generation=6 save_slot=1 slot=1 time=11 ms json=369
[I][AlphaSave] SD_HEAP operation=dma-reserve-restored state=gameplay-save free_internal=67108864 free_dma=67108864 largest_dma=67108864 largest_internal=67108864 requested_dma=8192
[I][AlphaSave] SD_HEAP operation=release-reserved-dma state=load-slot free_internal=67108864 free_dma=67108864 largest_dma=67108864 largest_internal=67108864 requested_dma=8192
[I][AlphaSave] SD_HEAP operation=sd-window-open state=load-slot free_internal=67108864 free_dma=67108864 largest_dma=67108864 largest_internal=67108864 requested_dma=512
[I][AlphaSave] SAVE_SCRATCH psram_bytes=11888
[I][AlphaSave] load save_slot=1 slot=1 time=2 ms status=0
[I][AlphaSave] SD_HEAP operation=dma-reserve-restored state=load-slot free_internal=67108864 free_dma=67108864 largest_dma=67108864 largest_internal=67108864 requested_dma=8192
  GREEN D6r   the retry in the same session succeeds, and Slots 1 and 3 are still untouched
[I][AlphaSave] SD_HEAP operation=release-reserved-dma state=gameplay-save free_internal=67108864 free_dma=67108864 largest_dma=67108864 largest_internal=67108864 requested_dma=8192
[I][AlphaSave] SD_HEAP operation=sd-window-open state=gameplay-save free_internal=67108864 free_dma=67108864 largest_dma=67108864 largest_internal=67108864 requested_dma=512
[I][AlphaSave] SAVE_SCRATCH psram_bytes=11888
[I][AlphaSave] NEWGAME_SAVE stage=create-root-directory result=ok esp_err=ESP_OK errno=0 path=/sd/ultima5 stack_margin=32768
[I][AlphaSave] NEWGAME_SAVE stage=create-save-directory result=ok esp_err=ESP_OK errno=0 path=/sd/ultima5/saves stack_margin=32768
[I][AlphaSave] SD_HEAP operation=free-space-before state=gameplay-save free_internal=67108864 free_dma=67108864 largest_dma=67108864 largest_internal=67108864 requested_dma=512
[I][AlphaSave] SD_HEAP operation=free-space-call-enter state=gameplay-save free_internal=67108864 free_dma=67108864 largest_dma=67108864 largest_internal=67108864 requested_dma=512
[I][AlphaSave] SD_HEAP operation=free-space-call-exit state=gameplay-save free_internal=67108864 free_dma=67108864 largest_dma=67108864 largest_internal=67108864 requested_dma=512
[I][AlphaSave] SD_HEAP operation=free-space-after state=gameplay-save free_internal=67108864 free_dma=67108864 largest_dma=67108864 largest_internal=67108864 requested_dma=512
[I][AlphaSave] SD_SPACE path=/sd api=esp_vfs_fat_info/f_getfree return=ESP_OK(0x0) errno=0 total_bytes=34359738368 free_bytes=8589934592 total_sectors=67108864 free_sectors=16777216 sector_bytes=512
[I][AlphaSave] NEWGAME_SAVE stage=free-space-query result=ok esp_err=ESP_OK errno=0 path=/sd stack_margin=32768
[I][AlphaSave] NEWGAME_SAVE stage=free-space result=ok esp_err=ESP_OK errno=0 path=/sd stack_margin=32768
[I][AlphaSave] SAVE_TARGET save_slot=0 newest=-1 accepted=0 slot=1 keep=-1 sequence=1
[I][AlphaSave] NEWGAME_SAVE stage=gam-encode result=ok esp_err=ESP_OK errno=0 path=INIT.GAM stack_margin=32768
[I][AlphaSave] NEWGAME_SAVE stage=ool-encode result=ok esp_err=ESP_OK errno=0 path=INIT.OOL stack_margin=32768
[I][AlphaSave] NEWGAME_SAVE stage=json-encode result=ok esp_err=ESP_OK errno=0 path=sidecar stack_margin=32768
[I][AlphaSave] SD_HEAP operation=write-gam-temp state=gameplay-save free_internal=67108864 free_dma=67108864 largest_dma=67108864 largest_internal=67108864 requested_dma=512
[I][AlphaSave] NEWGAME_SAVE stage=write-gam-temp result=ok esp_err=ESP_OK errno=0 path=/sd/ultima5/saves/alpha1-g1.gam.tmp stack_margin=32768
[I][AlphaSave] SD_HEAP operation=write-ool-temp state=gameplay-save free_internal=67108864 free_dma=67108864 largest_dma=67108864 largest_internal=67108864 requested_dma=512
[I][AlphaSave] NEWGAME_SAVE stage=write-ool-temp result=ok esp_err=ESP_OK errno=0 path=/sd/ultima5/saves/alpha1-g1.ool.tmp stack_margin=32768
[I][AlphaSave] SD_HEAP operation=write-json-temp state=gameplay-save free_internal=67108864 free_dma=67108864 largest_dma=67108864 largest_internal=67108864 requested_dma=512
[I][AlphaSave] NEWGAME_SAVE stage=write-json-temp result=ok esp_err=ESP_OK errno=0 path=/sd/ultima5/saves/alpha1-g1.json.tmp stack_margin=32768
[I][AlphaSave] SD_HEAP operation=crc-readback state=gameplay-save free_internal=67108864 free_dma=67108864 largest_dma=67108864 largest_internal=67108864 requested_dma=512
[I][AlphaSave] NEWGAME_SAVE stage=crc-readback result=ok esp_err=ESP_OK errno=0 path=/sd/ultima5/saves stack_margin=32768
[I][AlphaSave] NEWGAME_SAVE stage=rename-gam result=ok esp_err=ESP_OK errno=0 path=/sd/ultima5/saves/alpha1-g1.gam stack_margin=32768
[I][AlphaSave] NEWGAME_SAVE stage=rename-ool result=ok esp_err=ESP_OK errno=0 path=/sd/ultima5/saves/alpha1-g1.ool stack_margin=32768
[I][AlphaSave] NEWGAME_SAVE stage=rename-json result=ok esp_err=ESP_OK errno=0 path=/sd/ultima5/saves/alpha1-g1.json stack_margin=32768
[I][AlphaSave] NEWGAME_SAVE stage=write-commit-temp result=ok esp_err=ESP_OK errno=0 path=/sd/ultima5/saves/alpha1-g1.commit.tmp stack_margin=32768
[I][AlphaSave] NEWGAME_SAVE stage=rename-commit result=ok esp_err=ESP_OK errno=0 path=/sd/ultima5/saves/alpha1-g1.commit stack_margin=32768
[I][AlphaSave] NEWGAME_SAVE stage=semantic-validation result=ok esp_err=ESP_OK errno=0 path=/sd/ultima5/saves/alpha1-g1.commit stack_margin=32768
[I][AlphaSave] NEWGAME_SAVE stage=generation-final result=ok esp_err=ESP_OK errno=0 path=/sd/ultima5/saves/alpha1-g1.commit stack_margin=32768
[I][AlphaSave] save generation=1 save_slot=0 slot=1 time=9 ms json=369
[I][AlphaSave] SD_HEAP operation=dma-reserve-restored state=gameplay-save free_internal=67108864 free_dma=67108864 largest_dma=67108864 largest_internal=67108864 requested_dma=8192
[I][AlphaSave] SD_HEAP operation=release-reserved-dma state=gameplay-save free_internal=67108864 free_dma=67108864 largest_dma=67108864 largest_internal=67108864 requested_dma=8192
[I][AlphaSave] SD_HEAP operation=sd-window-open state=gameplay-save free_internal=67108864 free_dma=67108864 largest_dma=67108864 largest_internal=67108864 requested_dma=512
[I][AlphaSave] NEWGAME_SAVE stage=create-root-directory result=ok esp_err=ESP_OK errno=0 path=/sd/ultima5 stack_margin=32768
[I][AlphaSave] NEWGAME_SAVE stage=create-save-directory result=ok esp_err=ESP_OK errno=0 path=/sd/ultima5/saves stack_margin=32768
[I][AlphaSave] SD_HEAP operation=free-space-before state=gameplay-save free_internal=67108864 free_dma=67108864 largest_dma=67108864 largest_internal=67108864 requested_dma=512
[I][AlphaSave] SD_HEAP operation=free-space-call-enter state=gameplay-save free_internal=67108864 free_dma=67108864 largest_dma=67108864 largest_internal=67108864 requested_dma=512
[I][AlphaSave] SD_HEAP operation=free-space-call-exit state=gameplay-save free_internal=67108864 free_dma=67108864 largest_dma=67108864 largest_internal=67108864 requested_dma=512
[I][AlphaSave] SD_HEAP operation=free-space-after state=gameplay-save free_internal=67108864 free_dma=67108864 largest_dma=67108864 largest_internal=67108864 requested_dma=512
[I][AlphaSave] SD_SPACE path=/sd api=esp_vfs_fat_info/f_getfree return=ESP_OK(0x0) errno=0 total_bytes=34359738368 free_bytes=8589934592 total_sectors=67108864 free_sectors=16777216 sector_bytes=512
[I][AlphaSave] NEWGAME_SAVE stage=free-space-query result=ok esp_err=ESP_OK errno=0 path=/sd stack_margin=32768
[I][AlphaSave] NEWGAME_SAVE stage=free-space result=ok esp_err=ESP_OK errno=0 path=/sd stack_margin=32768
[I][AlphaSave] SAVE_TARGET save_slot=1 newest=-1 accepted=0 slot=1 keep=-1 sequence=2
[I][AlphaSave] NEWGAME_SAVE stage=gam-encode result=ok esp_err=ESP_OK errno=0 path=INIT.GAM stack_margin=32768
[I][AlphaSave] NEWGAME_SAVE stage=ool-encode result=ok esp_err=ESP_OK errno=0 path=INIT.OOL stack_margin=32768
[I][AlphaSave] NEWGAME_SAVE stage=json-encode result=ok esp_err=ESP_OK errno=0 path=sidecar stack_margin=32768
[I][AlphaSave] SD_HEAP operation=write-gam-temp state=gameplay-save free_internal=67108864 free_dma=67108864 largest_dma=67108864 largest_internal=67108864 requested_dma=512
[I][AlphaSave] NEWGAME_SAVE stage=write-gam-temp result=ok esp_err=ESP_OK errno=0 path=/sd/ultima5/saves/alpha1-s2-g1.gam.tmp stack_margin=32768
[I][AlphaSave] SD_HEAP operation=write-ool-temp state=gameplay-save free_internal=67108864 free_dma=67108864 largest_dma=67108864 largest_internal=67108864 requested_dma=512
[I][AlphaSave] NEWGAME_SAVE stage=write-ool-temp result=ok esp_err=ESP_OK errno=0 path=/sd/ultima5/saves/alpha1-s2-g1.ool.tmp stack_margin=32768
[I][AlphaSave] SD_HEAP operation=write-json-temp state=gameplay-save free_internal=67108864 free_dma=67108864 largest_dma=67108864 largest_internal=67108864 requested_dma=512
[I][AlphaSave] NEWGAME_SAVE stage=write-json-temp result=ok esp_err=ESP_OK errno=0 path=/sd/ultima5/saves/alpha1-s2-g1.json.tmp stack_margin=32768
[I][AlphaSave] SD_HEAP operation=crc-readback state=gameplay-save free_internal=67108864 free_dma=67108864 largest_dma=67108864 largest_internal=67108864 requested_dma=512
[I][AlphaSave] NEWGAME_SAVE stage=crc-readback result=ok esp_err=ESP_OK errno=0 path=/sd/ultima5/saves stack_margin=32768
[I][AlphaSave] NEWGAME_SAVE stage=rename-gam result=ok esp_err=ESP_OK errno=0 path=/sd/ultima5/saves/alpha1-s2-g1.gam stack_margin=32768
[I][AlphaSave] NEWGAME_SAVE stage=rename-ool result=ok esp_err=ESP_OK errno=0 path=/sd/ultima5/saves/alpha1-s2-g1.ool stack_margin=32768
[I][AlphaSave] NEWGAME_SAVE stage=rename-json result=ok esp_err=ESP_OK errno=0 path=/sd/ultima5/saves/alpha1-s2-g1.json stack_margin=32768
[I][AlphaSave] NEWGAME_SAVE stage=write-commit-temp result=ok esp_err=ESP_OK errno=0 path=/sd/ultima5/saves/alpha1-s2-g1.commit.tmp stack_margin=32768
[I][AlphaSave] NEWGAME_SAVE stage=rename-commit result=ok esp_err=ESP_OK errno=0 path=/sd/ultima5/saves/alpha1-s2-g1.commit stack_margin=32768
[I][AlphaSave] NEWGAME_SAVE stage=semantic-validation result=ok esp_err=ESP_OK errno=0 path=/sd/ultima5/saves/alpha1-s2-g1.commit stack_margin=32768
[I][AlphaSave] NEWGAME_SAVE stage=generation-final result=ok esp_err=ESP_OK errno=0 path=/sd/ultima5/saves/alpha1-s2-g1.commit stack_margin=32768
[I][AlphaSave] save generation=2 save_slot=1 slot=1 time=10 ms json=369
[I][AlphaSave] SD_HEAP operation=dma-reserve-restored state=gameplay-save free_internal=67108864 free_dma=67108864 largest_dma=67108864 largest_internal=67108864 requested_dma=8192
[I][AlphaSave] SD_HEAP operation=release-reserved-dma state=gameplay-save free_internal=67108864 free_dma=67108864 largest_dma=67108864 largest_internal=67108864 requested_dma=8192
[I][AlphaSave] SD_HEAP operation=sd-window-open state=gameplay-save free_internal=67108864 free_dma=67108864 largest_dma=67108864 largest_internal=67108864 requested_dma=512
[I][AlphaSave] SAVE_SCRATCH psram_bytes=11888
[I][AlphaSave] NEWGAME_SAVE stage=create-root-directory result=ok esp_err=ESP_OK errno=0 path=/sd/ultima5 stack_margin=32768
[I][AlphaSave] NEWGAME_SAVE stage=create-save-directory result=ok esp_err=ESP_OK errno=0 path=/sd/ultima5/saves stack_margin=32768
[I][AlphaSave] SD_HEAP operation=free-space-before state=gameplay-save free_internal=67108864 free_dma=67108864 largest_dma=67108864 largest_internal=67108864 requested_dma=512
[I][AlphaSave] SD_HEAP operation=free-space-call-enter state=gameplay-save free_internal=67108864 free_dma=67108864 largest_dma=67108864 largest_internal=67108864 requested_dma=512
[I][AlphaSave] SD_HEAP operation=free-space-call-exit state=gameplay-save free_internal=67108864 free_dma=67108864 largest_dma=67108864 largest_internal=67108864 requested_dma=512
[I][AlphaSave] SD_HEAP operation=free-space-after state=gameplay-save free_internal=67108864 free_dma=67108864 largest_dma=67108864 largest_internal=67108864 requested_dma=512
[I][AlphaSave] SD_SPACE path=/sd api=esp_vfs_fat_info/f_getfree return=ESP_OK(0x0) errno=0 total_bytes=34359738368 free_bytes=8589934592 total_sectors=67108864 free_sectors=16777216 sector_bytes=512
[I][AlphaSave] NEWGAME_SAVE stage=free-space-query result=ok esp_err=ESP_OK errno=0 path=/sd stack_margin=32768
[I][AlphaSave] NEWGAME_SAVE stage=free-space result=ok esp_err=ESP_OK errno=0 path=/sd stack_margin=32768
[I][AlphaSave] SAVE_TARGET save_slot=2 newest=-1 accepted=0 slot=1 keep=-1 sequence=3
[I][AlphaSave] NEWGAME_SAVE stage=gam-encode result=ok esp_err=ESP_OK errno=0 path=INIT.GAM stack_margin=32768
[I][AlphaSave] NEWGAME_SAVE stage=ool-encode result=ok esp_err=ESP_OK errno=0 path=INIT.OOL stack_margin=32768
[I][AlphaSave] NEWGAME_SAVE stage=json-encode result=ok esp_err=ESP_OK errno=0 path=sidecar stack_margin=32768
[I][AlphaSave] SD_HEAP operation=write-gam-temp state=gameplay-save free_internal=67108864 free_dma=67108864 largest_dma=67108864 largest_internal=67108864 requested_dma=512
[I][AlphaSave] NEWGAME_SAVE stage=write-gam-temp result=ok esp_err=ESP_OK errno=0 path=/sd/ultima5/saves/alpha1-s3-g1.gam.tmp stack_margin=32768
[I][AlphaSave] SD_HEAP operation=write-ool-temp state=gameplay-save free_internal=67108864 free_dma=67108864 largest_dma=67108864 largest_internal=67108864 requested_dma=512
[I][AlphaSave] NEWGAME_SAVE stage=write-ool-temp result=ok esp_err=ESP_OK errno=0 path=/sd/ultima5/saves/alpha1-s3-g1.ool.tmp stack_margin=32768
[I][AlphaSave] SD_HEAP operation=write-json-temp state=gameplay-save free_internal=67108864 free_dma=67108864 largest_dma=67108864 largest_internal=67108864 requested_dma=512
[I][AlphaSave] NEWGAME_SAVE stage=write-json-temp result=ok esp_err=ESP_OK errno=0 path=/sd/ultima5/saves/alpha1-s3-g1.json.tmp stack_margin=32768
[I][AlphaSave] SD_HEAP operation=crc-readback state=gameplay-save free_internal=67108864 free_dma=67108864 largest_dma=67108864 largest_internal=67108864 requested_dma=512
[I][AlphaSave] NEWGAME_SAVE stage=crc-readback result=ok esp_err=ESP_OK errno=0 path=/sd/ultima5/saves stack_margin=32768
[I][AlphaSave] NEWGAME_SAVE stage=rename-gam result=ok esp_err=ESP_OK errno=0 path=/sd/ultima5/saves/alpha1-s3-g1.gam stack_margin=32768
[I][AlphaSave] NEWGAME_SAVE stage=rename-ool result=ok esp_err=ESP_OK errno=0 path=/sd/ultima5/saves/alpha1-s3-g1.ool stack_margin=32768
[I][AlphaSave] NEWGAME_SAVE stage=rename-json result=fail esp_err=ESP_FAIL errno=5 path=/sd/ultima5/saves/alpha1-s3-g1.json stack_margin=32768
[E][AlphaSave] slot 2 generation 1 save failed (errno=5); previous generation retained
[I][AlphaSave] save generation=3 save_slot=2 slot=1 time=4 ms json=369
[I][AlphaSave] SD_HEAP operation=dma-reserve-restored state=gameplay-save free_internal=67108864 free_dma=67108864 largest_dma=67108864 largest_internal=67108864 requested_dma=8192
[I][AlphaSave] SD_HEAP operation=release-reserved-dma state=save-catalog free_internal=67108864 free_dma=67108864 largest_dma=67108864 largest_internal=67108864 requested_dma=8192
[I][AlphaSave] SD_HEAP operation=sd-window-open state=save-catalog free_internal=67108864 free_dma=67108864 largest_dma=67108864 largest_internal=67108864 requested_dma=512
[I][AlphaSave] SAVE_SCRATCH psram_bytes=11888
[I][AlphaSave] SAVE_CATALOG slot1=verified slot2=verified slot3=empty staged=2 bytes=10210 commit_us=236 verify_us=1158 total_us=1416
[I][AlphaSave] SD_HEAP operation=dma-reserve-restored state=save-catalog free_internal=67108864 free_dma=67108864 largest_dma=67108864 largest_internal=67108864 requested_dma=8192
[I][AlphaSave] SD_HEAP operation=release-reserved-dma state=load-latest free_internal=67108864 free_dma=67108864 largest_dma=67108864 largest_internal=67108864 requested_dma=8192
[I][AlphaSave] SD_HEAP operation=sd-window-open state=load-latest free_internal=67108864 free_dma=67108864 largest_dma=67108864 largest_internal=67108864 requested_dma=512
[I][AlphaSave] SAVE_SCRATCH psram_bytes=11888
[I][AlphaSave] load generation=2 save_slot=1 slot=1 time=2 ms status=0
[I][AlphaSave] SD_HEAP operation=dma-reserve-restored state=load-latest free_internal=67108864 free_dma=67108864 largest_dma=67108864 largest_internal=67108864 requested_dma=8192
  GREEN D7    a failed first save into empty Slot 3 (no commit written) leaves it listed empty; Continue still restores Slot 2

[G] which generation a slot restores
[I][AlphaSave] SD_HEAP operation=release-reserved-dma state=gameplay-save free_internal=67108864 free_dma=67108864 largest_dma=67108864 largest_internal=67108864 requested_dma=8192
[I][AlphaSave] SD_HEAP operation=sd-window-open state=gameplay-save free_internal=67108864 free_dma=67108864 largest_dma=67108864 largest_internal=67108864 requested_dma=512
[I][AlphaSave] SAVE_SCRATCH psram_bytes=11888
[I][AlphaSave] NEWGAME_SAVE stage=create-root-directory result=ok esp_err=ESP_OK errno=0 path=/sd/ultima5 stack_margin=32768
[I][AlphaSave] NEWGAME_SAVE stage=create-save-directory result=ok esp_err=ESP_OK errno=0 path=/sd/ultima5/saves stack_margin=32768
[I][AlphaSave] SD_HEAP operation=free-space-before state=gameplay-save free_internal=67108864 free_dma=67108864 largest_dma=67108864 largest_internal=67108864 requested_dma=512
[I][AlphaSave] SD_HEAP operation=free-space-call-enter state=gameplay-save free_internal=67108864 free_dma=67108864 largest_dma=67108864 largest_internal=67108864 requested_dma=512
[I][AlphaSave] SD_HEAP operation=free-space-call-exit state=gameplay-save free_internal=67108864 free_dma=67108864 largest_dma=67108864 largest_internal=67108864 requested_dma=512
[I][AlphaSave] SD_HEAP operation=free-space-after state=gameplay-save free_internal=67108864 free_dma=67108864 largest_dma=67108864 largest_internal=67108864 requested_dma=512
[I][AlphaSave] SD_SPACE path=/sd api=esp_vfs_fat_info/f_getfree return=ESP_OK(0x0) errno=0 total_bytes=34359738368 free_bytes=8589934592 total_sectors=67108864 free_sectors=16777216 sector_bytes=512
[I][AlphaSave] NEWGAME_SAVE stage=free-space-query result=ok esp_err=ESP_OK errno=0 path=/sd stack_margin=32768
[I][AlphaSave] NEWGAME_SAVE stage=free-space result=ok esp_err=ESP_OK errno=0 path=/sd stack_margin=32768
[I][AlphaSave] SAVE_TARGET save_slot=0 newest=-1 accepted=0 slot=1 keep=-1 sequence=1
[I][AlphaSave] NEWGAME_SAVE stage=gam-encode result=ok esp_err=ESP_OK errno=0 path=INIT.GAM stack_margin=32768
[I][AlphaSave] NEWGAME_SAVE stage=ool-encode result=ok esp_err=ESP_OK errno=0 path=INIT.OOL stack_margin=32768
[I][AlphaSave] NEWGAME_SAVE stage=json-encode result=ok esp_err=ESP_OK errno=0 path=sidecar stack_margin=32768
[I][AlphaSave] SD_HEAP operation=write-gam-temp state=gameplay-save free_internal=67108864 free_dma=67108864 largest_dma=67108864 largest_internal=67108864 requested_dma=512
[I][AlphaSave] NEWGAME_SAVE stage=write-gam-temp result=ok esp_err=ESP_OK errno=0 path=/sd/ultima5/saves/alpha1-g1.gam.tmp stack_margin=32768
[I][AlphaSave] SD_HEAP operation=write-ool-temp state=gameplay-save free_internal=67108864 free_dma=67108864 largest_dma=67108864 largest_internal=67108864 requested_dma=512
[I][AlphaSave] NEWGAME_SAVE stage=write-ool-temp result=ok esp_err=ESP_OK errno=0 path=/sd/ultima5/saves/alpha1-g1.ool.tmp stack_margin=32768
[I][AlphaSave] SD_HEAP operation=write-json-temp state=gameplay-save free_internal=67108864 free_dma=67108864 largest_dma=67108864 largest_internal=67108864 requested_dma=512
[I][AlphaSave] NEWGAME_SAVE stage=write-json-temp result=ok esp_err=ESP_OK errno=0 path=/sd/ultima5/saves/alpha1-g1.json.tmp stack_margin=32768
[I][AlphaSave] SD_HEAP operation=crc-readback state=gameplay-save free_internal=67108864 free_dma=67108864 largest_dma=67108864 largest_internal=67108864 requested_dma=512
[I][AlphaSave] NEWGAME_SAVE stage=crc-readback result=ok esp_err=ESP_OK errno=0 path=/sd/ultima5/saves stack_margin=32768
[I][AlphaSave] NEWGAME_SAVE stage=rename-gam result=ok esp_err=ESP_OK errno=0 path=/sd/ultima5/saves/alpha1-g1.gam stack_margin=32768
[I][AlphaSave] NEWGAME_SAVE stage=rename-ool result=ok esp_err=ESP_OK errno=0 path=/sd/ultima5/saves/alpha1-g1.ool stack_margin=32768
[I][AlphaSave] NEWGAME_SAVE stage=rename-json result=ok esp_err=ESP_OK errno=0 path=/sd/ultima5/saves/alpha1-g1.json stack_margin=32768
[I][AlphaSave] NEWGAME_SAVE stage=write-commit-temp result=ok esp_err=ESP_OK errno=0 path=/sd/ultima5/saves/alpha1-g1.commit.tmp stack_margin=32768
[I][AlphaSave] NEWGAME_SAVE stage=rename-commit result=ok esp_err=ESP_OK errno=0 path=/sd/ultima5/saves/alpha1-g1.commit stack_margin=32768
[I][AlphaSave] NEWGAME_SAVE stage=semantic-validation result=ok esp_err=ESP_OK errno=0 path=/sd/ultima5/saves/alpha1-g1.commit stack_margin=32768
[I][AlphaSave] NEWGAME_SAVE stage=generation-final result=ok esp_err=ESP_OK errno=0 path=/sd/ultima5/saves/alpha1-g1.commit stack_margin=32768
[I][AlphaSave] save generation=1 save_slot=0 slot=1 time=5 ms json=369
[I][AlphaSave] SD_HEAP operation=dma-reserve-restored state=gameplay-save free_internal=67108864 free_dma=67108864 largest_dma=67108864 largest_internal=67108864 requested_dma=8192
[I][AlphaSave] SD_HEAP operation=release-reserved-dma state=gameplay-save free_internal=67108864 free_dma=67108864 largest_dma=67108864 largest_internal=67108864 requested_dma=8192
[I][AlphaSave] SD_HEAP operation=sd-window-open state=gameplay-save free_internal=67108864 free_dma=67108864 largest_dma=67108864 largest_internal=67108864 requested_dma=512
[I][AlphaSave] NEWGAME_SAVE stage=create-root-directory result=ok esp_err=ESP_OK errno=0 path=/sd/ultima5 stack_margin=32768
[I][AlphaSave] NEWGAME_SAVE stage=create-save-directory result=ok esp_err=ESP_OK errno=0 path=/sd/ultima5/saves stack_margin=32768
[I][AlphaSave] SD_HEAP operation=free-space-before state=gameplay-save free_internal=67108864 free_dma=67108864 largest_dma=67108864 largest_internal=67108864 requested_dma=512
[I][AlphaSave] SD_HEAP operation=free-space-call-enter state=gameplay-save free_internal=67108864 free_dma=67108864 largest_dma=67108864 largest_internal=67108864 requested_dma=512
[I][AlphaSave] SD_HEAP operation=free-space-call-exit state=gameplay-save free_internal=67108864 free_dma=67108864 largest_dma=67108864 largest_internal=67108864 requested_dma=512
[I][AlphaSave] SD_HEAP operation=free-space-after state=gameplay-save free_internal=67108864 free_dma=67108864 largest_dma=67108864 largest_internal=67108864 requested_dma=512
[I][AlphaSave] SD_SPACE path=/sd api=esp_vfs_fat_info/f_getfree return=ESP_OK(0x0) errno=0 total_bytes=34359738368 free_bytes=8589934592 total_sectors=67108864 free_sectors=16777216 sector_bytes=512
[I][AlphaSave] NEWGAME_SAVE stage=free-space-query result=ok esp_err=ESP_OK errno=0 path=/sd stack_margin=32768
[I][AlphaSave] NEWGAME_SAVE stage=free-space result=ok esp_err=ESP_OK errno=0 path=/sd stack_margin=32768
[I][AlphaSave] SAVE_TARGET save_slot=1 newest=-1 accepted=0 slot=1 keep=-1 sequence=2
[I][AlphaSave] NEWGAME_SAVE stage=gam-encode result=ok esp_err=ESP_OK errno=0 path=INIT.GAM stack_margin=32768
[I][AlphaSave] NEWGAME_SAVE stage=ool-encode result=ok esp_err=ESP_OK errno=0 path=INIT.OOL stack_margin=32768
[I][AlphaSave] NEWGAME_SAVE stage=json-encode result=ok esp_err=ESP_OK errno=0 path=sidecar stack_margin=32768
[I][AlphaSave] SD_HEAP operation=write-gam-temp state=gameplay-save free_internal=67108864 free_dma=67108864 largest_dma=67108864 largest_internal=67108864 requested_dma=512
[I][AlphaSave] NEWGAME_SAVE stage=write-gam-temp result=ok esp_err=ESP_OK errno=0 path=/sd/ultima5/saves/alpha1-s2-g1.gam.tmp stack_margin=32768
[I][AlphaSave] SD_HEAP operation=write-ool-temp state=gameplay-save free_internal=67108864 free_dma=67108864 largest_dma=67108864 largest_internal=67108864 requested_dma=512
[I][AlphaSave] NEWGAME_SAVE stage=write-ool-temp result=ok esp_err=ESP_OK errno=0 path=/sd/ultima5/saves/alpha1-s2-g1.ool.tmp stack_margin=32768
[I][AlphaSave] SD_HEAP operation=write-json-temp state=gameplay-save free_internal=67108864 free_dma=67108864 largest_dma=67108864 largest_internal=67108864 requested_dma=512
[I][AlphaSave] NEWGAME_SAVE stage=write-json-temp result=ok esp_err=ESP_OK errno=0 path=/sd/ultima5/saves/alpha1-s2-g1.json.tmp stack_margin=32768
[I][AlphaSave] SD_HEAP operation=crc-readback state=gameplay-save free_internal=67108864 free_dma=67108864 largest_dma=67108864 largest_internal=67108864 requested_dma=512
[I][AlphaSave] NEWGAME_SAVE stage=crc-readback result=ok esp_err=ESP_OK errno=0 path=/sd/ultima5/saves stack_margin=32768
[I][AlphaSave] NEWGAME_SAVE stage=rename-gam result=ok esp_err=ESP_OK errno=0 path=/sd/ultima5/saves/alpha1-s2-g1.gam stack_margin=32768
[I][AlphaSave] NEWGAME_SAVE stage=rename-ool result=ok esp_err=ESP_OK errno=0 path=/sd/ultima5/saves/alpha1-s2-g1.ool stack_margin=32768
[I][AlphaSave] NEWGAME_SAVE stage=rename-json result=ok esp_err=ESP_OK errno=0 path=/sd/ultima5/saves/alpha1-s2-g1.json stack_margin=32768
[I][AlphaSave] NEWGAME_SAVE stage=write-commit-temp result=ok esp_err=ESP_OK errno=0 path=/sd/ultima5/saves/alpha1-s2-g1.commit.tmp stack_margin=32768
[I][AlphaSave] NEWGAME_SAVE stage=rename-commit result=ok esp_err=ESP_OK errno=0 path=/sd/ultima5/saves/alpha1-s2-g1.commit stack_margin=32768
[I][AlphaSave] NEWGAME_SAVE stage=semantic-validation result=ok esp_err=ESP_OK errno=0 path=/sd/ultima5/saves/alpha1-s2-g1.commit stack_margin=32768
[I][AlphaSave] NEWGAME_SAVE stage=generation-final result=ok esp_err=ESP_OK errno=0 path=/sd/ultima5/saves/alpha1-s2-g1.commit stack_margin=32768
[I][AlphaSave] save generation=2 save_slot=1 slot=1 time=4 ms json=369
[I][AlphaSave] SD_HEAP operation=dma-reserve-restored state=gameplay-save free_internal=67108864 free_dma=67108864 largest_dma=67108864 largest_internal=67108864 requested_dma=8192
[I][AlphaSave] SD_HEAP operation=release-reserved-dma state=gameplay-save free_internal=67108864 free_dma=67108864 largest_dma=67108864 largest_internal=67108864 requested_dma=8192
[I][AlphaSave] SD_HEAP operation=sd-window-open state=gameplay-save free_internal=67108864 free_dma=67108864 largest_dma=67108864 largest_internal=67108864 requested_dma=512
[I][AlphaSave] NEWGAME_SAVE stage=create-root-directory result=ok esp_err=ESP_OK errno=0 path=/sd/ultima5 stack_margin=32768
[I][AlphaSave] NEWGAME_SAVE stage=create-save-directory result=ok esp_err=ESP_OK errno=0 path=/sd/ultima5/saves stack_margin=32768
[I][AlphaSave] SD_HEAP operation=free-space-before state=gameplay-save free_internal=67108864 free_dma=67108864 largest_dma=67108864 largest_internal=67108864 requested_dma=512
[I][AlphaSave] SD_HEAP operation=free-space-call-enter state=gameplay-save free_internal=67108864 free_dma=67108864 largest_dma=67108864 largest_internal=67108864 requested_dma=512
[I][AlphaSave] SD_HEAP operation=free-space-call-exit state=gameplay-save free_internal=67108864 free_dma=67108864 largest_dma=67108864 largest_internal=67108864 requested_dma=512
[I][AlphaSave] SD_HEAP operation=free-space-after state=gameplay-save free_internal=67108864 free_dma=67108864 largest_dma=67108864 largest_internal=67108864 requested_dma=512
[I][AlphaSave] SD_SPACE path=/sd api=esp_vfs_fat_info/f_getfree return=ESP_OK(0x0) errno=0 total_bytes=34359738368 free_bytes=8589934592 total_sectors=67108864 free_sectors=16777216 sector_bytes=512
[I][AlphaSave] NEWGAME_SAVE stage=free-space-query result=ok esp_err=ESP_OK errno=0 path=/sd stack_margin=32768
[I][AlphaSave] NEWGAME_SAVE stage=free-space result=ok esp_err=ESP_OK errno=0 path=/sd stack_margin=32768
[I][AlphaSave] SAVE_TARGET save_slot=1 newest=1 accepted=1 slot=0 keep=1 sequence=3
[I][AlphaSave] NEWGAME_SAVE stage=gam-encode result=ok esp_err=ESP_OK errno=0 path=INIT.GAM stack_margin=32768
[I][AlphaSave] NEWGAME_SAVE stage=ool-encode result=ok esp_err=ESP_OK errno=0 path=INIT.OOL stack_margin=32768
[I][AlphaSave] NEWGAME_SAVE stage=json-encode result=ok esp_err=ESP_OK errno=0 path=sidecar stack_margin=32768
[I][AlphaSave] SD_HEAP operation=write-gam-temp state=gameplay-save free_internal=67108864 free_dma=67108864 largest_dma=67108864 largest_internal=67108864 requested_dma=512
[I][AlphaSave] NEWGAME_SAVE stage=write-gam-temp result=ok esp_err=ESP_OK errno=0 path=/sd/ultima5/saves/alpha1-s2-g0.gam.tmp stack_margin=32768
[I][AlphaSave] SD_HEAP operation=write-ool-temp state=gameplay-save free_internal=67108864 free_dma=67108864 largest_dma=67108864 largest_internal=67108864 requested_dma=512
[I][AlphaSave] NEWGAME_SAVE stage=write-ool-temp result=ok esp_err=ESP_OK errno=0 path=/sd/ultima5/saves/alpha1-s2-g0.ool.tmp stack_margin=32768
[I][AlphaSave] SD_HEAP operation=write-json-temp state=gameplay-save free_internal=67108864 free_dma=67108864 largest_dma=67108864 largest_internal=67108864 requested_dma=512
[I][AlphaSave] NEWGAME_SAVE stage=write-json-temp result=ok esp_err=ESP_OK errno=0 path=/sd/ultima5/saves/alpha1-s2-g0.json.tmp stack_margin=32768
[I][AlphaSave] SD_HEAP operation=crc-readback state=gameplay-save free_internal=67108864 free_dma=67108864 largest_dma=67108864 largest_internal=67108864 requested_dma=512
[I][AlphaSave] NEWGAME_SAVE stage=crc-readback result=ok esp_err=ESP_OK errno=0 path=/sd/ultima5/saves stack_margin=32768
[I][AlphaSave] NEWGAME_SAVE stage=rename-gam result=ok esp_err=ESP_OK errno=0 path=/sd/ultima5/saves/alpha1-s2-g0.gam stack_margin=32768
[I][AlphaSave] NEWGAME_SAVE stage=rename-ool result=ok esp_err=ESP_OK errno=0 path=/sd/ultima5/saves/alpha1-s2-g0.ool stack_margin=32768
[I][AlphaSave] NEWGAME_SAVE stage=rename-json result=ok esp_err=ESP_OK errno=0 path=/sd/ultima5/saves/alpha1-s2-g0.json stack_margin=32768
[I][AlphaSave] NEWGAME_SAVE stage=write-commit-temp result=ok esp_err=ESP_OK errno=0 path=/sd/ultima5/saves/alpha1-s2-g0.commit.tmp stack_margin=32768
[I][AlphaSave] NEWGAME_SAVE stage=rename-commit result=ok esp_err=ESP_OK errno=0 path=/sd/ultima5/saves/alpha1-s2-g0.commit stack_margin=32768
[I][AlphaSave] NEWGAME_SAVE stage=semantic-validation result=ok esp_err=ESP_OK errno=0 path=/sd/ultima5/saves/alpha1-s2-g0.commit stack_margin=32768
[I][AlphaSave] NEWGAME_SAVE stage=generation-final result=ok esp_err=ESP_OK errno=0 path=/sd/ultima5/saves/alpha1-s2-g0.commit stack_margin=32768
[I][AlphaSave] save generation=3 save_slot=1 slot=0 time=9 ms json=369
[I][AlphaSave] SD_HEAP operation=dma-reserve-restored state=gameplay-save free_internal=67108864 free_dma=67108864 largest_dma=67108864 largest_internal=67108864 requested_dma=8192
[I][AlphaSave] SD_HEAP operation=release-reserved-dma state=save-catalog free_internal=67108864 free_dma=67108864 largest_dma=67108864 largest_internal=67108864 requested_dma=8192
[I][AlphaSave] SD_HEAP operation=sd-window-open state=save-catalog free_internal=67108864 free_dma=67108864 largest_dma=67108864 largest_internal=67108864 requested_dma=512
[I][AlphaSave] SAVE_SCRATCH psram_bytes=11888
[I][AlphaSave] SAVE_CATALOG slot1=verified slot2=verified slot3=empty staged=2 bytes=10242 commit_us=209 verify_us=887 total_us=1111
[I][AlphaSave] SD_HEAP operation=dma-reserve-restored state=save-catalog free_internal=67108864 free_dma=67108864 largest_dma=67108864 largest_internal=67108864 requested_dma=8192
[I][AlphaSave] SD_HEAP operation=release-reserved-dma state=load-slot free_internal=67108864 free_dma=67108864 largest_dma=67108864 largest_internal=67108864 requested_dma=8192
[I][AlphaSave] SD_HEAP operation=sd-window-open state=load-slot free_internal=67108864 free_dma=67108864 largest_dma=67108864 largest_internal=67108864 requested_dma=512
[I][AlphaSave] SAVE_SCRATCH psram_bytes=11888
[I][AlphaSave] load save_slot=1 slot=0 time=2 ms status=0
[I][AlphaSave] SD_HEAP operation=dma-reserve-restored state=load-slot free_internal=67108864 free_dma=67108864 largest_dma=67108864 largest_internal=67108864 requested_dma=8192
[I][AlphaSave] SD_HEAP operation=release-reserved-dma state=load-slot free_internal=67108864 free_dma=67108864 largest_dma=67108864 largest_internal=67108864 requested_dma=8192
[I][AlphaSave] SD_HEAP operation=sd-window-open state=load-slot free_internal=67108864 free_dma=67108864 largest_dma=67108864 largest_internal=67108864 requested_dma=512
[I][AlphaSave] SAVE_SCRATCH psram_bytes=11888
[I][AlphaSave] load save_slot=0 slot=1 time=1 ms status=0
[I][AlphaSave] SD_HEAP operation=dma-reserve-restored state=load-slot free_internal=67108864 free_dma=67108864 largest_dma=67108864 largest_internal=67108864 requested_dma=8192
  GREEN G1    both valid: the newer (B2) (listed saved; Slot 1 unaffected)
[I][AlphaSave] SD_HEAP operation=release-reserved-dma state=save-catalog free_internal=67108864 free_dma=67108864 largest_dma=67108864 largest_internal=67108864 requested_dma=8192
[I][AlphaSave] SD_HEAP operation=sd-window-open state=save-catalog free_internal=67108864 free_dma=67108864 largest_dma=67108864 largest_internal=67108864 requested_dma=512
[I][AlphaSave] SAVE_SCRATCH psram_bytes=11888
[I][AlphaSave] SAVE_CATALOG slot1=verified slot2=recovered slot3=empty staged=3 bytes=15130 commit_us=155 verify_us=955 total_us=1125
[I][AlphaSave] SD_HEAP operation=dma-reserve-restored state=save-catalog free_internal=67108864 free_dma=67108864 largest_dma=67108864 largest_internal=67108864 requested_dma=8192
[I][AlphaSave] SD_HEAP operation=release-reserved-dma state=load-slot free_internal=67108864 free_dma=67108864 largest_dma=67108864 largest_internal=67108864 requested_dma=8192
[I][AlphaSave] SD_HEAP operation=sd-window-open state=load-slot free_internal=67108864 free_dma=67108864 largest_dma=67108864 largest_internal=67108864 requested_dma=512
[I][AlphaSave] SAVE_SCRATCH psram_bytes=11888
[I][AlphaSave] load save_slot=1 slot=1 time=1 ms status=0
[I][AlphaSave] SD_HEAP operation=dma-reserve-restored state=load-slot free_internal=67108864 free_dma=67108864 largest_dma=67108864 largest_internal=67108864 requested_dma=8192
[I][AlphaSave] SD_HEAP operation=release-reserved-dma state=load-slot free_internal=67108864 free_dma=67108864 largest_dma=67108864 largest_internal=67108864 requested_dma=8192
[I][AlphaSave] SD_HEAP operation=sd-window-open state=load-slot free_internal=67108864 free_dma=67108864 largest_dma=67108864 largest_internal=67108864 requested_dma=512
[I][AlphaSave] SAVE_SCRATCH psram_bytes=11888
[I][AlphaSave] load save_slot=0 slot=1 time=1 ms status=0
[I][AlphaSave] SD_HEAP operation=dma-reserve-restored state=load-slot free_internal=67108864 free_dma=67108864 largest_dma=67108864 largest_internal=67108864 requested_dma=8192
  GREEN G2    newer torn (CRC): the older (B) (listed recovered; Slot 1 unaffected)
[I][AlphaSave] SD_HEAP operation=release-reserved-dma state=save-catalog free_internal=67108864 free_dma=67108864 largest_dma=67108864 largest_internal=67108864 requested_dma=8192
[I][AlphaSave] SD_HEAP operation=sd-window-open state=save-catalog free_internal=67108864 free_dma=67108864 largest_dma=67108864 largest_internal=67108864 requested_dma=512
[I][AlphaSave] SAVE_SCRATCH psram_bytes=11888
[I][AlphaSave] SAVE_CATALOG slot1=verified slot2=verified slot3=empty staged=2 bytes=10242 commit_us=199 verify_us=893 total_us=1106
[I][AlphaSave] SD_HEAP operation=dma-reserve-restored state=save-catalog free_internal=67108864 free_dma=67108864 largest_dma=67108864 largest_internal=67108864 requested_dma=8192
[I][AlphaSave] SD_HEAP operation=release-reserved-dma state=load-slot free_internal=67108864 free_dma=67108864 largest_dma=67108864 largest_internal=67108864 requested_dma=8192
[I][AlphaSave] SD_HEAP operation=sd-window-open state=load-slot free_internal=67108864 free_dma=67108864 largest_dma=67108864 largest_internal=67108864 requested_dma=512
[I][AlphaSave] SAVE_SCRATCH psram_bytes=11888
[I][AlphaSave] load save_slot=1 slot=0 time=1 ms status=0
[I][AlphaSave] SD_HEAP operation=dma-reserve-restored state=load-slot free_internal=67108864 free_dma=67108864 largest_dma=67108864 largest_internal=67108864 requested_dma=8192
[I][AlphaSave] SD_HEAP operation=release-reserved-dma state=load-slot free_internal=67108864 free_dma=67108864 largest_dma=67108864 largest_internal=67108864 requested_dma=8192
[I][AlphaSave] SD_HEAP operation=sd-window-open state=load-slot free_internal=67108864 free_dma=67108864 largest_dma=67108864 largest_internal=67108864 requested_dma=512
[I][AlphaSave] SAVE_SCRATCH psram_bytes=11888
[I][AlphaSave] load save_slot=0 slot=1 time=1 ms status=0
[I][AlphaSave] SD_HEAP operation=dma-reserve-restored state=load-slot free_internal=67108864 free_dma=67108864 largest_dma=67108864 largest_internal=67108864 requested_dma=8192
  GREEN G3    older torn, newer valid: the newer; the older never shown (listed saved; Slot 1 unaffected)
[I][AlphaSave] SD_HEAP operation=release-reserved-dma state=save-catalog free_internal=67108864 free_dma=67108864 largest_dma=67108864 largest_internal=67108864 requested_dma=8192
[I][AlphaSave] SD_HEAP operation=sd-window-open state=save-catalog free_internal=67108864 free_dma=67108864 largest_dma=67108864 largest_internal=67108864 requested_dma=512
[I][AlphaSave] SAVE_SCRATCH psram_bytes=11888
[I][AlphaSave] SAVE_CATALOG slot1=verified slot2=recovered slot3=empty staged=3 bytes=13219 commit_us=223 verify_us=6216 total_us=6452
[I][AlphaSave] SD_HEAP operation=dma-reserve-restored state=save-catalog free_internal=67108864 free_dma=67108864 largest_dma=67108864 largest_internal=67108864 requested_dma=8192
[I][AlphaSave] SD_HEAP operation=release-reserved-dma state=load-slot free_internal=67108864 free_dma=67108864 largest_dma=67108864 largest_internal=67108864 requested_dma=8192
[I][AlphaSave] SD_HEAP operation=sd-window-open state=load-slot free_internal=67108864 free_dma=67108864 largest_dma=67108864 largest_internal=67108864 requested_dma=512
[I][AlphaSave] SAVE_SCRATCH psram_bytes=11888
[I][AlphaSave] load save_slot=1 slot=1 time=1 ms status=0
[I][AlphaSave] SD_HEAP operation=dma-reserve-restored state=load-slot free_internal=67108864 free_dma=67108864 largest_dma=67108864 largest_internal=67108864 requested_dma=8192
[I][AlphaSave] SD_HEAP operation=release-reserved-dma state=load-slot free_internal=67108864 free_dma=67108864 largest_dma=67108864 largest_internal=67108864 requested_dma=8192
[I][AlphaSave] SD_HEAP operation=sd-window-open state=load-slot free_internal=67108864 free_dma=67108864 largest_dma=67108864 largest_internal=67108864 requested_dma=512
[I][AlphaSave] SAVE_SCRATCH psram_bytes=11888
[I][AlphaSave] load save_slot=0 slot=1 time=1 ms status=0
[I][AlphaSave] SD_HEAP operation=dma-reserve-restored state=load-slot free_internal=67108864 free_dma=67108864 largest_dma=67108864 largest_internal=67108864 requested_dma=8192
  GREEN G4    newer GAM truncated: the older (listed recovered; Slot 1 unaffected)
[I][AlphaSave] SD_HEAP operation=release-reserved-dma state=save-catalog free_internal=67108864 free_dma=67108864 largest_dma=67108864 largest_internal=67108864 requested_dma=8192
[I][AlphaSave] SD_HEAP operation=sd-window-open state=save-catalog free_internal=67108864 free_dma=67108864 largest_dma=67108864 largest_internal=67108864 requested_dma=512
[I][AlphaSave] SAVE_SCRATCH psram_bytes=11888
[I][AlphaSave] SAVE_CATALOG slot1=verified slot2=verified slot3=empty staged=2 bytes=10210 commit_us=173 verify_us=900 total_us=1091
[I][AlphaSave] SD_HEAP operation=dma-reserve-restored state=save-catalog free_internal=67108864 free_dma=67108864 largest_dma=67108864 largest_internal=67108864 requested_dma=8192
[I][AlphaSave] SD_HEAP operation=release-reserved-dma state=load-slot free_internal=67108864 free_dma=67108864 largest_dma=67108864 largest_internal=67108864 requested_dma=8192
[I][AlphaSave] SD_HEAP operation=sd-window-open state=load-slot free_internal=67108864 free_dma=67108864 largest_dma=67108864 largest_internal=67108864 requested_dma=512
[I][AlphaSave] SAVE_SCRATCH psram_bytes=11888
[I][AlphaSave] load save_slot=1 slot=1 time=1 ms status=0
[I][AlphaSave] SD_HEAP operation=dma-reserve-restored state=load-slot free_internal=67108864 free_dma=67108864 largest_dma=67108864 largest_internal=67108864 requested_dma=8192
[I][AlphaSave] SD_HEAP operation=release-reserved-dma state=load-slot free_internal=67108864 free_dma=67108864 largest_dma=67108864 largest_internal=67108864 requested_dma=8192
[I][AlphaSave] SD_HEAP operation=sd-window-open state=load-slot free_internal=67108864 free_dma=67108864 largest_dma=67108864 largest_internal=67108864 requested_dma=512
[I][AlphaSave] SAVE_SCRATCH psram_bytes=11888
[I][AlphaSave] load save_slot=0 slot=1 time=1 ms status=0
[I][AlphaSave] SD_HEAP operation=dma-reserve-restored state=load-slot free_internal=67108864 free_dma=67108864 largest_dma=67108864 largest_internal=67108864 requested_dma=8192
  GREEN G5    newer commit missing: the older, listed as the slot's save (listed saved; Slot 1 unaffected)
[I][AlphaSave] SD_HEAP operation=release-reserved-dma state=save-catalog free_internal=67108864 free_dma=67108864 largest_dma=67108864 largest_internal=67108864 requested_dma=8192
[I][AlphaSave] SD_HEAP operation=sd-window-open state=save-catalog free_internal=67108864 free_dma=67108864 largest_dma=67108864 largest_internal=67108864 requested_dma=512
[I][AlphaSave] SAVE_SCRATCH psram_bytes=11888
[I][AlphaSave] SAVE_CATALOG slot1=verified slot2=verified slot3=empty staged=2 bytes=10210 commit_us=6229 verify_us=934 total_us=7178
[I][AlphaSave] SD_HEAP operation=dma-reserve-restored state=save-catalog free_internal=67108864 free_dma=67108864 largest_dma=67108864 largest_internal=67108864 requested_dma=8192
[I][AlphaSave] SD_HEAP operation=release-reserved-dma state=load-slot free_internal=67108864 free_dma=67108864 largest_dma=67108864 largest_internal=67108864 requested_dma=8192
[I][AlphaSave] SD_HEAP operation=sd-window-open state=load-slot free_internal=67108864 free_dma=67108864 largest_dma=67108864 largest_internal=67108864 requested_dma=512
[I][AlphaSave] SAVE_SCRATCH psram_bytes=11888
[I][AlphaSave] load save_slot=1 slot=1 time=1 ms status=0
[I][AlphaSave] SD_HEAP operation=dma-reserve-restored state=load-slot free_internal=67108864 free_dma=67108864 largest_dma=67108864 largest_internal=67108864 requested_dma=8192
[I][AlphaSave] SD_HEAP operation=release-reserved-dma state=load-slot free_internal=67108864 free_dma=67108864 largest_dma=67108864 largest_internal=67108864 requested_dma=8192
[I][AlphaSave] SD_HEAP operation=sd-window-open state=load-slot free_internal=67108864 free_dma=67108864 largest_dma=67108864 largest_internal=67108864 requested_dma=512
[I][AlphaSave] SAVE_SCRATCH psram_bytes=11888
[I][AlphaSave] load save_slot=0 slot=1 time=1 ms status=0
[I][AlphaSave] SD_HEAP operation=dma-reserve-restored state=load-slot free_internal=67108864 free_dma=67108864 largest_dma=67108864 largest_internal=67108864 requested_dma=8192
  GREEN G6    newer commit with a bad magic (not a commit): the older (listed saved; Slot 1 unaffected)
[I][AlphaSave] SD_HEAP operation=release-reserved-dma state=save-catalog free_internal=67108864 free_dma=67108864 largest_dma=67108864 largest_internal=67108864 requested_dma=8192
[I][AlphaSave] SD_HEAP operation=sd-window-open state=save-catalog free_internal=67108864 free_dma=67108864 largest_dma=67108864 largest_internal=67108864 requested_dma=512
[I][AlphaSave] SAVE_SCRATCH psram_bytes=11888
[I][AlphaSave] SAVE_CATALOG slot1=verified slot2=verified slot3=empty staged=2 bytes=10210 commit_us=5230 verify_us=928 total_us=6171
[I][AlphaSave] SD_HEAP operation=dma-reserve-restored state=save-catalog free_internal=67108864 free_dma=67108864 largest_dma=67108864 largest_internal=67108864 requested_dma=8192
[I][AlphaSave] SD_HEAP operation=release-reserved-dma state=load-slot free_internal=67108864 free_dma=67108864 largest_dma=67108864 largest_internal=67108864 requested_dma=8192
[I][AlphaSave] SD_HEAP operation=sd-window-open state=load-slot free_internal=67108864 free_dma=67108864 largest_dma=67108864 largest_internal=67108864 requested_dma=512
[I][AlphaSave] SAVE_SCRATCH psram_bytes=11888
[I][AlphaSave] load save_slot=1 slot=1 time=1 ms status=0
[I][AlphaSave] SD_HEAP operation=dma-reserve-restored state=load-slot free_internal=67108864 free_dma=67108864 largest_dma=67108864 largest_internal=67108864 requested_dma=8192
[I][AlphaSave] SD_HEAP operation=release-reserved-dma state=load-slot free_internal=67108864 free_dma=67108864 largest_dma=67108864 largest_internal=67108864 requested_dma=8192
[I][AlphaSave] SD_HEAP operation=sd-window-open state=load-slot free_internal=67108864 free_dma=67108864 largest_dma=67108864 largest_internal=67108864 requested_dma=512
[I][AlphaSave] SAVE_SCRATCH psram_bytes=11888
[I][AlphaSave] load save_slot=0 slot=1 time=1 ms status=0
[I][AlphaSave] SD_HEAP operation=dma-reserve-restored state=load-slot free_internal=67108864 free_dma=67108864 largest_dma=67108864 largest_internal=67108864 requested_dma=8192
  GREEN G7    newer commit of an unknown version: the older (listed saved; Slot 1 unaffected)
[I][AlphaSave] SD_HEAP operation=release-reserved-dma state=save-catalog free_internal=67108864 free_dma=67108864 largest_dma=67108864 largest_internal=67108864 requested_dma=8192
[I][AlphaSave] SD_HEAP operation=sd-window-open state=save-catalog free_internal=67108864 free_dma=67108864 largest_dma=67108864 largest_internal=67108864 requested_dma=512
[I][AlphaSave] SAVE_SCRATCH psram_bytes=11888
[I][AlphaSave] SAVE_CATALOG slot1=verified slot2=verified slot3=empty staged=2 bytes=10210 commit_us=4124 verify_us=900 total_us=5038
[I][AlphaSave] SD_HEAP operation=dma-reserve-restored state=save-catalog free_internal=67108864 free_dma=67108864 largest_dma=67108864 largest_internal=67108864 requested_dma=8192
[I][AlphaSave] SD_HEAP operation=release-reserved-dma state=load-slot free_internal=67108864 free_dma=67108864 largest_dma=67108864 largest_internal=67108864 requested_dma=8192
[I][AlphaSave] SD_HEAP operation=sd-window-open state=load-slot free_internal=67108864 free_dma=67108864 largest_dma=67108864 largest_internal=67108864 requested_dma=512
[I][AlphaSave] SAVE_SCRATCH psram_bytes=11888
[I][AlphaSave] load save_slot=1 slot=1 time=1 ms status=0
[I][AlphaSave] SD_HEAP operation=dma-reserve-restored state=load-slot free_internal=67108864 free_dma=67108864 largest_dma=67108864 largest_internal=67108864 requested_dma=8192
[I][AlphaSave] SD_HEAP operation=release-reserved-dma state=load-slot free_internal=67108864 free_dma=67108864 largest_dma=67108864 largest_internal=67108864 requested_dma=8192
[I][AlphaSave] SD_HEAP operation=sd-window-open state=load-slot free_internal=67108864 free_dma=67108864 largest_dma=67108864 largest_internal=67108864 requested_dma=512
[I][AlphaSave] SAVE_SCRATCH psram_bytes=11888
[I][AlphaSave] load save_slot=0 slot=1 time=1 ms status=0
[I][AlphaSave] SD_HEAP operation=dma-reserve-restored state=load-slot free_internal=67108864 free_dma=67108864 largest_dma=67108864 largest_internal=67108864 requested_dma=8192
  GREEN G8    newer commit record truncated: the older (listed saved; Slot 1 unaffected)
[I][AlphaSave] SD_HEAP operation=release-reserved-dma state=save-catalog free_internal=67108864 free_dma=67108864 largest_dma=67108864 largest_internal=67108864 requested_dma=8192
[I][AlphaSave] SD_HEAP operation=sd-window-open state=save-catalog free_internal=67108864 free_dma=67108864 largest_dma=67108864 largest_internal=67108864 requested_dma=512
[I][AlphaSave] SAVE_SCRATCH psram_bytes=11888
[W][AlphaSave] generation=3 refused at the semantic gate
[I][AlphaSave] SAVE_CATALOG slot1=verified slot2=recovered slot3=empty staged=3 bytes=15315 commit_us=5490 verify_us=1369 total_us=6869
[I][AlphaSave] SD_HEAP operation=dma-reserve-restored state=save-catalog free_internal=67108864 free_dma=67108864 largest_dma=67108864 largest_internal=67108864 requested_dma=8192
[I][AlphaSave] SD_HEAP operation=release-reserved-dma state=load-slot free_internal=67108864 free_dma=67108864 largest_dma=67108864 largest_internal=67108864 requested_dma=8192
[I][AlphaSave] SD_HEAP operation=sd-window-open state=load-slot free_internal=67108864 free_dma=67108864 largest_dma=67108864 largest_internal=67108864 requested_dma=512
[I][AlphaSave] SAVE_SCRATCH psram_bytes=11888
[W][AlphaSave] generation=3 refused at the semantic gate
[W][AlphaSave] generation=3 refused at the semantic gate
[W][AlphaSave] generation=3 slot=0 failed semantic restore; trying fallback
[I][AlphaSave] load save_slot=1 slot=1 time=2 ms status=0
[I][AlphaSave] SD_HEAP operation=dma-reserve-restored state=load-slot free_internal=67108864 free_dma=67108864 largest_dma=67108864 largest_internal=67108864 requested_dma=8192
[I][AlphaSave] SD_HEAP operation=release-reserved-dma state=load-slot free_internal=67108864 free_dma=67108864 largest_dma=67108864 largest_internal=67108864 requested_dma=8192
[I][AlphaSave] SD_HEAP operation=sd-window-open state=load-slot free_internal=67108864 free_dma=67108864 largest_dma=67108864 largest_internal=67108864 requested_dma=512
[I][AlphaSave] SAVE_SCRATCH psram_bytes=11888
[I][AlphaSave] load save_slot=0 slot=1 time=1 ms status=0
[I][AlphaSave] SD_HEAP operation=dma-reserve-restored state=load-slot free_internal=67108864 free_dma=67108864 largest_dma=67108864 largest_internal=67108864 requested_dma=8192
  GREEN G9    newer refused by the semantic gate (CRC-consistent): the older (listed recovered; Slot 1 unaffected)
[I][AlphaSave] SD_HEAP operation=release-reserved-dma state=save-catalog free_internal=67108864 free_dma=67108864 largest_dma=67108864 largest_internal=67108864 requested_dma=8192
[I][AlphaSave] SD_HEAP operation=sd-window-open state=save-catalog free_internal=67108864 free_dma=67108864 largest_dma=67108864 largest_internal=67108864 requested_dma=512
[I][AlphaSave] SAVE_SCRATCH psram_bytes=11888
[I][AlphaSave] SAVE_CATALOG slot1=verified slot2=verified slot3=empty staged=2 bytes=10242 commit_us=4291 verify_us=1113 total_us=5414
[I][AlphaSave] SD_HEAP operation=dma-reserve-restored state=save-catalog free_internal=67108864 free_dma=67108864 largest_dma=67108864 largest_internal=67108864 requested_dma=8192
[I][AlphaSave] SD_HEAP operation=release-reserved-dma state=load-slot free_internal=67108864 free_dma=67108864 largest_dma=67108864 largest_internal=67108864 requested_dma=8192
[I][AlphaSave] SD_HEAP operation=sd-window-open state=load-slot free_internal=67108864 free_dma=67108864 largest_dma=67108864 largest_internal=67108864 requested_dma=512
[I][AlphaSave] SAVE_SCRATCH psram_bytes=11888
[I][AlphaSave] load save_slot=1 slot=1 time=2 ms status=0
[I][AlphaSave] SD_HEAP operation=dma-reserve-restored state=load-slot free_internal=67108864 free_dma=67108864 largest_dma=67108864 largest_internal=67108864 requested_dma=8192
[I][AlphaSave] SD_HEAP operation=release-reserved-dma state=load-slot free_internal=67108864 free_dma=67108864 largest_dma=67108864 largest_internal=67108864 requested_dma=8192
[I][AlphaSave] SD_HEAP operation=sd-window-open state=load-slot free_internal=67108864 free_dma=67108864 largest_dma=67108864 largest_internal=67108864 requested_dma=512
[I][AlphaSave] SAVE_SCRATCH psram_bytes=11888
[I][AlphaSave] load save_slot=0 slot=1 time=1 ms status=0
[I][AlphaSave] SD_HEAP operation=dma-reserve-restored state=load-slot free_internal=67108864 free_dma=67108864 largest_dma=67108864 largest_internal=67108864 requested_dma=8192
  GREEN G10   the older's sequence raised above the newer's: the order follows sequence, not the file (listed saved; Slot 1 unaffected)
[I][AlphaSave] SD_HEAP operation=release-reserved-dma state=save-catalog free_internal=67108864 free_dma=67108864 largest_dma=67108864 largest_internal=67108864 requested_dma=8192
[I][AlphaSave] SD_HEAP operation=sd-window-open state=save-catalog free_internal=67108864 free_dma=67108864 largest_dma=67108864 largest_internal=67108864 requested_dma=512
[I][AlphaSave] SAVE_SCRATCH psram_bytes=11888
[I][AlphaSave] SAVE_CATALOG slot1=verified slot2=verified slot3=empty staged=2 bytes=10242 commit_us=4221 verify_us=942 total_us=5173
[I][AlphaSave] SD_HEAP operation=dma-reserve-restored state=save-catalog free_internal=67108864 free_dma=67108864 largest_dma=67108864 largest_internal=67108864 requested_dma=8192
[I][AlphaSave] SD_HEAP operation=release-reserved-dma state=load-slot free_internal=67108864 free_dma=67108864 largest_dma=67108864 largest_internal=67108864 requested_dma=8192
[I][AlphaSave] SD_HEAP operation=sd-window-open state=load-slot free_internal=67108864 free_dma=67108864 largest_dma=67108864 largest_internal=67108864 requested_dma=512
[I][AlphaSave] SAVE_SCRATCH psram_bytes=11888
[I][AlphaSave] load save_slot=1 slot=0 time=2 ms status=0
[I][AlphaSave] SD_HEAP operation=dma-reserve-restored state=load-slot free_internal=67108864 free_dma=67108864 largest_dma=67108864 largest_internal=67108864 requested_dma=8192
[I][AlphaSave] SD_HEAP operation=release-reserved-dma state=load-slot free_internal=67108864 free_dma=67108864 largest_dma=67108864 largest_internal=67108864 requested_dma=8192
[I][AlphaSave] SD_HEAP operation=sd-window-open state=load-slot free_internal=67108864 free_dma=67108864 largest_dma=67108864 largest_internal=67108864 requested_dma=512
[I][AlphaSave] SAVE_SCRATCH psram_bytes=11888
[I][AlphaSave] load save_slot=0 slot=1 time=1 ms status=0
[I][AlphaSave] SD_HEAP operation=dma-reserve-restored state=load-slot free_internal=67108864 free_dma=67108864 largest_dma=67108864 largest_internal=67108864 requested_dma=8192
  GREEN G11   equal sequences: generation 0 (select_generation's first of equals) (listed saved; Slot 1 unaffected)
[I][AlphaSave] SD_HEAP operation=release-reserved-dma state=save-catalog free_internal=67108864 free_dma=67108864 largest_dma=67108864 largest_internal=67108864 requested_dma=8192
[I][AlphaSave] SD_HEAP operation=sd-window-open state=save-catalog free_internal=67108864 free_dma=67108864 largest_dma=67108864 largest_internal=67108864 requested_dma=512
[I][AlphaSave] SAVE_SCRATCH psram_bytes=11888
[W][AlphaSave] generation=2 refused at the semantic gate
[I][AlphaSave] SAVE_CATALOG slot1=verified slot2=damaged slot3=empty staged=3 bytes=15130 commit_us=2955 verify_us=1023 total_us=3987
[I][AlphaSave] SD_HEAP operation=dma-reserve-restored state=save-catalog free_internal=67108864 free_dma=67108864 largest_dma=67108864 largest_internal=67108864 requested_dma=8192
[I][AlphaSave] SD_HEAP operation=release-reserved-dma state=load-slot free_internal=67108864 free_dma=67108864 largest_dma=67108864 largest_internal=67108864 requested_dma=8192
[I][AlphaSave] SD_HEAP operation=sd-window-open state=load-slot free_internal=67108864 free_dma=67108864 largest_dma=67108864 largest_internal=67108864 requested_dma=512
[I][AlphaSave] SAVE_SCRATCH psram_bytes=11888
[W][AlphaSave] generation=2 refused at the semantic gate
[W][AlphaSave] generation=2 refused at the semantic gate
[W][AlphaSave] generation=2 slot=1 failed semantic restore; trying fallback
[W][AlphaSave] no restorable save generation
[I][AlphaSave] SD_HEAP operation=dma-reserve-restored state=load-slot free_internal=67108864 free_dma=67108864 largest_dma=67108864 largest_internal=67108864 requested_dma=8192
[I][AlphaSave] SD_HEAP operation=release-reserved-dma state=load-slot free_internal=67108864 free_dma=67108864 largest_dma=67108864 largest_internal=67108864 requested_dma=8192
[I][AlphaSave] SD_HEAP operation=sd-window-open state=load-slot free_internal=67108864 free_dma=67108864 largest_dma=67108864 largest_internal=67108864 requested_dma=512
[I][AlphaSave] SAVE_SCRATCH psram_bytes=11888
[I][AlphaSave] load save_slot=0 slot=1 time=1 ms status=0
[I][AlphaSave] SD_HEAP operation=dma-reserve-restored state=load-slot free_internal=67108864 free_dma=67108864 largest_dma=67108864 largest_internal=67108864 requested_dma=8192
  GREEN G12   both refused: nothing restores, the live game is untouched (listed damaged; Slot 1 unaffected)
[I][AlphaSave] SD_HEAP operation=release-reserved-dma state=gameplay-save free_internal=67108864 free_dma=67108864 largest_dma=67108864 largest_internal=67108864 requested_dma=8192
[I][AlphaSave] SD_HEAP operation=sd-window-open state=gameplay-save free_internal=67108864 free_dma=67108864 largest_dma=67108864 largest_internal=67108864 requested_dma=512
[I][AlphaSave] SAVE_SCRATCH psram_bytes=11888
[I][AlphaSave] NEWGAME_SAVE stage=create-root-directory result=ok esp_err=ESP_OK errno=0 path=/sd/ultima5 stack_margin=32768
[I][AlphaSave] NEWGAME_SAVE stage=create-save-directory result=ok esp_err=ESP_OK errno=0 path=/sd/ultima5/saves stack_margin=32768
[I][AlphaSave] SD_HEAP operation=free-space-before state=gameplay-save free_internal=67108864 free_dma=67108864 largest_dma=67108864 largest_internal=67108864 requested_dma=512
[I][AlphaSave] SD_HEAP operation=free-space-call-enter state=gameplay-save free_internal=67108864 free_dma=67108864 largest_dma=67108864 largest_internal=67108864 requested_dma=512
[I][AlphaSave] SD_HEAP operation=free-space-call-exit state=gameplay-save free_internal=67108864 free_dma=67108864 largest_dma=67108864 largest_internal=67108864 requested_dma=512
[I][AlphaSave] SD_HEAP operation=free-space-after state=gameplay-save free_internal=67108864 free_dma=67108864 largest_dma=67108864 largest_internal=67108864 requested_dma=512
[I][AlphaSave] SD_SPACE path=/sd api=esp_vfs_fat_info/f_getfree return=ESP_OK(0x0) errno=0 total_bytes=34359738368 free_bytes=8589934592 total_sectors=67108864 free_sectors=16777216 sector_bytes=512
[I][AlphaSave] NEWGAME_SAVE stage=free-space-query result=ok esp_err=ESP_OK errno=0 path=/sd stack_margin=32768
[I][AlphaSave] NEWGAME_SAVE stage=free-space result=ok esp_err=ESP_OK errno=0 path=/sd stack_margin=32768
[I][AlphaSave] SAVE_TARGET save_slot=1 newest=0 accepted=0 slot=0 keep=1 sequence=4
[I][AlphaSave] NEWGAME_SAVE stage=gam-encode result=ok esp_err=ESP_OK errno=0 path=INIT.GAM stack_margin=32768
[I][AlphaSave] NEWGAME_SAVE stage=ool-encode result=ok esp_err=ESP_OK errno=0 path=INIT.OOL stack_margin=32768
[I][AlphaSave] NEWGAME_SAVE stage=json-encode result=ok esp_err=ESP_OK errno=0 path=sidecar stack_margin=32768
[I][AlphaSave] SD_HEAP operation=write-gam-temp state=gameplay-save free_internal=67108864 free_dma=67108864 largest_dma=67108864 largest_internal=67108864 requested_dma=512
[I][AlphaSave] NEWGAME_SAVE stage=write-gam-temp result=ok esp_err=ESP_OK errno=0 path=/sd/ultima5/saves/alpha1-s2-g0.gam.tmp stack_margin=32768
[I][AlphaSave] SD_HEAP operation=write-ool-temp state=gameplay-save free_internal=67108864 free_dma=67108864 largest_dma=67108864 largest_internal=67108864 requested_dma=512
[I][AlphaSave] NEWGAME_SAVE stage=write-ool-temp result=ok esp_err=ESP_OK errno=0 path=/sd/ultima5/saves/alpha1-s2-g0.ool.tmp stack_margin=32768
[I][AlphaSave] SD_HEAP operation=write-json-temp state=gameplay-save free_internal=67108864 free_dma=67108864 largest_dma=67108864 largest_internal=67108864 requested_dma=512
[I][AlphaSave] NEWGAME_SAVE stage=write-json-temp result=ok esp_err=ESP_OK errno=0 path=/sd/ultima5/saves/alpha1-s2-g0.json.tmp stack_margin=32768
[I][AlphaSave] SD_HEAP operation=crc-readback state=gameplay-save free_internal=67108864 free_dma=67108864 largest_dma=67108864 largest_internal=67108864 requested_dma=512
[I][AlphaSave] NEWGAME_SAVE stage=crc-readback result=ok esp_err=ESP_OK errno=0 path=/sd/ultima5/saves stack_margin=32768
[I][AlphaSave] NEWGAME_SAVE stage=rename-gam result=ok esp_err=ESP_OK errno=0 path=/sd/ultima5/saves/alpha1-s2-g0.gam stack_margin=32768
[I][AlphaSave] NEWGAME_SAVE stage=rename-ool result=ok esp_err=ESP_OK errno=0 path=/sd/ultima5/saves/alpha1-s2-g0.ool stack_margin=32768
[I][AlphaSave] NEWGAME_SAVE stage=rename-json result=ok esp_err=ESP_OK errno=0 path=/sd/ultima5/saves/alpha1-s2-g0.json stack_margin=32768
[I][AlphaSave] NEWGAME_SAVE stage=write-commit-temp result=ok esp_err=ESP_OK errno=0 path=/sd/ultima5/saves/alpha1-s2-g0.commit.tmp stack_margin=32768
[I][AlphaSave] NEWGAME_SAVE stage=rename-commit result=ok esp_err=ESP_OK errno=0 path=/sd/ultima5/saves/alpha1-s2-g0.commit stack_margin=32768
[I][AlphaSave] NEWGAME_SAVE stage=semantic-validation result=ok esp_err=ESP_OK errno=0 path=/sd/ultima5/saves/alpha1-s2-g0.commit stack_margin=32768
[I][AlphaSave] NEWGAME_SAVE stage=generation-final result=ok esp_err=ESP_OK errno=0 path=/sd/ultima5/saves/alpha1-s2-g0.commit stack_margin=32768
[I][AlphaSave] save generation=4 save_slot=1 slot=0 time=9 ms json=369
[I][AlphaSave] SD_HEAP operation=dma-reserve-restored state=gameplay-save free_internal=67108864 free_dma=67108864 largest_dma=67108864 largest_internal=67108864 requested_dma=8192
[I][AlphaSave] SD_HEAP operation=release-reserved-dma state=load-slot free_internal=67108864 free_dma=67108864 largest_dma=67108864 largest_internal=67108864 requested_dma=8192
[I][AlphaSave] SD_HEAP operation=sd-window-open state=load-slot free_internal=67108864 free_dma=67108864 largest_dma=67108864 largest_internal=67108864 requested_dma=512
[I][AlphaSave] SAVE_SCRATCH psram_bytes=11888
[W][AlphaSave] generation=2 refused at the semantic gate
[I][AlphaSave] load save_slot=1 slot=0 time=2 ms status=0
[I][AlphaSave] SD_HEAP operation=dma-reserve-restored state=load-slot free_internal=67108864 free_dma=67108864 largest_dma=67108864 largest_internal=67108864 requested_dma=8192
  GREEN G13   a save into a wholly damaged slot succeeds and restores; Slot 1 byte for byte

[M] a card written before A4-SAVE2 (migration)
[I][AlphaSave] SD_HEAP operation=release-reserved-dma state=save-catalog free_internal=67108864 free_dma=67108864 largest_dma=67108864 largest_internal=67108864 requested_dma=8192
[I][AlphaSave] SD_HEAP operation=sd-window-open state=save-catalog free_internal=67108864 free_dma=67108864 largest_dma=67108864 largest_internal=67108864 requested_dma=512
[I][AlphaSave] SAVE_SCRATCH psram_bytes=11888
[I][AlphaSave] SAVE_CATALOG slot1=verified slot2=empty slot3=empty staged=1 bytes=5137 commit_us=115 verify_us=424 total_us=548
[I][AlphaSave] SD_HEAP operation=dma-reserve-restored state=save-catalog free_internal=67108864 free_dma=67108864 largest_dma=67108864 largest_internal=67108864 requested_dma=8192
[I][AlphaSave] SD_HEAP operation=release-reserved-dma state=load-latest free_internal=67108864 free_dma=67108864 largest_dma=67108864 largest_internal=67108864 requested_dma=8192
[I][AlphaSave] SD_HEAP operation=sd-window-open state=load-latest free_internal=67108864 free_dma=67108864 largest_dma=67108864 largest_internal=67108864 requested_dma=512
[I][AlphaSave] SAVE_SCRATCH psram_bytes=11888
[I][AlphaSave] load generation=2 save_slot=0 slot=0 time=2 ms status=0
[I][AlphaSave] SD_HEAP operation=dma-reserve-restored state=load-latest free_internal=67108864 free_dma=67108864 largest_dma=67108864 largest_internal=67108864 requested_dma=8192
[I][AlphaSave] SD_HEAP operation=release-reserved-dma state=load-slot free_internal=67108864 free_dma=67108864 largest_dma=67108864 largest_internal=67108864 requested_dma=8192
[I][AlphaSave] SD_HEAP operation=sd-window-open state=load-slot free_internal=67108864 free_dma=67108864 largest_dma=67108864 largest_internal=67108864 requested_dma=512
[I][AlphaSave] SAVE_SCRATCH psram_bytes=11888
[I][AlphaSave] load save_slot=0 slot=0 time=2 ms status=0
[I][AlphaSave] SD_HEAP operation=dma-reserve-restored state=load-slot free_internal=67108864 free_dma=67108864 largest_dma=67108864 largest_internal=67108864 requested_dma=8192
  GREEN M1    the pre-SAVE2 pair is listed as Slot 1 (its newest, sequence 2); Slots 2 and 3 empty
  GREEN M2    Continue and Slot 1 restore its newest journey; listing and loading write nothing (writes=0 renames=0): the card is byte for byte
[I][AlphaSave] SD_HEAP operation=release-reserved-dma state=save-catalog free_internal=67108864 free_dma=67108864 largest_dma=67108864 largest_internal=67108864 requested_dma=8192
[I][AlphaSave] SD_HEAP operation=sd-window-open state=save-catalog free_internal=67108864 free_dma=67108864 largest_dma=67108864 largest_internal=67108864 requested_dma=512
[I][AlphaSave] SAVE_SCRATCH psram_bytes=11888
[I][AlphaSave] SAVE_CATALOG slot1=verified slot2=empty slot3=empty staged=1 bytes=5137 commit_us=102 verify_us=387 total_us=495
[I][AlphaSave] SD_HEAP operation=dma-reserve-restored state=save-catalog free_internal=67108864 free_dma=67108864 largest_dma=67108864 largest_internal=67108864 requested_dma=8192
[I][AlphaSave] SD_HEAP operation=release-reserved-dma state=load-latest free_internal=67108864 free_dma=67108864 largest_dma=67108864 largest_internal=67108864 requested_dma=8192
[I][AlphaSave] SD_HEAP operation=sd-window-open state=load-latest free_internal=67108864 free_dma=67108864 largest_dma=67108864 largest_internal=67108864 requested_dma=512
[I][AlphaSave] SAVE_SCRATCH psram_bytes=11888
[I][AlphaSave] load generation=2 save_slot=0 slot=0 time=2 ms status=0
[I][AlphaSave] SD_HEAP operation=dma-reserve-restored state=load-latest free_internal=67108864 free_dma=67108864 largest_dma=67108864 largest_internal=67108864 requested_dma=8192
[I][AlphaSave] SD_HEAP operation=release-reserved-dma state=save-catalog free_internal=67108864 free_dma=67108864 largest_dma=67108864 largest_internal=67108864 requested_dma=8192
[I][AlphaSave] SD_HEAP operation=sd-window-open state=save-catalog free_internal=67108864 free_dma=67108864 largest_dma=67108864 largest_internal=67108864 requested_dma=512
[I][AlphaSave] SAVE_SCRATCH psram_bytes=11888
[I][AlphaSave] SAVE_CATALOG slot1=verified slot2=empty slot3=empty staged=1 bytes=5137 commit_us=140 verify_us=446 total_us=594
[I][AlphaSave] SD_HEAP operation=dma-reserve-restored state=save-catalog free_internal=67108864 free_dma=67108864 largest_dma=67108864 largest_internal=67108864 requested_dma=8192
[I][AlphaSave] SD_HEAP operation=release-reserved-dma state=load-latest free_internal=67108864 free_dma=67108864 largest_dma=67108864 largest_internal=67108864 requested_dma=8192
[I][AlphaSave] SD_HEAP operation=sd-window-open state=load-latest free_internal=67108864 free_dma=67108864 largest_dma=67108864 largest_internal=67108864 requested_dma=512
[I][AlphaSave] SAVE_SCRATCH psram_bytes=11888
[I][AlphaSave] load generation=2 save_slot=0 slot=0 time=2 ms status=0
[I][AlphaSave] SD_HEAP operation=dma-reserve-restored state=load-latest free_internal=67108864 free_dma=67108864 largest_dma=67108864 largest_internal=67108864 requested_dma=8192
[I][AlphaSave] SD_HEAP operation=release-reserved-dma state=save-catalog free_internal=67108864 free_dma=67108864 largest_dma=67108864 largest_internal=67108864 requested_dma=8192
[I][AlphaSave] SD_HEAP operation=sd-window-open state=save-catalog free_internal=67108864 free_dma=67108864 largest_dma=67108864 largest_internal=67108864 requested_dma=512
[I][AlphaSave] SAVE_SCRATCH psram_bytes=11888
[I][AlphaSave] SAVE_CATALOG slot1=verified slot2=empty slot3=empty staged=1 bytes=5137 commit_us=98 verify_us=381 total_us=488
[I][AlphaSave] SD_HEAP operation=dma-reserve-restored state=save-catalog free_internal=67108864 free_dma=67108864 largest_dma=67108864 largest_internal=67108864 requested_dma=8192
[I][AlphaSave] SD_HEAP operation=release-reserved-dma state=load-latest free_internal=67108864 free_dma=67108864 largest_dma=67108864 largest_internal=67108864 requested_dma=8192
[I][AlphaSave] SD_HEAP operation=sd-window-open state=load-latest free_internal=67108864 free_dma=67108864 largest_dma=67108864 largest_internal=67108864 requested_dma=512
[I][AlphaSave] SAVE_SCRATCH psram_bytes=11888
[I][AlphaSave] load generation=2 save_slot=0 slot=0 time=2 ms status=0
[I][AlphaSave] SD_HEAP operation=dma-reserve-restored state=load-latest free_internal=67108864 free_dma=67108864 largest_dma=67108864 largest_internal=67108864 requested_dma=8192
  GREEN M3    three more boots: the same list and the same Continue, and still not one byte written
[I][AlphaSave] SD_HEAP operation=release-reserved-dma state=load-latest free_internal=67108864 free_dma=67108864 largest_dma=67108864 largest_internal=67108864 requested_dma=8192
[I][AlphaSave] SD_HEAP operation=sd-window-open state=load-latest free_internal=67108864 free_dma=67108864 largest_dma=67108864 largest_internal=67108864 requested_dma=512
[I][AlphaSave] SAVE_SCRATCH psram_bytes=11888
[I][AlphaSave] load generation=1 save_slot=0 slot=1 time=2 ms status=0
[I][AlphaSave] SD_HEAP operation=dma-reserve-restored state=load-latest free_internal=67108864 free_dma=67108864 largest_dma=67108864 largest_internal=67108864 requested_dma=8192
[I][AlphaSave] SD_HEAP operation=release-reserved-dma state=save-catalog free_internal=67108864 free_dma=67108864 largest_dma=67108864 largest_internal=67108864 requested_dma=8192
[I][AlphaSave] SD_HEAP operation=sd-window-open state=save-catalog free_internal=67108864 free_dma=67108864 largest_dma=67108864 largest_internal=67108864 requested_dma=512
[I][AlphaSave] SAVE_SCRATCH psram_bytes=11888
[I][AlphaSave] SAVE_CATALOG slot1=recovered slot2=empty slot3=empty staged=2 bytes=10025 commit_us=149 verify_us=490 total_us=664
[I][AlphaSave] SD_HEAP operation=dma-reserve-restored state=save-catalog free_internal=67108864 free_dma=67108864 largest_dma=67108864 largest_internal=67108864 requested_dma=8192
  GREEN M4    its own fallback survives: the newest torn, Continue restores the older generation (l1)
[I][AlphaSave] SD_HEAP operation=release-reserved-dma state=gameplay-save free_internal=67108864 free_dma=67108864 largest_dma=67108864 largest_internal=67108864 requested_dma=8192
[I][AlphaSave] SD_HEAP operation=sd-window-open state=gameplay-save free_internal=67108864 free_dma=67108864 largest_dma=67108864 largest_internal=67108864 requested_dma=512
[I][AlphaSave] SAVE_SCRATCH psram_bytes=11888
[I][AlphaSave] NEWGAME_SAVE stage=create-root-directory result=ok esp_err=ESP_OK errno=0 path=/sd/ultima5 stack_margin=32768
[I][AlphaSave] NEWGAME_SAVE stage=create-save-directory result=ok esp_err=ESP_OK errno=0 path=/sd/ultima5/saves stack_margin=32768
[I][AlphaSave] SD_HEAP operation=free-space-before state=gameplay-save free_internal=67108864 free_dma=67108864 largest_dma=67108864 largest_internal=67108864 requested_dma=512
[I][AlphaSave] SD_HEAP operation=free-space-call-enter state=gameplay-save free_internal=67108864 free_dma=67108864 largest_dma=67108864 largest_internal=67108864 requested_dma=512
[I][AlphaSave] SD_HEAP operation=free-space-call-exit state=gameplay-save free_internal=67108864 free_dma=67108864 largest_dma=67108864 largest_internal=67108864 requested_dma=512
[I][AlphaSave] SD_HEAP operation=free-space-after state=gameplay-save free_internal=67108864 free_dma=67108864 largest_dma=67108864 largest_internal=67108864 requested_dma=512
[I][AlphaSave] SD_SPACE path=/sd api=esp_vfs_fat_info/f_getfree return=ESP_OK(0x0) errno=0 total_bytes=34359738368 free_bytes=8589934592 total_sectors=67108864 free_sectors=16777216 sector_bytes=512
[I][AlphaSave] NEWGAME_SAVE stage=free-space-query result=ok esp_err=ESP_OK errno=0 path=/sd stack_margin=32768
[I][AlphaSave] NEWGAME_SAVE stage=free-space result=ok esp_err=ESP_OK errno=0 path=/sd stack_margin=32768
[I][AlphaSave] SAVE_TARGET save_slot=1 newest=-1 accepted=0 slot=1 keep=-1 sequence=3
[I][AlphaSave] NEWGAME_SAVE stage=gam-encode result=ok esp_err=ESP_OK errno=0 path=INIT.GAM stack_margin=32768
[I][AlphaSave] NEWGAME_SAVE stage=ool-encode result=ok esp_err=ESP_OK errno=0 path=INIT.OOL stack_margin=32768
[I][AlphaSave] NEWGAME_SAVE stage=json-encode result=ok esp_err=ESP_OK errno=0 path=sidecar stack_margin=32768
[I][AlphaSave] SD_HEAP operation=write-gam-temp state=gameplay-save free_internal=67108864 free_dma=67108864 largest_dma=67108864 largest_internal=67108864 requested_dma=512
[I][AlphaSave] NEWGAME_SAVE stage=write-gam-temp result=ok esp_err=ESP_OK errno=0 path=/sd/ultima5/saves/alpha1-s2-g1.gam.tmp stack_margin=32768
[I][AlphaSave] SD_HEAP operation=write-ool-temp state=gameplay-save free_internal=67108864 free_dma=67108864 largest_dma=67108864 largest_internal=67108864 requested_dma=512
[I][AlphaSave] NEWGAME_SAVE stage=write-ool-temp result=ok esp_err=ESP_OK errno=0 path=/sd/ultima5/saves/alpha1-s2-g1.ool.tmp stack_margin=32768
[I][AlphaSave] SD_HEAP operation=write-json-temp state=gameplay-save free_internal=67108864 free_dma=67108864 largest_dma=67108864 largest_internal=67108864 requested_dma=512
[I][AlphaSave] NEWGAME_SAVE stage=write-json-temp result=ok esp_err=ESP_OK errno=0 path=/sd/ultima5/saves/alpha1-s2-g1.json.tmp stack_margin=32768
[I][AlphaSave] SD_HEAP operation=crc-readback state=gameplay-save free_internal=67108864 free_dma=67108864 largest_dma=67108864 largest_internal=67108864 requested_dma=512
[I][AlphaSave] NEWGAME_SAVE stage=crc-readback result=ok esp_err=ESP_OK errno=0 path=/sd/ultima5/saves stack_margin=32768
[I][AlphaSave] NEWGAME_SAVE stage=rename-gam result=ok esp_err=ESP_OK errno=0 path=/sd/ultima5/saves/alpha1-s2-g1.gam stack_margin=32768
[I][AlphaSave] NEWGAME_SAVE stage=rename-ool result=ok esp_err=ESP_OK errno=0 path=/sd/ultima5/saves/alpha1-s2-g1.ool stack_margin=32768
[I][AlphaSave] NEWGAME_SAVE stage=rename-json result=ok esp_err=ESP_OK errno=0 path=/sd/ultima5/saves/alpha1-s2-g1.json stack_margin=32768
[I][AlphaSave] NEWGAME_SAVE stage=write-commit-temp result=ok esp_err=ESP_OK errno=0 path=/sd/ultima5/saves/alpha1-s2-g1.commit.tmp stack_margin=32768
[I][AlphaSave] NEWGAME_SAVE stage=rename-commit result=ok esp_err=ESP_OK errno=0 path=/sd/ultima5/saves/alpha1-s2-g1.commit stack_margin=32768
[I][AlphaSave] NEWGAME_SAVE stage=semantic-validation result=ok esp_err=ESP_OK errno=0 path=/sd/ultima5/saves/alpha1-s2-g1.commit stack_margin=32768
[I][AlphaSave] NEWGAME_SAVE stage=generation-final result=ok esp_err=ESP_OK errno=0 path=/sd/ultima5/saves/alpha1-s2-g1.commit stack_margin=32768
[I][AlphaSave] save generation=3 save_slot=1 slot=1 time=12 ms json=369
[I][AlphaSave] SD_HEAP operation=dma-reserve-restored state=gameplay-save free_internal=67108864 free_dma=67108864 largest_dma=67108864 largest_internal=67108864 requested_dma=8192
[I][AlphaSave] SD_HEAP operation=release-reserved-dma state=load-latest free_internal=67108864 free_dma=67108864 largest_dma=67108864 largest_internal=67108864 requested_dma=8192
[I][AlphaSave] SD_HEAP operation=sd-window-open state=load-latest free_internal=67108864 free_dma=67108864 largest_dma=67108864 largest_internal=67108864 requested_dma=512
[I][AlphaSave] SAVE_SCRATCH psram_bytes=11888
[I][AlphaSave] load generation=3 save_slot=1 slot=1 time=1 ms status=0
[I][AlphaSave] SD_HEAP operation=dma-reserve-restored state=load-latest free_internal=67108864 free_dma=67108864 largest_dma=67108864 largest_internal=67108864 requested_dma=8192
[I][AlphaSave] SD_HEAP operation=release-reserved-dma state=load-slot free_internal=67108864 free_dma=67108864 largest_dma=67108864 largest_internal=67108864 requested_dma=8192
[I][AlphaSave] SD_HEAP operation=sd-window-open state=load-slot free_internal=67108864 free_dma=67108864 largest_dma=67108864 largest_internal=67108864 requested_dma=512
[I][AlphaSave] SAVE_SCRATCH psram_bytes=11888
[I][AlphaSave] load save_slot=0 slot=0 time=2 ms status=0
[I][AlphaSave] SD_HEAP operation=dma-reserve-restored state=load-slot free_internal=67108864 free_dma=67108864 largest_dma=67108864 largest_internal=67108864 requested_dma=8192
  GREEN M5    a save to Slot 2 (sequence 3) adds only its own files: the old pair is byte for byte, still what an older firmware reads (alpha1-g0, seq 2), and Continue now restores Slot 2
[I][AlphaSave] SD_HEAP operation=release-reserved-dma state=gameplay-save free_internal=67108864 free_dma=67108864 largest_dma=67108864 largest_internal=67108864 requested_dma=8192
[I][AlphaSave] SD_HEAP operation=sd-window-open state=gameplay-save free_internal=67108864 free_dma=67108864 largest_dma=67108864 largest_internal=67108864 requested_dma=512
[I][AlphaSave] SAVE_SCRATCH psram_bytes=11888
[I][AlphaSave] NEWGAME_SAVE stage=create-root-directory result=ok esp_err=ESP_OK errno=0 path=/sd/ultima5 stack_margin=32768
[I][AlphaSave] NEWGAME_SAVE stage=create-save-directory result=ok esp_err=ESP_OK errno=0 path=/sd/ultima5/saves stack_margin=32768
[I][AlphaSave] SD_HEAP operation=free-space-before state=gameplay-save free_internal=67108864 free_dma=67108864 largest_dma=67108864 largest_internal=67108864 requested_dma=512
[I][AlphaSave] SD_HEAP operation=free-space-call-enter state=gameplay-save free_internal=67108864 free_dma=67108864 largest_dma=67108864 largest_internal=67108864 requested_dma=512
[I][AlphaSave] SD_HEAP operation=free-space-call-exit state=gameplay-save free_internal=67108864 free_dma=67108864 largest_dma=67108864 largest_internal=67108864 requested_dma=512
[I][AlphaSave] SD_HEAP operation=free-space-after state=gameplay-save free_internal=67108864 free_dma=67108864 largest_dma=67108864 largest_internal=67108864 requested_dma=512
[I][AlphaSave] SD_SPACE path=/sd api=esp_vfs_fat_info/f_getfree return=ESP_OK(0x0) errno=0 total_bytes=34359738368 free_bytes=8589934592 total_sectors=67108864 free_sectors=16777216 sector_bytes=512
[I][AlphaSave] NEWGAME_SAVE stage=free-space-query result=ok esp_err=ESP_OK errno=0 path=/sd stack_margin=32768
[I][AlphaSave] NEWGAME_SAVE stage=free-space result=ok esp_err=ESP_OK errno=0 path=/sd stack_margin=32768
[I][AlphaSave] SAVE_TARGET save_slot=0 newest=0 accepted=1 slot=1 keep=0 sequence=3
[I][AlphaSave] NEWGAME_SAVE stage=gam-encode result=ok esp_err=ESP_OK errno=0 path=INIT.GAM stack_margin=32768
[I][AlphaSave] NEWGAME_SAVE stage=ool-encode result=ok esp_err=ESP_OK errno=0 path=INIT.OOL stack_margin=32768
[I][AlphaSave] NEWGAME_SAVE stage=json-encode result=ok esp_err=ESP_OK errno=0 path=sidecar stack_margin=32768
[I][AlphaSave] SD_HEAP operation=write-gam-temp state=gameplay-save free_internal=67108864 free_dma=67108864 largest_dma=67108864 largest_internal=67108864 requested_dma=512
[I][AlphaSave] NEWGAME_SAVE stage=write-gam-temp result=ok esp_err=ESP_OK errno=0 path=/sd/ultima5/saves/alpha1-g1.gam.tmp stack_margin=32768
[I][AlphaSave] SD_HEAP operation=write-ool-temp state=gameplay-save free_internal=67108864 free_dma=67108864 largest_dma=67108864 largest_internal=67108864 requested_dma=512
[I][AlphaSave] NEWGAME_SAVE stage=write-ool-temp result=ok esp_err=ESP_OK errno=0 path=/sd/ultima5/saves/alpha1-g1.ool.tmp stack_margin=32768
[I][AlphaSave] SD_HEAP operation=write-json-temp state=gameplay-save free_internal=67108864 free_dma=67108864 largest_dma=67108864 largest_internal=67108864 requested_dma=512
[I][AlphaSave] NEWGAME_SAVE stage=write-json-temp result=ok esp_err=ESP_OK errno=0 path=/sd/ultima5/saves/alpha1-g1.json.tmp stack_margin=32768
[I][AlphaSave] SD_HEAP operation=crc-readback state=gameplay-save free_internal=67108864 free_dma=67108864 largest_dma=67108864 largest_internal=67108864 requested_dma=512
[I][AlphaSave] NEWGAME_SAVE stage=crc-readback result=ok esp_err=ESP_OK errno=0 path=/sd/ultima5/saves stack_margin=32768
[I][AlphaSave] NEWGAME_SAVE stage=rename-gam result=ok esp_err=ESP_OK errno=0 path=/sd/ultima5/saves/alpha1-g1.gam stack_margin=32768
[I][AlphaSave] NEWGAME_SAVE stage=rename-ool result=ok esp_err=ESP_OK errno=0 path=/sd/ultima5/saves/alpha1-g1.ool stack_margin=32768
[I][AlphaSave] NEWGAME_SAVE stage=rename-json result=ok esp_err=ESP_OK errno=0 path=/sd/ultima5/saves/alpha1-g1.json stack_margin=32768
[I][AlphaSave] NEWGAME_SAVE stage=write-commit-temp result=ok esp_err=ESP_OK errno=0 path=/sd/ultima5/saves/alpha1-g1.commit.tmp stack_margin=32768
[I][AlphaSave] NEWGAME_SAVE stage=rename-commit result=ok esp_err=ESP_OK errno=0 path=/sd/ultima5/saves/alpha1-g1.commit stack_margin=32768
[I][AlphaSave] NEWGAME_SAVE stage=semantic-validation result=ok esp_err=ESP_OK errno=0 path=/sd/ultima5/saves/alpha1-g1.commit stack_margin=32768
[I][AlphaSave] NEWGAME_SAVE stage=generation-final result=ok esp_err=ESP_OK errno=0 path=/sd/ultima5/saves/alpha1-g1.commit stack_margin=32768
[I][AlphaSave] save generation=3 save_slot=0 slot=1 time=12 ms json=369
[I][AlphaSave] SD_HEAP operation=dma-reserve-restored state=gameplay-save free_internal=67108864 free_dma=67108864 largest_dma=67108864 largest_internal=67108864 requested_dma=8192
[I][AlphaSave] SD_HEAP operation=release-reserved-dma state=load-slot free_internal=67108864 free_dma=67108864 largest_dma=67108864 largest_internal=67108864 requested_dma=8192
[I][AlphaSave] SD_HEAP operation=sd-window-open state=load-slot free_internal=67108864 free_dma=67108864 largest_dma=67108864 largest_internal=67108864 requested_dma=512
[I][AlphaSave] SAVE_SCRATCH psram_bytes=11888
[I][AlphaSave] load save_slot=0 slot=1 time=2 ms status=0
[I][AlphaSave] SD_HEAP operation=dma-reserve-restored state=load-slot free_internal=67108864 free_dma=67108864 largest_dma=67108864 largest_internal=67108864 requested_dma=8192
  GREEN M6    a save with no slot named (Alt+S before any load) on an old card rotates the old pair (alpha1-g1, seq 3), which an older firmware reads as its newest; no new files
[I][AlphaSave] SD_HEAP operation=release-reserved-dma state=gameplay-save free_internal=67108864 free_dma=67108864 largest_dma=67108864 largest_internal=67108864 requested_dma=8192
[I][AlphaSave] SD_HEAP operation=sd-window-open state=gameplay-save free_internal=67108864 free_dma=67108864 largest_dma=67108864 largest_internal=67108864 requested_dma=512
[I][AlphaSave] SAVE_SCRATCH psram_bytes=11888
[I][AlphaSave] NEWGAME_SAVE stage=create-root-directory result=ok esp_err=ESP_OK errno=0 path=/sd/ultima5 stack_margin=32768
[I][AlphaSave] NEWGAME_SAVE stage=create-save-directory result=ok esp_err=ESP_OK errno=0 path=/sd/ultima5/saves stack_margin=32768
[I][AlphaSave] SD_HEAP operation=free-space-before state=gameplay-save free_internal=67108864 free_dma=67108864 largest_dma=67108864 largest_internal=67108864 requested_dma=512
[I][AlphaSave] SD_HEAP operation=free-space-call-enter state=gameplay-save free_internal=67108864 free_dma=67108864 largest_dma=67108864 largest_internal=67108864 requested_dma=512
[I][AlphaSave] SD_HEAP operation=free-space-call-exit state=gameplay-save free_internal=67108864 free_dma=67108864 largest_dma=67108864 largest_internal=67108864 requested_dma=512
[I][AlphaSave] SD_HEAP operation=free-space-after state=gameplay-save free_internal=67108864 free_dma=67108864 largest_dma=67108864 largest_internal=67108864 requested_dma=512
[I][AlphaSave] SD_SPACE path=/sd api=esp_vfs_fat_info/f_getfree return=ESP_OK(0x0) errno=0 total_bytes=34359738368 free_bytes=8589934592 total_sectors=67108864 free_sectors=16777216 sector_bytes=512
[I][AlphaSave] NEWGAME_SAVE stage=free-space-query result=ok esp_err=ESP_OK errno=0 path=/sd stack_margin=32768
[I][AlphaSave] NEWGAME_SAVE stage=free-space result=ok esp_err=ESP_OK errno=0 path=/sd stack_margin=32768
[I][AlphaSave] SAVE_TARGET save_slot=1 newest=-1 accepted=0 slot=1 keep=-1 sequence=3
[I][AlphaSave] NEWGAME_SAVE stage=gam-encode result=ok esp_err=ESP_OK errno=0 path=INIT.GAM stack_margin=32768
[I][AlphaSave] NEWGAME_SAVE stage=ool-encode result=ok esp_err=ESP_OK errno=0 path=INIT.OOL stack_margin=32768
[I][AlphaSave] NEWGAME_SAVE stage=json-encode result=ok esp_err=ESP_OK errno=0 path=sidecar stack_margin=32768
[I][AlphaSave] SD_HEAP operation=write-gam-temp state=gameplay-save free_internal=67108864 free_dma=67108864 largest_dma=67108864 largest_internal=67108864 requested_dma=512
[I][AlphaSave] NEWGAME_SAVE stage=write-gam-temp result=ok esp_err=ESP_OK errno=0 path=/sd/ultima5/saves/alpha1-s2-g1.gam.tmp stack_margin=32768
[I][AlphaSave] SD_HEAP operation=write-ool-temp state=gameplay-save free_internal=67108864 free_dma=67108864 largest_dma=67108864 largest_internal=67108864 requested_dma=512
[I][AlphaSave] NEWGAME_SAVE stage=write-ool-temp result=ok esp_err=ESP_OK errno=0 path=/sd/ultima5/saves/alpha1-s2-g1.ool.tmp stack_margin=32768
[I][AlphaSave] SD_HEAP operation=write-json-temp state=gameplay-save free_internal=67108864 free_dma=67108864 largest_dma=67108864 largest_internal=67108864 requested_dma=512
[I][AlphaSave] NEWGAME_SAVE stage=write-json-temp result=ok esp_err=ESP_OK errno=0 path=/sd/ultima5/saves/alpha1-s2-g1.json.tmp stack_margin=32768
[I][AlphaSave] SD_HEAP operation=crc-readback state=gameplay-save free_internal=67108864 free_dma=67108864 largest_dma=67108864 largest_internal=67108864 requested_dma=512
[I][AlphaSave] NEWGAME_SAVE stage=crc-readback result=ok esp_err=ESP_OK errno=0 path=/sd/ultima5/saves stack_margin=32768
[I][AlphaSave] NEWGAME_SAVE stage=rename-gam result=ok esp_err=ESP_OK errno=0 path=/sd/ultima5/saves/alpha1-s2-g1.gam stack_margin=32768
[I][AlphaSave] NEWGAME_SAVE stage=rename-ool result=ok esp_err=ESP_OK errno=0 path=/sd/ultima5/saves/alpha1-s2-g1.ool stack_margin=32768
[I][AlphaSave] NEWGAME_SAVE stage=rename-json result=ok esp_err=ESP_OK errno=0 path=/sd/ultima5/saves/alpha1-s2-g1.json stack_margin=32768
[I][AlphaSave] NEWGAME_SAVE stage=write-commit-temp result=ok esp_err=ESP_OK errno=0 path=/sd/ultima5/saves/alpha1-s2-g1.commit.tmp stack_margin=32768
[I][AlphaSave] NEWGAME_SAVE stage=rename-commit result=ok esp_err=ESP_OK errno=0 path=/sd/ultima5/saves/alpha1-s2-g1.commit stack_margin=32768
[I][AlphaSave] NEWGAME_SAVE stage=semantic-validation result=ok esp_err=ESP_OK errno=0 path=/sd/ultima5/saves/alpha1-s2-g1.commit stack_margin=32768
[I][AlphaSave] NEWGAME_SAVE stage=generation-final result=ok esp_err=ESP_OK errno=0 path=/sd/ultima5/saves/alpha1-s2-g1.commit stack_margin=32768
[I][AlphaSave] save generation=3 save_slot=1 slot=1 time=11 ms json=369
[I][AlphaSave] SD_HEAP operation=dma-reserve-restored state=gameplay-save free_internal=67108864 free_dma=67108864 largest_dma=67108864 largest_internal=67108864 requested_dma=8192
[I][AlphaSave] SD_HEAP operation=release-reserved-dma state=load-latest free_internal=67108864 free_dma=67108864 largest_dma=67108864 largest_internal=67108864 requested_dma=8192
[I][AlphaSave] SD_HEAP operation=sd-window-open state=load-latest free_internal=67108864 free_dma=67108864 largest_dma=67108864 largest_internal=67108864 requested_dma=512
[I][AlphaSave] SAVE_SCRATCH psram_bytes=11888
[I][AlphaSave] load generation=3 save_slot=0 slot=1 time=6 ms status=0
[I][AlphaSave] SD_HEAP operation=dma-reserve-restored state=load-latest free_internal=67108864 free_dma=67108864 largest_dma=67108864 largest_internal=67108864 requested_dma=8192
[I][AlphaSave] SD_HEAP operation=release-reserved-dma state=load-latest free_internal=67108864 free_dma=67108864 largest_dma=67108864 largest_internal=67108864 requested_dma=8192
[I][AlphaSave] SD_HEAP operation=sd-window-open state=load-latest free_internal=67108864 free_dma=67108864 largest_dma=67108864 largest_internal=67108864 requested_dma=512
[I][AlphaSave] SAVE_SCRATCH psram_bytes=11888
[I][AlphaSave] load generation=3 save_slot=0 slot=1 time=2 ms status=0
[I][AlphaSave] SD_HEAP operation=dma-reserve-restored state=load-latest free_internal=67108864 free_dma=67108864 largest_dma=67108864 largest_internal=67108864 requested_dma=8192
[I][AlphaSave] SD_HEAP operation=release-reserved-dma state=load-slot free_internal=67108864 free_dma=67108864 largest_dma=67108864 largest_internal=67108864 requested_dma=8192
[I][AlphaSave] SD_HEAP operation=sd-window-open state=load-slot free_internal=67108864 free_dma=67108864 largest_dma=67108864 largest_internal=67108864 requested_dma=512
[I][AlphaSave] SAVE_SCRATCH psram_bytes=11888
[I][AlphaSave] load save_slot=1 slot=1 time=1 ms status=0
[I][AlphaSave] SD_HEAP operation=dma-reserve-restored state=load-slot free_internal=67108864 free_dma=67108864 largest_dma=67108864 largest_internal=67108864 requested_dma=8192
  GREEN M7    after a downgrade and upgrade, equal sequences (3 and 3): Continue restores Slot 1 on every boot; Slot 2 intact

[R] the runtime: the journey's slot, Alt+S / Alt+L, New Journey
[I][AlphaSave] SD_HEAP operation=release-reserved-dma state=gameplay-save free_internal=67108864 free_dma=67108864 largest_dma=67108864 largest_internal=67108864 requested_dma=8192
[I][AlphaSave] SD_HEAP operation=sd-window-open state=gameplay-save free_internal=67108864 free_dma=67108864 largest_dma=67108864 largest_internal=67108864 requested_dma=512
[I][AlphaSave] SAVE_SCRATCH psram_bytes=11888
[I][AlphaSave] NEWGAME_SAVE stage=create-root-directory result=ok esp_err=ESP_OK errno=0 path=/sd/ultima5 stack_margin=32768
[I][AlphaSave] NEWGAME_SAVE stage=create-save-directory result=ok esp_err=ESP_OK errno=0 path=/sd/ultima5/saves stack_margin=32768
[I][AlphaSave] SD_HEAP operation=free-space-before state=gameplay-save free_internal=67108864 free_dma=67108864 largest_dma=67108864 largest_internal=67108864 requested_dma=512
[I][AlphaSave] SD_HEAP operation=free-space-call-enter state=gameplay-save free_internal=67108864 free_dma=67108864 largest_dma=67108864 largest_internal=67108864 requested_dma=512
[I][AlphaSave] SD_HEAP operation=free-space-call-exit state=gameplay-save free_internal=67108864 free_dma=67108864 largest_dma=67108864 largest_internal=67108864 requested_dma=512
[I][AlphaSave] SD_HEAP operation=free-space-after state=gameplay-save free_internal=67108864 free_dma=67108864 largest_dma=67108864 largest_internal=67108864 requested_dma=512
[I][AlphaSave] SD_SPACE path=/sd api=esp_vfs_fat_info/f_getfree return=ESP_OK(0x0) errno=0 total_bytes=34359738368 free_bytes=8589934592 total_sectors=67108864 free_sectors=16777216 sector_bytes=512
[I][AlphaSave] NEWGAME_SAVE stage=free-space-query result=ok esp_err=ESP_OK errno=0 path=/sd stack_margin=32768
[I][AlphaSave] NEWGAME_SAVE stage=free-space result=ok esp_err=ESP_OK errno=0 path=/sd stack_margin=32768
[I][AlphaSave] SAVE_TARGET save_slot=0 newest=-1 accepted=0 slot=1 keep=-1 sequence=1
[I][AlphaSave] NEWGAME_SAVE stage=gam-encode result=ok esp_err=ESP_OK errno=0 path=INIT.GAM stack_margin=32768
[I][AlphaSave] NEWGAME_SAVE stage=ool-encode result=ok esp_err=ESP_OK errno=0 path=INIT.OOL stack_margin=32768
[I][AlphaSave] NEWGAME_SAVE stage=json-encode result=ok esp_err=ESP_OK errno=0 path=sidecar stack_margin=32768
[I][AlphaSave] SD_HEAP operation=write-gam-temp state=gameplay-save free_internal=67108864 free_dma=67108864 largest_dma=67108864 largest_internal=67108864 requested_dma=512
[I][AlphaSave] NEWGAME_SAVE stage=write-gam-temp result=ok esp_err=ESP_OK errno=0 path=/sd/ultima5/saves/alpha1-g1.gam.tmp stack_margin=32768
[I][AlphaSave] SD_HEAP operation=write-ool-temp state=gameplay-save free_internal=67108864 free_dma=67108864 largest_dma=67108864 largest_internal=67108864 requested_dma=512
[I][AlphaSave] NEWGAME_SAVE stage=write-ool-temp result=ok esp_err=ESP_OK errno=0 path=/sd/ultima5/saves/alpha1-g1.ool.tmp stack_margin=32768
[I][AlphaSave] SD_HEAP operation=write-json-temp state=gameplay-save free_internal=67108864 free_dma=67108864 largest_dma=67108864 largest_internal=67108864 requested_dma=512
[I][AlphaSave] NEWGAME_SAVE stage=write-json-temp result=ok esp_err=ESP_OK errno=0 path=/sd/ultima5/saves/alpha1-g1.json.tmp stack_margin=32768
[I][AlphaSave] SD_HEAP operation=crc-readback state=gameplay-save free_internal=67108864 free_dma=67108864 largest_dma=67108864 largest_internal=67108864 requested_dma=512
[I][AlphaSave] NEWGAME_SAVE stage=crc-readback result=ok esp_err=ESP_OK errno=0 path=/sd/ultima5/saves stack_margin=32768
[I][AlphaSave] NEWGAME_SAVE stage=rename-gam result=ok esp_err=ESP_OK errno=0 path=/sd/ultima5/saves/alpha1-g1.gam stack_margin=32768
[I][AlphaSave] NEWGAME_SAVE stage=rename-ool result=ok esp_err=ESP_OK errno=0 path=/sd/ultima5/saves/alpha1-g1.ool stack_margin=32768
[I][AlphaSave] NEWGAME_SAVE stage=rename-json result=ok esp_err=ESP_OK errno=0 path=/sd/ultima5/saves/alpha1-g1.json stack_margin=32768
[I][AlphaSave] NEWGAME_SAVE stage=write-commit-temp result=ok esp_err=ESP_OK errno=0 path=/sd/ultima5/saves/alpha1-g1.commit.tmp stack_margin=32768
[I][AlphaSave] NEWGAME_SAVE stage=rename-commit result=ok esp_err=ESP_OK errno=0 path=/sd/ultima5/saves/alpha1-g1.commit stack_margin=32768
[I][AlphaSave] NEWGAME_SAVE stage=semantic-validation result=ok esp_err=ESP_OK errno=0 path=/sd/ultima5/saves/alpha1-g1.commit stack_margin=32768
[I][AlphaSave] NEWGAME_SAVE stage=generation-final result=ok esp_err=ESP_OK errno=0 path=/sd/ultima5/saves/alpha1-g1.commit stack_margin=32768
[I][AlphaSave] save generation=1 save_slot=0 slot=1 time=9 ms json=369
[I][AlphaSave] SD_HEAP operation=dma-reserve-restored state=gameplay-save free_internal=67108864 free_dma=67108864 largest_dma=67108864 largest_internal=67108864 requested_dma=8192
[I][AlphaSave] SD_HEAP operation=release-reserved-dma state=gameplay-save free_internal=67108864 free_dma=67108864 largest_dma=67108864 largest_internal=67108864 requested_dma=8192
[I][AlphaSave] SD_HEAP operation=sd-window-open state=gameplay-save free_internal=67108864 free_dma=67108864 largest_dma=67108864 largest_internal=67108864 requested_dma=512
[I][AlphaSave] NEWGAME_SAVE stage=create-root-directory result=ok esp_err=ESP_OK errno=0 path=/sd/ultima5 stack_margin=32768
[I][AlphaSave] NEWGAME_SAVE stage=create-save-directory result=ok esp_err=ESP_OK errno=0 path=/sd/ultima5/saves stack_margin=32768
[I][AlphaSave] SD_HEAP operation=free-space-before state=gameplay-save free_internal=67108864 free_dma=67108864 largest_dma=67108864 largest_internal=67108864 requested_dma=512
[I][AlphaSave] SD_HEAP operation=free-space-call-enter state=gameplay-save free_internal=67108864 free_dma=67108864 largest_dma=67108864 largest_internal=67108864 requested_dma=512
[I][AlphaSave] SD_HEAP operation=free-space-call-exit state=gameplay-save free_internal=67108864 free_dma=67108864 largest_dma=67108864 largest_internal=67108864 requested_dma=512
[I][AlphaSave] SD_HEAP operation=free-space-after state=gameplay-save free_internal=67108864 free_dma=67108864 largest_dma=67108864 largest_internal=67108864 requested_dma=512
[I][AlphaSave] SD_SPACE path=/sd api=esp_vfs_fat_info/f_getfree return=ESP_OK(0x0) errno=0 total_bytes=34359738368 free_bytes=8589934592 total_sectors=67108864 free_sectors=16777216 sector_bytes=512
[I][AlphaSave] NEWGAME_SAVE stage=free-space-query result=ok esp_err=ESP_OK errno=0 path=/sd stack_margin=32768
[I][AlphaSave] NEWGAME_SAVE stage=free-space result=ok esp_err=ESP_OK errno=0 path=/sd stack_margin=32768
[I][AlphaSave] SAVE_TARGET save_slot=1 newest=-1 accepted=0 slot=1 keep=-1 sequence=2
[I][AlphaSave] NEWGAME_SAVE stage=gam-encode result=ok esp_err=ESP_OK errno=0 path=INIT.GAM stack_margin=32768
[I][AlphaSave] NEWGAME_SAVE stage=ool-encode result=ok esp_err=ESP_OK errno=0 path=INIT.OOL stack_margin=32768
[I][AlphaSave] NEWGAME_SAVE stage=json-encode result=ok esp_err=ESP_OK errno=0 path=sidecar stack_margin=32768
[I][AlphaSave] SD_HEAP operation=write-gam-temp state=gameplay-save free_internal=67108864 free_dma=67108864 largest_dma=67108864 largest_internal=67108864 requested_dma=512
[I][AlphaSave] NEWGAME_SAVE stage=write-gam-temp result=ok esp_err=ESP_OK errno=0 path=/sd/ultima5/saves/alpha1-s2-g1.gam.tmp stack_margin=32768
[I][AlphaSave] SD_HEAP operation=write-ool-temp state=gameplay-save free_internal=67108864 free_dma=67108864 largest_dma=67108864 largest_internal=67108864 requested_dma=512
[I][AlphaSave] NEWGAME_SAVE stage=write-ool-temp result=ok esp_err=ESP_OK errno=0 path=/sd/ultima5/saves/alpha1-s2-g1.ool.tmp stack_margin=32768
[I][AlphaSave] SD_HEAP operation=write-json-temp state=gameplay-save free_internal=67108864 free_dma=67108864 largest_dma=67108864 largest_internal=67108864 requested_dma=512
[I][AlphaSave] NEWGAME_SAVE stage=write-json-temp result=ok esp_err=ESP_OK errno=0 path=/sd/ultima5/saves/alpha1-s2-g1.json.tmp stack_margin=32768
[I][AlphaSave] SD_HEAP operation=crc-readback state=gameplay-save free_internal=67108864 free_dma=67108864 largest_dma=67108864 largest_internal=67108864 requested_dma=512
[I][AlphaSave] NEWGAME_SAVE stage=crc-readback result=ok esp_err=ESP_OK errno=0 path=/sd/ultima5/saves stack_margin=32768
[I][AlphaSave] NEWGAME_SAVE stage=rename-gam result=ok esp_err=ESP_OK errno=0 path=/sd/ultima5/saves/alpha1-s2-g1.gam stack_margin=32768
[I][AlphaSave] NEWGAME_SAVE stage=rename-ool result=ok esp_err=ESP_OK errno=0 path=/sd/ultima5/saves/alpha1-s2-g1.ool stack_margin=32768
[I][AlphaSave] NEWGAME_SAVE stage=rename-json result=ok esp_err=ESP_OK errno=0 path=/sd/ultima5/saves/alpha1-s2-g1.json stack_margin=32768
[I][AlphaSave] NEWGAME_SAVE stage=write-commit-temp result=ok esp_err=ESP_OK errno=0 path=/sd/ultima5/saves/alpha1-s2-g1.commit.tmp stack_margin=32768
[I][AlphaSave] NEWGAME_SAVE stage=rename-commit result=ok esp_err=ESP_OK errno=0 path=/sd/ultima5/saves/alpha1-s2-g1.commit stack_margin=32768
[I][AlphaSave] NEWGAME_SAVE stage=semantic-validation result=ok esp_err=ESP_OK errno=0 path=/sd/ultima5/saves/alpha1-s2-g1.commit stack_margin=32768
[I][AlphaSave] NEWGAME_SAVE stage=generation-final result=ok esp_err=ESP_OK errno=0 path=/sd/ultima5/saves/alpha1-s2-g1.commit stack_margin=32768
[I][AlphaSave] save generation=2 save_slot=1 slot=1 time=8 ms json=369
[I][AlphaSave] SD_HEAP operation=dma-reserve-restored state=gameplay-save free_internal=67108864 free_dma=67108864 largest_dma=67108864 largest_internal=67108864 requested_dma=8192
[I][AlphaSave] SD_HEAP operation=release-reserved-dma state=gameplay-save free_internal=67108864 free_dma=67108864 largest_dma=67108864 largest_internal=67108864 requested_dma=8192
[I][AlphaSave] SD_HEAP operation=sd-window-open state=gameplay-save free_internal=67108864 free_dma=67108864 largest_dma=67108864 largest_internal=67108864 requested_dma=512
[I][AlphaSave] NEWGAME_SAVE stage=create-root-directory result=ok esp_err=ESP_OK errno=0 path=/sd/ultima5 stack_margin=32768
[I][AlphaSave] NEWGAME_SAVE stage=create-save-directory result=ok esp_err=ESP_OK errno=0 path=/sd/ultima5/saves stack_margin=32768
[I][AlphaSave] SD_HEAP operation=free-space-before state=gameplay-save free_internal=67108864 free_dma=67108864 largest_dma=67108864 largest_internal=67108864 requested_dma=512
[I][AlphaSave] SD_HEAP operation=free-space-call-enter state=gameplay-save free_internal=67108864 free_dma=67108864 largest_dma=67108864 largest_internal=67108864 requested_dma=512
[I][AlphaSave] SD_HEAP operation=free-space-call-exit state=gameplay-save free_internal=67108864 free_dma=67108864 largest_dma=67108864 largest_internal=67108864 requested_dma=512
[I][AlphaSave] SD_HEAP operation=free-space-after state=gameplay-save free_internal=67108864 free_dma=67108864 largest_dma=67108864 largest_internal=67108864 requested_dma=512
[I][AlphaSave] SD_SPACE path=/sd api=esp_vfs_fat_info/f_getfree return=ESP_OK(0x0) errno=0 total_bytes=34359738368 free_bytes=8589934592 total_sectors=67108864 free_sectors=16777216 sector_bytes=512
[I][AlphaSave] NEWGAME_SAVE stage=free-space-query result=ok esp_err=ESP_OK errno=0 path=/sd stack_margin=32768
[I][AlphaSave] NEWGAME_SAVE stage=free-space result=ok esp_err=ESP_OK errno=0 path=/sd stack_margin=32768
[I][AlphaSave] SAVE_TARGET save_slot=2 newest=-1 accepted=0 slot=1 keep=-1 sequence=3
[I][AlphaSave] NEWGAME_SAVE stage=gam-encode result=ok esp_err=ESP_OK errno=0 path=INIT.GAM stack_margin=32768
[I][AlphaSave] NEWGAME_SAVE stage=ool-encode result=ok esp_err=ESP_OK errno=0 path=INIT.OOL stack_margin=32768
[I][AlphaSave] NEWGAME_SAVE stage=json-encode result=ok esp_err=ESP_OK errno=0 path=sidecar stack_margin=32768
[I][AlphaSave] SD_HEAP operation=write-gam-temp state=gameplay-save free_internal=67108864 free_dma=67108864 largest_dma=67108864 largest_internal=67108864 requested_dma=512
[I][AlphaSave] NEWGAME_SAVE stage=write-gam-temp result=ok esp_err=ESP_OK errno=0 path=/sd/ultima5/saves/alpha1-s3-g1.gam.tmp stack_margin=32768
[I][AlphaSave] SD_HEAP operation=write-ool-temp state=gameplay-save free_internal=67108864 free_dma=67108864 largest_dma=67108864 largest_internal=67108864 requested_dma=512
[I][AlphaSave] NEWGAME_SAVE stage=write-ool-temp result=ok esp_err=ESP_OK errno=0 path=/sd/ultima5/saves/alpha1-s3-g1.ool.tmp stack_margin=32768
[I][AlphaSave] SD_HEAP operation=write-json-temp state=gameplay-save free_internal=67108864 free_dma=67108864 largest_dma=67108864 largest_internal=67108864 requested_dma=512
[I][AlphaSave] NEWGAME_SAVE stage=write-json-temp result=ok esp_err=ESP_OK errno=0 path=/sd/ultima5/saves/alpha1-s3-g1.json.tmp stack_margin=32768
[I][AlphaSave] SD_HEAP operation=crc-readback state=gameplay-save free_internal=67108864 free_dma=67108864 largest_dma=67108864 largest_internal=67108864 requested_dma=512
[I][AlphaSave] NEWGAME_SAVE stage=crc-readback result=ok esp_err=ESP_OK errno=0 path=/sd/ultima5/saves stack_margin=32768
[I][AlphaSave] NEWGAME_SAVE stage=rename-gam result=ok esp_err=ESP_OK errno=0 path=/sd/ultima5/saves/alpha1-s3-g1.gam stack_margin=32768
[I][AlphaSave] NEWGAME_SAVE stage=rename-ool result=ok esp_err=ESP_OK errno=0 path=/sd/ultima5/saves/alpha1-s3-g1.ool stack_margin=32768
[I][AlphaSave] NEWGAME_SAVE stage=rename-json result=ok esp_err=ESP_OK errno=0 path=/sd/ultima5/saves/alpha1-s3-g1.json stack_margin=32768
[I][AlphaSave] NEWGAME_SAVE stage=write-commit-temp result=ok esp_err=ESP_OK errno=0 path=/sd/ultima5/saves/alpha1-s3-g1.commit.tmp stack_margin=32768
[I][AlphaSave] NEWGAME_SAVE stage=rename-commit result=ok esp_err=ESP_OK errno=0 path=/sd/ultima5/saves/alpha1-s3-g1.commit stack_margin=32768
[I][AlphaSave] NEWGAME_SAVE stage=semantic-validation result=ok esp_err=ESP_OK errno=0 path=/sd/ultima5/saves/alpha1-s3-g1.commit stack_margin=32768
[I][AlphaSave] NEWGAME_SAVE stage=generation-final result=ok esp_err=ESP_OK errno=0 path=/sd/ultima5/saves/alpha1-s3-g1.commit stack_margin=32768
[I][AlphaSave] save generation=3 save_slot=2 slot=1 time=7 ms json=369
[I][AlphaSave] SD_HEAP operation=dma-reserve-restored state=gameplay-save free_internal=67108864 free_dma=67108864 largest_dma=67108864 largest_internal=67108864 requested_dma=8192
[I][AlphaRuntime] INPUT_EDGE raw=00,00,00,00,00 prev=00,00,00,00,00 matrix=0,0 physical=matrix-key edge=press mods=S0,A1,H0 printable=6d base=00 symbol=00 ui=explore emitted=system-menu action_char=0 shortcut=none
[I][AlphaSave] SD_HEAP operation=release-reserved-dma state=save-catalog free_internal=67108864 free_dma=67108864 largest_dma=67108864 largest_internal=67108864 requested_dma=8192
[I][AlphaSave] SD_HEAP operation=sd-window-open state=save-catalog free_internal=67108864 free_dma=67108864 largest_dma=67108864 largest_internal=67108864 requested_dma=512
[I][AlphaSave] SAVE_CATALOG slot1=verified slot2=verified slot3=verified staged=3 bytes=15315 commit_us=193 verify_us=1154 total_us=1352
[I][AlphaSave] SD_HEAP operation=dma-reserve-restored state=save-catalog free_internal=67108864 free_dma=67108864 largest_dma=67108864 largest_internal=67108864 requested_dma=8192
[I][AlphaRuntime] SYSTEM_MENU action=toggle open=1 gameplay_command=none
[I][AlphaRuntime] SYSTEM_MENU action=direction accepted=1 open=1 gameplay_command=none
[I][AlphaRuntime] SYSTEM_MENU action=direction accepted=1 open=1 gameplay_command=none
[I][AlphaRuntime] INPUT_EDGE raw=00,00,00,00,00 prev=00,00,00,00,00 matrix=0,0 physical=matrix-key edge=press mods=S0,A0,H0 printable=0d base=00 symbol=00 ui=inventory emitted=confirm action_char=0 shortcut=none
[I][AlphaRuntime] SYSTEM_MENU action=confirm accepted=1 open=1 gameplay_command=none
[I][AlphaRuntime] INPUT_EDGE raw=00,00,00,00,00 prev=00,00,00,00,00 matrix=0,0 physical=matrix-key edge=press mods=S0,A0,H0 printable=0d base=00 symbol=00 ui=inventory emitted=confirm action_char=0 shortcut=none
[I][AlphaSave] SD_HEAP operation=release-reserved-dma state=load-slot free_internal=67108864 free_dma=67108864 largest_dma=67108864 largest_internal=67108864 requested_dma=8192
[I][AlphaSave] SD_HEAP operation=sd-window-open state=load-slot free_internal=67108864 free_dma=67108864 largest_dma=67108864 largest_internal=67108864 requested_dma=512
[I][AlphaSave] load save_slot=1 slot=1 time=1 ms status=0
[I][AlphaSave] SD_HEAP operation=dma-reserve-restored state=load-slot free_internal=67108864 free_dma=67108864 largest_dma=67108864 largest_internal=67108864 requested_dma=8192
[I][AlphaRuntime] U5OBJ CLEAR site=load-restore pool_before=0
[I][AlphaRuntime] WORLD_OBJECTS_RESTORE count=0
[I][AlphaRuntime] DUNGEON_RESTORE active=0 dungeon=33 depth=0
[I][AlphaRuntime] LOAD_TRANSIENT_RESET ui=explore->explore request=0 views=0 questions=0
[I][AlphaRuntime] SYSTEM_MENU action=confirm accepted=1 open=0 gameplay_command=none
[I][AlphaRuntime] INPUT_EDGE raw=00,00,00,00,00 prev=00,00,00,00,00 matrix=0,0 physical=matrix-key edge=press mods=S0,A1,H0 printable=73 base=00 symbol=00 ui=explore emitted=confirm action_char=0 shortcut=save
[I][AlphaSave] SD_HEAP operation=release-reserved-dma state=gameplay-save free_internal=67108864 free_dma=67108864 largest_dma=67108864 largest_internal=67108864 requested_dma=8192
[I][AlphaSave] SD_HEAP operation=sd-window-open state=gameplay-save free_internal=67108864 free_dma=67108864 largest_dma=67108864 largest_internal=67108864 requested_dma=512
[I][AlphaSave] NEWGAME_SAVE stage=create-root-directory result=ok esp_err=ESP_OK errno=0 path=/sd/ultima5 stack_margin=32768
[I][AlphaSave] NEWGAME_SAVE stage=create-save-directory result=ok esp_err=ESP_OK errno=0 path=/sd/ultima5/saves stack_margin=32768
[I][AlphaSave] SD_HEAP operation=free-space-before state=gameplay-save free_internal=67108864 free_dma=67108864 largest_dma=67108864 largest_internal=67108864 requested_dma=512
[I][AlphaSave] SD_HEAP operation=free-space-call-enter state=gameplay-save free_internal=67108864 free_dma=67108864 largest_dma=67108864 largest_internal=67108864 requested_dma=512
[I][AlphaSave] SD_HEAP operation=free-space-call-exit state=gameplay-save free_internal=67108864 free_dma=67108864 largest_dma=67108864 largest_internal=67108864 requested_dma=512
[I][AlphaSave] SD_HEAP operation=free-space-after state=gameplay-save free_internal=67108864 free_dma=67108864 largest_dma=67108864 largest_internal=67108864 requested_dma=512
[I][AlphaSave] SD_SPACE path=/sd api=esp_vfs_fat_info/f_getfree return=ESP_OK(0x0) errno=0 total_bytes=34359738368 free_bytes=8589934592 total_sectors=67108864 free_sectors=16777216 sector_bytes=512
[I][AlphaSave] NEWGAME_SAVE stage=free-space-query result=ok esp_err=ESP_OK errno=0 path=/sd stack_margin=32768
[I][AlphaSave] NEWGAME_SAVE stage=free-space result=ok esp_err=ESP_OK errno=0 path=/sd stack_margin=32768
[I][AlphaSave] SAVE_TARGET save_slot=1 newest=1 accepted=1 slot=0 keep=1 sequence=4
[I][AlphaSave] NEWGAME_SAVE stage=gam-encode result=ok esp_err=ESP_OK errno=0 path=INIT.GAM stack_margin=32768
[I][AlphaSave] NEWGAME_SAVE stage=ool-encode result=ok esp_err=ESP_OK errno=0 path=INIT.OOL stack_margin=32768
[I][AlphaSave] NEWGAME_SAVE stage=json-encode result=ok esp_err=ESP_OK errno=0 path=sidecar stack_margin=32768
[I][AlphaSave] SD_HEAP operation=write-gam-temp state=gameplay-save free_internal=67108864 free_dma=67108864 largest_dma=67108864 largest_internal=67108864 requested_dma=512
[I][AlphaSave] NEWGAME_SAVE stage=write-gam-temp result=ok esp_err=ESP_OK errno=0 path=/sd/ultima5/saves/alpha1-s2-g0.gam.tmp stack_margin=32768
[I][AlphaSave] SD_HEAP operation=write-ool-temp state=gameplay-save free_internal=67108864 free_dma=67108864 largest_dma=67108864 largest_internal=67108864 requested_dma=512
[I][AlphaSave] NEWGAME_SAVE stage=write-ool-temp result=ok esp_err=ESP_OK errno=0 path=/sd/ultima5/saves/alpha1-s2-g0.ool.tmp stack_margin=32768
[I][AlphaSave] SD_HEAP operation=write-json-temp state=gameplay-save free_internal=67108864 free_dma=67108864 largest_dma=67108864 largest_internal=67108864 requested_dma=512
[I][AlphaSave] NEWGAME_SAVE stage=write-json-temp result=ok esp_err=ESP_OK errno=0 path=/sd/ultima5/saves/alpha1-s2-g0.json.tmp stack_margin=32768
[I][AlphaSave] SD_HEAP operation=crc-readback state=gameplay-save free_internal=67108864 free_dma=67108864 largest_dma=67108864 largest_internal=67108864 requested_dma=512
[I][AlphaSave] NEWGAME_SAVE stage=crc-readback result=ok esp_err=ESP_OK errno=0 path=/sd/ultima5/saves stack_margin=32768
[I][AlphaSave] NEWGAME_SAVE stage=rename-gam result=ok esp_err=ESP_OK errno=0 path=/sd/ultima5/saves/alpha1-s2-g0.gam stack_margin=32768
[I][AlphaSave] NEWGAME_SAVE stage=rename-ool result=ok esp_err=ESP_OK errno=0 path=/sd/ultima5/saves/alpha1-s2-g0.ool stack_margin=32768
[I][AlphaSave] NEWGAME_SAVE stage=rename-json result=ok esp_err=ESP_OK errno=0 path=/sd/ultima5/saves/alpha1-s2-g0.json stack_margin=32768
[I][AlphaSave] NEWGAME_SAVE stage=write-commit-temp result=ok esp_err=ESP_OK errno=0 path=/sd/ultima5/saves/alpha1-s2-g0.commit.tmp stack_margin=32768
[I][AlphaSave] NEWGAME_SAVE stage=rename-commit result=ok esp_err=ESP_OK errno=0 path=/sd/ultima5/saves/alpha1-s2-g0.commit stack_margin=32768
[I][AlphaSave] NEWGAME_SAVE stage=semantic-validation result=ok esp_err=ESP_OK errno=0 path=/sd/ultima5/saves/alpha1-s2-g0.commit stack_margin=32768
[I][AlphaSave] NEWGAME_SAVE stage=generation-final result=ok esp_err=ESP_OK errno=0 path=/sd/ultima5/saves/alpha1-s2-g0.commit stack_margin=32768
[I][AlphaSave] save generation=4 save_slot=1 slot=0 time=8 ms json=369
[I][AlphaSave] SD_HEAP operation=dma-reserve-restored state=gameplay-save free_internal=67108864 free_dma=67108864 largest_dma=67108864 largest_internal=67108864 requested_dma=8192
[I][AlphaRuntime] debug teleport rebind moved=0 prior_dungeon=0 location=0 floor=0 xy=22,23 dungeon=0
[I][AlphaRuntime] INPUT_ROUTE action=confirm ui=explore gameplay_command=none
[I][AlphaSave] SD_HEAP operation=release-reserved-dma state=load-slot free_internal=67108864 free_dma=67108864 largest_dma=67108864 largest_internal=67108864 requested_dma=8192
[I][AlphaSave] SD_HEAP operation=sd-window-open state=load-slot free_internal=67108864 free_dma=67108864 largest_dma=67108864 largest_internal=67108864 requested_dma=512
[I][AlphaSave] SAVE_SCRATCH psram_bytes=11888
[I][AlphaSave] load save_slot=1 slot=0 time=2 ms status=0
[I][AlphaSave] SD_HEAP operation=dma-reserve-restored state=load-slot free_internal=67108864 free_dma=67108864 largest_dma=67108864 largest_internal=67108864 requested_dma=8192
[I][AlphaSave] SD_HEAP operation=release-reserved-dma state=load-latest free_internal=67108864 free_dma=67108864 largest_dma=67108864 largest_internal=67108864 requested_dma=8192
[I][AlphaSave] SD_HEAP operation=sd-window-open state=load-latest free_internal=67108864 free_dma=67108864 largest_dma=67108864 largest_internal=67108864 requested_dma=512
[I][AlphaSave] SAVE_SCRATCH psram_bytes=11888
[I][AlphaSave] load generation=4 save_slot=1 slot=0 time=2 ms status=0
[I][AlphaSave] SD_HEAP operation=dma-reserve-restored state=load-latest free_internal=67108864 free_dma=67108864 largest_dma=67108864 largest_internal=67108864 requested_dma=8192
  GREEN R1    Slot 2 loaded from the menu, then Alt+S: it saves Slot 2 (not Slot 3, the newest); Slots 1 and 3 byte for byte
[I][AlphaSave] SD_HEAP operation=release-reserved-dma state=gameplay-save free_internal=67108864 free_dma=67108864 largest_dma=67108864 largest_internal=67108864 requested_dma=8192
[I][AlphaSave] SD_HEAP operation=sd-window-open state=gameplay-save free_internal=67108864 free_dma=67108864 largest_dma=67108864 largest_internal=67108864 requested_dma=512
[I][AlphaSave] SAVE_SCRATCH psram_bytes=11888
[I][AlphaSave] NEWGAME_SAVE stage=create-root-directory result=ok esp_err=ESP_OK errno=0 path=/sd/ultima5 stack_margin=32768
[I][AlphaSave] NEWGAME_SAVE stage=create-save-directory result=ok esp_err=ESP_OK errno=0 path=/sd/ultima5/saves stack_margin=32768
[I][AlphaSave] SD_HEAP operation=free-space-before state=gameplay-save free_internal=67108864 free_dma=67108864 largest_dma=67108864 largest_internal=67108864 requested_dma=512
[I][AlphaSave] SD_HEAP operation=free-space-call-enter state=gameplay-save free_internal=67108864 free_dma=67108864 largest_dma=67108864 largest_internal=67108864 requested_dma=512
[I][AlphaSave] SD_HEAP operation=free-space-call-exit state=gameplay-save free_internal=67108864 free_dma=67108864 largest_dma=67108864 largest_internal=67108864 requested_dma=512
[I][AlphaSave] SD_HEAP operation=free-space-after state=gameplay-save free_internal=67108864 free_dma=67108864 largest_dma=67108864 largest_internal=67108864 requested_dma=512
[I][AlphaSave] SD_SPACE path=/sd api=esp_vfs_fat_info/f_getfree return=ESP_OK(0x0) errno=0 total_bytes=34359738368 free_bytes=8589934592 total_sectors=67108864 free_sectors=16777216 sector_bytes=512
[I][AlphaSave] NEWGAME_SAVE stage=free-space-query result=ok esp_err=ESP_OK errno=0 path=/sd stack_margin=32768
[I][AlphaSave] NEWGAME_SAVE stage=free-space result=ok esp_err=ESP_OK errno=0 path=/sd stack_margin=32768
[I][AlphaSave] SAVE_TARGET save_slot=2 newest=1 accepted=1 slot=0 keep=1 sequence=5
[I][AlphaSave] NEWGAME_SAVE stage=gam-encode result=ok esp_err=ESP_OK errno=0 path=INIT.GAM stack_margin=32768
[I][AlphaSave] NEWGAME_SAVE stage=ool-encode result=ok esp_err=ESP_OK errno=0 path=INIT.OOL stack_margin=32768
[I][AlphaSave] NEWGAME_SAVE stage=json-encode result=ok esp_err=ESP_OK errno=0 path=sidecar stack_margin=32768
[I][AlphaSave] SD_HEAP operation=write-gam-temp state=gameplay-save free_internal=67108864 free_dma=67108864 largest_dma=67108864 largest_internal=67108864 requested_dma=512
[I][AlphaSave] NEWGAME_SAVE stage=write-gam-temp result=ok esp_err=ESP_OK errno=0 path=/sd/ultima5/saves/alpha1-s3-g0.gam.tmp stack_margin=32768
[I][AlphaSave] SD_HEAP operation=write-ool-temp state=gameplay-save free_internal=67108864 free_dma=67108864 largest_dma=67108864 largest_internal=67108864 requested_dma=512
[I][AlphaSave] NEWGAME_SAVE stage=write-ool-temp result=ok esp_err=ESP_OK errno=0 path=/sd/ultima5/saves/alpha1-s3-g0.ool.tmp stack_margin=32768
[I][AlphaSave] SD_HEAP operation=write-json-temp state=gameplay-save free_internal=67108864 free_dma=67108864 largest_dma=67108864 largest_internal=67108864 requested_dma=512
[I][AlphaSave] NEWGAME_SAVE stage=write-json-temp result=ok esp_err=ESP_OK errno=0 path=/sd/ultima5/saves/alpha1-s3-g0.json.tmp stack_margin=32768
[I][AlphaSave] SD_HEAP operation=crc-readback state=gameplay-save free_internal=67108864 free_dma=67108864 largest_dma=67108864 largest_internal=67108864 requested_dma=512
[I][AlphaSave] NEWGAME_SAVE stage=crc-readback result=ok esp_err=ESP_OK errno=0 path=/sd/ultima5/saves stack_margin=32768
[I][AlphaSave] NEWGAME_SAVE stage=rename-gam result=ok esp_err=ESP_OK errno=0 path=/sd/ultima5/saves/alpha1-s3-g0.gam stack_margin=32768
[I][AlphaSave] NEWGAME_SAVE stage=rename-ool result=ok esp_err=ESP_OK errno=0 path=/sd/ultima5/saves/alpha1-s3-g0.ool stack_margin=32768
[I][AlphaSave] NEWGAME_SAVE stage=rename-json result=ok esp_err=ESP_OK errno=0 path=/sd/ultima5/saves/alpha1-s3-g0.json stack_margin=32768
[I][AlphaSave] NEWGAME_SAVE stage=write-commit-temp result=ok esp_err=ESP_OK errno=0 path=/sd/ultima5/saves/alpha1-s3-g0.commit.tmp stack_margin=32768
[I][AlphaSave] NEWGAME_SAVE stage=rename-commit result=ok esp_err=ESP_OK errno=0 path=/sd/ultima5/saves/alpha1-s3-g0.commit stack_margin=32768
[I][AlphaSave] NEWGAME_SAVE stage=semantic-validation result=ok esp_err=ESP_OK errno=0 path=/sd/ultima5/saves/alpha1-s3-g0.commit stack_margin=32768
[I][AlphaSave] NEWGAME_SAVE stage=generation-final result=ok esp_err=ESP_OK errno=0 path=/sd/ultima5/saves/alpha1-s3-g0.commit stack_margin=32768
[I][AlphaSave] save generation=5 save_slot=2 slot=0 time=9 ms json=369
[I][AlphaSave] SD_HEAP operation=dma-reserve-restored state=gameplay-save free_internal=67108864 free_dma=67108864 largest_dma=67108864 largest_internal=67108864 requested_dma=8192
[I][AlphaRuntime] INPUT_EDGE raw=00,00,00,00,00 prev=00,00,00,00,00 matrix=0,0 physical=matrix-key edge=press mods=S0,A1,H0 printable=6c base=00 symbol=00 ui=explore emitted=confirm action_char=0 shortcut=load
[I][AlphaSave] SD_HEAP operation=release-reserved-dma state=load-slot free_internal=67108864 free_dma=67108864 largest_dma=67108864 largest_internal=67108864 requested_dma=8192
[I][AlphaSave] SD_HEAP operation=sd-window-open state=load-slot free_internal=67108864 free_dma=67108864 largest_dma=67108864 largest_internal=67108864 requested_dma=512
[I][AlphaSave] load save_slot=1 slot=0 time=2 ms status=0
[I][AlphaSave] SD_HEAP operation=dma-reserve-restored state=load-slot free_internal=67108864 free_dma=67108864 largest_dma=67108864 largest_internal=67108864 requested_dma=8192
[I][AlphaRuntime] U5OBJ CLEAR site=load-restore pool_before=0
[I][AlphaRuntime] WORLD_OBJECTS_RESTORE count=0
[I][AlphaRuntime] DUNGEON_RESTORE active=0 dungeon=33 depth=0
[I][AlphaRuntime] LOAD_TRANSIENT_RESET ui=explore->explore request=0 views=0 questions=0
[I][AlphaRuntime] debug teleport rebind moved=1 prior_dungeon=0 location=0 floor=0 xy=22,23 dungeon=0
[I][AlphaRuntime] INPUT_ROUTE action=confirm ui=explore gameplay_command=none
[I][AlphaSave] SD_HEAP operation=release-reserved-dma state=load-latest free_internal=67108864 free_dma=67108864 largest_dma=67108864 largest_internal=67108864 requested_dma=8192
[I][AlphaSave] SD_HEAP operation=sd-window-open state=load-latest free_internal=67108864 free_dma=67108864 largest_dma=67108864 largest_internal=67108864 requested_dma=512
[I][AlphaSave] SAVE_SCRATCH psram_bytes=11888
[I][AlphaSave] load generation=5 save_slot=2 slot=0 time=2 ms status=0
[I][AlphaSave] SD_HEAP operation=dma-reserve-restored state=load-latest free_internal=67108864 free_dma=67108864 largest_dma=67108864 largest_internal=67108864 requested_dma=8192
  GREEN R2    Alt+L reloads the journey's slot (Slot 2, B2), not Continue's (Slot 3, saved last)
[I][AlphaRuntime] INPUT_EDGE raw=00,00,00,00,00 prev=00,00,00,00,00 matrix=0,0 physical=matrix-key edge=press mods=S0,A1,H0 printable=6d base=00 symbol=00 ui=explore emitted=system-menu action_char=0 shortcut=none
[I][AlphaSave] SD_HEAP operation=release-reserved-dma state=save-catalog free_internal=67108864 free_dma=67108864 largest_dma=67108864 largest_internal=67108864 requested_dma=8192
[I][AlphaSave] SD_HEAP operation=sd-window-open state=save-catalog free_internal=67108864 free_dma=67108864 largest_dma=67108864 largest_internal=67108864 requested_dma=512
[I][AlphaSave] SAVE_CATALOG slot1=cached slot2=cached slot3=verified staged=1 bytes=5233 commit_us=146 verify_us=428 total_us=592
[I][AlphaSave] SD_HEAP operation=dma-reserve-restored state=save-catalog free_internal=67108864 free_dma=67108864 largest_dma=67108864 largest_internal=67108864 requested_dma=8192
[I][AlphaRuntime] SYSTEM_MENU action=toggle open=1 gameplay_command=none
[I][AlphaRuntime] SYSTEM_MENU action=direction accepted=1 open=1 gameplay_command=none
[I][AlphaRuntime] INPUT_EDGE raw=00,00,00,00,00 prev=00,00,00,00,00 matrix=0,0 physical=matrix-key edge=press mods=S0,A0,H0 printable=0d base=00 symbol=00 ui=inventory emitted=confirm action_char=0 shortcut=none
[I][AlphaRuntime] SYSTEM_MENU action=confirm accepted=1 open=1 gameplay_command=none
[I][AlphaRuntime] SYSTEM_MENU action=direction accepted=1 open=1 gameplay_command=none
[I][AlphaRuntime] SYSTEM_MENU action=direction accepted=1 open=1 gameplay_command=none
[I][AlphaRuntime] INPUT_EDGE raw=00,00,00,00,00 prev=00,00,00,00,00 matrix=0,0 physical=matrix-key edge=press mods=S0,A0,H0 printable=0d base=00 symbol=00 ui=inventory emitted=confirm action_char=0 shortcut=none
[I][AlphaRuntime] SYSTEM_MENU action=confirm accepted=1 open=1 gameplay_command=none
[I][AlphaRuntime] SYSTEM_MENU action=direction accepted=1 open=1 gameplay_command=none
[I][AlphaRuntime] INPUT_EDGE raw=00,00,00,00,00 prev=00,00,00,00,00 matrix=0,0 physical=matrix-key edge=press mods=S0,A0,H0 printable=0d base=00 symbol=00 ui=inventory emitted=confirm action_char=0 shortcut=none
[I][AlphaSave] SD_HEAP operation=release-reserved-dma state=gameplay-save free_internal=67108864 free_dma=67108864 largest_dma=67108864 largest_internal=67108864 requested_dma=8192
[I][AlphaSave] SD_HEAP operation=sd-window-open state=gameplay-save free_internal=67108864 free_dma=67108864 largest_dma=67108864 largest_internal=67108864 requested_dma=512
[I][AlphaSave] NEWGAME_SAVE stage=create-root-directory result=ok esp_err=ESP_OK errno=0 path=/sd/ultima5 stack_margin=32768
[I][AlphaSave] NEWGAME_SAVE stage=create-save-directory result=ok esp_err=ESP_OK errno=0 path=/sd/ultima5/saves stack_margin=32768
[I][AlphaSave] SD_HEAP operation=free-space-before state=gameplay-save free_internal=67108864 free_dma=67108864 largest_dma=67108864 largest_internal=67108864 requested_dma=512
[I][AlphaSave] SD_HEAP operation=free-space-call-enter state=gameplay-save free_internal=67108864 free_dma=67108864 largest_dma=67108864 largest_internal=67108864 requested_dma=512
[I][AlphaSave] SD_HEAP operation=free-space-call-exit state=gameplay-save free_internal=67108864 free_dma=67108864 largest_dma=67108864 largest_internal=67108864 requested_dma=512
[I][AlphaSave] SD_HEAP operation=free-space-after state=gameplay-save free_internal=67108864 free_dma=67108864 largest_dma=67108864 largest_internal=67108864 requested_dma=512
[I][AlphaSave] SD_SPACE path=/sd api=esp_vfs_fat_info/f_getfree return=ESP_OK(0x0) errno=0 total_bytes=34359738368 free_bytes=8589934592 total_sectors=67108864 free_sectors=16777216 sector_bytes=512
[I][AlphaSave] NEWGAME_SAVE stage=free-space-query result=ok esp_err=ESP_OK errno=0 path=/sd stack_margin=32768
[I][AlphaSave] NEWGAME_SAVE stage=free-space result=ok esp_err=ESP_OK errno=0 path=/sd stack_margin=32768
[I][AlphaSave] SAVE_TARGET save_slot=0 newest=1 accepted=1 slot=0 keep=1 sequence=6
[I][AlphaSave] NEWGAME_SAVE stage=gam-encode result=ok esp_err=ESP_OK errno=0 path=INIT.GAM stack_margin=32768
[I][AlphaSave] NEWGAME_SAVE stage=ool-encode result=ok esp_err=ESP_OK errno=0 path=INIT.OOL stack_margin=32768
[I][AlphaSave] NEWGAME_SAVE stage=json-encode result=ok esp_err=ESP_OK errno=0 path=sidecar stack_margin=32768
[I][AlphaSave] SD_HEAP operation=write-gam-temp state=gameplay-save free_internal=67108864 free_dma=67108864 largest_dma=67108864 largest_internal=67108864 requested_dma=512
[I][AlphaSave] NEWGAME_SAVE stage=write-gam-temp result=ok esp_err=ESP_OK errno=0 path=/sd/ultima5/saves/alpha1-g0.gam.tmp stack_margin=32768
[I][AlphaSave] SD_HEAP operation=write-ool-temp state=gameplay-save free_internal=67108864 free_dma=67108864 largest_dma=67108864 largest_internal=67108864 requested_dma=512
[I][AlphaSave] NEWGAME_SAVE stage=write-ool-temp result=ok esp_err=ESP_OK errno=0 path=/sd/ultima5/saves/alpha1-g0.ool.tmp stack_margin=32768
[I][AlphaSave] SD_HEAP operation=write-json-temp state=gameplay-save free_internal=67108864 free_dma=67108864 largest_dma=67108864 largest_internal=67108864 requested_dma=512
[I][AlphaSave] NEWGAME_SAVE stage=write-json-temp result=ok esp_err=ESP_OK errno=0 path=/sd/ultima5/saves/alpha1-g0.json.tmp stack_margin=32768
[I][AlphaSave] SD_HEAP operation=crc-readback state=gameplay-save free_internal=67108864 free_dma=67108864 largest_dma=67108864 largest_internal=67108864 requested_dma=512
[I][AlphaSave] NEWGAME_SAVE stage=crc-readback result=ok esp_err=ESP_OK errno=0 path=/sd/ultima5/saves stack_margin=32768
[I][AlphaSave] NEWGAME_SAVE stage=rename-gam result=ok esp_err=ESP_OK errno=0 path=/sd/ultima5/saves/alpha1-g0.gam stack_margin=32768
[I][AlphaSave] NEWGAME_SAVE stage=rename-ool result=ok esp_err=ESP_OK errno=0 path=/sd/ultima5/saves/alpha1-g0.ool stack_margin=32768
[I][AlphaSave] NEWGAME_SAVE stage=rename-json result=ok esp_err=ESP_OK errno=0 path=/sd/ultima5/saves/alpha1-g0.json stack_margin=32768
[I][AlphaSave] NEWGAME_SAVE stage=write-commit-temp result=ok esp_err=ESP_OK errno=0 path=/sd/ultima5/saves/alpha1-g0.commit.tmp stack_margin=32768
[I][AlphaSave] NEWGAME_SAVE stage=rename-commit result=ok esp_err=ESP_OK errno=0 path=/sd/ultima5/saves/alpha1-g0.commit stack_margin=32768
[I][AlphaSave] NEWGAME_SAVE stage=semantic-validation result=ok esp_err=ESP_OK errno=0 path=/sd/ultima5/saves/alpha1-g0.commit stack_margin=32768
[I][AlphaSave] NEWGAME_SAVE stage=generation-final result=ok esp_err=ESP_OK errno=0 path=/sd/ultima5/saves/alpha1-g0.commit stack_margin=32768
[I][AlphaSave] save generation=6 save_slot=0 slot=0 time=9 ms json=369
[I][AlphaSave] SD_HEAP operation=dma-reserve-restored state=gameplay-save free_internal=67108864 free_dma=67108864 largest_dma=67108864 largest_internal=67108864 requested_dma=8192
[I][AlphaSave] SD_HEAP operation=release-reserved-dma state=save-catalog free_internal=67108864 free_dma=67108864 largest_dma=67108864 largest_internal=67108864 requested_dma=8192
[I][AlphaSave] SD_HEAP operation=sd-window-open state=save-catalog free_internal=67108864 free_dma=67108864 largest_dma=67108864 largest_internal=67108864 requested_dma=512
[I][AlphaSave] SAVE_CATALOG slot1=cached slot2=cached slot3=cached staged=0 bytes=192 commit_us=179 verify_us=0 total_us=184
[I][AlphaSave] SD_HEAP operation=dma-reserve-restored state=save-catalog free_internal=67108864 free_dma=67108864 largest_dma=67108864 largest_internal=67108864 requested_dma=8192
[I][AlphaRuntime] SYSTEM_MENU action=confirm accepted=1 open=1 gameplay_command=none
[I][AlphaRuntime] INPUT_EDGE raw=00,00,00,00,00 prev=00,00,00,00,00 matrix=0,0 physical=matrix-key edge=press mods=S0,A1,H0 printable=6d base=00 symbol=00 ui=inventory emitted=system-menu action_char=0 shortcut=none
[I][AlphaSave] SD_HEAP operation=release-reserved-dma state=settings-save free_internal=67108864 free_dma=67108864 largest_dma=67108864 largest_internal=67108864 requested_dma=8192
[I][AlphaSave] SD_HEAP operation=sd-window-open state=settings-save free_internal=67108864 free_dma=67108864 largest_dma=67108864 largest_internal=67108864 requested_dma=512
[I][AlphaSave] SD_HEAP operation=dma-reserve-restored state=settings-save free_internal=67108864 free_dma=67108864 largest_dma=67108864 largest_internal=67108864 requested_dma=8192
[I][AlphaRuntime] SYSTEM_MENU action=toggle open=0 gameplay_command=none
[I][AlphaRuntime] INPUT_EDGE raw=00,00,00,00,00 prev=00,00,00,00,00 matrix=0,0 physical=matrix-key edge=press mods=S0,A1,H0 printable=73 base=00 symbol=00 ui=explore emitted=confirm action_char=0 shortcut=save
[I][AlphaSave] SD_HEAP operation=release-reserved-dma state=gameplay-save free_internal=67108864 free_dma=67108864 largest_dma=67108864 largest_internal=67108864 requested_dma=8192
[I][AlphaSave] SD_HEAP operation=sd-window-open state=gameplay-save free_internal=67108864 free_dma=67108864 largest_dma=67108864 largest_internal=67108864 requested_dma=512
[I][AlphaSave] NEWGAME_SAVE stage=create-root-directory result=ok esp_err=ESP_OK errno=0 path=/sd/ultima5 stack_margin=32768
[I][AlphaSave] NEWGAME_SAVE stage=create-save-directory result=ok esp_err=ESP_OK errno=0 path=/sd/ultima5/saves stack_margin=32768
[I][AlphaSave] SD_HEAP operation=free-space-before state=gameplay-save free_internal=67108864 free_dma=67108864 largest_dma=67108864 largest_internal=67108864 requested_dma=512
[I][AlphaSave] SD_HEAP operation=free-space-call-enter state=gameplay-save free_internal=67108864 free_dma=67108864 largest_dma=67108864 largest_internal=67108864 requested_dma=512
[I][AlphaSave] SD_HEAP operation=free-space-call-exit state=gameplay-save free_internal=67108864 free_dma=67108864 largest_dma=67108864 largest_internal=67108864 requested_dma=512
[I][AlphaSave] SD_HEAP operation=free-space-after state=gameplay-save free_internal=67108864 free_dma=67108864 largest_dma=67108864 largest_internal=67108864 requested_dma=512
[I][AlphaSave] SD_SPACE path=/sd api=esp_vfs_fat_info/f_getfree return=ESP_OK(0x0) errno=0 total_bytes=34359738368 free_bytes=8589934592 total_sectors=67108864 free_sectors=16777216 sector_bytes=512
[I][AlphaSave] NEWGAME_SAVE stage=free-space-query result=ok esp_err=ESP_OK errno=0 path=/sd stack_margin=32768
[I][AlphaSave] NEWGAME_SAVE stage=free-space result=ok esp_err=ESP_OK errno=0 path=/sd stack_margin=32768
[I][AlphaSave] SAVE_TARGET save_slot=0 newest=0 accepted=1 slot=1 keep=0 sequence=7
[I][AlphaSave] NEWGAME_SAVE stage=gam-encode result=ok esp_err=ESP_OK errno=0 path=INIT.GAM stack_margin=32768
[I][AlphaSave] NEWGAME_SAVE stage=ool-encode result=ok esp_err=ESP_OK errno=0 path=INIT.OOL stack_margin=32768
[I][AlphaSave] NEWGAME_SAVE stage=json-encode result=ok esp_err=ESP_OK errno=0 path=sidecar stack_margin=32768
[I][AlphaSave] SD_HEAP operation=write-gam-temp state=gameplay-save free_internal=67108864 free_dma=67108864 largest_dma=67108864 largest_internal=67108864 requested_dma=512
[I][AlphaSave] NEWGAME_SAVE stage=write-gam-temp result=ok esp_err=ESP_OK errno=0 path=/sd/ultima5/saves/alpha1-g1.gam.tmp stack_margin=32768
[I][AlphaSave] SD_HEAP operation=write-ool-temp state=gameplay-save free_internal=67108864 free_dma=67108864 largest_dma=67108864 largest_internal=67108864 requested_dma=512
[I][AlphaSave] NEWGAME_SAVE stage=write-ool-temp result=ok esp_err=ESP_OK errno=0 path=/sd/ultima5/saves/alpha1-g1.ool.tmp stack_margin=32768
[I][AlphaSave] SD_HEAP operation=write-json-temp state=gameplay-save free_internal=67108864 free_dma=67108864 largest_dma=67108864 largest_internal=67108864 requested_dma=512
[I][AlphaSave] NEWGAME_SAVE stage=write-json-temp result=ok esp_err=ESP_OK errno=0 path=/sd/ultima5/saves/alpha1-g1.json.tmp stack_margin=32768
[I][AlphaSave] SD_HEAP operation=crc-readback state=gameplay-save free_internal=67108864 free_dma=67108864 largest_dma=67108864 largest_internal=67108864 requested_dma=512
[I][AlphaSave] NEWGAME_SAVE stage=crc-readback result=ok esp_err=ESP_OK errno=0 path=/sd/ultima5/saves stack_margin=32768
[I][AlphaSave] NEWGAME_SAVE stage=rename-gam result=ok esp_err=ESP_OK errno=0 path=/sd/ultima5/saves/alpha1-g1.gam stack_margin=32768
[I][AlphaSave] NEWGAME_SAVE stage=rename-ool result=ok esp_err=ESP_OK errno=0 path=/sd/ultima5/saves/alpha1-g1.ool stack_margin=32768
[I][AlphaSave] NEWGAME_SAVE stage=rename-json result=ok esp_err=ESP_OK errno=0 path=/sd/ultima5/saves/alpha1-g1.json stack_margin=32768
[I][AlphaSave] NEWGAME_SAVE stage=write-commit-temp result=ok esp_err=ESP_OK errno=0 path=/sd/ultima5/saves/alpha1-g1.commit.tmp stack_margin=32768
[I][AlphaSave] NEWGAME_SAVE stage=rename-commit result=ok esp_err=ESP_OK errno=0 path=/sd/ultima5/saves/alpha1-g1.commit stack_margin=32768
[I][AlphaSave] NEWGAME_SAVE stage=semantic-validation result=ok esp_err=ESP_OK errno=0 path=/sd/ultima5/saves/alpha1-g1.commit stack_margin=32768
[I][AlphaSave] NEWGAME_SAVE stage=generation-final result=ok esp_err=ESP_OK errno=0 path=/sd/ultima5/saves/alpha1-g1.commit stack_margin=32768
[I][AlphaSave] save generation=7 save_slot=0 slot=1 time=8 ms json=369
[I][AlphaSave] SD_HEAP operation=dma-reserve-restored state=gameplay-save free_internal=67108864 free_dma=67108864 largest_dma=67108864 largest_internal=67108864 requested_dma=8192
[I][AlphaRuntime] debug teleport rebind moved=0 prior_dungeon=0 location=0 floor=0 xy=32,33 dungeon=0
[I][AlphaRuntime] INPUT_ROUTE action=confirm ui=explore gameplay_command=none
[I][AlphaSave] SD_HEAP operation=release-reserved-dma state=load-slot free_internal=67108864 free_dma=67108864 largest_dma=67108864 largest_internal=67108864 requested_dma=8192
[I][AlphaSave] SD_HEAP operation=sd-window-open state=load-slot free_internal=67108864 free_dma=67108864 largest_dma=67108864 largest_internal=67108864 requested_dma=512
[I][AlphaSave] SAVE_SCRATCH psram_bytes=11888
[I][AlphaSave] load save_slot=0 slot=1 time=2 ms status=0
[I][AlphaSave] SD_HEAP operation=dma-reserve-restored state=load-slot free_internal=67108864 free_dma=67108864 largest_dma=67108864 largest_internal=67108864 requested_dma=8192
[I][AlphaSave] SD_HEAP operation=release-reserved-dma state=load-slot free_internal=67108864 free_dma=67108864 largest_dma=67108864 largest_internal=67108864 requested_dma=8192
[I][AlphaSave] SD_HEAP operation=sd-window-open state=load-slot free_internal=67108864 free_dma=67108864 largest_dma=67108864 largest_internal=67108864 requested_dma=512
[I][AlphaSave] SAVE_SCRATCH psram_bytes=11888
[I][AlphaSave] load save_slot=1 slot=0 time=2 ms status=0
[I][AlphaSave] SD_HEAP operation=dma-reserve-restored state=load-slot free_internal=67108864 free_dma=67108864 largest_dma=67108864 largest_internal=67108864 requested_dma=8192
  GREEN R3    after Save Game to Slot 1, Alt+S follows the journey to Slot 1
[I][AlphaSave] SD_HEAP operation=release-reserved-dma state=gameplay-save free_internal=67108864 free_dma=67108864 largest_dma=67108864 largest_internal=67108864 requested_dma=8192
[I][AlphaSave] SD_HEAP operation=sd-window-open state=gameplay-save free_internal=67108864 free_dma=67108864 largest_dma=67108864 largest_internal=67108864 requested_dma=512
[I][AlphaSave] SAVE_SCRATCH psram_bytes=11888
[I][AlphaSave] NEWGAME_SAVE stage=create-root-directory result=ok esp_err=ESP_OK errno=0 path=/sd/ultima5 stack_margin=32768
[I][AlphaSave] NEWGAME_SAVE stage=create-save-directory result=ok esp_err=ESP_OK errno=0 path=/sd/ultima5/saves stack_margin=32768
[I][AlphaSave] SD_HEAP operation=free-space-before state=gameplay-save free_internal=67108864 free_dma=67108864 largest_dma=67108864 largest_internal=67108864 requested_dma=512
[I][AlphaSave] SD_HEAP operation=free-space-call-enter state=gameplay-save free_internal=67108864 free_dma=67108864 largest_dma=67108864 largest_internal=67108864 requested_dma=512
[I][AlphaSave] SD_HEAP operation=free-space-call-exit state=gameplay-save free_internal=67108864 free_dma=67108864 largest_dma=67108864 largest_internal=67108864 requested_dma=512
[I][AlphaSave] SD_HEAP operation=free-space-after state=gameplay-save free_internal=67108864 free_dma=67108864 largest_dma=67108864 largest_internal=67108864 requested_dma=512
[I][AlphaSave] SD_SPACE path=/sd api=esp_vfs_fat_info/f_getfree return=ESP_OK(0x0) errno=0 total_bytes=34359738368 free_bytes=8589934592 total_sectors=67108864 free_sectors=16777216 sector_bytes=512
[I][AlphaSave] NEWGAME_SAVE stage=free-space-query result=ok esp_err=ESP_OK errno=0 path=/sd stack_margin=32768
[I][AlphaSave] NEWGAME_SAVE stage=free-space result=ok esp_err=ESP_OK errno=0 path=/sd stack_margin=32768
[I][AlphaSave] SAVE_TARGET save_slot=0 newest=-1 accepted=0 slot=1 keep=-1 sequence=1
[I][AlphaSave] NEWGAME_SAVE stage=gam-encode result=ok esp_err=ESP_OK errno=0 path=INIT.GAM stack_margin=32768
[I][AlphaSave] NEWGAME_SAVE stage=ool-encode result=ok esp_err=ESP_OK errno=0 path=INIT.OOL stack_margin=32768
[I][AlphaSave] NEWGAME_SAVE stage=json-encode result=ok esp_err=ESP_OK errno=0 path=sidecar stack_margin=32768
[I][AlphaSave] SD_HEAP operation=write-gam-temp state=gameplay-save free_internal=67108864 free_dma=67108864 largest_dma=67108864 largest_internal=67108864 requested_dma=512
[I][AlphaSave] NEWGAME_SAVE stage=write-gam-temp result=ok esp_err=ESP_OK errno=0 path=/sd/ultima5/saves/alpha1-g1.gam.tmp stack_margin=32768
[I][AlphaSave] SD_HEAP operation=write-ool-temp state=gameplay-save free_internal=67108864 free_dma=67108864 largest_dma=67108864 largest_internal=67108864 requested_dma=512
[I][AlphaSave] NEWGAME_SAVE stage=write-ool-temp result=ok esp_err=ESP_OK errno=0 path=/sd/ultima5/saves/alpha1-g1.ool.tmp stack_margin=32768
[I][AlphaSave] SD_HEAP operation=write-json-temp state=gameplay-save free_internal=67108864 free_dma=67108864 largest_dma=67108864 largest_internal=67108864 requested_dma=512
[I][AlphaSave] NEWGAME_SAVE stage=write-json-temp result=ok esp_err=ESP_OK errno=0 path=/sd/ultima5/saves/alpha1-g1.json.tmp stack_margin=32768
[I][AlphaSave] SD_HEAP operation=crc-readback state=gameplay-save free_internal=67108864 free_dma=67108864 largest_dma=67108864 largest_internal=67108864 requested_dma=512
[I][AlphaSave] NEWGAME_SAVE stage=crc-readback result=ok esp_err=ESP_OK errno=0 path=/sd/ultima5/saves stack_margin=32768
[I][AlphaSave] NEWGAME_SAVE stage=rename-gam result=ok esp_err=ESP_OK errno=0 path=/sd/ultima5/saves/alpha1-g1.gam stack_margin=32768
[I][AlphaSave] NEWGAME_SAVE stage=rename-ool result=ok esp_err=ESP_OK errno=0 path=/sd/ultima5/saves/alpha1-g1.ool stack_margin=32768
[I][AlphaSave] NEWGAME_SAVE stage=rename-json result=ok esp_err=ESP_OK errno=0 path=/sd/ultima5/saves/alpha1-g1.json stack_margin=32768
[I][AlphaSave] NEWGAME_SAVE stage=write-commit-temp result=ok esp_err=ESP_OK errno=0 path=/sd/ultima5/saves/alpha1-g1.commit.tmp stack_margin=32768
[I][AlphaSave] NEWGAME_SAVE stage=rename-commit result=ok esp_err=ESP_OK errno=0 path=/sd/ultima5/saves/alpha1-g1.commit stack_margin=32768
[I][AlphaSave] NEWGAME_SAVE stage=semantic-validation result=ok esp_err=ESP_OK errno=0 path=/sd/ultima5/saves/alpha1-g1.commit stack_margin=32768
[I][AlphaSave] NEWGAME_SAVE stage=generation-final result=ok esp_err=ESP_OK errno=0 path=/sd/ultima5/saves/alpha1-g1.commit stack_margin=32768
[I][AlphaSave] save generation=1 save_slot=0 slot=1 time=4 ms json=369
[I][AlphaSave] SD_HEAP operation=dma-reserve-restored state=gameplay-save free_internal=67108864 free_dma=67108864 largest_dma=67108864 largest_internal=67108864 requested_dma=8192
[I][AlphaSave] SD_HEAP operation=release-reserved-dma state=gameplay-save free_internal=67108864 free_dma=67108864 largest_dma=67108864 largest_internal=67108864 requested_dma=8192
[I][AlphaSave] SD_HEAP operation=sd-window-open state=gameplay-save free_internal=67108864 free_dma=67108864 largest_dma=67108864 largest_internal=67108864 requested_dma=512
[I][AlphaSave] NEWGAME_SAVE stage=create-root-directory result=ok esp_err=ESP_OK errno=0 path=/sd/ultima5 stack_margin=32768
[I][AlphaSave] NEWGAME_SAVE stage=create-save-directory result=ok esp_err=ESP_OK errno=0 path=/sd/ultima5/saves stack_margin=32768
[I][AlphaSave] SD_HEAP operation=free-space-before state=gameplay-save free_internal=67108864 free_dma=67108864 largest_dma=67108864 largest_internal=67108864 requested_dma=512
[I][AlphaSave] SD_HEAP operation=free-space-call-enter state=gameplay-save free_internal=67108864 free_dma=67108864 largest_dma=67108864 largest_internal=67108864 requested_dma=512
[I][AlphaSave] SD_HEAP operation=free-space-call-exit state=gameplay-save free_internal=67108864 free_dma=67108864 largest_dma=67108864 largest_internal=67108864 requested_dma=512
[I][AlphaSave] SD_HEAP operation=free-space-after state=gameplay-save free_internal=67108864 free_dma=67108864 largest_dma=67108864 largest_internal=67108864 requested_dma=512
[I][AlphaSave] SD_SPACE path=/sd api=esp_vfs_fat_info/f_getfree return=ESP_OK(0x0) errno=0 total_bytes=34359738368 free_bytes=8589934592 total_sectors=67108864 free_sectors=16777216 sector_bytes=512
[I][AlphaSave] NEWGAME_SAVE stage=free-space-query result=ok esp_err=ESP_OK errno=0 path=/sd stack_margin=32768
[I][AlphaSave] NEWGAME_SAVE stage=free-space result=ok esp_err=ESP_OK errno=0 path=/sd stack_margin=32768
[I][AlphaSave] SAVE_TARGET save_slot=1 newest=-1 accepted=0 slot=1 keep=-1 sequence=2
[I][AlphaSave] NEWGAME_SAVE stage=gam-encode result=ok esp_err=ESP_OK errno=0 path=INIT.GAM stack_margin=32768
[I][AlphaSave] NEWGAME_SAVE stage=ool-encode result=ok esp_err=ESP_OK errno=0 path=INIT.OOL stack_margin=32768
[I][AlphaSave] NEWGAME_SAVE stage=json-encode result=ok esp_err=ESP_OK errno=0 path=sidecar stack_margin=32768
[I][AlphaSave] SD_HEAP operation=write-gam-temp state=gameplay-save free_internal=67108864 free_dma=67108864 largest_dma=67108864 largest_internal=67108864 requested_dma=512
[I][AlphaSave] NEWGAME_SAVE stage=write-gam-temp result=ok esp_err=ESP_OK errno=0 path=/sd/ultima5/saves/alpha1-s2-g1.gam.tmp stack_margin=32768
[I][AlphaSave] SD_HEAP operation=write-ool-temp state=gameplay-save free_internal=67108864 free_dma=67108864 largest_dma=67108864 largest_internal=67108864 requested_dma=512
[I][AlphaSave] NEWGAME_SAVE stage=write-ool-temp result=ok esp_err=ESP_OK errno=0 path=/sd/ultima5/saves/alpha1-s2-g1.ool.tmp stack_margin=32768
[I][AlphaSave] SD_HEAP operation=write-json-temp state=gameplay-save free_internal=67108864 free_dma=67108864 largest_dma=67108864 largest_internal=67108864 requested_dma=512
[I][AlphaSave] NEWGAME_SAVE stage=write-json-temp result=ok esp_err=ESP_OK errno=0 path=/sd/ultima5/saves/alpha1-s2-g1.json.tmp stack_margin=32768
[I][AlphaSave] SD_HEAP operation=crc-readback state=gameplay-save free_internal=67108864 free_dma=67108864 largest_dma=67108864 largest_internal=67108864 requested_dma=512
[I][AlphaSave] NEWGAME_SAVE stage=crc-readback result=ok esp_err=ESP_OK errno=0 path=/sd/ultima5/saves stack_margin=32768
[I][AlphaSave] NEWGAME_SAVE stage=rename-gam result=ok esp_err=ESP_OK errno=0 path=/sd/ultima5/saves/alpha1-s2-g1.gam stack_margin=32768
[I][AlphaSave] NEWGAME_SAVE stage=rename-ool result=ok esp_err=ESP_OK errno=0 path=/sd/ultima5/saves/alpha1-s2-g1.ool stack_margin=32768
[I][AlphaSave] NEWGAME_SAVE stage=rename-json result=ok esp_err=ESP_OK errno=0 path=/sd/ultima5/saves/alpha1-s2-g1.json stack_margin=32768
[I][AlphaSave] NEWGAME_SAVE stage=write-commit-temp result=ok esp_err=ESP_OK errno=0 path=/sd/ultima5/saves/alpha1-s2-g1.commit.tmp stack_margin=32768
[I][AlphaSave] NEWGAME_SAVE stage=rename-commit result=ok esp_err=ESP_OK errno=0 path=/sd/ultima5/saves/alpha1-s2-g1.commit stack_margin=32768
[I][AlphaSave] NEWGAME_SAVE stage=semantic-validation result=ok esp_err=ESP_OK errno=0 path=/sd/ultima5/saves/alpha1-s2-g1.commit stack_margin=32768
[I][AlphaSave] NEWGAME_SAVE stage=generation-final result=ok esp_err=ESP_OK errno=0 path=/sd/ultima5/saves/alpha1-s2-g1.commit stack_margin=32768
[I][AlphaSave] save generation=2 save_slot=1 slot=1 time=4 ms json=369
[I][AlphaSave] SD_HEAP operation=dma-reserve-restored state=gameplay-save free_internal=67108864 free_dma=67108864 largest_dma=67108864 largest_internal=67108864 requested_dma=8192
[I][AlphaRuntime] INPUT_EDGE raw=00,00,00,00,00 prev=00,00,00,00,00 matrix=0,0 physical=matrix-key edge=press mods=S0,A1,H0 printable=6d base=00 symbol=00 ui=explore emitted=system-menu action_char=0 shortcut=none
[I][AlphaSave] SD_HEAP operation=release-reserved-dma state=save-catalog free_internal=67108864 free_dma=67108864 largest_dma=67108864 largest_internal=67108864 requested_dma=8192
[I][AlphaSave] SD_HEAP operation=sd-window-open state=save-catalog free_internal=67108864 free_dma=67108864 largest_dma=67108864 largest_internal=67108864 requested_dma=512
[I][AlphaSave] SAVE_CATALOG slot1=verified slot2=verified slot3=empty staged=2 bytes=10210 commit_us=151 verify_us=826 total_us=983
[I][AlphaSave] SD_HEAP operation=dma-reserve-restored state=save-catalog free_internal=67108864 free_dma=67108864 largest_dma=67108864 largest_internal=67108864 requested_dma=8192
[I][AlphaRuntime] SYSTEM_MENU action=toggle open=1 gameplay_command=none
[I][AlphaRuntime] SYSTEM_MENU action=direction accepted=1 open=1 gameplay_command=none
[I][AlphaRuntime] INPUT_EDGE raw=00,00,00,00,00 prev=00,00,00,00,00 matrix=0,0 physical=matrix-key edge=press mods=S0,A0,H0 printable=0d base=00 symbol=00 ui=inventory emitted=confirm action_char=0 shortcut=none
[I][AlphaSave] SD_HEAP operation=release-reserved-dma state=save-catalog free_internal=67108864 free_dma=67108864 largest_dma=67108864 largest_internal=67108864 requested_dma=8192
[I][AlphaSave] SD_HEAP operation=sd-window-open state=save-catalog free_internal=67108864 free_dma=67108864 largest_dma=67108864 largest_internal=67108864 requested_dma=512
[I][AlphaSave] SAVE_CATALOG slot1=cached slot2=cached slot3=empty staged=0 bytes=64 commit_us=124 verify_us=0 total_us=128
[I][AlphaSave] SD_HEAP operation=dma-reserve-restored state=save-catalog free_internal=67108864 free_dma=67108864 largest_dma=67108864 largest_internal=67108864 requested_dma=8192
[I][AlphaRuntime] SYSTEM_MENU action=confirm accepted=1 open=0 gameplay_command=none
[I][AlphaRuntime] INPUT_EDGE raw=00,00,00,00,00 prev=00,00,00,00,00 matrix=0,0 physical=matrix-key edge=press mods=S0,A0,H0 printable=20 base=00 symbol=00 ui=inventory emitted=character action_char=32 shortcut=none
[I][AlphaRuntime] FRONTEND_INPUT raw=keyboard action=character char=32 accepted=1 state=title->menu phase=name->name name=""->""
[I][AlphaRuntime] FRONTEND_STATE count=1 from=title to=menu reason=input reconstructed=0
[I][AlphaRuntime] INPUT_EDGE raw=00,00,00,00,00 prev=00,00,00,00,00 matrix=0,0 physical=matrix-key edge=press mods=S0,A0,H0 printable=63 base=00 symbol=00 ui=inventory emitted=character action_char=99 shortcut=none
[I][AlphaRuntime] FRONTEND_INPUT raw=keyboard action=character char=99 accepted=1 state=menu->character-creation phase=name->name name=""->""
[I][AlphaRuntime] CHAR_CREATE action=character accepted=1 phase=name->name length=0->0 answers=0 stack_margin=32768
[I][AlphaRuntime] CHAR_NAME action=character buffer="" length=0
[I][AlphaRuntime] FRONTEND_STATE count=2 from=menu to=character-creation reason=input reconstructed=0
[I][AlphaRuntime] INPUT_EDGE raw=00,00,00,00,00 prev=00,00,00,00,00 matrix=0,0 physical=matrix-key edge=press mods=S0,A0,H0 printable=4e base=00 symbol=00 ui=text emitted=character action_char=78 shortcut=none
[I][AlphaRuntime] FRONTEND_INPUT raw=keyboard action=character char=78 accepted=1 state=character-creation->character-creation phase=name->name name=""->"N"
[I][AlphaRuntime] CHAR_CREATE action=character accepted=1 phase=name->name length=0->1 answers=0 stack_margin=32768
[I][AlphaRuntime] CHAR_NAME action=character buffer="N" length=1
[I][AlphaRuntime] INPUT_EDGE raw=00,00,00,00,00 prev=00,00,00,00,00 matrix=0,0 physical=matrix-key edge=press mods=S0,A0,H0 printable=6f base=00 symbol=00 ui=text emitted=character action_char=111 shortcut=none
[I][AlphaRuntime] FRONTEND_INPUT raw=keyboard action=character char=111 accepted=1 state=character-creation->character-creation phase=name->name name="N"->"No"
[I][AlphaRuntime] CHAR_CREATE action=character accepted=1 phase=name->name length=1->2 answers=0 stack_margin=32768
[I][AlphaRuntime] CHAR_NAME action=character buffer="No" length=2
[I][AlphaRuntime] INPUT_EDGE raw=00,00,00,00,00 prev=00,00,00,00,00 matrix=0,0 physical=matrix-key edge=press mods=S0,A0,H0 printable=76 base=00 symbol=00 ui=text emitted=character action_char=118 shortcut=none
[I][AlphaRuntime] FRONTEND_INPUT raw=keyboard action=character char=118 accepted=1 state=character-creation->character-creation phase=name->name name="No"->"Nov"
[I][AlphaRuntime] CHAR_CREATE action=character accepted=1 phase=name->name length=2->3 answers=0 stack_margin=32768
[I][AlphaRuntime] CHAR_NAME action=character buffer="Nov" length=3
[I][AlphaRuntime] INPUT_EDGE raw=00,00,00,00,00 prev=00,00,00,00,00 matrix=0,0 physical=matrix-key edge=press mods=S0,A0,H0 printable=61 base=00 symbol=00 ui=text emitted=character action_char=97 shortcut=none
[I][AlphaRuntime] FRONTEND_INPUT raw=keyboard action=character char=97 accepted=1 state=character-creation->character-creation phase=name->name name="Nov"->"Nova"
[I][AlphaRuntime] CHAR_CREATE action=character accepted=1 phase=name->name length=3->4 answers=0 stack_margin=32768
[I][AlphaRuntime] CHAR_NAME action=character buffer="Nova" length=4
[I][AlphaRuntime] INPUT_EDGE raw=00,00,00,00,00 prev=00,00,00,00,00 matrix=0,0 physical=matrix-key edge=press mods=S0,A0,H0 printable=0d base=00 symbol=00 ui=text emitted=confirm action_char=0 shortcut=none
[I][AlphaRuntime] FRONTEND_INPUT raw=keyboard action=confirm char=0 accepted=1 state=character-creation->character-creation phase=name->gender name="Nova"->"Nova"
[I][AlphaRuntime] CHAR_CREATE action=confirm accepted=1 phase=name->gender length=4->4 answers=0 stack_margin=32768
[I][AlphaRuntime] CHAR_NAME action=confirm buffer="Nova" length=4
[I][AlphaRuntime] INPUT_EDGE raw=00,00,00,00,00 prev=00,00,00,00,00 matrix=0,0 physical=matrix-key edge=press mods=S0,A0,H0 printable=66 base=00 symbol=00 ui=inventory emitted=character action_char=102 shortcut=none
[I][AlphaRuntime] FRONTEND_INPUT raw=keyboard action=character char=102 accepted=1 state=character-creation->character-creation phase=gender->questionnaire name="Nova"->"Nova"
[I][AlphaRuntime] CHAR_CREATE action=character accepted=1 phase=gender->questionnaire length=4->4 answers=0 stack_margin=32768
[I][AlphaRuntime] CHAR_GENDER action=character value=0x0c advanced=1
[I][AlphaRuntime] INPUT_EDGE raw=00,00,00,00,00 prev=00,00,00,00,00 matrix=0,0 physical=matrix-key edge=press mods=S0,A0,H0 printable=61 base=00 symbol=00 ui=inventory emitted=character action_char=97 shortcut=none
[I][AlphaRuntime] FRONTEND_INPUT raw=keyboard action=character char=97 accepted=1 state=character-creation->character-creation phase=questionnaire->questionnaire name="Nova"->"Nova"
[I][AlphaRuntime] CHAR_CREATE action=character accepted=1 phase=questionnaire->questionnaire length=4->4 answers=1 stack_margin=32768
[I][AlphaRuntime] CHAR_GENDER action=character value=0x0c advanced=1
[I][AlphaRuntime] INPUT_EDGE raw=00,00,00,00,00 prev=00,00,00,00,00 matrix=0,0 physical=matrix-key edge=press mods=S0,A0,H0 printable=62 base=00 symbol=00 ui=inventory emitted=character action_char=98 shortcut=none
[I][AlphaRuntime] FRONTEND_INPUT raw=keyboard action=character char=98 accepted=1 state=character-creation->character-creation phase=questionnaire->questionnaire name="Nova"->"Nova"
[I][AlphaRuntime] CHAR_CREATE action=character accepted=1 phase=questionnaire->questionnaire length=4->4 answers=2 stack_margin=32768
[I][AlphaRuntime] CHAR_GENDER action=character value=0x0c advanced=1
[I][AlphaRuntime] INPUT_EDGE raw=00,00,00,00,00 prev=00,00,00,00,00 matrix=0,0 physical=matrix-key edge=press mods=S0,A0,H0 printable=61 base=00 symbol=00 ui=inventory emitted=character action_char=97 shortcut=none
[I][AlphaRuntime] FRONTEND_INPUT raw=keyboard action=character char=97 accepted=1 state=character-creation->character-creation phase=questionnaire->questionnaire name="Nova"->"Nova"
[I][AlphaRuntime] CHAR_CREATE action=character accepted=1 phase=questionnaire->questionnaire length=4->4 answers=3 stack_margin=32768
[I][AlphaRuntime] CHAR_GENDER action=character value=0x0c advanced=1
[I][AlphaRuntime] INPUT_EDGE raw=00,00,00,00,00 prev=00,00,00,00,00 matrix=0,0 physical=matrix-key edge=press mods=S0,A0,H0 printable=62 base=00 symbol=00 ui=inventory emitted=character action_char=98 shortcut=none
[I][AlphaRuntime] FRONTEND_INPUT raw=keyboard action=character char=98 accepted=1 state=character-creation->character-creation phase=questionnaire->questionnaire name="Nova"->"Nova"
[I][AlphaRuntime] CHAR_CREATE action=character accepted=1 phase=questionnaire->questionnaire length=4->4 answers=4 stack_margin=32768
[I][AlphaRuntime] CHAR_GENDER action=character value=0x0c advanced=1
[I][AlphaRuntime] INPUT_EDGE raw=00,00,00,00,00 prev=00,00,00,00,00 matrix=0,0 physical=matrix-key edge=press mods=S0,A0,H0 printable=61 base=00 symbol=00 ui=inventory emitted=character action_char=97 shortcut=none
[I][AlphaRuntime] FRONTEND_INPUT raw=keyboard action=character char=97 accepted=1 state=character-creation->character-creation phase=questionnaire->questionnaire name="Nova"->"Nova"
[I][AlphaRuntime] CHAR_CREATE action=character accepted=1 phase=questionnaire->questionnaire length=4->4 answers=5 stack_margin=32768
[I][AlphaRuntime] CHAR_GENDER action=character value=0x0c advanced=1
[I][AlphaRuntime] INPUT_EDGE raw=00,00,00,00,00 prev=00,00,00,00,00 matrix=0,0 physical=matrix-key edge=press mods=S0,A0,H0 printable=62 base=00 symbol=00 ui=inventory emitted=character action_char=98 shortcut=none
[I][AlphaRuntime] FRONTEND_INPUT raw=keyboard action=character char=98 accepted=1 state=character-creation->character-creation phase=questionnaire->questionnaire name="Nova"->"Nova"
[I][AlphaRuntime] CHAR_CREATE action=character accepted=1 phase=questionnaire->questionnaire length=4->4 answers=6 stack_margin=32768
[I][AlphaRuntime] CHAR_GENDER action=character value=0x0c advanced=1
[I][AlphaRuntime] INPUT_EDGE raw=00,00,00,00,00 prev=00,00,00,00,00 matrix=0,0 physical=matrix-key edge=press mods=S0,A0,H0 printable=61 base=00 symbol=00 ui=inventory emitted=character action_char=97 shortcut=none
[I][AlphaRuntime] FRONTEND_INPUT raw=keyboard action=character char=97 accepted=1 state=character-creation->new-journey phase=questionnaire->questionnaire name="Nova"->"Nova"
[I][AlphaRuntime] CHAR_CREATE action=character accepted=1 phase=questionnaire->questionnaire length=4->4 answers=7 stack_margin=32768
[I][AlphaRuntime] CHAR_GENDER action=character value=0x0c advanced=1
[I][AlphaRuntime] FRONTEND_STATE count=3 from=character-creation to=new-journey reason=input reconstructed=0
[I][AlphaRuntime] FRONTEND_INTENT intent=create-initial-save storage_begin=1 phase=questionnaire name="Nova" gender=0x0c stack_margin=32768
[I][AlphaRuntime] U5OBJ CLEAR site=new-journey pool_before=0
[I][AlphaRuntime] U5OBJ CLEAR site=load-restore pool_before=0
[I][AlphaRuntime] WORLD_OBJECTS_RESTORE count=0
[I][AlphaRuntime] DUNGEON_RESTORE active=0 dungeon=33 depth=0
[I][AlphaRuntime] LOAD_TRANSIENT_RESET ui=explore->explore request=0 views=0 questions=0
[I][AlphaSave] SD_HEAP operation=release-reserved-dma state=frontend-new-journey free_internal=67108864 free_dma=67108864 largest_dma=67108864 largest_internal=67108864 requested_dma=8192
[I][AlphaSave] SD_HEAP operation=sd-window-open state=frontend-new-journey free_internal=67108864 free_dma=67108864 largest_dma=67108864 largest_internal=67108864 requested_dma=512
[I][AlphaSave] NEWGAME_SAVE stage=create-root-directory result=ok esp_err=ESP_OK errno=0 path=/sd/ultima5 stack_margin=32768
[I][AlphaSave] NEWGAME_SAVE stage=create-save-directory result=ok esp_err=ESP_OK errno=0 path=/sd/ultima5/saves stack_margin=32768
[I][AlphaSave] SD_HEAP operation=free-space-before state=frontend-new-journey free_internal=67108864 free_dma=67108864 largest_dma=67108864 largest_internal=67108864 requested_dma=512
[I][AlphaSave] SD_HEAP operation=free-space-call-enter state=frontend-new-journey free_internal=67108864 free_dma=67108864 largest_dma=67108864 largest_internal=67108864 requested_dma=512
[I][AlphaSave] SD_HEAP operation=free-space-call-exit state=frontend-new-journey free_internal=67108864 free_dma=67108864 largest_dma=67108864 largest_internal=67108864 requested_dma=512
[I][AlphaSave] SD_HEAP operation=free-space-after state=frontend-new-journey free_internal=67108864 free_dma=67108864 largest_dma=67108864 largest_internal=67108864 requested_dma=512
[I][AlphaSave] SD_SPACE path=/sd api=esp_vfs_fat_info/f_getfree return=ESP_OK(0x0) errno=0 total_bytes=34359738368 free_bytes=8589934592 total_sectors=67108864 free_sectors=16777216 sector_bytes=512
[I][AlphaSave] NEWGAME_SAVE stage=free-space-query result=ok esp_err=ESP_OK errno=0 path=/sd stack_margin=32768
[I][AlphaSave] NEWGAME_SAVE stage=free-space result=ok esp_err=ESP_OK errno=0 path=/sd stack_margin=32768
[I][AlphaSave] SAVE_TARGET save_slot=2 newest=-1 accepted=0 slot=1 keep=-1 sequence=3
[I][AlphaSave] NEWGAME_SAVE stage=gam-encode result=ok esp_err=ESP_OK errno=0 path=INIT.GAM stack_margin=32768
[I][AlphaSave] NEWGAME_SAVE stage=ool-encode result=ok esp_err=ESP_OK errno=0 path=INIT.OOL stack_margin=32768
[I][AlphaSave] NEWGAME_SAVE stage=json-encode result=ok esp_err=ESP_OK errno=0 path=sidecar stack_margin=32768
[I][AlphaSave] SD_HEAP operation=write-gam-temp state=frontend-new-journey free_internal=67108864 free_dma=67108864 largest_dma=67108864 largest_internal=67108864 requested_dma=512
[I][AlphaSave] NEWGAME_SAVE stage=write-gam-temp result=ok esp_err=ESP_OK errno=0 path=/sd/ultima5/saves/alpha1-s3-g1.gam.tmp stack_margin=32768
[I][AlphaSave] SD_HEAP operation=write-ool-temp state=frontend-new-journey free_internal=67108864 free_dma=67108864 largest_dma=67108864 largest_internal=67108864 requested_dma=512
[I][AlphaSave] NEWGAME_SAVE stage=write-ool-temp result=ok esp_err=ESP_OK errno=0 path=/sd/ultima5/saves/alpha1-s3-g1.ool.tmp stack_margin=32768
[I][AlphaSave] SD_HEAP operation=write-json-temp state=frontend-new-journey free_internal=67108864 free_dma=67108864 largest_dma=67108864 largest_internal=67108864 requested_dma=512
[I][AlphaSave] NEWGAME_SAVE stage=write-json-temp result=ok esp_err=ESP_OK errno=0 path=/sd/ultima5/saves/alpha1-s3-g1.json.tmp stack_margin=32768
[I][AlphaSave] SD_HEAP operation=crc-readback state=frontend-new-journey free_internal=67108864 free_dma=67108864 largest_dma=67108864 largest_internal=67108864 requested_dma=512
[I][AlphaSave] NEWGAME_SAVE stage=crc-readback result=ok esp_err=ESP_OK errno=0 path=/sd/ultima5/saves stack_margin=32768
[I][AlphaSave] NEWGAME_SAVE stage=rename-gam result=ok esp_err=ESP_OK errno=0 path=/sd/ultima5/saves/alpha1-s3-g1.gam stack_margin=32768
[I][AlphaSave] NEWGAME_SAVE stage=rename-ool result=ok esp_err=ESP_OK errno=0 path=/sd/ultima5/saves/alpha1-s3-g1.ool stack_margin=32768
[I][AlphaSave] NEWGAME_SAVE stage=rename-json result=ok esp_err=ESP_OK errno=0 path=/sd/ultima5/saves/alpha1-s3-g1.json stack_margin=32768
[I][AlphaSave] NEWGAME_SAVE stage=write-commit-temp result=ok esp_err=ESP_OK errno=0 path=/sd/ultima5/saves/alpha1-s3-g1.commit.tmp stack_margin=32768
[I][AlphaSave] NEWGAME_SAVE stage=rename-commit result=ok esp_err=ESP_OK errno=0 path=/sd/ultima5/saves/alpha1-s3-g1.commit stack_margin=32768
[I][AlphaSave] NEWGAME_SAVE stage=semantic-validation result=ok esp_err=ESP_OK errno=0 path=/sd/ultima5/saves/alpha1-s3-g1.commit stack_margin=32768
[I][AlphaSave] NEWGAME_SAVE stage=generation-final result=ok esp_err=ESP_OK errno=0 path=/sd/ultima5/saves/alpha1-s3-g1.commit stack_margin=32768
[I][AlphaSave] save generation=3 save_slot=2 slot=1 time=12 ms json=370
[I][AlphaSave] SD_HEAP operation=dma-reserve-restored state=frontend-new-journey free_internal=67108864 free_dma=67108864 largest_dma=67108864 largest_internal=67108864 requested_dma=8192
[I][AlphaRuntime] FRONTEND_INTENT intent=create-initial-save storage_end=1 ok=1 ms=12 stack_margin=32768
[I][AlphaSave] SD_HEAP operation=release-reserved-dma state=save-catalog free_internal=67108864 free_dma=67108864 largest_dma=67108864 largest_internal=67108864 requested_dma=8192
[I][AlphaSave] SD_HEAP operation=sd-window-open state=save-catalog free_internal=67108864 free_dma=67108864 largest_dma=67108864 largest_internal=67108864 requested_dma=512
[I][AlphaSave] SAVE_CATALOG slot1=cached slot2=cached slot3=cached staged=0 bytes=96 commit_us=147 verify_us=0 total_us=151
[I][AlphaSave] SD_HEAP operation=dma-reserve-restored state=save-catalog free_internal=67108864 free_dma=67108864 largest_dma=67108864 largest_internal=67108864 requested_dma=8192
[I][AlphaSave] SD_HEAP operation=release-reserved-dma state=save-catalog free_internal=67108864 free_dma=67108864 largest_dma=67108864 largest_internal=67108864 requested_dma=8192
[I][AlphaSave] SD_HEAP operation=sd-window-open state=save-catalog free_internal=67108864 free_dma=67108864 largest_dma=67108864 largest_internal=67108864 requested_dma=512
[I][AlphaSave] SAVE_SCRATCH psram_bytes=11888
[I][AlphaSave] SAVE_CATALOG slot1=verified slot2=verified slot3=verified staged=3 bytes=15316 commit_us=219 verify_us=1478 total_us=1710
[I][AlphaSave] SD_HEAP operation=dma-reserve-restored state=save-catalog free_internal=67108864 free_dma=67108864 largest_dma=67108864 largest_internal=67108864 requested_dma=8192
  GREEN R4    Create New Character with Slot 3 empty: the new journey is saved in Slot 3 alone; Slots 1 and 2 byte for byte
[I][AlphaSave] SD_HEAP operation=release-reserved-dma state=load-latest free_internal=67108864 free_dma=67108864 largest_dma=67108864 largest_internal=67108864 requested_dma=8192
[I][AlphaSave] SD_HEAP operation=sd-window-open state=load-latest free_internal=67108864 free_dma=67108864 largest_dma=67108864 largest_internal=67108864 requested_dma=512
[I][AlphaSave] SAVE_SCRATCH psram_bytes=11888
[I][AlphaSave] load generation=3 save_slot=2 slot=1 time=1 ms status=0
[I][AlphaSave] SD_HEAP operation=dma-reserve-restored state=load-latest free_internal=67108864 free_dma=67108864 largest_dma=67108864 largest_internal=67108864 requested_dma=8192
  GREEN R5    after a reboot Continue restores the new journey (Slot 3, leader Nova)
[I][AlphaRuntime] INPUT_EDGE raw=00,00,00,00,00 prev=00,00,00,00,00 matrix=0,0 physical=matrix-key edge=press mods=S0,A1,H0 printable=6d base=00 symbol=00 ui=explore emitted=system-menu action_char=0 shortcut=none
[I][AlphaSave] SD_HEAP operation=release-reserved-dma state=save-catalog free_internal=67108864 free_dma=67108864 largest_dma=67108864 largest_internal=67108864 requested_dma=8192
[I][AlphaSave] SD_HEAP operation=sd-window-open state=save-catalog free_internal=67108864 free_dma=67108864 largest_dma=67108864 largest_internal=67108864 requested_dma=512
[I][AlphaSave] SAVE_CATALOG slot1=cached slot2=cached slot3=cached staged=0 bytes=96 commit_us=128 verify_us=0 total_us=133
[I][AlphaSave] SD_HEAP operation=dma-reserve-restored state=save-catalog free_internal=67108864 free_dma=67108864 largest_dma=67108864 largest_internal=67108864 requested_dma=8192
[I][AlphaRuntime] SYSTEM_MENU action=toggle open=1 gameplay_command=none
[I][AlphaRuntime] SYSTEM_MENU action=direction accepted=1 open=1 gameplay_command=none
[I][AlphaRuntime] INPUT_EDGE raw=00,00,00,00,00 prev=00,00,00,00,00 matrix=0,0 physical=matrix-key edge=press mods=S0,A0,H0 printable=0d base=00 symbol=00 ui=inventory emitted=confirm action_char=0 shortcut=none
[I][AlphaSave] SD_HEAP operation=release-reserved-dma state=save-catalog free_internal=67108864 free_dma=67108864 largest_dma=67108864 largest_internal=67108864 requested_dma=8192
[I][AlphaSave] SD_HEAP operation=sd-window-open state=save-catalog free_internal=67108864 free_dma=67108864 largest_dma=67108864 largest_internal=67108864 requested_dma=512
[I][AlphaSave] SAVE_CATALOG slot1=cached slot2=cached slot3=cached staged=0 bytes=96 commit_us=104 verify_us=0 total_us=108
[I][AlphaSave] SD_HEAP operation=dma-reserve-restored state=save-catalog free_internal=67108864 free_dma=67108864 largest_dma=67108864 largest_internal=67108864 requested_dma=8192
[I][AlphaRuntime] SYSTEM_MENU action=confirm accepted=1 open=0 gameplay_command=none
[I][AlphaRuntime] INPUT_EDGE raw=00,00,00,00,00 prev=00,00,00,00,00 matrix=0,0 physical=matrix-key edge=press mods=S0,A0,H0 printable=20 base=00 symbol=00 ui=inventory emitted=character action_char=32 shortcut=none
[I][AlphaRuntime] FRONTEND_INPUT raw=keyboard action=character char=32 accepted=1 state=title->menu phase=name->name name=""->""
[I][AlphaRuntime] FRONTEND_STATE count=4 from=title to=menu reason=input reconstructed=0
[I][AlphaRuntime] INPUT_EDGE raw=00,00,00,00,00 prev=00,00,00,00,00 matrix=0,0 physical=matrix-key edge=press mods=S0,A0,H0 printable=63 base=00 symbol=00 ui=inventory emitted=character action_char=99 shortcut=none
[I][AlphaRuntime] FRONTEND_INPUT raw=keyboard action=character char=99 accepted=1 state=menu->error phase=name->name name=""->""
[I][AlphaRuntime] FRONTEND_STATE count=5 from=menu to=error reason=input reconstructed=0
[I][AlphaRuntime] FRONTEND_INPUT raw=trackball-down action=direction char=0 accepted=1 state=error->error phase=name->name name=""->""
[I][AlphaRuntime] INPUT_EDGE raw=00,00,00,00,00 prev=00,00,00,00,00 matrix=0,0 physical=matrix-key edge=press mods=S0,A0,H0 printable=0d base=00 symbol=00 ui=inventory emitted=confirm action_char=0 shortcut=none
[I][AlphaRuntime] FRONTEND_INPUT raw=keyboard action=confirm char=0 accepted=1 state=error->error phase=name->name name=""->""
[I][AlphaRuntime] INPUT_EDGE raw=00,00,00,00,00 prev=00,00,00,00,00 matrix=0,0 physical=matrix-key edge=press mods=S0,A0,H0 printable=0d base=00 symbol=00 ui=inventory emitted=confirm action_char=0 shortcut=none
[I][AlphaRuntime] FRONTEND_INPUT raw=keyboard action=confirm char=0 accepted=1 state=error->error phase=name->name name=""->""
  GREEN R6    all slots in use: Create New Character asks which to replace; "Replace Slot 1?" starts on No, and No writes nothing
[I][AlphaRuntime] INPUT_EDGE raw=00,00,00,00,00 prev=00,00,00,00,00 matrix=0,0 physical=matrix-key edge=press mods=S0,A0,H0 printable=0d base=00 symbol=00 ui=inventory emitted=confirm action_char=0 shortcut=none
[I][AlphaRuntime] FRONTEND_INPUT raw=keyboard action=confirm char=0 accepted=1 state=error->error phase=name->name name=""->""
[I][AlphaRuntime] FRONTEND_INPUT raw=trackball-down action=direction char=0 accepted=1 state=error->error phase=name->name name=""->""
[I][AlphaRuntime] INPUT_EDGE raw=00,00,00,00,00 prev=00,00,00,00,00 matrix=0,0 physical=matrix-key edge=press mods=S0,A0,H0 printable=0d base=00 symbol=00 ui=inventory emitted=confirm action_char=0 shortcut=none
[I][AlphaRuntime] FRONTEND_INPUT raw=keyboard action=confirm char=0 accepted=1 state=error->character-creation phase=name->name name=""->""
[I][AlphaRuntime] CHAR_CREATE action=confirm accepted=1 phase=name->name length=0->0 answers=0 stack_margin=32768
[I][AlphaRuntime] CHAR_NAME action=confirm buffer="" length=0
[I][AlphaRuntime] FRONTEND_STATE count=6 from=error to=character-creation reason=input reconstructed=0
[I][AlphaRuntime] INPUT_EDGE raw=00,00,00,00,00 prev=00,00,00,00,00 matrix=0,0 physical=matrix-key edge=press mods=S0,A0,H0 printable=52 base=00 symbol=00 ui=text emitted=character action_char=82 shortcut=none
[I][AlphaRuntime] FRONTEND_INPUT raw=keyboard action=character char=82 accepted=1 state=character-creation->character-creation phase=name->name name=""->"R"
[I][AlphaRuntime] CHAR_CREATE action=character accepted=1 phase=name->name length=0->1 answers=0 stack_margin=32768
[I][AlphaRuntime] CHAR_NAME action=character buffer="R" length=1
[I][AlphaRuntime] INPUT_EDGE raw=00,00,00,00,00 prev=00,00,00,00,00 matrix=0,0 physical=matrix-key edge=press mods=S0,A0,H0 printable=75 base=00 symbol=00 ui=text emitted=character action_char=117 shortcut=none
[I][AlphaRuntime] FRONTEND_INPUT raw=keyboard action=character char=117 accepted=1 state=character-creation->character-creation phase=name->name name="R"->"Ru"
[I][AlphaRuntime] CHAR_CREATE action=character accepted=1 phase=name->name length=1->2 answers=0 stack_margin=32768
[I][AlphaRuntime] CHAR_NAME action=character buffer="Ru" length=2
[I][AlphaRuntime] INPUT_EDGE raw=00,00,00,00,00 prev=00,00,00,00,00 matrix=0,0 physical=matrix-key edge=press mods=S0,A0,H0 printable=6e base=00 symbol=00 ui=text emitted=character action_char=110 shortcut=none
[I][AlphaRuntime] FRONTEND_INPUT raw=keyboard action=character char=110 accepted=1 state=character-creation->character-creation phase=name->name name="Ru"->"Run"
[I][AlphaRuntime] CHAR_CREATE action=character accepted=1 phase=name->name length=2->3 answers=0 stack_margin=32768
[I][AlphaRuntime] CHAR_NAME action=character buffer="Run" length=3
[I][AlphaRuntime] INPUT_EDGE raw=00,00,00,00,00 prev=00,00,00,00,00 matrix=0,0 physical=matrix-key edge=press mods=S0,A0,H0 printable=65 base=00 symbol=00 ui=text emitted=character action_char=101 shortcut=none
[I][AlphaRuntime] FRONTEND_INPUT raw=keyboard action=character char=101 accepted=1 state=character-creation->character-creation phase=name->name name="Run"->"Rune"
[I][AlphaRuntime] CHAR_CREATE action=character accepted=1 phase=name->name length=3->4 answers=0 stack_margin=32768
[I][AlphaRuntime] CHAR_NAME action=character buffer="Rune" length=4
[I][AlphaRuntime] INPUT_EDGE raw=00,00,00,00,00 prev=00,00,00,00,00 matrix=0,0 physical=matrix-key edge=press mods=S0,A0,H0 printable=0d base=00 symbol=00 ui=text emitted=confirm action_char=0 shortcut=none
[I][AlphaRuntime] FRONTEND_INPUT raw=keyboard action=confirm char=0 accepted=1 state=character-creation->character-creation phase=name->gender name="Rune"->"Rune"
[I][AlphaRuntime] CHAR_CREATE action=confirm accepted=1 phase=name->gender length=4->4 answers=0 stack_margin=32768
[I][AlphaRuntime] CHAR_NAME action=confirm buffer="Rune" length=4
[I][AlphaRuntime] INPUT_EDGE raw=00,00,00,00,00 prev=00,00,00,00,00 matrix=0,0 physical=matrix-key edge=press mods=S0,A0,H0 printable=66 base=00 symbol=00 ui=inventory emitted=character action_char=102 shortcut=none
[I][AlphaRuntime] FRONTEND_INPUT raw=keyboard action=character char=102 accepted=1 state=character-creation->character-creation phase=gender->questionnaire name="Rune"->"Rune"
[I][AlphaRuntime] CHAR_CREATE action=character accepted=1 phase=gender->questionnaire length=4->4 answers=0 stack_margin=32768
[I][AlphaRuntime] CHAR_GENDER action=character value=0x0c advanced=1
[I][AlphaRuntime] INPUT_EDGE raw=00,00,00,00,00 prev=00,00,00,00,00 matrix=0,0 physical=matrix-key edge=press mods=S0,A0,H0 printable=61 base=00 symbol=00 ui=inventory emitted=character action_char=97 shortcut=none
[I][AlphaRuntime] FRONTEND_INPUT raw=keyboard action=character char=97 accepted=1 state=character-creation->character-creation phase=questionnaire->questionnaire name="Rune"->"Rune"
[I][AlphaRuntime] CHAR_CREATE action=character accepted=1 phase=questionnaire->questionnaire length=4->4 answers=1 stack_margin=32768
[I][AlphaRuntime] CHAR_GENDER action=character value=0x0c advanced=1
[I][AlphaRuntime] INPUT_EDGE raw=00,00,00,00,00 prev=00,00,00,00,00 matrix=0,0 physical=matrix-key edge=press mods=S0,A0,H0 printable=62 base=00 symbol=00 ui=inventory emitted=character action_char=98 shortcut=none
[I][AlphaRuntime] FRONTEND_INPUT raw=keyboard action=character char=98 accepted=1 state=character-creation->character-creation phase=questionnaire->questionnaire name="Rune"->"Rune"
[I][AlphaRuntime] CHAR_CREATE action=character accepted=1 phase=questionnaire->questionnaire length=4->4 answers=2 stack_margin=32768
[I][AlphaRuntime] CHAR_GENDER action=character value=0x0c advanced=1
[I][AlphaRuntime] INPUT_EDGE raw=00,00,00,00,00 prev=00,00,00,00,00 matrix=0,0 physical=matrix-key edge=press mods=S0,A0,H0 printable=61 base=00 symbol=00 ui=inventory emitted=character action_char=97 shortcut=none
[I][AlphaRuntime] FRONTEND_INPUT raw=keyboard action=character char=97 accepted=1 state=character-creation->character-creation phase=questionnaire->questionnaire name="Rune"->"Rune"
[I][AlphaRuntime] CHAR_CREATE action=character accepted=1 phase=questionnaire->questionnaire length=4->4 answers=3 stack_margin=32768
[I][AlphaRuntime] CHAR_GENDER action=character value=0x0c advanced=1
[I][AlphaRuntime] INPUT_EDGE raw=00,00,00,00,00 prev=00,00,00,00,00 matrix=0,0 physical=matrix-key edge=press mods=S0,A0,H0 printable=62 base=00 symbol=00 ui=inventory emitted=character action_char=98 shortcut=none
[I][AlphaRuntime] FRONTEND_INPUT raw=keyboard action=character char=98 accepted=1 state=character-creation->character-creation phase=questionnaire->questionnaire name="Rune"->"Rune"
[I][AlphaRuntime] CHAR_CREATE action=character accepted=1 phase=questionnaire->questionnaire length=4->4 answers=4 stack_margin=32768
[I][AlphaRuntime] CHAR_GENDER action=character value=0x0c advanced=1
[I][AlphaRuntime] INPUT_EDGE raw=00,00,00,00,00 prev=00,00,00,00,00 matrix=0,0 physical=matrix-key edge=press mods=S0,A0,H0 printable=61 base=00 symbol=00 ui=inventory emitted=character action_char=97 shortcut=none
[I][AlphaRuntime] FRONTEND_INPUT raw=keyboard action=character char=97 accepted=1 state=character-creation->character-creation phase=questionnaire->questionnaire name="Rune"->"Rune"
[I][AlphaRuntime] CHAR_CREATE action=character accepted=1 phase=questionnaire->questionnaire length=4->4 answers=5 stack_margin=32768
[I][AlphaRuntime] CHAR_GENDER action=character value=0x0c advanced=1
[I][AlphaRuntime] INPUT_EDGE raw=00,00,00,00,00 prev=00,00,00,00,00 matrix=0,0 physical=matrix-key edge=press mods=S0,A0,H0 printable=62 base=00 symbol=00 ui=inventory emitted=character action_char=98 shortcut=none
[I][AlphaRuntime] FRONTEND_INPUT raw=keyboard action=character char=98 accepted=1 state=character-creation->character-creation phase=questionnaire->questionnaire name="Rune"->"Rune"
[I][AlphaRuntime] CHAR_CREATE action=character accepted=1 phase=questionnaire->questionnaire length=4->4 answers=6 stack_margin=32768
[I][AlphaRuntime] CHAR_GENDER action=character value=0x0c advanced=1
[I][AlphaRuntime] INPUT_EDGE raw=00,00,00,00,00 prev=00,00,00,00,00 matrix=0,0 physical=matrix-key edge=press mods=S0,A0,H0 printable=61 base=00 symbol=00 ui=inventory emitted=character action_char=97 shortcut=none
[I][AlphaRuntime] FRONTEND_INPUT raw=keyboard action=character char=97 accepted=1 state=character-creation->new-journey phase=questionnaire->questionnaire name="Rune"->"Rune"
[I][AlphaRuntime] CHAR_CREATE action=character accepted=1 phase=questionnaire->questionnaire length=4->4 answers=7 stack_margin=32768
[I][AlphaRuntime] CHAR_GENDER action=character value=0x0c advanced=1
[I][AlphaRuntime] FRONTEND_STATE count=7 from=character-creation to=new-journey reason=input reconstructed=0
[I][AlphaRuntime] FRONTEND_INTENT intent=create-initial-save storage_begin=1 phase=questionnaire name="Rune" gender=0x0c stack_margin=32768
[I][AlphaRuntime] U5OBJ CLEAR site=new-journey pool_before=0
[I][AlphaRuntime] U5OBJ CLEAR site=load-restore pool_before=0
[I][AlphaRuntime] WORLD_OBJECTS_RESTORE count=0
[I][AlphaRuntime] DUNGEON_RESTORE active=0 dungeon=33 depth=0
[I][AlphaRuntime] LOAD_TRANSIENT_RESET ui=explore->explore request=0 views=0 questions=0
[I][AlphaSave] SD_HEAP operation=release-reserved-dma state=frontend-new-journey free_internal=67108864 free_dma=67108864 largest_dma=67108864 largest_internal=67108864 requested_dma=8192
[I][AlphaSave] SD_HEAP operation=sd-window-open state=frontend-new-journey free_internal=67108864 free_dma=67108864 largest_dma=67108864 largest_internal=67108864 requested_dma=512
[I][AlphaSave] NEWGAME_SAVE stage=create-root-directory result=ok esp_err=ESP_OK errno=0 path=/sd/ultima5 stack_margin=32768
[I][AlphaSave] NEWGAME_SAVE stage=create-save-directory result=ok esp_err=ESP_OK errno=0 path=/sd/ultima5/saves stack_margin=32768
[I][AlphaSave] SD_HEAP operation=free-space-before state=frontend-new-journey free_internal=67108864 free_dma=67108864 largest_dma=67108864 largest_internal=67108864 requested_dma=512
[I][AlphaSave] SD_HEAP operation=free-space-call-enter state=frontend-new-journey free_internal=67108864 free_dma=67108864 largest_dma=67108864 largest_internal=67108864 requested_dma=512
[I][AlphaSave] SD_HEAP operation=free-space-call-exit state=frontend-new-journey free_internal=67108864 free_dma=67108864 largest_dma=67108864 largest_internal=67108864 requested_dma=512
[I][AlphaSave] SD_HEAP operation=free-space-after state=frontend-new-journey free_internal=67108864 free_dma=67108864 largest_dma=67108864 largest_internal=67108864 requested_dma=512
[I][AlphaSave] SD_SPACE path=/sd api=esp_vfs_fat_info/f_getfree return=ESP_OK(0x0) errno=0 total_bytes=34359738368 free_bytes=8589934592 total_sectors=67108864 free_sectors=16777216 sector_bytes=512
[I][AlphaSave] NEWGAME_SAVE stage=free-space-query result=ok esp_err=ESP_OK errno=0 path=/sd stack_margin=32768
[I][AlphaSave] NEWGAME_SAVE stage=free-space result=ok esp_err=ESP_OK errno=0 path=/sd stack_margin=32768
[I][AlphaSave] SAVE_TARGET save_slot=0 newest=1 accepted=1 slot=0 keep=1 sequence=4
[I][AlphaSave] NEWGAME_SAVE stage=gam-encode result=ok esp_err=ESP_OK errno=0 path=INIT.GAM stack_margin=32768
[I][AlphaSave] NEWGAME_SAVE stage=ool-encode result=ok esp_err=ESP_OK errno=0 path=INIT.OOL stack_margin=32768
[I][AlphaSave] NEWGAME_SAVE stage=json-encode result=ok esp_err=ESP_OK errno=0 path=sidecar stack_margin=32768
[I][AlphaSave] SD_HEAP operation=write-gam-temp state=frontend-new-journey free_internal=67108864 free_dma=67108864 largest_dma=67108864 largest_internal=67108864 requested_dma=512
[I][AlphaSave] NEWGAME_SAVE stage=write-gam-temp result=ok esp_err=ESP_OK errno=0 path=/sd/ultima5/saves/alpha1-g0.gam.tmp stack_margin=32768
[I][AlphaSave] SD_HEAP operation=write-ool-temp state=frontend-new-journey free_internal=67108864 free_dma=67108864 largest_dma=67108864 largest_internal=67108864 requested_dma=512
[I][AlphaSave] NEWGAME_SAVE stage=write-ool-temp result=ok esp_err=ESP_OK errno=0 path=/sd/ultima5/saves/alpha1-g0.ool.tmp stack_margin=32768
[I][AlphaSave] SD_HEAP operation=write-json-temp state=frontend-new-journey free_internal=67108864 free_dma=67108864 largest_dma=67108864 largest_internal=67108864 requested_dma=512
[I][AlphaSave] NEWGAME_SAVE stage=write-json-temp result=ok esp_err=ESP_OK errno=0 path=/sd/ultima5/saves/alpha1-g0.json.tmp stack_margin=32768
[I][AlphaSave] SD_HEAP operation=crc-readback state=frontend-new-journey free_internal=67108864 free_dma=67108864 largest_dma=67108864 largest_internal=67108864 requested_dma=512
[I][AlphaSave] NEWGAME_SAVE stage=crc-readback result=ok esp_err=ESP_OK errno=0 path=/sd/ultima5/saves stack_margin=32768
[I][AlphaSave] NEWGAME_SAVE stage=rename-gam result=ok esp_err=ESP_OK errno=0 path=/sd/ultima5/saves/alpha1-g0.gam stack_margin=32768
[I][AlphaSave] NEWGAME_SAVE stage=rename-ool result=ok esp_err=ESP_OK errno=0 path=/sd/ultima5/saves/alpha1-g0.ool stack_margin=32768
[I][AlphaSave] NEWGAME_SAVE stage=rename-json result=ok esp_err=ESP_OK errno=0 path=/sd/ultima5/saves/alpha1-g0.json stack_margin=32768
[I][AlphaSave] NEWGAME_SAVE stage=write-commit-temp result=ok esp_err=ESP_OK errno=0 path=/sd/ultima5/saves/alpha1-g0.commit.tmp stack_margin=32768
[I][AlphaSave] NEWGAME_SAVE stage=rename-commit result=ok esp_err=ESP_OK errno=0 path=/sd/ultima5/saves/alpha1-g0.commit stack_margin=32768
[I][AlphaSave] NEWGAME_SAVE stage=semantic-validation result=ok esp_err=ESP_OK errno=0 path=/sd/ultima5/saves/alpha1-g0.commit stack_margin=32768
[I][AlphaSave] NEWGAME_SAVE stage=generation-final result=ok esp_err=ESP_OK errno=0 path=/sd/ultima5/saves/alpha1-g0.commit stack_margin=32768
[I][AlphaSave] save generation=4 save_slot=0 slot=0 time=11 ms json=370
[I][AlphaSave] SD_HEAP operation=dma-reserve-restored state=frontend-new-journey free_internal=67108864 free_dma=67108864 largest_dma=67108864 largest_internal=67108864 requested_dma=8192
[I][AlphaRuntime] FRONTEND_INTENT intent=create-initial-save storage_end=1 ok=1 ms=11 stack_margin=32768
[I][AlphaSave] SD_HEAP operation=release-reserved-dma state=save-catalog free_internal=67108864 free_dma=67108864 largest_dma=67108864 largest_internal=67108864 requested_dma=8192
[I][AlphaSave] SD_HEAP operation=sd-window-open state=save-catalog free_internal=67108864 free_dma=67108864 largest_dma=67108864 largest_internal=67108864 requested_dma=512
[I][AlphaSave] SAVE_CATALOG slot1=cached slot2=cached slot3=cached staged=0 bytes=128 commit_us=165 verify_us=0 total_us=168
[I][AlphaSave] SD_HEAP operation=dma-reserve-restored state=save-catalog free_internal=67108864 free_dma=67108864 largest_dma=67108864 largest_internal=67108864 requested_dma=8192
[I][AlphaSave] SD_HEAP operation=release-reserved-dma state=save-catalog free_internal=67108864 free_dma=67108864 largest_dma=67108864 largest_internal=67108864 requested_dma=8192
[I][AlphaSave] SD_HEAP operation=sd-window-open state=save-catalog free_internal=67108864 free_dma=67108864 largest_dma=67108864 largest_internal=67108864 requested_dma=512
[I][AlphaSave] SAVE_SCRATCH psram_bytes=11888
[I][AlphaSave] SAVE_CATALOG slot1=verified slot2=verified slot3=verified staged=3 bytes=15349 commit_us=136 verify_us=1184 total_us=1327
[I][AlphaSave] SD_HEAP operation=dma-reserve-restored state=save-catalog free_internal=67108864 free_dma=67108864 largest_dma=67108864 largest_internal=67108864 requested_dma=8192
[I][AlphaSave] SD_HEAP operation=release-reserved-dma state=save-inspect free_internal=67108864 free_dma=67108864 largest_dma=67108864 largest_internal=67108864 requested_dma=8192
[I][AlphaSave] SD_HEAP operation=sd-window-open state=save-inspect free_internal=67108864 free_dma=67108864 largest_dma=67108864 largest_internal=67108864 requested_dma=512
[I][AlphaSave] SAVE_SCRATCH psram_bytes=11888
[I][AlphaSave] SAVE_INSPECT save_slot=0 slot0=verified slot1=verified bytes=10211 commit_us=67 read_us=163 verify_us=593 total_us=866
[I][AlphaSave] SD_HEAP operation=dma-reserve-restored state=save-inspect free_internal=67108864 free_dma=67108864 largest_dma=67108864 largest_internal=67108864 requested_dma=8192
  GREEN R7    Yes: the new journey replaces Slot 1 (its latest, leader Rune); Slots 2 and 3 byte for byte

[H] the list's card I/O and heap
[I][AlphaSave] SD_HEAP operation=release-reserved-dma state=gameplay-save free_internal=67108864 free_dma=67108864 largest_dma=67108864 largest_internal=67108864 requested_dma=8192
[I][AlphaSave] SD_HEAP operation=sd-window-open state=gameplay-save free_internal=67108864 free_dma=67108864 largest_dma=67108864 largest_internal=67108864 requested_dma=512
[I][AlphaSave] SAVE_SCRATCH psram_bytes=11888
[I][AlphaSave] NEWGAME_SAVE stage=create-root-directory result=ok esp_err=ESP_OK errno=0 path=/sd/ultima5 stack_margin=32768
[I][AlphaSave] NEWGAME_SAVE stage=create-save-directory result=ok esp_err=ESP_OK errno=0 path=/sd/ultima5/saves stack_margin=32768
[I][AlphaSave] SD_HEAP operation=free-space-before state=gameplay-save free_internal=67108864 free_dma=67108864 largest_dma=67108864 largest_internal=67108864 requested_dma=512
[I][AlphaSave] SD_HEAP operation=free-space-call-enter state=gameplay-save free_internal=67108864 free_dma=67108864 largest_dma=67108864 largest_internal=67108864 requested_dma=512
[I][AlphaSave] SD_HEAP operation=free-space-call-exit state=gameplay-save free_internal=67108864 free_dma=67108864 largest_dma=67108864 largest_internal=67108864 requested_dma=512
[I][AlphaSave] SD_HEAP operation=free-space-after state=gameplay-save free_internal=67108864 free_dma=67108864 largest_dma=67108864 largest_internal=67108864 requested_dma=512
[I][AlphaSave] SD_SPACE path=/sd api=esp_vfs_fat_info/f_getfree return=ESP_OK(0x0) errno=0 total_bytes=34359738368 free_bytes=8589934592 total_sectors=67108864 free_sectors=16777216 sector_bytes=512
[I][AlphaSave] NEWGAME_SAVE stage=free-space-query result=ok esp_err=ESP_OK errno=0 path=/sd stack_margin=32768
[I][AlphaSave] NEWGAME_SAVE stage=free-space result=ok esp_err=ESP_OK errno=0 path=/sd stack_margin=32768
[I][AlphaSave] SAVE_TARGET save_slot=0 newest=-1 accepted=0 slot=1 keep=-1 sequence=1
[I][AlphaSave] NEWGAME_SAVE stage=gam-encode result=ok esp_err=ESP_OK errno=0 path=INIT.GAM stack_margin=32768
[I][AlphaSave] NEWGAME_SAVE stage=ool-encode result=ok esp_err=ESP_OK errno=0 path=INIT.OOL stack_margin=32768
[I][AlphaSave] NEWGAME_SAVE stage=json-encode result=ok esp_err=ESP_OK errno=0 path=sidecar stack_margin=32768
[I][AlphaSave] SD_HEAP operation=write-gam-temp state=gameplay-save free_internal=67108864 free_dma=67108864 largest_dma=67108864 largest_internal=67108864 requested_dma=512
[I][AlphaSave] NEWGAME_SAVE stage=write-gam-temp result=ok esp_err=ESP_OK errno=0 path=/sd/ultima5/saves/alpha1-g1.gam.tmp stack_margin=32768
[I][AlphaSave] SD_HEAP operation=write-ool-temp state=gameplay-save free_internal=67108864 free_dma=67108864 largest_dma=67108864 largest_internal=67108864 requested_dma=512
[I][AlphaSave] NEWGAME_SAVE stage=write-ool-temp result=ok esp_err=ESP_OK errno=0 path=/sd/ultima5/saves/alpha1-g1.ool.tmp stack_margin=32768
[I][AlphaSave] SD_HEAP operation=write-json-temp state=gameplay-save free_internal=67108864 free_dma=67108864 largest_dma=67108864 largest_internal=67108864 requested_dma=512
[I][AlphaSave] NEWGAME_SAVE stage=write-json-temp result=ok esp_err=ESP_OK errno=0 path=/sd/ultima5/saves/alpha1-g1.json.tmp stack_margin=32768
[I][AlphaSave] SD_HEAP operation=crc-readback state=gameplay-save free_internal=67108864 free_dma=67108864 largest_dma=67108864 largest_internal=67108864 requested_dma=512
[I][AlphaSave] NEWGAME_SAVE stage=crc-readback result=ok esp_err=ESP_OK errno=0 path=/sd/ultima5/saves stack_margin=32768
[I][AlphaSave] NEWGAME_SAVE stage=rename-gam result=ok esp_err=ESP_OK errno=0 path=/sd/ultima5/saves/alpha1-g1.gam stack_margin=32768
[I][AlphaSave] NEWGAME_SAVE stage=rename-ool result=ok esp_err=ESP_OK errno=0 path=/sd/ultima5/saves/alpha1-g1.ool stack_margin=32768
[I][AlphaSave] NEWGAME_SAVE stage=rename-json result=ok esp_err=ESP_OK errno=0 path=/sd/ultima5/saves/alpha1-g1.json stack_margin=32768
[I][AlphaSave] NEWGAME_SAVE stage=write-commit-temp result=ok esp_err=ESP_OK errno=0 path=/sd/ultima5/saves/alpha1-g1.commit.tmp stack_margin=32768
[I][AlphaSave] NEWGAME_SAVE stage=rename-commit result=ok esp_err=ESP_OK errno=0 path=/sd/ultima5/saves/alpha1-g1.commit stack_margin=32768
[I][AlphaSave] NEWGAME_SAVE stage=semantic-validation result=ok esp_err=ESP_OK errno=0 path=/sd/ultima5/saves/alpha1-g1.commit stack_margin=32768
[I][AlphaSave] NEWGAME_SAVE stage=generation-final result=ok esp_err=ESP_OK errno=0 path=/sd/ultima5/saves/alpha1-g1.commit stack_margin=32768
[I][AlphaSave] save generation=1 save_slot=0 slot=1 time=7 ms json=370
[I][AlphaSave] SD_HEAP operation=dma-reserve-restored state=gameplay-save free_internal=67108864 free_dma=67108864 largest_dma=67108864 largest_internal=67108864 requested_dma=8192
[I][AlphaSave] SD_HEAP operation=release-reserved-dma state=gameplay-save free_internal=67108864 free_dma=67108864 largest_dma=67108864 largest_internal=67108864 requested_dma=8192
[I][AlphaSave] SD_HEAP operation=sd-window-open state=gameplay-save free_internal=67108864 free_dma=67108864 largest_dma=67108864 largest_internal=67108864 requested_dma=512
[I][AlphaSave] NEWGAME_SAVE stage=create-root-directory result=ok esp_err=ESP_OK errno=0 path=/sd/ultima5 stack_margin=32768
[I][AlphaSave] NEWGAME_SAVE stage=create-save-directory result=ok esp_err=ESP_OK errno=0 path=/sd/ultima5/saves stack_margin=32768
[I][AlphaSave] SD_HEAP operation=free-space-before state=gameplay-save free_internal=67108864 free_dma=67108864 largest_dma=67108864 largest_internal=67108864 requested_dma=512
[I][AlphaSave] SD_HEAP operation=free-space-call-enter state=gameplay-save free_internal=67108864 free_dma=67108864 largest_dma=67108864 largest_internal=67108864 requested_dma=512
[I][AlphaSave] SD_HEAP operation=free-space-call-exit state=gameplay-save free_internal=67108864 free_dma=67108864 largest_dma=67108864 largest_internal=67108864 requested_dma=512
[I][AlphaSave] SD_HEAP operation=free-space-after state=gameplay-save free_internal=67108864 free_dma=67108864 largest_dma=67108864 largest_internal=67108864 requested_dma=512
[I][AlphaSave] SD_SPACE path=/sd api=esp_vfs_fat_info/f_getfree return=ESP_OK(0x0) errno=0 total_bytes=34359738368 free_bytes=8589934592 total_sectors=67108864 free_sectors=16777216 sector_bytes=512
[I][AlphaSave] NEWGAME_SAVE stage=free-space-query result=ok esp_err=ESP_OK errno=0 path=/sd stack_margin=32768
[I][AlphaSave] NEWGAME_SAVE stage=free-space result=ok esp_err=ESP_OK errno=0 path=/sd stack_margin=32768
[I][AlphaSave] SAVE_TARGET save_slot=0 newest=1 accepted=1 slot=0 keep=1 sequence=2
[I][AlphaSave] NEWGAME_SAVE stage=gam-encode result=ok esp_err=ESP_OK errno=0 path=INIT.GAM stack_margin=32768
[I][AlphaSave] NEWGAME_SAVE stage=ool-encode result=ok esp_err=ESP_OK errno=0 path=INIT.OOL stack_margin=32768
[I][AlphaSave] NEWGAME_SAVE stage=json-encode result=ok esp_err=ESP_OK errno=0 path=sidecar stack_margin=32768
[I][AlphaSave] SD_HEAP operation=write-gam-temp state=gameplay-save free_internal=67108864 free_dma=67108864 largest_dma=67108864 largest_internal=67108864 requested_dma=512
[I][AlphaSave] NEWGAME_SAVE stage=write-gam-temp result=ok esp_err=ESP_OK errno=0 path=/sd/ultima5/saves/alpha1-g0.gam.tmp stack_margin=32768
[I][AlphaSave] SD_HEAP operation=write-ool-temp state=gameplay-save free_internal=67108864 free_dma=67108864 largest_dma=67108864 largest_internal=67108864 requested_dma=512
[I][AlphaSave] NEWGAME_SAVE stage=write-ool-temp result=ok esp_err=ESP_OK errno=0 path=/sd/ultima5/saves/alpha1-g0.ool.tmp stack_margin=32768
[I][AlphaSave] SD_HEAP operation=write-json-temp state=gameplay-save free_internal=67108864 free_dma=67108864 largest_dma=67108864 largest_internal=67108864 requested_dma=512
[I][AlphaSave] NEWGAME_SAVE stage=write-json-temp result=ok esp_err=ESP_OK errno=0 path=/sd/ultima5/saves/alpha1-g0.json.tmp stack_margin=32768
[I][AlphaSave] SD_HEAP operation=crc-readback state=gameplay-save free_internal=67108864 free_dma=67108864 largest_dma=67108864 largest_internal=67108864 requested_dma=512
[I][AlphaSave] NEWGAME_SAVE stage=crc-readback result=ok esp_err=ESP_OK errno=0 path=/sd/ultima5/saves stack_margin=32768
[I][AlphaSave] NEWGAME_SAVE stage=rename-gam result=ok esp_err=ESP_OK errno=0 path=/sd/ultima5/saves/alpha1-g0.gam stack_margin=32768
[I][AlphaSave] NEWGAME_SAVE stage=rename-ool result=ok esp_err=ESP_OK errno=0 path=/sd/ultima5/saves/alpha1-g0.ool stack_margin=32768
[I][AlphaSave] NEWGAME_SAVE stage=rename-json result=ok esp_err=ESP_OK errno=0 path=/sd/ultima5/saves/alpha1-g0.json stack_margin=32768
[I][AlphaSave] NEWGAME_SAVE stage=write-commit-temp result=ok esp_err=ESP_OK errno=0 path=/sd/ultima5/saves/alpha1-g0.commit.tmp stack_margin=32768
[I][AlphaSave] NEWGAME_SAVE stage=rename-commit result=ok esp_err=ESP_OK errno=0 path=/sd/ultima5/saves/alpha1-g0.commit stack_margin=32768
[I][AlphaSave] NEWGAME_SAVE stage=semantic-validation result=ok esp_err=ESP_OK errno=0 path=/sd/ultima5/saves/alpha1-g0.commit stack_margin=32768
[I][AlphaSave] NEWGAME_SAVE stage=generation-final result=ok esp_err=ESP_OK errno=0 path=/sd/ultima5/saves/alpha1-g0.commit stack_margin=32768
[I][AlphaSave] save generation=2 save_slot=0 slot=0 time=12 ms json=370
[I][AlphaSave] SD_HEAP operation=dma-reserve-restored state=gameplay-save free_internal=67108864 free_dma=67108864 largest_dma=67108864 largest_internal=67108864 requested_dma=8192
[I][AlphaSave] SD_HEAP operation=release-reserved-dma state=gameplay-save free_internal=67108864 free_dma=67108864 largest_dma=67108864 largest_internal=67108864 requested_dma=8192
[I][AlphaSave] SD_HEAP operation=sd-window-open state=gameplay-save free_internal=67108864 free_dma=67108864 largest_dma=67108864 largest_internal=67108864 requested_dma=512
[I][AlphaSave] NEWGAME_SAVE stage=create-root-directory result=ok esp_err=ESP_OK errno=0 path=/sd/ultima5 stack_margin=32768
[I][AlphaSave] NEWGAME_SAVE stage=create-save-directory result=ok esp_err=ESP_OK errno=0 path=/sd/ultima5/saves stack_margin=32768
[I][AlphaSave] SD_HEAP operation=free-space-before state=gameplay-save free_internal=67108864 free_dma=67108864 largest_dma=67108864 largest_internal=67108864 requested_dma=512
[I][AlphaSave] SD_HEAP operation=free-space-call-enter state=gameplay-save free_internal=67108864 free_dma=67108864 largest_dma=67108864 largest_internal=67108864 requested_dma=512
[I][AlphaSave] SD_HEAP operation=free-space-call-exit state=gameplay-save free_internal=67108864 free_dma=67108864 largest_dma=67108864 largest_internal=67108864 requested_dma=512
[I][AlphaSave] SD_HEAP operation=free-space-after state=gameplay-save free_internal=67108864 free_dma=67108864 largest_dma=67108864 largest_internal=67108864 requested_dma=512
[I][AlphaSave] SD_SPACE path=/sd api=esp_vfs_fat_info/f_getfree return=ESP_OK(0x0) errno=0 total_bytes=34359738368 free_bytes=8589934592 total_sectors=67108864 free_sectors=16777216 sector_bytes=512
[I][AlphaSave] NEWGAME_SAVE stage=free-space-query result=ok esp_err=ESP_OK errno=0 path=/sd stack_margin=32768
[I][AlphaSave] NEWGAME_SAVE stage=free-space result=ok esp_err=ESP_OK errno=0 path=/sd stack_margin=32768
[I][AlphaSave] SAVE_TARGET save_slot=1 newest=-1 accepted=0 slot=1 keep=-1 sequence=3
[I][AlphaSave] NEWGAME_SAVE stage=gam-encode result=ok esp_err=ESP_OK errno=0 path=INIT.GAM stack_margin=32768
[I][AlphaSave] NEWGAME_SAVE stage=ool-encode result=ok esp_err=ESP_OK errno=0 path=INIT.OOL stack_margin=32768
[I][AlphaSave] NEWGAME_SAVE stage=json-encode result=ok esp_err=ESP_OK errno=0 path=sidecar stack_margin=32768
[I][AlphaSave] SD_HEAP operation=write-gam-temp state=gameplay-save free_internal=67108864 free_dma=67108864 largest_dma=67108864 largest_internal=67108864 requested_dma=512
[I][AlphaSave] NEWGAME_SAVE stage=write-gam-temp result=ok esp_err=ESP_OK errno=0 path=/sd/ultima5/saves/alpha1-s2-g1.gam.tmp stack_margin=32768
[I][AlphaSave] SD_HEAP operation=write-ool-temp state=gameplay-save free_internal=67108864 free_dma=67108864 largest_dma=67108864 largest_internal=67108864 requested_dma=512
[I][AlphaSave] NEWGAME_SAVE stage=write-ool-temp result=ok esp_err=ESP_OK errno=0 path=/sd/ultima5/saves/alpha1-s2-g1.ool.tmp stack_margin=32768
[I][AlphaSave] SD_HEAP operation=write-json-temp state=gameplay-save free_internal=67108864 free_dma=67108864 largest_dma=67108864 largest_internal=67108864 requested_dma=512
[I][AlphaSave] NEWGAME_SAVE stage=write-json-temp result=ok esp_err=ESP_OK errno=0 path=/sd/ultima5/saves/alpha1-s2-g1.json.tmp stack_margin=32768
[I][AlphaSave] SD_HEAP operation=crc-readback state=gameplay-save free_internal=67108864 free_dma=67108864 largest_dma=67108864 largest_internal=67108864 requested_dma=512
[I][AlphaSave] NEWGAME_SAVE stage=crc-readback result=ok esp_err=ESP_OK errno=0 path=/sd/ultima5/saves stack_margin=32768
[I][AlphaSave] NEWGAME_SAVE stage=rename-gam result=ok esp_err=ESP_OK errno=0 path=/sd/ultima5/saves/alpha1-s2-g1.gam stack_margin=32768
[I][AlphaSave] NEWGAME_SAVE stage=rename-ool result=ok esp_err=ESP_OK errno=0 path=/sd/ultima5/saves/alpha1-s2-g1.ool stack_margin=32768
[I][AlphaSave] NEWGAME_SAVE stage=rename-json result=ok esp_err=ESP_OK errno=0 path=/sd/ultima5/saves/alpha1-s2-g1.json stack_margin=32768
[I][AlphaSave] NEWGAME_SAVE stage=write-commit-temp result=ok esp_err=ESP_OK errno=0 path=/sd/ultima5/saves/alpha1-s2-g1.commit.tmp stack_margin=32768
[I][AlphaSave] NEWGAME_SAVE stage=rename-commit result=ok esp_err=ESP_OK errno=0 path=/sd/ultima5/saves/alpha1-s2-g1.commit stack_margin=32768
[I][AlphaSave] NEWGAME_SAVE stage=semantic-validation result=ok esp_err=ESP_OK errno=0 path=/sd/ultima5/saves/alpha1-s2-g1.commit stack_margin=32768
[I][AlphaSave] NEWGAME_SAVE stage=generation-final result=ok esp_err=ESP_OK errno=0 path=/sd/ultima5/saves/alpha1-s2-g1.commit stack_margin=32768
[I][AlphaSave] save generation=3 save_slot=1 slot=1 time=8 ms json=370
[I][AlphaSave] SD_HEAP operation=dma-reserve-restored state=gameplay-save free_internal=67108864 free_dma=67108864 largest_dma=67108864 largest_internal=67108864 requested_dma=8192
[I][AlphaSave] SD_HEAP operation=release-reserved-dma state=gameplay-save free_internal=67108864 free_dma=67108864 largest_dma=67108864 largest_internal=67108864 requested_dma=8192
[I][AlphaSave] SD_HEAP operation=sd-window-open state=gameplay-save free_internal=67108864 free_dma=67108864 largest_dma=67108864 largest_internal=67108864 requested_dma=512
[I][AlphaSave] NEWGAME_SAVE stage=create-root-directory result=ok esp_err=ESP_OK errno=0 path=/sd/ultima5 stack_margin=32768
[I][AlphaSave] NEWGAME_SAVE stage=create-save-directory result=ok esp_err=ESP_OK errno=0 path=/sd/ultima5/saves stack_margin=32768
[I][AlphaSave] SD_HEAP operation=free-space-before state=gameplay-save free_internal=67108864 free_dma=67108864 largest_dma=67108864 largest_internal=67108864 requested_dma=512
[I][AlphaSave] SD_HEAP operation=free-space-call-enter state=gameplay-save free_internal=67108864 free_dma=67108864 largest_dma=67108864 largest_internal=67108864 requested_dma=512
[I][AlphaSave] SD_HEAP operation=free-space-call-exit state=gameplay-save free_internal=67108864 free_dma=67108864 largest_dma=67108864 largest_internal=67108864 requested_dma=512
[I][AlphaSave] SD_HEAP operation=free-space-after state=gameplay-save free_internal=67108864 free_dma=67108864 largest_dma=67108864 largest_internal=67108864 requested_dma=512
[I][AlphaSave] SD_SPACE path=/sd api=esp_vfs_fat_info/f_getfree return=ESP_OK(0x0) errno=0 total_bytes=34359738368 free_bytes=8589934592 total_sectors=67108864 free_sectors=16777216 sector_bytes=512
[I][AlphaSave] NEWGAME_SAVE stage=free-space-query result=ok esp_err=ESP_OK errno=0 path=/sd stack_margin=32768
[I][AlphaSave] NEWGAME_SAVE stage=free-space result=ok esp_err=ESP_OK errno=0 path=/sd stack_margin=32768
[I][AlphaSave] SAVE_TARGET save_slot=1 newest=1 accepted=1 slot=0 keep=1 sequence=4
[I][AlphaSave] NEWGAME_SAVE stage=gam-encode result=ok esp_err=ESP_OK errno=0 path=INIT.GAM stack_margin=32768
[I][AlphaSave] NEWGAME_SAVE stage=ool-encode result=ok esp_err=ESP_OK errno=0 path=INIT.OOL stack_margin=32768
[I][AlphaSave] NEWGAME_SAVE stage=json-encode result=ok esp_err=ESP_OK errno=0 path=sidecar stack_margin=32768
[I][AlphaSave] SD_HEAP operation=write-gam-temp state=gameplay-save free_internal=67108864 free_dma=67108864 largest_dma=67108864 largest_internal=67108864 requested_dma=512
[I][AlphaSave] NEWGAME_SAVE stage=write-gam-temp result=ok esp_err=ESP_OK errno=0 path=/sd/ultima5/saves/alpha1-s2-g0.gam.tmp stack_margin=32768
[I][AlphaSave] SD_HEAP operation=write-ool-temp state=gameplay-save free_internal=67108864 free_dma=67108864 largest_dma=67108864 largest_internal=67108864 requested_dma=512
[I][AlphaSave] NEWGAME_SAVE stage=write-ool-temp result=ok esp_err=ESP_OK errno=0 path=/sd/ultima5/saves/alpha1-s2-g0.ool.tmp stack_margin=32768
[I][AlphaSave] SD_HEAP operation=write-json-temp state=gameplay-save free_internal=67108864 free_dma=67108864 largest_dma=67108864 largest_internal=67108864 requested_dma=512
[I][AlphaSave] NEWGAME_SAVE stage=write-json-temp result=ok esp_err=ESP_OK errno=0 path=/sd/ultima5/saves/alpha1-s2-g0.json.tmp stack_margin=32768
[I][AlphaSave] SD_HEAP operation=crc-readback state=gameplay-save free_internal=67108864 free_dma=67108864 largest_dma=67108864 largest_internal=67108864 requested_dma=512
[I][AlphaSave] NEWGAME_SAVE stage=crc-readback result=ok esp_err=ESP_OK errno=0 path=/sd/ultima5/saves stack_margin=32768
[I][AlphaSave] NEWGAME_SAVE stage=rename-gam result=ok esp_err=ESP_OK errno=0 path=/sd/ultima5/saves/alpha1-s2-g0.gam stack_margin=32768
[I][AlphaSave] NEWGAME_SAVE stage=rename-ool result=ok esp_err=ESP_OK errno=0 path=/sd/ultima5/saves/alpha1-s2-g0.ool stack_margin=32768
[I][AlphaSave] NEWGAME_SAVE stage=rename-json result=ok esp_err=ESP_OK errno=0 path=/sd/ultima5/saves/alpha1-s2-g0.json stack_margin=32768
[I][AlphaSave] NEWGAME_SAVE stage=write-commit-temp result=ok esp_err=ESP_OK errno=0 path=/sd/ultima5/saves/alpha1-s2-g0.commit.tmp stack_margin=32768
[I][AlphaSave] NEWGAME_SAVE stage=rename-commit result=ok esp_err=ESP_OK errno=0 path=/sd/ultima5/saves/alpha1-s2-g0.commit stack_margin=32768
[I][AlphaSave] NEWGAME_SAVE stage=semantic-validation result=ok esp_err=ESP_OK errno=0 path=/sd/ultima5/saves/alpha1-s2-g0.commit stack_margin=32768
[I][AlphaSave] NEWGAME_SAVE stage=generation-final result=ok esp_err=ESP_OK errno=0 path=/sd/ultima5/saves/alpha1-s2-g0.commit stack_margin=32768
[I][AlphaSave] save generation=4 save_slot=1 slot=0 time=7 ms json=370
[I][AlphaSave] SD_HEAP operation=dma-reserve-restored state=gameplay-save free_internal=67108864 free_dma=67108864 largest_dma=67108864 largest_internal=67108864 requested_dma=8192
[I][AlphaSave] SD_HEAP operation=release-reserved-dma state=gameplay-save free_internal=67108864 free_dma=67108864 largest_dma=67108864 largest_internal=67108864 requested_dma=8192
[I][AlphaSave] SD_HEAP operation=sd-window-open state=gameplay-save free_internal=67108864 free_dma=67108864 largest_dma=67108864 largest_internal=67108864 requested_dma=512
[I][AlphaSave] NEWGAME_SAVE stage=create-root-directory result=ok esp_err=ESP_OK errno=0 path=/sd/ultima5 stack_margin=32768
[I][AlphaSave] NEWGAME_SAVE stage=create-save-directory result=ok esp_err=ESP_OK errno=0 path=/sd/ultima5/saves stack_margin=32768
[I][AlphaSave] SD_HEAP operation=free-space-before state=gameplay-save free_internal=67108864 free_dma=67108864 largest_dma=67108864 largest_internal=67108864 requested_dma=512
[I][AlphaSave] SD_HEAP operation=free-space-call-enter state=gameplay-save free_internal=67108864 free_dma=67108864 largest_dma=67108864 largest_internal=67108864 requested_dma=512
[I][AlphaSave] SD_HEAP operation=free-space-call-exit state=gameplay-save free_internal=67108864 free_dma=67108864 largest_dma=67108864 largest_internal=67108864 requested_dma=512
[I][AlphaSave] SD_HEAP operation=free-space-after state=gameplay-save free_internal=67108864 free_dma=67108864 largest_dma=67108864 largest_internal=67108864 requested_dma=512
[I][AlphaSave] SD_SPACE path=/sd api=esp_vfs_fat_info/f_getfree return=ESP_OK(0x0) errno=0 total_bytes=34359738368 free_bytes=8589934592 total_sectors=67108864 free_sectors=16777216 sector_bytes=512
[I][AlphaSave] NEWGAME_SAVE stage=free-space-query result=ok esp_err=ESP_OK errno=0 path=/sd stack_margin=32768
[I][AlphaSave] NEWGAME_SAVE stage=free-space result=ok esp_err=ESP_OK errno=0 path=/sd stack_margin=32768
[I][AlphaSave] SAVE_TARGET save_slot=2 newest=-1 accepted=0 slot=1 keep=-1 sequence=5
[I][AlphaSave] NEWGAME_SAVE stage=gam-encode result=ok esp_err=ESP_OK errno=0 path=INIT.GAM stack_margin=32768
[I][AlphaSave] NEWGAME_SAVE stage=ool-encode result=ok esp_err=ESP_OK errno=0 path=INIT.OOL stack_margin=32768
[I][AlphaSave] NEWGAME_SAVE stage=json-encode result=ok esp_err=ESP_OK errno=0 path=sidecar stack_margin=32768
[I][AlphaSave] SD_HEAP operation=write-gam-temp state=gameplay-save free_internal=67108864 free_dma=67108864 largest_dma=67108864 largest_internal=67108864 requested_dma=512
[I][AlphaSave] NEWGAME_SAVE stage=write-gam-temp result=ok esp_err=ESP_OK errno=0 path=/sd/ultima5/saves/alpha1-s3-g1.gam.tmp stack_margin=32768
[I][AlphaSave] SD_HEAP operation=write-ool-temp state=gameplay-save free_internal=67108864 free_dma=67108864 largest_dma=67108864 largest_internal=67108864 requested_dma=512
[I][AlphaSave] NEWGAME_SAVE stage=write-ool-temp result=ok esp_err=ESP_OK errno=0 path=/sd/ultima5/saves/alpha1-s3-g1.ool.tmp stack_margin=32768
[I][AlphaSave] SD_HEAP operation=write-json-temp state=gameplay-save free_internal=67108864 free_dma=67108864 largest_dma=67108864 largest_internal=67108864 requested_dma=512
[I][AlphaSave] NEWGAME_SAVE stage=write-json-temp result=ok esp_err=ESP_OK errno=0 path=/sd/ultima5/saves/alpha1-s3-g1.json.tmp stack_margin=32768
[I][AlphaSave] SD_HEAP operation=crc-readback state=gameplay-save free_internal=67108864 free_dma=67108864 largest_dma=67108864 largest_internal=67108864 requested_dma=512
[I][AlphaSave] NEWGAME_SAVE stage=crc-readback result=ok esp_err=ESP_OK errno=0 path=/sd/ultima5/saves stack_margin=32768
[I][AlphaSave] NEWGAME_SAVE stage=rename-gam result=ok esp_err=ESP_OK errno=0 path=/sd/ultima5/saves/alpha1-s3-g1.gam stack_margin=32768
[I][AlphaSave] NEWGAME_SAVE stage=rename-ool result=ok esp_err=ESP_OK errno=0 path=/sd/ultima5/saves/alpha1-s3-g1.ool stack_margin=32768
[I][AlphaSave] NEWGAME_SAVE stage=rename-json result=ok esp_err=ESP_OK errno=0 path=/sd/ultima5/saves/alpha1-s3-g1.json stack_margin=32768
[I][AlphaSave] NEWGAME_SAVE stage=write-commit-temp result=ok esp_err=ESP_OK errno=0 path=/sd/ultima5/saves/alpha1-s3-g1.commit.tmp stack_margin=32768
[I][AlphaSave] NEWGAME_SAVE stage=rename-commit result=ok esp_err=ESP_OK errno=0 path=/sd/ultima5/saves/alpha1-s3-g1.commit stack_margin=32768
[I][AlphaSave] NEWGAME_SAVE stage=semantic-validation result=ok esp_err=ESP_OK errno=0 path=/sd/ultima5/saves/alpha1-s3-g1.commit stack_margin=32768
[I][AlphaSave] NEWGAME_SAVE stage=generation-final result=ok esp_err=ESP_OK errno=0 path=/sd/ultima5/saves/alpha1-s3-g1.commit stack_margin=32768
[I][AlphaSave] save generation=5 save_slot=2 slot=1 time=8 ms json=370
[I][AlphaSave] SD_HEAP operation=dma-reserve-restored state=gameplay-save free_internal=67108864 free_dma=67108864 largest_dma=67108864 largest_internal=67108864 requested_dma=8192
[I][AlphaSave] SD_HEAP operation=release-reserved-dma state=gameplay-save free_internal=67108864 free_dma=67108864 largest_dma=67108864 largest_internal=67108864 requested_dma=8192
[I][AlphaSave] SD_HEAP operation=sd-window-open state=gameplay-save free_internal=67108864 free_dma=67108864 largest_dma=67108864 largest_internal=67108864 requested_dma=512
[I][AlphaSave] NEWGAME_SAVE stage=create-root-directory result=ok esp_err=ESP_OK errno=0 path=/sd/ultima5 stack_margin=32768
[I][AlphaSave] NEWGAME_SAVE stage=create-save-directory result=ok esp_err=ESP_OK errno=0 path=/sd/ultima5/saves stack_margin=32768
[I][AlphaSave] SD_HEAP operation=free-space-before state=gameplay-save free_internal=67108864 free_dma=67108864 largest_dma=67108864 largest_internal=67108864 requested_dma=512
[I][AlphaSave] SD_HEAP operation=free-space-call-enter state=gameplay-save free_internal=67108864 free_dma=67108864 largest_dma=67108864 largest_internal=67108864 requested_dma=512
[I][AlphaSave] SD_HEAP operation=free-space-call-exit state=gameplay-save free_internal=67108864 free_dma=67108864 largest_dma=67108864 largest_internal=67108864 requested_dma=512
[I][AlphaSave] SD_HEAP operation=free-space-after state=gameplay-save free_internal=67108864 free_dma=67108864 largest_dma=67108864 largest_internal=67108864 requested_dma=512
[I][AlphaSave] SD_SPACE path=/sd api=esp_vfs_fat_info/f_getfree return=ESP_OK(0x0) errno=0 total_bytes=34359738368 free_bytes=8589934592 total_sectors=67108864 free_sectors=16777216 sector_bytes=512
[I][AlphaSave] NEWGAME_SAVE stage=free-space-query result=ok esp_err=ESP_OK errno=0 path=/sd stack_margin=32768
[I][AlphaSave] NEWGAME_SAVE stage=free-space result=ok esp_err=ESP_OK errno=0 path=/sd stack_margin=32768
[I][AlphaSave] SAVE_TARGET save_slot=2 newest=1 accepted=1 slot=0 keep=1 sequence=6
[I][AlphaSave] NEWGAME_SAVE stage=gam-encode result=ok esp_err=ESP_OK errno=0 path=INIT.GAM stack_margin=32768
[I][AlphaSave] NEWGAME_SAVE stage=ool-encode result=ok esp_err=ESP_OK errno=0 path=INIT.OOL stack_margin=32768
[I][AlphaSave] NEWGAME_SAVE stage=json-encode result=ok esp_err=ESP_OK errno=0 path=sidecar stack_margin=32768
[I][AlphaSave] SD_HEAP operation=write-gam-temp state=gameplay-save free_internal=67108864 free_dma=67108864 largest_dma=67108864 largest_internal=67108864 requested_dma=512
[I][AlphaSave] NEWGAME_SAVE stage=write-gam-temp result=ok esp_err=ESP_OK errno=0 path=/sd/ultima5/saves/alpha1-s3-g0.gam.tmp stack_margin=32768
[I][AlphaSave] SD_HEAP operation=write-ool-temp state=gameplay-save free_internal=67108864 free_dma=67108864 largest_dma=67108864 largest_internal=67108864 requested_dma=512
[I][AlphaSave] NEWGAME_SAVE stage=write-ool-temp result=ok esp_err=ESP_OK errno=0 path=/sd/ultima5/saves/alpha1-s3-g0.ool.tmp stack_margin=32768
[I][AlphaSave] SD_HEAP operation=write-json-temp state=gameplay-save free_internal=67108864 free_dma=67108864 largest_dma=67108864 largest_internal=67108864 requested_dma=512
[I][AlphaSave] NEWGAME_SAVE stage=write-json-temp result=ok esp_err=ESP_OK errno=0 path=/sd/ultima5/saves/alpha1-s3-g0.json.tmp stack_margin=32768
[I][AlphaSave] SD_HEAP operation=crc-readback state=gameplay-save free_internal=67108864 free_dma=67108864 largest_dma=67108864 largest_internal=67108864 requested_dma=512
[I][AlphaSave] NEWGAME_SAVE stage=crc-readback result=ok esp_err=ESP_OK errno=0 path=/sd/ultima5/saves stack_margin=32768
[I][AlphaSave] NEWGAME_SAVE stage=rename-gam result=ok esp_err=ESP_OK errno=0 path=/sd/ultima5/saves/alpha1-s3-g0.gam stack_margin=32768
[I][AlphaSave] NEWGAME_SAVE stage=rename-ool result=ok esp_err=ESP_OK errno=0 path=/sd/ultima5/saves/alpha1-s3-g0.ool stack_margin=32768
[I][AlphaSave] NEWGAME_SAVE stage=rename-json result=ok esp_err=ESP_OK errno=0 path=/sd/ultima5/saves/alpha1-s3-g0.json stack_margin=32768
[I][AlphaSave] NEWGAME_SAVE stage=write-commit-temp result=ok esp_err=ESP_OK errno=0 path=/sd/ultima5/saves/alpha1-s3-g0.commit.tmp stack_margin=32768
[I][AlphaSave] NEWGAME_SAVE stage=rename-commit result=ok esp_err=ESP_OK errno=0 path=/sd/ultima5/saves/alpha1-s3-g0.commit stack_margin=32768
[I][AlphaSave] NEWGAME_SAVE stage=semantic-validation result=ok esp_err=ESP_OK errno=0 path=/sd/ultima5/saves/alpha1-s3-g0.commit stack_margin=32768
[I][AlphaSave] NEWGAME_SAVE stage=generation-final result=ok esp_err=ESP_OK errno=0 path=/sd/ultima5/saves/alpha1-s3-g0.commit stack_margin=32768
[I][AlphaSave] save generation=6 save_slot=2 slot=0 time=7 ms json=370
[I][AlphaSave] SD_HEAP operation=dma-reserve-restored state=gameplay-save free_internal=67108864 free_dma=67108864 largest_dma=67108864 largest_internal=67108864 requested_dma=8192
[I][AlphaSave] SD_HEAP operation=release-reserved-dma state=save-catalog free_internal=67108864 free_dma=67108864 largest_dma=67108864 largest_internal=67108864 requested_dma=8192
[I][AlphaSave] SD_HEAP operation=sd-window-open state=save-catalog free_internal=67108864 free_dma=67108864 largest_dma=67108864 largest_internal=67108864 requested_dma=512
[I][AlphaSave] SAVE_SCRATCH psram_bytes=11888
[I][AlphaSave] SAVE_CATALOG slot1=verified slot2=verified slot3=verified staged=3 bytes=15414 commit_us=176 verify_us=1146 total_us=1330
[I][AlphaSave] SD_HEAP operation=dma-reserve-restored state=save-catalog free_internal=67108864 free_dma=67108864 largest_dma=67108864 largest_internal=67108864 requested_dma=8192
         cold list, 3 slots x 2 generations: opens=15 failed=0 bytes_read=15414 peak_small=378751 retained=32
  GREEN H1    a cold list reads six commits and ONE generation per slot (the newest), never the backups: opens=15
[I][AlphaSave] SD_HEAP operation=release-reserved-dma state=save-catalog free_internal=67108864 free_dma=67108864 largest_dma=67108864 largest_internal=67108864 requested_dma=8192
[I][AlphaSave] SD_HEAP operation=sd-window-open state=save-catalog free_internal=67108864 free_dma=67108864 largest_dma=67108864 largest_internal=67108864 requested_dma=512
[I][AlphaSave] SAVE_CATALOG slot1=cached slot2=cached slot3=cached staged=0 bytes=192 commit_us=145 verify_us=0 total_us=150
[I][AlphaSave] SD_HEAP operation=dma-reserve-restored state=save-catalog free_internal=67108864 free_dma=67108864 largest_dma=67108864 largest_internal=67108864 requested_dma=8192
  GREEN H2    a warm list of an unchanged card is the six 32-byte commit reads alone
[I][AlphaSave] SD_HEAP operation=release-reserved-dma state=save-inspect free_internal=67108864 free_dma=67108864 largest_dma=67108864 largest_internal=67108864 requested_dma=8192
[I][AlphaSave] SD_HEAP operation=sd-window-open state=save-inspect free_internal=67108864 free_dma=67108864 largest_dma=67108864 largest_internal=67108864 requested_dma=512
[I][AlphaSave] SAVE_SCRATCH psram_bytes=11888
[I][AlphaSave] SAVE_INSPECT save_slot=0 slot0=verified slot1=verified bytes=10212 commit_us=53 read_us=172 verify_us=571 total_us=816
[I][AlphaSave] SD_HEAP operation=dma-reserve-restored state=save-inspect free_internal=67108864 free_dma=67108864 largest_dma=67108864 largest_internal=67108864 requested_dma=8192
  GREEN H3    the cold list's small-heap peak (378751 B) is one staged document's (378751 B for a pair); it keeps nothing (32 B)
[I][AlphaSave] SD_HEAP operation=release-reserved-dma state=gameplay-save free_internal=67108864 free_dma=67108864 largest_dma=67108864 largest_internal=67108864 requested_dma=8192
[I][AlphaSave] SD_HEAP operation=sd-window-open state=gameplay-save free_internal=67108864 free_dma=67108864 largest_dma=67108864 largest_internal=67108864 requested_dma=512
[I][AlphaSave] SAVE_SCRATCH psram_bytes=11888
[I][AlphaSave] NEWGAME_SAVE stage=create-root-directory result=ok esp_err=ESP_OK errno=0 path=/sd/ultima5 stack_margin=32768
[I][AlphaSave] NEWGAME_SAVE stage=create-save-directory result=ok esp_err=ESP_OK errno=0 path=/sd/ultima5/saves stack_margin=32768
[I][AlphaSave] SD_HEAP operation=free-space-before state=gameplay-save free_internal=67108864 free_dma=67108864 largest_dma=67108864 largest_internal=67108864 requested_dma=512
[I][AlphaSave] SD_HEAP operation=free-space-call-enter state=gameplay-save free_internal=67108864 free_dma=67108864 largest_dma=67108864 largest_internal=67108864 requested_dma=512
[I][AlphaSave] SD_HEAP operation=free-space-call-exit state=gameplay-save free_internal=67108864 free_dma=67108864 largest_dma=67108864 largest_internal=67108864 requested_dma=512
[I][AlphaSave] SD_HEAP operation=free-space-after state=gameplay-save free_internal=67108864 free_dma=67108864 largest_dma=67108864 largest_internal=67108864 requested_dma=512
[I][AlphaSave] SD_SPACE path=/sd api=esp_vfs_fat_info/f_getfree return=ESP_OK(0x0) errno=0 total_bytes=34359738368 free_bytes=8589934592 total_sectors=67108864 free_sectors=16777216 sector_bytes=512
[I][AlphaSave] NEWGAME_SAVE stage=free-space-query result=ok esp_err=ESP_OK errno=0 path=/sd stack_margin=32768
[I][AlphaSave] NEWGAME_SAVE stage=free-space result=ok esp_err=ESP_OK errno=0 path=/sd stack_margin=32768
[I][AlphaSave] SAVE_TARGET save_slot=0 newest=-1 accepted=0 slot=1 keep=-1 sequence=1
[I][AlphaSave] NEWGAME_SAVE stage=gam-encode result=ok esp_err=ESP_OK errno=0 path=INIT.GAM stack_margin=32768
[I][AlphaSave] NEWGAME_SAVE stage=ool-encode result=ok esp_err=ESP_OK errno=0 path=INIT.OOL stack_margin=32768
[I][AlphaSave] NEWGAME_SAVE stage=json-encode result=ok esp_err=ESP_OK errno=0 path=sidecar stack_margin=32768
[I][AlphaSave] SD_HEAP operation=write-gam-temp state=gameplay-save free_internal=67108864 free_dma=67108864 largest_dma=67108864 largest_internal=67108864 requested_dma=512
[I][AlphaSave] NEWGAME_SAVE stage=write-gam-temp result=ok esp_err=ESP_OK errno=0 path=/sd/ultima5/saves/alpha1-g1.gam.tmp stack_margin=32768
[I][AlphaSave] SD_HEAP operation=write-ool-temp state=gameplay-save free_internal=67108864 free_dma=67108864 largest_dma=67108864 largest_internal=67108864 requested_dma=512
[I][AlphaSave] NEWGAME_SAVE stage=write-ool-temp result=ok esp_err=ESP_OK errno=0 path=/sd/ultima5/saves/alpha1-g1.ool.tmp stack_margin=32768
[I][AlphaSave] SD_HEAP operation=write-json-temp state=gameplay-save free_internal=67108864 free_dma=67108864 largest_dma=67108864 largest_internal=67108864 requested_dma=512
[I][AlphaSave] NEWGAME_SAVE stage=write-json-temp result=ok esp_err=ESP_OK errno=0 path=/sd/ultima5/saves/alpha1-g1.json.tmp stack_margin=32768
[I][AlphaSave] SD_HEAP operation=crc-readback state=gameplay-save free_internal=67108864 free_dma=67108864 largest_dma=67108864 largest_internal=67108864 requested_dma=512
[I][AlphaSave] NEWGAME_SAVE stage=crc-readback result=ok esp_err=ESP_OK errno=0 path=/sd/ultima5/saves stack_margin=32768
[I][AlphaSave] NEWGAME_SAVE stage=rename-gam result=ok esp_err=ESP_OK errno=0 path=/sd/ultima5/saves/alpha1-g1.gam stack_margin=32768
[I][AlphaSave] NEWGAME_SAVE stage=rename-ool result=ok esp_err=ESP_OK errno=0 path=/sd/ultima5/saves/alpha1-g1.ool stack_margin=32768
[I][AlphaSave] NEWGAME_SAVE stage=rename-json result=ok esp_err=ESP_OK errno=0 path=/sd/ultima5/saves/alpha1-g1.json stack_margin=32768
[I][AlphaSave] NEWGAME_SAVE stage=write-commit-temp result=ok esp_err=ESP_OK errno=0 path=/sd/ultima5/saves/alpha1-g1.commit.tmp stack_margin=32768
[I][AlphaSave] NEWGAME_SAVE stage=rename-commit result=ok esp_err=ESP_OK errno=0 path=/sd/ultima5/saves/alpha1-g1.commit stack_margin=32768
[I][AlphaSave] NEWGAME_SAVE stage=semantic-validation result=ok esp_err=ESP_OK errno=0 path=/sd/ultima5/saves/alpha1-g1.commit stack_margin=32768
[I][AlphaSave] NEWGAME_SAVE stage=generation-final result=ok esp_err=ESP_OK errno=0 path=/sd/ultima5/saves/alpha1-g1.commit stack_margin=32768
[I][AlphaSave] save generation=1 save_slot=0 slot=1 time=5 ms json=370
[I][AlphaSave] SD_HEAP operation=dma-reserve-restored state=gameplay-save free_internal=67108864 free_dma=67108864 largest_dma=67108864 largest_internal=67108864 requested_dma=8192
[I][AlphaSave] SD_HEAP operation=release-reserved-dma state=gameplay-save free_internal=67108864 free_dma=67108864 largest_dma=67108864 largest_internal=67108864 requested_dma=8192
[I][AlphaSave] SD_HEAP operation=sd-window-open state=gameplay-save free_internal=67108864 free_dma=67108864 largest_dma=67108864 largest_internal=67108864 requested_dma=512
[I][AlphaSave] NEWGAME_SAVE stage=create-root-directory result=ok esp_err=ESP_OK errno=0 path=/sd/ultima5 stack_margin=32768
[I][AlphaSave] NEWGAME_SAVE stage=create-save-directory result=ok esp_err=ESP_OK errno=0 path=/sd/ultima5/saves stack_margin=32768
[I][AlphaSave] SD_HEAP operation=free-space-before state=gameplay-save free_internal=67108864 free_dma=67108864 largest_dma=67108864 largest_internal=67108864 requested_dma=512
[I][AlphaSave] SD_HEAP operation=free-space-call-enter state=gameplay-save free_internal=67108864 free_dma=67108864 largest_dma=67108864 largest_internal=67108864 requested_dma=512
[I][AlphaSave] SD_HEAP operation=free-space-call-exit state=gameplay-save free_internal=67108864 free_dma=67108864 largest_dma=67108864 largest_internal=67108864 requested_dma=512
[I][AlphaSave] SD_HEAP operation=free-space-after state=gameplay-save free_internal=67108864 free_dma=67108864 largest_dma=67108864 largest_internal=67108864 requested_dma=512
[I][AlphaSave] SD_SPACE path=/sd api=esp_vfs_fat_info/f_getfree return=ESP_OK(0x0) errno=0 total_bytes=34359738368 free_bytes=8589934592 total_sectors=67108864 free_sectors=16777216 sector_bytes=512
[I][AlphaSave] NEWGAME_SAVE stage=free-space-query result=ok esp_err=ESP_OK errno=0 path=/sd stack_margin=32768
[I][AlphaSave] NEWGAME_SAVE stage=free-space result=ok esp_err=ESP_OK errno=0 path=/sd stack_margin=32768
[I][AlphaSave] SAVE_TARGET save_slot=0 newest=1 accepted=1 slot=0 keep=1 sequence=2
[I][AlphaSave] NEWGAME_SAVE stage=gam-encode result=ok esp_err=ESP_OK errno=0 path=INIT.GAM stack_margin=32768
[I][AlphaSave] NEWGAME_SAVE stage=ool-encode result=ok esp_err=ESP_OK errno=0 path=INIT.OOL stack_margin=32768
[I][AlphaSave] NEWGAME_SAVE stage=json-encode result=ok esp_err=ESP_OK errno=0 path=sidecar stack_margin=32768
[I][AlphaSave] SD_HEAP operation=write-gam-temp state=gameplay-save free_internal=67108864 free_dma=67108864 largest_dma=67108864 largest_internal=67108864 requested_dma=512
[I][AlphaSave] NEWGAME_SAVE stage=write-gam-temp result=ok esp_err=ESP_OK errno=0 path=/sd/ultima5/saves/alpha1-g0.gam.tmp stack_margin=32768
[I][AlphaSave] SD_HEAP operation=write-ool-temp state=gameplay-save free_internal=67108864 free_dma=67108864 largest_dma=67108864 largest_internal=67108864 requested_dma=512
[I][AlphaSave] NEWGAME_SAVE stage=write-ool-temp result=ok esp_err=ESP_OK errno=0 path=/sd/ultima5/saves/alpha1-g0.ool.tmp stack_margin=32768
[I][AlphaSave] SD_HEAP operation=write-json-temp state=gameplay-save free_internal=67108864 free_dma=67108864 largest_dma=67108864 largest_internal=67108864 requested_dma=512
[I][AlphaSave] NEWGAME_SAVE stage=write-json-temp result=ok esp_err=ESP_OK errno=0 path=/sd/ultima5/saves/alpha1-g0.json.tmp stack_margin=32768
[I][AlphaSave] SD_HEAP operation=crc-readback state=gameplay-save free_internal=67108864 free_dma=67108864 largest_dma=67108864 largest_internal=67108864 requested_dma=512
[I][AlphaSave] NEWGAME_SAVE stage=crc-readback result=ok esp_err=ESP_OK errno=0 path=/sd/ultima5/saves stack_margin=32768
[I][AlphaSave] NEWGAME_SAVE stage=rename-gam result=ok esp_err=ESP_OK errno=0 path=/sd/ultima5/saves/alpha1-g0.gam stack_margin=32768
[I][AlphaSave] NEWGAME_SAVE stage=rename-ool result=ok esp_err=ESP_OK errno=0 path=/sd/ultima5/saves/alpha1-g0.ool stack_margin=32768
[I][AlphaSave] NEWGAME_SAVE stage=rename-json result=ok esp_err=ESP_OK errno=0 path=/sd/ultima5/saves/alpha1-g0.json stack_margin=32768
[I][AlphaSave] NEWGAME_SAVE stage=write-commit-temp result=ok esp_err=ESP_OK errno=0 path=/sd/ultima5/saves/alpha1-g0.commit.tmp stack_margin=32768
[I][AlphaSave] NEWGAME_SAVE stage=rename-commit result=ok esp_err=ESP_OK errno=0 path=/sd/ultima5/saves/alpha1-g0.commit stack_margin=32768
[I][AlphaSave] NEWGAME_SAVE stage=semantic-validation result=ok esp_err=ESP_OK errno=0 path=/sd/ultima5/saves/alpha1-g0.commit stack_margin=32768
[I][AlphaSave] NEWGAME_SAVE stage=generation-final result=ok esp_err=ESP_OK errno=0 path=/sd/ultima5/saves/alpha1-g0.commit stack_margin=32768
[I][AlphaSave] save generation=2 save_slot=0 slot=0 time=4 ms json=370
[I][AlphaSave] SD_HEAP operation=dma-reserve-restored state=gameplay-save free_internal=67108864 free_dma=67108864 largest_dma=67108864 largest_internal=67108864 requested_dma=8192
[I][AlphaSave] SD_HEAP operation=release-reserved-dma state=save-catalog free_internal=67108864 free_dma=67108864 largest_dma=67108864 largest_internal=67108864 requested_dma=8192
[I][AlphaSave] SD_HEAP operation=sd-window-open state=save-catalog free_internal=67108864 free_dma=67108864 largest_dma=67108864 largest_internal=67108864 requested_dma=512
[I][AlphaSave] SAVE_SCRATCH psram_bytes=11888
[I][AlphaSave] SAVE_CATALOG slot1=verified slot2=empty slot3=empty staged=1 bytes=5138 commit_us=112 verify_us=383 total_us=501
[I][AlphaSave] SD_HEAP operation=dma-reserve-restored state=save-catalog free_internal=67108864 free_dma=67108864 largest_dma=67108864 largest_internal=67108864 requested_dma=8192
[I][AlphaSave] SD_HEAP operation=release-reserved-dma state=save-inspect free_internal=67108864 free_dma=67108864 largest_dma=67108864 largest_internal=67108864 requested_dma=8192
[I][AlphaSave] SD_HEAP operation=sd-window-open state=save-inspect free_internal=67108864 free_dma=67108864 largest_dma=67108864 largest_internal=67108864 requested_dma=512
[I][AlphaSave] SAVE_SCRATCH psram_bytes=11888
[I][AlphaSave] SAVE_INSPECT save_slot=0 slot0=verified slot1=verified bytes=10212 commit_us=55 read_us=155 verify_us=599 total_us=828
[I][AlphaSave] SD_HEAP operation=dma-reserve-restored state=save-inspect free_internal=67108864 free_dma=67108864 largest_dma=67108864 largest_internal=67108864 requested_dma=8192
         a one-journey card, cold: the A4-SAVE2 list opens=5 failed=4 bytes=5138; the pre-SAVE2 list (both generations) opens=8 bytes=10212
  GREEN H4    on a one-journey card a cold list reads one generation (the pre-SAVE2 list read both), plus four failed commit opens for the empty slots

a4_save2_slots_runtime: 65/65 checks GREEN, 0 RED
[I][AlphaResources] Alpha resource pack v2.0 valid: 2042554 bytes, 43 entries, payload CRC=9c10874f, expected SHA-256=11d72c7784d4, firmware_match=1
[I][AlphaResources] Loaded owners: 64 small floors, 8 dungeons, 1024 NPC records; PSRAM=1188214
M  the System Menu
[I][M51] STAGE t=5000000 id=4 name=display-initialize-entry boot=0 stack_free_min_bytes=8192
[I][M51] INIT shared-spi t=5000000 already=0
[I][TDeckBoard] Shared SPI2 initialized: SCK=40 MOSI=41 MISO=38
[I][TDeckBoard] ST7789 initialized at 320x240 landscape, RGB order, MADCTL=0x60, SPI clock 40000000 Hz
[I][AlphaRuntime] SETTINGS_LOAD loaded=0 sfx_volume=80 music_volume=80
[I][AlphaRuntime] PRESENTATION_DISPATCH ui=explore combat=0 dungeon=0 source=world
[I][AlphaRuntime] render 0 us reason=full-redraw animated=5 crc=882c78a7
[I][AlphaRuntime] render 0 us reason=full-redraw animated=5 crc=882c78a7
[I][AlphaRuntime] INPUT_EDGE raw=00,00,00,00,00 prev=00,00,00,00,00 matrix=0,0 physical=matrix-key edge=press mods=S0,A1,H0 printable=6d base=6d symbol=00 ui=explore emitted=system-menu action_char=0 shortcut=none
[I][AlphaRuntime] SYSTEM_MENU action=toggle open=1 gameplay_command=none
[I][AlphaRuntime] SYSTEM_MENU_RENDER reason=system-menu full_redraw=1 dirty_regions=10 pixels=168136 us=0
GREEN M1 the rows name the actions: Resume | Save Game | Load Game | Settings | Return to Title
[I][AlphaRuntime] SYSTEM_MENU action=direction accepted=1 open=1 gameplay_command=none
[I][AlphaRuntime] SYSTEM_MENU_RENDER reason=system-menu full_redraw=0 dirty_regions=3 pixels=8816 us=0
[I][AlphaRuntime] SYSTEM_MENU action=direction accepted=1 open=1 gameplay_command=none
[I][AlphaRuntime] SYSTEM_MENU_RENDER reason=system-menu full_redraw=0 dirty_regions=3 pixels=8816 us=0
[I][AlphaRuntime] SYSTEM_MENU action=direction accepted=1 open=1 gameplay_command=none
[I][AlphaRuntime] SYSTEM_MENU_RENDER reason=system-menu full_redraw=0 dirty_regions=3 pixels=8816 us=0
[I][AlphaRuntime] SYSTEM_MENU action=direction accepted=1 open=1 gameplay_command=none
[I][AlphaRuntime] SYSTEM_MENU_RENDER reason=system-menu full_redraw=0 dirty_regions=3 pixels=8816 us=0
[I][AlphaRuntime] SYSTEM_MENU action=direction accepted=1 open=1 gameplay_command=none
[I][AlphaRuntime] SYSTEM_MENU_RENDER reason=system-menu full_redraw=0 dirty_regions=3 pixels=8816 us=0
GREEN M2 the selected row says what it will do (Save Game: "Choose a slot to save this journey in"; Return to Title: "Unsaved progress will be lost")
[I][AlphaRuntime] INPUT_EDGE raw=00,00,00,00,00 prev=00,00,00,00,00 matrix=0,0 physical=matrix-key edge=press mods=S0,A1,H0 printable=6d base=6d symbol=00 ui=inventory emitted=system-menu action_char=0 shortcut=none
[I][AlphaRuntime] SYSTEM_MENU action=toggle open=0 gameplay_command=none
[I][AlphaRuntime] render 0 us reason=system-menu animated=5 crc=882c78a7
[I][AlphaRuntime] INPUT_EDGE raw=00,00,00,00,00 prev=00,00,00,00,00 matrix=0,0 physical=matrix-key edge=press mods=S0,A1,H0 printable=6d base=6d symbol=00 ui=explore emitted=system-menu action_char=0 shortcut=none
[I][AlphaRuntime] SYSTEM_MENU action=toggle open=1 gameplay_command=none
[I][AlphaRuntime] SYSTEM_MENU_RENDER reason=system-menu full_redraw=1 dirty_regions=10 pixels=168136 us=0
[I][AlphaRuntime] SYSTEM_MENU action=direction accepted=1 open=1 gameplay_command=none
[I][AlphaRuntime] SYSTEM_MENU_RENDER reason=system-menu full_redraw=0 dirty_regions=3 pixels=8816 us=0
[I][AlphaRuntime] INPUT_EDGE raw=00,00,00,00,00 prev=00,00,00,00,00 matrix=0,0 physical=matrix-key edge=press mods=S0,A0,H0 printable=0d base=0d symbol=00 ui=inventory emitted=confirm action_char=0 shortcut=none
[I][AlphaRuntime] SYSTEM_MENU action=confirm accepted=1 open=1 gameplay_command=none
[I][AlphaRuntime] SYSTEM_MENU_RENDER reason=system-menu full_redraw=0 dirty_regions=8 pixels=22928 us=0
GREEN M3 Save Game lists Slots 1-3 (blank card: all empty, on Slot 1): Slot 1: empty | Slot 2: empty | Slot 3: empty
[I][AlphaRuntime] INPUT_EDGE raw=00,00,00,00,00 prev=00,00,00,00,00 matrix=0,0 physical=matrix-key edge=press mods=S0,A0,H0 printable=0d base=0d symbol=00 ui=inventory emitted=confirm action_char=0 shortcut=none
[I][AlphaRuntime] SYSTEM_MENU action=confirm accepted=1 open=1 gameplay_command=none
[I][AlphaRuntime] SYSTEM_MENU_RENDER reason=system-menu full_redraw=0 dirty_regions=8 pixels=22928 us=0
GREEN M4 an empty slot saves at once: "Saved in Slot 1." (the transcript line is kept)
[I][AlphaRuntime] INPUT_EDGE raw=00,00,00,00,00 prev=00,00,00,00,00 matrix=0,0 physical=matrix-key edge=press mods=S0,A1,H0 printable=6d base=6d symbol=00 ui=inventory emitted=system-menu action_char=0 shortcut=none
[I][AlphaRuntime] SYSTEM_MENU action=toggle open=0 gameplay_command=none
[I][AlphaRuntime] render 0 us reason=system-menu animated=5 crc=882c78a7
[I][AlphaRuntime] render 0 us reason=full-redraw animated=120 crc=e8466959
[I][AlphaRuntime] INPUT_EDGE raw=00,00,00,00,00 prev=00,00,00,00,00 matrix=0,0 physical=matrix-key edge=press mods=S0,A1,H0 printable=6d base=6d symbol=00 ui=explore emitted=system-menu action_char=0 shortcut=none
[I][AlphaRuntime] SYSTEM_MENU action=toggle open=1 gameplay_command=none
[I][AlphaRuntime] SYSTEM_MENU_RENDER reason=system-menu full_redraw=1 dirty_regions=10 pixels=168136 us=0
[I][AlphaRuntime] SYSTEM_MENU action=direction accepted=1 open=1 gameplay_command=none
[I][AlphaRuntime] SYSTEM_MENU_RENDER reason=system-menu full_redraw=0 dirty_regions=3 pixels=8816 us=0
[I][AlphaRuntime] INPUT_EDGE raw=00,00,00,00,00 prev=00,00,00,00,00 matrix=0,0 physical=matrix-key edge=press mods=S0,A0,H0 printable=0d base=0d symbol=00 ui=inventory emitted=confirm action_char=0 shortcut=none
[I][AlphaRuntime] SYSTEM_MENU action=confirm accepted=1 open=1 gameplay_command=none
[I][AlphaRuntime] SYSTEM_MENU_RENDER reason=system-menu full_redraw=0 dirty_regions=8 pixels=22928 us=0
[I][AlphaRuntime] INPUT_EDGE raw=00,00,00,00,00 prev=00,00,00,00,00 matrix=0,0 physical=matrix-key edge=press mods=S0,A0,H0 printable=0d base=0d symbol=00 ui=inventory emitted=confirm action_char=0 shortcut=none
[I][AlphaRuntime] SYSTEM_MENU action=confirm accepted=1 open=1 gameplay_command=none
[I][AlphaRuntime] SYSTEM_MENU_RENDER reason=system-menu full_redraw=0 dirty_regions=6 pixels=16848 us=0
GREEN M5 an occupied slot (the journey's own, where the page starts) asks "Overwrite Slot 1?", No selected
[I][AlphaRuntime] INPUT_EDGE raw=00,00,00,00,00 prev=00,00,00,00,00 matrix=0,0 physical=matrix-key edge=press mods=S0,A0,H0 printable=0d base=0d symbol=00 ui=inventory emitted=confirm action_char=0 shortcut=none
[I][AlphaRuntime] SYSTEM_MENU action=confirm accepted=1 open=1 gameplay_command=none
[I][AlphaRuntime] SYSTEM_MENU_RENDER reason=system-menu full_redraw=0 dirty_regions=6 pixels=16848 us=0
GREEN M6 No: back on the Save page, "Slot 1 kept", nothing written (still one generation)
[I][AlphaRuntime] INPUT_EDGE raw=00,00,00,00,00 prev=00,00,00,00,00 matrix=0,0 physical=matrix-key edge=press mods=S0,A0,H0 printable=0d base=0d symbol=00 ui=inventory emitted=confirm action_char=0 shortcut=none
[I][AlphaRuntime] SYSTEM_MENU action=confirm accepted=1 open=1 gameplay_command=none
[I][AlphaRuntime] SYSTEM_MENU_RENDER reason=system-menu full_redraw=0 dirty_regions=6 pixels=16848 us=0
[I][AlphaRuntime] INPUT_EDGE raw=00,00,00,00,00 prev=00,00,00,00,00 matrix=0,0 physical=matrix-key edge=press mods=S0,A0,H0 printable=08 base=08 symbol=00 ui=inventory emitted=back action_char=0 shortcut=none
[I][AlphaRuntime] SYSTEM_MENU action=back accepted=1 open=1 gameplay_command=none
[I][AlphaRuntime] SYSTEM_MENU_RENDER reason=system-menu full_redraw=0 dirty_regions=6 pixels=16848 us=0
GREEN M7 Back from the question returns to the Save page and writes nothing
[I][AlphaRuntime] INPUT_EDGE raw=00,00,00,00,00 prev=00,00,00,00,00 matrix=0,0 physical=matrix-key edge=press mods=S0,A0,H0 printable=0d base=0d symbol=00 ui=inventory emitted=confirm action_char=0 shortcut=none
[I][AlphaRuntime] SYSTEM_MENU action=confirm accepted=1 open=1 gameplay_command=none
[I][AlphaRuntime] SYSTEM_MENU_RENDER reason=system-menu full_redraw=0 dirty_regions=6 pixels=16848 us=0
[I][AlphaRuntime] SYSTEM_MENU action=direction accepted=1 open=1 gameplay_command=none
[I][AlphaRuntime] SYSTEM_MENU_RENDER reason=system-menu full_redraw=0 dirty_regions=3 pixels=8816 us=0
GREEN M8 Yes says what it does
[I][AlphaRuntime] INPUT_EDGE raw=00,00,00,00,00 prev=00,00,00,00,00 matrix=0,0 physical=matrix-key edge=press mods=S0,A0,H0 printable=0d base=0d symbol=00 ui=inventory emitted=confirm action_char=0 shortcut=none
[I][AlphaRuntime] SYSTEM_MENU action=confirm accepted=1 open=1 gameplay_command=none
[I][AlphaRuntime] SYSTEM_MENU_RENDER reason=system-menu full_redraw=0 dirty_regions=8 pixels=22928 us=0
GREEN M9 Yes saves: "Saved in Slot 1." (the slot now keeps two generations, the older one hidden)
[I][AlphaRuntime] SYSTEM_MENU action=direction accepted=1 open=1 gameplay_command=none
[I][AlphaRuntime] SYSTEM_MENU_RENDER reason=system-menu full_redraw=0 dirty_regions=3 pixels=8816 us=0
GREEN M10 the notice lasts until the next key
[I][AlphaRuntime] INPUT_EDGE raw=00,00,00,00,00 prev=00,00,00,00,00 matrix=0,0 physical=matrix-key edge=press mods=S0,A0,H0 printable=0d base=0d symbol=00 ui=inventory emitted=confirm action_char=0 shortcut=none
[I][AlphaRuntime] SYSTEM_MENU action=confirm accepted=1 open=1 gameplay_command=none
[I][AlphaRuntime] SYSTEM_MENU_RENDER reason=system-menu full_redraw=0 dirty_regions=8 pixels=22928 us=0
GREEN M11 the Load page lists the save just made from the same menu (13:05): "4-5-139 13:05, party of 2. Enter loads"
[I][AlphaRuntime] INPUT_EDGE raw=00,00,00,00,00 prev=00,00,00,00,00 matrix=0,0 physical=matrix-key edge=press mods=S0,A1,H0 printable=6d base=6d symbol=00 ui=inventory emitted=system-menu action_char=0 shortcut=none
[I][AlphaRuntime] SYSTEM_MENU action=toggle open=0 gameplay_command=none
[I][AlphaRuntime] render 0 us reason=system-menu animated=120 crc=e8466959
L  Load Game
[I][M51] STAGE t=5000000 id=4 name=display-initialize-entry boot=0 stack_free_min_bytes=8192
[I][M51] INIT shared-spi t=5000000 already=0
[I][TDeckBoard] Shared SPI2 initialized: SCK=40 MOSI=41 MISO=38
[I][TDeckBoard] ST7789 initialized at 320x240 landscape, RGB order, MADCTL=0x60, SPI clock 40000000 Hz
[I][AlphaRuntime] SETTINGS_LOAD loaded=0 sfx_volume=80 music_volume=80
[I][AlphaRuntime] PRESENTATION_DISPATCH ui=explore combat=0 dungeon=0 source=world
[I][AlphaRuntime] render 0 us reason=full-redraw animated=5 crc=882c78a7
[I][AlphaRuntime] render 0 us reason=full-redraw animated=5 crc=882c78a7
[I][AlphaRuntime] INPUT_EDGE raw=00,00,00,00,00 prev=00,00,00,00,00 matrix=0,0 physical=matrix-key edge=press mods=S0,A1,H0 printable=6d base=6d symbol=00 ui=explore emitted=system-menu action_char=0 shortcut=none
[I][AlphaRuntime] SYSTEM_MENU action=toggle open=1 gameplay_command=none
[I][AlphaRuntime] SYSTEM_MENU_RENDER reason=system-menu full_redraw=1 dirty_regions=10 pixels=168136 us=0
[I][AlphaRuntime] SYSTEM_MENU action=direction accepted=1 open=1 gameplay_command=none
[I][AlphaRuntime] SYSTEM_MENU_RENDER reason=system-menu full_redraw=0 dirty_regions=3 pixels=8816 us=0
[I][AlphaRuntime] INPUT_EDGE raw=00,00,00,00,00 prev=00,00,00,00,00 matrix=0,0 physical=matrix-key edge=press mods=S0,A0,H0 printable=0d base=0d symbol=00 ui=inventory emitted=confirm action_char=0 shortcut=none
[I][AlphaRuntime] SYSTEM_MENU action=confirm accepted=1 open=1 gameplay_command=none
[I][AlphaRuntime] SYSTEM_MENU_RENDER reason=system-menu full_redraw=0 dirty_regions=8 pixels=22928 us=0
[I][AlphaRuntime] INPUT_EDGE raw=00,00,00,00,00 prev=00,00,00,00,00 matrix=0,0 physical=matrix-key edge=press mods=S0,A0,H0 printable=0d base=0d symbol=00 ui=inventory emitted=confirm action_char=0 shortcut=none
[I][AlphaRuntime] SYSTEM_MENU action=confirm accepted=1 open=1 gameplay_command=none
[I][AlphaRuntime] SYSTEM_MENU_RENDER reason=system-menu full_redraw=0 dirty_regions=8 pixels=22928 us=0
[I][AlphaRuntime] INPUT_EDGE raw=00,00,00,00,00 prev=00,00,00,00,00 matrix=0,0 physical=matrix-key edge=press mods=S0,A1,H0 printable=6d base=6d symbol=00 ui=inventory emitted=system-menu action_char=0 shortcut=none
[I][AlphaRuntime] SYSTEM_MENU action=toggle open=0 gameplay_command=none
[I][AlphaRuntime] render 0 us reason=system-menu animated=5 crc=882c78a7
[I][AlphaRuntime] render 0 us reason=full-redraw animated=120 crc=e8466959
[I][AlphaRuntime] INPUT_EDGE raw=00,00,00,00,00 prev=00,00,00,00,00 matrix=0,0 physical=matrix-key edge=press mods=S0,A1,H0 printable=6d base=6d symbol=00 ui=explore emitted=system-menu action_char=0 shortcut=none
[I][AlphaRuntime] SYSTEM_MENU action=toggle open=1 gameplay_command=none
[I][AlphaRuntime] SYSTEM_MENU_RENDER reason=system-menu full_redraw=1 dirty_regions=10 pixels=168136 us=0
[I][AlphaRuntime] SYSTEM_MENU action=direction accepted=1 open=1 gameplay_command=none
[I][AlphaRuntime] SYSTEM_MENU_RENDER reason=system-menu full_redraw=0 dirty_regions=3 pixels=8816 us=0
[I][AlphaRuntime] INPUT_EDGE raw=00,00,00,00,00 prev=00,00,00,00,00 matrix=0,0 physical=matrix-key edge=press mods=S0,A0,H0 printable=0d base=0d symbol=00 ui=inventory emitted=confirm action_char=0 shortcut=none
[I][AlphaRuntime] SYSTEM_MENU action=confirm accepted=1 open=1 gameplay_command=none
[I][AlphaRuntime] SYSTEM_MENU_RENDER reason=system-menu full_redraw=0 dirty_regions=8 pixels=22928 us=0
[I][AlphaRuntime] SYSTEM_MENU action=direction accepted=1 open=1 gameplay_command=none
[I][AlphaRuntime] SYSTEM_MENU_RENDER reason=system-menu full_redraw=0 dirty_regions=3 pixels=8816 us=0
[I][AlphaRuntime] INPUT_EDGE raw=00,00,00,00,00 prev=00,00,00,00,00 matrix=0,0 physical=matrix-key edge=press mods=S0,A0,H0 printable=0d base=0d symbol=00 ui=inventory emitted=confirm action_char=0 shortcut=none
[I][AlphaRuntime] SYSTEM_MENU action=confirm accepted=1 open=1 gameplay_command=none
[I][AlphaRuntime] SYSTEM_MENU_RENDER reason=system-menu full_redraw=0 dirty_regions=8 pixels=22928 us=0
[I][AlphaRuntime] INPUT_EDGE raw=00,00,00,00,00 prev=00,00,00,00,00 matrix=0,0 physical=matrix-key edge=press mods=S0,A1,H0 printable=6d base=6d symbol=00 ui=inventory emitted=system-menu action_char=0 shortcut=none
[I][AlphaRuntime] SYSTEM_MENU action=toggle open=0 gameplay_command=none
[I][AlphaRuntime] render 0 us reason=system-menu animated=120 crc=e8466959
[I][AlphaRuntime] INPUT_EDGE raw=00,00,00,00,00 prev=00,00,00,00,00 matrix=0,0 physical=matrix-key edge=press mods=S0,A1,H0 printable=6d base=6d symbol=00 ui=explore emitted=system-menu action_char=0 shortcut=none
[I][AlphaRuntime] SYSTEM_MENU action=toggle open=1 gameplay_command=none
[I][AlphaRuntime] SYSTEM_MENU_RENDER reason=system-menu full_redraw=1 dirty_regions=10 pixels=168136 us=0
[I][AlphaRuntime] SYSTEM_MENU action=direction accepted=1 open=1 gameplay_command=none
[I][AlphaRuntime] SYSTEM_MENU_RENDER reason=system-menu full_redraw=0 dirty_regions=3 pixels=8816 us=0
[I][AlphaRuntime] SYSTEM_MENU action=direction accepted=1 open=1 gameplay_command=none
[I][AlphaRuntime] SYSTEM_MENU_RENDER reason=system-menu full_redraw=0 dirty_regions=3 pixels=8816 us=0
[I][AlphaRuntime] INPUT_EDGE raw=00,00,00,00,00 prev=00,00,00,00,00 matrix=0,0 physical=matrix-key edge=press mods=S0,A0,H0 printable=0d base=0d symbol=00 ui=inventory emitted=confirm action_char=0 shortcut=none
[I][AlphaRuntime] SYSTEM_MENU action=confirm accepted=1 open=1 gameplay_command=none
[I][AlphaRuntime] SYSTEM_MENU_RENDER reason=system-menu full_redraw=0 dirty_regions=8 pixels=22928 us=0
GREEN L1 three slot rows with leader and place, on the journey's slot (Slot 2): Slot 1: Avery, Iolo's Hut | Slot 2: Avery, Britannia | Slot 3: empty
[I][AlphaRuntime] SYSTEM_MENU action=direction accepted=1 open=1 gameplay_command=none
[I][AlphaRuntime] SYSTEM_MENU_RENDER reason=system-menu full_redraw=0 dirty_regions=3 pixels=8816 us=0
GREEN L2 the selected slot's date, time and party: "4-5-139 13:05, party of 2. Enter loads" / "4-5-139 12:00, party of 2. Enter loads"
[I][AlphaRuntime] INPUT_EDGE raw=00,00,00,00,00 prev=00,00,00,00,00 matrix=0,0 physical=matrix-key edge=press mods=S0,A0,H0 printable=0d base=0d symbol=00 ui=inventory emitted=confirm action_char=0 shortcut=none
[I][AlphaRuntime] U5OBJ CLEAR site=load-restore pool_before=0
[I][AlphaRuntime] WORLD_OBJECTS_RESTORE count=0
[I][AlphaRuntime] DUNGEON_RESTORE active=0 dungeon=33 depth=0
[I][AlphaRuntime] LOAD_TRANSIENT_RESET ui=explore->explore request=0 views=0 questions=0
[I][AlphaRuntime] SYSTEM_MENU action=confirm accepted=1 open=0 gameplay_command=none
[I][AlphaRuntime] render 0 us reason=system-menu animated=5 crc=882c78a7
GREEN L3 Enter on Slot 1 restores Slot 1's journey (back at Iolo's Hut, 12:00)
[I][AlphaRuntime] INPUT_EDGE raw=00,00,00,00,00 prev=00,00,00,00,00 matrix=0,0 physical=matrix-key edge=press mods=S0,A1,H0 printable=6d base=6d symbol=00 ui=explore emitted=system-menu action_char=0 shortcut=none
[I][AlphaRuntime] SYSTEM_MENU action=toggle open=1 gameplay_command=none
[I][AlphaRuntime] SYSTEM_MENU_RENDER reason=system-menu full_redraw=1 dirty_regions=10 pixels=168136 us=0
[I][AlphaRuntime] SYSTEM_MENU action=direction accepted=1 open=1 gameplay_command=none
[I][AlphaRuntime] SYSTEM_MENU_RENDER reason=system-menu full_redraw=0 dirty_regions=3 pixels=8816 us=0
[I][AlphaRuntime] SYSTEM_MENU action=direction accepted=1 open=1 gameplay_command=none
[I][AlphaRuntime] SYSTEM_MENU_RENDER reason=system-menu full_redraw=0 dirty_regions=3 pixels=8816 us=0
[I][AlphaRuntime] INPUT_EDGE raw=00,00,00,00,00 prev=00,00,00,00,00 matrix=0,0 physical=matrix-key edge=press mods=S0,A0,H0 printable=0d base=0d symbol=00 ui=inventory emitted=confirm action_char=0 shortcut=none
[I][AlphaRuntime] SYSTEM_MENU action=confirm accepted=1 open=1 gameplay_command=none
[I][AlphaRuntime] SYSTEM_MENU_RENDER reason=system-menu full_redraw=0 dirty_regions=8 pixels=22928 us=0
[I][AlphaRuntime] SYSTEM_MENU action=direction accepted=1 open=1 gameplay_command=none
[I][AlphaRuntime] SYSTEM_MENU_RENDER reason=system-menu full_redraw=0 dirty_regions=3 pixels=8816 us=0
[I][AlphaRuntime] INPUT_EDGE raw=00,00,00,00,00 prev=00,00,00,00,00 matrix=0,0 physical=matrix-key edge=press mods=S0,A0,H0 printable=0d base=0d symbol=00 ui=inventory emitted=confirm action_char=0 shortcut=none
[I][AlphaRuntime] U5OBJ CLEAR site=load-restore pool_before=0
[I][AlphaRuntime] WORLD_OBJECTS_RESTORE count=0
[I][AlphaRuntime] DUNGEON_RESTORE active=0 dungeon=33 depth=0
[I][AlphaRuntime] LOAD_TRANSIENT_RESET ui=explore->explore request=0 views=0 questions=0
[I][AlphaRuntime] SYSTEM_MENU action=confirm accepted=1 open=0 gameplay_command=none
[I][AlphaRuntime] render 0 us reason=system-menu animated=120 crc=e8466959
GREEN L4 the page now starts on Slot 1 (the loaded journey); Slot 2 restores its own (Britannia, 13:05)
[I][AlphaRuntime] INPUT_EDGE raw=00,00,00,00,00 prev=00,00,00,00,00 matrix=0,0 physical=matrix-key edge=press mods=S0,A1,H0 printable=6d base=6d symbol=00 ui=explore emitted=system-menu action_char=0 shortcut=none
[I][AlphaRuntime] SYSTEM_MENU action=toggle open=1 gameplay_command=none
[I][AlphaRuntime] SYSTEM_MENU_RENDER reason=system-menu full_redraw=1 dirty_regions=10 pixels=168136 us=0
[I][AlphaRuntime] SYSTEM_MENU action=direction accepted=1 open=1 gameplay_command=none
[I][AlphaRuntime] SYSTEM_MENU_RENDER reason=system-menu full_redraw=0 dirty_regions=3 pixels=8816 us=0
[I][AlphaRuntime] SYSTEM_MENU action=direction accepted=1 open=1 gameplay_command=none
[I][AlphaRuntime] SYSTEM_MENU_RENDER reason=system-menu full_redraw=0 dirty_regions=3 pixels=8816 us=0
[I][AlphaRuntime] INPUT_EDGE raw=00,00,00,00,00 prev=00,00,00,00,00 matrix=0,0 physical=matrix-key edge=press mods=S0,A0,H0 printable=0d base=0d symbol=00 ui=inventory emitted=confirm action_char=0 shortcut=none
[I][AlphaRuntime] SYSTEM_MENU action=confirm accepted=1 open=1 gameplay_command=none
[I][AlphaRuntime] SYSTEM_MENU_RENDER reason=system-menu full_redraw=0 dirty_regions=8 pixels=22928 us=0
[I][AlphaRuntime] SYSTEM_MENU action=direction accepted=1 open=1 gameplay_command=none
[I][AlphaRuntime] SYSTEM_MENU_RENDER reason=system-menu full_redraw=0 dirty_regions=3 pixels=8816 us=0
[I][AlphaRuntime] INPUT_EDGE raw=00,00,00,00,00 prev=00,00,00,00,00 matrix=0,0 physical=matrix-key edge=press mods=S0,A0,H0 printable=0d base=0d symbol=00 ui=inventory emitted=confirm action_char=0 shortcut=none
[I][AlphaRuntime] SYSTEM_MENU action=confirm accepted=1 open=1 gameplay_command=none
[I][AlphaRuntime] SYSTEM_MENU_RENDER reason=system-menu full_redraw=0 dirty_regions=2 pixels=5776 us=0
GREEN L5 an empty slot says so and cannot be loaded (the menu stays, nothing changes)
[I][AlphaRuntime] INPUT_EDGE raw=00,00,00,00,00 prev=00,00,00,00,00 matrix=0,0 physical=matrix-key edge=press mods=S0,A1,H0 printable=6d base=6d symbol=00 ui=inventory emitted=system-menu action_char=0 shortcut=none
[I][AlphaRuntime] SYSTEM_MENU action=toggle open=0 gameplay_command=none
[I][AlphaRuntime] render 0 us reason=system-menu animated=120 crc=e8466959
[I][AlphaRuntime] render 0 us reason=full-redraw animated=120 crc=e8466959
[I][AlphaRuntime] INPUT_EDGE raw=00,00,00,00,00 prev=00,00,00,00,00 matrix=0,0 physical=matrix-key edge=press mods=S0,A1,H0 printable=6d base=6d symbol=00 ui=explore emitted=system-menu action_char=0 shortcut=none
[I][AlphaRuntime] SYSTEM_MENU action=toggle open=1 gameplay_command=none
[I][AlphaRuntime] SYSTEM_MENU_RENDER reason=system-menu full_redraw=1 dirty_regions=10 pixels=168136 us=0
[I][AlphaRuntime] SYSTEM_MENU action=direction accepted=1 open=1 gameplay_command=none
[I][AlphaRuntime] SYSTEM_MENU_RENDER reason=system-menu full_redraw=0 dirty_regions=3 pixels=8816 us=0
[I][AlphaRuntime] INPUT_EDGE raw=00,00,00,00,00 prev=00,00,00,00,00 matrix=0,0 physical=matrix-key edge=press mods=S0,A0,H0 printable=0d base=0d symbol=00 ui=inventory emitted=confirm action_char=0 shortcut=none
[I][AlphaRuntime] SYSTEM_MENU action=confirm accepted=1 open=1 gameplay_command=none
[I][AlphaRuntime] SYSTEM_MENU_RENDER reason=system-menu full_redraw=0 dirty_regions=8 pixels=22928 us=0
[I][AlphaRuntime] INPUT_EDGE raw=00,00,00,00,00 prev=00,00,00,00,00 matrix=0,0 physical=matrix-key edge=press mods=S0,A0,H0 printable=0d base=0d symbol=00 ui=inventory emitted=confirm action_char=0 shortcut=none
[I][AlphaRuntime] SYSTEM_MENU action=confirm accepted=1 open=1 gameplay_command=none
[I][AlphaRuntime] SYSTEM_MENU_RENDER reason=system-menu full_redraw=0 dirty_regions=6 pixels=16848 us=0
[I][AlphaRuntime] SYSTEM_MENU action=direction accepted=1 open=1 gameplay_command=none
[I][AlphaRuntime] SYSTEM_MENU_RENDER reason=system-menu full_redraw=0 dirty_regions=3 pixels=8816 us=0
[I][AlphaRuntime] INPUT_EDGE raw=00,00,00,00,00 prev=00,00,00,00,00 matrix=0,0 physical=matrix-key edge=press mods=S0,A0,H0 printable=0d base=0d symbol=00 ui=inventory emitted=confirm action_char=0 shortcut=none
[I][AlphaRuntime] SYSTEM_MENU action=confirm accepted=1 open=1 gameplay_command=none
[I][AlphaRuntime] SYSTEM_MENU_RENDER reason=system-menu full_redraw=0 dirty_regions=8 pixels=22928 us=0
[I][AlphaRuntime] INPUT_EDGE raw=00,00,00,00,00 prev=00,00,00,00,00 matrix=0,0 physical=matrix-key edge=press mods=S0,A1,H0 printable=6d base=6d symbol=00 ui=inventory emitted=system-menu action_char=0 shortcut=none
[I][AlphaRuntime] SYSTEM_MENU action=toggle open=0 gameplay_command=none
[I][AlphaRuntime] render 0 us reason=system-menu animated=120 crc=e8466959
[I][AlphaRuntime] INPUT_EDGE raw=00,00,00,00,00 prev=00,00,00,00,00 matrix=0,0 physical=matrix-key edge=press mods=S0,A1,H0 printable=6d base=6d symbol=00 ui=explore emitted=system-menu action_char=0 shortcut=none
[I][AlphaRuntime] SYSTEM_MENU action=toggle open=1 gameplay_command=none
[I][AlphaRuntime] SYSTEM_MENU_RENDER reason=system-menu full_redraw=1 dirty_regions=10 pixels=168136 us=0
[I][AlphaRuntime] SYSTEM_MENU action=direction accepted=1 open=1 gameplay_command=none
[I][AlphaRuntime] SYSTEM_MENU_RENDER reason=system-menu full_redraw=0 dirty_regions=3 pixels=8816 us=0
[I][AlphaRuntime] SYSTEM_MENU action=direction accepted=1 open=1 gameplay_command=none
[I][AlphaRuntime] SYSTEM_MENU_RENDER reason=system-menu full_redraw=0 dirty_regions=3 pixels=8816 us=0
[I][AlphaRuntime] INPUT_EDGE raw=00,00,00,00,00 prev=00,00,00,00,00 matrix=0,0 physical=matrix-key edge=press mods=S0,A0,H0 printable=0d base=0d symbol=00 ui=inventory emitted=confirm action_char=0 shortcut=none
[I][AlphaRuntime] SYSTEM_MENU action=confirm accepted=1 open=1 gameplay_command=none
[I][AlphaRuntime] SYSTEM_MENU_RENDER reason=system-menu full_redraw=0 dirty_regions=8 pixels=22928 us=0
GREEN L6 a slot whose last save is damaged says so, and what Enter does: "Last save damaged; Enter loads the one before"
[I][AlphaRuntime] INPUT_EDGE raw=00,00,00,00,00 prev=00,00,00,00,00 matrix=0,0 physical=matrix-key edge=press mods=S0,A0,H0 printable=0d base=0d symbol=00 ui=inventory emitted=confirm action_char=0 shortcut=none
[I][AlphaRuntime] U5OBJ CLEAR site=load-restore pool_before=0
[I][AlphaRuntime] WORLD_OBJECTS_RESTORE count=0
[I][AlphaRuntime] DUNGEON_RESTORE active=0 dungeon=33 depth=0
[I][AlphaRuntime] LOAD_TRANSIENT_RESET ui=explore->explore request=0 views=0 questions=0
[I][AlphaRuntime] SYSTEM_MENU action=confirm accepted=1 open=0 gameplay_command=none
[I][AlphaRuntime] render 0 us reason=system-menu animated=120 crc=e8466959
GREEN L7 ... and Enter restores the save before it (13:05), the A4-SAVE1 fallback inside the slot
[I][AlphaRuntime] render 0 us reason=full-redraw animated=120 crc=e8466959
[I][AlphaRuntime] INPUT_EDGE raw=00,00,00,00,00 prev=00,00,00,00,00 matrix=0,0 physical=matrix-key edge=press mods=S0,A1,H0 printable=6d base=6d symbol=00 ui=explore emitted=system-menu action_char=0 shortcut=none
[I][AlphaRuntime] SYSTEM_MENU action=toggle open=1 gameplay_command=none
[I][AlphaRuntime] SYSTEM_MENU_RENDER reason=system-menu full_redraw=1 dirty_regions=10 pixels=168136 us=0
[I][AlphaRuntime] SYSTEM_MENU action=direction accepted=1 open=1 gameplay_command=none
[I][AlphaRuntime] SYSTEM_MENU_RENDER reason=system-menu full_redraw=0 dirty_regions=3 pixels=8816 us=0
[I][AlphaRuntime] INPUT_EDGE raw=00,00,00,00,00 prev=00,00,00,00,00 matrix=0,0 physical=matrix-key edge=press mods=S0,A0,H0 printable=0d base=0d symbol=00 ui=inventory emitted=confirm action_char=0 shortcut=none
[I][AlphaRuntime] SYSTEM_MENU action=confirm accepted=1 open=1 gameplay_command=none
[I][AlphaRuntime] SYSTEM_MENU_RENDER reason=system-menu full_redraw=0 dirty_regions=8 pixels=22928 us=0
[I][AlphaRuntime] INPUT_EDGE raw=00,00,00,00,00 prev=00,00,00,00,00 matrix=0,0 physical=matrix-key edge=press mods=S0,A0,H0 printable=0d base=0d symbol=00 ui=inventory emitted=confirm action_char=0 shortcut=none
[I][AlphaRuntime] SYSTEM_MENU action=confirm accepted=1 open=1 gameplay_command=none
[I][AlphaRuntime] SYSTEM_MENU_RENDER reason=system-menu full_redraw=0 dirty_regions=6 pixels=16848 us=0
[I][AlphaRuntime] SYSTEM_MENU action=direction accepted=1 open=1 gameplay_command=none
[I][AlphaRuntime] SYSTEM_MENU_RENDER reason=system-menu full_redraw=0 dirty_regions=3 pixels=8816 us=0
[I][AlphaRuntime] INPUT_EDGE raw=00,00,00,00,00 prev=00,00,00,00,00 matrix=0,0 physical=matrix-key edge=press mods=S0,A0,H0 printable=0d base=0d symbol=00 ui=inventory emitted=confirm action_char=0 shortcut=none
[I][AlphaRuntime] SYSTEM_MENU action=confirm accepted=1 open=1 gameplay_command=none
[I][AlphaRuntime] SYSTEM_MENU_RENDER reason=system-menu full_redraw=0 dirty_regions=8 pixels=22928 us=0
[I][AlphaRuntime] INPUT_EDGE raw=00,00,00,00,00 prev=00,00,00,00,00 matrix=0,0 physical=matrix-key edge=press mods=S0,A1,H0 printable=6d base=6d symbol=00 ui=inventory emitted=system-menu action_char=0 shortcut=none
[I][AlphaRuntime] SYSTEM_MENU action=toggle open=0 gameplay_command=none
[I][AlphaRuntime] render 0 us reason=system-menu animated=120 crc=e8466959
[I][AlphaRuntime] INPUT_EDGE raw=00,00,00,00,00 prev=00,00,00,00,00 matrix=0,0 physical=matrix-key edge=press mods=S0,A1,H0 printable=6d base=6d symbol=00 ui=explore emitted=system-menu action_char=0 shortcut=none
[I][AlphaRuntime] SYSTEM_MENU action=toggle open=1 gameplay_command=none
[I][AlphaRuntime] SYSTEM_MENU_RENDER reason=system-menu full_redraw=1 dirty_regions=10 pixels=168136 us=0
[I][AlphaRuntime] SYSTEM_MENU action=direction accepted=1 open=1 gameplay_command=none
[I][AlphaRuntime] SYSTEM_MENU_RENDER reason=system-menu full_redraw=0 dirty_regions=3 pixels=8816 us=0
[I][AlphaRuntime] SYSTEM_MENU action=direction accepted=1 open=1 gameplay_command=none
[I][AlphaRuntime] SYSTEM_MENU_RENDER reason=system-menu full_redraw=0 dirty_regions=3 pixels=8816 us=0
[I][AlphaRuntime] INPUT_EDGE raw=00,00,00,00,00 prev=00,00,00,00,00 matrix=0,0 physical=matrix-key edge=press mods=S0,A0,H0 printable=0d base=0d symbol=00 ui=inventory emitted=confirm action_char=0 shortcut=none
[I][AlphaRuntime] SYSTEM_MENU action=confirm accepted=1 open=1 gameplay_command=none
[I][AlphaRuntime] SYSTEM_MENU_RENDER reason=system-menu full_redraw=0 dirty_regions=8 pixels=22928 us=0
[I][AlphaRuntime] INPUT_EDGE raw=00,00,00,00,00 prev=00,00,00,00,00 matrix=0,0 physical=matrix-key edge=press mods=S0,A1,H0 printable=6d base=6d symbol=00 ui=inventory emitted=system-menu action_char=0 shortcut=none
[I][AlphaRuntime] SYSTEM_MENU action=toggle open=0 gameplay_command=none
[I][AlphaRuntime] render 0 us reason=system-menu animated=120 crc=e8466959
[I][AlphaRuntime] INPUT_EDGE raw=00,00,00,00,00 prev=00,00,00,00,00 matrix=0,0 physical=matrix-key edge=press mods=S0,A1,H0 printable=6d base=6d symbol=00 ui=explore emitted=system-menu action_char=0 shortcut=none
[I][AlphaRuntime] SYSTEM_MENU action=toggle open=1 gameplay_command=none
[I][AlphaRuntime] SYSTEM_MENU_RENDER reason=system-menu full_redraw=1 dirty_regions=10 pixels=168136 us=0
[I][AlphaRuntime] SYSTEM_MENU action=direction accepted=1 open=1 gameplay_command=none
[I][AlphaRuntime] SYSTEM_MENU_RENDER reason=system-menu full_redraw=0 dirty_regions=3 pixels=8816 us=0
[I][AlphaRuntime] SYSTEM_MENU action=direction accepted=1 open=1 gameplay_command=none
[I][AlphaRuntime] SYSTEM_MENU_RENDER reason=system-menu full_redraw=0 dirty_regions=3 pixels=8816 us=0
[I][AlphaRuntime] INPUT_EDGE raw=00,00,00,00,00 prev=00,00,00,00,00 matrix=0,0 physical=matrix-key edge=press mods=S0,A0,H0 printable=0d base=0d symbol=00 ui=inventory emitted=confirm action_char=0 shortcut=none
[I][AlphaRuntime] SYSTEM_MENU action=confirm accepted=1 open=1 gameplay_command=none
[I][AlphaRuntime] SYSTEM_MENU_RENDER reason=system-menu full_redraw=0 dirty_regions=8 pixels=22928 us=0
[I][AlphaRuntime] INPUT_EDGE raw=00,00,00,00,00 prev=00,00,00,00,00 matrix=0,0 physical=matrix-key edge=press mods=S0,A0,H0 printable=0d base=0d symbol=00 ui=inventory emitted=confirm action_char=0 shortcut=none
[I][AlphaRuntime] U5OBJ CLEAR site=load-restore pool_before=0
[I][AlphaRuntime] WORLD_OBJECTS_RESTORE count=0
[I][AlphaRuntime] DUNGEON_RESTORE active=0 dungeon=33 depth=0
[I][AlphaRuntime] LOAD_TRANSIENT_RESET ui=explore->explore request=0 views=0 questions=0
[I][AlphaRuntime] SYSTEM_MENU action=confirm accepted=1 open=0 gameplay_command=none
[I][AlphaRuntime] render 0 us reason=system-menu animated=120 crc=e8466959
GREEN L8 A4-SAVE1 in a slot: the save after the fallback is the slot's latest ("4-5-139 15:20, party of 2. Enter loads") and the 13:05 save it fell back to is still its hidden recovery
[I][AlphaRuntime] INPUT_EDGE raw=00,00,00,00,00 prev=00,00,00,00,00 matrix=0,0 physical=matrix-key edge=press mods=S0,A1,H0 printable=6d base=6d symbol=00 ui=explore emitted=system-menu action_char=0 shortcut=none
[I][AlphaRuntime] SYSTEM_MENU action=toggle open=1 gameplay_command=none
[I][AlphaRuntime] SYSTEM_MENU_RENDER reason=system-menu full_redraw=1 dirty_regions=10 pixels=168136 us=0
[I][AlphaRuntime] SYSTEM_MENU action=direction accepted=1 open=1 gameplay_command=none
[I][AlphaRuntime] SYSTEM_MENU_RENDER reason=system-menu full_redraw=0 dirty_regions=3 pixels=8816 us=0
[I][AlphaRuntime] SYSTEM_MENU action=direction accepted=1 open=1 gameplay_command=none
[I][AlphaRuntime] SYSTEM_MENU_RENDER reason=system-menu full_redraw=0 dirty_regions=3 pixels=8816 us=0
[I][AlphaRuntime] INPUT_EDGE raw=00,00,00,00,00 prev=00,00,00,00,00 matrix=0,0 physical=matrix-key edge=press mods=S0,A0,H0 printable=0d base=0d symbol=00 ui=inventory emitted=confirm action_char=0 shortcut=none
[I][AlphaRuntime] SYSTEM_MENU action=confirm accepted=1 open=1 gameplay_command=none
[I][AlphaRuntime] SYSTEM_MENU_RENDER reason=system-menu full_redraw=0 dirty_regions=8 pixels=22928 us=0
[I][AlphaRuntime] INPUT_EDGE raw=00,00,00,00,00 prev=00,00,00,00,00 matrix=0,0 physical=matrix-key edge=press mods=S0,A0,H0 printable=0d base=0d symbol=00 ui=inventory emitted=confirm action_char=0 shortcut=none
[I][AlphaRuntime] SYSTEM_MENU action=confirm accepted=1 open=1 gameplay_command=none
[I][AlphaRuntime] SYSTEM_MENU_RENDER reason=system-menu full_redraw=0 dirty_regions=2 pixels=5776 us=0
GREEN L9 nothing loadable: listed damaged, and Enter says it cannot load: "Slot 2 is damaged and cannot load"
[I][AlphaRuntime] SYSTEM_MENU action=direction accepted=1 open=1 gameplay_command=none
[I][AlphaRuntime] SYSTEM_MENU_RENDER reason=system-menu full_redraw=0 dirty_regions=3 pixels=8816 us=0
[I][AlphaRuntime] SYSTEM_MENU action=direction accepted=1 open=1 gameplay_command=none
[I][AlphaRuntime] SYSTEM_MENU_RENDER reason=system-menu full_redraw=0 dirty_regions=3 pixels=8816 us=0
[I][AlphaRuntime] INPUT_EDGE raw=00,00,00,00,00 prev=00,00,00,00,00 matrix=0,0 physical=matrix-key edge=press mods=S0,A0,H0 printable=0d base=0d symbol=00 ui=inventory emitted=confirm action_char=0 shortcut=none
[I][AlphaRuntime] U5OBJ CLEAR site=load-restore pool_before=0
[I][AlphaRuntime] WORLD_OBJECTS_RESTORE count=0
[I][AlphaRuntime] DUNGEON_RESTORE active=0 dungeon=33 depth=0
[I][AlphaRuntime] LOAD_TRANSIENT_RESET ui=explore->explore request=0 views=0 questions=0
[I][AlphaRuntime] SYSTEM_MENU action=confirm accepted=1 open=0 gameplay_command=none
[I][AlphaRuntime] render 0 us reason=system-menu animated=5 crc=882c78a7
GREEN L10 Slot 1 is untouched by everything done to Slot 2 (Iolo's Hut, 12:00)
[I][M51] STAGE t=5000000 id=4 name=display-initialize-entry boot=0 stack_free_min_bytes=8192
[I][M51] INIT shared-spi t=5000000 already=0
[I][TDeckBoard] Shared SPI2 initialized: SCK=40 MOSI=41 MISO=38
[I][TDeckBoard] ST7789 initialized at 320x240 landscape, RGB order, MADCTL=0x60, SPI clock 40000000 Hz
[I][AlphaRuntime] SETTINGS_LOAD loaded=0 sfx_volume=80 music_volume=80
[I][AlphaRuntime] PRESENTATION_DISPATCH ui=explore combat=0 dungeon=0 source=world
[I][AlphaRuntime] render 0 us reason=full-redraw animated=5 crc=882c78a7
[I][AlphaRuntime] render 0 us reason=full-redraw animated=5 crc=882c78a7
[I][AlphaRuntime] INPUT_EDGE raw=00,00,00,00,00 prev=00,00,00,00,00 matrix=0,0 physical=matrix-key edge=press mods=S0,A1,H0 printable=6d base=6d symbol=00 ui=explore emitted=system-menu action_char=0 shortcut=none
[I][AlphaRuntime] SYSTEM_MENU action=toggle open=1 gameplay_command=none
[I][AlphaRuntime] SYSTEM_MENU_RENDER reason=system-menu full_redraw=1 dirty_regions=10 pixels=168136 us=0
[I][AlphaRuntime] SYSTEM_MENU action=direction accepted=1 open=1 gameplay_command=none
[I][AlphaRuntime] SYSTEM_MENU_RENDER reason=system-menu full_redraw=0 dirty_regions=3 pixels=8816 us=0
[I][AlphaRuntime] SYSTEM_MENU action=direction accepted=1 open=1 gameplay_command=none
[I][AlphaRuntime] SYSTEM_MENU_RENDER reason=system-menu full_redraw=0 dirty_regions=3 pixels=8816 us=0
[I][AlphaRuntime] INPUT_EDGE raw=00,00,00,00,00 prev=00,00,00,00,00 matrix=0,0 physical=matrix-key edge=press mods=S0,A0,H0 printable=0d base=0d symbol=00 ui=inventory emitted=confirm action_char=0 shortcut=none
[I][AlphaRuntime] SYSTEM_MENU action=confirm accepted=1 open=1 gameplay_command=none
[I][AlphaRuntime] SYSTEM_MENU_RENDER reason=system-menu full_redraw=0 dirty_regions=8 pixels=22928 us=0
[I][AlphaRuntime] INPUT_EDGE raw=00,00,00,00,00 prev=00,00,00,00,00 matrix=0,0 physical=matrix-key edge=press mods=S0,A0,H0 printable=0d base=0d symbol=00 ui=inventory emitted=confirm action_char=0 shortcut=none
[I][AlphaRuntime] SYSTEM_MENU action=confirm accepted=1 open=1 gameplay_command=none
[I][AlphaRuntime] SYSTEM_MENU_RENDER reason=system-menu full_redraw=0 dirty_regions=2 pixels=5776 us=0
GREEN L11 an empty card: three empty slots, none loads
F  the title
[I][M51] STAGE t=5000000 id=4 name=display-initialize-entry boot=0 stack_free_min_bytes=8192
[I][M51] INIT shared-spi t=5000000 already=0
[I][TDeckBoard] Shared SPI2 initialized: SCK=40 MOSI=41 MISO=38
[I][TDeckBoard] ST7789 initialized at 320x240 landscape, RGB order, MADCTL=0x60, SPI clock 40000000 Hz
[I][AlphaRuntime] SETTINGS_LOAD loaded=0 sfx_volume=80 music_volume=80
[I][AlphaRuntime] PRESENTATION_DISPATCH ui=explore combat=0 dungeon=0 source=world
[I][AlphaRuntime] render 0 us reason=full-redraw animated=5 crc=882c78a7
[I][AlphaRuntime] render 0 us reason=full-redraw animated=5 crc=882c78a7
[I][AlphaRuntime] INPUT_EDGE raw=00,00,00,00,00 prev=00,00,00,00,00 matrix=0,0 physical=matrix-key edge=press mods=S0,A1,H0 printable=6d base=6d symbol=00 ui=explore emitted=system-menu action_char=0 shortcut=none
[I][AlphaRuntime] SYSTEM_MENU action=toggle open=1 gameplay_command=none
[I][AlphaRuntime] SYSTEM_MENU_RENDER reason=system-menu full_redraw=1 dirty_regions=10 pixels=168136 us=0
[I][AlphaRuntime] SYSTEM_MENU action=direction accepted=1 open=1 gameplay_command=none
[I][AlphaRuntime] SYSTEM_MENU_RENDER reason=system-menu full_redraw=0 dirty_regions=3 pixels=8816 us=0
[I][AlphaRuntime] INPUT_EDGE raw=00,00,00,00,00 prev=00,00,00,00,00 matrix=0,0 physical=matrix-key edge=press mods=S0,A0,H0 printable=0d base=0d symbol=00 ui=inventory emitted=confirm action_char=0 shortcut=none
[I][AlphaRuntime] SYSTEM_MENU action=confirm accepted=1 open=1 gameplay_command=none
[I][AlphaRuntime] SYSTEM_MENU_RENDER reason=system-menu full_redraw=0 dirty_regions=8 pixels=22928 us=0
[I][AlphaRuntime] INPUT_EDGE raw=00,00,00,00,00 prev=00,00,00,00,00 matrix=0,0 physical=matrix-key edge=press mods=S0,A0,H0 printable=0d base=0d symbol=00 ui=inventory emitted=confirm action_char=0 shortcut=none
[I][AlphaRuntime] SYSTEM_MENU action=confirm accepted=1 open=1 gameplay_command=none
[I][AlphaRuntime] SYSTEM_MENU_RENDER reason=system-menu full_redraw=0 dirty_regions=8 pixels=22928 us=0
[I][AlphaRuntime] INPUT_EDGE raw=00,00,00,00,00 prev=00,00,00,00,00 matrix=0,0 physical=matrix-key edge=press mods=S0,A1,H0 printable=6d base=6d symbol=00 ui=inventory emitted=system-menu action_char=0 shortcut=none
[I][AlphaRuntime] SYSTEM_MENU action=toggle open=0 gameplay_command=none
[I][AlphaRuntime] render 0 us reason=system-menu animated=5 crc=882c78a7
[I][AlphaRuntime] render 0 us reason=full-redraw animated=120 crc=e8466959
[I][AlphaRuntime] INPUT_EDGE raw=00,00,00,00,00 prev=00,00,00,00,00 matrix=0,0 physical=matrix-key edge=press mods=S0,A1,H0 printable=6d base=6d symbol=00 ui=explore emitted=system-menu action_char=0 shortcut=none
[I][AlphaRuntime] SYSTEM_MENU action=toggle open=1 gameplay_command=none
[I][AlphaRuntime] SYSTEM_MENU_RENDER reason=system-menu full_redraw=1 dirty_regions=10 pixels=168136 us=0
[I][AlphaRuntime] SYSTEM_MENU action=direction accepted=1 open=1 gameplay_command=none
[I][AlphaRuntime] SYSTEM_MENU_RENDER reason=system-menu full_redraw=0 dirty_regions=3 pixels=8816 us=0
[I][AlphaRuntime] INPUT_EDGE raw=00,00,00,00,00 prev=00,00,00,00,00 matrix=0,0 physical=matrix-key edge=press mods=S0,A0,H0 printable=0d base=0d symbol=00 ui=inventory emitted=confirm action_char=0 shortcut=none
[I][AlphaRuntime] SYSTEM_MENU action=confirm accepted=1 open=1 gameplay_command=none
[I][AlphaRuntime] SYSTEM_MENU_RENDER reason=system-menu full_redraw=0 dirty_regions=8 pixels=22928 us=0
[I][AlphaRuntime] SYSTEM_MENU action=direction accepted=1 open=1 gameplay_command=none
[I][AlphaRuntime] SYSTEM_MENU_RENDER reason=system-menu full_redraw=0 dirty_regions=3 pixels=8816 us=0
[I][AlphaRuntime] SYSTEM_MENU action=direction accepted=1 open=1 gameplay_command=none
[I][AlphaRuntime] SYSTEM_MENU_RENDER reason=system-menu full_redraw=0 dirty_regions=2 pixels=6080 us=0
[I][AlphaRuntime] INPUT_EDGE raw=00,00,00,00,00 prev=00,00,00,00,00 matrix=0,0 physical=matrix-key edge=press mods=S0,A0,H0 printable=0d base=0d symbol=00 ui=inventory emitted=confirm action_char=0 shortcut=none
[I][AlphaRuntime] SYSTEM_MENU action=confirm accepted=1 open=1 gameplay_command=none
[I][AlphaRuntime] SYSTEM_MENU_RENDER reason=system-menu full_redraw=0 dirty_regions=8 pixels=22928 us=0
[I][AlphaRuntime] INPUT_EDGE raw=00,00,00,00,00 prev=00,00,00,00,00 matrix=0,0 physical=matrix-key edge=press mods=S0,A1,H0 printable=6d base=6d symbol=00 ui=inventory emitted=system-menu action_char=0 shortcut=none
[I][AlphaRuntime] SYSTEM_MENU action=toggle open=0 gameplay_command=none
[I][AlphaRuntime] render 0 us reason=system-menu animated=120 crc=e8466959
[I][AlphaRuntime] INPUT_EDGE raw=00,00,00,00,00 prev=00,00,00,00,00 matrix=0,0 physical=matrix-key edge=press mods=S0,A1,H0 printable=6d base=6d symbol=00 ui=explore emitted=system-menu action_char=0 shortcut=none
[I][AlphaRuntime] SYSTEM_MENU action=toggle open=1 gameplay_command=none
[I][AlphaRuntime] SYSTEM_MENU_RENDER reason=system-menu full_redraw=1 dirty_regions=10 pixels=168136 us=0
[I][AlphaRuntime] SYSTEM_MENU action=direction accepted=1 open=1 gameplay_command=none
[I][AlphaRuntime] SYSTEM_MENU_RENDER reason=system-menu full_redraw=0 dirty_regions=3 pixels=8816 us=0
[I][AlphaRuntime] INPUT_EDGE raw=00,00,00,00,00 prev=00,00,00,00,00 matrix=0,0 physical=matrix-key edge=press mods=S0,A0,H0 printable=0d base=0d symbol=00 ui=inventory emitted=confirm action_char=0 shortcut=none
[I][AlphaRuntime] SYSTEM_MENU action=confirm accepted=1 open=0 gameplay_command=none
[I][AlphaRuntime] FRONTEND_STATE count=1 from=enter-game to=title reason=tick-or-intent reconstructed=0
[I][AlphaRuntime] FRONTEND_RENDER state=title reason=state-transition full_redraw=0 screen_clear=0 dirty_regions=7 pixels=153712 animation_tick=118 render_us=0 reconstructed=1 internal=67108864 psram=67108864 stack_margin=32768
[I][AlphaRuntime] INPUT_EDGE raw=00,00,00,00,00 prev=00,00,00,00,00 matrix=0,0 physical=matrix-key edge=press mods=S0,A0,H0 printable=20 base=20 symbol=00 ui=inventory emitted=character action_char=32 shortcut=none
[I][AlphaRuntime] FRONTEND_INPUT raw=keyboard action=character char=32 accepted=1 state=title->menu phase=name->name name=""->""
[I][AlphaRuntime] FRONTEND_STATE count=2 from=title to=menu reason=input reconstructed=0
[I][AlphaRuntime] FRONTEND_RENDER state=menu reason=frontend-input full_redraw=0 screen_clear=0 dirty_regions=11 pixels=76368 animation_tick=120 render_us=0 reconstructed=2 internal=67108864 psram=67108864 stack_margin=32768
[I][AlphaRuntime] FRONTEND_INPUT raw=trackball-down action=direction char=0 accepted=1 state=menu->menu phase=name->name name=""->""
[I][AlphaRuntime] FRONTEND_RENDER state=menu reason=frontend-input full_redraw=0 screen_clear=0 dirty_regions=3 pixels=8816 animation_tick=121 render_us=0 reconstructed=3 internal=67108864 psram=67108864 stack_margin=32768
GREEN F1 "Create New Character" names the empty slot it will use: "New journey: saved in empty Slot 2"
[I][AlphaRuntime] FRONTEND_INPUT raw=trackball-up action=direction char=0 accepted=1 state=menu->menu phase=name->name name=""->""
[I][AlphaRuntime] FRONTEND_RENDER state=menu reason=frontend-input full_redraw=0 screen_clear=0 dirty_regions=3 pixels=8816 animation_tick=123 render_us=0 reconstructed=4 internal=67108864 psram=67108864 stack_margin=32768
[I][AlphaRuntime] INPUT_EDGE raw=00,00,00,00,00 prev=00,00,00,00,00 matrix=0,0 physical=matrix-key edge=press mods=S0,A0,H0 printable=0d base=0d symbol=00 ui=inventory emitted=confirm action_char=0 shortcut=none
[I][AlphaRuntime] FRONTEND_INPUT raw=keyboard action=confirm char=0 accepted=1 state=menu->continue phase=name->name name=""->""
[I][AlphaRuntime] FRONTEND_STATE count=3 from=menu to=continue reason=input reconstructed=0
[I][AlphaRuntime] FRONTEND_RENDER state=continue reason=frontend-input full_redraw=0 screen_clear=0 dirty_regions=7 pixels=159016 animation_tick=125 render_us=0 reconstructed=5 internal=67108864 psram=67108864 stack_margin=32768
GREEN F2 Journey Onward: "Continue | Load Game", naming the save Continue loads: "Latest save: Avery, Britannia" / "Enter continues Slot 3; Mic returns"
GREEN F2b the subtitle is drawn whole: its bottom glyph rows (y=20..21) survive the body (108 px lit)
[I][AlphaRuntime] FRONTEND_INPUT raw=trackball-down action=direction char=0 accepted=1 state=continue->continue phase=name->name name=""->""
[I][AlphaRuntime] FRONTEND_RENDER state=continue reason=frontend-input full_redraw=0 screen_clear=0 dirty_regions=3 pixels=8816 animation_tick=127 render_us=0 reconstructed=6 internal=67108864 psram=67108864 stack_margin=32768
[I][AlphaRuntime] INPUT_EDGE raw=00,00,00,00,00 prev=00,00,00,00,00 matrix=0,0 physical=matrix-key edge=press mods=S0,A0,H0 printable=0d base=0d symbol=00 ui=inventory emitted=confirm action_char=0 shortcut=none
[I][AlphaRuntime] FRONTEND_INPUT raw=keyboard action=confirm char=0 accepted=1 state=continue->load phase=name->name name=""->""
[I][AlphaRuntime] FRONTEND_STATE count=4 from=continue to=load reason=input reconstructed=0
[I][AlphaRuntime] FRONTEND_RENDER state=load reason=frontend-input full_redraw=0 screen_clear=0 dirty_regions=7 pixels=81168 animation_tick=129 render_us=0 reconstructed=7 internal=67108864 psram=67108864 stack_margin=32768
GREEN F3 the title's Load Game lists the same slots, on Continue's: "Slot 1: Avery, Iolo's Hut | Slot 2: empty | Slot 3: Avery, Britannia"
[I][AlphaRuntime] FRONTEND_INPUT raw=trackball-down action=direction char=0 accepted=1 state=load->load phase=name->name name=""->""
[I][AlphaRuntime] FRONTEND_RENDER state=load reason=frontend-input full_redraw=0 screen_clear=0 dirty_regions=3 pixels=8816 animation_tick=130 render_us=0 reconstructed=8 internal=67108864 psram=67108864 stack_margin=32768
[I][AlphaRuntime] FRONTEND_INPUT raw=trackball-down action=direction char=0 accepted=1 state=load->load phase=name->name name=""->""
[I][AlphaRuntime] FRONTEND_RENDER state=load reason=frontend-input full_redraw=0 screen_clear=0 dirty_regions=3 pixels=8816 animation_tick=132 render_us=0 reconstructed=9 internal=67108864 psram=67108864 stack_margin=32768
[I][AlphaRuntime] INPUT_EDGE raw=00,00,00,00,00 prev=00,00,00,00,00 matrix=0,0 physical=matrix-key edge=press mods=S0,A0,H0 printable=0d base=0d symbol=00 ui=inventory emitted=confirm action_char=0 shortcut=none
[I][AlphaRuntime] FRONTEND_INPUT raw=keyboard action=confirm char=0 accepted=1 state=load->load phase=name->name name=""->""
[I][AlphaRuntime] FRONTEND_RENDER state=load reason=frontend-input full_redraw=0 screen_clear=0 dirty_regions=2 pixels=5776 animation_tick=134 render_us=0 reconstructed=10 internal=67108864 psram=67108864 stack_margin=32768
GREEN F3b the title's empty slot says so and does not load (still on Load Game)
[I][AlphaRuntime] INPUT_EDGE raw=00,00,00,00,00 prev=00,00,00,00,00 matrix=0,6 physical=mic-0,6 edge=press mods=S0,A0,H0 printable=00 base=00 symbol=00 ui=inventory emitted=none action_char=0 shortcut=none
[I][AlphaRuntime] INPUT_EDGE raw=00,00,00,00,00 prev=00,00,00,00,00 matrix=0,6 physical=mic-0,6 edge=release mods=S0,A0,H0 printable=00 base=00 symbol=00 ui=inventory emitted=cancel action_char=0 shortcut=none
[I][AlphaRuntime] FRONTEND_INPUT raw=keyboard action=cancel char=0 accepted=1 state=load->continue phase=name->name name=""->""
[I][AlphaRuntime] FRONTEND_STATE count=5 from=load to=continue reason=input reconstructed=0
[I][AlphaRuntime] FRONTEND_RENDER state=continue reason=frontend-input full_redraw=0 screen_clear=0 dirty_regions=6 pixels=78128 animation_tick=137 render_us=0 reconstructed=11 internal=67108864 psram=67108864 stack_margin=32768
GREEN F4 Back from Load Game returns to Journey Onward, on Load Game
[I][AlphaRuntime] INPUT_EDGE raw=00,00,00,00,00 prev=00,00,00,00,00 matrix=0,0 physical=matrix-key edge=press mods=S0,A0,H0 printable=0d base=0d symbol=00 ui=inventory emitted=confirm action_char=0 shortcut=none
[I][AlphaRuntime] FRONTEND_INPUT raw=keyboard action=confirm char=0 accepted=1 state=continue->load phase=name->name name=""->""
[I][AlphaRuntime] FRONTEND_STATE count=6 from=continue to=load reason=input reconstructed=0
[I][AlphaRuntime] FRONTEND_RENDER state=load reason=frontend-input full_redraw=0 screen_clear=0 dirty_regions=7 pixels=81168 animation_tick=139 render_us=0 reconstructed=12 internal=67108864 psram=67108864 stack_margin=32768
[I][AlphaRuntime] FRONTEND_INPUT raw=trackball-down action=direction char=0 accepted=1 state=load->load phase=name->name name=""->""
[I][AlphaRuntime] FRONTEND_RENDER state=load reason=frontend-input full_redraw=0 screen_clear=0 dirty_regions=3 pixels=8816 animation_tick=140 render_us=0 reconstructed=13 internal=67108864 psram=67108864 stack_margin=32768
[I][AlphaRuntime] INPUT_EDGE raw=00,00,00,00,00 prev=00,00,00,00,00 matrix=0,0 physical=matrix-key edge=press mods=S0,A0,H0 printable=0d base=0d symbol=00 ui=inventory emitted=confirm action_char=0 shortcut=none
[I][AlphaRuntime] FRONTEND_INPUT raw=keyboard action=confirm char=0 accepted=1 state=load->load phase=name->name name=""->""
[I][AlphaRuntime] FRONTEND_INTENT intent=load-slot storage_begin=1 phase=name name="" gender=0x0b stack_margin=32768
[I][AlphaRuntime] U5OBJ CLEAR site=load-restore pool_before=0
[I][AlphaRuntime] WORLD_OBJECTS_RESTORE count=0
[I][AlphaRuntime] DUNGEON_RESTORE active=0 dungeon=33 depth=0
[I][AlphaRuntime] LOAD_TRANSIENT_RESET ui=explore->explore request=0 views=0 questions=0
[I][AlphaRuntime] FRONTEND_INTENT intent=load-slot storage_end=1 ok=1 ms=0 stack_margin=32768
[I][AlphaRuntime] render 0 us reason=frontend-input animated=5 crc=882c78a7
GREEN F5 Slot 1 loads its own journey and enters the game
[I][AlphaRuntime] INPUT_EDGE raw=00,00,00,00,00 prev=00,00,00,00,00 matrix=0,0 physical=matrix-key edge=press mods=S0,A1,H0 printable=6d base=6d symbol=00 ui=explore emitted=system-menu action_char=0 shortcut=none
[I][AlphaRuntime] SYSTEM_MENU action=toggle open=1 gameplay_command=none
[I][AlphaRuntime] SYSTEM_MENU_RENDER reason=system-menu full_redraw=1 dirty_regions=10 pixels=168136 us=0
[I][AlphaRuntime] SYSTEM_MENU action=direction accepted=1 open=1 gameplay_command=none
[I][AlphaRuntime] SYSTEM_MENU_RENDER reason=system-menu full_redraw=0 dirty_regions=3 pixels=8816 us=0
[I][AlphaRuntime] INPUT_EDGE raw=00,00,00,00,00 prev=00,00,00,00,00 matrix=0,0 physical=matrix-key edge=press mods=S0,A0,H0 printable=0d base=0d symbol=00 ui=inventory emitted=confirm action_char=0 shortcut=none
[I][AlphaRuntime] SYSTEM_MENU action=confirm accepted=1 open=1 gameplay_command=none
[I][AlphaRuntime] SYSTEM_MENU_RENDER reason=system-menu full_redraw=0 dirty_regions=8 pixels=22928 us=0
[I][AlphaRuntime] SYSTEM_MENU action=direction accepted=1 open=1 gameplay_command=none
[I][AlphaRuntime] SYSTEM_MENU_RENDER reason=system-menu full_redraw=0 dirty_regions=3 pixels=8816 us=0
[I][AlphaRuntime] INPUT_EDGE raw=00,00,00,00,00 prev=00,00,00,00,00 matrix=0,0 physical=matrix-key edge=press mods=S0,A0,H0 printable=0d base=0d symbol=00 ui=inventory emitted=confirm action_char=0 shortcut=none
[I][AlphaRuntime] SYSTEM_MENU action=confirm accepted=1 open=1 gameplay_command=none
[I][AlphaRuntime] SYSTEM_MENU_RENDER reason=system-menu full_redraw=0 dirty_regions=8 pixels=22928 us=0
[I][AlphaRuntime] INPUT_EDGE raw=00,00,00,00,00 prev=00,00,00,00,00 matrix=0,0 physical=matrix-key edge=press mods=S0,A1,H0 printable=6d base=6d symbol=00 ui=inventory emitted=system-menu action_char=0 shortcut=none
[I][AlphaRuntime] SYSTEM_MENU action=toggle open=0 gameplay_command=none
[I][AlphaRuntime] render 0 us reason=system-menu animated=5 crc=882c78a7
[I][AlphaRuntime] INPUT_EDGE raw=00,00,00,00,00 prev=00,00,00,00,00 matrix=0,0 physical=matrix-key edge=press mods=S0,A1,H0 printable=6d base=6d symbol=00 ui=explore emitted=system-menu action_char=0 shortcut=none
[I][AlphaRuntime] SYSTEM_MENU action=toggle open=1 gameplay_command=none
[I][AlphaRuntime] SYSTEM_MENU_RENDER reason=system-menu full_redraw=1 dirty_regions=10 pixels=168136 us=0
[I][AlphaRuntime] SYSTEM_MENU action=direction accepted=1 open=1 gameplay_command=none
[I][AlphaRuntime] SYSTEM_MENU_RENDER reason=system-menu full_redraw=0 dirty_regions=3 pixels=8816 us=0
[I][AlphaRuntime] INPUT_EDGE raw=00,00,00,00,00 prev=00,00,00,00,00 matrix=0,0 physical=matrix-key edge=press mods=S0,A0,H0 printable=0d base=0d symbol=00 ui=inventory emitted=confirm action_char=0 shortcut=none
[I][AlphaRuntime] SYSTEM_MENU action=confirm accepted=1 open=0 gameplay_command=none
[I][AlphaRuntime] FRONTEND_STATE count=7 from=load to=title reason=tick-or-intent reconstructed=0
[I][AlphaRuntime] FRONTEND_RENDER state=title reason=state-transition full_redraw=0 screen_clear=0 dirty_regions=7 pixels=153712 animation_tick=159 render_us=0 reconstructed=14 internal=67108864 psram=67108864 stack_margin=32768
[I][AlphaRuntime] INPUT_EDGE raw=00,00,00,00,00 prev=00,00,00,00,00 matrix=0,0 physical=matrix-key edge=press mods=S0,A0,H0 printable=20 base=20 symbol=00 ui=inventory emitted=character action_char=32 shortcut=none
[I][AlphaRuntime] FRONTEND_INPUT raw=keyboard action=character char=32 accepted=1 state=title->menu phase=name->name name=""->""
[I][AlphaRuntime] FRONTEND_STATE count=8 from=title to=menu reason=input reconstructed=0
[I][AlphaRuntime] FRONTEND_RENDER state=menu reason=frontend-input full_redraw=0 screen_clear=0 dirty_regions=11 pixels=76368 animation_tick=160 render_us=0 reconstructed=15 internal=67108864 psram=67108864 stack_margin=32768
[I][AlphaRuntime] FRONTEND_INPUT raw=trackball-down action=direction char=0 accepted=1 state=menu->menu phase=name->name name=""->""
[I][AlphaRuntime] FRONTEND_RENDER state=menu reason=frontend-input full_redraw=0 screen_clear=0 dirty_regions=3 pixels=8816 animation_tick=162 render_us=0 reconstructed=16 internal=67108864 psram=67108864 stack_margin=32768
[I][AlphaRuntime] INPUT_EDGE raw=00,00,00,00,00 prev=00,00,00,00,00 matrix=0,0 physical=matrix-key edge=press mods=S0,A0,H0 printable=0d base=0d symbol=00 ui=inventory emitted=confirm action_char=0 shortcut=none
[I][AlphaRuntime] FRONTEND_INPUT raw=keyboard action=confirm char=0 accepted=1 state=menu->error phase=name->name name=""->""
[I][AlphaRuntime] FRONTEND_STATE count=9 from=menu to=error reason=input reconstructed=0
[I][AlphaRuntime] FRONTEND_RENDER state=error reason=frontend-input full_redraw=0 screen_clear=0 dirty_regions=8 pixels=162056 animation_tick=164 render_us=0 reconstructed=17 internal=67108864 psram=67108864 stack_margin=32768
GREEN F6 with every slot in use Create New Character lists them to choose one: "Slots full: you choose one to replace"
[I][AlphaRuntime] INPUT_EDGE raw=00,00,00,00,00 prev=00,00,00,00,00 matrix=0,0 physical=matrix-key edge=press mods=S0,A0,H0 printable=0d base=0d symbol=00 ui=inventory emitted=confirm action_char=0 shortcut=none
[I][AlphaRuntime] FRONTEND_INPUT raw=keyboard action=confirm char=0 accepted=1 state=error->error phase=name->name name=""->""
[I][AlphaRuntime] FRONTEND_RENDER state=error reason=frontend-input full_redraw=0 screen_clear=0 dirty_regions=6 pixels=16848 animation_tick=166 render_us=0 reconstructed=18 internal=67108864 psram=67108864 stack_margin=32768
[I][AlphaRuntime] INPUT_EDGE raw=00,00,00,00,00 prev=00,00,00,00,00 matrix=0,0 physical=matrix-key edge=press mods=S0,A0,H0 printable=0d base=0d symbol=00 ui=inventory emitted=confirm action_char=0 shortcut=none
[I][AlphaRuntime] FRONTEND_INPUT raw=keyboard action=confirm char=0 accepted=1 state=error->error phase=name->name name=""->""
[I][AlphaRuntime] FRONTEND_RENDER state=error reason=frontend-input full_redraw=0 screen_clear=0 dirty_regions=6 pixels=16848 animation_tick=168 render_us=0 reconstructed=19 internal=67108864 psram=67108864 stack_margin=32768
[I][AlphaRuntime] INPUT_EDGE raw=00,00,00,00,00 prev=00,00,00,00,00 matrix=0,6 physical=mic-0,6 edge=press mods=S0,A0,H0 printable=00 base=00 symbol=00 ui=inventory emitted=none action_char=0 shortcut=none
[I][AlphaRuntime] INPUT_EDGE raw=00,00,00,00,00 prev=00,00,00,00,00 matrix=0,6 physical=mic-0,6 edge=release mods=S0,A0,H0 printable=00 base=00 symbol=00 ui=inventory emitted=cancel action_char=0 shortcut=none
[I][AlphaRuntime] FRONTEND_INPUT raw=keyboard action=cancel char=0 accepted=1 state=error->menu phase=name->name name=""->""
[I][AlphaRuntime] FRONTEND_STATE count=10 from=error to=menu reason=input reconstructed=0
[I][AlphaRuntime] FRONTEND_RENDER state=menu reason=frontend-input full_redraw=0 screen_clear=0 dirty_regions=12 pixels=174256 animation_tick=170 render_us=0 reconstructed=20 internal=67108864 psram=67108864 stack_margin=32768
GREEN F7 "Replace Slot N?" starts on No; No and Back leave every slot as it was
Z  fit
[I][M51] STAGE t=5000000 id=4 name=display-initialize-entry boot=0 stack_free_min_bytes=8192
[I][M51] INIT shared-spi t=5000000 already=0
[I][TDeckBoard] Shared SPI2 initialized: SCK=40 MOSI=41 MISO=38
[I][TDeckBoard] ST7789 initialized at 320x240 landscape, RGB order, MADCTL=0x60, SPI clock 40000000 Hz
[I][AlphaRuntime] SETTINGS_LOAD loaded=0 sfx_volume=80 music_volume=80
[I][AlphaRuntime] PRESENTATION_DISPATCH ui=explore combat=0 dungeon=0 source=world
[I][AlphaRuntime] render 0 us reason=full-redraw animated=5 crc=882c78a7
[I][AlphaRuntime] render 0 us reason=full-redraw animated=5 crc=882c78a7
[I][AlphaRuntime] U5OBJ RELOAD effect=EnterNpcs loc=17 hydrate_calls=0 pool_size=0 player=L17/F0
[I][AlphaRuntime] U5OBJ SOURCE loc=17 floor=0 hour=12 table=found table_loc=17 count=32 slots=present tables=32 npc_dead=0x00000000 pool_before=0
[I][AlphaRuntime] U5OBJ SRC slot=23 index=23 type=1(0x01) tile=257 dialog=0 x=16,16,16 y=21,21,21 z=255,255,255 schedule=0,0,0,0 ai=0,0,0
[I][AlphaRuntime] U5OBJ SRC slot=24 index=24 type=1(0x01) tile=257 dialog=0 x=17,17,17 y=22,22,22 z=255,255,255 schedule=0,0,0,0 ai=0,0,0
[I][AlphaRuntime] U5OBJ SRC slot=25 index=25 type=1(0x01) tile=257 dialog=0 x=13,13,13 y=23,23,23 z=255,255,255 schedule=0,0,0,0 ai=0,0,0
[I][AlphaRuntime] U5OBJ SRC slot=28 index=28 type=30(0x1e) tile=286 dialog=0 x=9,9,9 y=9,9,9 z=255,255,255 schedule=0,0,0,0 ai=0,0,0
[I][AlphaRuntime] U5OBJ RESERVE request=32 current_size=0 current_capacity=0 object_bytes=68 need_bytes=2176 target_bytes=2176 free_internal=67108864 largest_internal=67108864 free_psram=67108864 largest_psram=67108864 free_default=67108864 guard=free_psram>=need+32768 result=1
[I][AlphaRuntime] U5OBJ RESERVE_DONE size=0 capacity=32 storage_heap=internal
[I][AlphaRuntime] U5OBJ HYDRATE slot=23 index=23 ACCEPT schedule=0 loc=17 floor=-1 x=16 y=21 tile=257 chest=1 prop=0 plot=0 item=8 contents=30 pool_index=1
[I][AlphaRuntime] CHEST_INSERT source=authored/hydrated loc=17 floor=-1 world_x=16 world_y=21 object_id=1 type=chest flags=none trap=0 contents=30 collection_count_before=1 after=2
[I][AlphaRuntime] U5OBJ HYDRATE slot=24 index=24 ACCEPT schedule=0 loc=17 floor=-1 x=17 y=22 tile=257 chest=1 prop=0 plot=0 item=8 contents=30 pool_index=2
[I][AlphaRuntime] CHEST_INSERT source=authored/hydrated loc=17 floor=-1 world_x=17 world_y=22 object_id=2 type=chest flags=none trap=0 contents=30 collection_count_before=2 after=3
[I][AlphaRuntime] U5OBJ HYDRATE slot=25 index=25 ACCEPT schedule=0 loc=17 floor=-1 x=13 y=23 tile=257 chest=1 prop=0 plot=0 item=8 contents=30 pool_index=3
[I][AlphaRuntime] CHEST_INSERT source=authored/hydrated loc=17 floor=-1 world_x=13 world_y=23 object_id=3 type=chest flags=none trap=0 contents=30 collection_count_before=3 after=4
[I][AlphaRuntime] U5OBJ HYDRATE slot=28 index=28 ACCEPT schedule=0 loc=17 floor=-1 x=9 y=9 tile=286 chest=0 prop=1 plot=0 item=8 contents=30 pool_index=4
[I][AlphaRuntime] U5OBJ POST_HYDRATE result=1 reason=ok pool_size=6 accepted=6 dropped=26 hydrate_calls=1
[I][AlphaRuntime] U5OBJ POST_HYDRATE_OBJ index=1 loc=17 floor=-1 x=16 y=21 tile=257 chest=1 prop=0 plot=0 item=8 loot=0 search=0 shadowlord=0 trapped=0 contents=30 slot=-1
[I][AlphaRuntime] U5OBJ POST_HYDRATE_OBJ index=2 loc=17 floor=-1 x=17 y=22 tile=257 chest=1 prop=0 plot=0 item=8 loot=0 search=0 shadowlord=0 trapped=0 contents=30 slot=-1
[I][AlphaRuntime] U5OBJ POST_HYDRATE_OBJ index=3 loc=17 floor=-1 x=13 y=23 tile=257 chest=1 prop=0 plot=0 item=8 loot=0 search=0 shadowlord=0 trapped=0 contents=30 slot=-1
[I][AlphaRuntime] U5OBJ POST_HYDRATE_OBJ index=4 loc=17 floor=-1 x=9 y=9 tile=286 chest=0 prop=1 plot=0 item=8 loot=0 search=0 shadowlord=0 trapped=0 contents=30 slot=-1
[I][AlphaRuntime] U5OBJ RELOAD effect=HydrateInterior loc=17 hydrate_calls=1 pool_size=6 player=L17/F0
[I][AlphaRuntime] render 0 us reason=full-redraw animated=4 crc=d3a00004
[I][AlphaRuntime] INPUT_EDGE raw=00,00,00,00,00 prev=00,00,00,00,00 matrix=0,0 physical=matrix-key edge=press mods=S0,A1,H0 printable=6d base=6d symbol=00 ui=explore emitted=system-menu action_char=0 shortcut=none
[I][AlphaRuntime] SYSTEM_MENU action=toggle open=1 gameplay_command=none
[I][AlphaRuntime] SYSTEM_MENU_RENDER reason=system-menu full_redraw=1 dirty_regions=10 pixels=168136 us=0
[I][AlphaRuntime] SYSTEM_MENU action=direction accepted=1 open=1 gameplay_command=none
[I][AlphaRuntime] SYSTEM_MENU_RENDER reason=system-menu full_redraw=0 dirty_regions=3 pixels=8816 us=0
[I][AlphaRuntime] INPUT_EDGE raw=00,00,00,00,00 prev=00,00,00,00,00 matrix=0,0 physical=matrix-key edge=press mods=S0,A0,H0 printable=0d base=0d symbol=00 ui=inventory emitted=confirm action_char=0 shortcut=none
[I][AlphaRuntime] SYSTEM_MENU action=confirm accepted=1 open=1 gameplay_command=none
[I][AlphaRuntime] SYSTEM_MENU_RENDER reason=system-menu full_redraw=0 dirty_regions=8 pixels=22928 us=0
[I][AlphaRuntime] INPUT_EDGE raw=00,00,00,00,00 prev=00,00,00,00,00 matrix=0,0 physical=matrix-key edge=press mods=S0,A0,H0 printable=0d base=0d symbol=00 ui=inventory emitted=confirm action_char=0 shortcut=none
[I][AlphaRuntime] SYSTEM_MENU action=confirm accepted=1 open=1 gameplay_command=none
[I][AlphaRuntime] SYSTEM_MENU_RENDER reason=system-menu full_redraw=0 dirty_regions=8 pixels=22928 us=0
[I][AlphaRuntime] INPUT_EDGE raw=00,00,00,00,00 prev=00,00,00,00,00 matrix=0,0 physical=matrix-key edge=press mods=S0,A1,H0 printable=6d base=6d symbol=00 ui=inventory emitted=system-menu action_char=0 shortcut=none
[I][AlphaRuntime] SYSTEM_MENU action=toggle open=0 gameplay_command=none
[I][AlphaRuntime] render 0 us reason=system-menu animated=4 crc=d3a00004
[I][AlphaRuntime] INPUT_EDGE raw=00,00,00,00,00 prev=00,00,00,00,00 matrix=0,0 physical=matrix-key edge=press mods=S0,A1,H0 printable=6d base=6d symbol=00 ui=explore emitted=system-menu action_char=0 shortcut=none
[I][AlphaRuntime] SYSTEM_MENU action=toggle open=1 gameplay_command=none
[I][AlphaRuntime] SYSTEM_MENU_RENDER reason=system-menu full_redraw=1 dirty_regions=10 pixels=168136 us=0
[I][AlphaRuntime] SYSTEM_MENU action=direction accepted=1 open=1 gameplay_command=none
[I][AlphaRuntime] SYSTEM_MENU_RENDER reason=system-menu full_redraw=0 dirty_regions=3 pixels=8816 us=0
[I][AlphaRuntime] INPUT_EDGE raw=00,00,00,00,00 prev=00,00,00,00,00 matrix=0,0 physical=matrix-key edge=press mods=S0,A0,H0 printable=0d base=0d symbol=00 ui=inventory emitted=confirm action_char=0 shortcut=none
[I][AlphaRuntime] SYSTEM_MENU action=confirm accepted=1 open=1 gameplay_command=none
[I][AlphaRuntime] SYSTEM_MENU_RENDER reason=system-menu full_redraw=0 dirty_regions=8 pixels=22928 us=0
[I][AlphaRuntime] INPUT_EDGE raw=00,00,00,00,00 prev=00,00,00,00,00 matrix=0,0 physical=matrix-key edge=press mods=S0,A0,H0 printable=0d base=0d symbol=00 ui=inventory emitted=confirm action_char=0 shortcut=none
[I][AlphaRuntime] SYSTEM_MENU action=confirm accepted=1 open=1 gameplay_command=none
[I][AlphaRuntime] SYSTEM_MENU_RENDER reason=system-menu full_redraw=0 dirty_regions=6 pixels=16848 us=0
[I][AlphaRuntime] SYSTEM_MENU action=direction accepted=1 open=1 gameplay_command=none
[I][AlphaRuntime] SYSTEM_MENU_RENDER reason=system-menu full_redraw=0 dirty_regions=3 pixels=8816 us=0
[I][AlphaRuntime] INPUT_EDGE raw=00,00,00,00,00 prev=00,00,00,00,00 matrix=0,0 physical=matrix-key edge=press mods=S0,A0,H0 printable=0d base=0d symbol=00 ui=inventory emitted=confirm action_char=0 shortcut=none
[I][AlphaRuntime] SYSTEM_MENU action=confirm accepted=1 open=1 gameplay_command=none
[I][AlphaRuntime] SYSTEM_MENU_RENDER reason=system-menu full_redraw=0 dirty_regions=8 pixels=22928 us=0
[I][AlphaRuntime] INPUT_EDGE raw=00,00,00,00,00 prev=00,00,00,00,00 matrix=0,0 physical=matrix-key edge=press mods=S0,A1,H0 printable=6d base=6d symbol=00 ui=inventory emitted=system-menu action_char=0 shortcut=none
[I][AlphaRuntime] SYSTEM_MENU action=toggle open=0 gameplay_command=none
[I][AlphaRuntime] render 0 us reason=system-menu animated=4 crc=d3a00004
[I][AlphaRuntime] INPUT_EDGE raw=00,00,00,00,00 prev=00,00,00,00,00 matrix=0,0 physical=matrix-key edge=press mods=S0,A1,H0 printable=6d base=6d symbol=00 ui=explore emitted=system-menu action_char=0 shortcut=none
[I][AlphaRuntime] SYSTEM_MENU action=toggle open=1 gameplay_command=none
[I][AlphaRuntime] SYSTEM_MENU_RENDER reason=system-menu full_redraw=1 dirty_regions=10 pixels=168136 us=0
[I][AlphaRuntime] SYSTEM_MENU action=direction accepted=1 open=1 gameplay_command=none
[I][AlphaRuntime] SYSTEM_MENU_RENDER reason=system-menu full_redraw=0 dirty_regions=3 pixels=8816 us=0
[I][AlphaRuntime] SYSTEM_MENU action=direction accepted=1 open=1 gameplay_command=none
[I][AlphaRuntime] SYSTEM_MENU_RENDER reason=system-menu full_redraw=0 dirty_regions=3 pixels=8816 us=0
[I][AlphaRuntime] INPUT_EDGE raw=00,00,00,00,00 prev=00,00,00,00,00 matrix=0,0 physical=matrix-key edge=press mods=S0,A0,H0 printable=0d base=0d symbol=00 ui=inventory emitted=confirm action_char=0 shortcut=none
[I][AlphaRuntime] SYSTEM_MENU action=confirm accepted=1 open=1 gameplay_command=none
[I][AlphaRuntime] SYSTEM_MENU_RENDER reason=system-menu full_redraw=0 dirty_regions=8 pixels=22928 us=0
[I][AlphaRuntime] SYSTEM_MENU action=direction accepted=1 open=1 gameplay_command=none
[I][AlphaRuntime] SYSTEM_MENU_RENDER reason=system-menu full_redraw=0 dirty_regions=3 pixels=8816 us=0
[I][AlphaRuntime] SYSTEM_MENU action=direction accepted=1 open=1 gameplay_command=none
[I][AlphaRuntime] SYSTEM_MENU_RENDER reason=system-menu full_redraw=0 dirty_regions=2 pixels=6080 us=0
[I][AlphaRuntime] SYSTEM_MENU action=direction accepted=1 open=1 gameplay_command=none
[I][AlphaRuntime] SYSTEM_MENU_RENDER reason=system-menu full_redraw=0 dirty_regions=3 pixels=8816 us=0
[I][AlphaRuntime] INPUT_EDGE raw=00,00,00,00,00 prev=00,00,00,00,00 matrix=0,0 physical=matrix-key edge=press mods=S0,A1,H0 printable=6d base=6d symbol=00 ui=inventory emitted=system-menu action_char=0 shortcut=none
[I][AlphaRuntime] SYSTEM_MENU action=toggle open=0 gameplay_command=none
[I][AlphaRuntime] render 0 us reason=system-menu animated=4 crc=d3a00004
[I][AlphaRuntime] INPUT_EDGE raw=00,00,00,00,00 prev=00,00,00,00,00 matrix=0,0 physical=matrix-key edge=press mods=S0,A1,H0 printable=6d base=6d symbol=00 ui=explore emitted=system-menu action_char=0 shortcut=none
[I][AlphaRuntime] SYSTEM_MENU action=toggle open=1 gameplay_command=none
[I][AlphaRuntime] SYSTEM_MENU_RENDER reason=system-menu full_redraw=1 dirty_regions=10 pixels=168136 us=0
[I][AlphaRuntime] SYSTEM_MENU action=direction accepted=1 open=1 gameplay_command=none
[I][AlphaRuntime] SYSTEM_MENU_RENDER reason=system-menu full_redraw=0 dirty_regions=3 pixels=8816 us=0
[I][AlphaRuntime] INPUT_EDGE raw=00,00,00,00,00 prev=00,00,00,00,00 matrix=0,0 physical=matrix-key edge=press mods=S0,A0,H0 printable=0d base=0d symbol=00 ui=inventory emitted=confirm action_char=0 shortcut=none
[I][AlphaRuntime] SYSTEM_MENU action=confirm accepted=1 open=1 gameplay_command=none
[I][AlphaRuntime] SYSTEM_MENU_RENDER reason=system-menu full_redraw=0 dirty_regions=8 pixels=22928 us=0
[I][AlphaRuntime] SYSTEM_MENU action=direction accepted=1 open=1 gameplay_command=none
[I][AlphaRuntime] SYSTEM_MENU_RENDER reason=system-menu full_redraw=0 dirty_regions=3 pixels=8816 us=0
[I][AlphaRuntime] SYSTEM_MENU action=direction accepted=1 open=1 gameplay_command=none
[I][AlphaRuntime] SYSTEM_MENU_RENDER reason=system-menu full_redraw=0 dirty_regions=2 pixels=6080 us=0
[I][AlphaRuntime] SYSTEM_MENU action=direction accepted=1 open=1 gameplay_command=none
[I][AlphaRuntime] SYSTEM_MENU_RENDER reason=system-menu full_redraw=0 dirty_regions=3 pixels=8816 us=0
[I][AlphaRuntime] INPUT_EDGE raw=00,00,00,00,00 prev=00,00,00,00,00 matrix=0,0 physical=matrix-key edge=press mods=S0,A1,H0 printable=6d base=6d symbol=00 ui=inventory emitted=system-menu action_char=0 shortcut=none
[I][AlphaRuntime] SYSTEM_MENU action=toggle open=0 gameplay_command=none
[I][AlphaRuntime] render 0 us reason=system-menu animated=4 crc=d3a00004
GREEN Z1 the longest row is cut to the 36 cells Large text shows ("Slot 1: Shamino12, Lord British's Ca"); footers fit 50 (46)
GREEN Z2 every slot footer (saved, recovered, damaged, empty; load and save) fits 50 (46)
A4-UI2 save menu runtime: 33/33 checks
