[I][AlphaResources] Alpha resource pack v2.0 valid: 2042554 bytes, 43 entries, payload CRC=9c10874f, expected SHA-256=11d72c7784d4, firmware_match=1
[I][AlphaResources] Loaded owners: 64 small floors, 8 dungeons, 1024 NPC records; PSRAM=1188214
[I][AlphaSave] SD_HEAP operation=dma-reserve-created state=startup free_internal=67108864 free_dma=67108864 largest_dma=67108864 largest_internal=67108864 requested_dma=8192
[I][AlphaSave] SD_HEAP operation=release-reserved-dma state=settings-load free_internal=67108864 free_dma=67108864 largest_dma=67108864 largest_internal=67108864 requested_dma=8192
[I][AlphaSave] SD_HEAP operation=sd-window-open state=settings-load free_internal=67108864 free_dma=67108864 largest_dma=67108864 largest_internal=67108864 requested_dma=512
[I][AlphaSave] SD_HEAP operation=dma-reserve-restored state=settings-load free_internal=67108864 free_dma=67108864 largest_dma=67108864 largest_internal=67108864 requested_dma=8192
[I][AlphaRuntime] SETTINGS_LOAD loaded=0 sfx_volume=80 music_volume=80

[A] normal two-generation rotation
[I][AlphaSave] SD_HEAP operation=release-reserved-dma state=gameplay-save free_internal=67108864 free_dma=67108864 largest_dma=67108864 largest_internal=67108864 requested_dma=8192
[I][AlphaSave] SD_HEAP operation=sd-window-open state=gameplay-save free_internal=67108864 free_dma=67108864 largest_dma=67108864 largest_internal=67108864 requested_dma=512
[I][AlphaSave] SAVE_SCRATCH psram_bytes=11888
[I][AlphaSave] NEWGAME_SAVE stage=create-root-directory result=ok esp_err=ESP_OK errno=0 path=/sd/ultima5 stack_margin=32768
[I][AlphaSave] NEWGAME_SAVE stage=create-save-directory result=ok esp_err=ESP_OK errno=0 path=/sd/ultima5/saves stack_margin=32768
[I][AlphaSave] SD_HEAP operation=free-space-before state=gameplay-save free_internal=67108864 free_dma=67108864 largest_dma=67108864 largest_internal=67108864 requested_dma=512
[I][AlphaSave] SD_HEAP operation=free-space-call-enter state=gameplay-save free_internal=67108864 free_dma=67108864 largest_dma=67108864 largest_internal=67108864 requested_dma=512
[I][AlphaSave] SD_HEAP operation=free-space-call-exit state=gameplay-save free_internal=67108864 free_dma=67108864 largest_dma=67108864 largest_internal=67108864 requested_dma=512
[I][AlphaSave] SD_HEAP operation=free-space-after state=gameplay-save free_internal=67108864 free_dma=67108864 largest_dma=67108864 largest_internal=67108864 requested_dma=512
[I][AlphaSave] SD_SPACE path=/sd api=esp_vfs_fat_info/f_getfree return=ESP_OK(0x0) errno=0 total_bytes=34359738368 free_bytes=8589934592 total_sectors=67108864 free_sectors=16777216 sector_bytes=512
[I][AlphaSave] NEWGAME_SAVE stage=free-space-query result=ok esp_err=ESP_OK errno=0 path=/sd stack_margin=32768
[I][AlphaSave] NEWGAME_SAVE stage=free-space result=ok esp_err=ESP_OK errno=0 path=/sd stack_margin=32768
[I][AlphaSave] SAVE_TARGET save_slot=0 newest=-1 accepted=0 slot=1 keep=-1 sequence=1
[I][AlphaSave] NEWGAME_SAVE stage=gam-encode result=ok esp_err=ESP_OK errno=0 path=INIT.GAM stack_margin=32768
[I][AlphaSave] NEWGAME_SAVE stage=ool-encode result=ok esp_err=ESP_OK errno=0 path=INIT.OOL stack_margin=32768
[I][AlphaSave] NEWGAME_SAVE stage=json-encode result=ok esp_err=ESP_OK errno=0 path=sidecar stack_margin=32768
[I][AlphaSave] SD_HEAP operation=write-gam-temp state=gameplay-save free_internal=67108864 free_dma=67108864 largest_dma=67108864 largest_internal=67108864 requested_dma=512
[I][AlphaSave] NEWGAME_SAVE stage=write-gam-temp result=ok esp_err=ESP_OK errno=0 path=/sd/ultima5/saves/alpha1-g1.gam.tmp stack_margin=32768
[I][AlphaSave] SD_HEAP operation=write-ool-temp state=gameplay-save free_internal=67108864 free_dma=67108864 largest_dma=67108864 largest_internal=67108864 requested_dma=512
[I][AlphaSave] NEWGAME_SAVE stage=write-ool-temp result=ok esp_err=ESP_OK errno=0 path=/sd/ultima5/saves/alpha1-g1.ool.tmp stack_margin=32768
[I][AlphaSave] SD_HEAP operation=write-json-temp state=gameplay-save free_internal=67108864 free_dma=67108864 largest_dma=67108864 largest_internal=67108864 requested_dma=512
[I][AlphaSave] NEWGAME_SAVE stage=write-json-temp result=ok esp_err=ESP_OK errno=0 path=/sd/ultima5/saves/alpha1-g1.json.tmp stack_margin=32768
[I][AlphaSave] SD_HEAP operation=crc-readback state=gameplay-save free_internal=67108864 free_dma=67108864 largest_dma=67108864 largest_internal=67108864 requested_dma=512
[I][AlphaSave] NEWGAME_SAVE stage=crc-readback result=ok esp_err=ESP_OK errno=0 path=/sd/ultima5/saves stack_margin=32768
[I][AlphaSave] NEWGAME_SAVE stage=rename-gam result=ok esp_err=ESP_OK errno=0 path=/sd/ultima5/saves/alpha1-g1.gam stack_margin=32768
[I][AlphaSave] NEWGAME_SAVE stage=rename-ool result=ok esp_err=ESP_OK errno=0 path=/sd/ultima5/saves/alpha1-g1.ool stack_margin=32768
[I][AlphaSave] NEWGAME_SAVE stage=rename-json result=ok esp_err=ESP_OK errno=0 path=/sd/ultima5/saves/alpha1-g1.json stack_margin=32768
[I][AlphaSave] NEWGAME_SAVE stage=write-commit-temp result=ok esp_err=ESP_OK errno=0 path=/sd/ultima5/saves/alpha1-g1.commit.tmp stack_margin=32768
[I][AlphaSave] NEWGAME_SAVE stage=rename-commit result=ok esp_err=ESP_OK errno=0 path=/sd/ultima5/saves/alpha1-g1.commit stack_margin=32768
[I][AlphaSave] NEWGAME_SAVE stage=semantic-validation result=ok esp_err=ESP_OK errno=0 path=/sd/ultima5/saves/alpha1-g1.commit stack_margin=32768
[I][AlphaSave] NEWGAME_SAVE stage=generation-final result=ok esp_err=ESP_OK errno=0 path=/sd/ultima5/saves/alpha1-g1.commit stack_margin=32768
[I][AlphaSave] save generation=1 save_slot=0 slot=1 time=12 ms json=369
[I][AlphaSave] SD_HEAP operation=dma-reserve-restored state=gameplay-save free_internal=67108864 free_dma=67108864 largest_dma=67108864 largest_internal=67108864 requested_dma=8192
[I][AlphaSave] SD_HEAP operation=release-reserved-dma state=load-latest free_internal=67108864 free_dma=67108864 largest_dma=67108864 largest_internal=67108864 requested_dma=8192
[I][AlphaSave] SD_HEAP operation=sd-window-open state=load-latest free_internal=67108864 free_dma=67108864 largest_dma=67108864 largest_internal=67108864 requested_dma=512
[I][AlphaSave] SAVE_SCRATCH psram_bytes=11888
[I][AlphaSave] load generation=1 save_slot=0 slot=1 time=2 ms status=0
[I][AlphaSave] SD_HEAP operation=dma-reserve-restored state=load-latest free_internal=67108864 free_dma=67108864 largest_dma=67108864 largest_internal=67108864 requested_dma=8192
[I][AlphaSave] SD_HEAP operation=release-reserved-dma state=load-latest free_internal=67108864 free_dma=67108864 largest_dma=67108864 largest_internal=67108864 requested_dma=8192
[I][AlphaSave] SD_HEAP operation=sd-window-open state=load-latest free_internal=67108864 free_dma=67108864 largest_dma=67108864 largest_internal=67108864 requested_dma=512
[I][AlphaSave] SAVE_SCRATCH psram_bytes=11888
[I][AlphaSave] load generation=1 save_slot=0 slot=1 time=2 ms status=0
[I][AlphaSave] SD_HEAP operation=dma-reserve-restored state=load-latest free_internal=67108864 free_dma=67108864 largest_dma=67108864 largest_internal=67108864 requested_dma=8192
         save 1: slot0 seq=0 slot1 seq=1, boot load gold=101
[I][AlphaSave] SD_HEAP operation=release-reserved-dma state=gameplay-save free_internal=67108864 free_dma=67108864 largest_dma=67108864 largest_internal=67108864 requested_dma=8192
[I][AlphaSave] SD_HEAP operation=sd-window-open state=gameplay-save free_internal=67108864 free_dma=67108864 largest_dma=67108864 largest_internal=67108864 requested_dma=512
[I][AlphaSave] NEWGAME_SAVE stage=create-root-directory result=ok esp_err=ESP_OK errno=0 path=/sd/ultima5 stack_margin=32768
[I][AlphaSave] NEWGAME_SAVE stage=create-save-directory result=ok esp_err=ESP_OK errno=0 path=/sd/ultima5/saves stack_margin=32768
[I][AlphaSave] SD_HEAP operation=free-space-before state=gameplay-save free_internal=67108864 free_dma=67108864 largest_dma=67108864 largest_internal=67108864 requested_dma=512
[I][AlphaSave] SD_HEAP operation=free-space-call-enter state=gameplay-save free_internal=67108864 free_dma=67108864 largest_dma=67108864 largest_internal=67108864 requested_dma=512
[I][AlphaSave] SD_HEAP operation=free-space-call-exit state=gameplay-save free_internal=67108864 free_dma=67108864 largest_dma=67108864 largest_internal=67108864 requested_dma=512
[I][AlphaSave] SD_HEAP operation=free-space-after state=gameplay-save free_internal=67108864 free_dma=67108864 largest_dma=67108864 largest_internal=67108864 requested_dma=512
[I][AlphaSave] SD_SPACE path=/sd api=esp_vfs_fat_info/f_getfree return=ESP_OK(0x0) errno=0 total_bytes=34359738368 free_bytes=8589934592 total_sectors=67108864 free_sectors=16777216 sector_bytes=512
[I][AlphaSave] NEWGAME_SAVE stage=free-space-query result=ok esp_err=ESP_OK errno=0 path=/sd stack_margin=32768
[I][AlphaSave] NEWGAME_SAVE stage=free-space result=ok esp_err=ESP_OK errno=0 path=/sd stack_margin=32768
[I][AlphaSave] SAVE_TARGET save_slot=0 newest=1 accepted=1 slot=0 keep=1 sequence=2
[I][AlphaSave] NEWGAME_SAVE stage=gam-encode result=ok esp_err=ESP_OK errno=0 path=INIT.GAM stack_margin=32768
[I][AlphaSave] NEWGAME_SAVE stage=ool-encode result=ok esp_err=ESP_OK errno=0 path=INIT.OOL stack_margin=32768
[I][AlphaSave] NEWGAME_SAVE stage=json-encode result=ok esp_err=ESP_OK errno=0 path=sidecar stack_margin=32768
[I][AlphaSave] SD_HEAP operation=write-gam-temp state=gameplay-save free_internal=67108864 free_dma=67108864 largest_dma=67108864 largest_internal=67108864 requested_dma=512
[I][AlphaSave] NEWGAME_SAVE stage=write-gam-temp result=ok esp_err=ESP_OK errno=0 path=/sd/ultima5/saves/alpha1-g0.gam.tmp stack_margin=32768
[I][AlphaSave] SD_HEAP operation=write-ool-temp state=gameplay-save free_internal=67108864 free_dma=67108864 largest_dma=67108864 largest_internal=67108864 requested_dma=512
[I][AlphaSave] NEWGAME_SAVE stage=write-ool-temp result=ok esp_err=ESP_OK errno=0 path=/sd/ultima5/saves/alpha1-g0.ool.tmp stack_margin=32768
[I][AlphaSave] SD_HEAP operation=write-json-temp state=gameplay-save free_internal=67108864 free_dma=67108864 largest_dma=67108864 largest_internal=67108864 requested_dma=512
[I][AlphaSave] NEWGAME_SAVE stage=write-json-temp result=ok esp_err=ESP_OK errno=0 path=/sd/ultima5/saves/alpha1-g0.json.tmp stack_margin=32768
[I][AlphaSave] SD_HEAP operation=crc-readback state=gameplay-save free_internal=67108864 free_dma=67108864 largest_dma=67108864 largest_internal=67108864 requested_dma=512
[I][AlphaSave] NEWGAME_SAVE stage=crc-readback result=ok esp_err=ESP_OK errno=0 path=/sd/ultima5/saves stack_margin=32768
[I][AlphaSave] NEWGAME_SAVE stage=rename-gam result=ok esp_err=ESP_OK errno=0 path=/sd/ultima5/saves/alpha1-g0.gam stack_margin=32768
[I][AlphaSave] NEWGAME_SAVE stage=rename-ool result=ok esp_err=ESP_OK errno=0 path=/sd/ultima5/saves/alpha1-g0.ool stack_margin=32768
[I][AlphaSave] NEWGAME_SAVE stage=rename-json result=ok esp_err=ESP_OK errno=0 path=/sd/ultima5/saves/alpha1-g0.json stack_margin=32768
[I][AlphaSave] NEWGAME_SAVE stage=write-commit-temp result=ok esp_err=ESP_OK errno=0 path=/sd/ultima5/saves/alpha1-g0.commit.tmp stack_margin=32768
[I][AlphaSave] NEWGAME_SAVE stage=rename-commit result=ok esp_err=ESP_OK errno=0 path=/sd/ultima5/saves/alpha1-g0.commit stack_margin=32768
[I][AlphaSave] NEWGAME_SAVE stage=semantic-validation result=ok esp_err=ESP_OK errno=0 path=/sd/ultima5/saves/alpha1-g0.commit stack_margin=32768
[I][AlphaSave] NEWGAME_SAVE stage=generation-final result=ok esp_err=ESP_OK errno=0 path=/sd/ultima5/saves/alpha1-g0.commit stack_margin=32768
[I][AlphaSave] save generation=2 save_slot=0 slot=0 time=11 ms json=369
[I][AlphaSave] SD_HEAP operation=dma-reserve-restored state=gameplay-save free_internal=67108864 free_dma=67108864 largest_dma=67108864 largest_internal=67108864 requested_dma=8192
[I][AlphaSave] SD_HEAP operation=release-reserved-dma state=load-latest free_internal=67108864 free_dma=67108864 largest_dma=67108864 largest_internal=67108864 requested_dma=8192
[I][AlphaSave] SD_HEAP operation=sd-window-open state=load-latest free_internal=67108864 free_dma=67108864 largest_dma=67108864 largest_internal=67108864 requested_dma=512
[I][AlphaSave] SAVE_SCRATCH psram_bytes=11888
[I][AlphaSave] load generation=2 save_slot=0 slot=0 time=2 ms status=0
[I][AlphaSave] SD_HEAP operation=dma-reserve-restored state=load-latest free_internal=67108864 free_dma=67108864 largest_dma=67108864 largest_internal=67108864 requested_dma=8192
[I][AlphaSave] SD_HEAP operation=release-reserved-dma state=load-latest free_internal=67108864 free_dma=67108864 largest_dma=67108864 largest_internal=67108864 requested_dma=8192
[I][AlphaSave] SD_HEAP operation=sd-window-open state=load-latest free_internal=67108864 free_dma=67108864 largest_dma=67108864 largest_internal=67108864 requested_dma=512
[I][AlphaSave] SAVE_SCRATCH psram_bytes=11888
[I][AlphaSave] load generation=2 save_slot=0 slot=0 time=2 ms status=0
[I][AlphaSave] SD_HEAP operation=dma-reserve-restored state=load-latest free_internal=67108864 free_dma=67108864 largest_dma=67108864 largest_internal=67108864 requested_dma=8192
         save 2: slot0 seq=2 slot1 seq=1, boot load gold=102
[I][AlphaSave] SD_HEAP operation=release-reserved-dma state=gameplay-save free_internal=67108864 free_dma=67108864 largest_dma=67108864 largest_internal=67108864 requested_dma=8192
[I][AlphaSave] SD_HEAP operation=sd-window-open state=gameplay-save free_internal=67108864 free_dma=67108864 largest_dma=67108864 largest_internal=67108864 requested_dma=512
[I][AlphaSave] NEWGAME_SAVE stage=create-root-directory result=ok esp_err=ESP_OK errno=0 path=/sd/ultima5 stack_margin=32768
[I][AlphaSave] NEWGAME_SAVE stage=create-save-directory result=ok esp_err=ESP_OK errno=0 path=/sd/ultima5/saves stack_margin=32768
[I][AlphaSave] SD_HEAP operation=free-space-before state=gameplay-save free_internal=67108864 free_dma=67108864 largest_dma=67108864 largest_internal=67108864 requested_dma=512
[I][AlphaSave] SD_HEAP operation=free-space-call-enter state=gameplay-save free_internal=67108864 free_dma=67108864 largest_dma=67108864 largest_internal=67108864 requested_dma=512
[I][AlphaSave] SD_HEAP operation=free-space-call-exit state=gameplay-save free_internal=67108864 free_dma=67108864 largest_dma=67108864 largest_internal=67108864 requested_dma=512
[I][AlphaSave] SD_HEAP operation=free-space-after state=gameplay-save free_internal=67108864 free_dma=67108864 largest_dma=67108864 largest_internal=67108864 requested_dma=512
[I][AlphaSave] SD_SPACE path=/sd api=esp_vfs_fat_info/f_getfree return=ESP_OK(0x0) errno=0 total_bytes=34359738368 free_bytes=8589934592 total_sectors=67108864 free_sectors=16777216 sector_bytes=512
[I][AlphaSave] NEWGAME_SAVE stage=free-space-query result=ok esp_err=ESP_OK errno=0 path=/sd stack_margin=32768
[I][AlphaSave] NEWGAME_SAVE stage=free-space result=ok esp_err=ESP_OK errno=0 path=/sd stack_margin=32768
[I][AlphaSave] SAVE_TARGET save_slot=0 newest=0 accepted=1 slot=1 keep=0 sequence=3
[I][AlphaSave] NEWGAME_SAVE stage=gam-encode result=ok esp_err=ESP_OK errno=0 path=INIT.GAM stack_margin=32768
[I][AlphaSave] NEWGAME_SAVE stage=ool-encode result=ok esp_err=ESP_OK errno=0 path=INIT.OOL stack_margin=32768
[I][AlphaSave] NEWGAME_SAVE stage=json-encode result=ok esp_err=ESP_OK errno=0 path=sidecar stack_margin=32768
[I][AlphaSave] SD_HEAP operation=write-gam-temp state=gameplay-save free_internal=67108864 free_dma=67108864 largest_dma=67108864 largest_internal=67108864 requested_dma=512
[I][AlphaSave] NEWGAME_SAVE stage=write-gam-temp result=ok esp_err=ESP_OK errno=0 path=/sd/ultima5/saves/alpha1-g1.gam.tmp stack_margin=32768
[I][AlphaSave] SD_HEAP operation=write-ool-temp state=gameplay-save free_internal=67108864 free_dma=67108864 largest_dma=67108864 largest_internal=67108864 requested_dma=512
[I][AlphaSave] NEWGAME_SAVE stage=write-ool-temp result=ok esp_err=ESP_OK errno=0 path=/sd/ultima5/saves/alpha1-g1.ool.tmp stack_margin=32768
[I][AlphaSave] SD_HEAP operation=write-json-temp state=gameplay-save free_internal=67108864 free_dma=67108864 largest_dma=67108864 largest_internal=67108864 requested_dma=512
[I][AlphaSave] NEWGAME_SAVE stage=write-json-temp result=ok esp_err=ESP_OK errno=0 path=/sd/ultima5/saves/alpha1-g1.json.tmp stack_margin=32768
[I][AlphaSave] SD_HEAP operation=crc-readback state=gameplay-save free_internal=67108864 free_dma=67108864 largest_dma=67108864 largest_internal=67108864 requested_dma=512
[I][AlphaSave] NEWGAME_SAVE stage=crc-readback result=ok esp_err=ESP_OK errno=0 path=/sd/ultima5/saves stack_margin=32768
[I][AlphaSave] NEWGAME_SAVE stage=rename-gam result=ok esp_err=ESP_OK errno=0 path=/sd/ultima5/saves/alpha1-g1.gam stack_margin=32768
[I][AlphaSave] NEWGAME_SAVE stage=rename-ool result=ok esp_err=ESP_OK errno=0 path=/sd/ultima5/saves/alpha1-g1.ool stack_margin=32768
[I][AlphaSave] NEWGAME_SAVE stage=rename-json result=ok esp_err=ESP_OK errno=0 path=/sd/ultima5/saves/alpha1-g1.json stack_margin=32768
[I][AlphaSave] NEWGAME_SAVE stage=write-commit-temp result=ok esp_err=ESP_OK errno=0 path=/sd/ultima5/saves/alpha1-g1.commit.tmp stack_margin=32768
[I][AlphaSave] NEWGAME_SAVE stage=rename-commit result=ok esp_err=ESP_OK errno=0 path=/sd/ultima5/saves/alpha1-g1.commit stack_margin=32768
[I][AlphaSave] NEWGAME_SAVE stage=semantic-validation result=ok esp_err=ESP_OK errno=0 path=/sd/ultima5/saves/alpha1-g1.commit stack_margin=32768
[I][AlphaSave] NEWGAME_SAVE stage=generation-final result=ok esp_err=ESP_OK errno=0 path=/sd/ultima5/saves/alpha1-g1.commit stack_margin=32768
[I][AlphaSave] save generation=3 save_slot=0 slot=1 time=11 ms json=369
[I][AlphaSave] SD_HEAP operation=dma-reserve-restored state=gameplay-save free_internal=67108864 free_dma=67108864 largest_dma=67108864 largest_internal=67108864 requested_dma=8192
[I][AlphaSave] SD_HEAP operation=release-reserved-dma state=load-latest free_internal=67108864 free_dma=67108864 largest_dma=67108864 largest_internal=67108864 requested_dma=8192
[I][AlphaSave] SD_HEAP operation=sd-window-open state=load-latest free_internal=67108864 free_dma=67108864 largest_dma=67108864 largest_internal=67108864 requested_dma=512
[I][AlphaSave] SAVE_SCRATCH psram_bytes=11888
[I][AlphaSave] load generation=3 save_slot=0 slot=1 time=2 ms status=0
[I][AlphaSave] SD_HEAP operation=dma-reserve-restored state=load-latest free_internal=67108864 free_dma=67108864 largest_dma=67108864 largest_internal=67108864 requested_dma=8192
[I][AlphaSave] SD_HEAP operation=release-reserved-dma state=load-latest free_internal=67108864 free_dma=67108864 largest_dma=67108864 largest_internal=67108864 requested_dma=8192
[I][AlphaSave] SD_HEAP operation=sd-window-open state=load-latest free_internal=67108864 free_dma=67108864 largest_dma=67108864 largest_internal=67108864 requested_dma=512
[I][AlphaSave] SAVE_SCRATCH psram_bytes=11888
[I][AlphaSave] load generation=3 save_slot=0 slot=1 time=2 ms status=0
[I][AlphaSave] SD_HEAP operation=dma-reserve-restored state=load-latest free_internal=67108864 free_dma=67108864 largest_dma=67108864 largest_internal=67108864 requested_dma=8192
         save 3: slot0 seq=2 slot1 seq=3, boot load gold=103
[I][AlphaSave] SD_HEAP operation=release-reserved-dma state=gameplay-save free_internal=67108864 free_dma=67108864 largest_dma=67108864 largest_internal=67108864 requested_dma=8192
[I][AlphaSave] SD_HEAP operation=sd-window-open state=gameplay-save free_internal=67108864 free_dma=67108864 largest_dma=67108864 largest_internal=67108864 requested_dma=512
[I][AlphaSave] NEWGAME_SAVE stage=create-root-directory result=ok esp_err=ESP_OK errno=0 path=/sd/ultima5 stack_margin=32768
[I][AlphaSave] NEWGAME_SAVE stage=create-save-directory result=ok esp_err=ESP_OK errno=0 path=/sd/ultima5/saves stack_margin=32768
[I][AlphaSave] SD_HEAP operation=free-space-before state=gameplay-save free_internal=67108864 free_dma=67108864 largest_dma=67108864 largest_internal=67108864 requested_dma=512
[I][AlphaSave] SD_HEAP operation=free-space-call-enter state=gameplay-save free_internal=67108864 free_dma=67108864 largest_dma=67108864 largest_internal=67108864 requested_dma=512
[I][AlphaSave] SD_HEAP operation=free-space-call-exit state=gameplay-save free_internal=67108864 free_dma=67108864 largest_dma=67108864 largest_internal=67108864 requested_dma=512
[I][AlphaSave] SD_HEAP operation=free-space-after state=gameplay-save free_internal=67108864 free_dma=67108864 largest_dma=67108864 largest_internal=67108864 requested_dma=512
[I][AlphaSave] SD_SPACE path=/sd api=esp_vfs_fat_info/f_getfree return=ESP_OK(0x0) errno=0 total_bytes=34359738368 free_bytes=8589934592 total_sectors=67108864 free_sectors=16777216 sector_bytes=512
[I][AlphaSave] NEWGAME_SAVE stage=free-space-query result=ok esp_err=ESP_OK errno=0 path=/sd stack_margin=32768
[I][AlphaSave] NEWGAME_SAVE stage=free-space result=ok esp_err=ESP_OK errno=0 path=/sd stack_margin=32768
[I][AlphaSave] SAVE_TARGET save_slot=0 newest=1 accepted=1 slot=0 keep=1 sequence=4
[I][AlphaSave] NEWGAME_SAVE stage=gam-encode result=ok esp_err=ESP_OK errno=0 path=INIT.GAM stack_margin=32768
[I][AlphaSave] NEWGAME_SAVE stage=ool-encode result=ok esp_err=ESP_OK errno=0 path=INIT.OOL stack_margin=32768
[I][AlphaSave] NEWGAME_SAVE stage=json-encode result=ok esp_err=ESP_OK errno=0 path=sidecar stack_margin=32768
[I][AlphaSave] SD_HEAP operation=write-gam-temp state=gameplay-save free_internal=67108864 free_dma=67108864 largest_dma=67108864 largest_internal=67108864 requested_dma=512
[I][AlphaSave] NEWGAME_SAVE stage=write-gam-temp result=ok esp_err=ESP_OK errno=0 path=/sd/ultima5/saves/alpha1-g0.gam.tmp stack_margin=32768
[I][AlphaSave] SD_HEAP operation=write-ool-temp state=gameplay-save free_internal=67108864 free_dma=67108864 largest_dma=67108864 largest_internal=67108864 requested_dma=512
[I][AlphaSave] NEWGAME_SAVE stage=write-ool-temp result=ok esp_err=ESP_OK errno=0 path=/sd/ultima5/saves/alpha1-g0.ool.tmp stack_margin=32768
[I][AlphaSave] SD_HEAP operation=write-json-temp state=gameplay-save free_internal=67108864 free_dma=67108864 largest_dma=67108864 largest_internal=67108864 requested_dma=512
[I][AlphaSave] NEWGAME_SAVE stage=write-json-temp result=ok esp_err=ESP_OK errno=0 path=/sd/ultima5/saves/alpha1-g0.json.tmp stack_margin=32768
[I][AlphaSave] SD_HEAP operation=crc-readback state=gameplay-save free_internal=67108864 free_dma=67108864 largest_dma=67108864 largest_internal=67108864 requested_dma=512
[I][AlphaSave] NEWGAME_SAVE stage=crc-readback result=ok esp_err=ESP_OK errno=0 path=/sd/ultima5/saves stack_margin=32768
[I][AlphaSave] NEWGAME_SAVE stage=rename-gam result=ok esp_err=ESP_OK errno=0 path=/sd/ultima5/saves/alpha1-g0.gam stack_margin=32768
[I][AlphaSave] NEWGAME_SAVE stage=rename-ool result=ok esp_err=ESP_OK errno=0 path=/sd/ultima5/saves/alpha1-g0.ool stack_margin=32768
[I][AlphaSave] NEWGAME_SAVE stage=rename-json result=ok esp_err=ESP_OK errno=0 path=/sd/ultima5/saves/alpha1-g0.json stack_margin=32768
[I][AlphaSave] NEWGAME_SAVE stage=write-commit-temp result=ok esp_err=ESP_OK errno=0 path=/sd/ultima5/saves/alpha1-g0.commit.tmp stack_margin=32768
[I][AlphaSave] NEWGAME_SAVE stage=rename-commit result=ok esp_err=ESP_OK errno=0 path=/sd/ultima5/saves/alpha1-g0.commit stack_margin=32768
[I][AlphaSave] NEWGAME_SAVE stage=semantic-validation result=ok esp_err=ESP_OK errno=0 path=/sd/ultima5/saves/alpha1-g0.commit stack_margin=32768
[I][AlphaSave] NEWGAME_SAVE stage=generation-final result=ok esp_err=ESP_OK errno=0 path=/sd/ultima5/saves/alpha1-g0.commit stack_margin=32768
[I][AlphaSave] save generation=4 save_slot=0 slot=0 time=10 ms json=369
[I][AlphaSave] SD_HEAP operation=dma-reserve-restored state=gameplay-save free_internal=67108864 free_dma=67108864 largest_dma=67108864 largest_internal=67108864 requested_dma=8192
[I][AlphaSave] SD_HEAP operation=release-reserved-dma state=load-latest free_internal=67108864 free_dma=67108864 largest_dma=67108864 largest_internal=67108864 requested_dma=8192
[I][AlphaSave] SD_HEAP operation=sd-window-open state=load-latest free_internal=67108864 free_dma=67108864 largest_dma=67108864 largest_internal=67108864 requested_dma=512
[I][AlphaSave] SAVE_SCRATCH psram_bytes=11888
[I][AlphaSave] load generation=4 save_slot=0 slot=0 time=2 ms status=0
[I][AlphaSave] SD_HEAP operation=dma-reserve-restored state=load-latest free_internal=67108864 free_dma=67108864 largest_dma=67108864 largest_internal=67108864 requested_dma=8192
[I][AlphaSave] SD_HEAP operation=release-reserved-dma state=load-latest free_internal=67108864 free_dma=67108864 largest_dma=67108864 largest_internal=67108864 requested_dma=8192
[I][AlphaSave] SD_HEAP operation=sd-window-open state=load-latest free_internal=67108864 free_dma=67108864 largest_dma=67108864 largest_internal=67108864 requested_dma=512
[I][AlphaSave] SAVE_SCRATCH psram_bytes=11888
[I][AlphaSave] load generation=4 save_slot=0 slot=0 time=2 ms status=0
[I][AlphaSave] SD_HEAP operation=dma-reserve-restored state=load-latest free_internal=67108864 free_dma=67108864 largest_dma=67108864 largest_internal=67108864 requested_dma=8192
         save 4: slot0 seq=4 slot1 seq=3, boot load gold=104
[I][AlphaSave] SD_HEAP operation=release-reserved-dma state=gameplay-save free_internal=67108864 free_dma=67108864 largest_dma=67108864 largest_internal=67108864 requested_dma=8192
[I][AlphaSave] SD_HEAP operation=sd-window-open state=gameplay-save free_internal=67108864 free_dma=67108864 largest_dma=67108864 largest_internal=67108864 requested_dma=512
[I][AlphaSave] NEWGAME_SAVE stage=create-root-directory result=ok esp_err=ESP_OK errno=0 path=/sd/ultima5 stack_margin=32768
[I][AlphaSave] NEWGAME_SAVE stage=create-save-directory result=ok esp_err=ESP_OK errno=0 path=/sd/ultima5/saves stack_margin=32768
[I][AlphaSave] SD_HEAP operation=free-space-before state=gameplay-save free_internal=67108864 free_dma=67108864 largest_dma=67108864 largest_internal=67108864 requested_dma=512
[I][AlphaSave] SD_HEAP operation=free-space-call-enter state=gameplay-save free_internal=67108864 free_dma=67108864 largest_dma=67108864 largest_internal=67108864 requested_dma=512
[I][AlphaSave] SD_HEAP operation=free-space-call-exit state=gameplay-save free_internal=67108864 free_dma=67108864 largest_dma=67108864 largest_internal=67108864 requested_dma=512
[I][AlphaSave] SD_HEAP operation=free-space-after state=gameplay-save free_internal=67108864 free_dma=67108864 largest_dma=67108864 largest_internal=67108864 requested_dma=512
[I][AlphaSave] SD_SPACE path=/sd api=esp_vfs_fat_info/f_getfree return=ESP_OK(0x0) errno=0 total_bytes=34359738368 free_bytes=8589934592 total_sectors=67108864 free_sectors=16777216 sector_bytes=512
[I][AlphaSave] NEWGAME_SAVE stage=free-space-query result=ok esp_err=ESP_OK errno=0 path=/sd stack_margin=32768
[I][AlphaSave] NEWGAME_SAVE stage=free-space result=ok esp_err=ESP_OK errno=0 path=/sd stack_margin=32768
[I][AlphaSave] SAVE_TARGET save_slot=0 newest=0 accepted=1 slot=1 keep=0 sequence=5
[I][AlphaSave] NEWGAME_SAVE stage=gam-encode result=ok esp_err=ESP_OK errno=0 path=INIT.GAM stack_margin=32768
[I][AlphaSave] NEWGAME_SAVE stage=ool-encode result=ok esp_err=ESP_OK errno=0 path=INIT.OOL stack_margin=32768
[I][AlphaSave] NEWGAME_SAVE stage=json-encode result=ok esp_err=ESP_OK errno=0 path=sidecar stack_margin=32768
[I][AlphaSave] SD_HEAP operation=write-gam-temp state=gameplay-save free_internal=67108864 free_dma=67108864 largest_dma=67108864 largest_internal=67108864 requested_dma=512
[I][AlphaSave] NEWGAME_SAVE stage=write-gam-temp result=ok esp_err=ESP_OK errno=0 path=/sd/ultima5/saves/alpha1-g1.gam.tmp stack_margin=32768
[I][AlphaSave] SD_HEAP operation=write-ool-temp state=gameplay-save free_internal=67108864 free_dma=67108864 largest_dma=67108864 largest_internal=67108864 requested_dma=512
[I][AlphaSave] NEWGAME_SAVE stage=write-ool-temp result=ok esp_err=ESP_OK errno=0 path=/sd/ultima5/saves/alpha1-g1.ool.tmp stack_margin=32768
[I][AlphaSave] SD_HEAP operation=write-json-temp state=gameplay-save free_internal=67108864 free_dma=67108864 largest_dma=67108864 largest_internal=67108864 requested_dma=512
[I][AlphaSave] NEWGAME_SAVE stage=write-json-temp result=ok esp_err=ESP_OK errno=0 path=/sd/ultima5/saves/alpha1-g1.json.tmp stack_margin=32768
[I][AlphaSave] SD_HEAP operation=crc-readback state=gameplay-save free_internal=67108864 free_dma=67108864 largest_dma=67108864 largest_internal=67108864 requested_dma=512
[I][AlphaSave] NEWGAME_SAVE stage=crc-readback result=ok esp_err=ESP_OK errno=0 path=/sd/ultima5/saves stack_margin=32768
[I][AlphaSave] NEWGAME_SAVE stage=rename-gam result=ok esp_err=ESP_OK errno=0 path=/sd/ultima5/saves/alpha1-g1.gam stack_margin=32768
[I][AlphaSave] NEWGAME_SAVE stage=rename-ool result=ok esp_err=ESP_OK errno=0 path=/sd/ultima5/saves/alpha1-g1.ool stack_margin=32768
[I][AlphaSave] NEWGAME_SAVE stage=rename-json result=ok esp_err=ESP_OK errno=0 path=/sd/ultima5/saves/alpha1-g1.json stack_margin=32768
[I][AlphaSave] NEWGAME_SAVE stage=write-commit-temp result=ok esp_err=ESP_OK errno=0 path=/sd/ultima5/saves/alpha1-g1.commit.tmp stack_margin=32768
[I][AlphaSave] NEWGAME_SAVE stage=rename-commit result=ok esp_err=ESP_OK errno=0 path=/sd/ultima5/saves/alpha1-g1.commit stack_margin=32768
[I][AlphaSave] NEWGAME_SAVE stage=semantic-validation result=ok esp_err=ESP_OK errno=0 path=/sd/ultima5/saves/alpha1-g1.commit stack_margin=32768
[I][AlphaSave] NEWGAME_SAVE stage=generation-final result=ok esp_err=ESP_OK errno=0 path=/sd/ultima5/saves/alpha1-g1.commit stack_margin=32768
[I][AlphaSave] save generation=5 save_slot=0 slot=1 time=13 ms json=369
[I][AlphaSave] SD_HEAP operation=dma-reserve-restored state=gameplay-save free_internal=67108864 free_dma=67108864 largest_dma=67108864 largest_internal=67108864 requested_dma=8192
[I][AlphaSave] SD_HEAP operation=release-reserved-dma state=load-latest free_internal=67108864 free_dma=67108864 largest_dma=67108864 largest_internal=67108864 requested_dma=8192
[I][AlphaSave] SD_HEAP operation=sd-window-open state=load-latest free_internal=67108864 free_dma=67108864 largest_dma=67108864 largest_internal=67108864 requested_dma=512
[I][AlphaSave] SAVE_SCRATCH psram_bytes=11888
[I][AlphaSave] load generation=5 save_slot=0 slot=1 time=2 ms status=0
[I][AlphaSave] SD_HEAP operation=dma-reserve-restored state=load-latest free_internal=67108864 free_dma=67108864 largest_dma=67108864 largest_internal=67108864 requested_dma=8192
[I][AlphaSave] SD_HEAP operation=release-reserved-dma state=load-latest free_internal=67108864 free_dma=67108864 largest_dma=67108864 largest_internal=67108864 requested_dma=8192
[I][AlphaSave] SD_HEAP operation=sd-window-open state=load-latest free_internal=67108864 free_dma=67108864 largest_dma=67108864 largest_internal=67108864 requested_dma=512
[I][AlphaSave] SAVE_SCRATCH psram_bytes=11888
[I][AlphaSave] load generation=5 save_slot=0 slot=1 time=2 ms status=0
[I][AlphaSave] SD_HEAP operation=dma-reserve-restored state=load-latest free_internal=67108864 free_dma=67108864 largest_dma=67108864 largest_internal=67108864 requested_dma=8192
         save 5: slot0 seq=4 slot1 seq=5, boot load gold=105
  GREEN A1    five saves: sequence k lands in slot k&1, the other slot holds k-1
  GREEN A2    each save leaves the other generation byte for byte
  GREEN A3    after each save a reboot's Continue restores that save
[I][AlphaSave] SD_HEAP operation=release-reserved-dma state=save-inspect free_internal=67108864 free_dma=67108864 largest_dma=67108864 largest_internal=67108864 requested_dma=8192
[I][AlphaSave] SD_HEAP operation=sd-window-open state=save-inspect free_internal=67108864 free_dma=67108864 largest_dma=67108864 largest_internal=67108864 requested_dma=512
[I][AlphaSave] SAVE_SCRATCH psram_bytes=11888
[I][AlphaSave] SAVE_INSPECT save_slot=0 slot0=verified slot1=verified bytes=10210 commit_us=52 read_us=155 verify_us=605 total_us=835
[I][AlphaSave] SD_HEAP operation=dma-reserve-restored state=save-inspect free_internal=67108864 free_dma=67108864 largest_dma=67108864 largest_internal=67108864 requested_dma=8192
  GREEN A4    the card lists two valid generations, sequences 5 (slot 1) and 4 (slot 0)

[B] newest generation damaged -> fallback
[I][AlphaSave] SD_HEAP operation=release-reserved-dma state=gameplay-save free_internal=67108864 free_dma=67108864 largest_dma=67108864 largest_internal=67108864 requested_dma=8192
[I][AlphaSave] SD_HEAP operation=sd-window-open state=gameplay-save free_internal=67108864 free_dma=67108864 largest_dma=67108864 largest_internal=67108864 requested_dma=512
[I][AlphaSave] SAVE_SCRATCH psram_bytes=11888
[I][AlphaSave] NEWGAME_SAVE stage=create-root-directory result=ok esp_err=ESP_OK errno=0 path=/sd/ultima5 stack_margin=32768
[I][AlphaSave] NEWGAME_SAVE stage=create-save-directory result=ok esp_err=ESP_OK errno=0 path=/sd/ultima5/saves stack_margin=32768
[I][AlphaSave] SD_HEAP operation=free-space-before state=gameplay-save free_internal=67108864 free_dma=67108864 largest_dma=67108864 largest_internal=67108864 requested_dma=512
[I][AlphaSave] SD_HEAP operation=free-space-call-enter state=gameplay-save free_internal=67108864 free_dma=67108864 largest_dma=67108864 largest_internal=67108864 requested_dma=512
[I][AlphaSave] SD_HEAP operation=free-space-call-exit state=gameplay-save free_internal=67108864 free_dma=67108864 largest_dma=67108864 largest_internal=67108864 requested_dma=512
[I][AlphaSave] SD_HEAP operation=free-space-after state=gameplay-save free_internal=67108864 free_dma=67108864 largest_dma=67108864 largest_internal=67108864 requested_dma=512
[I][AlphaSave] SD_SPACE path=/sd api=esp_vfs_fat_info/f_getfree return=ESP_OK(0x0) errno=0 total_bytes=34359738368 free_bytes=8589934592 total_sectors=67108864 free_sectors=16777216 sector_bytes=512
[I][AlphaSave] NEWGAME_SAVE stage=free-space-query result=ok esp_err=ESP_OK errno=0 path=/sd stack_margin=32768
[I][AlphaSave] NEWGAME_SAVE stage=free-space result=ok esp_err=ESP_OK errno=0 path=/sd stack_margin=32768
[I][AlphaSave] SAVE_TARGET save_slot=0 newest=-1 accepted=0 slot=1 keep=-1 sequence=1
[I][AlphaSave] NEWGAME_SAVE stage=gam-encode result=ok esp_err=ESP_OK errno=0 path=INIT.GAM stack_margin=32768
[I][AlphaSave] NEWGAME_SAVE stage=ool-encode result=ok esp_err=ESP_OK errno=0 path=INIT.OOL stack_margin=32768
[I][AlphaSave] NEWGAME_SAVE stage=json-encode result=ok esp_err=ESP_OK errno=0 path=sidecar stack_margin=32768
[I][AlphaSave] SD_HEAP operation=write-gam-temp state=gameplay-save free_internal=67108864 free_dma=67108864 largest_dma=67108864 largest_internal=67108864 requested_dma=512
[I][AlphaSave] NEWGAME_SAVE stage=write-gam-temp result=ok esp_err=ESP_OK errno=0 path=/sd/ultima5/saves/alpha1-g1.gam.tmp stack_margin=32768
[I][AlphaSave] SD_HEAP operation=write-ool-temp state=gameplay-save free_internal=67108864 free_dma=67108864 largest_dma=67108864 largest_internal=67108864 requested_dma=512
[I][AlphaSave] NEWGAME_SAVE stage=write-ool-temp result=ok esp_err=ESP_OK errno=0 path=/sd/ultima5/saves/alpha1-g1.ool.tmp stack_margin=32768
[I][AlphaSave] SD_HEAP operation=write-json-temp state=gameplay-save free_internal=67108864 free_dma=67108864 largest_dma=67108864 largest_internal=67108864 requested_dma=512
[I][AlphaSave] NEWGAME_SAVE stage=write-json-temp result=ok esp_err=ESP_OK errno=0 path=/sd/ultima5/saves/alpha1-g1.json.tmp stack_margin=32768
[I][AlphaSave] SD_HEAP operation=crc-readback state=gameplay-save free_internal=67108864 free_dma=67108864 largest_dma=67108864 largest_internal=67108864 requested_dma=512
[I][AlphaSave] NEWGAME_SAVE stage=crc-readback result=ok esp_err=ESP_OK errno=0 path=/sd/ultima5/saves stack_margin=32768
[I][AlphaSave] NEWGAME_SAVE stage=rename-gam result=ok esp_err=ESP_OK errno=0 path=/sd/ultima5/saves/alpha1-g1.gam stack_margin=32768
[I][AlphaSave] NEWGAME_SAVE stage=rename-ool result=ok esp_err=ESP_OK errno=0 path=/sd/ultima5/saves/alpha1-g1.ool stack_margin=32768
[I][AlphaSave] NEWGAME_SAVE stage=rename-json result=ok esp_err=ESP_OK errno=0 path=/sd/ultima5/saves/alpha1-g1.json stack_margin=32768
[I][AlphaSave] NEWGAME_SAVE stage=write-commit-temp result=ok esp_err=ESP_OK errno=0 path=/sd/ultima5/saves/alpha1-g1.commit.tmp stack_margin=32768
[I][AlphaSave] NEWGAME_SAVE stage=rename-commit result=ok esp_err=ESP_OK errno=0 path=/sd/ultima5/saves/alpha1-g1.commit stack_margin=32768
[I][AlphaSave] NEWGAME_SAVE stage=semantic-validation result=ok esp_err=ESP_OK errno=0 path=/sd/ultima5/saves/alpha1-g1.commit stack_margin=32768
[I][AlphaSave] NEWGAME_SAVE stage=generation-final result=ok esp_err=ESP_OK errno=0 path=/sd/ultima5/saves/alpha1-g1.commit stack_margin=32768
[I][AlphaSave] save generation=1 save_slot=0 slot=1 time=11 ms json=369
[I][AlphaSave] SD_HEAP operation=dma-reserve-restored state=gameplay-save free_internal=67108864 free_dma=67108864 largest_dma=67108864 largest_internal=67108864 requested_dma=8192
[I][AlphaSave] SD_HEAP operation=release-reserved-dma state=gameplay-save free_internal=67108864 free_dma=67108864 largest_dma=67108864 largest_internal=67108864 requested_dma=8192
[I][AlphaSave] SD_HEAP operation=sd-window-open state=gameplay-save free_internal=67108864 free_dma=67108864 largest_dma=67108864 largest_internal=67108864 requested_dma=512
[I][AlphaSave] NEWGAME_SAVE stage=create-root-directory result=ok esp_err=ESP_OK errno=0 path=/sd/ultima5 stack_margin=32768
[I][AlphaSave] NEWGAME_SAVE stage=create-save-directory result=ok esp_err=ESP_OK errno=0 path=/sd/ultima5/saves stack_margin=32768
[I][AlphaSave] SD_HEAP operation=free-space-before state=gameplay-save free_internal=67108864 free_dma=67108864 largest_dma=67108864 largest_internal=67108864 requested_dma=512
[I][AlphaSave] SD_HEAP operation=free-space-call-enter state=gameplay-save free_internal=67108864 free_dma=67108864 largest_dma=67108864 largest_internal=67108864 requested_dma=512
[I][AlphaSave] SD_HEAP operation=free-space-call-exit state=gameplay-save free_internal=67108864 free_dma=67108864 largest_dma=67108864 largest_internal=67108864 requested_dma=512
[I][AlphaSave] SD_HEAP operation=free-space-after state=gameplay-save free_internal=67108864 free_dma=67108864 largest_dma=67108864 largest_internal=67108864 requested_dma=512
[I][AlphaSave] SD_SPACE path=/sd api=esp_vfs_fat_info/f_getfree return=ESP_OK(0x0) errno=0 total_bytes=34359738368 free_bytes=8589934592 total_sectors=67108864 free_sectors=16777216 sector_bytes=512
[I][AlphaSave] NEWGAME_SAVE stage=free-space-query result=ok esp_err=ESP_OK errno=0 path=/sd stack_margin=32768
[I][AlphaSave] NEWGAME_SAVE stage=free-space result=ok esp_err=ESP_OK errno=0 path=/sd stack_margin=32768
[I][AlphaSave] SAVE_TARGET save_slot=0 newest=1 accepted=1 slot=0 keep=1 sequence=2
[I][AlphaSave] NEWGAME_SAVE stage=gam-encode result=ok esp_err=ESP_OK errno=0 path=INIT.GAM stack_margin=32768
[I][AlphaSave] NEWGAME_SAVE stage=ool-encode result=ok esp_err=ESP_OK errno=0 path=INIT.OOL stack_margin=32768
[I][AlphaSave] NEWGAME_SAVE stage=json-encode result=ok esp_err=ESP_OK errno=0 path=sidecar stack_margin=32768
[I][AlphaSave] SD_HEAP operation=write-gam-temp state=gameplay-save free_internal=67108864 free_dma=67108864 largest_dma=67108864 largest_internal=67108864 requested_dma=512
[I][AlphaSave] NEWGAME_SAVE stage=write-gam-temp result=ok esp_err=ESP_OK errno=0 path=/sd/ultima5/saves/alpha1-g0.gam.tmp stack_margin=32768
[I][AlphaSave] SD_HEAP operation=write-ool-temp state=gameplay-save free_internal=67108864 free_dma=67108864 largest_dma=67108864 largest_internal=67108864 requested_dma=512
[I][AlphaSave] NEWGAME_SAVE stage=write-ool-temp result=ok esp_err=ESP_OK errno=0 path=/sd/ultima5/saves/alpha1-g0.ool.tmp stack_margin=32768
[I][AlphaSave] SD_HEAP operation=write-json-temp state=gameplay-save free_internal=67108864 free_dma=67108864 largest_dma=67108864 largest_internal=67108864 requested_dma=512
[I][AlphaSave] NEWGAME_SAVE stage=write-json-temp result=ok esp_err=ESP_OK errno=0 path=/sd/ultima5/saves/alpha1-g0.json.tmp stack_margin=32768
[I][AlphaSave] SD_HEAP operation=crc-readback state=gameplay-save free_internal=67108864 free_dma=67108864 largest_dma=67108864 largest_internal=67108864 requested_dma=512
[I][AlphaSave] NEWGAME_SAVE stage=crc-readback result=ok esp_err=ESP_OK errno=0 path=/sd/ultima5/saves stack_margin=32768
[I][AlphaSave] NEWGAME_SAVE stage=rename-gam result=ok esp_err=ESP_OK errno=0 path=/sd/ultima5/saves/alpha1-g0.gam stack_margin=32768
[I][AlphaSave] NEWGAME_SAVE stage=rename-ool result=ok esp_err=ESP_OK errno=0 path=/sd/ultima5/saves/alpha1-g0.ool stack_margin=32768
[I][AlphaSave] NEWGAME_SAVE stage=rename-json result=ok esp_err=ESP_OK errno=0 path=/sd/ultima5/saves/alpha1-g0.json stack_margin=32768
[I][AlphaSave] NEWGAME_SAVE stage=write-commit-temp result=ok esp_err=ESP_OK errno=0 path=/sd/ultima5/saves/alpha1-g0.commit.tmp stack_margin=32768
[I][AlphaSave] NEWGAME_SAVE stage=rename-commit result=ok esp_err=ESP_OK errno=0 path=/sd/ultima5/saves/alpha1-g0.commit stack_margin=32768
[I][AlphaSave] NEWGAME_SAVE stage=semantic-validation result=ok esp_err=ESP_OK errno=0 path=/sd/ultima5/saves/alpha1-g0.commit stack_margin=32768
[I][AlphaSave] NEWGAME_SAVE stage=generation-final result=ok esp_err=ESP_OK errno=0 path=/sd/ultima5/saves/alpha1-g0.commit stack_margin=32768
[I][AlphaSave] save generation=2 save_slot=0 slot=0 time=12 ms json=369
[I][AlphaSave] SD_HEAP operation=dma-reserve-restored state=gameplay-save free_internal=67108864 free_dma=67108864 largest_dma=67108864 largest_internal=67108864 requested_dma=8192
  GREEN B0    two generations: 201 (slot 1, seq 1), 202 (slot 0, seq 2)
[I][AlphaSave] SD_HEAP operation=release-reserved-dma state=save-inspect free_internal=67108864 free_dma=67108864 largest_dma=67108864 largest_internal=67108864 requested_dma=8192
[I][AlphaSave] SD_HEAP operation=sd-window-open state=save-inspect free_internal=67108864 free_dma=67108864 largest_dma=67108864 largest_internal=67108864 requested_dma=512
[I][AlphaSave] SAVE_SCRATCH psram_bytes=11888
[I][AlphaSave] SAVE_INSPECT save_slot=0 slot0=refused slot1=verified bytes=10025 commit_us=59 read_us=575 verify_us=410 total_us=1061
[I][AlphaSave] SD_HEAP operation=dma-reserve-restored state=save-inspect free_internal=67108864 free_dma=67108864 largest_dma=67108864 largest_internal=67108864 requested_dma=8192
         newest torn:                       slot0 [P- seq=2] slot1 [PV seq=1]
[I][AlphaSave] SD_HEAP operation=release-reserved-dma state=load-latest free_internal=67108864 free_dma=67108864 largest_dma=67108864 largest_internal=67108864 requested_dma=8192
[I][AlphaSave] SD_HEAP operation=sd-window-open state=load-latest free_internal=67108864 free_dma=67108864 largest_dma=67108864 largest_internal=67108864 requested_dma=512
[I][AlphaSave] SAVE_SCRATCH psram_bytes=11888
[I][AlphaSave] load generation=1 save_slot=0 slot=1 time=2 ms status=0
[I][AlphaSave] SD_HEAP operation=dma-reserve-restored state=load-latest free_internal=67108864 free_dma=67108864 largest_dma=67108864 largest_internal=67108864 requested_dma=8192
  GREEN B1    Continue restores the older, valid generation (201)
[I][AlphaSave] SD_HEAP operation=release-reserved-dma state=gameplay-save free_internal=67108864 free_dma=67108864 largest_dma=67108864 largest_internal=67108864 requested_dma=8192
[I][AlphaSave] SD_HEAP operation=sd-window-open state=gameplay-save free_internal=67108864 free_dma=67108864 largest_dma=67108864 largest_internal=67108864 requested_dma=512
[I][AlphaSave] SAVE_SCRATCH psram_bytes=11888
[I][AlphaSave] NEWGAME_SAVE stage=create-root-directory result=ok esp_err=ESP_OK errno=0 path=/sd/ultima5 stack_margin=32768
[I][AlphaSave] NEWGAME_SAVE stage=create-save-directory result=ok esp_err=ESP_OK errno=0 path=/sd/ultima5/saves stack_margin=32768
[I][AlphaSave] SD_HEAP operation=free-space-before state=gameplay-save free_internal=67108864 free_dma=67108864 largest_dma=67108864 largest_internal=67108864 requested_dma=512
[I][AlphaSave] SD_HEAP operation=free-space-call-enter state=gameplay-save free_internal=67108864 free_dma=67108864 largest_dma=67108864 largest_internal=67108864 requested_dma=512
[I][AlphaSave] SD_HEAP operation=free-space-call-exit state=gameplay-save free_internal=67108864 free_dma=67108864 largest_dma=67108864 largest_internal=67108864 requested_dma=512
[I][AlphaSave] SD_HEAP operation=free-space-after state=gameplay-save free_internal=67108864 free_dma=67108864 largest_dma=67108864 largest_internal=67108864 requested_dma=512
[I][AlphaSave] SD_SPACE path=/sd api=esp_vfs_fat_info/f_getfree return=ESP_OK(0x0) errno=0 total_bytes=34359738368 free_bytes=8589934592 total_sectors=67108864 free_sectors=16777216 sector_bytes=512
[I][AlphaSave] NEWGAME_SAVE stage=free-space-query result=ok esp_err=ESP_OK errno=0 path=/sd stack_margin=32768
[I][AlphaSave] NEWGAME_SAVE stage=free-space result=ok esp_err=ESP_OK errno=0 path=/sd stack_margin=32768
[I][AlphaSave] SAVE_TARGET save_slot=0 newest=-1 accepted=0 slot=1 keep=-1 sequence=1
[I][AlphaSave] NEWGAME_SAVE stage=gam-encode result=ok esp_err=ESP_OK errno=0 path=INIT.GAM stack_margin=32768
[I][AlphaSave] NEWGAME_SAVE stage=ool-encode result=ok esp_err=ESP_OK errno=0 path=INIT.OOL stack_margin=32768
[I][AlphaSave] NEWGAME_SAVE stage=json-encode result=ok esp_err=ESP_OK errno=0 path=sidecar stack_margin=32768
[I][AlphaSave] SD_HEAP operation=write-gam-temp state=gameplay-save free_internal=67108864 free_dma=67108864 largest_dma=67108864 largest_internal=67108864 requested_dma=512
[I][AlphaSave] NEWGAME_SAVE stage=write-gam-temp result=ok esp_err=ESP_OK errno=0 path=/sd/ultima5/saves/alpha1-g1.gam.tmp stack_margin=32768
[I][AlphaSave] SD_HEAP operation=write-ool-temp state=gameplay-save free_internal=67108864 free_dma=67108864 largest_dma=67108864 largest_internal=67108864 requested_dma=512
[I][AlphaSave] NEWGAME_SAVE stage=write-ool-temp result=ok esp_err=ESP_OK errno=0 path=/sd/ultima5/saves/alpha1-g1.ool.tmp stack_margin=32768
[I][AlphaSave] SD_HEAP operation=write-json-temp state=gameplay-save free_internal=67108864 free_dma=67108864 largest_dma=67108864 largest_internal=67108864 requested_dma=512
[I][AlphaSave] NEWGAME_SAVE stage=write-json-temp result=ok esp_err=ESP_OK errno=0 path=/sd/ultima5/saves/alpha1-g1.json.tmp stack_margin=32768
[I][AlphaSave] SD_HEAP operation=crc-readback state=gameplay-save free_internal=67108864 free_dma=67108864 largest_dma=67108864 largest_internal=67108864 requested_dma=512
[I][AlphaSave] NEWGAME_SAVE stage=crc-readback result=ok esp_err=ESP_OK errno=0 path=/sd/ultima5/saves stack_margin=32768
[I][AlphaSave] NEWGAME_SAVE stage=rename-gam result=ok esp_err=ESP_OK errno=0 path=/sd/ultima5/saves/alpha1-g1.gam stack_margin=32768
[I][AlphaSave] NEWGAME_SAVE stage=rename-ool result=ok esp_err=ESP_OK errno=0 path=/sd/ultima5/saves/alpha1-g1.ool stack_margin=32768
[I][AlphaSave] NEWGAME_SAVE stage=rename-json result=ok esp_err=ESP_OK errno=0 path=/sd/ultima5/saves/alpha1-g1.json stack_margin=32768
[I][AlphaSave] NEWGAME_SAVE stage=write-commit-temp result=ok esp_err=ESP_OK errno=0 path=/sd/ultima5/saves/alpha1-g1.commit.tmp stack_margin=32768
[I][AlphaSave] NEWGAME_SAVE stage=rename-commit result=ok esp_err=ESP_OK errno=0 path=/sd/ultima5/saves/alpha1-g1.commit stack_margin=32768
[I][AlphaSave] NEWGAME_SAVE stage=semantic-validation result=ok esp_err=ESP_OK errno=0 path=/sd/ultima5/saves/alpha1-g1.commit stack_margin=32768
[I][AlphaSave] NEWGAME_SAVE stage=generation-final result=ok esp_err=ESP_OK errno=0 path=/sd/ultima5/saves/alpha1-g1.commit stack_margin=32768
[I][AlphaSave] save generation=1 save_slot=0 slot=1 time=5 ms json=369
[I][AlphaSave] SD_HEAP operation=dma-reserve-restored state=gameplay-save free_internal=67108864 free_dma=67108864 largest_dma=67108864 largest_internal=67108864 requested_dma=8192
[I][AlphaSave] SD_HEAP operation=release-reserved-dma state=gameplay-save free_internal=67108864 free_dma=67108864 largest_dma=67108864 largest_internal=67108864 requested_dma=8192
[I][AlphaSave] SD_HEAP operation=sd-window-open state=gameplay-save free_internal=67108864 free_dma=67108864 largest_dma=67108864 largest_internal=67108864 requested_dma=512
[I][AlphaSave] NEWGAME_SAVE stage=create-root-directory result=ok esp_err=ESP_OK errno=0 path=/sd/ultima5 stack_margin=32768
[I][AlphaSave] NEWGAME_SAVE stage=create-save-directory result=ok esp_err=ESP_OK errno=0 path=/sd/ultima5/saves stack_margin=32768
[I][AlphaSave] SD_HEAP operation=free-space-before state=gameplay-save free_internal=67108864 free_dma=67108864 largest_dma=67108864 largest_internal=67108864 requested_dma=512
[I][AlphaSave] SD_HEAP operation=free-space-call-enter state=gameplay-save free_internal=67108864 free_dma=67108864 largest_dma=67108864 largest_internal=67108864 requested_dma=512
[I][AlphaSave] SD_HEAP operation=free-space-call-exit state=gameplay-save free_internal=67108864 free_dma=67108864 largest_dma=67108864 largest_internal=67108864 requested_dma=512
[I][AlphaSave] SD_HEAP operation=free-space-after state=gameplay-save free_internal=67108864 free_dma=67108864 largest_dma=67108864 largest_internal=67108864 requested_dma=512
[I][AlphaSave] SD_SPACE path=/sd api=esp_vfs_fat_info/f_getfree return=ESP_OK(0x0) errno=0 total_bytes=34359738368 free_bytes=8589934592 total_sectors=67108864 free_sectors=16777216 sector_bytes=512
[I][AlphaSave] NEWGAME_SAVE stage=free-space-query result=ok esp_err=ESP_OK errno=0 path=/sd stack_margin=32768
[I][AlphaSave] NEWGAME_SAVE stage=free-space result=ok esp_err=ESP_OK errno=0 path=/sd stack_margin=32768
[I][AlphaSave] SAVE_TARGET save_slot=0 newest=1 accepted=1 slot=0 keep=1 sequence=2
[I][AlphaSave] NEWGAME_SAVE stage=gam-encode result=ok esp_err=ESP_OK errno=0 path=INIT.GAM stack_margin=32768
[I][AlphaSave] NEWGAME_SAVE stage=ool-encode result=ok esp_err=ESP_OK errno=0 path=INIT.OOL stack_margin=32768
[I][AlphaSave] NEWGAME_SAVE stage=json-encode result=ok esp_err=ESP_OK errno=0 path=sidecar stack_margin=32768
[I][AlphaSave] SD_HEAP operation=write-gam-temp state=gameplay-save free_internal=67108864 free_dma=67108864 largest_dma=67108864 largest_internal=67108864 requested_dma=512
[I][AlphaSave] NEWGAME_SAVE stage=write-gam-temp result=ok esp_err=ESP_OK errno=0 path=/sd/ultima5/saves/alpha1-g0.gam.tmp stack_margin=32768
[I][AlphaSave] SD_HEAP operation=write-ool-temp state=gameplay-save free_internal=67108864 free_dma=67108864 largest_dma=67108864 largest_internal=67108864 requested_dma=512
[I][AlphaSave] NEWGAME_SAVE stage=write-ool-temp result=ok esp_err=ESP_OK errno=0 path=/sd/ultima5/saves/alpha1-g0.ool.tmp stack_margin=32768
[I][AlphaSave] SD_HEAP operation=write-json-temp state=gameplay-save free_internal=67108864 free_dma=67108864 largest_dma=67108864 largest_internal=67108864 requested_dma=512
[I][AlphaSave] NEWGAME_SAVE stage=write-json-temp result=ok esp_err=ESP_OK errno=0 path=/sd/ultima5/saves/alpha1-g0.json.tmp stack_margin=32768
[I][AlphaSave] SD_HEAP operation=crc-readback state=gameplay-save free_internal=67108864 free_dma=67108864 largest_dma=67108864 largest_internal=67108864 requested_dma=512
[I][AlphaSave] NEWGAME_SAVE stage=crc-readback result=ok esp_err=ESP_OK errno=0 path=/sd/ultima5/saves stack_margin=32768
[I][AlphaSave] NEWGAME_SAVE stage=rename-gam result=ok esp_err=ESP_OK errno=0 path=/sd/ultima5/saves/alpha1-g0.gam stack_margin=32768
[I][AlphaSave] NEWGAME_SAVE stage=rename-ool result=ok esp_err=ESP_OK errno=0 path=/sd/ultima5/saves/alpha1-g0.ool stack_margin=32768
[I][AlphaSave] NEWGAME_SAVE stage=rename-json result=ok esp_err=ESP_OK errno=0 path=/sd/ultima5/saves/alpha1-g0.json stack_margin=32768
[I][AlphaSave] NEWGAME_SAVE stage=write-commit-temp result=ok esp_err=ESP_OK errno=0 path=/sd/ultima5/saves/alpha1-g0.commit.tmp stack_margin=32768
[I][AlphaSave] NEWGAME_SAVE stage=rename-commit result=ok esp_err=ESP_OK errno=0 path=/sd/ultima5/saves/alpha1-g0.commit stack_margin=32768
[I][AlphaSave] NEWGAME_SAVE stage=semantic-validation result=ok esp_err=ESP_OK errno=0 path=/sd/ultima5/saves/alpha1-g0.commit stack_margin=32768
[I][AlphaSave] NEWGAME_SAVE stage=generation-final result=ok esp_err=ESP_OK errno=0 path=/sd/ultima5/saves/alpha1-g0.commit stack_margin=32768
[I][AlphaSave] save generation=2 save_slot=0 slot=0 time=4 ms json=369
[I][AlphaSave] SD_HEAP operation=dma-reserve-restored state=gameplay-save free_internal=67108864 free_dma=67108864 largest_dma=67108864 largest_internal=67108864 requested_dma=8192
[I][AlphaSave] SD_HEAP operation=release-reserved-dma state=save-inspect free_internal=67108864 free_dma=67108864 largest_dma=67108864 largest_internal=67108864 requested_dma=8192
[I][AlphaSave] SD_HEAP operation=sd-window-open state=save-inspect free_internal=67108864 free_dma=67108864 largest_dma=67108864 largest_internal=67108864 requested_dma=512
[I][AlphaSave] SAVE_SCRATCH psram_bytes=11888
[W][AlphaSave] generation=2 refused at the semantic gate
[I][AlphaSave] SAVE_INSPECT save_slot=0 slot0=refused slot1=verified bytes=10210 commit_us=3330 read_us=201 verify_us=684 total_us=4237
[I][AlphaSave] SD_HEAP operation=dma-reserve-restored state=save-inspect free_internal=67108864 free_dma=67108864 largest_dma=67108864 largest_internal=67108864 requested_dma=8192
[I][AlphaSave] SD_HEAP operation=release-reserved-dma state=save-inspect free_internal=67108864 free_dma=67108864 largest_dma=67108864 largest_internal=67108864 requested_dma=8192
[I][AlphaSave] SD_HEAP operation=sd-window-open state=save-inspect free_internal=67108864 free_dma=67108864 largest_dma=67108864 largest_internal=67108864 requested_dma=512
[I][AlphaSave] SAVE_SCRATCH psram_bytes=11888
[W][AlphaSave] generation=2 refused at the semantic gate
[I][AlphaSave] SAVE_INSPECT save_slot=0 slot0=refused slot1=verified bytes=10210 commit_us=72 read_us=160 verify_us=663 total_us=972
[I][AlphaSave] SD_HEAP operation=dma-reserve-restored state=save-inspect free_internal=67108864 free_dma=67108864 largest_dma=67108864 largest_internal=67108864 requested_dma=8192
[I][AlphaSave] SD_HEAP operation=release-reserved-dma state=load-latest free_internal=67108864 free_dma=67108864 largest_dma=67108864 largest_internal=67108864 requested_dma=8192
[I][AlphaSave] SD_HEAP operation=sd-window-open state=load-latest free_internal=67108864 free_dma=67108864 largest_dma=67108864 largest_internal=67108864 requested_dma=512
[I][AlphaSave] SAVE_SCRATCH psram_bytes=11888
[W][AlphaSave] generation=2 refused at the semantic gate
[W][AlphaSave] generation=2 refused at the semantic gate
[W][AlphaSave] generation=2 slot=0 failed semantic restore; trying fallback
[I][AlphaSave] load generation=1 save_slot=0 slot=1 time=2 ms status=0
[I][AlphaSave] SD_HEAP operation=dma-reserve-restored state=load-latest free_internal=67108864 free_dma=67108864 largest_dma=67108864 largest_internal=67108864 requested_dma=8192
  GREEN B2    a CRC-consistent newest the semantic gate refuses: Continue restores 201 too

[Ca] fallback then Save: newest torn (CRC)
[I][AlphaSave] SD_HEAP operation=release-reserved-dma state=gameplay-save free_internal=67108864 free_dma=67108864 largest_dma=67108864 largest_internal=67108864 requested_dma=8192
[I][AlphaSave] SD_HEAP operation=sd-window-open state=gameplay-save free_internal=67108864 free_dma=67108864 largest_dma=67108864 largest_internal=67108864 requested_dma=512
[I][AlphaSave] SAVE_SCRATCH psram_bytes=11888
[I][AlphaSave] NEWGAME_SAVE stage=create-root-directory result=ok esp_err=ESP_OK errno=0 path=/sd/ultima5 stack_margin=32768
[I][AlphaSave] NEWGAME_SAVE stage=create-save-directory result=ok esp_err=ESP_OK errno=0 path=/sd/ultima5/saves stack_margin=32768
[I][AlphaSave] SD_HEAP operation=free-space-before state=gameplay-save free_internal=67108864 free_dma=67108864 largest_dma=67108864 largest_internal=67108864 requested_dma=512
[I][AlphaSave] SD_HEAP operation=free-space-call-enter state=gameplay-save free_internal=67108864 free_dma=67108864 largest_dma=67108864 largest_internal=67108864 requested_dma=512
[I][AlphaSave] SD_HEAP operation=free-space-call-exit state=gameplay-save free_internal=67108864 free_dma=67108864 largest_dma=67108864 largest_internal=67108864 requested_dma=512
[I][AlphaSave] SD_HEAP operation=free-space-after state=gameplay-save free_internal=67108864 free_dma=67108864 largest_dma=67108864 largest_internal=67108864 requested_dma=512
[I][AlphaSave] SD_SPACE path=/sd api=esp_vfs_fat_info/f_getfree return=ESP_OK(0x0) errno=0 total_bytes=34359738368 free_bytes=8589934592 total_sectors=67108864 free_sectors=16777216 sector_bytes=512
[I][AlphaSave] NEWGAME_SAVE stage=free-space-query result=ok esp_err=ESP_OK errno=0 path=/sd stack_margin=32768
[I][AlphaSave] NEWGAME_SAVE stage=free-space result=ok esp_err=ESP_OK errno=0 path=/sd stack_margin=32768
[I][AlphaSave] SAVE_TARGET save_slot=0 newest=-1 accepted=0 slot=1 keep=-1 sequence=1
[I][AlphaSave] NEWGAME_SAVE stage=gam-encode result=ok esp_err=ESP_OK errno=0 path=INIT.GAM stack_margin=32768
[I][AlphaSave] NEWGAME_SAVE stage=ool-encode result=ok esp_err=ESP_OK errno=0 path=INIT.OOL stack_margin=32768
[I][AlphaSave] NEWGAME_SAVE stage=json-encode result=ok esp_err=ESP_OK errno=0 path=sidecar stack_margin=32768
[I][AlphaSave] SD_HEAP operation=write-gam-temp state=gameplay-save free_internal=67108864 free_dma=67108864 largest_dma=67108864 largest_internal=67108864 requested_dma=512
[I][AlphaSave] NEWGAME_SAVE stage=write-gam-temp result=ok esp_err=ESP_OK errno=0 path=/sd/ultima5/saves/alpha1-g1.gam.tmp stack_margin=32768
[I][AlphaSave] SD_HEAP operation=write-ool-temp state=gameplay-save free_internal=67108864 free_dma=67108864 largest_dma=67108864 largest_internal=67108864 requested_dma=512
[I][AlphaSave] NEWGAME_SAVE stage=write-ool-temp result=ok esp_err=ESP_OK errno=0 path=/sd/ultima5/saves/alpha1-g1.ool.tmp stack_margin=32768
[I][AlphaSave] SD_HEAP operation=write-json-temp state=gameplay-save free_internal=67108864 free_dma=67108864 largest_dma=67108864 largest_internal=67108864 requested_dma=512
[I][AlphaSave] NEWGAME_SAVE stage=write-json-temp result=ok esp_err=ESP_OK errno=0 path=/sd/ultima5/saves/alpha1-g1.json.tmp stack_margin=32768
[I][AlphaSave] SD_HEAP operation=crc-readback state=gameplay-save free_internal=67108864 free_dma=67108864 largest_dma=67108864 largest_internal=67108864 requested_dma=512
[I][AlphaSave] NEWGAME_SAVE stage=crc-readback result=ok esp_err=ESP_OK errno=0 path=/sd/ultima5/saves stack_margin=32768
[I][AlphaSave] NEWGAME_SAVE stage=rename-gam result=ok esp_err=ESP_OK errno=0 path=/sd/ultima5/saves/alpha1-g1.gam stack_margin=32768
[I][AlphaSave] NEWGAME_SAVE stage=rename-ool result=ok esp_err=ESP_OK errno=0 path=/sd/ultima5/saves/alpha1-g1.ool stack_margin=32768
[I][AlphaSave] NEWGAME_SAVE stage=rename-json result=ok esp_err=ESP_OK errno=0 path=/sd/ultima5/saves/alpha1-g1.json stack_margin=32768
[I][AlphaSave] NEWGAME_SAVE stage=write-commit-temp result=ok esp_err=ESP_OK errno=0 path=/sd/ultima5/saves/alpha1-g1.commit.tmp stack_margin=32768
[I][AlphaSave] NEWGAME_SAVE stage=rename-commit result=ok esp_err=ESP_OK errno=0 path=/sd/ultima5/saves/alpha1-g1.commit stack_margin=32768
[I][AlphaSave] NEWGAME_SAVE stage=semantic-validation result=ok esp_err=ESP_OK errno=0 path=/sd/ultima5/saves/alpha1-g1.commit stack_margin=32768
[I][AlphaSave] NEWGAME_SAVE stage=generation-final result=ok esp_err=ESP_OK errno=0 path=/sd/ultima5/saves/alpha1-g1.commit stack_margin=32768
[I][AlphaSave] save generation=1 save_slot=0 slot=1 time=11 ms json=369
[I][AlphaSave] SD_HEAP operation=dma-reserve-restored state=gameplay-save free_internal=67108864 free_dma=67108864 largest_dma=67108864 largest_internal=67108864 requested_dma=8192
[I][AlphaSave] SD_HEAP operation=release-reserved-dma state=gameplay-save free_internal=67108864 free_dma=67108864 largest_dma=67108864 largest_internal=67108864 requested_dma=8192
[I][AlphaSave] SD_HEAP operation=sd-window-open state=gameplay-save free_internal=67108864 free_dma=67108864 largest_dma=67108864 largest_internal=67108864 requested_dma=512
[I][AlphaSave] NEWGAME_SAVE stage=create-root-directory result=ok esp_err=ESP_OK errno=0 path=/sd/ultima5 stack_margin=32768
[I][AlphaSave] NEWGAME_SAVE stage=create-save-directory result=ok esp_err=ESP_OK errno=0 path=/sd/ultima5/saves stack_margin=32768
[I][AlphaSave] SD_HEAP operation=free-space-before state=gameplay-save free_internal=67108864 free_dma=67108864 largest_dma=67108864 largest_internal=67108864 requested_dma=512
[I][AlphaSave] SD_HEAP operation=free-space-call-enter state=gameplay-save free_internal=67108864 free_dma=67108864 largest_dma=67108864 largest_internal=67108864 requested_dma=512
[I][AlphaSave] SD_HEAP operation=free-space-call-exit state=gameplay-save free_internal=67108864 free_dma=67108864 largest_dma=67108864 largest_internal=67108864 requested_dma=512
[I][AlphaSave] SD_HEAP operation=free-space-after state=gameplay-save free_internal=67108864 free_dma=67108864 largest_dma=67108864 largest_internal=67108864 requested_dma=512
[I][AlphaSave] SD_SPACE path=/sd api=esp_vfs_fat_info/f_getfree return=ESP_OK(0x0) errno=0 total_bytes=34359738368 free_bytes=8589934592 total_sectors=67108864 free_sectors=16777216 sector_bytes=512
[I][AlphaSave] NEWGAME_SAVE stage=free-space-query result=ok esp_err=ESP_OK errno=0 path=/sd stack_margin=32768
[I][AlphaSave] NEWGAME_SAVE stage=free-space result=ok esp_err=ESP_OK errno=0 path=/sd stack_margin=32768
[I][AlphaSave] SAVE_TARGET save_slot=0 newest=1 accepted=1 slot=0 keep=1 sequence=2
[I][AlphaSave] NEWGAME_SAVE stage=gam-encode result=ok esp_err=ESP_OK errno=0 path=INIT.GAM stack_margin=32768
[I][AlphaSave] NEWGAME_SAVE stage=ool-encode result=ok esp_err=ESP_OK errno=0 path=INIT.OOL stack_margin=32768
[I][AlphaSave] NEWGAME_SAVE stage=json-encode result=ok esp_err=ESP_OK errno=0 path=sidecar stack_margin=32768
[I][AlphaSave] SD_HEAP operation=write-gam-temp state=gameplay-save free_internal=67108864 free_dma=67108864 largest_dma=67108864 largest_internal=67108864 requested_dma=512
[I][AlphaSave] NEWGAME_SAVE stage=write-gam-temp result=ok esp_err=ESP_OK errno=0 path=/sd/ultima5/saves/alpha1-g0.gam.tmp stack_margin=32768
[I][AlphaSave] SD_HEAP operation=write-ool-temp state=gameplay-save free_internal=67108864 free_dma=67108864 largest_dma=67108864 largest_internal=67108864 requested_dma=512
[I][AlphaSave] NEWGAME_SAVE stage=write-ool-temp result=ok esp_err=ESP_OK errno=0 path=/sd/ultima5/saves/alpha1-g0.ool.tmp stack_margin=32768
[I][AlphaSave] SD_HEAP operation=write-json-temp state=gameplay-save free_internal=67108864 free_dma=67108864 largest_dma=67108864 largest_internal=67108864 requested_dma=512
[I][AlphaSave] NEWGAME_SAVE stage=write-json-temp result=ok esp_err=ESP_OK errno=0 path=/sd/ultima5/saves/alpha1-g0.json.tmp stack_margin=32768
[I][AlphaSave] SD_HEAP operation=crc-readback state=gameplay-save free_internal=67108864 free_dma=67108864 largest_dma=67108864 largest_internal=67108864 requested_dma=512
[I][AlphaSave] NEWGAME_SAVE stage=crc-readback result=ok esp_err=ESP_OK errno=0 path=/sd/ultima5/saves stack_margin=32768
[I][AlphaSave] NEWGAME_SAVE stage=rename-gam result=ok esp_err=ESP_OK errno=0 path=/sd/ultima5/saves/alpha1-g0.gam stack_margin=32768
[I][AlphaSave] NEWGAME_SAVE stage=rename-ool result=ok esp_err=ESP_OK errno=0 path=/sd/ultima5/saves/alpha1-g0.ool stack_margin=32768
[I][AlphaSave] NEWGAME_SAVE stage=rename-json result=ok esp_err=ESP_OK errno=0 path=/sd/ultima5/saves/alpha1-g0.json stack_margin=32768
[I][AlphaSave] NEWGAME_SAVE stage=write-commit-temp result=ok esp_err=ESP_OK errno=0 path=/sd/ultima5/saves/alpha1-g0.commit.tmp stack_margin=32768
[I][AlphaSave] NEWGAME_SAVE stage=rename-commit result=ok esp_err=ESP_OK errno=0 path=/sd/ultima5/saves/alpha1-g0.commit stack_margin=32768
[I][AlphaSave] NEWGAME_SAVE stage=semantic-validation result=ok esp_err=ESP_OK errno=0 path=/sd/ultima5/saves/alpha1-g0.commit stack_margin=32768
[I][AlphaSave] NEWGAME_SAVE stage=generation-final result=ok esp_err=ESP_OK errno=0 path=/sd/ultima5/saves/alpha1-g0.commit stack_margin=32768
[I][AlphaSave] save generation=2 save_slot=0 slot=0 time=12 ms json=369
[I][AlphaSave] SD_HEAP operation=dma-reserve-restored state=gameplay-save free_internal=67108864 free_dma=67108864 largest_dma=67108864 largest_internal=67108864 requested_dma=8192
[I][AlphaSave] SD_HEAP operation=release-reserved-dma state=load-latest free_internal=67108864 free_dma=67108864 largest_dma=67108864 largest_internal=67108864 requested_dma=8192
[I][AlphaSave] SD_HEAP operation=sd-window-open state=load-latest free_internal=67108864 free_dma=67108864 largest_dma=67108864 largest_internal=67108864 requested_dma=512
[I][AlphaSave] SAVE_SCRATCH psram_bytes=11888
[I][AlphaSave] load generation=1 save_slot=0 slot=1 time=2 ms status=0
[I][AlphaSave] SD_HEAP operation=dma-reserve-restored state=load-latest free_internal=67108864 free_dma=67108864 largest_dma=67108864 largest_internal=67108864 requested_dma=8192
[I][AlphaSave] SD_HEAP operation=release-reserved-dma state=gameplay-save free_internal=67108864 free_dma=67108864 largest_dma=67108864 largest_internal=67108864 requested_dma=8192
[I][AlphaSave] SD_HEAP operation=sd-window-open state=gameplay-save free_internal=67108864 free_dma=67108864 largest_dma=67108864 largest_internal=67108864 requested_dma=512
[I][AlphaSave] NEWGAME_SAVE stage=create-root-directory result=ok esp_err=ESP_OK errno=0 path=/sd/ultima5 stack_margin=32768
[I][AlphaSave] NEWGAME_SAVE stage=create-save-directory result=ok esp_err=ESP_OK errno=0 path=/sd/ultima5/saves stack_margin=32768
[I][AlphaSave] SD_HEAP operation=free-space-before state=gameplay-save free_internal=67108864 free_dma=67108864 largest_dma=67108864 largest_internal=67108864 requested_dma=512
[I][AlphaSave] SD_HEAP operation=free-space-call-enter state=gameplay-save free_internal=67108864 free_dma=67108864 largest_dma=67108864 largest_internal=67108864 requested_dma=512
[I][AlphaSave] SD_HEAP operation=free-space-call-exit state=gameplay-save free_internal=67108864 free_dma=67108864 largest_dma=67108864 largest_internal=67108864 requested_dma=512
[I][AlphaSave] SD_HEAP operation=free-space-after state=gameplay-save free_internal=67108864 free_dma=67108864 largest_dma=67108864 largest_internal=67108864 requested_dma=512
[I][AlphaSave] SD_SPACE path=/sd api=esp_vfs_fat_info/f_getfree return=ESP_OK(0x0) errno=0 total_bytes=34359738368 free_bytes=8589934592 total_sectors=67108864 free_sectors=16777216 sector_bytes=512
[I][AlphaSave] NEWGAME_SAVE stage=free-space-query result=ok esp_err=ESP_OK errno=0 path=/sd stack_margin=32768
[I][AlphaSave] NEWGAME_SAVE stage=free-space result=ok esp_err=ESP_OK errno=0 path=/sd stack_margin=32768
[I][AlphaSave] SAVE_TARGET save_slot=0 newest=0 accepted=0 slot=0 keep=1 sequence=3
[I][AlphaSave] NEWGAME_SAVE stage=gam-encode result=ok esp_err=ESP_OK errno=0 path=INIT.GAM stack_margin=32768
[I][AlphaSave] NEWGAME_SAVE stage=ool-encode result=ok esp_err=ESP_OK errno=0 path=INIT.OOL stack_margin=32768
[I][AlphaSave] NEWGAME_SAVE stage=json-encode result=ok esp_err=ESP_OK errno=0 path=sidecar stack_margin=32768
[I][AlphaSave] SD_HEAP operation=write-gam-temp state=gameplay-save free_internal=67108864 free_dma=67108864 largest_dma=67108864 largest_internal=67108864 requested_dma=512
[I][AlphaSave] NEWGAME_SAVE stage=write-gam-temp result=ok esp_err=ESP_OK errno=0 path=/sd/ultima5/saves/alpha1-g0.gam.tmp stack_margin=32768
[I][AlphaSave] SD_HEAP operation=write-ool-temp state=gameplay-save free_internal=67108864 free_dma=67108864 largest_dma=67108864 largest_internal=67108864 requested_dma=512
[I][AlphaSave] NEWGAME_SAVE stage=write-ool-temp result=ok esp_err=ESP_OK errno=0 path=/sd/ultima5/saves/alpha1-g0.ool.tmp stack_margin=32768
[I][AlphaSave] SD_HEAP operation=write-json-temp state=gameplay-save free_internal=67108864 free_dma=67108864 largest_dma=67108864 largest_internal=67108864 requested_dma=512
[I][AlphaSave] NEWGAME_SAVE stage=write-json-temp result=ok esp_err=ESP_OK errno=0 path=/sd/ultima5/saves/alpha1-g0.json.tmp stack_margin=32768
[I][AlphaSave] SD_HEAP operation=crc-readback state=gameplay-save free_internal=67108864 free_dma=67108864 largest_dma=67108864 largest_internal=67108864 requested_dma=512
[I][AlphaSave] NEWGAME_SAVE stage=crc-readback result=ok esp_err=ESP_OK errno=0 path=/sd/ultima5/saves stack_margin=32768
[I][AlphaSave] NEWGAME_SAVE stage=rename-gam result=ok esp_err=ESP_OK errno=0 path=/sd/ultima5/saves/alpha1-g0.gam stack_margin=32768
[I][AlphaSave] NEWGAME_SAVE stage=rename-ool result=ok esp_err=ESP_OK errno=0 path=/sd/ultima5/saves/alpha1-g0.ool stack_margin=32768
[I][AlphaSave] NEWGAME_SAVE stage=rename-json result=ok esp_err=ESP_OK errno=0 path=/sd/ultima5/saves/alpha1-g0.json stack_margin=32768
[I][AlphaSave] NEWGAME_SAVE stage=write-commit-temp result=ok esp_err=ESP_OK errno=0 path=/sd/ultima5/saves/alpha1-g0.commit.tmp stack_margin=32768
[I][AlphaSave] NEWGAME_SAVE stage=rename-commit result=ok esp_err=ESP_OK errno=0 path=/sd/ultima5/saves/alpha1-g0.commit stack_margin=32768
[I][AlphaSave] NEWGAME_SAVE stage=semantic-validation result=ok esp_err=ESP_OK errno=0 path=/sd/ultima5/saves/alpha1-g0.commit stack_margin=32768
[I][AlphaSave] NEWGAME_SAVE stage=generation-final result=ok esp_err=ESP_OK errno=0 path=/sd/ultima5/saves/alpha1-g0.commit stack_margin=32768
[I][AlphaSave] save generation=3 save_slot=0 slot=0 time=11 ms json=369
[I][AlphaSave] SD_HEAP operation=dma-reserve-restored state=gameplay-save free_internal=67108864 free_dma=67108864 largest_dma=67108864 largest_internal=67108864 requested_dma=8192
[I][AlphaSave] SD_HEAP operation=release-reserved-dma state=save-inspect free_internal=67108864 free_dma=67108864 largest_dma=67108864 largest_internal=67108864 requested_dma=8192
[I][AlphaSave] SD_HEAP operation=sd-window-open state=save-inspect free_internal=67108864 free_dma=67108864 largest_dma=67108864 largest_internal=67108864 requested_dma=512
[I][AlphaSave] SAVE_SCRATCH psram_bytes=11888
[I][AlphaSave] SAVE_INSPECT save_slot=0 slot0=verified slot1=verified bytes=10210 commit_us=81 read_us=167 verify_us=639 total_us=977
[I][AlphaSave] SD_HEAP operation=dma-reserve-restored state=save-inspect free_internal=67108864 free_dma=67108864 largest_dma=67108864 largest_internal=67108864 requested_dma=8192
         after the recovery save:           slot0 [PV seq=3] slot1 [PV seq=1]
         slot0 seq=3 slot1 seq=1
  GREEN Ca1   Continue fell back to the only valid generation (301, slot 1)
  GREEN Ca2   the Save completed and left slot 1 (the only valid generation) byte for byte
[I][AlphaSave] SD_HEAP operation=release-reserved-dma state=save-inspect free_internal=67108864 free_dma=67108864 largest_dma=67108864 largest_internal=67108864 requested_dma=8192
[I][AlphaSave] SD_HEAP operation=sd-window-open state=save-inspect free_internal=67108864 free_dma=67108864 largest_dma=67108864 largest_internal=67108864 requested_dma=512
[I][AlphaSave] SAVE_SCRATCH psram_bytes=11888
[I][AlphaSave] SAVE_INSPECT save_slot=0 slot0=verified slot1=verified bytes=10210 commit_us=51 read_us=165 verify_us=612 total_us=850
[I][AlphaSave] SD_HEAP operation=dma-reserve-restored state=save-inspect free_internal=67108864 free_dma=67108864 largest_dma=67108864 largest_internal=67108864 requested_dma=8192
  GREEN Ca3   the refused slot 0 was replaced: sequence 3, accepted by the gate
[I][AlphaSave] SD_HEAP operation=release-reserved-dma state=load-latest free_internal=67108864 free_dma=67108864 largest_dma=67108864 largest_internal=67108864 requested_dma=8192
[I][AlphaSave] SD_HEAP operation=sd-window-open state=load-latest free_internal=67108864 free_dma=67108864 largest_dma=67108864 largest_internal=67108864 requested_dma=512
[I][AlphaSave] SAVE_SCRATCH psram_bytes=11888
[I][AlphaSave] load generation=3 save_slot=0 slot=0 time=2 ms status=0
[I][AlphaSave] SD_HEAP operation=dma-reserve-restored state=load-latest free_internal=67108864 free_dma=67108864 largest_dma=67108864 largest_internal=67108864 requested_dma=8192
  GREEN Ca4   a reboot's Continue restores the new save (303)
[I][AlphaSave] SD_HEAP operation=release-reserved-dma state=save-inspect free_internal=67108864 free_dma=67108864 largest_dma=67108864 largest_internal=67108864 requested_dma=8192
[I][AlphaSave] SD_HEAP operation=sd-window-open state=save-inspect free_internal=67108864 free_dma=67108864 largest_dma=67108864 largest_internal=67108864 requested_dma=512
[I][AlphaSave] SAVE_SCRATCH psram_bytes=11888
[I][AlphaSave] SAVE_INSPECT save_slot=0 slot0=verified slot1=verified bytes=10210 commit_us=66 read_us=151 verify_us=595 total_us=833
[I][AlphaSave] SD_HEAP operation=dma-reserve-restored state=save-inspect free_internal=67108864 free_dma=67108864 largest_dma=67108864 largest_internal=67108864 requested_dma=8192
  GREEN Ca5   the card again holds two valid generations, the new one newest

[Cb] fallback then Save: newest refused by the semantic gate
[I][AlphaSave] SD_HEAP operation=release-reserved-dma state=gameplay-save free_internal=67108864 free_dma=67108864 largest_dma=67108864 largest_internal=67108864 requested_dma=8192
[I][AlphaSave] SD_HEAP operation=sd-window-open state=gameplay-save free_internal=67108864 free_dma=67108864 largest_dma=67108864 largest_internal=67108864 requested_dma=512
[I][AlphaSave] SAVE_SCRATCH psram_bytes=11888
[I][AlphaSave] NEWGAME_SAVE stage=create-root-directory result=ok esp_err=ESP_OK errno=0 path=/sd/ultima5 stack_margin=32768
[I][AlphaSave] NEWGAME_SAVE stage=create-save-directory result=ok esp_err=ESP_OK errno=0 path=/sd/ultima5/saves stack_margin=32768
[I][AlphaSave] SD_HEAP operation=free-space-before state=gameplay-save free_internal=67108864 free_dma=67108864 largest_dma=67108864 largest_internal=67108864 requested_dma=512
[I][AlphaSave] SD_HEAP operation=free-space-call-enter state=gameplay-save free_internal=67108864 free_dma=67108864 largest_dma=67108864 largest_internal=67108864 requested_dma=512
[I][AlphaSave] SD_HEAP operation=free-space-call-exit state=gameplay-save free_internal=67108864 free_dma=67108864 largest_dma=67108864 largest_internal=67108864 requested_dma=512
[I][AlphaSave] SD_HEAP operation=free-space-after state=gameplay-save free_internal=67108864 free_dma=67108864 largest_dma=67108864 largest_internal=67108864 requested_dma=512
[I][AlphaSave] SD_SPACE path=/sd api=esp_vfs_fat_info/f_getfree return=ESP_OK(0x0) errno=0 total_bytes=34359738368 free_bytes=8589934592 total_sectors=67108864 free_sectors=16777216 sector_bytes=512
[I][AlphaSave] NEWGAME_SAVE stage=free-space-query result=ok esp_err=ESP_OK errno=0 path=/sd stack_margin=32768
[I][AlphaSave] NEWGAME_SAVE stage=free-space result=ok esp_err=ESP_OK errno=0 path=/sd stack_margin=32768
[I][AlphaSave] SAVE_TARGET save_slot=0 newest=-1 accepted=0 slot=1 keep=-1 sequence=1
[I][AlphaSave] NEWGAME_SAVE stage=gam-encode result=ok esp_err=ESP_OK errno=0 path=INIT.GAM stack_margin=32768
[I][AlphaSave] NEWGAME_SAVE stage=ool-encode result=ok esp_err=ESP_OK errno=0 path=INIT.OOL stack_margin=32768
[I][AlphaSave] NEWGAME_SAVE stage=json-encode result=ok esp_err=ESP_OK errno=0 path=sidecar stack_margin=32768
[I][AlphaSave] SD_HEAP operation=write-gam-temp state=gameplay-save free_internal=67108864 free_dma=67108864 largest_dma=67108864 largest_internal=67108864 requested_dma=512
[I][AlphaSave] NEWGAME_SAVE stage=write-gam-temp result=ok esp_err=ESP_OK errno=0 path=/sd/ultima5/saves/alpha1-g1.gam.tmp stack_margin=32768
[I][AlphaSave] SD_HEAP operation=write-ool-temp state=gameplay-save free_internal=67108864 free_dma=67108864 largest_dma=67108864 largest_internal=67108864 requested_dma=512
[I][AlphaSave] NEWGAME_SAVE stage=write-ool-temp result=ok esp_err=ESP_OK errno=0 path=/sd/ultima5/saves/alpha1-g1.ool.tmp stack_margin=32768
[I][AlphaSave] SD_HEAP operation=write-json-temp state=gameplay-save free_internal=67108864 free_dma=67108864 largest_dma=67108864 largest_internal=67108864 requested_dma=512
[I][AlphaSave] NEWGAME_SAVE stage=write-json-temp result=ok esp_err=ESP_OK errno=0 path=/sd/ultima5/saves/alpha1-g1.json.tmp stack_margin=32768
[I][AlphaSave] SD_HEAP operation=crc-readback state=gameplay-save free_internal=67108864 free_dma=67108864 largest_dma=67108864 largest_internal=67108864 requested_dma=512
[I][AlphaSave] NEWGAME_SAVE stage=crc-readback result=ok esp_err=ESP_OK errno=0 path=/sd/ultima5/saves stack_margin=32768
[I][AlphaSave] NEWGAME_SAVE stage=rename-gam result=ok esp_err=ESP_OK errno=0 path=/sd/ultima5/saves/alpha1-g1.gam stack_margin=32768
[I][AlphaSave] NEWGAME_SAVE stage=rename-ool result=ok esp_err=ESP_OK errno=0 path=/sd/ultima5/saves/alpha1-g1.ool stack_margin=32768
[I][AlphaSave] NEWGAME_SAVE stage=rename-json result=ok esp_err=ESP_OK errno=0 path=/sd/ultima5/saves/alpha1-g1.json stack_margin=32768
[I][AlphaSave] NEWGAME_SAVE stage=write-commit-temp result=ok esp_err=ESP_OK errno=0 path=/sd/ultima5/saves/alpha1-g1.commit.tmp stack_margin=32768
[I][AlphaSave] NEWGAME_SAVE stage=rename-commit result=ok esp_err=ESP_OK errno=0 path=/sd/ultima5/saves/alpha1-g1.commit stack_margin=32768
[I][AlphaSave] NEWGAME_SAVE stage=semantic-validation result=ok esp_err=ESP_OK errno=0 path=/sd/ultima5/saves/alpha1-g1.commit stack_margin=32768
[I][AlphaSave] NEWGAME_SAVE stage=generation-final result=ok esp_err=ESP_OK errno=0 path=/sd/ultima5/saves/alpha1-g1.commit stack_margin=32768
[I][AlphaSave] save generation=1 save_slot=0 slot=1 time=4 ms json=369
[I][AlphaSave] SD_HEAP operation=dma-reserve-restored state=gameplay-save free_internal=67108864 free_dma=67108864 largest_dma=67108864 largest_internal=67108864 requested_dma=8192
[I][AlphaSave] SD_HEAP operation=release-reserved-dma state=gameplay-save free_internal=67108864 free_dma=67108864 largest_dma=67108864 largest_internal=67108864 requested_dma=8192
[I][AlphaSave] SD_HEAP operation=sd-window-open state=gameplay-save free_internal=67108864 free_dma=67108864 largest_dma=67108864 largest_internal=67108864 requested_dma=512
[I][AlphaSave] NEWGAME_SAVE stage=create-root-directory result=ok esp_err=ESP_OK errno=0 path=/sd/ultima5 stack_margin=32768
[I][AlphaSave] NEWGAME_SAVE stage=create-save-directory result=ok esp_err=ESP_OK errno=0 path=/sd/ultima5/saves stack_margin=32768
[I][AlphaSave] SD_HEAP operation=free-space-before state=gameplay-save free_internal=67108864 free_dma=67108864 largest_dma=67108864 largest_internal=67108864 requested_dma=512
[I][AlphaSave] SD_HEAP operation=free-space-call-enter state=gameplay-save free_internal=67108864 free_dma=67108864 largest_dma=67108864 largest_internal=67108864 requested_dma=512
[I][AlphaSave] SD_HEAP operation=free-space-call-exit state=gameplay-save free_internal=67108864 free_dma=67108864 largest_dma=67108864 largest_internal=67108864 requested_dma=512
[I][AlphaSave] SD_HEAP operation=free-space-after state=gameplay-save free_internal=67108864 free_dma=67108864 largest_dma=67108864 largest_internal=67108864 requested_dma=512
[I][AlphaSave] SD_SPACE path=/sd api=esp_vfs_fat_info/f_getfree return=ESP_OK(0x0) errno=0 total_bytes=34359738368 free_bytes=8589934592 total_sectors=67108864 free_sectors=16777216 sector_bytes=512
[I][AlphaSave] NEWGAME_SAVE stage=free-space-query result=ok esp_err=ESP_OK errno=0 path=/sd stack_margin=32768
[I][AlphaSave] NEWGAME_SAVE stage=free-space result=ok esp_err=ESP_OK errno=0 path=/sd stack_margin=32768
[I][AlphaSave] SAVE_TARGET save_slot=0 newest=1 accepted=1 slot=0 keep=1 sequence=2
[I][AlphaSave] NEWGAME_SAVE stage=gam-encode result=ok esp_err=ESP_OK errno=0 path=INIT.GAM stack_margin=32768
[I][AlphaSave] NEWGAME_SAVE stage=ool-encode result=ok esp_err=ESP_OK errno=0 path=INIT.OOL stack_margin=32768
[I][AlphaSave] NEWGAME_SAVE stage=json-encode result=ok esp_err=ESP_OK errno=0 path=sidecar stack_margin=32768
[I][AlphaSave] SD_HEAP operation=write-gam-temp state=gameplay-save free_internal=67108864 free_dma=67108864 largest_dma=67108864 largest_internal=67108864 requested_dma=512
[I][AlphaSave] NEWGAME_SAVE stage=write-gam-temp result=ok esp_err=ESP_OK errno=0 path=/sd/ultima5/saves/alpha1-g0.gam.tmp stack_margin=32768
[I][AlphaSave] SD_HEAP operation=write-ool-temp state=gameplay-save free_internal=67108864 free_dma=67108864 largest_dma=67108864 largest_internal=67108864 requested_dma=512
[I][AlphaSave] NEWGAME_SAVE stage=write-ool-temp result=ok esp_err=ESP_OK errno=0 path=/sd/ultima5/saves/alpha1-g0.ool.tmp stack_margin=32768
[I][AlphaSave] SD_HEAP operation=write-json-temp state=gameplay-save free_internal=67108864 free_dma=67108864 largest_dma=67108864 largest_internal=67108864 requested_dma=512
[I][AlphaSave] NEWGAME_SAVE stage=write-json-temp result=ok esp_err=ESP_OK errno=0 path=/sd/ultima5/saves/alpha1-g0.json.tmp stack_margin=32768
[I][AlphaSave] SD_HEAP operation=crc-readback state=gameplay-save free_internal=67108864 free_dma=67108864 largest_dma=67108864 largest_internal=67108864 requested_dma=512
[I][AlphaSave] NEWGAME_SAVE stage=crc-readback result=ok esp_err=ESP_OK errno=0 path=/sd/ultima5/saves stack_margin=32768
[I][AlphaSave] NEWGAME_SAVE stage=rename-gam result=ok esp_err=ESP_OK errno=0 path=/sd/ultima5/saves/alpha1-g0.gam stack_margin=32768
[I][AlphaSave] NEWGAME_SAVE stage=rename-ool result=ok esp_err=ESP_OK errno=0 path=/sd/ultima5/saves/alpha1-g0.ool stack_margin=32768
[I][AlphaSave] NEWGAME_SAVE stage=rename-json result=ok esp_err=ESP_OK errno=0 path=/sd/ultima5/saves/alpha1-g0.json stack_margin=32768
[I][AlphaSave] NEWGAME_SAVE stage=write-commit-temp result=ok esp_err=ESP_OK errno=0 path=/sd/ultima5/saves/alpha1-g0.commit.tmp stack_margin=32768
[I][AlphaSave] NEWGAME_SAVE stage=rename-commit result=ok esp_err=ESP_OK errno=0 path=/sd/ultima5/saves/alpha1-g0.commit stack_margin=32768
[I][AlphaSave] NEWGAME_SAVE stage=semantic-validation result=ok esp_err=ESP_OK errno=0 path=/sd/ultima5/saves/alpha1-g0.commit stack_margin=32768
[I][AlphaSave] NEWGAME_SAVE stage=generation-final result=ok esp_err=ESP_OK errno=0 path=/sd/ultima5/saves/alpha1-g0.commit stack_margin=32768
[I][AlphaSave] save generation=2 save_slot=0 slot=0 time=5 ms json=369
[I][AlphaSave] SD_HEAP operation=dma-reserve-restored state=gameplay-save free_internal=67108864 free_dma=67108864 largest_dma=67108864 largest_internal=67108864 requested_dma=8192
[I][AlphaSave] SD_HEAP operation=release-reserved-dma state=load-latest free_internal=67108864 free_dma=67108864 largest_dma=67108864 largest_internal=67108864 requested_dma=8192
[I][AlphaSave] SD_HEAP operation=sd-window-open state=load-latest free_internal=67108864 free_dma=67108864 largest_dma=67108864 largest_internal=67108864 requested_dma=512
[I][AlphaSave] SAVE_SCRATCH psram_bytes=11888
[W][AlphaSave] generation=2 refused at the semantic gate
[W][AlphaSave] generation=2 refused at the semantic gate
[W][AlphaSave] generation=2 slot=0 failed semantic restore; trying fallback
[I][AlphaSave] load generation=1 save_slot=0 slot=1 time=6 ms status=0
[I][AlphaSave] SD_HEAP operation=dma-reserve-restored state=load-latest free_internal=67108864 free_dma=67108864 largest_dma=67108864 largest_internal=67108864 requested_dma=8192
[I][AlphaSave] SD_HEAP operation=release-reserved-dma state=gameplay-save free_internal=67108864 free_dma=67108864 largest_dma=67108864 largest_internal=67108864 requested_dma=8192
[I][AlphaSave] SD_HEAP operation=sd-window-open state=gameplay-save free_internal=67108864 free_dma=67108864 largest_dma=67108864 largest_internal=67108864 requested_dma=512
[I][AlphaSave] NEWGAME_SAVE stage=create-root-directory result=ok esp_err=ESP_OK errno=0 path=/sd/ultima5 stack_margin=32768
[I][AlphaSave] NEWGAME_SAVE stage=create-save-directory result=ok esp_err=ESP_OK errno=0 path=/sd/ultima5/saves stack_margin=32768
[I][AlphaSave] SD_HEAP operation=free-space-before state=gameplay-save free_internal=67108864 free_dma=67108864 largest_dma=67108864 largest_internal=67108864 requested_dma=512
[I][AlphaSave] SD_HEAP operation=free-space-call-enter state=gameplay-save free_internal=67108864 free_dma=67108864 largest_dma=67108864 largest_internal=67108864 requested_dma=512
[I][AlphaSave] SD_HEAP operation=free-space-call-exit state=gameplay-save free_internal=67108864 free_dma=67108864 largest_dma=67108864 largest_internal=67108864 requested_dma=512
[I][AlphaSave] SD_HEAP operation=free-space-after state=gameplay-save free_internal=67108864 free_dma=67108864 largest_dma=67108864 largest_internal=67108864 requested_dma=512
[I][AlphaSave] SD_SPACE path=/sd api=esp_vfs_fat_info/f_getfree return=ESP_OK(0x0) errno=0 total_bytes=34359738368 free_bytes=8589934592 total_sectors=67108864 free_sectors=16777216 sector_bytes=512
[I][AlphaSave] NEWGAME_SAVE stage=free-space-query result=ok esp_err=ESP_OK errno=0 path=/sd stack_margin=32768
[I][AlphaSave] NEWGAME_SAVE stage=free-space result=ok esp_err=ESP_OK errno=0 path=/sd stack_margin=32768
[W][AlphaSave] generation=2 refused at the semantic gate
[I][AlphaSave] SAVE_TARGET save_slot=0 newest=0 accepted=0 slot=0 keep=1 sequence=3
[I][AlphaSave] NEWGAME_SAVE stage=gam-encode result=ok esp_err=ESP_OK errno=0 path=INIT.GAM stack_margin=32768
[I][AlphaSave] NEWGAME_SAVE stage=ool-encode result=ok esp_err=ESP_OK errno=0 path=INIT.OOL stack_margin=32768
[I][AlphaSave] NEWGAME_SAVE stage=json-encode result=ok esp_err=ESP_OK errno=0 path=sidecar stack_margin=32768
[I][AlphaSave] SD_HEAP operation=write-gam-temp state=gameplay-save free_internal=67108864 free_dma=67108864 largest_dma=67108864 largest_internal=67108864 requested_dma=512
[I][AlphaSave] NEWGAME_SAVE stage=write-gam-temp result=ok esp_err=ESP_OK errno=0 path=/sd/ultima5/saves/alpha1-g0.gam.tmp stack_margin=32768
[I][AlphaSave] SD_HEAP operation=write-ool-temp state=gameplay-save free_internal=67108864 free_dma=67108864 largest_dma=67108864 largest_internal=67108864 requested_dma=512
[I][AlphaSave] NEWGAME_SAVE stage=write-ool-temp result=ok esp_err=ESP_OK errno=0 path=/sd/ultima5/saves/alpha1-g0.ool.tmp stack_margin=32768
[I][AlphaSave] SD_HEAP operation=write-json-temp state=gameplay-save free_internal=67108864 free_dma=67108864 largest_dma=67108864 largest_internal=67108864 requested_dma=512
[I][AlphaSave] NEWGAME_SAVE stage=write-json-temp result=ok esp_err=ESP_OK errno=0 path=/sd/ultima5/saves/alpha1-g0.json.tmp stack_margin=32768
[I][AlphaSave] SD_HEAP operation=crc-readback state=gameplay-save free_internal=67108864 free_dma=67108864 largest_dma=67108864 largest_internal=67108864 requested_dma=512
[I][AlphaSave] NEWGAME_SAVE stage=crc-readback result=ok esp_err=ESP_OK errno=0 path=/sd/ultima5/saves stack_margin=32768
[I][AlphaSave] NEWGAME_SAVE stage=rename-gam result=ok esp_err=ESP_OK errno=0 path=/sd/ultima5/saves/alpha1-g0.gam stack_margin=32768
[I][AlphaSave] NEWGAME_SAVE stage=rename-ool result=ok esp_err=ESP_OK errno=0 path=/sd/ultima5/saves/alpha1-g0.ool stack_margin=32768
[I][AlphaSave] NEWGAME_SAVE stage=rename-json result=ok esp_err=ESP_OK errno=0 path=/sd/ultima5/saves/alpha1-g0.json stack_margin=32768
[I][AlphaSave] NEWGAME_SAVE stage=write-commit-temp result=ok esp_err=ESP_OK errno=0 path=/sd/ultima5/saves/alpha1-g0.commit.tmp stack_margin=32768
[I][AlphaSave] NEWGAME_SAVE stage=rename-commit result=ok esp_err=ESP_OK errno=0 path=/sd/ultima5/saves/alpha1-g0.commit stack_margin=32768
[I][AlphaSave] NEWGAME_SAVE stage=semantic-validation result=ok esp_err=ESP_OK errno=0 path=/sd/ultima5/saves/alpha1-g0.commit stack_margin=32768
[I][AlphaSave] NEWGAME_SAVE stage=generation-final result=ok esp_err=ESP_OK errno=0 path=/sd/ultima5/saves/alpha1-g0.commit stack_margin=32768
[I][AlphaSave] save generation=3 save_slot=0 slot=0 time=5 ms json=369
[I][AlphaSave] SD_HEAP operation=dma-reserve-restored state=gameplay-save free_internal=67108864 free_dma=67108864 largest_dma=67108864 largest_internal=67108864 requested_dma=8192
[I][AlphaSave] SD_HEAP operation=release-reserved-dma state=save-inspect free_internal=67108864 free_dma=67108864 largest_dma=67108864 largest_internal=67108864 requested_dma=8192
[I][AlphaSave] SD_HEAP operation=sd-window-open state=save-inspect free_internal=67108864 free_dma=67108864 largest_dma=67108864 largest_internal=67108864 requested_dma=512
[I][AlphaSave] SAVE_SCRATCH psram_bytes=11888
[I][AlphaSave] SAVE_INSPECT save_slot=0 slot0=verified slot1=verified bytes=10210 commit_us=81 read_us=167 verify_us=665 total_us=987
[I][AlphaSave] SD_HEAP operation=dma-reserve-restored state=save-inspect free_internal=67108864 free_dma=67108864 largest_dma=67108864 largest_internal=67108864 requested_dma=8192
         after the recovery save:           slot0 [PV seq=3] slot1 [PV seq=1]
         slot0 seq=3 slot1 seq=1
  GREEN Cb1   Continue fell back to the only valid generation (301, slot 1)
  GREEN Cb2   the Save completed and left slot 1 (the only valid generation) byte for byte
[I][AlphaSave] SD_HEAP operation=release-reserved-dma state=save-inspect free_internal=67108864 free_dma=67108864 largest_dma=67108864 largest_internal=67108864 requested_dma=8192
[I][AlphaSave] SD_HEAP operation=sd-window-open state=save-inspect free_internal=67108864 free_dma=67108864 largest_dma=67108864 largest_internal=67108864 requested_dma=512
[I][AlphaSave] SAVE_SCRATCH psram_bytes=11888
[I][AlphaSave] SAVE_INSPECT save_slot=0 slot0=verified slot1=verified bytes=10210 commit_us=54 read_us=149 verify_us=627 total_us=856
[I][AlphaSave] SD_HEAP operation=dma-reserve-restored state=save-inspect free_internal=67108864 free_dma=67108864 largest_dma=67108864 largest_internal=67108864 requested_dma=8192
  GREEN Cb3   the refused slot 0 was replaced: sequence 3, accepted by the gate
[I][AlphaSave] SD_HEAP operation=release-reserved-dma state=load-latest free_internal=67108864 free_dma=67108864 largest_dma=67108864 largest_internal=67108864 requested_dma=8192
[I][AlphaSave] SD_HEAP operation=sd-window-open state=load-latest free_internal=67108864 free_dma=67108864 largest_dma=67108864 largest_internal=67108864 requested_dma=512
[I][AlphaSave] SAVE_SCRATCH psram_bytes=11888
[I][AlphaSave] load generation=3 save_slot=0 slot=0 time=2 ms status=0
[I][AlphaSave] SD_HEAP operation=dma-reserve-restored state=load-latest free_internal=67108864 free_dma=67108864 largest_dma=67108864 largest_internal=67108864 requested_dma=8192
  GREEN Cb4   a reboot's Continue restores the new save (303)
[I][AlphaSave] SD_HEAP operation=release-reserved-dma state=save-inspect free_internal=67108864 free_dma=67108864 largest_dma=67108864 largest_internal=67108864 requested_dma=8192
[I][AlphaSave] SD_HEAP operation=sd-window-open state=save-inspect free_internal=67108864 free_dma=67108864 largest_dma=67108864 largest_internal=67108864 requested_dma=512
[I][AlphaSave] SAVE_SCRATCH psram_bytes=11888
[I][AlphaSave] SAVE_INSPECT save_slot=0 slot0=verified slot1=verified bytes=10210 commit_us=70 read_us=160 verify_us=604 total_us=856
[I][AlphaSave] SD_HEAP operation=dma-reserve-restored state=save-inspect free_internal=67108864 free_dma=67108864 largest_dma=67108864 largest_internal=67108864 requested_dma=8192
  GREEN Cb5   the card again holds two valid generations, the new one newest

[E] after the recovery save, rotation resumes
[I][AlphaSave] SD_HEAP operation=release-reserved-dma state=gameplay-save free_internal=67108864 free_dma=67108864 largest_dma=67108864 largest_internal=67108864 requested_dma=8192
[I][AlphaSave] SD_HEAP operation=sd-window-open state=gameplay-save free_internal=67108864 free_dma=67108864 largest_dma=67108864 largest_internal=67108864 requested_dma=512
[I][AlphaSave] SAVE_SCRATCH psram_bytes=11888
[I][AlphaSave] NEWGAME_SAVE stage=create-root-directory result=ok esp_err=ESP_OK errno=0 path=/sd/ultima5 stack_margin=32768
[I][AlphaSave] NEWGAME_SAVE stage=create-save-directory result=ok esp_err=ESP_OK errno=0 path=/sd/ultima5/saves stack_margin=32768
[I][AlphaSave] SD_HEAP operation=free-space-before state=gameplay-save free_internal=67108864 free_dma=67108864 largest_dma=67108864 largest_internal=67108864 requested_dma=512
[I][AlphaSave] SD_HEAP operation=free-space-call-enter state=gameplay-save free_internal=67108864 free_dma=67108864 largest_dma=67108864 largest_internal=67108864 requested_dma=512
[I][AlphaSave] SD_HEAP operation=free-space-call-exit state=gameplay-save free_internal=67108864 free_dma=67108864 largest_dma=67108864 largest_internal=67108864 requested_dma=512
[I][AlphaSave] SD_HEAP operation=free-space-after state=gameplay-save free_internal=67108864 free_dma=67108864 largest_dma=67108864 largest_internal=67108864 requested_dma=512
[I][AlphaSave] SD_SPACE path=/sd api=esp_vfs_fat_info/f_getfree return=ESP_OK(0x0) errno=0 total_bytes=34359738368 free_bytes=8589934592 total_sectors=67108864 free_sectors=16777216 sector_bytes=512
[I][AlphaSave] NEWGAME_SAVE stage=free-space-query result=ok esp_err=ESP_OK errno=0 path=/sd stack_margin=32768
[I][AlphaSave] NEWGAME_SAVE stage=free-space result=ok esp_err=ESP_OK errno=0 path=/sd stack_margin=32768
[I][AlphaSave] SAVE_TARGET save_slot=0 newest=0 accepted=1 slot=1 keep=0 sequence=4
[I][AlphaSave] NEWGAME_SAVE stage=gam-encode result=ok esp_err=ESP_OK errno=0 path=INIT.GAM stack_margin=32768
[I][AlphaSave] NEWGAME_SAVE stage=ool-encode result=ok esp_err=ESP_OK errno=0 path=INIT.OOL stack_margin=32768
[I][AlphaSave] NEWGAME_SAVE stage=json-encode result=ok esp_err=ESP_OK errno=0 path=sidecar stack_margin=32768
[I][AlphaSave] SD_HEAP operation=write-gam-temp state=gameplay-save free_internal=67108864 free_dma=67108864 largest_dma=67108864 largest_internal=67108864 requested_dma=512
[I][AlphaSave] NEWGAME_SAVE stage=write-gam-temp result=ok esp_err=ESP_OK errno=0 path=/sd/ultima5/saves/alpha1-g1.gam.tmp stack_margin=32768
[I][AlphaSave] SD_HEAP operation=write-ool-temp state=gameplay-save free_internal=67108864 free_dma=67108864 largest_dma=67108864 largest_internal=67108864 requested_dma=512
[I][AlphaSave] NEWGAME_SAVE stage=write-ool-temp result=ok esp_err=ESP_OK errno=0 path=/sd/ultima5/saves/alpha1-g1.ool.tmp stack_margin=32768
[I][AlphaSave] SD_HEAP operation=write-json-temp state=gameplay-save free_internal=67108864 free_dma=67108864 largest_dma=67108864 largest_internal=67108864 requested_dma=512
[I][AlphaSave] NEWGAME_SAVE stage=write-json-temp result=ok esp_err=ESP_OK errno=0 path=/sd/ultima5/saves/alpha1-g1.json.tmp stack_margin=32768
[I][AlphaSave] SD_HEAP operation=crc-readback state=gameplay-save free_internal=67108864 free_dma=67108864 largest_dma=67108864 largest_internal=67108864 requested_dma=512
[I][AlphaSave] NEWGAME_SAVE stage=crc-readback result=ok esp_err=ESP_OK errno=0 path=/sd/ultima5/saves stack_margin=32768
[I][AlphaSave] NEWGAME_SAVE stage=rename-gam result=ok esp_err=ESP_OK errno=0 path=/sd/ultima5/saves/alpha1-g1.gam stack_margin=32768
[I][AlphaSave] NEWGAME_SAVE stage=rename-ool result=ok esp_err=ESP_OK errno=0 path=/sd/ultima5/saves/alpha1-g1.ool stack_margin=32768
[I][AlphaSave] NEWGAME_SAVE stage=rename-json result=ok esp_err=ESP_OK errno=0 path=/sd/ultima5/saves/alpha1-g1.json stack_margin=32768
[I][AlphaSave] NEWGAME_SAVE stage=write-commit-temp result=ok esp_err=ESP_OK errno=0 path=/sd/ultima5/saves/alpha1-g1.commit.tmp stack_margin=32768
[I][AlphaSave] NEWGAME_SAVE stage=rename-commit result=ok esp_err=ESP_OK errno=0 path=/sd/ultima5/saves/alpha1-g1.commit stack_margin=32768
[I][AlphaSave] NEWGAME_SAVE stage=semantic-validation result=ok esp_err=ESP_OK errno=0 path=/sd/ultima5/saves/alpha1-g1.commit stack_margin=32768
[I][AlphaSave] NEWGAME_SAVE stage=generation-final result=ok esp_err=ESP_OK errno=0 path=/sd/ultima5/saves/alpha1-g1.commit stack_margin=32768
[I][AlphaSave] save generation=4 save_slot=0 slot=1 time=14 ms json=369
[I][AlphaSave] SD_HEAP operation=dma-reserve-restored state=gameplay-save free_internal=67108864 free_dma=67108864 largest_dma=67108864 largest_internal=67108864 requested_dma=8192
[I][AlphaSave] SD_HEAP operation=release-reserved-dma state=load-latest free_internal=67108864 free_dma=67108864 largest_dma=67108864 largest_internal=67108864 requested_dma=8192
[I][AlphaSave] SD_HEAP operation=sd-window-open state=load-latest free_internal=67108864 free_dma=67108864 largest_dma=67108864 largest_internal=67108864 requested_dma=512
[I][AlphaSave] SAVE_SCRATCH psram_bytes=11888
[I][AlphaSave] load generation=4 save_slot=0 slot=1 time=2 ms status=0
[I][AlphaSave] SD_HEAP operation=dma-reserve-restored state=load-latest free_internal=67108864 free_dma=67108864 largest_dma=67108864 largest_internal=67108864 requested_dma=8192
  GREEN E1    the next save goes to slot 1 (sequence 4) and leaves slot 0 (303) byte for byte
[I][AlphaSave] SD_HEAP operation=release-reserved-dma state=gameplay-save free_internal=67108864 free_dma=67108864 largest_dma=67108864 largest_internal=67108864 requested_dma=8192
[I][AlphaSave] SD_HEAP operation=sd-window-open state=gameplay-save free_internal=67108864 free_dma=67108864 largest_dma=67108864 largest_internal=67108864 requested_dma=512
[I][AlphaSave] NEWGAME_SAVE stage=create-root-directory result=ok esp_err=ESP_OK errno=0 path=/sd/ultima5 stack_margin=32768
[I][AlphaSave] NEWGAME_SAVE stage=create-save-directory result=ok esp_err=ESP_OK errno=0 path=/sd/ultima5/saves stack_margin=32768
[I][AlphaSave] SD_HEAP operation=free-space-before state=gameplay-save free_internal=67108864 free_dma=67108864 largest_dma=67108864 largest_internal=67108864 requested_dma=512
[I][AlphaSave] SD_HEAP operation=free-space-call-enter state=gameplay-save free_internal=67108864 free_dma=67108864 largest_dma=67108864 largest_internal=67108864 requested_dma=512
[I][AlphaSave] SD_HEAP operation=free-space-call-exit state=gameplay-save free_internal=67108864 free_dma=67108864 largest_dma=67108864 largest_internal=67108864 requested_dma=512
[I][AlphaSave] SD_HEAP operation=free-space-after state=gameplay-save free_internal=67108864 free_dma=67108864 largest_dma=67108864 largest_internal=67108864 requested_dma=512
[I][AlphaSave] SD_SPACE path=/sd api=esp_vfs_fat_info/f_getfree return=ESP_OK(0x0) errno=0 total_bytes=34359738368 free_bytes=8589934592 total_sectors=67108864 free_sectors=16777216 sector_bytes=512
[I][AlphaSave] NEWGAME_SAVE stage=free-space-query result=ok esp_err=ESP_OK errno=0 path=/sd stack_margin=32768
[I][AlphaSave] NEWGAME_SAVE stage=free-space result=ok esp_err=ESP_OK errno=0 path=/sd stack_margin=32768
[I][AlphaSave] SAVE_TARGET save_slot=0 newest=1 accepted=1 slot=0 keep=1 sequence=5
[I][AlphaSave] NEWGAME_SAVE stage=gam-encode result=ok esp_err=ESP_OK errno=0 path=INIT.GAM stack_margin=32768
[I][AlphaSave] NEWGAME_SAVE stage=ool-encode result=ok esp_err=ESP_OK errno=0 path=INIT.OOL stack_margin=32768
[I][AlphaSave] NEWGAME_SAVE stage=json-encode result=ok esp_err=ESP_OK errno=0 path=sidecar stack_margin=32768
[I][AlphaSave] SD_HEAP operation=write-gam-temp state=gameplay-save free_internal=67108864 free_dma=67108864 largest_dma=67108864 largest_internal=67108864 requested_dma=512
[I][AlphaSave] NEWGAME_SAVE stage=write-gam-temp result=ok esp_err=ESP_OK errno=0 path=/sd/ultima5/saves/alpha1-g0.gam.tmp stack_margin=32768
[I][AlphaSave] SD_HEAP operation=write-ool-temp state=gameplay-save free_internal=67108864 free_dma=67108864 largest_dma=67108864 largest_internal=67108864 requested_dma=512
[I][AlphaSave] NEWGAME_SAVE stage=write-ool-temp result=ok esp_err=ESP_OK errno=0 path=/sd/ultima5/saves/alpha1-g0.ool.tmp stack_margin=32768
[I][AlphaSave] SD_HEAP operation=write-json-temp state=gameplay-save free_internal=67108864 free_dma=67108864 largest_dma=67108864 largest_internal=67108864 requested_dma=512
[I][AlphaSave] NEWGAME_SAVE stage=write-json-temp result=ok esp_err=ESP_OK errno=0 path=/sd/ultima5/saves/alpha1-g0.json.tmp stack_margin=32768
[I][AlphaSave] SD_HEAP operation=crc-readback state=gameplay-save free_internal=67108864 free_dma=67108864 largest_dma=67108864 largest_internal=67108864 requested_dma=512
[I][AlphaSave] NEWGAME_SAVE stage=crc-readback result=ok esp_err=ESP_OK errno=0 path=/sd/ultima5/saves stack_margin=32768
[I][AlphaSave] NEWGAME_SAVE stage=rename-gam result=ok esp_err=ESP_OK errno=0 path=/sd/ultima5/saves/alpha1-g0.gam stack_margin=32768
[I][AlphaSave] NEWGAME_SAVE stage=rename-ool result=ok esp_err=ESP_OK errno=0 path=/sd/ultima5/saves/alpha1-g0.ool stack_margin=32768
[I][AlphaSave] NEWGAME_SAVE stage=rename-json result=ok esp_err=ESP_OK errno=0 path=/sd/ultima5/saves/alpha1-g0.json stack_margin=32768
[I][AlphaSave] NEWGAME_SAVE stage=write-commit-temp result=ok esp_err=ESP_OK errno=0 path=/sd/ultima5/saves/alpha1-g0.commit.tmp stack_margin=32768
[I][AlphaSave] NEWGAME_SAVE stage=rename-commit result=ok esp_err=ESP_OK errno=0 path=/sd/ultima5/saves/alpha1-g0.commit stack_margin=32768
[I][AlphaSave] NEWGAME_SAVE stage=semantic-validation result=ok esp_err=ESP_OK errno=0 path=/sd/ultima5/saves/alpha1-g0.commit stack_margin=32768
[I][AlphaSave] NEWGAME_SAVE stage=generation-final result=ok esp_err=ESP_OK errno=0 path=/sd/ultima5/saves/alpha1-g0.commit stack_margin=32768
[I][AlphaSave] save generation=5 save_slot=0 slot=0 time=9 ms json=369
[I][AlphaSave] SD_HEAP operation=dma-reserve-restored state=gameplay-save free_internal=67108864 free_dma=67108864 largest_dma=67108864 largest_internal=67108864 requested_dma=8192
[I][AlphaSave] SD_HEAP operation=release-reserved-dma state=load-latest free_internal=67108864 free_dma=67108864 largest_dma=67108864 largest_internal=67108864 requested_dma=8192
[I][AlphaSave] SD_HEAP operation=sd-window-open state=load-latest free_internal=67108864 free_dma=67108864 largest_dma=67108864 largest_internal=67108864 requested_dma=512
[I][AlphaSave] SAVE_SCRATCH psram_bytes=11888
[I][AlphaSave] load generation=5 save_slot=0 slot=0 time=2 ms status=0
[I][AlphaSave] SD_HEAP operation=dma-reserve-restored state=load-latest free_internal=67108864 free_dma=67108864 largest_dma=67108864 largest_internal=67108864 requested_dma=8192
  GREEN E2    and the one after to slot 0 (sequence 5): alternating, not stuck on one slot
[I][AlphaSave] SD_HEAP operation=release-reserved-dma state=gameplay-save free_internal=67108864 free_dma=67108864 largest_dma=67108864 largest_internal=67108864 requested_dma=8192
[I][AlphaSave] SD_HEAP operation=sd-window-open state=gameplay-save free_internal=67108864 free_dma=67108864 largest_dma=67108864 largest_internal=67108864 requested_dma=512
[I][AlphaSave] SAVE_SCRATCH psram_bytes=11888
[I][AlphaSave] NEWGAME_SAVE stage=create-root-directory result=ok esp_err=ESP_OK errno=0 path=/sd/ultima5 stack_margin=32768
[I][AlphaSave] NEWGAME_SAVE stage=create-save-directory result=ok esp_err=ESP_OK errno=0 path=/sd/ultima5/saves stack_margin=32768
[I][AlphaSave] SD_HEAP operation=free-space-before state=gameplay-save free_internal=67108864 free_dma=67108864 largest_dma=67108864 largest_internal=67108864 requested_dma=512
[I][AlphaSave] SD_HEAP operation=free-space-call-enter state=gameplay-save free_internal=67108864 free_dma=67108864 largest_dma=67108864 largest_internal=67108864 requested_dma=512
[I][AlphaSave] SD_HEAP operation=free-space-call-exit state=gameplay-save free_internal=67108864 free_dma=67108864 largest_dma=67108864 largest_internal=67108864 requested_dma=512
[I][AlphaSave] SD_HEAP operation=free-space-after state=gameplay-save free_internal=67108864 free_dma=67108864 largest_dma=67108864 largest_internal=67108864 requested_dma=512
[I][AlphaSave] SD_SPACE path=/sd api=esp_vfs_fat_info/f_getfree return=ESP_OK(0x0) errno=0 total_bytes=34359738368 free_bytes=8589934592 total_sectors=67108864 free_sectors=16777216 sector_bytes=512
[I][AlphaSave] NEWGAME_SAVE stage=free-space-query result=ok esp_err=ESP_OK errno=0 path=/sd stack_margin=32768
[I][AlphaSave] NEWGAME_SAVE stage=free-space result=ok esp_err=ESP_OK errno=0 path=/sd stack_margin=32768
[I][AlphaSave] SAVE_TARGET save_slot=0 newest=0 accepted=1 slot=1 keep=0 sequence=6
[I][AlphaSave] NEWGAME_SAVE stage=gam-encode result=ok esp_err=ESP_OK errno=0 path=INIT.GAM stack_margin=32768
[I][AlphaSave] NEWGAME_SAVE stage=ool-encode result=ok esp_err=ESP_OK errno=0 path=INIT.OOL stack_margin=32768
[I][AlphaSave] NEWGAME_SAVE stage=json-encode result=ok esp_err=ESP_OK errno=0 path=sidecar stack_margin=32768
[I][AlphaSave] SD_HEAP operation=write-gam-temp state=gameplay-save free_internal=67108864 free_dma=67108864 largest_dma=67108864 largest_internal=67108864 requested_dma=512
[I][AlphaSave] NEWGAME_SAVE stage=write-gam-temp result=ok esp_err=ESP_OK errno=0 path=/sd/ultima5/saves/alpha1-g1.gam.tmp stack_margin=32768
[I][AlphaSave] SD_HEAP operation=write-ool-temp state=gameplay-save free_internal=67108864 free_dma=67108864 largest_dma=67108864 largest_internal=67108864 requested_dma=512
[I][AlphaSave] NEWGAME_SAVE stage=write-ool-temp result=ok esp_err=ESP_OK errno=0 path=/sd/ultima5/saves/alpha1-g1.ool.tmp stack_margin=32768
[I][AlphaSave] SD_HEAP operation=write-json-temp state=gameplay-save free_internal=67108864 free_dma=67108864 largest_dma=67108864 largest_internal=67108864 requested_dma=512
[I][AlphaSave] NEWGAME_SAVE stage=write-json-temp result=ok esp_err=ESP_OK errno=0 path=/sd/ultima5/saves/alpha1-g1.json.tmp stack_margin=32768
[I][AlphaSave] SD_HEAP operation=crc-readback state=gameplay-save free_internal=67108864 free_dma=67108864 largest_dma=67108864 largest_internal=67108864 requested_dma=512
[I][AlphaSave] NEWGAME_SAVE stage=crc-readback result=ok esp_err=ESP_OK errno=0 path=/sd/ultima5/saves stack_margin=32768
[I][AlphaSave] NEWGAME_SAVE stage=rename-gam result=ok esp_err=ESP_OK errno=0 path=/sd/ultima5/saves/alpha1-g1.gam stack_margin=32768
[I][AlphaSave] NEWGAME_SAVE stage=rename-ool result=ok esp_err=ESP_OK errno=0 path=/sd/ultima5/saves/alpha1-g1.ool stack_margin=32768
[I][AlphaSave] NEWGAME_SAVE stage=rename-json result=ok esp_err=ESP_OK errno=0 path=/sd/ultima5/saves/alpha1-g1.json stack_margin=32768
[I][AlphaSave] NEWGAME_SAVE stage=write-commit-temp result=ok esp_err=ESP_OK errno=0 path=/sd/ultima5/saves/alpha1-g1.commit.tmp stack_margin=32768
[I][AlphaSave] NEWGAME_SAVE stage=rename-commit result=ok esp_err=ESP_OK errno=0 path=/sd/ultima5/saves/alpha1-g1.commit stack_margin=32768
[I][AlphaSave] NEWGAME_SAVE stage=semantic-validation result=ok esp_err=ESP_OK errno=0 path=/sd/ultima5/saves/alpha1-g1.commit stack_margin=32768
[I][AlphaSave] NEWGAME_SAVE stage=generation-final result=ok esp_err=ESP_OK errno=0 path=/sd/ultima5/saves/alpha1-g1.commit stack_margin=32768
[I][AlphaSave] save generation=6 save_slot=0 slot=1 time=13 ms json=369
[I][AlphaSave] SD_HEAP operation=dma-reserve-restored state=gameplay-save free_internal=67108864 free_dma=67108864 largest_dma=67108864 largest_internal=67108864 requested_dma=8192
[I][AlphaSave] SD_HEAP operation=release-reserved-dma state=save-inspect free_internal=67108864 free_dma=67108864 largest_dma=67108864 largest_internal=67108864 requested_dma=8192
[I][AlphaSave] SD_HEAP operation=sd-window-open state=save-inspect free_internal=67108864 free_dma=67108864 largest_dma=67108864 largest_internal=67108864 requested_dma=512
[I][AlphaSave] SAVE_SCRATCH psram_bytes=11888
[I][AlphaSave] SAVE_INSPECT save_slot=0 slot0=verified slot1=verified bytes=10210 commit_us=58 read_us=195 verify_us=606 total_us=900
[I][AlphaSave] SD_HEAP operation=dma-reserve-restored state=save-inspect free_internal=67108864 free_dma=67108864 largest_dma=67108864 largest_internal=67108864 requested_dma=8192
[I][AlphaSave] SD_HEAP operation=release-reserved-dma state=save-inspect free_internal=67108864 free_dma=67108864 largest_dma=67108864 largest_internal=67108864 requested_dma=8192
[I][AlphaSave] SD_HEAP operation=sd-window-open state=save-inspect free_internal=67108864 free_dma=67108864 largest_dma=67108864 largest_internal=67108864 requested_dma=512
[I][AlphaSave] SAVE_SCRATCH psram_bytes=11888
[I][AlphaSave] SAVE_INSPECT save_slot=0 slot0=verified slot1=verified bytes=10210 commit_us=52 read_us=153 verify_us=594 total_us=821
[I][AlphaSave] SD_HEAP operation=dma-reserve-restored state=save-inspect free_internal=67108864 free_dma=67108864 largest_dma=67108864 largest_internal=67108864 requested_dma=8192
[I][AlphaSave] SD_HEAP operation=release-reserved-dma state=load-latest free_internal=67108864 free_dma=67108864 largest_dma=67108864 largest_internal=67108864 requested_dma=8192
[I][AlphaSave] SD_HEAP operation=sd-window-open state=load-latest free_internal=67108864 free_dma=67108864 largest_dma=67108864 largest_internal=67108864 requested_dma=512
[I][AlphaSave] SAVE_SCRATCH psram_bytes=11888
[I][AlphaSave] load generation=6 save_slot=0 slot=1 time=2 ms status=0
[I][AlphaSave] SD_HEAP operation=dma-reserve-restored state=load-latest free_internal=67108864 free_dma=67108864 largest_dma=67108864 largest_internal=67108864 requested_dma=8192
  GREEN E3    after a reboot (no save list) the rotation continues: slot 1, sequence 6

[D] faults during the recovery save
[I][AlphaSave] SD_HEAP operation=release-reserved-dma state=gameplay-save free_internal=67108864 free_dma=67108864 largest_dma=67108864 largest_internal=67108864 requested_dma=8192
[I][AlphaSave] SD_HEAP operation=sd-window-open state=gameplay-save free_internal=67108864 free_dma=67108864 largest_dma=67108864 largest_internal=67108864 requested_dma=512
[I][AlphaSave] SAVE_SCRATCH psram_bytes=11888
[I][AlphaSave] NEWGAME_SAVE stage=create-root-directory result=ok esp_err=ESP_OK errno=0 path=/sd/ultima5 stack_margin=32768
[I][AlphaSave] NEWGAME_SAVE stage=create-save-directory result=ok esp_err=ESP_OK errno=0 path=/sd/ultima5/saves stack_margin=32768
[I][AlphaSave] SD_HEAP operation=free-space-before state=gameplay-save free_internal=67108864 free_dma=67108864 largest_dma=67108864 largest_internal=67108864 requested_dma=512
[I][AlphaSave] SD_HEAP operation=free-space-call-enter state=gameplay-save free_internal=67108864 free_dma=67108864 largest_dma=67108864 largest_internal=67108864 requested_dma=512
[I][AlphaSave] SD_HEAP operation=free-space-call-exit state=gameplay-save free_internal=67108864 free_dma=67108864 largest_dma=67108864 largest_internal=67108864 requested_dma=512
[I][AlphaSave] SD_HEAP operation=free-space-after state=gameplay-save free_internal=67108864 free_dma=67108864 largest_dma=67108864 largest_internal=67108864 requested_dma=512
[I][AlphaSave] SD_SPACE path=/sd api=esp_vfs_fat_info/f_getfree return=ESP_OK(0x0) errno=0 total_bytes=34359738368 free_bytes=8589934592 total_sectors=67108864 free_sectors=16777216 sector_bytes=512
[I][AlphaSave] NEWGAME_SAVE stage=free-space-query result=ok esp_err=ESP_OK errno=0 path=/sd stack_margin=32768
[I][AlphaSave] NEWGAME_SAVE stage=free-space result=ok esp_err=ESP_OK errno=0 path=/sd stack_margin=32768
[I][AlphaSave] SAVE_TARGET save_slot=0 newest=-1 accepted=0 slot=1 keep=-1 sequence=1
[I][AlphaSave] NEWGAME_SAVE stage=gam-encode result=ok esp_err=ESP_OK errno=0 path=INIT.GAM stack_margin=32768
[I][AlphaSave] NEWGAME_SAVE stage=ool-encode result=ok esp_err=ESP_OK errno=0 path=INIT.OOL stack_margin=32768
[I][AlphaSave] NEWGAME_SAVE stage=json-encode result=ok esp_err=ESP_OK errno=0 path=sidecar stack_margin=32768
[I][AlphaSave] SD_HEAP operation=write-gam-temp state=gameplay-save free_internal=67108864 free_dma=67108864 largest_dma=67108864 largest_internal=67108864 requested_dma=512
[I][AlphaSave] NEWGAME_SAVE stage=write-gam-temp result=ok esp_err=ESP_OK errno=0 path=/sd/ultima5/saves/alpha1-g1.gam.tmp stack_margin=32768
[I][AlphaSave] SD_HEAP operation=write-ool-temp state=gameplay-save free_internal=67108864 free_dma=67108864 largest_dma=67108864 largest_internal=67108864 requested_dma=512
[I][AlphaSave] NEWGAME_SAVE stage=write-ool-temp result=ok esp_err=ESP_OK errno=0 path=/sd/ultima5/saves/alpha1-g1.ool.tmp stack_margin=32768
[I][AlphaSave] SD_HEAP operation=write-json-temp state=gameplay-save free_internal=67108864 free_dma=67108864 largest_dma=67108864 largest_internal=67108864 requested_dma=512
[I][AlphaSave] NEWGAME_SAVE stage=write-json-temp result=ok esp_err=ESP_OK errno=0 path=/sd/ultima5/saves/alpha1-g1.json.tmp stack_margin=32768
[I][AlphaSave] SD_HEAP operation=crc-readback state=gameplay-save free_internal=67108864 free_dma=67108864 largest_dma=67108864 largest_internal=67108864 requested_dma=512
[I][AlphaSave] NEWGAME_SAVE stage=crc-readback result=ok esp_err=ESP_OK errno=0 path=/sd/ultima5/saves stack_margin=32768
[I][AlphaSave] NEWGAME_SAVE stage=rename-gam result=ok esp_err=ESP_OK errno=0 path=/sd/ultima5/saves/alpha1-g1.gam stack_margin=32768
[I][AlphaSave] NEWGAME_SAVE stage=rename-ool result=ok esp_err=ESP_OK errno=0 path=/sd/ultima5/saves/alpha1-g1.ool stack_margin=32768
[I][AlphaSave] NEWGAME_SAVE stage=rename-json result=ok esp_err=ESP_OK errno=0 path=/sd/ultima5/saves/alpha1-g1.json stack_margin=32768
[I][AlphaSave] NEWGAME_SAVE stage=write-commit-temp result=ok esp_err=ESP_OK errno=0 path=/sd/ultima5/saves/alpha1-g1.commit.tmp stack_margin=32768
[I][AlphaSave] NEWGAME_SAVE stage=rename-commit result=ok esp_err=ESP_OK errno=0 path=/sd/ultima5/saves/alpha1-g1.commit stack_margin=32768
[I][AlphaSave] NEWGAME_SAVE stage=semantic-validation result=ok esp_err=ESP_OK errno=0 path=/sd/ultima5/saves/alpha1-g1.commit stack_margin=32768
[I][AlphaSave] NEWGAME_SAVE stage=generation-final result=ok esp_err=ESP_OK errno=0 path=/sd/ultima5/saves/alpha1-g1.commit stack_margin=32768
[I][AlphaSave] save generation=1 save_slot=0 slot=1 time=13 ms json=369
[I][AlphaSave] SD_HEAP operation=dma-reserve-restored state=gameplay-save free_internal=67108864 free_dma=67108864 largest_dma=67108864 largest_internal=67108864 requested_dma=8192
[I][AlphaSave] SD_HEAP operation=release-reserved-dma state=gameplay-save free_internal=67108864 free_dma=67108864 largest_dma=67108864 largest_internal=67108864 requested_dma=8192
[I][AlphaSave] SD_HEAP operation=sd-window-open state=gameplay-save free_internal=67108864 free_dma=67108864 largest_dma=67108864 largest_internal=67108864 requested_dma=512
[I][AlphaSave] NEWGAME_SAVE stage=create-root-directory result=ok esp_err=ESP_OK errno=0 path=/sd/ultima5 stack_margin=32768
[I][AlphaSave] NEWGAME_SAVE stage=create-save-directory result=ok esp_err=ESP_OK errno=0 path=/sd/ultima5/saves stack_margin=32768
[I][AlphaSave] SD_HEAP operation=free-space-before state=gameplay-save free_internal=67108864 free_dma=67108864 largest_dma=67108864 largest_internal=67108864 requested_dma=512
[I][AlphaSave] SD_HEAP operation=free-space-call-enter state=gameplay-save free_internal=67108864 free_dma=67108864 largest_dma=67108864 largest_internal=67108864 requested_dma=512
[I][AlphaSave] SD_HEAP operation=free-space-call-exit state=gameplay-save free_internal=67108864 free_dma=67108864 largest_dma=67108864 largest_internal=67108864 requested_dma=512
[I][AlphaSave] SD_HEAP operation=free-space-after state=gameplay-save free_internal=67108864 free_dma=67108864 largest_dma=67108864 largest_internal=67108864 requested_dma=512
[I][AlphaSave] SD_SPACE path=/sd api=esp_vfs_fat_info/f_getfree return=ESP_OK(0x0) errno=0 total_bytes=34359738368 free_bytes=8589934592 total_sectors=67108864 free_sectors=16777216 sector_bytes=512
[I][AlphaSave] NEWGAME_SAVE stage=free-space-query result=ok esp_err=ESP_OK errno=0 path=/sd stack_margin=32768
[I][AlphaSave] NEWGAME_SAVE stage=free-space result=ok esp_err=ESP_OK errno=0 path=/sd stack_margin=32768
[I][AlphaSave] SAVE_TARGET save_slot=0 newest=1 accepted=1 slot=0 keep=1 sequence=2
[I][AlphaSave] NEWGAME_SAVE stage=gam-encode result=ok esp_err=ESP_OK errno=0 path=INIT.GAM stack_margin=32768
[I][AlphaSave] NEWGAME_SAVE stage=ool-encode result=ok esp_err=ESP_OK errno=0 path=INIT.OOL stack_margin=32768
[I][AlphaSave] NEWGAME_SAVE stage=json-encode result=ok esp_err=ESP_OK errno=0 path=sidecar stack_margin=32768
[I][AlphaSave] SD_HEAP operation=write-gam-temp state=gameplay-save free_internal=67108864 free_dma=67108864 largest_dma=67108864 largest_internal=67108864 requested_dma=512
[I][AlphaSave] NEWGAME_SAVE stage=write-gam-temp result=ok esp_err=ESP_OK errno=0 path=/sd/ultima5/saves/alpha1-g0.gam.tmp stack_margin=32768
[I][AlphaSave] SD_HEAP operation=write-ool-temp state=gameplay-save free_internal=67108864 free_dma=67108864 largest_dma=67108864 largest_internal=67108864 requested_dma=512
[I][AlphaSave] NEWGAME_SAVE stage=write-ool-temp result=ok esp_err=ESP_OK errno=0 path=/sd/ultima5/saves/alpha1-g0.ool.tmp stack_margin=32768
[I][AlphaSave] SD_HEAP operation=write-json-temp state=gameplay-save free_internal=67108864 free_dma=67108864 largest_dma=67108864 largest_internal=67108864 requested_dma=512
[I][AlphaSave] NEWGAME_SAVE stage=write-json-temp result=ok esp_err=ESP_OK errno=0 path=/sd/ultima5/saves/alpha1-g0.json.tmp stack_margin=32768
[I][AlphaSave] SD_HEAP operation=crc-readback state=gameplay-save free_internal=67108864 free_dma=67108864 largest_dma=67108864 largest_internal=67108864 requested_dma=512
[I][AlphaSave] NEWGAME_SAVE stage=crc-readback result=ok esp_err=ESP_OK errno=0 path=/sd/ultima5/saves stack_margin=32768
[I][AlphaSave] NEWGAME_SAVE stage=rename-gam result=ok esp_err=ESP_OK errno=0 path=/sd/ultima5/saves/alpha1-g0.gam stack_margin=32768
[I][AlphaSave] NEWGAME_SAVE stage=rename-ool result=ok esp_err=ESP_OK errno=0 path=/sd/ultima5/saves/alpha1-g0.ool stack_margin=32768
[I][AlphaSave] NEWGAME_SAVE stage=rename-json result=ok esp_err=ESP_OK errno=0 path=/sd/ultima5/saves/alpha1-g0.json stack_margin=32768
[I][AlphaSave] NEWGAME_SAVE stage=write-commit-temp result=ok esp_err=ESP_OK errno=0 path=/sd/ultima5/saves/alpha1-g0.commit.tmp stack_margin=32768
[I][AlphaSave] NEWGAME_SAVE stage=rename-commit result=ok esp_err=ESP_OK errno=0 path=/sd/ultima5/saves/alpha1-g0.commit stack_margin=32768
[I][AlphaSave] NEWGAME_SAVE stage=semantic-validation result=ok esp_err=ESP_OK errno=0 path=/sd/ultima5/saves/alpha1-g0.commit stack_margin=32768
[I][AlphaSave] NEWGAME_SAVE stage=generation-final result=ok esp_err=ESP_OK errno=0 path=/sd/ultima5/saves/alpha1-g0.commit stack_margin=32768
[I][AlphaSave] save generation=2 save_slot=0 slot=0 time=8 ms json=369
[I][AlphaSave] SD_HEAP operation=dma-reserve-restored state=gameplay-save free_internal=67108864 free_dma=67108864 largest_dma=67108864 largest_internal=67108864 requested_dma=8192
[I][AlphaSave] SD_HEAP operation=release-reserved-dma state=load-latest free_internal=67108864 free_dma=67108864 largest_dma=67108864 largest_internal=67108864 requested_dma=8192
[I][AlphaSave] SD_HEAP operation=sd-window-open state=load-latest free_internal=67108864 free_dma=67108864 largest_dma=67108864 largest_internal=67108864 requested_dma=512
[I][AlphaSave] SAVE_SCRATCH psram_bytes=11888
[I][AlphaSave] load generation=1 save_slot=0 slot=1 time=2 ms status=0
[I][AlphaSave] SD_HEAP operation=dma-reserve-restored state=load-latest free_internal=67108864 free_dma=67108864 largest_dma=67108864 largest_internal=67108864 requested_dma=8192
[I][AlphaSave] SD_HEAP operation=release-reserved-dma state=gameplay-save free_internal=67108864 free_dma=67108864 largest_dma=67108864 largest_internal=67108864 requested_dma=8192
[I][AlphaSave] SD_HEAP operation=sd-window-open state=gameplay-save free_internal=67108864 free_dma=67108864 largest_dma=67108864 largest_internal=67108864 requested_dma=512
[I][AlphaSave] NEWGAME_SAVE stage=create-root-directory result=ok esp_err=ESP_OK errno=0 path=/sd/ultima5 stack_margin=32768
[I][AlphaSave] NEWGAME_SAVE stage=create-save-directory result=ok esp_err=ESP_OK errno=0 path=/sd/ultima5/saves stack_margin=32768
[I][AlphaSave] SD_HEAP operation=free-space-before state=gameplay-save free_internal=67108864 free_dma=67108864 largest_dma=67108864 largest_internal=67108864 requested_dma=512
[I][AlphaSave] SD_HEAP operation=free-space-call-enter state=gameplay-save free_internal=67108864 free_dma=67108864 largest_dma=67108864 largest_internal=67108864 requested_dma=512
[I][AlphaSave] SD_HEAP operation=free-space-call-exit state=gameplay-save free_internal=67108864 free_dma=67108864 largest_dma=67108864 largest_internal=67108864 requested_dma=512
[I][AlphaSave] SD_HEAP operation=free-space-after state=gameplay-save free_internal=67108864 free_dma=67108864 largest_dma=67108864 largest_internal=67108864 requested_dma=512
[I][AlphaSave] SD_SPACE path=/sd api=esp_vfs_fat_info/f_getfree return=ESP_OK(0x0) errno=0 total_bytes=34359738368 free_bytes=8589934592 total_sectors=67108864 free_sectors=16777216 sector_bytes=512
[I][AlphaSave] NEWGAME_SAVE stage=free-space-query result=ok esp_err=ESP_OK errno=0 path=/sd stack_margin=32768
[I][AlphaSave] NEWGAME_SAVE stage=free-space result=ok esp_err=ESP_OK errno=0 path=/sd stack_margin=32768
[I][AlphaSave] SAVE_TARGET save_slot=0 newest=0 accepted=0 slot=0 keep=1 sequence=3
[I][AlphaSave] NEWGAME_SAVE stage=gam-encode result=ok esp_err=ESP_OK errno=0 path=INIT.GAM stack_margin=32768
[I][AlphaSave] NEWGAME_SAVE stage=ool-encode result=ok esp_err=ESP_OK errno=0 path=INIT.OOL stack_margin=32768
[I][AlphaSave] NEWGAME_SAVE stage=json-encode result=ok esp_err=ESP_OK errno=0 path=sidecar stack_margin=32768
[I][AlphaSave] SD_HEAP operation=write-gam-temp state=gameplay-save free_internal=67108864 free_dma=67108864 largest_dma=67108864 largest_internal=67108864 requested_dma=512
[I][AlphaSave] NEWGAME_SAVE stage=write-gam-temp result=ok esp_err=ESP_OK errno=0 path=/sd/ultima5/saves/alpha1-g0.gam.tmp stack_margin=32768
[I][AlphaSave] SD_HEAP operation=write-ool-temp state=gameplay-save free_internal=67108864 free_dma=67108864 largest_dma=67108864 largest_internal=67108864 requested_dma=512
[I][AlphaSave] NEWGAME_SAVE stage=write-ool-temp result=ok esp_err=ESP_OK errno=0 path=/sd/ultima5/saves/alpha1-g0.ool.tmp stack_margin=32768
[I][AlphaSave] SD_HEAP operation=write-json-temp state=gameplay-save free_internal=67108864 free_dma=67108864 largest_dma=67108864 largest_internal=67108864 requested_dma=512
[I][AlphaSave] NEWGAME_SAVE stage=write-json-temp result=fail esp_err=ESP_FAIL errno=5 path=/sd/ultima5/saves/alpha1-g0.json.tmp stack_margin=32768
[E][AlphaSave] slot 0 generation 0 save failed (errno=5); previous generation retained
[I][AlphaSave] save generation=3 save_slot=0 slot=0 time=2 ms json=369
[I][AlphaSave] SD_HEAP operation=dma-reserve-restored state=gameplay-save free_internal=67108864 free_dma=67108864 largest_dma=67108864 largest_internal=67108864 requested_dma=8192
[I][AlphaSave] SD_HEAP operation=release-reserved-dma state=load-latest free_internal=67108864 free_dma=67108864 largest_dma=67108864 largest_internal=67108864 requested_dma=8192
[I][AlphaSave] SD_HEAP operation=sd-window-open state=load-latest free_internal=67108864 free_dma=67108864 largest_dma=67108864 largest_internal=67108864 requested_dma=512
[I][AlphaSave] SAVE_SCRATCH psram_bytes=11888
[I][AlphaSave] load generation=1 save_slot=0 slot=1 time=2 ms status=0
[I][AlphaSave] SD_HEAP operation=dma-reserve-restored state=load-latest free_internal=67108864 free_dma=67108864 largest_dma=67108864 largest_internal=67108864 requested_dma=8192
         D1: save=failed, slot 1 kept=yes, boot load gold=401; write-json-temp failed (errno 5)
  GREEN D1    the sidecar temp write fails: the save reports failure, slot 1 (401) is byte for byte, Continue recovers
[I][AlphaSave] SD_HEAP operation=release-reserved-dma state=load-latest free_internal=67108864 free_dma=67108864 largest_dma=67108864 largest_internal=67108864 requested_dma=8192
[I][AlphaSave] SD_HEAP operation=sd-window-open state=load-latest free_internal=67108864 free_dma=67108864 largest_dma=67108864 largest_internal=67108864 requested_dma=512
[I][AlphaSave] load generation=1 save_slot=0 slot=1 time=2 ms status=0
[I][AlphaSave] SD_HEAP operation=dma-reserve-restored state=load-latest free_internal=67108864 free_dma=67108864 largest_dma=67108864 largest_internal=67108864 requested_dma=8192
[I][AlphaSave] SD_HEAP operation=release-reserved-dma state=gameplay-save free_internal=67108864 free_dma=67108864 largest_dma=67108864 largest_internal=67108864 requested_dma=8192
[I][AlphaSave] SD_HEAP operation=sd-window-open state=gameplay-save free_internal=67108864 free_dma=67108864 largest_dma=67108864 largest_internal=67108864 requested_dma=512
[I][AlphaSave] NEWGAME_SAVE stage=create-root-directory result=ok esp_err=ESP_OK errno=0 path=/sd/ultima5 stack_margin=32768
[I][AlphaSave] NEWGAME_SAVE stage=create-save-directory result=ok esp_err=ESP_OK errno=0 path=/sd/ultima5/saves stack_margin=32768
[I][AlphaSave] SD_HEAP operation=free-space-before state=gameplay-save free_internal=67108864 free_dma=67108864 largest_dma=67108864 largest_internal=67108864 requested_dma=512
[I][AlphaSave] SD_HEAP operation=free-space-call-enter state=gameplay-save free_internal=67108864 free_dma=67108864 largest_dma=67108864 largest_internal=67108864 requested_dma=512
[I][AlphaSave] SD_HEAP operation=free-space-call-exit state=gameplay-save free_internal=67108864 free_dma=67108864 largest_dma=67108864 largest_internal=67108864 requested_dma=512
[I][AlphaSave] SD_HEAP operation=free-space-after state=gameplay-save free_internal=67108864 free_dma=67108864 largest_dma=67108864 largest_internal=67108864 requested_dma=512
[I][AlphaSave] SD_SPACE path=/sd api=esp_vfs_fat_info/f_getfree return=ESP_OK(0x0) errno=0 total_bytes=34359738368 free_bytes=8589934592 total_sectors=67108864 free_sectors=16777216 sector_bytes=512
[I][AlphaSave] NEWGAME_SAVE stage=free-space-query result=ok esp_err=ESP_OK errno=0 path=/sd stack_margin=32768
[I][AlphaSave] NEWGAME_SAVE stage=free-space result=ok esp_err=ESP_OK errno=0 path=/sd stack_margin=32768
[I][AlphaSave] SAVE_TARGET save_slot=0 newest=0 accepted=0 slot=0 keep=1 sequence=3
[I][AlphaSave] NEWGAME_SAVE stage=gam-encode result=ok esp_err=ESP_OK errno=0 path=INIT.GAM stack_margin=32768
[I][AlphaSave] NEWGAME_SAVE stage=ool-encode result=ok esp_err=ESP_OK errno=0 path=INIT.OOL stack_margin=32768
[I][AlphaSave] NEWGAME_SAVE stage=json-encode result=ok esp_err=ESP_OK errno=0 path=sidecar stack_margin=32768
[I][AlphaSave] SD_HEAP operation=write-gam-temp state=gameplay-save free_internal=67108864 free_dma=67108864 largest_dma=67108864 largest_internal=67108864 requested_dma=512
[I][AlphaSave] NEWGAME_SAVE stage=write-gam-temp result=ok esp_err=ESP_OK errno=0 path=/sd/ultima5/saves/alpha1-g0.gam.tmp stack_margin=32768
[I][AlphaSave] SD_HEAP operation=write-ool-temp state=gameplay-save free_internal=67108864 free_dma=67108864 largest_dma=67108864 largest_internal=67108864 requested_dma=512
[I][AlphaSave] NEWGAME_SAVE stage=write-ool-temp result=ok esp_err=ESP_OK errno=0 path=/sd/ultima5/saves/alpha1-g0.ool.tmp stack_margin=32768
[I][AlphaSave] SD_HEAP operation=write-json-temp state=gameplay-save free_internal=67108864 free_dma=67108864 largest_dma=67108864 largest_internal=67108864 requested_dma=512
[I][AlphaSave] NEWGAME_SAVE stage=write-json-temp result=ok esp_err=ESP_OK errno=0 path=/sd/ultima5/saves/alpha1-g0.json.tmp stack_margin=32768
[I][AlphaSave] SD_HEAP operation=crc-readback state=gameplay-save free_internal=67108864 free_dma=67108864 largest_dma=67108864 largest_internal=67108864 requested_dma=512
[I][AlphaSave] NEWGAME_SAVE stage=crc-readback result=ok esp_err=ESP_OK errno=0 path=/sd/ultima5/saves stack_margin=32768
[I][AlphaSave] NEWGAME_SAVE stage=rename-gam result=ok esp_err=ESP_OK errno=0 path=/sd/ultima5/saves/alpha1-g0.gam stack_margin=32768
[I][AlphaSave] NEWGAME_SAVE stage=rename-ool result=ok esp_err=ESP_OK errno=0 path=/sd/ultima5/saves/alpha1-g0.ool stack_margin=32768
[I][AlphaSave] NEWGAME_SAVE stage=rename-json result=ok esp_err=ESP_OK errno=0 path=/sd/ultima5/saves/alpha1-g0.json stack_margin=32768
[I][AlphaSave] NEWGAME_SAVE stage=write-commit-temp result=ok esp_err=ESP_OK errno=0 path=/sd/ultima5/saves/alpha1-g0.commit.tmp stack_margin=32768
[I][AlphaSave] NEWGAME_SAVE stage=rename-commit result=ok esp_err=ESP_OK errno=0 path=/sd/ultima5/saves/alpha1-g0.commit stack_margin=32768
[I][AlphaSave] NEWGAME_SAVE stage=semantic-validation result=ok esp_err=ESP_OK errno=0 path=/sd/ultima5/saves/alpha1-g0.commit stack_margin=32768
[I][AlphaSave] NEWGAME_SAVE stage=generation-final result=ok esp_err=ESP_OK errno=0 path=/sd/ultima5/saves/alpha1-g0.commit stack_margin=32768
[I][AlphaSave] save generation=3 save_slot=0 slot=0 time=11 ms json=369
[I][AlphaSave] SD_HEAP operation=dma-reserve-restored state=gameplay-save free_internal=67108864 free_dma=67108864 largest_dma=67108864 largest_internal=67108864 requested_dma=8192
[I][AlphaSave] SD_HEAP operation=release-reserved-dma state=load-latest free_internal=67108864 free_dma=67108864 largest_dma=67108864 largest_internal=67108864 requested_dma=8192
[I][AlphaSave] SD_HEAP operation=sd-window-open state=load-latest free_internal=67108864 free_dma=67108864 largest_dma=67108864 largest_internal=67108864 requested_dma=512
[I][AlphaSave] SAVE_SCRATCH psram_bytes=11888
[I][AlphaSave] load generation=3 save_slot=0 slot=0 time=2 ms status=0
[I][AlphaSave] SD_HEAP operation=dma-reserve-restored state=load-latest free_internal=67108864 free_dma=67108864 largest_dma=67108864 largest_internal=67108864 requested_dma=8192
  GREEN D1r   the retry in the same session succeeds, keeps slot 1 (the generation it loaded) byte for byte, and Continue restores 404
[I][AlphaSave] SD_HEAP operation=release-reserved-dma state=load-latest free_internal=67108864 free_dma=67108864 largest_dma=67108864 largest_internal=67108864 requested_dma=8192
[I][AlphaSave] SD_HEAP operation=sd-window-open state=load-latest free_internal=67108864 free_dma=67108864 largest_dma=67108864 largest_internal=67108864 requested_dma=512
[I][AlphaSave] SAVE_SCRATCH psram_bytes=11888
[I][AlphaSave] load generation=1 save_slot=0 slot=1 time=2 ms status=0
[I][AlphaSave] SD_HEAP operation=dma-reserve-restored state=load-latest free_internal=67108864 free_dma=67108864 largest_dma=67108864 largest_internal=67108864 requested_dma=8192
[I][AlphaSave] SD_HEAP operation=release-reserved-dma state=gameplay-save free_internal=67108864 free_dma=67108864 largest_dma=67108864 largest_internal=67108864 requested_dma=8192
[I][AlphaSave] SD_HEAP operation=sd-window-open state=gameplay-save free_internal=67108864 free_dma=67108864 largest_dma=67108864 largest_internal=67108864 requested_dma=512
[I][AlphaSave] NEWGAME_SAVE stage=create-root-directory result=ok esp_err=ESP_OK errno=0 path=/sd/ultima5 stack_margin=32768
[I][AlphaSave] NEWGAME_SAVE stage=create-save-directory result=ok esp_err=ESP_OK errno=0 path=/sd/ultima5/saves stack_margin=32768
[I][AlphaSave] SD_HEAP operation=free-space-before state=gameplay-save free_internal=67108864 free_dma=67108864 largest_dma=67108864 largest_internal=67108864 requested_dma=512
[I][AlphaSave] SD_HEAP operation=free-space-call-enter state=gameplay-save free_internal=67108864 free_dma=67108864 largest_dma=67108864 largest_internal=67108864 requested_dma=512
[I][AlphaSave] SD_HEAP operation=free-space-call-exit state=gameplay-save free_internal=67108864 free_dma=67108864 largest_dma=67108864 largest_internal=67108864 requested_dma=512
[I][AlphaSave] SD_HEAP operation=free-space-after state=gameplay-save free_internal=67108864 free_dma=67108864 largest_dma=67108864 largest_internal=67108864 requested_dma=512
[I][AlphaSave] SD_SPACE path=/sd api=esp_vfs_fat_info/f_getfree return=ESP_OK(0x0) errno=0 total_bytes=34359738368 free_bytes=8589934592 total_sectors=67108864 free_sectors=16777216 sector_bytes=512
[I][AlphaSave] NEWGAME_SAVE stage=free-space-query result=ok esp_err=ESP_OK errno=0 path=/sd stack_margin=32768
[I][AlphaSave] NEWGAME_SAVE stage=free-space result=ok esp_err=ESP_OK errno=0 path=/sd stack_margin=32768
[I][AlphaSave] SAVE_TARGET save_slot=0 newest=0 accepted=0 slot=0 keep=1 sequence=3
[I][AlphaSave] NEWGAME_SAVE stage=gam-encode result=ok esp_err=ESP_OK errno=0 path=INIT.GAM stack_margin=32768
[I][AlphaSave] NEWGAME_SAVE stage=ool-encode result=ok esp_err=ESP_OK errno=0 path=INIT.OOL stack_margin=32768
[I][AlphaSave] NEWGAME_SAVE stage=json-encode result=ok esp_err=ESP_OK errno=0 path=sidecar stack_margin=32768
[I][AlphaSave] SD_HEAP operation=write-gam-temp state=gameplay-save free_internal=67108864 free_dma=67108864 largest_dma=67108864 largest_internal=67108864 requested_dma=512
[I][AlphaSave] NEWGAME_SAVE stage=write-gam-temp result=ok esp_err=ESP_OK errno=0 path=/sd/ultima5/saves/alpha1-g0.gam.tmp stack_margin=32768
[I][AlphaSave] SD_HEAP operation=write-ool-temp state=gameplay-save free_internal=67108864 free_dma=67108864 largest_dma=67108864 largest_internal=67108864 requested_dma=512
[I][AlphaSave] NEWGAME_SAVE stage=write-ool-temp result=ok esp_err=ESP_OK errno=0 path=/sd/ultima5/saves/alpha1-g0.ool.tmp stack_margin=32768
[I][AlphaSave] SD_HEAP operation=write-json-temp state=gameplay-save free_internal=67108864 free_dma=67108864 largest_dma=67108864 largest_internal=67108864 requested_dma=512
[I][AlphaSave] NEWGAME_SAVE stage=write-json-temp result=ok esp_err=ESP_OK errno=0 path=/sd/ultima5/saves/alpha1-g0.json.tmp stack_margin=32768
[I][AlphaSave] SD_HEAP operation=crc-readback state=gameplay-save free_internal=67108864 free_dma=67108864 largest_dma=67108864 largest_internal=67108864 requested_dma=512
[I][AlphaSave] NEWGAME_SAVE stage=crc-readback result=fail esp_err=ESP_FAIL errno=2 path=/sd/ultima5/saves stack_margin=32768
[E][AlphaSave] slot 0 generation 0 save failed (errno=2); previous generation retained
[I][AlphaSave] save generation=3 save_slot=0 slot=0 time=2 ms json=369
[I][AlphaSave] SD_HEAP operation=dma-reserve-restored state=gameplay-save free_internal=67108864 free_dma=67108864 largest_dma=67108864 largest_internal=67108864 requested_dma=8192
[I][AlphaSave] SD_HEAP operation=release-reserved-dma state=load-latest free_internal=67108864 free_dma=67108864 largest_dma=67108864 largest_internal=67108864 requested_dma=8192
[I][AlphaSave] SD_HEAP operation=sd-window-open state=load-latest free_internal=67108864 free_dma=67108864 largest_dma=67108864 largest_internal=67108864 requested_dma=512
[I][AlphaSave] SAVE_SCRATCH psram_bytes=11888
[I][AlphaSave] load generation=1 save_slot=0 slot=1 time=2 ms status=0
[I][AlphaSave] SD_HEAP operation=dma-reserve-restored state=load-latest free_internal=67108864 free_dma=67108864 largest_dma=67108864 largest_internal=67108864 requested_dma=8192
         D2: save=failed, slot 1 kept=yes, boot load gold=401; crc-readback failed (errno 2)
  GREEN D2    the CRC readback fails (short read of a temp): the save reports failure, slot 1 (401) is byte for byte, Continue recovers
[I][AlphaSave] SD_HEAP operation=release-reserved-dma state=load-latest free_internal=67108864 free_dma=67108864 largest_dma=67108864 largest_internal=67108864 requested_dma=8192
[I][AlphaSave] SD_HEAP operation=sd-window-open state=load-latest free_internal=67108864 free_dma=67108864 largest_dma=67108864 largest_internal=67108864 requested_dma=512
[I][AlphaSave] load generation=1 save_slot=0 slot=1 time=2 ms status=0
[I][AlphaSave] SD_HEAP operation=dma-reserve-restored state=load-latest free_internal=67108864 free_dma=67108864 largest_dma=67108864 largest_internal=67108864 requested_dma=8192
[I][AlphaSave] SD_HEAP operation=release-reserved-dma state=gameplay-save free_internal=67108864 free_dma=67108864 largest_dma=67108864 largest_internal=67108864 requested_dma=8192
[I][AlphaSave] SD_HEAP operation=sd-window-open state=gameplay-save free_internal=67108864 free_dma=67108864 largest_dma=67108864 largest_internal=67108864 requested_dma=512
[I][AlphaSave] NEWGAME_SAVE stage=create-root-directory result=ok esp_err=ESP_OK errno=0 path=/sd/ultima5 stack_margin=32768
[I][AlphaSave] NEWGAME_SAVE stage=create-save-directory result=ok esp_err=ESP_OK errno=0 path=/sd/ultima5/saves stack_margin=32768
[I][AlphaSave] SD_HEAP operation=free-space-before state=gameplay-save free_internal=67108864 free_dma=67108864 largest_dma=67108864 largest_internal=67108864 requested_dma=512
[I][AlphaSave] SD_HEAP operation=free-space-call-enter state=gameplay-save free_internal=67108864 free_dma=67108864 largest_dma=67108864 largest_internal=67108864 requested_dma=512
[I][AlphaSave] SD_HEAP operation=free-space-call-exit state=gameplay-save free_internal=67108864 free_dma=67108864 largest_dma=67108864 largest_internal=67108864 requested_dma=512
[I][AlphaSave] SD_HEAP operation=free-space-after state=gameplay-save free_internal=67108864 free_dma=67108864 largest_dma=67108864 largest_internal=67108864 requested_dma=512
[I][AlphaSave] SD_SPACE path=/sd api=esp_vfs_fat_info/f_getfree return=ESP_OK(0x0) errno=0 total_bytes=34359738368 free_bytes=8589934592 total_sectors=67108864 free_sectors=16777216 sector_bytes=512
[I][AlphaSave] NEWGAME_SAVE stage=free-space-query result=ok esp_err=ESP_OK errno=0 path=/sd stack_margin=32768
[I][AlphaSave] NEWGAME_SAVE stage=free-space result=ok esp_err=ESP_OK errno=0 path=/sd stack_margin=32768
[I][AlphaSave] SAVE_TARGET save_slot=0 newest=0 accepted=0 slot=0 keep=1 sequence=3
[I][AlphaSave] NEWGAME_SAVE stage=gam-encode result=ok esp_err=ESP_OK errno=0 path=INIT.GAM stack_margin=32768
[I][AlphaSave] NEWGAME_SAVE stage=ool-encode result=ok esp_err=ESP_OK errno=0 path=INIT.OOL stack_margin=32768
[I][AlphaSave] NEWGAME_SAVE stage=json-encode result=ok esp_err=ESP_OK errno=0 path=sidecar stack_margin=32768
[I][AlphaSave] SD_HEAP operation=write-gam-temp state=gameplay-save free_internal=67108864 free_dma=67108864 largest_dma=67108864 largest_internal=67108864 requested_dma=512
[I][AlphaSave] NEWGAME_SAVE stage=write-gam-temp result=ok esp_err=ESP_OK errno=0 path=/sd/ultima5/saves/alpha1-g0.gam.tmp stack_margin=32768
[I][AlphaSave] SD_HEAP operation=write-ool-temp state=gameplay-save free_internal=67108864 free_dma=67108864 largest_dma=67108864 largest_internal=67108864 requested_dma=512
[I][AlphaSave] NEWGAME_SAVE stage=write-ool-temp result=ok esp_err=ESP_OK errno=0 path=/sd/ultima5/saves/alpha1-g0.ool.tmp stack_margin=32768
[I][AlphaSave] SD_HEAP operation=write-json-temp state=gameplay-save free_internal=67108864 free_dma=67108864 largest_dma=67108864 largest_internal=67108864 requested_dma=512
[I][AlphaSave] NEWGAME_SAVE stage=write-json-temp result=ok esp_err=ESP_OK errno=0 path=/sd/ultima5/saves/alpha1-g0.json.tmp stack_margin=32768
[I][AlphaSave] SD_HEAP operation=crc-readback state=gameplay-save free_internal=67108864 free_dma=67108864 largest_dma=67108864 largest_internal=67108864 requested_dma=512
[I][AlphaSave] NEWGAME_SAVE stage=crc-readback result=ok esp_err=ESP_OK errno=0 path=/sd/ultima5/saves stack_margin=32768
[I][AlphaSave] NEWGAME_SAVE stage=rename-gam result=ok esp_err=ESP_OK errno=0 path=/sd/ultima5/saves/alpha1-g0.gam stack_margin=32768
[I][AlphaSave] NEWGAME_SAVE stage=rename-ool result=ok esp_err=ESP_OK errno=0 path=/sd/ultima5/saves/alpha1-g0.ool stack_margin=32768
[I][AlphaSave] NEWGAME_SAVE stage=rename-json result=ok esp_err=ESP_OK errno=0 path=/sd/ultima5/saves/alpha1-g0.json stack_margin=32768
[I][AlphaSave] NEWGAME_SAVE stage=write-commit-temp result=ok esp_err=ESP_OK errno=0 path=/sd/ultima5/saves/alpha1-g0.commit.tmp stack_margin=32768
[I][AlphaSave] NEWGAME_SAVE stage=rename-commit result=ok esp_err=ESP_OK errno=0 path=/sd/ultima5/saves/alpha1-g0.commit stack_margin=32768
[I][AlphaSave] NEWGAME_SAVE stage=semantic-validation result=ok esp_err=ESP_OK errno=0 path=/sd/ultima5/saves/alpha1-g0.commit stack_margin=32768
[I][AlphaSave] NEWGAME_SAVE stage=generation-final result=ok esp_err=ESP_OK errno=0 path=/sd/ultima5/saves/alpha1-g0.commit stack_margin=32768
[I][AlphaSave] save generation=3 save_slot=0 slot=0 time=8 ms json=369
[I][AlphaSave] SD_HEAP operation=dma-reserve-restored state=gameplay-save free_internal=67108864 free_dma=67108864 largest_dma=67108864 largest_internal=67108864 requested_dma=8192
[I][AlphaSave] SD_HEAP operation=release-reserved-dma state=load-latest free_internal=67108864 free_dma=67108864 largest_dma=67108864 largest_internal=67108864 requested_dma=8192
[I][AlphaSave] SD_HEAP operation=sd-window-open state=load-latest free_internal=67108864 free_dma=67108864 largest_dma=67108864 largest_internal=67108864 requested_dma=512
[I][AlphaSave] SAVE_SCRATCH psram_bytes=11888
[I][AlphaSave] load generation=3 save_slot=0 slot=0 time=2 ms status=0
[I][AlphaSave] SD_HEAP operation=dma-reserve-restored state=load-latest free_internal=67108864 free_dma=67108864 largest_dma=67108864 largest_internal=67108864 requested_dma=8192
  GREEN D2r   the retry in the same session succeeds, keeps slot 1 (the generation it loaded) byte for byte, and Continue restores 404
[I][AlphaSave] SD_HEAP operation=release-reserved-dma state=load-latest free_internal=67108864 free_dma=67108864 largest_dma=67108864 largest_internal=67108864 requested_dma=8192
[I][AlphaSave] SD_HEAP operation=sd-window-open state=load-latest free_internal=67108864 free_dma=67108864 largest_dma=67108864 largest_internal=67108864 requested_dma=512
[I][AlphaSave] SAVE_SCRATCH psram_bytes=11888
[I][AlphaSave] load generation=1 save_slot=0 slot=1 time=2 ms status=0
[I][AlphaSave] SD_HEAP operation=dma-reserve-restored state=load-latest free_internal=67108864 free_dma=67108864 largest_dma=67108864 largest_internal=67108864 requested_dma=8192
[I][AlphaSave] SD_HEAP operation=release-reserved-dma state=gameplay-save free_internal=67108864 free_dma=67108864 largest_dma=67108864 largest_internal=67108864 requested_dma=8192
[I][AlphaSave] SD_HEAP operation=sd-window-open state=gameplay-save free_internal=67108864 free_dma=67108864 largest_dma=67108864 largest_internal=67108864 requested_dma=512
[I][AlphaSave] NEWGAME_SAVE stage=create-root-directory result=ok esp_err=ESP_OK errno=0 path=/sd/ultima5 stack_margin=32768
[I][AlphaSave] NEWGAME_SAVE stage=create-save-directory result=ok esp_err=ESP_OK errno=0 path=/sd/ultima5/saves stack_margin=32768
[I][AlphaSave] SD_HEAP operation=free-space-before state=gameplay-save free_internal=67108864 free_dma=67108864 largest_dma=67108864 largest_internal=67108864 requested_dma=512
[I][AlphaSave] SD_HEAP operation=free-space-call-enter state=gameplay-save free_internal=67108864 free_dma=67108864 largest_dma=67108864 largest_internal=67108864 requested_dma=512
[I][AlphaSave] SD_HEAP operation=free-space-call-exit state=gameplay-save free_internal=67108864 free_dma=67108864 largest_dma=67108864 largest_internal=67108864 requested_dma=512
[I][AlphaSave] SD_HEAP operation=free-space-after state=gameplay-save free_internal=67108864 free_dma=67108864 largest_dma=67108864 largest_internal=67108864 requested_dma=512
[I][AlphaSave] SD_SPACE path=/sd api=esp_vfs_fat_info/f_getfree return=ESP_OK(0x0) errno=0 total_bytes=34359738368 free_bytes=8589934592 total_sectors=67108864 free_sectors=16777216 sector_bytes=512
[I][AlphaSave] NEWGAME_SAVE stage=free-space-query result=ok esp_err=ESP_OK errno=0 path=/sd stack_margin=32768
[I][AlphaSave] NEWGAME_SAVE stage=free-space result=ok esp_err=ESP_OK errno=0 path=/sd stack_margin=32768
[I][AlphaSave] SAVE_TARGET save_slot=0 newest=0 accepted=0 slot=0 keep=1 sequence=3
[I][AlphaSave] NEWGAME_SAVE stage=gam-encode result=ok esp_err=ESP_OK errno=0 path=INIT.GAM stack_margin=32768
[I][AlphaSave] NEWGAME_SAVE stage=ool-encode result=ok esp_err=ESP_OK errno=0 path=INIT.OOL stack_margin=32768
[I][AlphaSave] NEWGAME_SAVE stage=json-encode result=ok esp_err=ESP_OK errno=0 path=sidecar stack_margin=32768
[I][AlphaSave] SD_HEAP operation=write-gam-temp state=gameplay-save free_internal=67108864 free_dma=67108864 largest_dma=67108864 largest_internal=67108864 requested_dma=512
[I][AlphaSave] NEWGAME_SAVE stage=write-gam-temp result=ok esp_err=ESP_OK errno=0 path=/sd/ultima5/saves/alpha1-g0.gam.tmp stack_margin=32768
[I][AlphaSave] SD_HEAP operation=write-ool-temp state=gameplay-save free_internal=67108864 free_dma=67108864 largest_dma=67108864 largest_internal=67108864 requested_dma=512
[I][AlphaSave] NEWGAME_SAVE stage=write-ool-temp result=ok esp_err=ESP_OK errno=0 path=/sd/ultima5/saves/alpha1-g0.ool.tmp stack_margin=32768
[I][AlphaSave] SD_HEAP operation=write-json-temp state=gameplay-save free_internal=67108864 free_dma=67108864 largest_dma=67108864 largest_internal=67108864 requested_dma=512
[I][AlphaSave] NEWGAME_SAVE stage=write-json-temp result=ok esp_err=ESP_OK errno=0 path=/sd/ultima5/saves/alpha1-g0.json.tmp stack_margin=32768
[I][AlphaSave] SD_HEAP operation=crc-readback state=gameplay-save free_internal=67108864 free_dma=67108864 largest_dma=67108864 largest_internal=67108864 requested_dma=512
[I][AlphaSave] NEWGAME_SAVE stage=crc-readback result=ok esp_err=ESP_OK errno=0 path=/sd/ultima5/saves stack_margin=32768
[I][AlphaSave] NEWGAME_SAVE stage=rename-gam result=fail esp_err=ESP_FAIL errno=5 path=/sd/ultima5/saves/alpha1-g0.gam stack_margin=32768
[E][AlphaSave] slot 0 generation 0 save failed (errno=5); previous generation retained
[I][AlphaSave] save generation=3 save_slot=0 slot=0 time=2 ms json=369
[I][AlphaSave] SD_HEAP operation=dma-reserve-restored state=gameplay-save free_internal=67108864 free_dma=67108864 largest_dma=67108864 largest_internal=67108864 requested_dma=8192
[I][AlphaSave] SD_HEAP operation=release-reserved-dma state=load-latest free_internal=67108864 free_dma=67108864 largest_dma=67108864 largest_internal=67108864 requested_dma=8192
[I][AlphaSave] SD_HEAP operation=sd-window-open state=load-latest free_internal=67108864 free_dma=67108864 largest_dma=67108864 largest_internal=67108864 requested_dma=512
[I][AlphaSave] SAVE_SCRATCH psram_bytes=11888
[I][AlphaSave] load generation=1 save_slot=0 slot=1 time=1 ms status=0
[I][AlphaSave] SD_HEAP operation=dma-reserve-restored state=load-latest free_internal=67108864 free_dma=67108864 largest_dma=67108864 largest_internal=67108864 requested_dma=8192
         D3: save=failed, slot 1 kept=yes, boot load gold=401; rename-gam failed (errno 5)
  GREEN D3    the first rename (gam) fails: the save reports failure, slot 1 (401) is byte for byte, Continue recovers
[I][AlphaSave] SD_HEAP operation=release-reserved-dma state=load-latest free_internal=67108864 free_dma=67108864 largest_dma=67108864 largest_internal=67108864 requested_dma=8192
[I][AlphaSave] SD_HEAP operation=sd-window-open state=load-latest free_internal=67108864 free_dma=67108864 largest_dma=67108864 largest_internal=67108864 requested_dma=512
[I][AlphaSave] load generation=1 save_slot=0 slot=1 time=1 ms status=0
[I][AlphaSave] SD_HEAP operation=dma-reserve-restored state=load-latest free_internal=67108864 free_dma=67108864 largest_dma=67108864 largest_internal=67108864 requested_dma=8192
[I][AlphaSave] SD_HEAP operation=release-reserved-dma state=gameplay-save free_internal=67108864 free_dma=67108864 largest_dma=67108864 largest_internal=67108864 requested_dma=8192
[I][AlphaSave] SD_HEAP operation=sd-window-open state=gameplay-save free_internal=67108864 free_dma=67108864 largest_dma=67108864 largest_internal=67108864 requested_dma=512
[I][AlphaSave] NEWGAME_SAVE stage=create-root-directory result=ok esp_err=ESP_OK errno=0 path=/sd/ultima5 stack_margin=32768
[I][AlphaSave] NEWGAME_SAVE stage=create-save-directory result=ok esp_err=ESP_OK errno=0 path=/sd/ultima5/saves stack_margin=32768
[I][AlphaSave] SD_HEAP operation=free-space-before state=gameplay-save free_internal=67108864 free_dma=67108864 largest_dma=67108864 largest_internal=67108864 requested_dma=512
[I][AlphaSave] SD_HEAP operation=free-space-call-enter state=gameplay-save free_internal=67108864 free_dma=67108864 largest_dma=67108864 largest_internal=67108864 requested_dma=512
[I][AlphaSave] SD_HEAP operation=free-space-call-exit state=gameplay-save free_internal=67108864 free_dma=67108864 largest_dma=67108864 largest_internal=67108864 requested_dma=512
[I][AlphaSave] SD_HEAP operation=free-space-after state=gameplay-save free_internal=67108864 free_dma=67108864 largest_dma=67108864 largest_internal=67108864 requested_dma=512
[I][AlphaSave] SD_SPACE path=/sd api=esp_vfs_fat_info/f_getfree return=ESP_OK(0x0) errno=0 total_bytes=34359738368 free_bytes=8589934592 total_sectors=67108864 free_sectors=16777216 sector_bytes=512
[I][AlphaSave] NEWGAME_SAVE stage=free-space-query result=ok esp_err=ESP_OK errno=0 path=/sd stack_margin=32768
[I][AlphaSave] NEWGAME_SAVE stage=free-space result=ok esp_err=ESP_OK errno=0 path=/sd stack_margin=32768
[I][AlphaSave] SAVE_TARGET save_slot=0 newest=0 accepted=0 slot=0 keep=1 sequence=3
[I][AlphaSave] NEWGAME_SAVE stage=gam-encode result=ok esp_err=ESP_OK errno=0 path=INIT.GAM stack_margin=32768
[I][AlphaSave] NEWGAME_SAVE stage=ool-encode result=ok esp_err=ESP_OK errno=0 path=INIT.OOL stack_margin=32768
[I][AlphaSave] NEWGAME_SAVE stage=json-encode result=ok esp_err=ESP_OK errno=0 path=sidecar stack_margin=32768
[I][AlphaSave] SD_HEAP operation=write-gam-temp state=gameplay-save free_internal=67108864 free_dma=67108864 largest_dma=67108864 largest_internal=67108864 requested_dma=512
[I][AlphaSave] NEWGAME_SAVE stage=write-gam-temp result=ok esp_err=ESP_OK errno=0 path=/sd/ultima5/saves/alpha1-g0.gam.tmp stack_margin=32768
[I][AlphaSave] SD_HEAP operation=write-ool-temp state=gameplay-save free_internal=67108864 free_dma=67108864 largest_dma=67108864 largest_internal=67108864 requested_dma=512
[I][AlphaSave] NEWGAME_SAVE stage=write-ool-temp result=ok esp_err=ESP_OK errno=0 path=/sd/ultima5/saves/alpha1-g0.ool.tmp stack_margin=32768
[I][AlphaSave] SD_HEAP operation=write-json-temp state=gameplay-save free_internal=67108864 free_dma=67108864 largest_dma=67108864 largest_internal=67108864 requested_dma=512
[I][AlphaSave] NEWGAME_SAVE stage=write-json-temp result=ok esp_err=ESP_OK errno=0 path=/sd/ultima5/saves/alpha1-g0.json.tmp stack_margin=32768
[I][AlphaSave] SD_HEAP operation=crc-readback state=gameplay-save free_internal=67108864 free_dma=67108864 largest_dma=67108864 largest_internal=67108864 requested_dma=512
[I][AlphaSave] NEWGAME_SAVE stage=crc-readback result=ok esp_err=ESP_OK errno=0 path=/sd/ultima5/saves stack_margin=32768
[I][AlphaSave] NEWGAME_SAVE stage=rename-gam result=ok esp_err=ESP_OK errno=0 path=/sd/ultima5/saves/alpha1-g0.gam stack_margin=32768
[I][AlphaSave] NEWGAME_SAVE stage=rename-ool result=ok esp_err=ESP_OK errno=0 path=/sd/ultima5/saves/alpha1-g0.ool stack_margin=32768
[I][AlphaSave] NEWGAME_SAVE stage=rename-json result=ok esp_err=ESP_OK errno=0 path=/sd/ultima5/saves/alpha1-g0.json stack_margin=32768
[I][AlphaSave] NEWGAME_SAVE stage=write-commit-temp result=ok esp_err=ESP_OK errno=0 path=/sd/ultima5/saves/alpha1-g0.commit.tmp stack_margin=32768
[I][AlphaSave] NEWGAME_SAVE stage=rename-commit result=ok esp_err=ESP_OK errno=0 path=/sd/ultima5/saves/alpha1-g0.commit stack_margin=32768
[I][AlphaSave] NEWGAME_SAVE stage=semantic-validation result=ok esp_err=ESP_OK errno=0 path=/sd/ultima5/saves/alpha1-g0.commit stack_margin=32768
[I][AlphaSave] NEWGAME_SAVE stage=generation-final result=ok esp_err=ESP_OK errno=0 path=/sd/ultima5/saves/alpha1-g0.commit stack_margin=32768
[I][AlphaSave] save generation=3 save_slot=0 slot=0 time=4 ms json=369
[I][AlphaSave] SD_HEAP operation=dma-reserve-restored state=gameplay-save free_internal=67108864 free_dma=67108864 largest_dma=67108864 largest_internal=67108864 requested_dma=8192
[I][AlphaSave] SD_HEAP operation=release-reserved-dma state=load-latest free_internal=67108864 free_dma=67108864 largest_dma=67108864 largest_internal=67108864 requested_dma=8192
[I][AlphaSave] SD_HEAP operation=sd-window-open state=load-latest free_internal=67108864 free_dma=67108864 largest_dma=67108864 largest_internal=67108864 requested_dma=512
[I][AlphaSave] SAVE_SCRATCH psram_bytes=11888
[I][AlphaSave] load generation=3 save_slot=0 slot=0 time=2 ms status=0
[I][AlphaSave] SD_HEAP operation=dma-reserve-restored state=load-latest free_internal=67108864 free_dma=67108864 largest_dma=67108864 largest_internal=67108864 requested_dma=8192
  GREEN D3r   the retry in the same session succeeds, keeps slot 1 (the generation it loaded) byte for byte, and Continue restores 404
[I][AlphaSave] SD_HEAP operation=release-reserved-dma state=load-latest free_internal=67108864 free_dma=67108864 largest_dma=67108864 largest_internal=67108864 requested_dma=8192
[I][AlphaSave] SD_HEAP operation=sd-window-open state=load-latest free_internal=67108864 free_dma=67108864 largest_dma=67108864 largest_internal=67108864 requested_dma=512
[I][AlphaSave] SAVE_SCRATCH psram_bytes=11888
[I][AlphaSave] load generation=1 save_slot=0 slot=1 time=2 ms status=0
[I][AlphaSave] SD_HEAP operation=dma-reserve-restored state=load-latest free_internal=67108864 free_dma=67108864 largest_dma=67108864 largest_internal=67108864 requested_dma=8192
[I][AlphaSave] SD_HEAP operation=release-reserved-dma state=gameplay-save free_internal=67108864 free_dma=67108864 largest_dma=67108864 largest_internal=67108864 requested_dma=8192
[I][AlphaSave] SD_HEAP operation=sd-window-open state=gameplay-save free_internal=67108864 free_dma=67108864 largest_dma=67108864 largest_internal=67108864 requested_dma=512
[I][AlphaSave] NEWGAME_SAVE stage=create-root-directory result=ok esp_err=ESP_OK errno=0 path=/sd/ultima5 stack_margin=32768
[I][AlphaSave] NEWGAME_SAVE stage=create-save-directory result=ok esp_err=ESP_OK errno=0 path=/sd/ultima5/saves stack_margin=32768
[I][AlphaSave] SD_HEAP operation=free-space-before state=gameplay-save free_internal=67108864 free_dma=67108864 largest_dma=67108864 largest_internal=67108864 requested_dma=512
[I][AlphaSave] SD_HEAP operation=free-space-call-enter state=gameplay-save free_internal=67108864 free_dma=67108864 largest_dma=67108864 largest_internal=67108864 requested_dma=512
[I][AlphaSave] SD_HEAP operation=free-space-call-exit state=gameplay-save free_internal=67108864 free_dma=67108864 largest_dma=67108864 largest_internal=67108864 requested_dma=512
[I][AlphaSave] SD_HEAP operation=free-space-after state=gameplay-save free_internal=67108864 free_dma=67108864 largest_dma=67108864 largest_internal=67108864 requested_dma=512
[I][AlphaSave] SD_SPACE path=/sd api=esp_vfs_fat_info/f_getfree return=ESP_OK(0x0) errno=0 total_bytes=34359738368 free_bytes=8589934592 total_sectors=67108864 free_sectors=16777216 sector_bytes=512
[I][AlphaSave] NEWGAME_SAVE stage=free-space-query result=ok esp_err=ESP_OK errno=0 path=/sd stack_margin=32768
[I][AlphaSave] NEWGAME_SAVE stage=free-space result=ok esp_err=ESP_OK errno=0 path=/sd stack_margin=32768
[I][AlphaSave] SAVE_TARGET save_slot=0 newest=0 accepted=0 slot=0 keep=1 sequence=3
[I][AlphaSave] NEWGAME_SAVE stage=gam-encode result=ok esp_err=ESP_OK errno=0 path=INIT.GAM stack_margin=32768
[I][AlphaSave] NEWGAME_SAVE stage=ool-encode result=ok esp_err=ESP_OK errno=0 path=INIT.OOL stack_margin=32768
[I][AlphaSave] NEWGAME_SAVE stage=json-encode result=ok esp_err=ESP_OK errno=0 path=sidecar stack_margin=32768
[I][AlphaSave] SD_HEAP operation=write-gam-temp state=gameplay-save free_internal=67108864 free_dma=67108864 largest_dma=67108864 largest_internal=67108864 requested_dma=512
[I][AlphaSave] NEWGAME_SAVE stage=write-gam-temp result=ok esp_err=ESP_OK errno=0 path=/sd/ultima5/saves/alpha1-g0.gam.tmp stack_margin=32768
[I][AlphaSave] SD_HEAP operation=write-ool-temp state=gameplay-save free_internal=67108864 free_dma=67108864 largest_dma=67108864 largest_internal=67108864 requested_dma=512
[I][AlphaSave] NEWGAME_SAVE stage=write-ool-temp result=ok esp_err=ESP_OK errno=0 path=/sd/ultima5/saves/alpha1-g0.ool.tmp stack_margin=32768
[I][AlphaSave] SD_HEAP operation=write-json-temp state=gameplay-save free_internal=67108864 free_dma=67108864 largest_dma=67108864 largest_internal=67108864 requested_dma=512
[I][AlphaSave] NEWGAME_SAVE stage=write-json-temp result=ok esp_err=ESP_OK errno=0 path=/sd/ultima5/saves/alpha1-g0.json.tmp stack_margin=32768
[I][AlphaSave] SD_HEAP operation=crc-readback state=gameplay-save free_internal=67108864 free_dma=67108864 largest_dma=67108864 largest_internal=67108864 requested_dma=512
[I][AlphaSave] NEWGAME_SAVE stage=crc-readback result=ok esp_err=ESP_OK errno=0 path=/sd/ultima5/saves stack_margin=32768
[I][AlphaSave] NEWGAME_SAVE stage=rename-gam result=ok esp_err=ESP_OK errno=0 path=/sd/ultima5/saves/alpha1-g0.gam stack_margin=32768
[I][AlphaSave] NEWGAME_SAVE stage=rename-ool result=ok esp_err=ESP_OK errno=0 path=/sd/ultima5/saves/alpha1-g0.ool stack_margin=32768
[I][AlphaSave] NEWGAME_SAVE stage=rename-json result=fail esp_err=ESP_FAIL errno=5 path=/sd/ultima5/saves/alpha1-g0.json stack_margin=32768
[E][AlphaSave] slot 0 generation 0 save failed (errno=5); previous generation retained
[I][AlphaSave] save generation=3 save_slot=0 slot=0 time=3 ms json=369
[I][AlphaSave] SD_HEAP operation=dma-reserve-restored state=gameplay-save free_internal=67108864 free_dma=67108864 largest_dma=67108864 largest_internal=67108864 requested_dma=8192
[I][AlphaSave] SD_HEAP operation=release-reserved-dma state=load-latest free_internal=67108864 free_dma=67108864 largest_dma=67108864 largest_internal=67108864 requested_dma=8192
[I][AlphaSave] SD_HEAP operation=sd-window-open state=load-latest free_internal=67108864 free_dma=67108864 largest_dma=67108864 largest_internal=67108864 requested_dma=512
[I][AlphaSave] SAVE_SCRATCH psram_bytes=11888
[I][AlphaSave] load generation=1 save_slot=0 slot=1 time=1 ms status=0
[I][AlphaSave] SD_HEAP operation=dma-reserve-restored state=load-latest free_internal=67108864 free_dma=67108864 largest_dma=67108864 largest_internal=67108864 requested_dma=8192
         D4: save=failed, slot 1 kept=yes, boot load gold=401; rename-json failed (errno 5)
  GREEN D4    the sidecar rename fails (gam, ool already replaced): the save reports failure, slot 1 (401) is byte for byte, Continue recovers
[I][AlphaSave] SD_HEAP operation=release-reserved-dma state=load-latest free_internal=67108864 free_dma=67108864 largest_dma=67108864 largest_internal=67108864 requested_dma=8192
[I][AlphaSave] SD_HEAP operation=sd-window-open state=load-latest free_internal=67108864 free_dma=67108864 largest_dma=67108864 largest_internal=67108864 requested_dma=512
[I][AlphaSave] load generation=1 save_slot=0 slot=1 time=1 ms status=0
[I][AlphaSave] SD_HEAP operation=dma-reserve-restored state=load-latest free_internal=67108864 free_dma=67108864 largest_dma=67108864 largest_internal=67108864 requested_dma=8192
[I][AlphaSave] SD_HEAP operation=release-reserved-dma state=gameplay-save free_internal=67108864 free_dma=67108864 largest_dma=67108864 largest_internal=67108864 requested_dma=8192
[I][AlphaSave] SD_HEAP operation=sd-window-open state=gameplay-save free_internal=67108864 free_dma=67108864 largest_dma=67108864 largest_internal=67108864 requested_dma=512
[I][AlphaSave] NEWGAME_SAVE stage=create-root-directory result=ok esp_err=ESP_OK errno=0 path=/sd/ultima5 stack_margin=32768
[I][AlphaSave] NEWGAME_SAVE stage=create-save-directory result=ok esp_err=ESP_OK errno=0 path=/sd/ultima5/saves stack_margin=32768
[I][AlphaSave] SD_HEAP operation=free-space-before state=gameplay-save free_internal=67108864 free_dma=67108864 largest_dma=67108864 largest_internal=67108864 requested_dma=512
[I][AlphaSave] SD_HEAP operation=free-space-call-enter state=gameplay-save free_internal=67108864 free_dma=67108864 largest_dma=67108864 largest_internal=67108864 requested_dma=512
[I][AlphaSave] SD_HEAP operation=free-space-call-exit state=gameplay-save free_internal=67108864 free_dma=67108864 largest_dma=67108864 largest_internal=67108864 requested_dma=512
[I][AlphaSave] SD_HEAP operation=free-space-after state=gameplay-save free_internal=67108864 free_dma=67108864 largest_dma=67108864 largest_internal=67108864 requested_dma=512
[I][AlphaSave] SD_SPACE path=/sd api=esp_vfs_fat_info/f_getfree return=ESP_OK(0x0) errno=0 total_bytes=34359738368 free_bytes=8589934592 total_sectors=67108864 free_sectors=16777216 sector_bytes=512
[I][AlphaSave] NEWGAME_SAVE stage=free-space-query result=ok esp_err=ESP_OK errno=0 path=/sd stack_margin=32768
[I][AlphaSave] NEWGAME_SAVE stage=free-space result=ok esp_err=ESP_OK errno=0 path=/sd stack_margin=32768
[I][AlphaSave] SAVE_TARGET save_slot=0 newest=0 accepted=0 slot=0 keep=1 sequence=3
[I][AlphaSave] NEWGAME_SAVE stage=gam-encode result=ok esp_err=ESP_OK errno=0 path=INIT.GAM stack_margin=32768
[I][AlphaSave] NEWGAME_SAVE stage=ool-encode result=ok esp_err=ESP_OK errno=0 path=INIT.OOL stack_margin=32768
[I][AlphaSave] NEWGAME_SAVE stage=json-encode result=ok esp_err=ESP_OK errno=0 path=sidecar stack_margin=32768
[I][AlphaSave] SD_HEAP operation=write-gam-temp state=gameplay-save free_internal=67108864 free_dma=67108864 largest_dma=67108864 largest_internal=67108864 requested_dma=512
[I][AlphaSave] NEWGAME_SAVE stage=write-gam-temp result=ok esp_err=ESP_OK errno=0 path=/sd/ultima5/saves/alpha1-g0.gam.tmp stack_margin=32768
[I][AlphaSave] SD_HEAP operation=write-ool-temp state=gameplay-save free_internal=67108864 free_dma=67108864 largest_dma=67108864 largest_internal=67108864 requested_dma=512
[I][AlphaSave] NEWGAME_SAVE stage=write-ool-temp result=ok esp_err=ESP_OK errno=0 path=/sd/ultima5/saves/alpha1-g0.ool.tmp stack_margin=32768
[I][AlphaSave] SD_HEAP operation=write-json-temp state=gameplay-save free_internal=67108864 free_dma=67108864 largest_dma=67108864 largest_internal=67108864 requested_dma=512
[I][AlphaSave] NEWGAME_SAVE stage=write-json-temp result=ok esp_err=ESP_OK errno=0 path=/sd/ultima5/saves/alpha1-g0.json.tmp stack_margin=32768
[I][AlphaSave] SD_HEAP operation=crc-readback state=gameplay-save free_internal=67108864 free_dma=67108864 largest_dma=67108864 largest_internal=67108864 requested_dma=512
[I][AlphaSave] NEWGAME_SAVE stage=crc-readback result=ok esp_err=ESP_OK errno=0 path=/sd/ultima5/saves stack_margin=32768
[I][AlphaSave] NEWGAME_SAVE stage=rename-gam result=ok esp_err=ESP_OK errno=0 path=/sd/ultima5/saves/alpha1-g0.gam stack_margin=32768
[I][AlphaSave] NEWGAME_SAVE stage=rename-ool result=ok esp_err=ESP_OK errno=0 path=/sd/ultima5/saves/alpha1-g0.ool stack_margin=32768
[I][AlphaSave] NEWGAME_SAVE stage=rename-json result=ok esp_err=ESP_OK errno=0 path=/sd/ultima5/saves/alpha1-g0.json stack_margin=32768
[I][AlphaSave] NEWGAME_SAVE stage=write-commit-temp result=ok esp_err=ESP_OK errno=0 path=/sd/ultima5/saves/alpha1-g0.commit.tmp stack_margin=32768
[I][AlphaSave] NEWGAME_SAVE stage=rename-commit result=ok esp_err=ESP_OK errno=0 path=/sd/ultima5/saves/alpha1-g0.commit stack_margin=32768
[I][AlphaSave] NEWGAME_SAVE stage=semantic-validation result=ok esp_err=ESP_OK errno=0 path=/sd/ultima5/saves/alpha1-g0.commit stack_margin=32768
[I][AlphaSave] NEWGAME_SAVE stage=generation-final result=ok esp_err=ESP_OK errno=0 path=/sd/ultima5/saves/alpha1-g0.commit stack_margin=32768
[I][AlphaSave] save generation=3 save_slot=0 slot=0 time=4 ms json=369
[I][AlphaSave] SD_HEAP operation=dma-reserve-restored state=gameplay-save free_internal=67108864 free_dma=67108864 largest_dma=67108864 largest_internal=67108864 requested_dma=8192
[I][AlphaSave] SD_HEAP operation=release-reserved-dma state=load-latest free_internal=67108864 free_dma=67108864 largest_dma=67108864 largest_internal=67108864 requested_dma=8192
[I][AlphaSave] SD_HEAP operation=sd-window-open state=load-latest free_internal=67108864 free_dma=67108864 largest_dma=67108864 largest_internal=67108864 requested_dma=512
[I][AlphaSave] SAVE_SCRATCH psram_bytes=11888
[I][AlphaSave] load generation=3 save_slot=0 slot=0 time=2 ms status=0
[I][AlphaSave] SD_HEAP operation=dma-reserve-restored state=load-latest free_internal=67108864 free_dma=67108864 largest_dma=67108864 largest_internal=67108864 requested_dma=8192
  GREEN D4r   the retry in the same session succeeds, keeps slot 1 (the generation it loaded) byte for byte, and Continue restores 404
[I][AlphaSave] SD_HEAP operation=release-reserved-dma state=load-latest free_internal=67108864 free_dma=67108864 largest_dma=67108864 largest_internal=67108864 requested_dma=8192
[I][AlphaSave] SD_HEAP operation=sd-window-open state=load-latest free_internal=67108864 free_dma=67108864 largest_dma=67108864 largest_internal=67108864 requested_dma=512
[I][AlphaSave] SAVE_SCRATCH psram_bytes=11888
[I][AlphaSave] load generation=1 save_slot=0 slot=1 time=2 ms status=0
[I][AlphaSave] SD_HEAP operation=dma-reserve-restored state=load-latest free_internal=67108864 free_dma=67108864 largest_dma=67108864 largest_internal=67108864 requested_dma=8192
[I][AlphaSave] SD_HEAP operation=release-reserved-dma state=gameplay-save free_internal=67108864 free_dma=67108864 largest_dma=67108864 largest_internal=67108864 requested_dma=8192
[I][AlphaSave] SD_HEAP operation=sd-window-open state=gameplay-save free_internal=67108864 free_dma=67108864 largest_dma=67108864 largest_internal=67108864 requested_dma=512
[I][AlphaSave] NEWGAME_SAVE stage=create-root-directory result=ok esp_err=ESP_OK errno=0 path=/sd/ultima5 stack_margin=32768
[I][AlphaSave] NEWGAME_SAVE stage=create-save-directory result=ok esp_err=ESP_OK errno=0 path=/sd/ultima5/saves stack_margin=32768
[I][AlphaSave] SD_HEAP operation=free-space-before state=gameplay-save free_internal=67108864 free_dma=67108864 largest_dma=67108864 largest_internal=67108864 requested_dma=512
[I][AlphaSave] SD_HEAP operation=free-space-call-enter state=gameplay-save free_internal=67108864 free_dma=67108864 largest_dma=67108864 largest_internal=67108864 requested_dma=512
[I][AlphaSave] SD_HEAP operation=free-space-call-exit state=gameplay-save free_internal=67108864 free_dma=67108864 largest_dma=67108864 largest_internal=67108864 requested_dma=512
[I][AlphaSave] SD_HEAP operation=free-space-after state=gameplay-save free_internal=67108864 free_dma=67108864 largest_dma=67108864 largest_internal=67108864 requested_dma=512
[I][AlphaSave] SD_SPACE path=/sd api=esp_vfs_fat_info/f_getfree return=ESP_OK(0x0) errno=0 total_bytes=34359738368 free_bytes=8589934592 total_sectors=67108864 free_sectors=16777216 sector_bytes=512
[I][AlphaSave] NEWGAME_SAVE stage=free-space-query result=ok esp_err=ESP_OK errno=0 path=/sd stack_margin=32768
[I][AlphaSave] NEWGAME_SAVE stage=free-space result=ok esp_err=ESP_OK errno=0 path=/sd stack_margin=32768
[I][AlphaSave] SAVE_TARGET save_slot=0 newest=0 accepted=0 slot=0 keep=1 sequence=3
[I][AlphaSave] NEWGAME_SAVE stage=gam-encode result=ok esp_err=ESP_OK errno=0 path=INIT.GAM stack_margin=32768
[I][AlphaSave] NEWGAME_SAVE stage=ool-encode result=ok esp_err=ESP_OK errno=0 path=INIT.OOL stack_margin=32768
[I][AlphaSave] NEWGAME_SAVE stage=json-encode result=ok esp_err=ESP_OK errno=0 path=sidecar stack_margin=32768
[I][AlphaSave] SD_HEAP operation=write-gam-temp state=gameplay-save free_internal=67108864 free_dma=67108864 largest_dma=67108864 largest_internal=67108864 requested_dma=512
[I][AlphaSave] NEWGAME_SAVE stage=write-gam-temp result=ok esp_err=ESP_OK errno=0 path=/sd/ultima5/saves/alpha1-g0.gam.tmp stack_margin=32768
[I][AlphaSave] SD_HEAP operation=write-ool-temp state=gameplay-save free_internal=67108864 free_dma=67108864 largest_dma=67108864 largest_internal=67108864 requested_dma=512
[I][AlphaSave] NEWGAME_SAVE stage=write-ool-temp result=ok esp_err=ESP_OK errno=0 path=/sd/ultima5/saves/alpha1-g0.ool.tmp stack_margin=32768
[I][AlphaSave] SD_HEAP operation=write-json-temp state=gameplay-save free_internal=67108864 free_dma=67108864 largest_dma=67108864 largest_internal=67108864 requested_dma=512
[I][AlphaSave] NEWGAME_SAVE stage=write-json-temp result=ok esp_err=ESP_OK errno=0 path=/sd/ultima5/saves/alpha1-g0.json.tmp stack_margin=32768
[I][AlphaSave] SD_HEAP operation=crc-readback state=gameplay-save free_internal=67108864 free_dma=67108864 largest_dma=67108864 largest_internal=67108864 requested_dma=512
[I][AlphaSave] NEWGAME_SAVE stage=crc-readback result=ok esp_err=ESP_OK errno=0 path=/sd/ultima5/saves stack_margin=32768
[I][AlphaSave] NEWGAME_SAVE stage=rename-gam result=ok esp_err=ESP_OK errno=0 path=/sd/ultima5/saves/alpha1-g0.gam stack_margin=32768
[I][AlphaSave] NEWGAME_SAVE stage=rename-ool result=ok esp_err=ESP_OK errno=0 path=/sd/ultima5/saves/alpha1-g0.ool stack_margin=32768
[I][AlphaSave] NEWGAME_SAVE stage=rename-json result=ok esp_err=ESP_OK errno=0 path=/sd/ultima5/saves/alpha1-g0.json stack_margin=32768
[I][AlphaSave] NEWGAME_SAVE stage=write-commit-temp result=ok esp_err=ESP_OK errno=0 path=/sd/ultima5/saves/alpha1-g0.commit.tmp stack_margin=32768
[I][AlphaSave] NEWGAME_SAVE stage=rename-commit result=fail esp_err=ESP_FAIL errno=5 path=/sd/ultima5/saves/alpha1-g0.commit stack_margin=32768
[E][AlphaSave] slot 0 generation 0 save failed (errno=5); previous generation retained
[I][AlphaSave] save generation=3 save_slot=0 slot=0 time=4 ms json=369
[I][AlphaSave] SD_HEAP operation=dma-reserve-restored state=gameplay-save free_internal=67108864 free_dma=67108864 largest_dma=67108864 largest_internal=67108864 requested_dma=8192
[I][AlphaSave] SD_HEAP operation=release-reserved-dma state=load-latest free_internal=67108864 free_dma=67108864 largest_dma=67108864 largest_internal=67108864 requested_dma=8192
[I][AlphaSave] SD_HEAP operation=sd-window-open state=load-latest free_internal=67108864 free_dma=67108864 largest_dma=67108864 largest_internal=67108864 requested_dma=512
[I][AlphaSave] SAVE_SCRATCH psram_bytes=11888
[I][AlphaSave] load generation=1 save_slot=0 slot=1 time=1 ms status=0
[I][AlphaSave] SD_HEAP operation=dma-reserve-restored state=load-latest free_internal=67108864 free_dma=67108864 largest_dma=67108864 largest_internal=67108864 requested_dma=8192
         D5: save=failed, slot 1 kept=yes, boot load gold=401; rename-commit failed (errno 5)
  GREEN D5    the commit rename fails (all three files replaced): the save reports failure, slot 1 (401) is byte for byte, Continue recovers
[I][AlphaSave] SD_HEAP operation=release-reserved-dma state=load-latest free_internal=67108864 free_dma=67108864 largest_dma=67108864 largest_internal=67108864 requested_dma=8192
[I][AlphaSave] SD_HEAP operation=sd-window-open state=load-latest free_internal=67108864 free_dma=67108864 largest_dma=67108864 largest_internal=67108864 requested_dma=512
[I][AlphaSave] load generation=1 save_slot=0 slot=1 time=1 ms status=0
[I][AlphaSave] SD_HEAP operation=dma-reserve-restored state=load-latest free_internal=67108864 free_dma=67108864 largest_dma=67108864 largest_internal=67108864 requested_dma=8192
[I][AlphaSave] SD_HEAP operation=release-reserved-dma state=gameplay-save free_internal=67108864 free_dma=67108864 largest_dma=67108864 largest_internal=67108864 requested_dma=8192
[I][AlphaSave] SD_HEAP operation=sd-window-open state=gameplay-save free_internal=67108864 free_dma=67108864 largest_dma=67108864 largest_internal=67108864 requested_dma=512
[I][AlphaSave] NEWGAME_SAVE stage=create-root-directory result=ok esp_err=ESP_OK errno=0 path=/sd/ultima5 stack_margin=32768
[I][AlphaSave] NEWGAME_SAVE stage=create-save-directory result=ok esp_err=ESP_OK errno=0 path=/sd/ultima5/saves stack_margin=32768
[I][AlphaSave] SD_HEAP operation=free-space-before state=gameplay-save free_internal=67108864 free_dma=67108864 largest_dma=67108864 largest_internal=67108864 requested_dma=512
[I][AlphaSave] SD_HEAP operation=free-space-call-enter state=gameplay-save free_internal=67108864 free_dma=67108864 largest_dma=67108864 largest_internal=67108864 requested_dma=512
[I][AlphaSave] SD_HEAP operation=free-space-call-exit state=gameplay-save free_internal=67108864 free_dma=67108864 largest_dma=67108864 largest_internal=67108864 requested_dma=512
[I][AlphaSave] SD_HEAP operation=free-space-after state=gameplay-save free_internal=67108864 free_dma=67108864 largest_dma=67108864 largest_internal=67108864 requested_dma=512
[I][AlphaSave] SD_SPACE path=/sd api=esp_vfs_fat_info/f_getfree return=ESP_OK(0x0) errno=0 total_bytes=34359738368 free_bytes=8589934592 total_sectors=67108864 free_sectors=16777216 sector_bytes=512
[I][AlphaSave] NEWGAME_SAVE stage=free-space-query result=ok esp_err=ESP_OK errno=0 path=/sd stack_margin=32768
[I][AlphaSave] NEWGAME_SAVE stage=free-space result=ok esp_err=ESP_OK errno=0 path=/sd stack_margin=32768
[I][AlphaSave] SAVE_TARGET save_slot=0 newest=1 accepted=1 slot=0 keep=1 sequence=2
[I][AlphaSave] NEWGAME_SAVE stage=gam-encode result=ok esp_err=ESP_OK errno=0 path=INIT.GAM stack_margin=32768
[I][AlphaSave] NEWGAME_SAVE stage=ool-encode result=ok esp_err=ESP_OK errno=0 path=INIT.OOL stack_margin=32768
[I][AlphaSave] NEWGAME_SAVE stage=json-encode result=ok esp_err=ESP_OK errno=0 path=sidecar stack_margin=32768
[I][AlphaSave] SD_HEAP operation=write-gam-temp state=gameplay-save free_internal=67108864 free_dma=67108864 largest_dma=67108864 largest_internal=67108864 requested_dma=512
[I][AlphaSave] NEWGAME_SAVE stage=write-gam-temp result=ok esp_err=ESP_OK errno=0 path=/sd/ultima5/saves/alpha1-g0.gam.tmp stack_margin=32768
[I][AlphaSave] SD_HEAP operation=write-ool-temp state=gameplay-save free_internal=67108864 free_dma=67108864 largest_dma=67108864 largest_internal=67108864 requested_dma=512
[I][AlphaSave] NEWGAME_SAVE stage=write-ool-temp result=ok esp_err=ESP_OK errno=0 path=/sd/ultima5/saves/alpha1-g0.ool.tmp stack_margin=32768
[I][AlphaSave] SD_HEAP operation=write-json-temp state=gameplay-save free_internal=67108864 free_dma=67108864 largest_dma=67108864 largest_internal=67108864 requested_dma=512
[I][AlphaSave] NEWGAME_SAVE stage=write-json-temp result=ok esp_err=ESP_OK errno=0 path=/sd/ultima5/saves/alpha1-g0.json.tmp stack_margin=32768
[I][AlphaSave] SD_HEAP operation=crc-readback state=gameplay-save free_internal=67108864 free_dma=67108864 largest_dma=67108864 largest_internal=67108864 requested_dma=512
[I][AlphaSave] NEWGAME_SAVE stage=crc-readback result=ok esp_err=ESP_OK errno=0 path=/sd/ultima5/saves stack_margin=32768
[I][AlphaSave] NEWGAME_SAVE stage=rename-gam result=ok esp_err=ESP_OK errno=0 path=/sd/ultima5/saves/alpha1-g0.gam stack_margin=32768
[I][AlphaSave] NEWGAME_SAVE stage=rename-ool result=ok esp_err=ESP_OK errno=0 path=/sd/ultima5/saves/alpha1-g0.ool stack_margin=32768
[I][AlphaSave] NEWGAME_SAVE stage=rename-json result=ok esp_err=ESP_OK errno=0 path=/sd/ultima5/saves/alpha1-g0.json stack_margin=32768
[I][AlphaSave] NEWGAME_SAVE stage=write-commit-temp result=ok esp_err=ESP_OK errno=0 path=/sd/ultima5/saves/alpha1-g0.commit.tmp stack_margin=32768
[I][AlphaSave] NEWGAME_SAVE stage=rename-commit result=ok esp_err=ESP_OK errno=0 path=/sd/ultima5/saves/alpha1-g0.commit stack_margin=32768
[I][AlphaSave] NEWGAME_SAVE stage=semantic-validation result=ok esp_err=ESP_OK errno=0 path=/sd/ultima5/saves/alpha1-g0.commit stack_margin=32768
[I][AlphaSave] NEWGAME_SAVE stage=generation-final result=ok esp_err=ESP_OK errno=0 path=/sd/ultima5/saves/alpha1-g0.commit stack_margin=32768
[I][AlphaSave] save generation=2 save_slot=0 slot=0 time=9 ms json=369
[I][AlphaSave] SD_HEAP operation=dma-reserve-restored state=gameplay-save free_internal=67108864 free_dma=67108864 largest_dma=67108864 largest_internal=67108864 requested_dma=8192
[I][AlphaSave] SD_HEAP operation=release-reserved-dma state=load-latest free_internal=67108864 free_dma=67108864 largest_dma=67108864 largest_internal=67108864 requested_dma=8192
[I][AlphaSave] SD_HEAP operation=sd-window-open state=load-latest free_internal=67108864 free_dma=67108864 largest_dma=67108864 largest_internal=67108864 requested_dma=512
[I][AlphaSave] SAVE_SCRATCH psram_bytes=11888
[I][AlphaSave] load generation=2 save_slot=0 slot=0 time=2 ms status=0
[I][AlphaSave] SD_HEAP operation=dma-reserve-restored state=load-latest free_internal=67108864 free_dma=67108864 largest_dma=67108864 largest_internal=67108864 requested_dma=8192
  GREEN D5r   the retry in the same session succeeds, keeps slot 1 (the generation it loaded) byte for byte, and Continue restores 404
[I][AlphaSave] SD_HEAP operation=release-reserved-dma state=load-latest free_internal=67108864 free_dma=67108864 largest_dma=67108864 largest_internal=67108864 requested_dma=8192
[I][AlphaSave] SD_HEAP operation=sd-window-open state=load-latest free_internal=67108864 free_dma=67108864 largest_dma=67108864 largest_internal=67108864 requested_dma=512
[I][AlphaSave] SAVE_SCRATCH psram_bytes=11888
[I][AlphaSave] load generation=1 save_slot=0 slot=1 time=2 ms status=0
[I][AlphaSave] SD_HEAP operation=dma-reserve-restored state=load-latest free_internal=67108864 free_dma=67108864 largest_dma=67108864 largest_internal=67108864 requested_dma=8192
[I][AlphaSave] SD_HEAP operation=release-reserved-dma state=gameplay-save free_internal=67108864 free_dma=67108864 largest_dma=67108864 largest_internal=67108864 requested_dma=8192
[I][AlphaSave] SD_HEAP operation=sd-window-open state=gameplay-save free_internal=67108864 free_dma=67108864 largest_dma=67108864 largest_internal=67108864 requested_dma=512
[I][AlphaSave] NEWGAME_SAVE stage=create-root-directory result=ok esp_err=ESP_OK errno=0 path=/sd/ultima5 stack_margin=32768
[I][AlphaSave] NEWGAME_SAVE stage=create-save-directory result=ok esp_err=ESP_OK errno=0 path=/sd/ultima5/saves stack_margin=32768
[I][AlphaSave] SD_HEAP operation=free-space-before state=gameplay-save free_internal=67108864 free_dma=67108864 largest_dma=67108864 largest_internal=67108864 requested_dma=512
[I][AlphaSave] SD_HEAP operation=free-space-call-enter state=gameplay-save free_internal=67108864 free_dma=67108864 largest_dma=67108864 largest_internal=67108864 requested_dma=512
[I][AlphaSave] SD_HEAP operation=free-space-call-exit state=gameplay-save free_internal=67108864 free_dma=67108864 largest_dma=67108864 largest_internal=67108864 requested_dma=512
[I][AlphaSave] SD_HEAP operation=free-space-after state=gameplay-save free_internal=67108864 free_dma=67108864 largest_dma=67108864 largest_internal=67108864 requested_dma=512
[I][AlphaSave] SD_SPACE path=/sd api=esp_vfs_fat_info/f_getfree return=ESP_OK(0x0) errno=0 total_bytes=34359738368 free_bytes=8589934592 total_sectors=67108864 free_sectors=16777216 sector_bytes=512
[I][AlphaSave] NEWGAME_SAVE stage=free-space-query result=ok esp_err=ESP_OK errno=0 path=/sd stack_margin=32768
[I][AlphaSave] NEWGAME_SAVE stage=free-space result=ok esp_err=ESP_OK errno=0 path=/sd stack_margin=32768
[I][AlphaSave] SAVE_TARGET save_slot=0 newest=0 accepted=0 slot=0 keep=1 sequence=3
[I][AlphaSave] NEWGAME_SAVE stage=gam-encode result=ok esp_err=ESP_OK errno=0 path=INIT.GAM stack_margin=32768
[I][AlphaSave] NEWGAME_SAVE stage=ool-encode result=ok esp_err=ESP_OK errno=0 path=INIT.OOL stack_margin=32768
[I][AlphaSave] NEWGAME_SAVE stage=json-encode result=ok esp_err=ESP_OK errno=0 path=sidecar stack_margin=32768
[I][AlphaSave] SD_HEAP operation=write-gam-temp state=gameplay-save free_internal=67108864 free_dma=67108864 largest_dma=67108864 largest_internal=67108864 requested_dma=512
[I][AlphaSave] NEWGAME_SAVE stage=write-gam-temp result=ok esp_err=ESP_OK errno=0 path=/sd/ultima5/saves/alpha1-g0.gam.tmp stack_margin=32768
[I][AlphaSave] SD_HEAP operation=write-ool-temp state=gameplay-save free_internal=67108864 free_dma=67108864 largest_dma=67108864 largest_internal=67108864 requested_dma=512
[I][AlphaSave] NEWGAME_SAVE stage=write-ool-temp result=ok esp_err=ESP_OK errno=0 path=/sd/ultima5/saves/alpha1-g0.ool.tmp stack_margin=32768
[I][AlphaSave] SD_HEAP operation=write-json-temp state=gameplay-save free_internal=67108864 free_dma=67108864 largest_dma=67108864 largest_internal=67108864 requested_dma=512
[I][AlphaSave] NEWGAME_SAVE stage=write-json-temp result=ok esp_err=ESP_OK errno=0 path=/sd/ultima5/saves/alpha1-g0.json.tmp stack_margin=32768
[I][AlphaSave] SD_HEAP operation=crc-readback state=gameplay-save free_internal=67108864 free_dma=67108864 largest_dma=67108864 largest_internal=67108864 requested_dma=512
[I][AlphaSave] NEWGAME_SAVE stage=crc-readback result=ok esp_err=ESP_OK errno=0 path=/sd/ultima5/saves stack_margin=32768
[I][AlphaSave] NEWGAME_SAVE stage=rename-gam result=ok esp_err=ESP_OK errno=0 path=/sd/ultima5/saves/alpha1-g0.gam stack_margin=32768
[I][AlphaSave] NEWGAME_SAVE stage=rename-ool result=ok esp_err=ESP_OK errno=0 path=/sd/ultima5/saves/alpha1-g0.ool stack_margin=32768
[I][AlphaSave] NEWGAME_SAVE stage=rename-json result=ok esp_err=ESP_OK errno=0 path=/sd/ultima5/saves/alpha1-g0.json stack_margin=32768
[I][AlphaSave] NEWGAME_SAVE stage=write-commit-temp result=ok esp_err=ESP_OK errno=0 path=/sd/ultima5/saves/alpha1-g0.commit.tmp stack_margin=32768
[I][AlphaSave] NEWGAME_SAVE stage=rename-commit result=ok esp_err=ESP_OK errno=0 path=/sd/ultima5/saves/alpha1-g0.commit stack_margin=32768
[I][AlphaSave] NEWGAME_SAVE stage=semantic-validation result=fail esp_err=ESP_FAIL errno=2 path=/sd/ultima5/saves/alpha1-g0.commit stack_margin=32768
[E][AlphaSave] slot 0 generation 0 save failed (errno=2); previous generation retained
[I][AlphaSave] save generation=3 save_slot=0 slot=0 time=4 ms json=369
[I][AlphaSave] SD_HEAP operation=dma-reserve-restored state=gameplay-save free_internal=67108864 free_dma=67108864 largest_dma=67108864 largest_internal=67108864 requested_dma=8192
[I][AlphaSave] SD_HEAP operation=release-reserved-dma state=load-latest free_internal=67108864 free_dma=67108864 largest_dma=67108864 largest_internal=67108864 requested_dma=8192
[I][AlphaSave] SD_HEAP operation=sd-window-open state=load-latest free_internal=67108864 free_dma=67108864 largest_dma=67108864 largest_internal=67108864 requested_dma=512
[I][AlphaSave] SAVE_SCRATCH psram_bytes=11888
[I][AlphaSave] load generation=3 save_slot=0 slot=0 time=2 ms status=0
[I][AlphaSave] SD_HEAP operation=dma-reserve-restored state=load-latest free_internal=67108864 free_dma=67108864 largest_dma=67108864 largest_internal=67108864 requested_dma=8192
         D6: save=failed, slot 1 kept=yes, boot load gold=403; semantic-validation failed (errno 2)
  GREEN D6    the post-write self-check fails after the commit: the save reports failure, slot 1 (401) is byte for byte, Continue recovers
[I][AlphaSave] SD_HEAP operation=release-reserved-dma state=load-latest free_internal=67108864 free_dma=67108864 largest_dma=67108864 largest_internal=67108864 requested_dma=8192
[I][AlphaSave] SD_HEAP operation=sd-window-open state=load-latest free_internal=67108864 free_dma=67108864 largest_dma=67108864 largest_internal=67108864 requested_dma=512
[I][AlphaSave] load generation=3 save_slot=0 slot=0 time=2 ms status=0
[I][AlphaSave] SD_HEAP operation=dma-reserve-restored state=load-latest free_internal=67108864 free_dma=67108864 largest_dma=67108864 largest_internal=67108864 requested_dma=8192
[I][AlphaSave] SD_HEAP operation=release-reserved-dma state=gameplay-save free_internal=67108864 free_dma=67108864 largest_dma=67108864 largest_internal=67108864 requested_dma=8192
[I][AlphaSave] SD_HEAP operation=sd-window-open state=gameplay-save free_internal=67108864 free_dma=67108864 largest_dma=67108864 largest_internal=67108864 requested_dma=512
[I][AlphaSave] NEWGAME_SAVE stage=create-root-directory result=ok esp_err=ESP_OK errno=0 path=/sd/ultima5 stack_margin=32768
[I][AlphaSave] NEWGAME_SAVE stage=create-save-directory result=ok esp_err=ESP_OK errno=0 path=/sd/ultima5/saves stack_margin=32768
[I][AlphaSave] SD_HEAP operation=free-space-before state=gameplay-save free_internal=67108864 free_dma=67108864 largest_dma=67108864 largest_internal=67108864 requested_dma=512
[I][AlphaSave] SD_HEAP operation=free-space-call-enter state=gameplay-save free_internal=67108864 free_dma=67108864 largest_dma=67108864 largest_internal=67108864 requested_dma=512
[I][AlphaSave] SD_HEAP operation=free-space-call-exit state=gameplay-save free_internal=67108864 free_dma=67108864 largest_dma=67108864 largest_internal=67108864 requested_dma=512
[I][AlphaSave] SD_HEAP operation=free-space-after state=gameplay-save free_internal=67108864 free_dma=67108864 largest_dma=67108864 largest_internal=67108864 requested_dma=512
[I][AlphaSave] SD_SPACE path=/sd api=esp_vfs_fat_info/f_getfree return=ESP_OK(0x0) errno=0 total_bytes=34359738368 free_bytes=8589934592 total_sectors=67108864 free_sectors=16777216 sector_bytes=512
[I][AlphaSave] NEWGAME_SAVE stage=free-space-query result=ok esp_err=ESP_OK errno=0 path=/sd stack_margin=32768
[I][AlphaSave] NEWGAME_SAVE stage=free-space result=ok esp_err=ESP_OK errno=0 path=/sd stack_margin=32768
[I][AlphaSave] SAVE_TARGET save_slot=0 newest=0 accepted=1 slot=1 keep=0 sequence=4
[I][AlphaSave] NEWGAME_SAVE stage=gam-encode result=ok esp_err=ESP_OK errno=0 path=INIT.GAM stack_margin=32768
[I][AlphaSave] NEWGAME_SAVE stage=ool-encode result=ok esp_err=ESP_OK errno=0 path=INIT.OOL stack_margin=32768
[I][AlphaSave] NEWGAME_SAVE stage=json-encode result=ok esp_err=ESP_OK errno=0 path=sidecar stack_margin=32768
[I][AlphaSave] SD_HEAP operation=write-gam-temp state=gameplay-save free_internal=67108864 free_dma=67108864 largest_dma=67108864 largest_internal=67108864 requested_dma=512
[I][AlphaSave] NEWGAME_SAVE stage=write-gam-temp result=ok esp_err=ESP_OK errno=0 path=/sd/ultima5/saves/alpha1-g1.gam.tmp stack_margin=32768
[I][AlphaSave] SD_HEAP operation=write-ool-temp state=gameplay-save free_internal=67108864 free_dma=67108864 largest_dma=67108864 largest_internal=67108864 requested_dma=512
[I][AlphaSave] NEWGAME_SAVE stage=write-ool-temp result=ok esp_err=ESP_OK errno=0 path=/sd/ultima5/saves/alpha1-g1.ool.tmp stack_margin=32768
[I][AlphaSave] SD_HEAP operation=write-json-temp state=gameplay-save free_internal=67108864 free_dma=67108864 largest_dma=67108864 largest_internal=67108864 requested_dma=512
[I][AlphaSave] NEWGAME_SAVE stage=write-json-temp result=ok esp_err=ESP_OK errno=0 path=/sd/ultima5/saves/alpha1-g1.json.tmp stack_margin=32768
[I][AlphaSave] SD_HEAP operation=crc-readback state=gameplay-save free_internal=67108864 free_dma=67108864 largest_dma=67108864 largest_internal=67108864 requested_dma=512
[I][AlphaSave] NEWGAME_SAVE stage=crc-readback result=ok esp_err=ESP_OK errno=0 path=/sd/ultima5/saves stack_margin=32768
[I][AlphaSave] NEWGAME_SAVE stage=rename-gam result=ok esp_err=ESP_OK errno=0 path=/sd/ultima5/saves/alpha1-g1.gam stack_margin=32768
[I][AlphaSave] NEWGAME_SAVE stage=rename-ool result=ok esp_err=ESP_OK errno=0 path=/sd/ultima5/saves/alpha1-g1.ool stack_margin=32768
[I][AlphaSave] NEWGAME_SAVE stage=rename-json result=ok esp_err=ESP_OK errno=0 path=/sd/ultima5/saves/alpha1-g1.json stack_margin=32768
[I][AlphaSave] NEWGAME_SAVE stage=write-commit-temp result=ok esp_err=ESP_OK errno=0 path=/sd/ultima5/saves/alpha1-g1.commit.tmp stack_margin=32768
[I][AlphaSave] NEWGAME_SAVE stage=rename-commit result=ok esp_err=ESP_OK errno=0 path=/sd/ultima5/saves/alpha1-g1.commit stack_margin=32768
[I][AlphaSave] NEWGAME_SAVE stage=semantic-validation result=ok esp_err=ESP_OK errno=0 path=/sd/ultima5/saves/alpha1-g1.commit stack_margin=32768
[I][AlphaSave] NEWGAME_SAVE stage=generation-final result=ok esp_err=ESP_OK errno=0 path=/sd/ultima5/saves/alpha1-g1.commit stack_margin=32768
[I][AlphaSave] save generation=4 save_slot=0 slot=1 time=9 ms json=369
[I][AlphaSave] SD_HEAP operation=dma-reserve-restored state=gameplay-save free_internal=67108864 free_dma=67108864 largest_dma=67108864 largest_internal=67108864 requested_dma=8192
[I][AlphaSave] SD_HEAP operation=release-reserved-dma state=load-latest free_internal=67108864 free_dma=67108864 largest_dma=67108864 largest_internal=67108864 requested_dma=8192
[I][AlphaSave] SD_HEAP operation=sd-window-open state=load-latest free_internal=67108864 free_dma=67108864 largest_dma=67108864 largest_internal=67108864 requested_dma=512
[I][AlphaSave] SAVE_SCRATCH psram_bytes=11888
[I][AlphaSave] load generation=4 save_slot=0 slot=1 time=2 ms status=0
[I][AlphaSave] SD_HEAP operation=dma-reserve-restored state=load-latest free_internal=67108864 free_dma=67108864 largest_dma=67108864 largest_internal=67108864 requested_dma=8192
  GREEN D6r   the retry in the same session succeeds, keeps slot 0 (the generation it loaded) byte for byte, and Continue restores 404

[F] both generations refused
[I][AlphaSave] SD_HEAP operation=release-reserved-dma state=gameplay-save free_internal=67108864 free_dma=67108864 largest_dma=67108864 largest_internal=67108864 requested_dma=8192
[I][AlphaSave] SD_HEAP operation=sd-window-open state=gameplay-save free_internal=67108864 free_dma=67108864 largest_dma=67108864 largest_internal=67108864 requested_dma=512
[I][AlphaSave] SAVE_SCRATCH psram_bytes=11888
[I][AlphaSave] NEWGAME_SAVE stage=create-root-directory result=ok esp_err=ESP_OK errno=0 path=/sd/ultima5 stack_margin=32768
[I][AlphaSave] NEWGAME_SAVE stage=create-save-directory result=ok esp_err=ESP_OK errno=0 path=/sd/ultima5/saves stack_margin=32768
[I][AlphaSave] SD_HEAP operation=free-space-before state=gameplay-save free_internal=67108864 free_dma=67108864 largest_dma=67108864 largest_internal=67108864 requested_dma=512
[I][AlphaSave] SD_HEAP operation=free-space-call-enter state=gameplay-save free_internal=67108864 free_dma=67108864 largest_dma=67108864 largest_internal=67108864 requested_dma=512
[I][AlphaSave] SD_HEAP operation=free-space-call-exit state=gameplay-save free_internal=67108864 free_dma=67108864 largest_dma=67108864 largest_internal=67108864 requested_dma=512
[I][AlphaSave] SD_HEAP operation=free-space-after state=gameplay-save free_internal=67108864 free_dma=67108864 largest_dma=67108864 largest_internal=67108864 requested_dma=512
[I][AlphaSave] SD_SPACE path=/sd api=esp_vfs_fat_info/f_getfree return=ESP_OK(0x0) errno=0 total_bytes=34359738368 free_bytes=8589934592 total_sectors=67108864 free_sectors=16777216 sector_bytes=512
[I][AlphaSave] NEWGAME_SAVE stage=free-space-query result=ok esp_err=ESP_OK errno=0 path=/sd stack_margin=32768
[I][AlphaSave] NEWGAME_SAVE stage=free-space result=ok esp_err=ESP_OK errno=0 path=/sd stack_margin=32768
[I][AlphaSave] SAVE_TARGET save_slot=0 newest=-1 accepted=0 slot=1 keep=-1 sequence=1
[I][AlphaSave] NEWGAME_SAVE stage=gam-encode result=ok esp_err=ESP_OK errno=0 path=INIT.GAM stack_margin=32768
[I][AlphaSave] NEWGAME_SAVE stage=ool-encode result=ok esp_err=ESP_OK errno=0 path=INIT.OOL stack_margin=32768
[I][AlphaSave] NEWGAME_SAVE stage=json-encode result=ok esp_err=ESP_OK errno=0 path=sidecar stack_margin=32768
[I][AlphaSave] SD_HEAP operation=write-gam-temp state=gameplay-save free_internal=67108864 free_dma=67108864 largest_dma=67108864 largest_internal=67108864 requested_dma=512
[I][AlphaSave] NEWGAME_SAVE stage=write-gam-temp result=ok esp_err=ESP_OK errno=0 path=/sd/ultima5/saves/alpha1-g1.gam.tmp stack_margin=32768
[I][AlphaSave] SD_HEAP operation=write-ool-temp state=gameplay-save free_internal=67108864 free_dma=67108864 largest_dma=67108864 largest_internal=67108864 requested_dma=512
[I][AlphaSave] NEWGAME_SAVE stage=write-ool-temp result=ok esp_err=ESP_OK errno=0 path=/sd/ultima5/saves/alpha1-g1.ool.tmp stack_margin=32768
[I][AlphaSave] SD_HEAP operation=write-json-temp state=gameplay-save free_internal=67108864 free_dma=67108864 largest_dma=67108864 largest_internal=67108864 requested_dma=512
[I][AlphaSave] NEWGAME_SAVE stage=write-json-temp result=ok esp_err=ESP_OK errno=0 path=/sd/ultima5/saves/alpha1-g1.json.tmp stack_margin=32768
[I][AlphaSave] SD_HEAP operation=crc-readback state=gameplay-save free_internal=67108864 free_dma=67108864 largest_dma=67108864 largest_internal=67108864 requested_dma=512
[I][AlphaSave] NEWGAME_SAVE stage=crc-readback result=ok esp_err=ESP_OK errno=0 path=/sd/ultima5/saves stack_margin=32768
[I][AlphaSave] NEWGAME_SAVE stage=rename-gam result=ok esp_err=ESP_OK errno=0 path=/sd/ultima5/saves/alpha1-g1.gam stack_margin=32768
[I][AlphaSave] NEWGAME_SAVE stage=rename-ool result=ok esp_err=ESP_OK errno=0 path=/sd/ultima5/saves/alpha1-g1.ool stack_margin=32768
[I][AlphaSave] NEWGAME_SAVE stage=rename-json result=ok esp_err=ESP_OK errno=0 path=/sd/ultima5/saves/alpha1-g1.json stack_margin=32768
[I][AlphaSave] NEWGAME_SAVE stage=write-commit-temp result=ok esp_err=ESP_OK errno=0 path=/sd/ultima5/saves/alpha1-g1.commit.tmp stack_margin=32768
[I][AlphaSave] NEWGAME_SAVE stage=rename-commit result=ok esp_err=ESP_OK errno=0 path=/sd/ultima5/saves/alpha1-g1.commit stack_margin=32768
[I][AlphaSave] NEWGAME_SAVE stage=semantic-validation result=ok esp_err=ESP_OK errno=0 path=/sd/ultima5/saves/alpha1-g1.commit stack_margin=32768
[I][AlphaSave] NEWGAME_SAVE stage=generation-final result=ok esp_err=ESP_OK errno=0 path=/sd/ultima5/saves/alpha1-g1.commit stack_margin=32768
[I][AlphaSave] save generation=1 save_slot=0 slot=1 time=13 ms json=369
[I][AlphaSave] SD_HEAP operation=dma-reserve-restored state=gameplay-save free_internal=67108864 free_dma=67108864 largest_dma=67108864 largest_internal=67108864 requested_dma=8192
[I][AlphaSave] SD_HEAP operation=release-reserved-dma state=gameplay-save free_internal=67108864 free_dma=67108864 largest_dma=67108864 largest_internal=67108864 requested_dma=8192
[I][AlphaSave] SD_HEAP operation=sd-window-open state=gameplay-save free_internal=67108864 free_dma=67108864 largest_dma=67108864 largest_internal=67108864 requested_dma=512
[I][AlphaSave] NEWGAME_SAVE stage=create-root-directory result=ok esp_err=ESP_OK errno=0 path=/sd/ultima5 stack_margin=32768
[I][AlphaSave] NEWGAME_SAVE stage=create-save-directory result=ok esp_err=ESP_OK errno=0 path=/sd/ultima5/saves stack_margin=32768
[I][AlphaSave] SD_HEAP operation=free-space-before state=gameplay-save free_internal=67108864 free_dma=67108864 largest_dma=67108864 largest_internal=67108864 requested_dma=512
[I][AlphaSave] SD_HEAP operation=free-space-call-enter state=gameplay-save free_internal=67108864 free_dma=67108864 largest_dma=67108864 largest_internal=67108864 requested_dma=512
[I][AlphaSave] SD_HEAP operation=free-space-call-exit state=gameplay-save free_internal=67108864 free_dma=67108864 largest_dma=67108864 largest_internal=67108864 requested_dma=512
[I][AlphaSave] SD_HEAP operation=free-space-after state=gameplay-save free_internal=67108864 free_dma=67108864 largest_dma=67108864 largest_internal=67108864 requested_dma=512
[I][AlphaSave] SD_SPACE path=/sd api=esp_vfs_fat_info/f_getfree return=ESP_OK(0x0) errno=0 total_bytes=34359738368 free_bytes=8589934592 total_sectors=67108864 free_sectors=16777216 sector_bytes=512
[I][AlphaSave] NEWGAME_SAVE stage=free-space-query result=ok esp_err=ESP_OK errno=0 path=/sd stack_margin=32768
[I][AlphaSave] NEWGAME_SAVE stage=free-space result=ok esp_err=ESP_OK errno=0 path=/sd stack_margin=32768
[I][AlphaSave] SAVE_TARGET save_slot=0 newest=1 accepted=1 slot=0 keep=1 sequence=2
[I][AlphaSave] NEWGAME_SAVE stage=gam-encode result=ok esp_err=ESP_OK errno=0 path=INIT.GAM stack_margin=32768
[I][AlphaSave] NEWGAME_SAVE stage=ool-encode result=ok esp_err=ESP_OK errno=0 path=INIT.OOL stack_margin=32768
[I][AlphaSave] NEWGAME_SAVE stage=json-encode result=ok esp_err=ESP_OK errno=0 path=sidecar stack_margin=32768
[I][AlphaSave] SD_HEAP operation=write-gam-temp state=gameplay-save free_internal=67108864 free_dma=67108864 largest_dma=67108864 largest_internal=67108864 requested_dma=512
[I][AlphaSave] NEWGAME_SAVE stage=write-gam-temp result=ok esp_err=ESP_OK errno=0 path=/sd/ultima5/saves/alpha1-g0.gam.tmp stack_margin=32768
[I][AlphaSave] SD_HEAP operation=write-ool-temp state=gameplay-save free_internal=67108864 free_dma=67108864 largest_dma=67108864 largest_internal=67108864 requested_dma=512
[I][AlphaSave] NEWGAME_SAVE stage=write-ool-temp result=ok esp_err=ESP_OK errno=0 path=/sd/ultima5/saves/alpha1-g0.ool.tmp stack_margin=32768
[I][AlphaSave] SD_HEAP operation=write-json-temp state=gameplay-save free_internal=67108864 free_dma=67108864 largest_dma=67108864 largest_internal=67108864 requested_dma=512
[I][AlphaSave] NEWGAME_SAVE stage=write-json-temp result=ok esp_err=ESP_OK errno=0 path=/sd/ultima5/saves/alpha1-g0.json.tmp stack_margin=32768
[I][AlphaSave] SD_HEAP operation=crc-readback state=gameplay-save free_internal=67108864 free_dma=67108864 largest_dma=67108864 largest_internal=67108864 requested_dma=512
[I][AlphaSave] NEWGAME_SAVE stage=crc-readback result=ok esp_err=ESP_OK errno=0 path=/sd/ultima5/saves stack_margin=32768
[I][AlphaSave] NEWGAME_SAVE stage=rename-gam result=ok esp_err=ESP_OK errno=0 path=/sd/ultima5/saves/alpha1-g0.gam stack_margin=32768
[I][AlphaSave] NEWGAME_SAVE stage=rename-ool result=ok esp_err=ESP_OK errno=0 path=/sd/ultima5/saves/alpha1-g0.ool stack_margin=32768
[I][AlphaSave] NEWGAME_SAVE stage=rename-json result=ok esp_err=ESP_OK errno=0 path=/sd/ultima5/saves/alpha1-g0.json stack_margin=32768
[I][AlphaSave] NEWGAME_SAVE stage=write-commit-temp result=ok esp_err=ESP_OK errno=0 path=/sd/ultima5/saves/alpha1-g0.commit.tmp stack_margin=32768
[I][AlphaSave] NEWGAME_SAVE stage=rename-commit result=ok esp_err=ESP_OK errno=0 path=/sd/ultima5/saves/alpha1-g0.commit stack_margin=32768
[I][AlphaSave] NEWGAME_SAVE stage=semantic-validation result=ok esp_err=ESP_OK errno=0 path=/sd/ultima5/saves/alpha1-g0.commit stack_margin=32768
[I][AlphaSave] NEWGAME_SAVE stage=generation-final result=ok esp_err=ESP_OK errno=0 path=/sd/ultima5/saves/alpha1-g0.commit stack_margin=32768
[I][AlphaSave] save generation=2 save_slot=0 slot=0 time=13 ms json=369
[I][AlphaSave] SD_HEAP operation=dma-reserve-restored state=gameplay-save free_internal=67108864 free_dma=67108864 largest_dma=67108864 largest_internal=67108864 requested_dma=8192
[I][AlphaSave] SD_HEAP operation=release-reserved-dma state=load-latest free_internal=67108864 free_dma=67108864 largest_dma=67108864 largest_internal=67108864 requested_dma=8192
[I][AlphaSave] SD_HEAP operation=sd-window-open state=load-latest free_internal=67108864 free_dma=67108864 largest_dma=67108864 largest_internal=67108864 requested_dma=512
[I][AlphaSave] SAVE_SCRATCH psram_bytes=11888
[W][AlphaSave] no restorable save generation
[W][AlphaSave] continue: save slot 0 restores nothing; trying the next
[I][AlphaSave] SD_HEAP operation=dma-reserve-restored state=load-latest free_internal=67108864 free_dma=67108864 largest_dma=67108864 largest_internal=67108864 requested_dma=8192
  GREEN F1    Continue refuses and leaves the live game untouched (no fabricated recovery)
[I][AlphaSave] SD_HEAP operation=release-reserved-dma state=gameplay-save free_internal=67108864 free_dma=67108864 largest_dma=67108864 largest_internal=67108864 requested_dma=8192
[I][AlphaSave] SD_HEAP operation=sd-window-open state=gameplay-save free_internal=67108864 free_dma=67108864 largest_dma=67108864 largest_internal=67108864 requested_dma=512
[I][AlphaSave] NEWGAME_SAVE stage=create-root-directory result=ok esp_err=ESP_OK errno=0 path=/sd/ultima5 stack_margin=32768
[I][AlphaSave] NEWGAME_SAVE stage=create-save-directory result=ok esp_err=ESP_OK errno=0 path=/sd/ultima5/saves stack_margin=32768
[I][AlphaSave] SD_HEAP operation=free-space-before state=gameplay-save free_internal=67108864 free_dma=67108864 largest_dma=67108864 largest_internal=67108864 requested_dma=512
[I][AlphaSave] SD_HEAP operation=free-space-call-enter state=gameplay-save free_internal=67108864 free_dma=67108864 largest_dma=67108864 largest_internal=67108864 requested_dma=512
[I][AlphaSave] SD_HEAP operation=free-space-call-exit state=gameplay-save free_internal=67108864 free_dma=67108864 largest_dma=67108864 largest_internal=67108864 requested_dma=512
[I][AlphaSave] SD_HEAP operation=free-space-after state=gameplay-save free_internal=67108864 free_dma=67108864 largest_dma=67108864 largest_internal=67108864 requested_dma=512
[I][AlphaSave] SD_SPACE path=/sd api=esp_vfs_fat_info/f_getfree return=ESP_OK(0x0) errno=0 total_bytes=34359738368 free_bytes=8589934592 total_sectors=67108864 free_sectors=16777216 sector_bytes=512
[I][AlphaSave] NEWGAME_SAVE stage=free-space-query result=ok esp_err=ESP_OK errno=0 path=/sd stack_margin=32768
[I][AlphaSave] NEWGAME_SAVE stage=free-space result=ok esp_err=ESP_OK errno=0 path=/sd stack_margin=32768
[I][AlphaSave] SAVE_TARGET save_slot=0 newest=0 accepted=0 slot=0 keep=1 sequence=3
[I][AlphaSave] NEWGAME_SAVE stage=gam-encode result=ok esp_err=ESP_OK errno=0 path=INIT.GAM stack_margin=32768
[I][AlphaSave] NEWGAME_SAVE stage=ool-encode result=ok esp_err=ESP_OK errno=0 path=INIT.OOL stack_margin=32768
[I][AlphaSave] NEWGAME_SAVE stage=json-encode result=ok esp_err=ESP_OK errno=0 path=sidecar stack_margin=32768
[I][AlphaSave] SD_HEAP operation=write-gam-temp state=gameplay-save free_internal=67108864 free_dma=67108864 largest_dma=67108864 largest_internal=67108864 requested_dma=512
[I][AlphaSave] NEWGAME_SAVE stage=write-gam-temp result=ok esp_err=ESP_OK errno=0 path=/sd/ultima5/saves/alpha1-g0.gam.tmp stack_margin=32768
[I][AlphaSave] SD_HEAP operation=write-ool-temp state=gameplay-save free_internal=67108864 free_dma=67108864 largest_dma=67108864 largest_internal=67108864 requested_dma=512
[I][AlphaSave] NEWGAME_SAVE stage=write-ool-temp result=ok esp_err=ESP_OK errno=0 path=/sd/ultima5/saves/alpha1-g0.ool.tmp stack_margin=32768
[I][AlphaSave] SD_HEAP operation=write-json-temp state=gameplay-save free_internal=67108864 free_dma=67108864 largest_dma=67108864 largest_internal=67108864 requested_dma=512
[I][AlphaSave] NEWGAME_SAVE stage=write-json-temp result=ok esp_err=ESP_OK errno=0 path=/sd/ultima5/saves/alpha1-g0.json.tmp stack_margin=32768
[I][AlphaSave] SD_HEAP operation=crc-readback state=gameplay-save free_internal=67108864 free_dma=67108864 largest_dma=67108864 largest_internal=67108864 requested_dma=512
[I][AlphaSave] NEWGAME_SAVE stage=crc-readback result=ok esp_err=ESP_OK errno=0 path=/sd/ultima5/saves stack_margin=32768
[I][AlphaSave] NEWGAME_SAVE stage=rename-gam result=ok esp_err=ESP_OK errno=0 path=/sd/ultima5/saves/alpha1-g0.gam stack_margin=32768
[I][AlphaSave] NEWGAME_SAVE stage=rename-ool result=ok esp_err=ESP_OK errno=0 path=/sd/ultima5/saves/alpha1-g0.ool stack_margin=32768
[I][AlphaSave] NEWGAME_SAVE stage=rename-json result=ok esp_err=ESP_OK errno=0 path=/sd/ultima5/saves/alpha1-g0.json stack_margin=32768
[I][AlphaSave] NEWGAME_SAVE stage=write-commit-temp result=ok esp_err=ESP_OK errno=0 path=/sd/ultima5/saves/alpha1-g0.commit.tmp stack_margin=32768
[I][AlphaSave] NEWGAME_SAVE stage=rename-commit result=ok esp_err=ESP_OK errno=0 path=/sd/ultima5/saves/alpha1-g0.commit stack_margin=32768
[I][AlphaSave] NEWGAME_SAVE stage=semantic-validation result=ok esp_err=ESP_OK errno=0 path=/sd/ultima5/saves/alpha1-g0.commit stack_margin=32768
[I][AlphaSave] NEWGAME_SAVE stage=generation-final result=ok esp_err=ESP_OK errno=0 path=/sd/ultima5/saves/alpha1-g0.commit stack_margin=32768
[I][AlphaSave] save generation=3 save_slot=0 slot=0 time=14 ms json=369
[I][AlphaSave] SD_HEAP operation=dma-reserve-restored state=gameplay-save free_internal=67108864 free_dma=67108864 largest_dma=67108864 largest_internal=67108864 requested_dma=8192
[I][AlphaSave] SD_HEAP operation=release-reserved-dma state=load-latest free_internal=67108864 free_dma=67108864 largest_dma=67108864 largest_internal=67108864 requested_dma=8192
[I][AlphaSave] SD_HEAP operation=sd-window-open state=load-latest free_internal=67108864 free_dma=67108864 largest_dma=67108864 largest_internal=67108864 requested_dma=512
[I][AlphaSave] SAVE_SCRATCH psram_bytes=11888
[I][AlphaSave] load generation=3 save_slot=0 slot=0 time=2 ms status=0
[I][AlphaSave] SD_HEAP operation=dma-reserve-restored state=load-latest free_internal=67108864 free_dma=67108864 largest_dma=67108864 largest_internal=67108864 requested_dma=8192
  GREEN F2    a save onto such a card succeeds and a reboot's Continue restores it
[I][AlphaSave] SD_HEAP operation=release-reserved-dma state=gameplay-save free_internal=67108864 free_dma=67108864 largest_dma=67108864 largest_internal=67108864 requested_dma=8192
[I][AlphaSave] SD_HEAP operation=sd-window-open state=gameplay-save free_internal=67108864 free_dma=67108864 largest_dma=67108864 largest_internal=67108864 requested_dma=512
[I][AlphaSave] SAVE_SCRATCH psram_bytes=11888
[I][AlphaSave] NEWGAME_SAVE stage=create-root-directory result=ok esp_err=ESP_OK errno=0 path=/sd/ultima5 stack_margin=32768
[I][AlphaSave] NEWGAME_SAVE stage=create-save-directory result=ok esp_err=ESP_OK errno=0 path=/sd/ultima5/saves stack_margin=32768
[I][AlphaSave] SD_HEAP operation=free-space-before state=gameplay-save free_internal=67108864 free_dma=67108864 largest_dma=67108864 largest_internal=67108864 requested_dma=512
[I][AlphaSave] SD_HEAP operation=free-space-call-enter state=gameplay-save free_internal=67108864 free_dma=67108864 largest_dma=67108864 largest_internal=67108864 requested_dma=512
[I][AlphaSave] SD_HEAP operation=free-space-call-exit state=gameplay-save free_internal=67108864 free_dma=67108864 largest_dma=67108864 largest_internal=67108864 requested_dma=512
[I][AlphaSave] SD_HEAP operation=free-space-after state=gameplay-save free_internal=67108864 free_dma=67108864 largest_dma=67108864 largest_internal=67108864 requested_dma=512
[I][AlphaSave] SD_SPACE path=/sd api=esp_vfs_fat_info/f_getfree return=ESP_OK(0x0) errno=0 total_bytes=34359738368 free_bytes=8589934592 total_sectors=67108864 free_sectors=16777216 sector_bytes=512
[I][AlphaSave] NEWGAME_SAVE stage=free-space-query result=ok esp_err=ESP_OK errno=0 path=/sd stack_margin=32768
[I][AlphaSave] NEWGAME_SAVE stage=free-space result=ok esp_err=ESP_OK errno=0 path=/sd stack_margin=32768
[I][AlphaSave] SAVE_TARGET save_slot=0 newest=-1 accepted=0 slot=1 keep=-1 sequence=1
[I][AlphaSave] NEWGAME_SAVE stage=gam-encode result=ok esp_err=ESP_OK errno=0 path=INIT.GAM stack_margin=32768
[I][AlphaSave] NEWGAME_SAVE stage=ool-encode result=ok esp_err=ESP_OK errno=0 path=INIT.OOL stack_margin=32768
[I][AlphaSave] NEWGAME_SAVE stage=json-encode result=ok esp_err=ESP_OK errno=0 path=sidecar stack_margin=32768
[I][AlphaSave] SD_HEAP operation=write-gam-temp state=gameplay-save free_internal=67108864 free_dma=67108864 largest_dma=67108864 largest_internal=67108864 requested_dma=512
[I][AlphaSave] NEWGAME_SAVE stage=write-gam-temp result=ok esp_err=ESP_OK errno=0 path=/sd/ultima5/saves/alpha1-g1.gam.tmp stack_margin=32768
[I][AlphaSave] SD_HEAP operation=write-ool-temp state=gameplay-save free_internal=67108864 free_dma=67108864 largest_dma=67108864 largest_internal=67108864 requested_dma=512
[I][AlphaSave] NEWGAME_SAVE stage=write-ool-temp result=ok esp_err=ESP_OK errno=0 path=/sd/ultima5/saves/alpha1-g1.ool.tmp stack_margin=32768
[I][AlphaSave] SD_HEAP operation=write-json-temp state=gameplay-save free_internal=67108864 free_dma=67108864 largest_dma=67108864 largest_internal=67108864 requested_dma=512
[I][AlphaSave] NEWGAME_SAVE stage=write-json-temp result=ok esp_err=ESP_OK errno=0 path=/sd/ultima5/saves/alpha1-g1.json.tmp stack_margin=32768
[I][AlphaSave] SD_HEAP operation=crc-readback state=gameplay-save free_internal=67108864 free_dma=67108864 largest_dma=67108864 largest_internal=67108864 requested_dma=512
[I][AlphaSave] NEWGAME_SAVE stage=crc-readback result=ok esp_err=ESP_OK errno=0 path=/sd/ultima5/saves stack_margin=32768
[I][AlphaSave] NEWGAME_SAVE stage=rename-gam result=ok esp_err=ESP_OK errno=0 path=/sd/ultima5/saves/alpha1-g1.gam stack_margin=32768
[I][AlphaSave] NEWGAME_SAVE stage=rename-ool result=ok esp_err=ESP_OK errno=0 path=/sd/ultima5/saves/alpha1-g1.ool stack_margin=32768
[I][AlphaSave] NEWGAME_SAVE stage=rename-json result=ok esp_err=ESP_OK errno=0 path=/sd/ultima5/saves/alpha1-g1.json stack_margin=32768
[I][AlphaSave] NEWGAME_SAVE stage=write-commit-temp result=ok esp_err=ESP_OK errno=0 path=/sd/ultima5/saves/alpha1-g1.commit.tmp stack_margin=32768
[I][AlphaSave] NEWGAME_SAVE stage=rename-commit result=ok esp_err=ESP_OK errno=0 path=/sd/ultima5/saves/alpha1-g1.commit stack_margin=32768
[I][AlphaSave] NEWGAME_SAVE stage=semantic-validation result=ok esp_err=ESP_OK errno=0 path=/sd/ultima5/saves/alpha1-g1.commit stack_margin=32768
[I][AlphaSave] NEWGAME_SAVE stage=generation-final result=ok esp_err=ESP_OK errno=0 path=/sd/ultima5/saves/alpha1-g1.commit stack_margin=32768
[I][AlphaSave] save generation=1 save_slot=0 slot=1 time=5 ms json=369
[I][AlphaSave] SD_HEAP operation=dma-reserve-restored state=gameplay-save free_internal=67108864 free_dma=67108864 largest_dma=67108864 largest_internal=67108864 requested_dma=8192
[I][AlphaSave] SD_HEAP operation=release-reserved-dma state=gameplay-save free_internal=67108864 free_dma=67108864 largest_dma=67108864 largest_internal=67108864 requested_dma=8192
[I][AlphaSave] SD_HEAP operation=sd-window-open state=gameplay-save free_internal=67108864 free_dma=67108864 largest_dma=67108864 largest_internal=67108864 requested_dma=512
[I][AlphaSave] NEWGAME_SAVE stage=create-root-directory result=ok esp_err=ESP_OK errno=0 path=/sd/ultima5 stack_margin=32768
[I][AlphaSave] NEWGAME_SAVE stage=create-save-directory result=ok esp_err=ESP_OK errno=0 path=/sd/ultima5/saves stack_margin=32768
[I][AlphaSave] SD_HEAP operation=free-space-before state=gameplay-save free_internal=67108864 free_dma=67108864 largest_dma=67108864 largest_internal=67108864 requested_dma=512
[I][AlphaSave] SD_HEAP operation=free-space-call-enter state=gameplay-save free_internal=67108864 free_dma=67108864 largest_dma=67108864 largest_internal=67108864 requested_dma=512
[I][AlphaSave] SD_HEAP operation=free-space-call-exit state=gameplay-save free_internal=67108864 free_dma=67108864 largest_dma=67108864 largest_internal=67108864 requested_dma=512
[I][AlphaSave] SD_HEAP operation=free-space-after state=gameplay-save free_internal=67108864 free_dma=67108864 largest_dma=67108864 largest_internal=67108864 requested_dma=512
[I][AlphaSave] SD_SPACE path=/sd api=esp_vfs_fat_info/f_getfree return=ESP_OK(0x0) errno=0 total_bytes=34359738368 free_bytes=8589934592 total_sectors=67108864 free_sectors=16777216 sector_bytes=512
[I][AlphaSave] NEWGAME_SAVE stage=free-space-query result=ok esp_err=ESP_OK errno=0 path=/sd stack_margin=32768
[I][AlphaSave] NEWGAME_SAVE stage=free-space result=ok esp_err=ESP_OK errno=0 path=/sd stack_margin=32768
[I][AlphaSave] SAVE_TARGET save_slot=0 newest=1 accepted=1 slot=0 keep=1 sequence=2
[I][AlphaSave] NEWGAME_SAVE stage=gam-encode result=ok esp_err=ESP_OK errno=0 path=INIT.GAM stack_margin=32768
[I][AlphaSave] NEWGAME_SAVE stage=ool-encode result=ok esp_err=ESP_OK errno=0 path=INIT.OOL stack_margin=32768
[I][AlphaSave] NEWGAME_SAVE stage=json-encode result=ok esp_err=ESP_OK errno=0 path=sidecar stack_margin=32768
[I][AlphaSave] SD_HEAP operation=write-gam-temp state=gameplay-save free_internal=67108864 free_dma=67108864 largest_dma=67108864 largest_internal=67108864 requested_dma=512
[I][AlphaSave] NEWGAME_SAVE stage=write-gam-temp result=ok esp_err=ESP_OK errno=0 path=/sd/ultima5/saves/alpha1-g0.gam.tmp stack_margin=32768
[I][AlphaSave] SD_HEAP operation=write-ool-temp state=gameplay-save free_internal=67108864 free_dma=67108864 largest_dma=67108864 largest_internal=67108864 requested_dma=512
[I][AlphaSave] NEWGAME_SAVE stage=write-ool-temp result=ok esp_err=ESP_OK errno=0 path=/sd/ultima5/saves/alpha1-g0.ool.tmp stack_margin=32768
[I][AlphaSave] SD_HEAP operation=write-json-temp state=gameplay-save free_internal=67108864 free_dma=67108864 largest_dma=67108864 largest_internal=67108864 requested_dma=512
[I][AlphaSave] NEWGAME_SAVE stage=write-json-temp result=ok esp_err=ESP_OK errno=0 path=/sd/ultima5/saves/alpha1-g0.json.tmp stack_margin=32768
[I][AlphaSave] SD_HEAP operation=crc-readback state=gameplay-save free_internal=67108864 free_dma=67108864 largest_dma=67108864 largest_internal=67108864 requested_dma=512
[I][AlphaSave] NEWGAME_SAVE stage=crc-readback result=ok esp_err=ESP_OK errno=0 path=/sd/ultima5/saves stack_margin=32768
[I][AlphaSave] NEWGAME_SAVE stage=rename-gam result=ok esp_err=ESP_OK errno=0 path=/sd/ultima5/saves/alpha1-g0.gam stack_margin=32768
[I][AlphaSave] NEWGAME_SAVE stage=rename-ool result=ok esp_err=ESP_OK errno=0 path=/sd/ultima5/saves/alpha1-g0.ool stack_margin=32768
[I][AlphaSave] NEWGAME_SAVE stage=rename-json result=ok esp_err=ESP_OK errno=0 path=/sd/ultima5/saves/alpha1-g0.json stack_margin=32768
[I][AlphaSave] NEWGAME_SAVE stage=write-commit-temp result=ok esp_err=ESP_OK errno=0 path=/sd/ultima5/saves/alpha1-g0.commit.tmp stack_margin=32768
[I][AlphaSave] NEWGAME_SAVE stage=rename-commit result=ok esp_err=ESP_OK errno=0 path=/sd/ultima5/saves/alpha1-g0.commit stack_margin=32768
[I][AlphaSave] NEWGAME_SAVE stage=semantic-validation result=ok esp_err=ESP_OK errno=0 path=/sd/ultima5/saves/alpha1-g0.commit stack_margin=32768
[I][AlphaSave] NEWGAME_SAVE stage=generation-final result=ok esp_err=ESP_OK errno=0 path=/sd/ultima5/saves/alpha1-g0.commit stack_margin=32768
[I][AlphaSave] save generation=2 save_slot=0 slot=0 time=8 ms json=369
[I][AlphaSave] SD_HEAP operation=dma-reserve-restored state=gameplay-save free_internal=67108864 free_dma=67108864 largest_dma=67108864 largest_internal=67108864 requested_dma=8192
[I][AlphaSave] SD_HEAP operation=release-reserved-dma state=gameplay-save free_internal=67108864 free_dma=67108864 largest_dma=67108864 largest_internal=67108864 requested_dma=8192
[I][AlphaSave] SD_HEAP operation=sd-window-open state=gameplay-save free_internal=67108864 free_dma=67108864 largest_dma=67108864 largest_internal=67108864 requested_dma=512
[I][AlphaSave] SAVE_SCRATCH psram_bytes=11888
[I][AlphaSave] NEWGAME_SAVE stage=create-root-directory result=ok esp_err=ESP_OK errno=0 path=/sd/ultima5 stack_margin=32768
[I][AlphaSave] NEWGAME_SAVE stage=create-save-directory result=ok esp_err=ESP_OK errno=0 path=/sd/ultima5/saves stack_margin=32768
[I][AlphaSave] SD_HEAP operation=free-space-before state=gameplay-save free_internal=67108864 free_dma=67108864 largest_dma=67108864 largest_internal=67108864 requested_dma=512
[I][AlphaSave] SD_HEAP operation=free-space-call-enter state=gameplay-save free_internal=67108864 free_dma=67108864 largest_dma=67108864 largest_internal=67108864 requested_dma=512
[I][AlphaSave] SD_HEAP operation=free-space-call-exit state=gameplay-save free_internal=67108864 free_dma=67108864 largest_dma=67108864 largest_internal=67108864 requested_dma=512
[I][AlphaSave] SD_HEAP operation=free-space-after state=gameplay-save free_internal=67108864 free_dma=67108864 largest_dma=67108864 largest_internal=67108864 requested_dma=512
[I][AlphaSave] SD_SPACE path=/sd api=esp_vfs_fat_info/f_getfree return=ESP_OK(0x0) errno=0 total_bytes=34359738368 free_bytes=8589934592 total_sectors=67108864 free_sectors=16777216 sector_bytes=512
[I][AlphaSave] NEWGAME_SAVE stage=free-space-query result=ok esp_err=ESP_OK errno=0 path=/sd stack_margin=32768
[I][AlphaSave] NEWGAME_SAVE stage=free-space result=ok esp_err=ESP_OK errno=0 path=/sd stack_margin=32768
[I][AlphaSave] SAVE_TARGET save_slot=0 newest=0 accepted=0 slot=0 keep=-1 sequence=3
[I][AlphaSave] NEWGAME_SAVE stage=gam-encode result=ok esp_err=ESP_OK errno=0 path=INIT.GAM stack_margin=32768
[I][AlphaSave] NEWGAME_SAVE stage=ool-encode result=ok esp_err=ESP_OK errno=0 path=INIT.OOL stack_margin=32768
[I][AlphaSave] NEWGAME_SAVE stage=json-encode result=ok esp_err=ESP_OK errno=0 path=sidecar stack_margin=32768
[I][AlphaSave] SD_HEAP operation=write-gam-temp state=gameplay-save free_internal=67108864 free_dma=67108864 largest_dma=67108864 largest_internal=67108864 requested_dma=512
[I][AlphaSave] NEWGAME_SAVE stage=write-gam-temp result=ok esp_err=ESP_OK errno=0 path=/sd/ultima5/saves/alpha1-g0.gam.tmp stack_margin=32768
[I][AlphaSave] SD_HEAP operation=write-ool-temp state=gameplay-save free_internal=67108864 free_dma=67108864 largest_dma=67108864 largest_internal=67108864 requested_dma=512
[I][AlphaSave] NEWGAME_SAVE stage=write-ool-temp result=ok esp_err=ESP_OK errno=0 path=/sd/ultima5/saves/alpha1-g0.ool.tmp stack_margin=32768
[I][AlphaSave] SD_HEAP operation=write-json-temp state=gameplay-save free_internal=67108864 free_dma=67108864 largest_dma=67108864 largest_internal=67108864 requested_dma=512
[I][AlphaSave] NEWGAME_SAVE stage=write-json-temp result=ok esp_err=ESP_OK errno=0 path=/sd/ultima5/saves/alpha1-g0.json.tmp stack_margin=32768
[I][AlphaSave] SD_HEAP operation=crc-readback state=gameplay-save free_internal=67108864 free_dma=67108864 largest_dma=67108864 largest_internal=67108864 requested_dma=512
[I][AlphaSave] NEWGAME_SAVE stage=crc-readback result=ok esp_err=ESP_OK errno=0 path=/sd/ultima5/saves stack_margin=32768
[I][AlphaSave] NEWGAME_SAVE stage=rename-gam result=ok esp_err=ESP_OK errno=0 path=/sd/ultima5/saves/alpha1-g0.gam stack_margin=32768
[I][AlphaSave] NEWGAME_SAVE stage=rename-ool result=ok esp_err=ESP_OK errno=0 path=/sd/ultima5/saves/alpha1-g0.ool stack_margin=32768
[I][AlphaSave] NEWGAME_SAVE stage=rename-json result=ok esp_err=ESP_OK errno=0 path=/sd/ultima5/saves/alpha1-g0.json stack_margin=32768
[I][AlphaSave] NEWGAME_SAVE stage=write-commit-temp result=ok esp_err=ESP_OK errno=0 path=/sd/ultima5/saves/alpha1-g0.commit.tmp stack_margin=32768
[I][AlphaSave] NEWGAME_SAVE stage=rename-commit result=ok esp_err=ESP_OK errno=0 path=/sd/ultima5/saves/alpha1-g0.commit stack_margin=32768
[I][AlphaSave] NEWGAME_SAVE stage=semantic-validation result=ok esp_err=ESP_OK errno=0 path=/sd/ultima5/saves/alpha1-g0.commit stack_margin=32768
[I][AlphaSave] NEWGAME_SAVE stage=generation-final result=ok esp_err=ESP_OK errno=0 path=/sd/ultima5/saves/alpha1-g0.commit stack_margin=32768
[I][AlphaSave] save generation=3 save_slot=0 slot=0 time=14 ms json=369
[I][AlphaSave] SD_HEAP operation=dma-reserve-restored state=gameplay-save free_internal=67108864 free_dma=67108864 largest_dma=67108864 largest_internal=67108864 requested_dma=8192
[I][AlphaSave] SD_HEAP operation=release-reserved-dma state=save-inspect free_internal=67108864 free_dma=67108864 largest_dma=67108864 largest_internal=67108864 requested_dma=8192
[I][AlphaSave] SD_HEAP operation=sd-window-open state=save-inspect free_internal=67108864 free_dma=67108864 largest_dma=67108864 largest_internal=67108864 requested_dma=512
[I][AlphaSave] SAVE_SCRATCH psram_bytes=11888
[I][AlphaSave] SAVE_INSPECT save_slot=0 slot0=verified slot1=empty bytes=5105 commit_us=66 read_us=112 verify_us=314 total_us=534
[I][AlphaSave] SD_HEAP operation=dma-reserve-restored state=save-inspect free_internal=67108864 free_dma=67108864 largest_dma=67108864 largest_internal=67108864 requested_dma=8192
[I][AlphaSave] SD_HEAP operation=release-reserved-dma state=load-latest free_internal=67108864 free_dma=67108864 largest_dma=67108864 largest_internal=67108864 requested_dma=8192
[I][AlphaSave] SD_HEAP operation=sd-window-open state=load-latest free_internal=67108864 free_dma=67108864 largest_dma=67108864 largest_internal=67108864 requested_dma=512
[I][AlphaSave] SAVE_SCRATCH psram_bytes=11888
[I][AlphaSave] load generation=3 save_slot=0 slot=0 time=1 ms status=0
[I][AlphaSave] SD_HEAP operation=dma-reserve-restored state=load-latest free_internal=67108864 free_dma=67108864 largest_dma=67108864 largest_internal=67108864 requested_dma=8192
  GREEN F3    newest refused and no older commit at all: the save succeeds as sequence 3 and Continue restores it

[G] sequence and slot identity
[I][AlphaSave] SD_HEAP operation=release-reserved-dma state=gameplay-save free_internal=67108864 free_dma=67108864 largest_dma=67108864 largest_internal=67108864 requested_dma=8192
[I][AlphaSave] SD_HEAP operation=sd-window-open state=gameplay-save free_internal=67108864 free_dma=67108864 largest_dma=67108864 largest_internal=67108864 requested_dma=512
[I][AlphaSave] SAVE_SCRATCH psram_bytes=11888
[I][AlphaSave] NEWGAME_SAVE stage=create-root-directory result=ok esp_err=ESP_OK errno=0 path=/sd/ultima5 stack_margin=32768
[I][AlphaSave] NEWGAME_SAVE stage=create-save-directory result=ok esp_err=ESP_OK errno=0 path=/sd/ultima5/saves stack_margin=32768
[I][AlphaSave] SD_HEAP operation=free-space-before state=gameplay-save free_internal=67108864 free_dma=67108864 largest_dma=67108864 largest_internal=67108864 requested_dma=512
[I][AlphaSave] SD_HEAP operation=free-space-call-enter state=gameplay-save free_internal=67108864 free_dma=67108864 largest_dma=67108864 largest_internal=67108864 requested_dma=512
[I][AlphaSave] SD_HEAP operation=free-space-call-exit state=gameplay-save free_internal=67108864 free_dma=67108864 largest_dma=67108864 largest_internal=67108864 requested_dma=512
[I][AlphaSave] SD_HEAP operation=free-space-after state=gameplay-save free_internal=67108864 free_dma=67108864 largest_dma=67108864 largest_internal=67108864 requested_dma=512
[I][AlphaSave] SD_SPACE path=/sd api=esp_vfs_fat_info/f_getfree return=ESP_OK(0x0) errno=0 total_bytes=34359738368 free_bytes=8589934592 total_sectors=67108864 free_sectors=16777216 sector_bytes=512
[I][AlphaSave] NEWGAME_SAVE stage=free-space-query result=ok esp_err=ESP_OK errno=0 path=/sd stack_margin=32768
[I][AlphaSave] NEWGAME_SAVE stage=free-space result=ok esp_err=ESP_OK errno=0 path=/sd stack_margin=32768
[I][AlphaSave] SAVE_TARGET save_slot=0 newest=-1 accepted=0 slot=1 keep=-1 sequence=1
[I][AlphaSave] NEWGAME_SAVE stage=gam-encode result=ok esp_err=ESP_OK errno=0 path=INIT.GAM stack_margin=32768
[I][AlphaSave] NEWGAME_SAVE stage=ool-encode result=ok esp_err=ESP_OK errno=0 path=INIT.OOL stack_margin=32768
[I][AlphaSave] NEWGAME_SAVE stage=json-encode result=ok esp_err=ESP_OK errno=0 path=sidecar stack_margin=32768
[I][AlphaSave] SD_HEAP operation=write-gam-temp state=gameplay-save free_internal=67108864 free_dma=67108864 largest_dma=67108864 largest_internal=67108864 requested_dma=512
[I][AlphaSave] NEWGAME_SAVE stage=write-gam-temp result=ok esp_err=ESP_OK errno=0 path=/sd/ultima5/saves/alpha1-g1.gam.tmp stack_margin=32768
[I][AlphaSave] SD_HEAP operation=write-ool-temp state=gameplay-save free_internal=67108864 free_dma=67108864 largest_dma=67108864 largest_internal=67108864 requested_dma=512
[I][AlphaSave] NEWGAME_SAVE stage=write-ool-temp result=ok esp_err=ESP_OK errno=0 path=/sd/ultima5/saves/alpha1-g1.ool.tmp stack_margin=32768
[I][AlphaSave] SD_HEAP operation=write-json-temp state=gameplay-save free_internal=67108864 free_dma=67108864 largest_dma=67108864 largest_internal=67108864 requested_dma=512
[I][AlphaSave] NEWGAME_SAVE stage=write-json-temp result=ok esp_err=ESP_OK errno=0 path=/sd/ultima5/saves/alpha1-g1.json.tmp stack_margin=32768
[I][AlphaSave] SD_HEAP operation=crc-readback state=gameplay-save free_internal=67108864 free_dma=67108864 largest_dma=67108864 largest_internal=67108864 requested_dma=512
[I][AlphaSave] NEWGAME_SAVE stage=crc-readback result=ok esp_err=ESP_OK errno=0 path=/sd/ultima5/saves stack_margin=32768
[I][AlphaSave] NEWGAME_SAVE stage=rename-gam result=ok esp_err=ESP_OK errno=0 path=/sd/ultima5/saves/alpha1-g1.gam stack_margin=32768
[I][AlphaSave] NEWGAME_SAVE stage=rename-ool result=ok esp_err=ESP_OK errno=0 path=/sd/ultima5/saves/alpha1-g1.ool stack_margin=32768
[I][AlphaSave] NEWGAME_SAVE stage=rename-json result=ok esp_err=ESP_OK errno=0 path=/sd/ultima5/saves/alpha1-g1.json stack_margin=32768
[I][AlphaSave] NEWGAME_SAVE stage=write-commit-temp result=ok esp_err=ESP_OK errno=0 path=/sd/ultima5/saves/alpha1-g1.commit.tmp stack_margin=32768
[I][AlphaSave] NEWGAME_SAVE stage=rename-commit result=ok esp_err=ESP_OK errno=0 path=/sd/ultima5/saves/alpha1-g1.commit stack_margin=32768
[I][AlphaSave] NEWGAME_SAVE stage=semantic-validation result=ok esp_err=ESP_OK errno=0 path=/sd/ultima5/saves/alpha1-g1.commit stack_margin=32768
[I][AlphaSave] NEWGAME_SAVE stage=generation-final result=ok esp_err=ESP_OK errno=0 path=/sd/ultima5/saves/alpha1-g1.commit stack_margin=32768
[I][AlphaSave] save generation=1 save_slot=0 slot=1 time=13 ms json=369
[I][AlphaSave] SD_HEAP operation=dma-reserve-restored state=gameplay-save free_internal=67108864 free_dma=67108864 largest_dma=67108864 largest_internal=67108864 requested_dma=8192
[I][AlphaSave] SD_HEAP operation=release-reserved-dma state=gameplay-save free_internal=67108864 free_dma=67108864 largest_dma=67108864 largest_internal=67108864 requested_dma=8192
[I][AlphaSave] SD_HEAP operation=sd-window-open state=gameplay-save free_internal=67108864 free_dma=67108864 largest_dma=67108864 largest_internal=67108864 requested_dma=512
[I][AlphaSave] NEWGAME_SAVE stage=create-root-directory result=ok esp_err=ESP_OK errno=0 path=/sd/ultima5 stack_margin=32768
[I][AlphaSave] NEWGAME_SAVE stage=create-save-directory result=ok esp_err=ESP_OK errno=0 path=/sd/ultima5/saves stack_margin=32768
[I][AlphaSave] SD_HEAP operation=free-space-before state=gameplay-save free_internal=67108864 free_dma=67108864 largest_dma=67108864 largest_internal=67108864 requested_dma=512
[I][AlphaSave] SD_HEAP operation=free-space-call-enter state=gameplay-save free_internal=67108864 free_dma=67108864 largest_dma=67108864 largest_internal=67108864 requested_dma=512
[I][AlphaSave] SD_HEAP operation=free-space-call-exit state=gameplay-save free_internal=67108864 free_dma=67108864 largest_dma=67108864 largest_internal=67108864 requested_dma=512
[I][AlphaSave] SD_HEAP operation=free-space-after state=gameplay-save free_internal=67108864 free_dma=67108864 largest_dma=67108864 largest_internal=67108864 requested_dma=512
[I][AlphaSave] SD_SPACE path=/sd api=esp_vfs_fat_info/f_getfree return=ESP_OK(0x0) errno=0 total_bytes=34359738368 free_bytes=8589934592 total_sectors=67108864 free_sectors=16777216 sector_bytes=512
[I][AlphaSave] NEWGAME_SAVE stage=free-space-query result=ok esp_err=ESP_OK errno=0 path=/sd stack_margin=32768
[I][AlphaSave] NEWGAME_SAVE stage=free-space result=ok esp_err=ESP_OK errno=0 path=/sd stack_margin=32768
[I][AlphaSave] SAVE_TARGET save_slot=0 newest=1 accepted=1 slot=0 keep=1 sequence=2
[I][AlphaSave] NEWGAME_SAVE stage=gam-encode result=ok esp_err=ESP_OK errno=0 path=INIT.GAM stack_margin=32768
[I][AlphaSave] NEWGAME_SAVE stage=ool-encode result=ok esp_err=ESP_OK errno=0 path=INIT.OOL stack_margin=32768
[I][AlphaSave] NEWGAME_SAVE stage=json-encode result=ok esp_err=ESP_OK errno=0 path=sidecar stack_margin=32768
[I][AlphaSave] SD_HEAP operation=write-gam-temp state=gameplay-save free_internal=67108864 free_dma=67108864 largest_dma=67108864 largest_internal=67108864 requested_dma=512
[I][AlphaSave] NEWGAME_SAVE stage=write-gam-temp result=ok esp_err=ESP_OK errno=0 path=/sd/ultima5/saves/alpha1-g0.gam.tmp stack_margin=32768
[I][AlphaSave] SD_HEAP operation=write-ool-temp state=gameplay-save free_internal=67108864 free_dma=67108864 largest_dma=67108864 largest_internal=67108864 requested_dma=512
[I][AlphaSave] NEWGAME_SAVE stage=write-ool-temp result=ok esp_err=ESP_OK errno=0 path=/sd/ultima5/saves/alpha1-g0.ool.tmp stack_margin=32768
[I][AlphaSave] SD_HEAP operation=write-json-temp state=gameplay-save free_internal=67108864 free_dma=67108864 largest_dma=67108864 largest_internal=67108864 requested_dma=512
[I][AlphaSave] NEWGAME_SAVE stage=write-json-temp result=ok esp_err=ESP_OK errno=0 path=/sd/ultima5/saves/alpha1-g0.json.tmp stack_margin=32768
[I][AlphaSave] SD_HEAP operation=crc-readback state=gameplay-save free_internal=67108864 free_dma=67108864 largest_dma=67108864 largest_internal=67108864 requested_dma=512
[I][AlphaSave] NEWGAME_SAVE stage=crc-readback result=ok esp_err=ESP_OK errno=0 path=/sd/ultima5/saves stack_margin=32768
[I][AlphaSave] NEWGAME_SAVE stage=rename-gam result=ok esp_err=ESP_OK errno=0 path=/sd/ultima5/saves/alpha1-g0.gam stack_margin=32768
[I][AlphaSave] NEWGAME_SAVE stage=rename-ool result=ok esp_err=ESP_OK errno=0 path=/sd/ultima5/saves/alpha1-g0.ool stack_margin=32768
[I][AlphaSave] NEWGAME_SAVE stage=rename-json result=ok esp_err=ESP_OK errno=0 path=/sd/ultima5/saves/alpha1-g0.json stack_margin=32768
[I][AlphaSave] NEWGAME_SAVE stage=write-commit-temp result=ok esp_err=ESP_OK errno=0 path=/sd/ultima5/saves/alpha1-g0.commit.tmp stack_margin=32768
[I][AlphaSave] NEWGAME_SAVE stage=rename-commit result=ok esp_err=ESP_OK errno=0 path=/sd/ultima5/saves/alpha1-g0.commit stack_margin=32768
[I][AlphaSave] NEWGAME_SAVE stage=semantic-validation result=ok esp_err=ESP_OK errno=0 path=/sd/ultima5/saves/alpha1-g0.commit stack_margin=32768
[I][AlphaSave] NEWGAME_SAVE stage=generation-final result=ok esp_err=ESP_OK errno=0 path=/sd/ultima5/saves/alpha1-g0.commit stack_margin=32768
[I][AlphaSave] save generation=2 save_slot=0 slot=0 time=15 ms json=369
[I][AlphaSave] SD_HEAP operation=dma-reserve-restored state=gameplay-save free_internal=67108864 free_dma=67108864 largest_dma=67108864 largest_internal=67108864 requested_dma=8192
[I][AlphaSave] SD_HEAP operation=release-reserved-dma state=gameplay-save free_internal=67108864 free_dma=67108864 largest_dma=67108864 largest_internal=67108864 requested_dma=8192
[I][AlphaSave] SD_HEAP operation=sd-window-open state=gameplay-save free_internal=67108864 free_dma=67108864 largest_dma=67108864 largest_internal=67108864 requested_dma=512
[I][AlphaSave] SAVE_SCRATCH psram_bytes=11888
[I][AlphaSave] NEWGAME_SAVE stage=create-root-directory result=ok esp_err=ESP_OK errno=0 path=/sd/ultima5 stack_margin=32768
[I][AlphaSave] NEWGAME_SAVE stage=create-save-directory result=ok esp_err=ESP_OK errno=0 path=/sd/ultima5/saves stack_margin=32768
[I][AlphaSave] SD_HEAP operation=free-space-before state=gameplay-save free_internal=67108864 free_dma=67108864 largest_dma=67108864 largest_internal=67108864 requested_dma=512
[I][AlphaSave] SD_HEAP operation=free-space-call-enter state=gameplay-save free_internal=67108864 free_dma=67108864 largest_dma=67108864 largest_internal=67108864 requested_dma=512
[I][AlphaSave] SD_HEAP operation=free-space-call-exit state=gameplay-save free_internal=67108864 free_dma=67108864 largest_dma=67108864 largest_internal=67108864 requested_dma=512
[I][AlphaSave] SD_HEAP operation=free-space-after state=gameplay-save free_internal=67108864 free_dma=67108864 largest_dma=67108864 largest_internal=67108864 requested_dma=512
[I][AlphaSave] SD_SPACE path=/sd api=esp_vfs_fat_info/f_getfree return=ESP_OK(0x0) errno=0 total_bytes=34359738368 free_bytes=8589934592 total_sectors=67108864 free_sectors=16777216 sector_bytes=512
[I][AlphaSave] NEWGAME_SAVE stage=free-space-query result=ok esp_err=ESP_OK errno=0 path=/sd stack_margin=32768
[I][AlphaSave] NEWGAME_SAVE stage=free-space result=ok esp_err=ESP_OK errno=0 path=/sd stack_margin=32768
[I][AlphaSave] SAVE_TARGET save_slot=0 newest=0 accepted=1 slot=1 keep=0 sequence=8
[I][AlphaSave] NEWGAME_SAVE stage=gam-encode result=ok esp_err=ESP_OK errno=0 path=INIT.GAM stack_margin=32768
[I][AlphaSave] NEWGAME_SAVE stage=ool-encode result=ok esp_err=ESP_OK errno=0 path=INIT.OOL stack_margin=32768
[I][AlphaSave] NEWGAME_SAVE stage=json-encode result=ok esp_err=ESP_OK errno=0 path=sidecar stack_margin=32768
[I][AlphaSave] SD_HEAP operation=write-gam-temp state=gameplay-save free_internal=67108864 free_dma=67108864 largest_dma=67108864 largest_internal=67108864 requested_dma=512
[I][AlphaSave] NEWGAME_SAVE stage=write-gam-temp result=ok esp_err=ESP_OK errno=0 path=/sd/ultima5/saves/alpha1-g1.gam.tmp stack_margin=32768
[I][AlphaSave] SD_HEAP operation=write-ool-temp state=gameplay-save free_internal=67108864 free_dma=67108864 largest_dma=67108864 largest_internal=67108864 requested_dma=512
[I][AlphaSave] NEWGAME_SAVE stage=write-ool-temp result=ok esp_err=ESP_OK errno=0 path=/sd/ultima5/saves/alpha1-g1.ool.tmp stack_margin=32768
[I][AlphaSave] SD_HEAP operation=write-json-temp state=gameplay-save free_internal=67108864 free_dma=67108864 largest_dma=67108864 largest_internal=67108864 requested_dma=512
[I][AlphaSave] NEWGAME_SAVE stage=write-json-temp result=ok esp_err=ESP_OK errno=0 path=/sd/ultima5/saves/alpha1-g1.json.tmp stack_margin=32768
[I][AlphaSave] SD_HEAP operation=crc-readback state=gameplay-save free_internal=67108864 free_dma=67108864 largest_dma=67108864 largest_internal=67108864 requested_dma=512
[I][AlphaSave] NEWGAME_SAVE stage=crc-readback result=ok esp_err=ESP_OK errno=0 path=/sd/ultima5/saves stack_margin=32768
[I][AlphaSave] NEWGAME_SAVE stage=rename-gam result=ok esp_err=ESP_OK errno=0 path=/sd/ultima5/saves/alpha1-g1.gam stack_margin=32768
[I][AlphaSave] NEWGAME_SAVE stage=rename-ool result=ok esp_err=ESP_OK errno=0 path=/sd/ultima5/saves/alpha1-g1.ool stack_margin=32768
[I][AlphaSave] NEWGAME_SAVE stage=rename-json result=ok esp_err=ESP_OK errno=0 path=/sd/ultima5/saves/alpha1-g1.json stack_margin=32768
[I][AlphaSave] NEWGAME_SAVE stage=write-commit-temp result=ok esp_err=ESP_OK errno=0 path=/sd/ultima5/saves/alpha1-g1.commit.tmp stack_margin=32768
[I][AlphaSave] NEWGAME_SAVE stage=rename-commit result=ok esp_err=ESP_OK errno=0 path=/sd/ultima5/saves/alpha1-g1.commit stack_margin=32768
[I][AlphaSave] NEWGAME_SAVE stage=semantic-validation result=ok esp_err=ESP_OK errno=0 path=/sd/ultima5/saves/alpha1-g1.commit stack_margin=32768
[I][AlphaSave] NEWGAME_SAVE stage=generation-final result=ok esp_err=ESP_OK errno=0 path=/sd/ultima5/saves/alpha1-g1.commit stack_margin=32768
[I][AlphaSave] save generation=8 save_slot=0 slot=1 time=15 ms json=369
[I][AlphaSave] SD_HEAP operation=dma-reserve-restored state=gameplay-save free_internal=67108864 free_dma=67108864 largest_dma=67108864 largest_internal=67108864 requested_dma=8192
[I][AlphaSave] SD_HEAP operation=release-reserved-dma state=load-latest free_internal=67108864 free_dma=67108864 largest_dma=67108864 largest_internal=67108864 requested_dma=8192
[I][AlphaSave] SD_HEAP operation=sd-window-open state=load-latest free_internal=67108864 free_dma=67108864 largest_dma=67108864 largest_internal=67108864 requested_dma=512
[I][AlphaSave] SAVE_SCRATCH psram_bytes=11888
[I][AlphaSave] load generation=8 save_slot=0 slot=1 time=2 ms status=0
[I][AlphaSave] SD_HEAP operation=dma-reserve-restored state=load-latest free_internal=67108864 free_dma=67108864 largest_dma=67108864 largest_internal=67108864 requested_dma=8192
  GREEN G1    seq 7 in slot 0, seq 4 in slot 1: the save writes slot 1 as sequence 8, slot 0 kept (not the parity slot)
[I][AlphaSave] SD_HEAP operation=release-reserved-dma state=gameplay-save free_internal=67108864 free_dma=67108864 largest_dma=67108864 largest_internal=67108864 requested_dma=8192
[I][AlphaSave] SD_HEAP operation=sd-window-open state=gameplay-save free_internal=67108864 free_dma=67108864 largest_dma=67108864 largest_internal=67108864 requested_dma=512
[I][AlphaSave] SAVE_SCRATCH psram_bytes=11888
[I][AlphaSave] NEWGAME_SAVE stage=create-root-directory result=ok esp_err=ESP_OK errno=0 path=/sd/ultima5 stack_margin=32768
[I][AlphaSave] NEWGAME_SAVE stage=create-save-directory result=ok esp_err=ESP_OK errno=0 path=/sd/ultima5/saves stack_margin=32768
[I][AlphaSave] SD_HEAP operation=free-space-before state=gameplay-save free_internal=67108864 free_dma=67108864 largest_dma=67108864 largest_internal=67108864 requested_dma=512
[I][AlphaSave] SD_HEAP operation=free-space-call-enter state=gameplay-save free_internal=67108864 free_dma=67108864 largest_dma=67108864 largest_internal=67108864 requested_dma=512
[I][AlphaSave] SD_HEAP operation=free-space-call-exit state=gameplay-save free_internal=67108864 free_dma=67108864 largest_dma=67108864 largest_internal=67108864 requested_dma=512
[I][AlphaSave] SD_HEAP operation=free-space-after state=gameplay-save free_internal=67108864 free_dma=67108864 largest_dma=67108864 largest_internal=67108864 requested_dma=512
[I][AlphaSave] SD_SPACE path=/sd api=esp_vfs_fat_info/f_getfree return=ESP_OK(0x0) errno=0 total_bytes=34359738368 free_bytes=8589934592 total_sectors=67108864 free_sectors=16777216 sector_bytes=512
[I][AlphaSave] NEWGAME_SAVE stage=free-space-query result=ok esp_err=ESP_OK errno=0 path=/sd stack_margin=32768
[I][AlphaSave] NEWGAME_SAVE stage=free-space result=ok esp_err=ESP_OK errno=0 path=/sd stack_margin=32768
[I][AlphaSave] SAVE_TARGET save_slot=0 newest=-1 accepted=0 slot=1 keep=-1 sequence=1
[I][AlphaSave] NEWGAME_SAVE stage=gam-encode result=ok esp_err=ESP_OK errno=0 path=INIT.GAM stack_margin=32768
[I][AlphaSave] NEWGAME_SAVE stage=ool-encode result=ok esp_err=ESP_OK errno=0 path=INIT.OOL stack_margin=32768
[I][AlphaSave] NEWGAME_SAVE stage=json-encode result=ok esp_err=ESP_OK errno=0 path=sidecar stack_margin=32768
[I][AlphaSave] SD_HEAP operation=write-gam-temp state=gameplay-save free_internal=67108864 free_dma=67108864 largest_dma=67108864 largest_internal=67108864 requested_dma=512
[I][AlphaSave] NEWGAME_SAVE stage=write-gam-temp result=ok esp_err=ESP_OK errno=0 path=/sd/ultima5/saves/alpha1-g1.gam.tmp stack_margin=32768
[I][AlphaSave] SD_HEAP operation=write-ool-temp state=gameplay-save free_internal=67108864 free_dma=67108864 largest_dma=67108864 largest_internal=67108864 requested_dma=512
[I][AlphaSave] NEWGAME_SAVE stage=write-ool-temp result=ok esp_err=ESP_OK errno=0 path=/sd/ultima5/saves/alpha1-g1.ool.tmp stack_margin=32768
[I][AlphaSave] SD_HEAP operation=write-json-temp state=gameplay-save free_internal=67108864 free_dma=67108864 largest_dma=67108864 largest_internal=67108864 requested_dma=512
[I][AlphaSave] NEWGAME_SAVE stage=write-json-temp result=ok esp_err=ESP_OK errno=0 path=/sd/ultima5/saves/alpha1-g1.json.tmp stack_margin=32768
[I][AlphaSave] SD_HEAP operation=crc-readback state=gameplay-save free_internal=67108864 free_dma=67108864 largest_dma=67108864 largest_internal=67108864 requested_dma=512
[I][AlphaSave] NEWGAME_SAVE stage=crc-readback result=ok esp_err=ESP_OK errno=0 path=/sd/ultima5/saves stack_margin=32768
[I][AlphaSave] NEWGAME_SAVE stage=rename-gam result=ok esp_err=ESP_OK errno=0 path=/sd/ultima5/saves/alpha1-g1.gam stack_margin=32768
[I][AlphaSave] NEWGAME_SAVE stage=rename-ool result=ok esp_err=ESP_OK errno=0 path=/sd/ultima5/saves/alpha1-g1.ool stack_margin=32768
[I][AlphaSave] NEWGAME_SAVE stage=rename-json result=ok esp_err=ESP_OK errno=0 path=/sd/ultima5/saves/alpha1-g1.json stack_margin=32768
[I][AlphaSave] NEWGAME_SAVE stage=write-commit-temp result=ok esp_err=ESP_OK errno=0 path=/sd/ultima5/saves/alpha1-g1.commit.tmp stack_margin=32768
[I][AlphaSave] NEWGAME_SAVE stage=rename-commit result=ok esp_err=ESP_OK errno=0 path=/sd/ultima5/saves/alpha1-g1.commit stack_margin=32768
[I][AlphaSave] NEWGAME_SAVE stage=semantic-validation result=ok esp_err=ESP_OK errno=0 path=/sd/ultima5/saves/alpha1-g1.commit stack_margin=32768
[I][AlphaSave] NEWGAME_SAVE stage=generation-final result=ok esp_err=ESP_OK errno=0 path=/sd/ultima5/saves/alpha1-g1.commit stack_margin=32768
[I][AlphaSave] save generation=1 save_slot=0 slot=1 time=12 ms json=369
[I][AlphaSave] SD_HEAP operation=dma-reserve-restored state=gameplay-save free_internal=67108864 free_dma=67108864 largest_dma=67108864 largest_internal=67108864 requested_dma=8192
[I][AlphaSave] SD_HEAP operation=release-reserved-dma state=gameplay-save free_internal=67108864 free_dma=67108864 largest_dma=67108864 largest_internal=67108864 requested_dma=8192
[I][AlphaSave] SD_HEAP operation=sd-window-open state=gameplay-save free_internal=67108864 free_dma=67108864 largest_dma=67108864 largest_internal=67108864 requested_dma=512
[I][AlphaSave] NEWGAME_SAVE stage=create-root-directory result=ok esp_err=ESP_OK errno=0 path=/sd/ultima5 stack_margin=32768
[I][AlphaSave] NEWGAME_SAVE stage=create-save-directory result=ok esp_err=ESP_OK errno=0 path=/sd/ultima5/saves stack_margin=32768
[I][AlphaSave] SD_HEAP operation=free-space-before state=gameplay-save free_internal=67108864 free_dma=67108864 largest_dma=67108864 largest_internal=67108864 requested_dma=512
[I][AlphaSave] SD_HEAP operation=free-space-call-enter state=gameplay-save free_internal=67108864 free_dma=67108864 largest_dma=67108864 largest_internal=67108864 requested_dma=512
[I][AlphaSave] SD_HEAP operation=free-space-call-exit state=gameplay-save free_internal=67108864 free_dma=67108864 largest_dma=67108864 largest_internal=67108864 requested_dma=512
[I][AlphaSave] SD_HEAP operation=free-space-after state=gameplay-save free_internal=67108864 free_dma=67108864 largest_dma=67108864 largest_internal=67108864 requested_dma=512
[I][AlphaSave] SD_SPACE path=/sd api=esp_vfs_fat_info/f_getfree return=ESP_OK(0x0) errno=0 total_bytes=34359738368 free_bytes=8589934592 total_sectors=67108864 free_sectors=16777216 sector_bytes=512
[I][AlphaSave] NEWGAME_SAVE stage=free-space-query result=ok esp_err=ESP_OK errno=0 path=/sd stack_margin=32768
[I][AlphaSave] NEWGAME_SAVE stage=free-space result=ok esp_err=ESP_OK errno=0 path=/sd stack_margin=32768
[I][AlphaSave] SAVE_TARGET save_slot=0 newest=1 accepted=1 slot=0 keep=1 sequence=2
[I][AlphaSave] NEWGAME_SAVE stage=gam-encode result=ok esp_err=ESP_OK errno=0 path=INIT.GAM stack_margin=32768
[I][AlphaSave] NEWGAME_SAVE stage=ool-encode result=ok esp_err=ESP_OK errno=0 path=INIT.OOL stack_margin=32768
[I][AlphaSave] NEWGAME_SAVE stage=json-encode result=ok esp_err=ESP_OK errno=0 path=sidecar stack_margin=32768
[I][AlphaSave] SD_HEAP operation=write-gam-temp state=gameplay-save free_internal=67108864 free_dma=67108864 largest_dma=67108864 largest_internal=67108864 requested_dma=512
[I][AlphaSave] NEWGAME_SAVE stage=write-gam-temp result=ok esp_err=ESP_OK errno=0 path=/sd/ultima5/saves/alpha1-g0.gam.tmp stack_margin=32768
[I][AlphaSave] SD_HEAP operation=write-ool-temp state=gameplay-save free_internal=67108864 free_dma=67108864 largest_dma=67108864 largest_internal=67108864 requested_dma=512
[I][AlphaSave] NEWGAME_SAVE stage=write-ool-temp result=ok esp_err=ESP_OK errno=0 path=/sd/ultima5/saves/alpha1-g0.ool.tmp stack_margin=32768
[I][AlphaSave] SD_HEAP operation=write-json-temp state=gameplay-save free_internal=67108864 free_dma=67108864 largest_dma=67108864 largest_internal=67108864 requested_dma=512
[I][AlphaSave] NEWGAME_SAVE stage=write-json-temp result=ok esp_err=ESP_OK errno=0 path=/sd/ultima5/saves/alpha1-g0.json.tmp stack_margin=32768
[I][AlphaSave] SD_HEAP operation=crc-readback state=gameplay-save free_internal=67108864 free_dma=67108864 largest_dma=67108864 largest_internal=67108864 requested_dma=512
[I][AlphaSave] NEWGAME_SAVE stage=crc-readback result=ok esp_err=ESP_OK errno=0 path=/sd/ultima5/saves stack_margin=32768
[I][AlphaSave] NEWGAME_SAVE stage=rename-gam result=ok esp_err=ESP_OK errno=0 path=/sd/ultima5/saves/alpha1-g0.gam stack_margin=32768
[I][AlphaSave] NEWGAME_SAVE stage=rename-ool result=ok esp_err=ESP_OK errno=0 path=/sd/ultima5/saves/alpha1-g0.ool stack_margin=32768
[I][AlphaSave] NEWGAME_SAVE stage=rename-json result=ok esp_err=ESP_OK errno=0 path=/sd/ultima5/saves/alpha1-g0.json stack_margin=32768
[I][AlphaSave] NEWGAME_SAVE stage=write-commit-temp result=ok esp_err=ESP_OK errno=0 path=/sd/ultima5/saves/alpha1-g0.commit.tmp stack_margin=32768
[I][AlphaSave] NEWGAME_SAVE stage=rename-commit result=ok esp_err=ESP_OK errno=0 path=/sd/ultima5/saves/alpha1-g0.commit stack_margin=32768
[I][AlphaSave] NEWGAME_SAVE stage=semantic-validation result=ok esp_err=ESP_OK errno=0 path=/sd/ultima5/saves/alpha1-g0.commit stack_margin=32768
[I][AlphaSave] NEWGAME_SAVE stage=generation-final result=ok esp_err=ESP_OK errno=0 path=/sd/ultima5/saves/alpha1-g0.commit stack_margin=32768
[I][AlphaSave] save generation=2 save_slot=0 slot=0 time=13 ms json=369
[I][AlphaSave] SD_HEAP operation=dma-reserve-restored state=gameplay-save free_internal=67108864 free_dma=67108864 largest_dma=67108864 largest_internal=67108864 requested_dma=8192
[I][AlphaSave] SD_HEAP operation=release-reserved-dma state=gameplay-save free_internal=67108864 free_dma=67108864 largest_dma=67108864 largest_internal=67108864 requested_dma=8192
[I][AlphaSave] SD_HEAP operation=sd-window-open state=gameplay-save free_internal=67108864 free_dma=67108864 largest_dma=67108864 largest_internal=67108864 requested_dma=512
[I][AlphaSave] SAVE_SCRATCH psram_bytes=11888
[I][AlphaSave] NEWGAME_SAVE stage=create-root-directory result=ok esp_err=ESP_OK errno=0 path=/sd/ultima5 stack_margin=32768
[I][AlphaSave] NEWGAME_SAVE stage=create-save-directory result=ok esp_err=ESP_OK errno=0 path=/sd/ultima5/saves stack_margin=32768
[I][AlphaSave] SD_HEAP operation=free-space-before state=gameplay-save free_internal=67108864 free_dma=67108864 largest_dma=67108864 largest_internal=67108864 requested_dma=512
[I][AlphaSave] SD_HEAP operation=free-space-call-enter state=gameplay-save free_internal=67108864 free_dma=67108864 largest_dma=67108864 largest_internal=67108864 requested_dma=512
[I][AlphaSave] SD_HEAP operation=free-space-call-exit state=gameplay-save free_internal=67108864 free_dma=67108864 largest_dma=67108864 largest_internal=67108864 requested_dma=512
[I][AlphaSave] SD_HEAP operation=free-space-after state=gameplay-save free_internal=67108864 free_dma=67108864 largest_dma=67108864 largest_internal=67108864 requested_dma=512
[I][AlphaSave] SD_SPACE path=/sd api=esp_vfs_fat_info/f_getfree return=ESP_OK(0x0) errno=0 total_bytes=34359738368 free_bytes=8589934592 total_sectors=67108864 free_sectors=16777216 sector_bytes=512
[I][AlphaSave] NEWGAME_SAVE stage=free-space-query result=ok esp_err=ESP_OK errno=0 path=/sd stack_margin=32768
[I][AlphaSave] NEWGAME_SAVE stage=free-space result=ok esp_err=ESP_OK errno=0 path=/sd stack_margin=32768
[I][AlphaSave] SAVE_TARGET save_slot=0 newest=0 accepted=1 slot=1 keep=0 sequence=4294967298
[I][AlphaSave] NEWGAME_SAVE stage=gam-encode result=ok esp_err=ESP_OK errno=0 path=INIT.GAM stack_margin=32768
[I][AlphaSave] NEWGAME_SAVE stage=ool-encode result=ok esp_err=ESP_OK errno=0 path=INIT.OOL stack_margin=32768
[I][AlphaSave] NEWGAME_SAVE stage=json-encode result=ok esp_err=ESP_OK errno=0 path=sidecar stack_margin=32768
[I][AlphaSave] SD_HEAP operation=write-gam-temp state=gameplay-save free_internal=67108864 free_dma=67108864 largest_dma=67108864 largest_internal=67108864 requested_dma=512
[I][AlphaSave] NEWGAME_SAVE stage=write-gam-temp result=ok esp_err=ESP_OK errno=0 path=/sd/ultima5/saves/alpha1-g1.gam.tmp stack_margin=32768
[I][AlphaSave] SD_HEAP operation=write-ool-temp state=gameplay-save free_internal=67108864 free_dma=67108864 largest_dma=67108864 largest_internal=67108864 requested_dma=512
[I][AlphaSave] NEWGAME_SAVE stage=write-ool-temp result=ok esp_err=ESP_OK errno=0 path=/sd/ultima5/saves/alpha1-g1.ool.tmp stack_margin=32768
[I][AlphaSave] SD_HEAP operation=write-json-temp state=gameplay-save free_internal=67108864 free_dma=67108864 largest_dma=67108864 largest_internal=67108864 requested_dma=512
[I][AlphaSave] NEWGAME_SAVE stage=write-json-temp result=ok esp_err=ESP_OK errno=0 path=/sd/ultima5/saves/alpha1-g1.json.tmp stack_margin=32768
[I][AlphaSave] SD_HEAP operation=crc-readback state=gameplay-save free_internal=67108864 free_dma=67108864 largest_dma=67108864 largest_internal=67108864 requested_dma=512
[I][AlphaSave] NEWGAME_SAVE stage=crc-readback result=ok esp_err=ESP_OK errno=0 path=/sd/ultima5/saves stack_margin=32768
[I][AlphaSave] NEWGAME_SAVE stage=rename-gam result=ok esp_err=ESP_OK errno=0 path=/sd/ultima5/saves/alpha1-g1.gam stack_margin=32768
[I][AlphaSave] NEWGAME_SAVE stage=rename-ool result=ok esp_err=ESP_OK errno=0 path=/sd/ultima5/saves/alpha1-g1.ool stack_margin=32768
[I][AlphaSave] NEWGAME_SAVE stage=rename-json result=ok esp_err=ESP_OK errno=0 path=/sd/ultima5/saves/alpha1-g1.json stack_margin=32768
[I][AlphaSave] NEWGAME_SAVE stage=write-commit-temp result=ok esp_err=ESP_OK errno=0 path=/sd/ultima5/saves/alpha1-g1.commit.tmp stack_margin=32768
[I][AlphaSave] NEWGAME_SAVE stage=rename-commit result=ok esp_err=ESP_OK errno=0 path=/sd/ultima5/saves/alpha1-g1.commit stack_margin=32768
[I][AlphaSave] NEWGAME_SAVE stage=semantic-validation result=ok esp_err=ESP_OK errno=0 path=/sd/ultima5/saves/alpha1-g1.commit stack_margin=32768
[I][AlphaSave] NEWGAME_SAVE stage=generation-final result=ok esp_err=ESP_OK errno=0 path=/sd/ultima5/saves/alpha1-g1.commit stack_margin=32768
[I][AlphaSave] save generation=4294967298 save_slot=0 slot=1 time=20 ms json=369
[I][AlphaSave] SD_HEAP operation=dma-reserve-restored state=gameplay-save free_internal=67108864 free_dma=67108864 largest_dma=67108864 largest_internal=67108864 requested_dma=8192
[I][AlphaSave] SD_HEAP operation=release-reserved-dma state=load-latest free_internal=67108864 free_dma=67108864 largest_dma=67108864 largest_internal=67108864 requested_dma=8192
[I][AlphaSave] SD_HEAP operation=sd-window-open state=load-latest free_internal=67108864 free_dma=67108864 largest_dma=67108864 largest_internal=67108864 requested_dma=512
[I][AlphaSave] SAVE_SCRATCH psram_bytes=11888
[I][AlphaSave] load generation=4294967298 save_slot=0 slot=1 time=2 ms status=0
[I][AlphaSave] SD_HEAP operation=dma-reserve-restored state=load-latest free_internal=67108864 free_dma=67108864 largest_dma=67108864 largest_internal=67108864 requested_dma=8192
  GREEN G2    64-bit sequences: 0x100000001 is the newest; the save writes slot 1 as 0x100000002
[I][AlphaSave] SD_HEAP operation=release-reserved-dma state=gameplay-save free_internal=67108864 free_dma=67108864 largest_dma=67108864 largest_internal=67108864 requested_dma=8192
[I][AlphaSave] SD_HEAP operation=sd-window-open state=gameplay-save free_internal=67108864 free_dma=67108864 largest_dma=67108864 largest_internal=67108864 requested_dma=512
[I][AlphaSave] SAVE_SCRATCH psram_bytes=11888
[I][AlphaSave] NEWGAME_SAVE stage=create-root-directory result=ok esp_err=ESP_OK errno=0 path=/sd/ultima5 stack_margin=32768
[I][AlphaSave] NEWGAME_SAVE stage=create-save-directory result=ok esp_err=ESP_OK errno=0 path=/sd/ultima5/saves stack_margin=32768
[I][AlphaSave] SD_HEAP operation=free-space-before state=gameplay-save free_internal=67108864 free_dma=67108864 largest_dma=67108864 largest_internal=67108864 requested_dma=512
[I][AlphaSave] SD_HEAP operation=free-space-call-enter state=gameplay-save free_internal=67108864 free_dma=67108864 largest_dma=67108864 largest_internal=67108864 requested_dma=512
[I][AlphaSave] SD_HEAP operation=free-space-call-exit state=gameplay-save free_internal=67108864 free_dma=67108864 largest_dma=67108864 largest_internal=67108864 requested_dma=512
[I][AlphaSave] SD_HEAP operation=free-space-after state=gameplay-save free_internal=67108864 free_dma=67108864 largest_dma=67108864 largest_internal=67108864 requested_dma=512
[I][AlphaSave] SD_SPACE path=/sd api=esp_vfs_fat_info/f_getfree return=ESP_OK(0x0) errno=0 total_bytes=34359738368 free_bytes=8589934592 total_sectors=67108864 free_sectors=16777216 sector_bytes=512
[I][AlphaSave] NEWGAME_SAVE stage=free-space-query result=ok esp_err=ESP_OK errno=0 path=/sd stack_margin=32768
[I][AlphaSave] NEWGAME_SAVE stage=free-space result=ok esp_err=ESP_OK errno=0 path=/sd stack_margin=32768
[I][AlphaSave] SAVE_TARGET save_slot=0 newest=-1 accepted=0 slot=1 keep=-1 sequence=1
[I][AlphaSave] NEWGAME_SAVE stage=gam-encode result=ok esp_err=ESP_OK errno=0 path=INIT.GAM stack_margin=32768
[I][AlphaSave] NEWGAME_SAVE stage=ool-encode result=ok esp_err=ESP_OK errno=0 path=INIT.OOL stack_margin=32768
[I][AlphaSave] NEWGAME_SAVE stage=json-encode result=ok esp_err=ESP_OK errno=0 path=sidecar stack_margin=32768
[I][AlphaSave] SD_HEAP operation=write-gam-temp state=gameplay-save free_internal=67108864 free_dma=67108864 largest_dma=67108864 largest_internal=67108864 requested_dma=512
[I][AlphaSave] NEWGAME_SAVE stage=write-gam-temp result=ok esp_err=ESP_OK errno=0 path=/sd/ultima5/saves/alpha1-g1.gam.tmp stack_margin=32768
[I][AlphaSave] SD_HEAP operation=write-ool-temp state=gameplay-save free_internal=67108864 free_dma=67108864 largest_dma=67108864 largest_internal=67108864 requested_dma=512
[I][AlphaSave] NEWGAME_SAVE stage=write-ool-temp result=ok esp_err=ESP_OK errno=0 path=/sd/ultima5/saves/alpha1-g1.ool.tmp stack_margin=32768
[I][AlphaSave] SD_HEAP operation=write-json-temp state=gameplay-save free_internal=67108864 free_dma=67108864 largest_dma=67108864 largest_internal=67108864 requested_dma=512
[I][AlphaSave] NEWGAME_SAVE stage=write-json-temp result=ok esp_err=ESP_OK errno=0 path=/sd/ultima5/saves/alpha1-g1.json.tmp stack_margin=32768
[I][AlphaSave] SD_HEAP operation=crc-readback state=gameplay-save free_internal=67108864 free_dma=67108864 largest_dma=67108864 largest_internal=67108864 requested_dma=512
[I][AlphaSave] NEWGAME_SAVE stage=crc-readback result=ok esp_err=ESP_OK errno=0 path=/sd/ultima5/saves stack_margin=32768
[I][AlphaSave] NEWGAME_SAVE stage=rename-gam result=ok esp_err=ESP_OK errno=0 path=/sd/ultima5/saves/alpha1-g1.gam stack_margin=32768
[I][AlphaSave] NEWGAME_SAVE stage=rename-ool result=ok esp_err=ESP_OK errno=0 path=/sd/ultima5/saves/alpha1-g1.ool stack_margin=32768
[I][AlphaSave] NEWGAME_SAVE stage=rename-json result=ok esp_err=ESP_OK errno=0 path=/sd/ultima5/saves/alpha1-g1.json stack_margin=32768
[I][AlphaSave] NEWGAME_SAVE stage=write-commit-temp result=ok esp_err=ESP_OK errno=0 path=/sd/ultima5/saves/alpha1-g1.commit.tmp stack_margin=32768
[I][AlphaSave] NEWGAME_SAVE stage=rename-commit result=ok esp_err=ESP_OK errno=0 path=/sd/ultima5/saves/alpha1-g1.commit stack_margin=32768
[I][AlphaSave] NEWGAME_SAVE stage=semantic-validation result=ok esp_err=ESP_OK errno=0 path=/sd/ultima5/saves/alpha1-g1.commit stack_margin=32768
[I][AlphaSave] NEWGAME_SAVE stage=generation-final result=ok esp_err=ESP_OK errno=0 path=/sd/ultima5/saves/alpha1-g1.commit stack_margin=32768
[I][AlphaSave] save generation=1 save_slot=0 slot=1 time=15 ms json=369
[I][AlphaSave] SD_HEAP operation=dma-reserve-restored state=gameplay-save free_internal=67108864 free_dma=67108864 largest_dma=67108864 largest_internal=67108864 requested_dma=8192
[I][AlphaSave] SD_HEAP operation=release-reserved-dma state=gameplay-save free_internal=67108864 free_dma=67108864 largest_dma=67108864 largest_internal=67108864 requested_dma=8192
[I][AlphaSave] SD_HEAP operation=sd-window-open state=gameplay-save free_internal=67108864 free_dma=67108864 largest_dma=67108864 largest_internal=67108864 requested_dma=512
[I][AlphaSave] NEWGAME_SAVE stage=create-root-directory result=ok esp_err=ESP_OK errno=0 path=/sd/ultima5 stack_margin=32768
[I][AlphaSave] NEWGAME_SAVE stage=create-save-directory result=ok esp_err=ESP_OK errno=0 path=/sd/ultima5/saves stack_margin=32768
[I][AlphaSave] SD_HEAP operation=free-space-before state=gameplay-save free_internal=67108864 free_dma=67108864 largest_dma=67108864 largest_internal=67108864 requested_dma=512
[I][AlphaSave] SD_HEAP operation=free-space-call-enter state=gameplay-save free_internal=67108864 free_dma=67108864 largest_dma=67108864 largest_internal=67108864 requested_dma=512
[I][AlphaSave] SD_HEAP operation=free-space-call-exit state=gameplay-save free_internal=67108864 free_dma=67108864 largest_dma=67108864 largest_internal=67108864 requested_dma=512
[I][AlphaSave] SD_HEAP operation=free-space-after state=gameplay-save free_internal=67108864 free_dma=67108864 largest_dma=67108864 largest_internal=67108864 requested_dma=512
[I][AlphaSave] SD_SPACE path=/sd api=esp_vfs_fat_info/f_getfree return=ESP_OK(0x0) errno=0 total_bytes=34359738368 free_bytes=8589934592 total_sectors=67108864 free_sectors=16777216 sector_bytes=512
[I][AlphaSave] NEWGAME_SAVE stage=free-space-query result=ok esp_err=ESP_OK errno=0 path=/sd stack_margin=32768
[I][AlphaSave] NEWGAME_SAVE stage=free-space result=ok esp_err=ESP_OK errno=0 path=/sd stack_margin=32768
[I][AlphaSave] SAVE_TARGET save_slot=0 newest=1 accepted=1 slot=0 keep=1 sequence=2
[I][AlphaSave] NEWGAME_SAVE stage=gam-encode result=ok esp_err=ESP_OK errno=0 path=INIT.GAM stack_margin=32768
[I][AlphaSave] NEWGAME_SAVE stage=ool-encode result=ok esp_err=ESP_OK errno=0 path=INIT.OOL stack_margin=32768
[I][AlphaSave] NEWGAME_SAVE stage=json-encode result=ok esp_err=ESP_OK errno=0 path=sidecar stack_margin=32768
[I][AlphaSave] SD_HEAP operation=write-gam-temp state=gameplay-save free_internal=67108864 free_dma=67108864 largest_dma=67108864 largest_internal=67108864 requested_dma=512
[I][AlphaSave] NEWGAME_SAVE stage=write-gam-temp result=ok esp_err=ESP_OK errno=0 path=/sd/ultima5/saves/alpha1-g0.gam.tmp stack_margin=32768
[I][AlphaSave] SD_HEAP operation=write-ool-temp state=gameplay-save free_internal=67108864 free_dma=67108864 largest_dma=67108864 largest_internal=67108864 requested_dma=512
[I][AlphaSave] NEWGAME_SAVE stage=write-ool-temp result=ok esp_err=ESP_OK errno=0 path=/sd/ultima5/saves/alpha1-g0.ool.tmp stack_margin=32768
[I][AlphaSave] SD_HEAP operation=write-json-temp state=gameplay-save free_internal=67108864 free_dma=67108864 largest_dma=67108864 largest_internal=67108864 requested_dma=512
[I][AlphaSave] NEWGAME_SAVE stage=write-json-temp result=ok esp_err=ESP_OK errno=0 path=/sd/ultima5/saves/alpha1-g0.json.tmp stack_margin=32768
[I][AlphaSave] SD_HEAP operation=crc-readback state=gameplay-save free_internal=67108864 free_dma=67108864 largest_dma=67108864 largest_internal=67108864 requested_dma=512
[I][AlphaSave] NEWGAME_SAVE stage=crc-readback result=ok esp_err=ESP_OK errno=0 path=/sd/ultima5/saves stack_margin=32768
[I][AlphaSave] NEWGAME_SAVE stage=rename-gam result=ok esp_err=ESP_OK errno=0 path=/sd/ultima5/saves/alpha1-g0.gam stack_margin=32768
[I][AlphaSave] NEWGAME_SAVE stage=rename-ool result=ok esp_err=ESP_OK errno=0 path=/sd/ultima5/saves/alpha1-g0.ool stack_margin=32768
[I][AlphaSave] NEWGAME_SAVE stage=rename-json result=ok esp_err=ESP_OK errno=0 path=/sd/ultima5/saves/alpha1-g0.json stack_margin=32768
[I][AlphaSave] NEWGAME_SAVE stage=write-commit-temp result=ok esp_err=ESP_OK errno=0 path=/sd/ultima5/saves/alpha1-g0.commit.tmp stack_margin=32768
[I][AlphaSave] NEWGAME_SAVE stage=rename-commit result=ok esp_err=ESP_OK errno=0 path=/sd/ultima5/saves/alpha1-g0.commit stack_margin=32768
[I][AlphaSave] NEWGAME_SAVE stage=semantic-validation result=ok esp_err=ESP_OK errno=0 path=/sd/ultima5/saves/alpha1-g0.commit stack_margin=32768
[I][AlphaSave] NEWGAME_SAVE stage=generation-final result=ok esp_err=ESP_OK errno=0 path=/sd/ultima5/saves/alpha1-g0.commit stack_margin=32768
[I][AlphaSave] save generation=2 save_slot=0 slot=0 time=15 ms json=369
[I][AlphaSave] SD_HEAP operation=dma-reserve-restored state=gameplay-save free_internal=67108864 free_dma=67108864 largest_dma=67108864 largest_internal=67108864 requested_dma=8192
[I][AlphaSave] SD_HEAP operation=release-reserved-dma state=load-latest free_internal=67108864 free_dma=67108864 largest_dma=67108864 largest_internal=67108864 requested_dma=8192
[I][AlphaSave] SD_HEAP operation=sd-window-open state=load-latest free_internal=67108864 free_dma=67108864 largest_dma=67108864 largest_internal=67108864 requested_dma=512
[I][AlphaSave] SAVE_SCRATCH psram_bytes=11888
[I][AlphaSave] load generation=9 save_slot=0 slot=0 time=7 ms status=0
[I][AlphaSave] SD_HEAP operation=dma-reserve-restored state=load-latest free_internal=67108864 free_dma=67108864 largest_dma=67108864 largest_internal=67108864 requested_dma=8192
[I][AlphaSave] SD_HEAP operation=release-reserved-dma state=gameplay-save free_internal=67108864 free_dma=67108864 largest_dma=67108864 largest_internal=67108864 requested_dma=8192
[I][AlphaSave] SD_HEAP operation=sd-window-open state=gameplay-save free_internal=67108864 free_dma=67108864 largest_dma=67108864 largest_internal=67108864 requested_dma=512
[I][AlphaSave] SAVE_SCRATCH psram_bytes=11888
[I][AlphaSave] NEWGAME_SAVE stage=create-root-directory result=ok esp_err=ESP_OK errno=0 path=/sd/ultima5 stack_margin=32768
[I][AlphaSave] NEWGAME_SAVE stage=create-save-directory result=ok esp_err=ESP_OK errno=0 path=/sd/ultima5/saves stack_margin=32768
[I][AlphaSave] SD_HEAP operation=free-space-before state=gameplay-save free_internal=67108864 free_dma=67108864 largest_dma=67108864 largest_internal=67108864 requested_dma=512
[I][AlphaSave] SD_HEAP operation=free-space-call-enter state=gameplay-save free_internal=67108864 free_dma=67108864 largest_dma=67108864 largest_internal=67108864 requested_dma=512
[I][AlphaSave] SD_HEAP operation=free-space-call-exit state=gameplay-save free_internal=67108864 free_dma=67108864 largest_dma=67108864 largest_internal=67108864 requested_dma=512
[I][AlphaSave] SD_HEAP operation=free-space-after state=gameplay-save free_internal=67108864 free_dma=67108864 largest_dma=67108864 largest_internal=67108864 requested_dma=512
[I][AlphaSave] SD_SPACE path=/sd api=esp_vfs_fat_info/f_getfree return=ESP_OK(0x0) errno=0 total_bytes=34359738368 free_bytes=8589934592 total_sectors=67108864 free_sectors=16777216 sector_bytes=512
[I][AlphaSave] NEWGAME_SAVE stage=free-space-query result=ok esp_err=ESP_OK errno=0 path=/sd stack_margin=32768
[I][AlphaSave] NEWGAME_SAVE stage=free-space result=ok esp_err=ESP_OK errno=0 path=/sd stack_margin=32768
[I][AlphaSave] SAVE_TARGET save_slot=0 newest=0 accepted=1 slot=1 keep=0 sequence=10
[I][AlphaSave] NEWGAME_SAVE stage=gam-encode result=ok esp_err=ESP_OK errno=0 path=INIT.GAM stack_margin=32768
[I][AlphaSave] NEWGAME_SAVE stage=ool-encode result=ok esp_err=ESP_OK errno=0 path=INIT.OOL stack_margin=32768
[I][AlphaSave] NEWGAME_SAVE stage=json-encode result=ok esp_err=ESP_OK errno=0 path=sidecar stack_margin=32768
[I][AlphaSave] SD_HEAP operation=write-gam-temp state=gameplay-save free_internal=67108864 free_dma=67108864 largest_dma=67108864 largest_internal=67108864 requested_dma=512
[I][AlphaSave] NEWGAME_SAVE stage=write-gam-temp result=ok esp_err=ESP_OK errno=0 path=/sd/ultima5/saves/alpha1-g1.gam.tmp stack_margin=32768
[I][AlphaSave] SD_HEAP operation=write-ool-temp state=gameplay-save free_internal=67108864 free_dma=67108864 largest_dma=67108864 largest_internal=67108864 requested_dma=512
[I][AlphaSave] NEWGAME_SAVE stage=write-ool-temp result=ok esp_err=ESP_OK errno=0 path=/sd/ultima5/saves/alpha1-g1.ool.tmp stack_margin=32768
[I][AlphaSave] SD_HEAP operation=write-json-temp state=gameplay-save free_internal=67108864 free_dma=67108864 largest_dma=67108864 largest_internal=67108864 requested_dma=512
[I][AlphaSave] NEWGAME_SAVE stage=write-json-temp result=ok esp_err=ESP_OK errno=0 path=/sd/ultima5/saves/alpha1-g1.json.tmp stack_margin=32768
[I][AlphaSave] SD_HEAP operation=crc-readback state=gameplay-save free_internal=67108864 free_dma=67108864 largest_dma=67108864 largest_internal=67108864 requested_dma=512
[I][AlphaSave] NEWGAME_SAVE stage=crc-readback result=ok esp_err=ESP_OK errno=0 path=/sd/ultima5/saves stack_margin=32768
[I][AlphaSave] NEWGAME_SAVE stage=rename-gam result=ok esp_err=ESP_OK errno=0 path=/sd/ultima5/saves/alpha1-g1.gam stack_margin=32768
[I][AlphaSave] NEWGAME_SAVE stage=rename-ool result=ok esp_err=ESP_OK errno=0 path=/sd/ultima5/saves/alpha1-g1.ool stack_margin=32768
[I][AlphaSave] NEWGAME_SAVE stage=rename-json result=ok esp_err=ESP_OK errno=0 path=/sd/ultima5/saves/alpha1-g1.json stack_margin=32768
[I][AlphaSave] NEWGAME_SAVE stage=write-commit-temp result=ok esp_err=ESP_OK errno=0 path=/sd/ultima5/saves/alpha1-g1.commit.tmp stack_margin=32768
[I][AlphaSave] NEWGAME_SAVE stage=rename-commit result=ok esp_err=ESP_OK errno=0 path=/sd/ultima5/saves/alpha1-g1.commit stack_margin=32768
[I][AlphaSave] NEWGAME_SAVE stage=semantic-validation result=ok esp_err=ESP_OK errno=0 path=/sd/ultima5/saves/alpha1-g1.commit stack_margin=32768
[I][AlphaSave] NEWGAME_SAVE stage=generation-final result=ok esp_err=ESP_OK errno=0 path=/sd/ultima5/saves/alpha1-g1.commit stack_margin=32768
[I][AlphaSave] save generation=10 save_slot=0 slot=1 time=9 ms json=369
[I][AlphaSave] SD_HEAP operation=dma-reserve-restored state=gameplay-save free_internal=67108864 free_dma=67108864 largest_dma=67108864 largest_internal=67108864 requested_dma=8192
[I][AlphaSave] SD_HEAP operation=release-reserved-dma state=load-latest free_internal=67108864 free_dma=67108864 largest_dma=67108864 largest_internal=67108864 requested_dma=8192
[I][AlphaSave] SD_HEAP operation=sd-window-open state=load-latest free_internal=67108864 free_dma=67108864 largest_dma=67108864 largest_internal=67108864 requested_dma=512
[I][AlphaSave] SAVE_SCRATCH psram_bytes=11888
[I][AlphaSave] load generation=10 save_slot=0 slot=1 time=2 ms status=0
[I][AlphaSave] SD_HEAP operation=dma-reserve-restored state=load-latest free_internal=67108864 free_dma=67108864 largest_dma=67108864 largest_internal=67108864 requested_dma=8192
  GREEN G3    equal sequences: Continue restores slot 0; the save keeps it and writes slot 1 as sequence 10
[I][AlphaSave] SD_HEAP operation=release-reserved-dma state=gameplay-save free_internal=67108864 free_dma=67108864 largest_dma=67108864 largest_internal=67108864 requested_dma=8192
[I][AlphaSave] SD_HEAP operation=sd-window-open state=gameplay-save free_internal=67108864 free_dma=67108864 largest_dma=67108864 largest_internal=67108864 requested_dma=512
[I][AlphaSave] SAVE_SCRATCH psram_bytes=11888
[I][AlphaSave] NEWGAME_SAVE stage=create-root-directory result=ok esp_err=ESP_OK errno=0 path=/sd/ultima5 stack_margin=32768
[I][AlphaSave] NEWGAME_SAVE stage=create-save-directory result=ok esp_err=ESP_OK errno=0 path=/sd/ultima5/saves stack_margin=32768
[I][AlphaSave] SD_HEAP operation=free-space-before state=gameplay-save free_internal=67108864 free_dma=67108864 largest_dma=67108864 largest_internal=67108864 requested_dma=512
[I][AlphaSave] SD_HEAP operation=free-space-call-enter state=gameplay-save free_internal=67108864 free_dma=67108864 largest_dma=67108864 largest_internal=67108864 requested_dma=512
[I][AlphaSave] SD_HEAP operation=free-space-call-exit state=gameplay-save free_internal=67108864 free_dma=67108864 largest_dma=67108864 largest_internal=67108864 requested_dma=512
[I][AlphaSave] SD_HEAP operation=free-space-after state=gameplay-save free_internal=67108864 free_dma=67108864 largest_dma=67108864 largest_internal=67108864 requested_dma=512
[I][AlphaSave] SD_SPACE path=/sd api=esp_vfs_fat_info/f_getfree return=ESP_OK(0x0) errno=0 total_bytes=34359738368 free_bytes=8589934592 total_sectors=67108864 free_sectors=16777216 sector_bytes=512
[I][AlphaSave] NEWGAME_SAVE stage=free-space-query result=ok esp_err=ESP_OK errno=0 path=/sd stack_margin=32768
[I][AlphaSave] NEWGAME_SAVE stage=free-space result=ok esp_err=ESP_OK errno=0 path=/sd stack_margin=32768
[I][AlphaSave] SAVE_TARGET save_slot=0 newest=-1 accepted=0 slot=1 keep=-1 sequence=1
[I][AlphaSave] NEWGAME_SAVE stage=gam-encode result=ok esp_err=ESP_OK errno=0 path=INIT.GAM stack_margin=32768
[I][AlphaSave] NEWGAME_SAVE stage=ool-encode result=ok esp_err=ESP_OK errno=0 path=INIT.OOL stack_margin=32768
[I][AlphaSave] NEWGAME_SAVE stage=json-encode result=ok esp_err=ESP_OK errno=0 path=sidecar stack_margin=32768
[I][AlphaSave] SD_HEAP operation=write-gam-temp state=gameplay-save free_internal=67108864 free_dma=67108864 largest_dma=67108864 largest_internal=67108864 requested_dma=512
[I][AlphaSave] NEWGAME_SAVE stage=write-gam-temp result=ok esp_err=ESP_OK errno=0 path=/sd/ultima5/saves/alpha1-g1.gam.tmp stack_margin=32768
[I][AlphaSave] SD_HEAP operation=write-ool-temp state=gameplay-save free_internal=67108864 free_dma=67108864 largest_dma=67108864 largest_internal=67108864 requested_dma=512
[I][AlphaSave] NEWGAME_SAVE stage=write-ool-temp result=ok esp_err=ESP_OK errno=0 path=/sd/ultima5/saves/alpha1-g1.ool.tmp stack_margin=32768
[I][AlphaSave] SD_HEAP operation=write-json-temp state=gameplay-save free_internal=67108864 free_dma=67108864 largest_dma=67108864 largest_internal=67108864 requested_dma=512
[I][AlphaSave] NEWGAME_SAVE stage=write-json-temp result=ok esp_err=ESP_OK errno=0 path=/sd/ultima5/saves/alpha1-g1.json.tmp stack_margin=32768
[I][AlphaSave] SD_HEAP operation=crc-readback state=gameplay-save free_internal=67108864 free_dma=67108864 largest_dma=67108864 largest_internal=67108864 requested_dma=512
[I][AlphaSave] NEWGAME_SAVE stage=crc-readback result=ok esp_err=ESP_OK errno=0 path=/sd/ultima5/saves stack_margin=32768
[I][AlphaSave] NEWGAME_SAVE stage=rename-gam result=ok esp_err=ESP_OK errno=0 path=/sd/ultima5/saves/alpha1-g1.gam stack_margin=32768
[I][AlphaSave] NEWGAME_SAVE stage=rename-ool result=ok esp_err=ESP_OK errno=0 path=/sd/ultima5/saves/alpha1-g1.ool stack_margin=32768
[I][AlphaSave] NEWGAME_SAVE stage=rename-json result=ok esp_err=ESP_OK errno=0 path=/sd/ultima5/saves/alpha1-g1.json stack_margin=32768
[I][AlphaSave] NEWGAME_SAVE stage=write-commit-temp result=ok esp_err=ESP_OK errno=0 path=/sd/ultima5/saves/alpha1-g1.commit.tmp stack_margin=32768
[I][AlphaSave] NEWGAME_SAVE stage=rename-commit result=ok esp_err=ESP_OK errno=0 path=/sd/ultima5/saves/alpha1-g1.commit stack_margin=32768
[I][AlphaSave] NEWGAME_SAVE stage=semantic-validation result=ok esp_err=ESP_OK errno=0 path=/sd/ultima5/saves/alpha1-g1.commit stack_margin=32768
[I][AlphaSave] NEWGAME_SAVE stage=generation-final result=ok esp_err=ESP_OK errno=0 path=/sd/ultima5/saves/alpha1-g1.commit stack_margin=32768
[I][AlphaSave] save generation=1 save_slot=0 slot=1 time=12 ms json=369
[I][AlphaSave] SD_HEAP operation=dma-reserve-restored state=gameplay-save free_internal=67108864 free_dma=67108864 largest_dma=67108864 largest_internal=67108864 requested_dma=8192
[I][AlphaSave] SD_HEAP operation=release-reserved-dma state=gameplay-save free_internal=67108864 free_dma=67108864 largest_dma=67108864 largest_internal=67108864 requested_dma=8192
[I][AlphaSave] SD_HEAP operation=sd-window-open state=gameplay-save free_internal=67108864 free_dma=67108864 largest_dma=67108864 largest_internal=67108864 requested_dma=512
[I][AlphaSave] NEWGAME_SAVE stage=create-root-directory result=ok esp_err=ESP_OK errno=0 path=/sd/ultima5 stack_margin=32768
[I][AlphaSave] NEWGAME_SAVE stage=create-save-directory result=ok esp_err=ESP_OK errno=0 path=/sd/ultima5/saves stack_margin=32768
[I][AlphaSave] SD_HEAP operation=free-space-before state=gameplay-save free_internal=67108864 free_dma=67108864 largest_dma=67108864 largest_internal=67108864 requested_dma=512
[I][AlphaSave] SD_HEAP operation=free-space-call-enter state=gameplay-save free_internal=67108864 free_dma=67108864 largest_dma=67108864 largest_internal=67108864 requested_dma=512
[I][AlphaSave] SD_HEAP operation=free-space-call-exit state=gameplay-save free_internal=67108864 free_dma=67108864 largest_dma=67108864 largest_internal=67108864 requested_dma=512
[I][AlphaSave] SD_HEAP operation=free-space-after state=gameplay-save free_internal=67108864 free_dma=67108864 largest_dma=67108864 largest_internal=67108864 requested_dma=512
[I][AlphaSave] SD_SPACE path=/sd api=esp_vfs_fat_info/f_getfree return=ESP_OK(0x0) errno=0 total_bytes=34359738368 free_bytes=8589934592 total_sectors=67108864 free_sectors=16777216 sector_bytes=512
[I][AlphaSave] NEWGAME_SAVE stage=free-space-query result=ok esp_err=ESP_OK errno=0 path=/sd stack_margin=32768
[I][AlphaSave] NEWGAME_SAVE stage=free-space result=ok esp_err=ESP_OK errno=0 path=/sd stack_margin=32768
[I][AlphaSave] SAVE_TARGET save_slot=0 newest=1 accepted=1 slot=0 keep=1 sequence=2
[I][AlphaSave] NEWGAME_SAVE stage=gam-encode result=ok esp_err=ESP_OK errno=0 path=INIT.GAM stack_margin=32768
[I][AlphaSave] NEWGAME_SAVE stage=ool-encode result=ok esp_err=ESP_OK errno=0 path=INIT.OOL stack_margin=32768
[I][AlphaSave] NEWGAME_SAVE stage=json-encode result=ok esp_err=ESP_OK errno=0 path=sidecar stack_margin=32768
[I][AlphaSave] SD_HEAP operation=write-gam-temp state=gameplay-save free_internal=67108864 free_dma=67108864 largest_dma=67108864 largest_internal=67108864 requested_dma=512
[I][AlphaSave] NEWGAME_SAVE stage=write-gam-temp result=ok esp_err=ESP_OK errno=0 path=/sd/ultima5/saves/alpha1-g0.gam.tmp stack_margin=32768
[I][AlphaSave] SD_HEAP operation=write-ool-temp state=gameplay-save free_internal=67108864 free_dma=67108864 largest_dma=67108864 largest_internal=67108864 requested_dma=512
[I][AlphaSave] NEWGAME_SAVE stage=write-ool-temp result=ok esp_err=ESP_OK errno=0 path=/sd/ultima5/saves/alpha1-g0.ool.tmp stack_margin=32768
[I][AlphaSave] SD_HEAP operation=write-json-temp state=gameplay-save free_internal=67108864 free_dma=67108864 largest_dma=67108864 largest_internal=67108864 requested_dma=512
[I][AlphaSave] NEWGAME_SAVE stage=write-json-temp result=ok esp_err=ESP_OK errno=0 path=/sd/ultima5/saves/alpha1-g0.json.tmp stack_margin=32768
[I][AlphaSave] SD_HEAP operation=crc-readback state=gameplay-save free_internal=67108864 free_dma=67108864 largest_dma=67108864 largest_internal=67108864 requested_dma=512
[I][AlphaSave] NEWGAME_SAVE stage=crc-readback result=ok esp_err=ESP_OK errno=0 path=/sd/ultima5/saves stack_margin=32768
[I][AlphaSave] NEWGAME_SAVE stage=rename-gam result=ok esp_err=ESP_OK errno=0 path=/sd/ultima5/saves/alpha1-g0.gam stack_margin=32768
[I][AlphaSave] NEWGAME_SAVE stage=rename-ool result=ok esp_err=ESP_OK errno=0 path=/sd/ultima5/saves/alpha1-g0.ool stack_margin=32768
[I][AlphaSave] NEWGAME_SAVE stage=rename-json result=ok esp_err=ESP_OK errno=0 path=/sd/ultima5/saves/alpha1-g0.json stack_margin=32768
[I][AlphaSave] NEWGAME_SAVE stage=write-commit-temp result=ok esp_err=ESP_OK errno=0 path=/sd/ultima5/saves/alpha1-g0.commit.tmp stack_margin=32768
[I][AlphaSave] NEWGAME_SAVE stage=rename-commit result=ok esp_err=ESP_OK errno=0 path=/sd/ultima5/saves/alpha1-g0.commit stack_margin=32768
[I][AlphaSave] NEWGAME_SAVE stage=semantic-validation result=ok esp_err=ESP_OK errno=0 path=/sd/ultima5/saves/alpha1-g0.commit stack_margin=32768
[I][AlphaSave] NEWGAME_SAVE stage=generation-final result=ok esp_err=ESP_OK errno=0 path=/sd/ultima5/saves/alpha1-g0.commit stack_margin=32768
[I][AlphaSave] save generation=2 save_slot=0 slot=0 time=15 ms json=369
[I][AlphaSave] SD_HEAP operation=dma-reserve-restored state=gameplay-save free_internal=67108864 free_dma=67108864 largest_dma=67108864 largest_internal=67108864 requested_dma=8192
[I][AlphaSave] SD_HEAP operation=release-reserved-dma state=load-latest free_internal=67108864 free_dma=67108864 largest_dma=67108864 largest_internal=67108864 requested_dma=8192
[I][AlphaSave] SD_HEAP operation=sd-window-open state=load-latest free_internal=67108864 free_dma=67108864 largest_dma=67108864 largest_internal=67108864 requested_dma=512
[I][AlphaSave] SAVE_SCRATCH psram_bytes=11888
[I][AlphaSave] load generation=2 save_slot=0 slot=0 time=6 ms status=0
[I][AlphaSave] SD_HEAP operation=dma-reserve-restored state=load-latest free_internal=67108864 free_dma=67108864 largest_dma=67108864 largest_internal=67108864 requested_dma=8192
[I][AlphaSave] SD_HEAP operation=release-reserved-dma state=gameplay-save free_internal=67108864 free_dma=67108864 largest_dma=67108864 largest_internal=67108864 requested_dma=8192
[I][AlphaSave] SD_HEAP operation=sd-window-open state=gameplay-save free_internal=67108864 free_dma=67108864 largest_dma=67108864 largest_internal=67108864 requested_dma=512
[I][AlphaSave] NEWGAME_SAVE stage=create-root-directory result=ok esp_err=ESP_OK errno=0 path=/sd/ultima5 stack_margin=32768
[I][AlphaSave] NEWGAME_SAVE stage=create-save-directory result=ok esp_err=ESP_OK errno=0 path=/sd/ultima5/saves stack_margin=32768
[I][AlphaSave] SD_HEAP operation=free-space-before state=gameplay-save free_internal=67108864 free_dma=67108864 largest_dma=67108864 largest_internal=67108864 requested_dma=512
[I][AlphaSave] SD_HEAP operation=free-space-call-enter state=gameplay-save free_internal=67108864 free_dma=67108864 largest_dma=67108864 largest_internal=67108864 requested_dma=512
[I][AlphaSave] SD_HEAP operation=free-space-call-exit state=gameplay-save free_internal=67108864 free_dma=67108864 largest_dma=67108864 largest_internal=67108864 requested_dma=512
[I][AlphaSave] SD_HEAP operation=free-space-after state=gameplay-save free_internal=67108864 free_dma=67108864 largest_dma=67108864 largest_internal=67108864 requested_dma=512
[I][AlphaSave] SD_SPACE path=/sd api=esp_vfs_fat_info/f_getfree return=ESP_OK(0x0) errno=0 total_bytes=34359738368 free_bytes=8589934592 total_sectors=67108864 free_sectors=16777216 sector_bytes=512
[I][AlphaSave] NEWGAME_SAVE stage=free-space-query result=ok esp_err=ESP_OK errno=0 path=/sd stack_margin=32768
[I][AlphaSave] NEWGAME_SAVE stage=free-space result=ok esp_err=ESP_OK errno=0 path=/sd stack_margin=32768
[I][AlphaSave] SAVE_TARGET save_slot=0 newest=1 accepted=0 slot=1 keep=0 sequence=6
[I][AlphaSave] NEWGAME_SAVE stage=gam-encode result=ok esp_err=ESP_OK errno=0 path=INIT.GAM stack_margin=32768
[I][AlphaSave] NEWGAME_SAVE stage=ool-encode result=ok esp_err=ESP_OK errno=0 path=INIT.OOL stack_margin=32768
[I][AlphaSave] NEWGAME_SAVE stage=json-encode result=ok esp_err=ESP_OK errno=0 path=sidecar stack_margin=32768
[I][AlphaSave] SD_HEAP operation=write-gam-temp state=gameplay-save free_internal=67108864 free_dma=67108864 largest_dma=67108864 largest_internal=67108864 requested_dma=512
[I][AlphaSave] NEWGAME_SAVE stage=write-gam-temp result=ok esp_err=ESP_OK errno=0 path=/sd/ultima5/saves/alpha1-g1.gam.tmp stack_margin=32768
[I][AlphaSave] SD_HEAP operation=write-ool-temp state=gameplay-save free_internal=67108864 free_dma=67108864 largest_dma=67108864 largest_internal=67108864 requested_dma=512
[I][AlphaSave] NEWGAME_SAVE stage=write-ool-temp result=ok esp_err=ESP_OK errno=0 path=/sd/ultima5/saves/alpha1-g1.ool.tmp stack_margin=32768
[I][AlphaSave] SD_HEAP operation=write-json-temp state=gameplay-save free_internal=67108864 free_dma=67108864 largest_dma=67108864 largest_internal=67108864 requested_dma=512
[I][AlphaSave] NEWGAME_SAVE stage=write-json-temp result=ok esp_err=ESP_OK errno=0 path=/sd/ultima5/saves/alpha1-g1.json.tmp stack_margin=32768
[I][AlphaSave] SD_HEAP operation=crc-readback state=gameplay-save free_internal=67108864 free_dma=67108864 largest_dma=67108864 largest_internal=67108864 requested_dma=512
[I][AlphaSave] NEWGAME_SAVE stage=crc-readback result=ok esp_err=ESP_OK errno=0 path=/sd/ultima5/saves stack_margin=32768
[I][AlphaSave] NEWGAME_SAVE stage=rename-gam result=ok esp_err=ESP_OK errno=0 path=/sd/ultima5/saves/alpha1-g1.gam stack_margin=32768
[I][AlphaSave] NEWGAME_SAVE stage=rename-ool result=ok esp_err=ESP_OK errno=0 path=/sd/ultima5/saves/alpha1-g1.ool stack_margin=32768
[I][AlphaSave] NEWGAME_SAVE stage=rename-json result=ok esp_err=ESP_OK errno=0 path=/sd/ultima5/saves/alpha1-g1.json stack_margin=32768
[I][AlphaSave] NEWGAME_SAVE stage=write-commit-temp result=ok esp_err=ESP_OK errno=0 path=/sd/ultima5/saves/alpha1-g1.commit.tmp stack_margin=32768
[I][AlphaSave] NEWGAME_SAVE stage=rename-commit result=ok esp_err=ESP_OK errno=0 path=/sd/ultima5/saves/alpha1-g1.commit stack_margin=32768
[I][AlphaSave] NEWGAME_SAVE stage=semantic-validation result=ok esp_err=ESP_OK errno=0 path=/sd/ultima5/saves/alpha1-g1.commit stack_margin=32768
[I][AlphaSave] NEWGAME_SAVE stage=generation-final result=ok esp_err=ESP_OK errno=0 path=/sd/ultima5/saves/alpha1-g1.commit stack_margin=32768
[I][AlphaSave] save generation=6 save_slot=0 slot=1 time=8 ms json=369
[I][AlphaSave] SD_HEAP operation=dma-reserve-restored state=gameplay-save free_internal=67108864 free_dma=67108864 largest_dma=67108864 largest_internal=67108864 requested_dma=8192
[I][AlphaSave] SD_HEAP operation=release-reserved-dma state=load-latest free_internal=67108864 free_dma=67108864 largest_dma=67108864 largest_internal=67108864 requested_dma=8192
[I][AlphaSave] SD_HEAP operation=sd-window-open state=load-latest free_internal=67108864 free_dma=67108864 largest_dma=67108864 largest_internal=67108864 requested_dma=512
[I][AlphaSave] SAVE_SCRATCH psram_bytes=11888
[I][AlphaSave] load generation=6 save_slot=0 slot=1 time=2 ms status=0
[I][AlphaSave] SD_HEAP operation=dma-reserve-restored state=load-latest free_internal=67108864 free_dma=67108864 largest_dma=67108864 largest_internal=67108864 requested_dma=8192
  GREEN G4    refused newest in slot 1 (seq 5): the save replaces slot 1 as sequence 6 and keeps slot 0

[R] the runtime's own service, save list warm
[I][AlphaRuntime] INPUT_EDGE raw=00,00,00,00,00 prev=00,00,00,00,00 matrix=0,0 physical=matrix-key edge=press mods=S0,A1,H0 printable=73 base=00 symbol=00 ui=explore emitted=confirm action_char=0 shortcut=save
[I][AlphaSave] SD_HEAP operation=release-reserved-dma state=gameplay-save free_internal=67108864 free_dma=67108864 largest_dma=67108864 largest_internal=67108864 requested_dma=8192
[I][AlphaSave] SD_HEAP operation=sd-window-open state=gameplay-save free_internal=67108864 free_dma=67108864 largest_dma=67108864 largest_internal=67108864 requested_dma=512
[I][AlphaSave] SAVE_SCRATCH psram_bytes=11888
[I][AlphaSave] NEWGAME_SAVE stage=create-root-directory result=ok esp_err=ESP_OK errno=0 path=/sd/ultima5 stack_margin=32768
[I][AlphaSave] NEWGAME_SAVE stage=create-save-directory result=ok esp_err=ESP_OK errno=0 path=/sd/ultima5/saves stack_margin=32768
[I][AlphaSave] SD_HEAP operation=free-space-before state=gameplay-save free_internal=67108864 free_dma=67108864 largest_dma=67108864 largest_internal=67108864 requested_dma=512
[I][AlphaSave] SD_HEAP operation=free-space-call-enter state=gameplay-save free_internal=67108864 free_dma=67108864 largest_dma=67108864 largest_internal=67108864 requested_dma=512
[I][AlphaSave] SD_HEAP operation=free-space-call-exit state=gameplay-save free_internal=67108864 free_dma=67108864 largest_dma=67108864 largest_internal=67108864 requested_dma=512
[I][AlphaSave] SD_HEAP operation=free-space-after state=gameplay-save free_internal=67108864 free_dma=67108864 largest_dma=67108864 largest_internal=67108864 requested_dma=512
[I][AlphaSave] SD_SPACE path=/sd api=esp_vfs_fat_info/f_getfree return=ESP_OK(0x0) errno=0 total_bytes=34359738368 free_bytes=8589934592 total_sectors=67108864 free_sectors=16777216 sector_bytes=512
[I][AlphaSave] NEWGAME_SAVE stage=free-space-query result=ok esp_err=ESP_OK errno=0 path=/sd stack_margin=32768
[I][AlphaSave] NEWGAME_SAVE stage=free-space result=ok esp_err=ESP_OK errno=0 path=/sd stack_margin=32768
[I][AlphaSave] SAVE_TARGET save_slot=0 newest=-1 accepted=0 slot=1 keep=-1 sequence=1
[I][AlphaSave] NEWGAME_SAVE stage=gam-encode result=ok esp_err=ESP_OK errno=0 path=INIT.GAM stack_margin=32768
[I][AlphaSave] NEWGAME_SAVE stage=ool-encode result=ok esp_err=ESP_OK errno=0 path=INIT.OOL stack_margin=32768
[I][AlphaSave] NEWGAME_SAVE stage=json-encode result=ok esp_err=ESP_OK errno=0 path=sidecar stack_margin=32768
[I][AlphaSave] SD_HEAP operation=write-gam-temp state=gameplay-save free_internal=67108864 free_dma=67108864 largest_dma=67108864 largest_internal=67108864 requested_dma=512
[I][AlphaSave] NEWGAME_SAVE stage=write-gam-temp result=ok esp_err=ESP_OK errno=0 path=/sd/ultima5/saves/alpha1-g1.gam.tmp stack_margin=32768
[I][AlphaSave] SD_HEAP operation=write-ool-temp state=gameplay-save free_internal=67108864 free_dma=67108864 largest_dma=67108864 largest_internal=67108864 requested_dma=512
[I][AlphaSave] NEWGAME_SAVE stage=write-ool-temp result=ok esp_err=ESP_OK errno=0 path=/sd/ultima5/saves/alpha1-g1.ool.tmp stack_margin=32768
[I][AlphaSave] SD_HEAP operation=write-json-temp state=gameplay-save free_internal=67108864 free_dma=67108864 largest_dma=67108864 largest_internal=67108864 requested_dma=512
[I][AlphaSave] NEWGAME_SAVE stage=write-json-temp result=ok esp_err=ESP_OK errno=0 path=/sd/ultima5/saves/alpha1-g1.json.tmp stack_margin=32768
[I][AlphaSave] SD_HEAP operation=crc-readback state=gameplay-save free_internal=67108864 free_dma=67108864 largest_dma=67108864 largest_internal=67108864 requested_dma=512
[I][AlphaSave] NEWGAME_SAVE stage=crc-readback result=ok esp_err=ESP_OK errno=0 path=/sd/ultima5/saves stack_margin=32768
[I][AlphaSave] NEWGAME_SAVE stage=rename-gam result=ok esp_err=ESP_OK errno=0 path=/sd/ultima5/saves/alpha1-g1.gam stack_margin=32768
[I][AlphaSave] NEWGAME_SAVE stage=rename-ool result=ok esp_err=ESP_OK errno=0 path=/sd/ultima5/saves/alpha1-g1.ool stack_margin=32768
[I][AlphaSave] NEWGAME_SAVE stage=rename-json result=ok esp_err=ESP_OK errno=0 path=/sd/ultima5/saves/alpha1-g1.json stack_margin=32768
[I][AlphaSave] NEWGAME_SAVE stage=write-commit-temp result=ok esp_err=ESP_OK errno=0 path=/sd/ultima5/saves/alpha1-g1.commit.tmp stack_margin=32768
[I][AlphaSave] NEWGAME_SAVE stage=rename-commit result=ok esp_err=ESP_OK errno=0 path=/sd/ultima5/saves/alpha1-g1.commit stack_margin=32768
[I][AlphaSave] NEWGAME_SAVE stage=semantic-validation result=ok esp_err=ESP_OK errno=0 path=/sd/ultima5/saves/alpha1-g1.commit stack_margin=32768
[I][AlphaSave] NEWGAME_SAVE stage=generation-final result=ok esp_err=ESP_OK errno=0 path=/sd/ultima5/saves/alpha1-g1.commit stack_margin=32768
[I][AlphaSave] save generation=1 save_slot=0 slot=1 time=8 ms json=369
[I][AlphaSave] SD_HEAP operation=dma-reserve-restored state=gameplay-save free_internal=67108864 free_dma=67108864 largest_dma=67108864 largest_internal=67108864 requested_dma=8192
[I][AlphaRuntime] debug teleport rebind moved=0 prior_dungeon=0 location=0 floor=0 xy=15,15 dungeon=0
[I][AlphaRuntime] INPUT_ROUTE action=confirm ui=explore gameplay_command=none
[I][AlphaRuntime] INPUT_EDGE raw=00,00,00,00,00 prev=00,00,00,00,00 matrix=0,0 physical=matrix-key edge=press mods=S0,A1,H0 printable=73 base=00 symbol=00 ui=explore emitted=confirm action_char=0 shortcut=save
[I][AlphaSave] SD_HEAP operation=release-reserved-dma state=gameplay-save free_internal=67108864 free_dma=67108864 largest_dma=67108864 largest_internal=67108864 requested_dma=8192
[I][AlphaSave] SD_HEAP operation=sd-window-open state=gameplay-save free_internal=67108864 free_dma=67108864 largest_dma=67108864 largest_internal=67108864 requested_dma=512
[I][AlphaSave] NEWGAME_SAVE stage=create-root-directory result=ok esp_err=ESP_OK errno=0 path=/sd/ultima5 stack_margin=32768
[I][AlphaSave] NEWGAME_SAVE stage=create-save-directory result=ok esp_err=ESP_OK errno=0 path=/sd/ultima5/saves stack_margin=32768
[I][AlphaSave] SD_HEAP operation=free-space-before state=gameplay-save free_internal=67108864 free_dma=67108864 largest_dma=67108864 largest_internal=67108864 requested_dma=512
[I][AlphaSave] SD_HEAP operation=free-space-call-enter state=gameplay-save free_internal=67108864 free_dma=67108864 largest_dma=67108864 largest_internal=67108864 requested_dma=512
[I][AlphaSave] SD_HEAP operation=free-space-call-exit state=gameplay-save free_internal=67108864 free_dma=67108864 largest_dma=67108864 largest_internal=67108864 requested_dma=512
[I][AlphaSave] SD_HEAP operation=free-space-after state=gameplay-save free_internal=67108864 free_dma=67108864 largest_dma=67108864 largest_internal=67108864 requested_dma=512
[I][AlphaSave] SD_SPACE path=/sd api=esp_vfs_fat_info/f_getfree return=ESP_OK(0x0) errno=0 total_bytes=34359738368 free_bytes=8589934592 total_sectors=67108864 free_sectors=16777216 sector_bytes=512
[I][AlphaSave] NEWGAME_SAVE stage=free-space-query result=ok esp_err=ESP_OK errno=0 path=/sd stack_margin=32768
[I][AlphaSave] NEWGAME_SAVE stage=free-space result=ok esp_err=ESP_OK errno=0 path=/sd stack_margin=32768
[I][AlphaSave] SAVE_TARGET save_slot=0 newest=1 accepted=1 slot=0 keep=1 sequence=2
[I][AlphaSave] NEWGAME_SAVE stage=gam-encode result=ok esp_err=ESP_OK errno=0 path=INIT.GAM stack_margin=32768
[I][AlphaSave] NEWGAME_SAVE stage=ool-encode result=ok esp_err=ESP_OK errno=0 path=INIT.OOL stack_margin=32768
[I][AlphaSave] NEWGAME_SAVE stage=json-encode result=ok esp_err=ESP_OK errno=0 path=sidecar stack_margin=32768
[I][AlphaSave] SD_HEAP operation=write-gam-temp state=gameplay-save free_internal=67108864 free_dma=67108864 largest_dma=67108864 largest_internal=67108864 requested_dma=512
[I][AlphaSave] NEWGAME_SAVE stage=write-gam-temp result=ok esp_err=ESP_OK errno=0 path=/sd/ultima5/saves/alpha1-g0.gam.tmp stack_margin=32768
[I][AlphaSave] SD_HEAP operation=write-ool-temp state=gameplay-save free_internal=67108864 free_dma=67108864 largest_dma=67108864 largest_internal=67108864 requested_dma=512
[I][AlphaSave] NEWGAME_SAVE stage=write-ool-temp result=ok esp_err=ESP_OK errno=0 path=/sd/ultima5/saves/alpha1-g0.ool.tmp stack_margin=32768
[I][AlphaSave] SD_HEAP operation=write-json-temp state=gameplay-save free_internal=67108864 free_dma=67108864 largest_dma=67108864 largest_internal=67108864 requested_dma=512
[I][AlphaSave] NEWGAME_SAVE stage=write-json-temp result=ok esp_err=ESP_OK errno=0 path=/sd/ultima5/saves/alpha1-g0.json.tmp stack_margin=32768
[I][AlphaSave] SD_HEAP operation=crc-readback state=gameplay-save free_internal=67108864 free_dma=67108864 largest_dma=67108864 largest_internal=67108864 requested_dma=512
[I][AlphaSave] NEWGAME_SAVE stage=crc-readback result=ok esp_err=ESP_OK errno=0 path=/sd/ultima5/saves stack_margin=32768
[I][AlphaSave] NEWGAME_SAVE stage=rename-gam result=ok esp_err=ESP_OK errno=0 path=/sd/ultima5/saves/alpha1-g0.gam stack_margin=32768
[I][AlphaSave] NEWGAME_SAVE stage=rename-ool result=ok esp_err=ESP_OK errno=0 path=/sd/ultima5/saves/alpha1-g0.ool stack_margin=32768
[I][AlphaSave] NEWGAME_SAVE stage=rename-json result=ok esp_err=ESP_OK errno=0 path=/sd/ultima5/saves/alpha1-g0.json stack_margin=32768
[I][AlphaSave] NEWGAME_SAVE stage=write-commit-temp result=ok esp_err=ESP_OK errno=0 path=/sd/ultima5/saves/alpha1-g0.commit.tmp stack_margin=32768
[I][AlphaSave] NEWGAME_SAVE stage=rename-commit result=ok esp_err=ESP_OK errno=0 path=/sd/ultima5/saves/alpha1-g0.commit stack_margin=32768
[I][AlphaSave] NEWGAME_SAVE stage=semantic-validation result=ok esp_err=ESP_OK errno=0 path=/sd/ultima5/saves/alpha1-g0.commit stack_margin=32768
[I][AlphaSave] NEWGAME_SAVE stage=generation-final result=ok esp_err=ESP_OK errno=0 path=/sd/ultima5/saves/alpha1-g0.commit stack_margin=32768
[I][AlphaSave] save generation=2 save_slot=0 slot=0 time=11 ms json=369
[I][AlphaSave] SD_HEAP operation=dma-reserve-restored state=gameplay-save free_internal=67108864 free_dma=67108864 largest_dma=67108864 largest_internal=67108864 requested_dma=8192
[I][AlphaRuntime] debug teleport rebind moved=0 prior_dungeon=0 location=0 floor=0 xy=15,15 dungeon=0
[I][AlphaRuntime] INPUT_ROUTE action=confirm ui=explore gameplay_command=none
[I][AlphaRuntime] INPUT_EDGE raw=00,00,00,00,00 prev=00,00,00,00,00 matrix=0,0 physical=matrix-key edge=press mods=S0,A1,H0 printable=6d base=00 symbol=00 ui=explore emitted=system-menu action_char=0 shortcut=none
[I][AlphaSave] SD_HEAP operation=release-reserved-dma state=save-catalog free_internal=67108864 free_dma=67108864 largest_dma=67108864 largest_internal=67108864 requested_dma=8192
[I][AlphaSave] SD_HEAP operation=sd-window-open state=save-catalog free_internal=67108864 free_dma=67108864 largest_dma=67108864 largest_internal=67108864 requested_dma=512
[I][AlphaSave] SAVE_CATALOG slot1=cached slot2=empty slot3=empty staged=0 bytes=64 commit_us=124 verify_us=0 total_us=168
[I][AlphaSave] SD_HEAP operation=dma-reserve-restored state=save-catalog free_internal=67108864 free_dma=67108864 largest_dma=67108864 largest_internal=67108864 requested_dma=8192
[I][AlphaRuntime] SYSTEM_MENU action=toggle open=1 gameplay_command=none
[I][AlphaRuntime] INPUT_EDGE raw=00,00,00,00,00 prev=00,00,00,00,00 matrix=0,0 physical=matrix-key edge=press mods=S0,A0,H0 printable=08 base=00 symbol=00 ui=inventory emitted=back action_char=0 shortcut=none
[I][AlphaRuntime] SYSTEM_MENU action=back accepted=1 open=0 gameplay_command=none
[I][AlphaRuntime] INPUT_EDGE raw=00,00,00,00,00 prev=00,00,00,00,00 matrix=0,0 physical=matrix-key edge=press mods=S0,A1,H0 printable=6c base=00 symbol=00 ui=explore emitted=confirm action_char=0 shortcut=load
[I][AlphaSave] SD_HEAP operation=release-reserved-dma state=load-slot free_internal=67108864 free_dma=67108864 largest_dma=67108864 largest_internal=67108864 requested_dma=8192
[I][AlphaSave] SD_HEAP operation=sd-window-open state=load-slot free_internal=67108864 free_dma=67108864 largest_dma=67108864 largest_internal=67108864 requested_dma=512
[I][AlphaSave] load save_slot=0 slot=1 time=2 ms status=0
[I][AlphaSave] SD_HEAP operation=dma-reserve-restored state=load-slot free_internal=67108864 free_dma=67108864 largest_dma=67108864 largest_internal=67108864 requested_dma=8192
[I][AlphaRuntime] U5OBJ CLEAR site=load-restore pool_before=0
[I][AlphaRuntime] WORLD_OBJECTS_RESTORE count=0
[I][AlphaRuntime] DUNGEON_RESTORE active=0 dungeon=33 depth=0
[I][AlphaRuntime] LOAD_TRANSIENT_RESET ui=explore->explore request=0 views=0 questions=0
[I][AlphaRuntime] debug teleport rebind moved=0 prior_dungeon=0 location=0 floor=0 xy=15,15 dungeon=0
[I][AlphaRuntime] INPUT_ROUTE action=confirm ui=explore gameplay_command=none
[I][AlphaRuntime] INPUT_EDGE raw=00,00,00,00,00 prev=00,00,00,00,00 matrix=0,0 physical=matrix-key edge=press mods=S0,A1,H0 printable=73 base=00 symbol=00 ui=explore emitted=confirm action_char=0 shortcut=save
[I][AlphaSave] SD_HEAP operation=release-reserved-dma state=gameplay-save free_internal=67108864 free_dma=67108864 largest_dma=67108864 largest_internal=67108864 requested_dma=8192
[I][AlphaSave] SD_HEAP operation=sd-window-open state=gameplay-save free_internal=67108864 free_dma=67108864 largest_dma=67108864 largest_internal=67108864 requested_dma=512
[I][AlphaSave] NEWGAME_SAVE stage=create-root-directory result=ok esp_err=ESP_OK errno=0 path=/sd/ultima5 stack_margin=32768
[I][AlphaSave] NEWGAME_SAVE stage=create-save-directory result=ok esp_err=ESP_OK errno=0 path=/sd/ultima5/saves stack_margin=32768
[I][AlphaSave] SD_HEAP operation=free-space-before state=gameplay-save free_internal=67108864 free_dma=67108864 largest_dma=67108864 largest_internal=67108864 requested_dma=512
[I][AlphaSave] SD_HEAP operation=free-space-call-enter state=gameplay-save free_internal=67108864 free_dma=67108864 largest_dma=67108864 largest_internal=67108864 requested_dma=512
[I][AlphaSave] SD_HEAP operation=free-space-call-exit state=gameplay-save free_internal=67108864 free_dma=67108864 largest_dma=67108864 largest_internal=67108864 requested_dma=512
[I][AlphaSave] SD_HEAP operation=free-space-after state=gameplay-save free_internal=67108864 free_dma=67108864 largest_dma=67108864 largest_internal=67108864 requested_dma=512
[I][AlphaSave] SD_SPACE path=/sd api=esp_vfs_fat_info/f_getfree return=ESP_OK(0x0) errno=0 total_bytes=34359738368 free_bytes=8589934592 total_sectors=67108864 free_sectors=16777216 sector_bytes=512
[I][AlphaSave] NEWGAME_SAVE stage=free-space-query result=ok esp_err=ESP_OK errno=0 path=/sd stack_margin=32768
[I][AlphaSave] NEWGAME_SAVE stage=free-space result=ok esp_err=ESP_OK errno=0 path=/sd stack_margin=32768
[I][AlphaSave] SAVE_TARGET save_slot=0 newest=0 accepted=0 slot=0 keep=1 sequence=3
[I][AlphaSave] NEWGAME_SAVE stage=gam-encode result=ok esp_err=ESP_OK errno=0 path=INIT.GAM stack_margin=32768
[I][AlphaSave] NEWGAME_SAVE stage=ool-encode result=ok esp_err=ESP_OK errno=0 path=INIT.OOL stack_margin=32768
[I][AlphaSave] NEWGAME_SAVE stage=json-encode result=ok esp_err=ESP_OK errno=0 path=sidecar stack_margin=32768
[I][AlphaSave] SD_HEAP operation=write-gam-temp state=gameplay-save free_internal=67108864 free_dma=67108864 largest_dma=67108864 largest_internal=67108864 requested_dma=512
[I][AlphaSave] NEWGAME_SAVE stage=write-gam-temp result=ok esp_err=ESP_OK errno=0 path=/sd/ultima5/saves/alpha1-g0.gam.tmp stack_margin=32768
[I][AlphaSave] SD_HEAP operation=write-ool-temp state=gameplay-save free_internal=67108864 free_dma=67108864 largest_dma=67108864 largest_internal=67108864 requested_dma=512
[I][AlphaSave] NEWGAME_SAVE stage=write-ool-temp result=ok esp_err=ESP_OK errno=0 path=/sd/ultima5/saves/alpha1-g0.ool.tmp stack_margin=32768
[I][AlphaSave] SD_HEAP operation=write-json-temp state=gameplay-save free_internal=67108864 free_dma=67108864 largest_dma=67108864 largest_internal=67108864 requested_dma=512
[I][AlphaSave] NEWGAME_SAVE stage=write-json-temp result=ok esp_err=ESP_OK errno=0 path=/sd/ultima5/saves/alpha1-g0.json.tmp stack_margin=32768
[I][AlphaSave] SD_HEAP operation=crc-readback state=gameplay-save free_internal=67108864 free_dma=67108864 largest_dma=67108864 largest_internal=67108864 requested_dma=512
[I][AlphaSave] NEWGAME_SAVE stage=crc-readback result=ok esp_err=ESP_OK errno=0 path=/sd/ultima5/saves stack_margin=32768
[I][AlphaSave] NEWGAME_SAVE stage=rename-gam result=ok esp_err=ESP_OK errno=0 path=/sd/ultima5/saves/alpha1-g0.gam stack_margin=32768
[I][AlphaSave] NEWGAME_SAVE stage=rename-ool result=ok esp_err=ESP_OK errno=0 path=/sd/ultima5/saves/alpha1-g0.ool stack_margin=32768
[I][AlphaSave] NEWGAME_SAVE stage=rename-json result=ok esp_err=ESP_OK errno=0 path=/sd/ultima5/saves/alpha1-g0.json stack_margin=32768
[I][AlphaSave] NEWGAME_SAVE stage=write-commit-temp result=ok esp_err=ESP_OK errno=0 path=/sd/ultima5/saves/alpha1-g0.commit.tmp stack_margin=32768
[I][AlphaSave] NEWGAME_SAVE stage=rename-commit result=ok esp_err=ESP_OK errno=0 path=/sd/ultima5/saves/alpha1-g0.commit stack_margin=32768
[I][AlphaSave] NEWGAME_SAVE stage=semantic-validation result=ok esp_err=ESP_OK errno=0 path=/sd/ultima5/saves/alpha1-g0.commit stack_margin=32768
[I][AlphaSave] NEWGAME_SAVE stage=generation-final result=ok esp_err=ESP_OK errno=0 path=/sd/ultima5/saves/alpha1-g0.commit stack_margin=32768
[I][AlphaSave] save generation=3 save_slot=0 slot=0 time=9 ms json=369
[I][AlphaSave] SD_HEAP operation=dma-reserve-restored state=gameplay-save free_internal=67108864 free_dma=67108864 largest_dma=67108864 largest_internal=67108864 requested_dma=8192
[I][AlphaRuntime] debug teleport rebind moved=0 prior_dungeon=0 location=0 floor=0 xy=15,15 dungeon=0
[I][AlphaRuntime] INPUT_ROUTE action=confirm ui=explore gameplay_command=none
[I][AlphaSave] SD_HEAP operation=release-reserved-dma state=save-inspect free_internal=67108864 free_dma=67108864 largest_dma=67108864 largest_internal=67108864 requested_dma=8192
[I][AlphaSave] SD_HEAP operation=sd-window-open state=save-inspect free_internal=67108864 free_dma=67108864 largest_dma=67108864 largest_internal=67108864 requested_dma=512
[I][AlphaSave] SAVE_SCRATCH psram_bytes=11888
[I][AlphaSave] SAVE_INSPECT save_slot=0 slot0=verified slot1=verified bytes=10210 commit_us=99 read_us=168 verify_us=698 total_us=991
[I][AlphaSave] SD_HEAP operation=dma-reserve-restored state=save-inspect free_internal=67108864 free_dma=67108864 largest_dma=67108864 largest_internal=67108864 requested_dma=8192
         after the runtime's recovery save: slot0 [PV seq=3] slot1 [PV seq=1]
  GREEN R1    Alt+S twice, the newest torn behind the service, Alt+L restores 701
[I][AlphaSave] SD_HEAP operation=release-reserved-dma state=load-latest free_internal=67108864 free_dma=67108864 largest_dma=67108864 largest_internal=67108864 requested_dma=8192
[I][AlphaSave] SD_HEAP operation=sd-window-open state=load-latest free_internal=67108864 free_dma=67108864 largest_dma=67108864 largest_internal=67108864 requested_dma=512
[I][AlphaSave] SAVE_SCRATCH psram_bytes=11888
[I][AlphaSave] load generation=3 save_slot=0 slot=0 time=2 ms status=0
[I][AlphaSave] SD_HEAP operation=dma-reserve-restored state=load-latest free_internal=67108864 free_dma=67108864 largest_dma=67108864 largest_internal=67108864 requested_dma=8192
  GREEN R2    Alt+S then keeps the 701 generation byte for byte (a stale save-list entry is not trusted)
[I][AlphaRuntime] INPUT_EDGE raw=00,00,00,00,00 prev=00,00,00,00,00 matrix=0,0 physical=matrix-key edge=press mods=S0,A1,H0 printable=6d base=00 symbol=00 ui=explore emitted=system-menu action_char=0 shortcut=none
[I][AlphaSave] SD_HEAP operation=release-reserved-dma state=save-catalog free_internal=67108864 free_dma=67108864 largest_dma=67108864 largest_internal=67108864 requested_dma=8192
[I][AlphaSave] SD_HEAP operation=sd-window-open state=save-catalog free_internal=67108864 free_dma=67108864 largest_dma=67108864 largest_internal=67108864 requested_dma=512
[I][AlphaSave] SAVE_CATALOG slot1=cached slot2=empty slot3=empty staged=0 bytes=64 commit_us=106 verify_us=0 total_us=111
[I][AlphaSave] SD_HEAP operation=dma-reserve-restored state=save-catalog free_internal=67108864 free_dma=67108864 largest_dma=67108864 largest_internal=67108864 requested_dma=8192
[I][AlphaRuntime] SYSTEM_MENU action=toggle open=1 gameplay_command=none
[I][AlphaRuntime] INPUT_EDGE raw=00,00,00,00,00 prev=00,00,00,00,00 matrix=0,0 physical=matrix-key edge=press mods=S0,A0,H0 printable=08 base=00 symbol=00 ui=inventory emitted=back action_char=0 shortcut=none
[I][AlphaRuntime] SYSTEM_MENU action=back accepted=1 open=0 gameplay_command=none
[I][AlphaSave] SD_HEAP operation=release-reserved-dma state=save-inspect free_internal=67108864 free_dma=67108864 largest_dma=67108864 largest_internal=67108864 requested_dma=8192
[I][AlphaSave] SD_HEAP operation=sd-window-open state=save-inspect free_internal=67108864 free_dma=67108864 largest_dma=67108864 largest_internal=67108864 requested_dma=512
[I][AlphaSave] SAVE_SCRATCH psram_bytes=11888
[I][AlphaSave] SAVE_INSPECT save_slot=0 slot0=verified slot1=verified bytes=10210 commit_us=58 read_us=152 verify_us=604 total_us=836
[I][AlphaSave] SD_HEAP operation=dma-reserve-restored state=save-inspect free_internal=67108864 free_dma=67108864 largest_dma=67108864 largest_internal=67108864 requested_dma=8192
  GREEN R3    and the card lists two valid generations again
[I][AlphaRuntime] INPUT_EDGE raw=00,00,00,00,00 prev=00,00,00,00,00 matrix=0,0 physical=matrix-key edge=press mods=S0,A1,H0 printable=6d base=00 symbol=00 ui=explore emitted=system-menu action_char=0 shortcut=none
[I][AlphaSave] SD_HEAP operation=release-reserved-dma state=save-catalog free_internal=67108864 free_dma=67108864 largest_dma=67108864 largest_internal=67108864 requested_dma=8192
[I][AlphaSave] SD_HEAP operation=sd-window-open state=save-catalog free_internal=67108864 free_dma=67108864 largest_dma=67108864 largest_internal=67108864 requested_dma=512
[I][AlphaSave] SAVE_CATALOG slot1=cached slot2=empty slot3=empty staged=0 bytes=64 commit_us=100 verify_us=0 total_us=104
[I][AlphaSave] SD_HEAP operation=dma-reserve-restored state=save-catalog free_internal=67108864 free_dma=67108864 largest_dma=67108864 largest_internal=67108864 requested_dma=8192
[I][AlphaRuntime] SYSTEM_MENU action=toggle open=1 gameplay_command=none
[I][AlphaRuntime] INPUT_EDGE raw=00,00,00,00,00 prev=00,00,00,00,00 matrix=0,0 physical=matrix-key edge=press mods=S0,A0,H0 printable=08 base=00 symbol=00 ui=inventory emitted=back action_char=0 shortcut=none
[I][AlphaRuntime] SYSTEM_MENU action=back accepted=1 open=0 gameplay_command=none
[I][AlphaRuntime] INPUT_EDGE raw=00,00,00,00,00 prev=00,00,00,00,00 matrix=0,0 physical=matrix-key edge=press mods=S0,A1,H0 printable=6c base=00 symbol=00 ui=explore emitted=confirm action_char=0 shortcut=load
[I][AlphaSave] SD_HEAP operation=release-reserved-dma state=load-slot free_internal=67108864 free_dma=67108864 largest_dma=67108864 largest_internal=67108864 requested_dma=8192
[I][AlphaSave] SD_HEAP operation=sd-window-open state=load-slot free_internal=67108864 free_dma=67108864 largest_dma=67108864 largest_internal=67108864 requested_dma=512
[I][AlphaSave] load save_slot=0 slot=1 time=2 ms status=0
[I][AlphaSave] SD_HEAP operation=dma-reserve-restored state=load-slot free_internal=67108864 free_dma=67108864 largest_dma=67108864 largest_internal=67108864 requested_dma=8192
[I][AlphaRuntime] U5OBJ CLEAR site=load-restore pool_before=0
[I][AlphaRuntime] WORLD_OBJECTS_RESTORE count=0
[I][AlphaRuntime] DUNGEON_RESTORE active=0 dungeon=33 depth=0
[I][AlphaRuntime] LOAD_TRANSIENT_RESET ui=explore->explore request=0 views=0 questions=0
[I][AlphaRuntime] debug teleport rebind moved=0 prior_dungeon=0 location=0 floor=0 xy=15,15 dungeon=0
[I][AlphaRuntime] INPUT_ROUTE action=confirm ui=explore gameplay_command=none
[I][AlphaRuntime] INPUT_EDGE raw=00,00,00,00,00 prev=00,00,00,00,00 matrix=0,0 physical=matrix-key edge=press mods=S0,A1,H0 printable=73 base=00 symbol=00 ui=explore emitted=confirm action_char=0 shortcut=save
[I][AlphaSave] SD_HEAP operation=release-reserved-dma state=gameplay-save free_internal=67108864 free_dma=67108864 largest_dma=67108864 largest_internal=67108864 requested_dma=8192
[I][AlphaSave] SD_HEAP operation=sd-window-open state=gameplay-save free_internal=67108864 free_dma=67108864 largest_dma=67108864 largest_internal=67108864 requested_dma=512
[I][AlphaSave] NEWGAME_SAVE stage=create-root-directory result=ok esp_err=ESP_OK errno=0 path=/sd/ultima5 stack_margin=32768
[I][AlphaSave] NEWGAME_SAVE stage=create-save-directory result=ok esp_err=ESP_OK errno=0 path=/sd/ultima5/saves stack_margin=32768
[I][AlphaSave] SD_HEAP operation=free-space-before state=gameplay-save free_internal=67108864 free_dma=67108864 largest_dma=67108864 largest_internal=67108864 requested_dma=512
[I][AlphaSave] SD_HEAP operation=free-space-call-enter state=gameplay-save free_internal=67108864 free_dma=67108864 largest_dma=67108864 largest_internal=67108864 requested_dma=512
[I][AlphaSave] SD_HEAP operation=free-space-call-exit state=gameplay-save free_internal=67108864 free_dma=67108864 largest_dma=67108864 largest_internal=67108864 requested_dma=512
[I][AlphaSave] SD_HEAP operation=free-space-after state=gameplay-save free_internal=67108864 free_dma=67108864 largest_dma=67108864 largest_internal=67108864 requested_dma=512
[I][AlphaSave] SD_SPACE path=/sd api=esp_vfs_fat_info/f_getfree return=ESP_OK(0x0) errno=0 total_bytes=34359738368 free_bytes=8589934592 total_sectors=67108864 free_sectors=16777216 sector_bytes=512
[I][AlphaSave] NEWGAME_SAVE stage=free-space-query result=ok esp_err=ESP_OK errno=0 path=/sd stack_margin=32768
[I][AlphaSave] NEWGAME_SAVE stage=free-space result=ok esp_err=ESP_OK errno=0 path=/sd stack_margin=32768
[I][AlphaSave] SAVE_TARGET save_slot=0 newest=0 accepted=0 slot=0 keep=1 sequence=4
[I][AlphaSave] NEWGAME_SAVE stage=gam-encode result=ok esp_err=ESP_OK errno=0 path=INIT.GAM stack_margin=32768
[I][AlphaSave] NEWGAME_SAVE stage=ool-encode result=ok esp_err=ESP_OK errno=0 path=INIT.OOL stack_margin=32768
[I][AlphaSave] NEWGAME_SAVE stage=json-encode result=ok esp_err=ESP_OK errno=0 path=sidecar stack_margin=32768
[I][AlphaSave] SD_HEAP operation=write-gam-temp state=gameplay-save free_internal=67108864 free_dma=67108864 largest_dma=67108864 largest_internal=67108864 requested_dma=512
[I][AlphaSave] NEWGAME_SAVE stage=write-gam-temp result=ok esp_err=ESP_OK errno=0 path=/sd/ultima5/saves/alpha1-g0.gam.tmp stack_margin=32768
[I][AlphaSave] SD_HEAP operation=write-ool-temp state=gameplay-save free_internal=67108864 free_dma=67108864 largest_dma=67108864 largest_internal=67108864 requested_dma=512
[I][AlphaSave] NEWGAME_SAVE stage=write-ool-temp result=ok esp_err=ESP_OK errno=0 path=/sd/ultima5/saves/alpha1-g0.ool.tmp stack_margin=32768
[I][AlphaSave] SD_HEAP operation=write-json-temp state=gameplay-save free_internal=67108864 free_dma=67108864 largest_dma=67108864 largest_internal=67108864 requested_dma=512
[I][AlphaSave] NEWGAME_SAVE stage=write-json-temp result=ok esp_err=ESP_OK errno=0 path=/sd/ultima5/saves/alpha1-g0.json.tmp stack_margin=32768
[I][AlphaSave] SD_HEAP operation=crc-readback state=gameplay-save free_internal=67108864 free_dma=67108864 largest_dma=67108864 largest_internal=67108864 requested_dma=512
[I][AlphaSave] NEWGAME_SAVE stage=crc-readback result=ok esp_err=ESP_OK errno=0 path=/sd/ultima5/saves stack_margin=32768
[I][AlphaSave] NEWGAME_SAVE stage=rename-gam result=ok esp_err=ESP_OK errno=0 path=/sd/ultima5/saves/alpha1-g0.gam stack_margin=32768
[I][AlphaSave] NEWGAME_SAVE stage=rename-ool result=ok esp_err=ESP_OK errno=0 path=/sd/ultima5/saves/alpha1-g0.ool stack_margin=32768
[I][AlphaSave] NEWGAME_SAVE stage=rename-json result=ok esp_err=ESP_OK errno=0 path=/sd/ultima5/saves/alpha1-g0.json stack_margin=32768
[I][AlphaSave] NEWGAME_SAVE stage=write-commit-temp result=ok esp_err=ESP_OK errno=0 path=/sd/ultima5/saves/alpha1-g0.commit.tmp stack_margin=32768
[I][AlphaSave] NEWGAME_SAVE stage=rename-commit result=ok esp_err=ESP_OK errno=0 path=/sd/ultima5/saves/alpha1-g0.commit stack_margin=32768
[I][AlphaSave] NEWGAME_SAVE stage=semantic-validation result=ok esp_err=ESP_OK errno=0 path=/sd/ultima5/saves/alpha1-g0.commit stack_margin=32768
[I][AlphaSave] NEWGAME_SAVE stage=generation-final result=ok esp_err=ESP_OK errno=0 path=/sd/ultima5/saves/alpha1-g0.commit stack_margin=32768
[I][AlphaSave] save generation=4 save_slot=0 slot=0 time=9 ms json=369
[I][AlphaSave] SD_HEAP operation=dma-reserve-restored state=gameplay-save free_internal=67108864 free_dma=67108864 largest_dma=67108864 largest_internal=67108864 requested_dma=8192
[I][AlphaRuntime] debug teleport rebind moved=0 prior_dungeon=0 location=0 floor=0 xy=15,15 dungeon=0
[I][AlphaRuntime] INPUT_ROUTE action=confirm ui=explore gameplay_command=none
[I][AlphaSave] SD_HEAP operation=release-reserved-dma state=load-latest free_internal=67108864 free_dma=67108864 largest_dma=67108864 largest_internal=67108864 requested_dma=8192
[I][AlphaSave] SD_HEAP operation=sd-window-open state=load-latest free_internal=67108864 free_dma=67108864 largest_dma=67108864 largest_internal=67108864 requested_dma=512
[I][AlphaSave] SAVE_SCRATCH psram_bytes=11888
[I][AlphaSave] load generation=4 save_slot=0 slot=0 time=2 ms status=0
[I][AlphaSave] SD_HEAP operation=dma-reserve-restored state=load-latest free_internal=67108864 free_dma=67108864 largest_dma=67108864 largest_internal=67108864 requested_dma=8192
  GREEN R4    damage listed by the menu, Alt+L, Alt+S: the 701 generation is kept and 704 loads after a reboot

[H] heap: the target check adds no second document
[I][AlphaSave] SD_HEAP operation=release-reserved-dma state=gameplay-save free_internal=67108864 free_dma=67108864 largest_dma=67108864 largest_internal=67108864 requested_dma=8192
[I][AlphaSave] SD_HEAP operation=sd-window-open state=gameplay-save free_internal=67108864 free_dma=67108864 largest_dma=67108864 largest_internal=67108864 requested_dma=512
[I][AlphaSave] SAVE_SCRATCH psram_bytes=11888
[I][AlphaSave] NEWGAME_SAVE stage=create-root-directory result=ok esp_err=ESP_OK errno=0 path=/sd/ultima5 stack_margin=32768
[I][AlphaSave] NEWGAME_SAVE stage=create-save-directory result=ok esp_err=ESP_OK errno=0 path=/sd/ultima5/saves stack_margin=32768
[I][AlphaSave] SD_HEAP operation=free-space-before state=gameplay-save free_internal=67108864 free_dma=67108864 largest_dma=67108864 largest_internal=67108864 requested_dma=512
[I][AlphaSave] SD_HEAP operation=free-space-call-enter state=gameplay-save free_internal=67108864 free_dma=67108864 largest_dma=67108864 largest_internal=67108864 requested_dma=512
[I][AlphaSave] SD_HEAP operation=free-space-call-exit state=gameplay-save free_internal=67108864 free_dma=67108864 largest_dma=67108864 largest_internal=67108864 requested_dma=512
[I][AlphaSave] SD_HEAP operation=free-space-after state=gameplay-save free_internal=67108864 free_dma=67108864 largest_dma=67108864 largest_internal=67108864 requested_dma=512
[I][AlphaSave] SD_SPACE path=/sd api=esp_vfs_fat_info/f_getfree return=ESP_OK(0x0) errno=0 total_bytes=34359738368 free_bytes=8589934592 total_sectors=67108864 free_sectors=16777216 sector_bytes=512
[I][AlphaSave] NEWGAME_SAVE stage=free-space-query result=ok esp_err=ESP_OK errno=0 path=/sd stack_margin=32768
[I][AlphaSave] NEWGAME_SAVE stage=free-space result=ok esp_err=ESP_OK errno=0 path=/sd stack_margin=32768
[I][AlphaSave] SAVE_TARGET save_slot=0 newest=-1 accepted=0 slot=1 keep=-1 sequence=1
[I][AlphaSave] NEWGAME_SAVE stage=gam-encode result=ok esp_err=ESP_OK errno=0 path=INIT.GAM stack_margin=32768
[I][AlphaSave] NEWGAME_SAVE stage=ool-encode result=ok esp_err=ESP_OK errno=0 path=INIT.OOL stack_margin=32768
[I][AlphaSave] NEWGAME_SAVE stage=json-encode result=ok esp_err=ESP_OK errno=0 path=sidecar stack_margin=32768
[I][AlphaSave] SD_HEAP operation=write-gam-temp state=gameplay-save free_internal=67108864 free_dma=67108864 largest_dma=67108864 largest_internal=67108864 requested_dma=512
[I][AlphaSave] NEWGAME_SAVE stage=write-gam-temp result=ok esp_err=ESP_OK errno=0 path=/sd/ultima5/saves/alpha1-g1.gam.tmp stack_margin=32768
[I][AlphaSave] SD_HEAP operation=write-ool-temp state=gameplay-save free_internal=67108864 free_dma=67108864 largest_dma=67108864 largest_internal=67108864 requested_dma=512
[I][AlphaSave] NEWGAME_SAVE stage=write-ool-temp result=ok esp_err=ESP_OK errno=0 path=/sd/ultima5/saves/alpha1-g1.ool.tmp stack_margin=32768
[I][AlphaSave] SD_HEAP operation=write-json-temp state=gameplay-save free_internal=67108864 free_dma=67108864 largest_dma=67108864 largest_internal=67108864 requested_dma=512
[I][AlphaSave] NEWGAME_SAVE stage=write-json-temp result=ok esp_err=ESP_OK errno=0 path=/sd/ultima5/saves/alpha1-g1.json.tmp stack_margin=32768
[I][AlphaSave] SD_HEAP operation=crc-readback state=gameplay-save free_internal=67108864 free_dma=67108864 largest_dma=67108864 largest_internal=67108864 requested_dma=512
[I][AlphaSave] NEWGAME_SAVE stage=crc-readback result=ok esp_err=ESP_OK errno=0 path=/sd/ultima5/saves stack_margin=32768
[I][AlphaSave] NEWGAME_SAVE stage=rename-gam result=ok esp_err=ESP_OK errno=0 path=/sd/ultima5/saves/alpha1-g1.gam stack_margin=32768
[I][AlphaSave] NEWGAME_SAVE stage=rename-ool result=ok esp_err=ESP_OK errno=0 path=/sd/ultima5/saves/alpha1-g1.ool stack_margin=32768
[I][AlphaSave] NEWGAME_SAVE stage=rename-json result=ok esp_err=ESP_OK errno=0 path=/sd/ultima5/saves/alpha1-g1.json stack_margin=32768
[I][AlphaSave] NEWGAME_SAVE stage=write-commit-temp result=ok esp_err=ESP_OK errno=0 path=/sd/ultima5/saves/alpha1-g1.commit.tmp stack_margin=32768
[I][AlphaSave] NEWGAME_SAVE stage=rename-commit result=ok esp_err=ESP_OK errno=0 path=/sd/ultima5/saves/alpha1-g1.commit stack_margin=32768
[I][AlphaSave] NEWGAME_SAVE stage=semantic-validation result=ok esp_err=ESP_OK errno=0 path=/sd/ultima5/saves/alpha1-g1.commit stack_margin=32768
[I][AlphaSave] NEWGAME_SAVE stage=generation-final result=ok esp_err=ESP_OK errno=0 path=/sd/ultima5/saves/alpha1-g1.commit stack_margin=32768
[I][AlphaSave] save generation=1 save_slot=0 slot=1 time=13 ms json=369
[I][AlphaSave] SD_HEAP operation=dma-reserve-restored state=gameplay-save free_internal=67108864 free_dma=67108864 largest_dma=67108864 largest_internal=67108864 requested_dma=8192
[I][AlphaSave] SD_HEAP operation=release-reserved-dma state=gameplay-save free_internal=67108864 free_dma=67108864 largest_dma=67108864 largest_internal=67108864 requested_dma=8192
[I][AlphaSave] SD_HEAP operation=sd-window-open state=gameplay-save free_internal=67108864 free_dma=67108864 largest_dma=67108864 largest_internal=67108864 requested_dma=512
[I][AlphaSave] NEWGAME_SAVE stage=create-root-directory result=ok esp_err=ESP_OK errno=0 path=/sd/ultima5 stack_margin=32768
[I][AlphaSave] NEWGAME_SAVE stage=create-save-directory result=ok esp_err=ESP_OK errno=0 path=/sd/ultima5/saves stack_margin=32768
[I][AlphaSave] SD_HEAP operation=free-space-before state=gameplay-save free_internal=67108864 free_dma=67108864 largest_dma=67108864 largest_internal=67108864 requested_dma=512
[I][AlphaSave] SD_HEAP operation=free-space-call-enter state=gameplay-save free_internal=67108864 free_dma=67108864 largest_dma=67108864 largest_internal=67108864 requested_dma=512
[I][AlphaSave] SD_HEAP operation=free-space-call-exit state=gameplay-save free_internal=67108864 free_dma=67108864 largest_dma=67108864 largest_internal=67108864 requested_dma=512
[I][AlphaSave] SD_HEAP operation=free-space-after state=gameplay-save free_internal=67108864 free_dma=67108864 largest_dma=67108864 largest_internal=67108864 requested_dma=512
[I][AlphaSave] SD_SPACE path=/sd api=esp_vfs_fat_info/f_getfree return=ESP_OK(0x0) errno=0 total_bytes=34359738368 free_bytes=8589934592 total_sectors=67108864 free_sectors=16777216 sector_bytes=512
[I][AlphaSave] NEWGAME_SAVE stage=free-space-query result=ok esp_err=ESP_OK errno=0 path=/sd stack_margin=32768
[I][AlphaSave] NEWGAME_SAVE stage=free-space result=ok esp_err=ESP_OK errno=0 path=/sd stack_margin=32768
[I][AlphaSave] SAVE_TARGET save_slot=0 newest=1 accepted=1 slot=0 keep=1 sequence=2
[I][AlphaSave] NEWGAME_SAVE stage=gam-encode result=ok esp_err=ESP_OK errno=0 path=INIT.GAM stack_margin=32768
[I][AlphaSave] NEWGAME_SAVE stage=ool-encode result=ok esp_err=ESP_OK errno=0 path=INIT.OOL stack_margin=32768
[I][AlphaSave] NEWGAME_SAVE stage=json-encode result=ok esp_err=ESP_OK errno=0 path=sidecar stack_margin=32768
[I][AlphaSave] SD_HEAP operation=write-gam-temp state=gameplay-save free_internal=67108864 free_dma=67108864 largest_dma=67108864 largest_internal=67108864 requested_dma=512
[I][AlphaSave] NEWGAME_SAVE stage=write-gam-temp result=ok esp_err=ESP_OK errno=0 path=/sd/ultima5/saves/alpha1-g0.gam.tmp stack_margin=32768
[I][AlphaSave] SD_HEAP operation=write-ool-temp state=gameplay-save free_internal=67108864 free_dma=67108864 largest_dma=67108864 largest_internal=67108864 requested_dma=512
[I][AlphaSave] NEWGAME_SAVE stage=write-ool-temp result=ok esp_err=ESP_OK errno=0 path=/sd/ultima5/saves/alpha1-g0.ool.tmp stack_margin=32768
[I][AlphaSave] SD_HEAP operation=write-json-temp state=gameplay-save free_internal=67108864 free_dma=67108864 largest_dma=67108864 largest_internal=67108864 requested_dma=512
[I][AlphaSave] NEWGAME_SAVE stage=write-json-temp result=ok esp_err=ESP_OK errno=0 path=/sd/ultima5/saves/alpha1-g0.json.tmp stack_margin=32768
[I][AlphaSave] SD_HEAP operation=crc-readback state=gameplay-save free_internal=67108864 free_dma=67108864 largest_dma=67108864 largest_internal=67108864 requested_dma=512
[I][AlphaSave] NEWGAME_SAVE stage=crc-readback result=ok esp_err=ESP_OK errno=0 path=/sd/ultima5/saves stack_margin=32768
[I][AlphaSave] NEWGAME_SAVE stage=rename-gam result=ok esp_err=ESP_OK errno=0 path=/sd/ultima5/saves/alpha1-g0.gam stack_margin=32768
[I][AlphaSave] NEWGAME_SAVE stage=rename-ool result=ok esp_err=ESP_OK errno=0 path=/sd/ultima5/saves/alpha1-g0.ool stack_margin=32768
[I][AlphaSave] NEWGAME_SAVE stage=rename-json result=ok esp_err=ESP_OK errno=0 path=/sd/ultima5/saves/alpha1-g0.json stack_margin=32768
[I][AlphaSave] NEWGAME_SAVE stage=write-commit-temp result=ok esp_err=ESP_OK errno=0 path=/sd/ultima5/saves/alpha1-g0.commit.tmp stack_margin=32768
[I][AlphaSave] NEWGAME_SAVE stage=rename-commit result=ok esp_err=ESP_OK errno=0 path=/sd/ultima5/saves/alpha1-g0.commit stack_margin=32768
[I][AlphaSave] NEWGAME_SAVE stage=semantic-validation result=ok esp_err=ESP_OK errno=0 path=/sd/ultima5/saves/alpha1-g0.commit stack_margin=32768
[I][AlphaSave] NEWGAME_SAVE stage=generation-final result=ok esp_err=ESP_OK errno=0 path=/sd/ultima5/saves/alpha1-g0.commit stack_margin=32768
[I][AlphaSave] save generation=2 save_slot=0 slot=0 time=13 ms json=369
[I][AlphaSave] SD_HEAP operation=dma-reserve-restored state=gameplay-save free_internal=67108864 free_dma=67108864 largest_dma=67108864 largest_internal=67108864 requested_dma=8192
[I][AlphaSave] SD_HEAP operation=release-reserved-dma state=gameplay-save free_internal=67108864 free_dma=67108864 largest_dma=67108864 largest_internal=67108864 requested_dma=8192
[I][AlphaSave] SD_HEAP operation=sd-window-open state=gameplay-save free_internal=67108864 free_dma=67108864 largest_dma=67108864 largest_internal=67108864 requested_dma=512
[I][AlphaSave] SAVE_SCRATCH psram_bytes=11888
[I][AlphaSave] NEWGAME_SAVE stage=create-root-directory result=ok esp_err=ESP_OK errno=0 path=/sd/ultima5 stack_margin=32768
[I][AlphaSave] NEWGAME_SAVE stage=create-save-directory result=ok esp_err=ESP_OK errno=0 path=/sd/ultima5/saves stack_margin=32768
[I][AlphaSave] SD_HEAP operation=free-space-before state=gameplay-save free_internal=67108864 free_dma=67108864 largest_dma=67108864 largest_internal=67108864 requested_dma=512
[I][AlphaSave] SD_HEAP operation=free-space-call-enter state=gameplay-save free_internal=67108864 free_dma=67108864 largest_dma=67108864 largest_internal=67108864 requested_dma=512
[I][AlphaSave] SD_HEAP operation=free-space-call-exit state=gameplay-save free_internal=67108864 free_dma=67108864 largest_dma=67108864 largest_internal=67108864 requested_dma=512
[I][AlphaSave] SD_HEAP operation=free-space-after state=gameplay-save free_internal=67108864 free_dma=67108864 largest_dma=67108864 largest_internal=67108864 requested_dma=512
[I][AlphaSave] SD_SPACE path=/sd api=esp_vfs_fat_info/f_getfree return=ESP_OK(0x0) errno=0 total_bytes=34359738368 free_bytes=8589934592 total_sectors=67108864 free_sectors=16777216 sector_bytes=512
[I][AlphaSave] NEWGAME_SAVE stage=free-space-query result=ok esp_err=ESP_OK errno=0 path=/sd stack_margin=32768
[I][AlphaSave] NEWGAME_SAVE stage=free-space result=ok esp_err=ESP_OK errno=0 path=/sd stack_margin=32768
[I][AlphaSave] SAVE_TARGET save_slot=0 newest=0 accepted=1 slot=1 keep=0 sequence=3
[I][AlphaSave] NEWGAME_SAVE stage=gam-encode result=ok esp_err=ESP_OK errno=0 path=INIT.GAM stack_margin=32768
[I][AlphaSave] NEWGAME_SAVE stage=ool-encode result=ok esp_err=ESP_OK errno=0 path=INIT.OOL stack_margin=32768
[I][AlphaSave] NEWGAME_SAVE stage=json-encode result=ok esp_err=ESP_OK errno=0 path=sidecar stack_margin=32768
[I][AlphaSave] SD_HEAP operation=write-gam-temp state=gameplay-save free_internal=67108864 free_dma=67108864 largest_dma=67108864 largest_internal=67108864 requested_dma=512
[I][AlphaSave] NEWGAME_SAVE stage=write-gam-temp result=ok esp_err=ESP_OK errno=0 path=/sd/ultima5/saves/alpha1-g1.gam.tmp stack_margin=32768
[I][AlphaSave] SD_HEAP operation=write-ool-temp state=gameplay-save free_internal=67108864 free_dma=67108864 largest_dma=67108864 largest_internal=67108864 requested_dma=512
[I][AlphaSave] NEWGAME_SAVE stage=write-ool-temp result=ok esp_err=ESP_OK errno=0 path=/sd/ultima5/saves/alpha1-g1.ool.tmp stack_margin=32768
[I][AlphaSave] SD_HEAP operation=write-json-temp state=gameplay-save free_internal=67108864 free_dma=67108864 largest_dma=67108864 largest_internal=67108864 requested_dma=512
[I][AlphaSave] NEWGAME_SAVE stage=write-json-temp result=ok esp_err=ESP_OK errno=0 path=/sd/ultima5/saves/alpha1-g1.json.tmp stack_margin=32768
[I][AlphaSave] SD_HEAP operation=crc-readback state=gameplay-save free_internal=67108864 free_dma=67108864 largest_dma=67108864 largest_internal=67108864 requested_dma=512
[I][AlphaSave] NEWGAME_SAVE stage=crc-readback result=ok esp_err=ESP_OK errno=0 path=/sd/ultima5/saves stack_margin=32768
[I][AlphaSave] NEWGAME_SAVE stage=rename-gam result=ok esp_err=ESP_OK errno=0 path=/sd/ultima5/saves/alpha1-g1.gam stack_margin=32768
[I][AlphaSave] NEWGAME_SAVE stage=rename-ool result=ok esp_err=ESP_OK errno=0 path=/sd/ultima5/saves/alpha1-g1.ool stack_margin=32768
[I][AlphaSave] NEWGAME_SAVE stage=rename-json result=ok esp_err=ESP_OK errno=0 path=/sd/ultima5/saves/alpha1-g1.json stack_margin=32768
[I][AlphaSave] NEWGAME_SAVE stage=write-commit-temp result=ok esp_err=ESP_OK errno=0 path=/sd/ultima5/saves/alpha1-g1.commit.tmp stack_margin=32768
[I][AlphaSave] NEWGAME_SAVE stage=rename-commit result=ok esp_err=ESP_OK errno=0 path=/sd/ultima5/saves/alpha1-g1.commit stack_margin=32768
[I][AlphaSave] NEWGAME_SAVE stage=semantic-validation result=ok esp_err=ESP_OK errno=0 path=/sd/ultima5/saves/alpha1-g1.commit stack_margin=32768
[I][AlphaSave] NEWGAME_SAVE stage=generation-final result=ok esp_err=ESP_OK errno=0 path=/sd/ultima5/saves/alpha1-g1.commit stack_margin=32768
[I][AlphaSave] save generation=3 save_slot=0 slot=1 time=13 ms json=369
[I][AlphaSave] SD_HEAP operation=dma-reserve-restored state=gameplay-save free_internal=67108864 free_dma=67108864 largest_dma=67108864 largest_internal=67108864 requested_dma=8192
[I][AlphaSave] SD_HEAP operation=release-reserved-dma state=gameplay-save free_internal=67108864 free_dma=67108864 largest_dma=67108864 largest_internal=67108864 requested_dma=8192
[I][AlphaSave] SD_HEAP operation=sd-window-open state=gameplay-save free_internal=67108864 free_dma=67108864 largest_dma=67108864 largest_internal=67108864 requested_dma=512
[I][AlphaSave] NEWGAME_SAVE stage=create-root-directory result=ok esp_err=ESP_OK errno=0 path=/sd/ultima5 stack_margin=32768
[I][AlphaSave] NEWGAME_SAVE stage=create-save-directory result=ok esp_err=ESP_OK errno=0 path=/sd/ultima5/saves stack_margin=32768
[I][AlphaSave] SD_HEAP operation=free-space-before state=gameplay-save free_internal=67108864 free_dma=67108864 largest_dma=67108864 largest_internal=67108864 requested_dma=512
[I][AlphaSave] SD_HEAP operation=free-space-call-enter state=gameplay-save free_internal=67108864 free_dma=67108864 largest_dma=67108864 largest_internal=67108864 requested_dma=512
[I][AlphaSave] SD_HEAP operation=free-space-call-exit state=gameplay-save free_internal=67108864 free_dma=67108864 largest_dma=67108864 largest_internal=67108864 requested_dma=512
[I][AlphaSave] SD_HEAP operation=free-space-after state=gameplay-save free_internal=67108864 free_dma=67108864 largest_dma=67108864 largest_internal=67108864 requested_dma=512
[I][AlphaSave] SD_SPACE path=/sd api=esp_vfs_fat_info/f_getfree return=ESP_OK(0x0) errno=0 total_bytes=34359738368 free_bytes=8589934592 total_sectors=67108864 free_sectors=16777216 sector_bytes=512
[I][AlphaSave] NEWGAME_SAVE stage=free-space-query result=ok esp_err=ESP_OK errno=0 path=/sd stack_margin=32768
[I][AlphaSave] NEWGAME_SAVE stage=free-space result=ok esp_err=ESP_OK errno=0 path=/sd stack_margin=32768
[I][AlphaSave] SAVE_TARGET save_slot=0 newest=1 accepted=1 slot=0 keep=1 sequence=4
[I][AlphaSave] NEWGAME_SAVE stage=gam-encode result=ok esp_err=ESP_OK errno=0 path=INIT.GAM stack_margin=32768
[I][AlphaSave] NEWGAME_SAVE stage=ool-encode result=ok esp_err=ESP_OK errno=0 path=INIT.OOL stack_margin=32768
[I][AlphaSave] NEWGAME_SAVE stage=json-encode result=ok esp_err=ESP_OK errno=0 path=sidecar stack_margin=32768
[I][AlphaSave] SD_HEAP operation=write-gam-temp state=gameplay-save free_internal=67108864 free_dma=67108864 largest_dma=67108864 largest_internal=67108864 requested_dma=512
[I][AlphaSave] NEWGAME_SAVE stage=write-gam-temp result=ok esp_err=ESP_OK errno=0 path=/sd/ultima5/saves/alpha1-g0.gam.tmp stack_margin=32768
[I][AlphaSave] SD_HEAP operation=write-ool-temp state=gameplay-save free_internal=67108864 free_dma=67108864 largest_dma=67108864 largest_internal=67108864 requested_dma=512
[I][AlphaSave] NEWGAME_SAVE stage=write-ool-temp result=ok esp_err=ESP_OK errno=0 path=/sd/ultima5/saves/alpha1-g0.ool.tmp stack_margin=32768
[I][AlphaSave] SD_HEAP operation=write-json-temp state=gameplay-save free_internal=67108864 free_dma=67108864 largest_dma=67108864 largest_internal=67108864 requested_dma=512
[I][AlphaSave] NEWGAME_SAVE stage=write-json-temp result=ok esp_err=ESP_OK errno=0 path=/sd/ultima5/saves/alpha1-g0.json.tmp stack_margin=32768
[I][AlphaSave] SD_HEAP operation=crc-readback state=gameplay-save free_internal=67108864 free_dma=67108864 largest_dma=67108864 largest_internal=67108864 requested_dma=512
[I][AlphaSave] NEWGAME_SAVE stage=crc-readback result=ok esp_err=ESP_OK errno=0 path=/sd/ultima5/saves stack_margin=32768
[I][AlphaSave] NEWGAME_SAVE stage=rename-gam result=ok esp_err=ESP_OK errno=0 path=/sd/ultima5/saves/alpha1-g0.gam stack_margin=32768
[I][AlphaSave] NEWGAME_SAVE stage=rename-ool result=ok esp_err=ESP_OK errno=0 path=/sd/ultima5/saves/alpha1-g0.ool stack_margin=32768
[I][AlphaSave] NEWGAME_SAVE stage=rename-json result=ok esp_err=ESP_OK errno=0 path=/sd/ultima5/saves/alpha1-g0.json stack_margin=32768
[I][AlphaSave] NEWGAME_SAVE stage=write-commit-temp result=ok esp_err=ESP_OK errno=0 path=/sd/ultima5/saves/alpha1-g0.commit.tmp stack_margin=32768
[I][AlphaSave] NEWGAME_SAVE stage=rename-commit result=ok esp_err=ESP_OK errno=0 path=/sd/ultima5/saves/alpha1-g0.commit stack_margin=32768
[I][AlphaSave] NEWGAME_SAVE stage=semantic-validation result=ok esp_err=ESP_OK errno=0 path=/sd/ultima5/saves/alpha1-g0.commit stack_margin=32768
[I][AlphaSave] NEWGAME_SAVE stage=generation-final result=ok esp_err=ESP_OK errno=0 path=/sd/ultima5/saves/alpha1-g0.commit stack_margin=32768
[I][AlphaSave] save generation=4 save_slot=0 slot=0 time=13 ms json=369
[I][AlphaSave] SD_HEAP operation=dma-reserve-restored state=gameplay-save free_internal=67108864 free_dma=67108864 largest_dma=67108864 largest_internal=67108864 requested_dma=8192
[I][AlphaSave] SD_HEAP operation=release-reserved-dma state=gameplay-save free_internal=67108864 free_dma=67108864 largest_dma=67108864 largest_internal=67108864 requested_dma=8192
[I][AlphaSave] SD_HEAP operation=sd-window-open state=gameplay-save free_internal=67108864 free_dma=67108864 largest_dma=67108864 largest_internal=67108864 requested_dma=512
[I][AlphaSave] SAVE_SCRATCH psram_bytes=11888
[I][AlphaSave] NEWGAME_SAVE stage=create-root-directory result=ok esp_err=ESP_OK errno=0 path=/sd/ultima5 stack_margin=32768
[I][AlphaSave] NEWGAME_SAVE stage=create-save-directory result=ok esp_err=ESP_OK errno=0 path=/sd/ultima5/saves stack_margin=32768
[I][AlphaSave] SD_HEAP operation=free-space-before state=gameplay-save free_internal=67108864 free_dma=67108864 largest_dma=67108864 largest_internal=67108864 requested_dma=512
[I][AlphaSave] SD_HEAP operation=free-space-call-enter state=gameplay-save free_internal=67108864 free_dma=67108864 largest_dma=67108864 largest_internal=67108864 requested_dma=512
[I][AlphaSave] SD_HEAP operation=free-space-call-exit state=gameplay-save free_internal=67108864 free_dma=67108864 largest_dma=67108864 largest_internal=67108864 requested_dma=512
[I][AlphaSave] SD_HEAP operation=free-space-after state=gameplay-save free_internal=67108864 free_dma=67108864 largest_dma=67108864 largest_internal=67108864 requested_dma=512
[I][AlphaSave] SD_SPACE path=/sd api=esp_vfs_fat_info/f_getfree return=ESP_OK(0x0) errno=0 total_bytes=34359738368 free_bytes=8589934592 total_sectors=67108864 free_sectors=16777216 sector_bytes=512
[I][AlphaSave] NEWGAME_SAVE stage=free-space-query result=ok esp_err=ESP_OK errno=0 path=/sd stack_margin=32768
[I][AlphaSave] NEWGAME_SAVE stage=free-space result=ok esp_err=ESP_OK errno=0 path=/sd stack_margin=32768
[I][AlphaSave] SAVE_TARGET save_slot=0 newest=0 accepted=1 slot=1 keep=0 sequence=5
[I][AlphaSave] NEWGAME_SAVE stage=gam-encode result=ok esp_err=ESP_OK errno=0 path=INIT.GAM stack_margin=32768
[I][AlphaSave] NEWGAME_SAVE stage=ool-encode result=ok esp_err=ESP_OK errno=0 path=INIT.OOL stack_margin=32768
[I][AlphaSave] NEWGAME_SAVE stage=json-encode result=ok esp_err=ESP_OK errno=0 path=sidecar stack_margin=32768
[I][AlphaSave] SD_HEAP operation=write-gam-temp state=gameplay-save free_internal=67108864 free_dma=67108864 largest_dma=67108864 largest_internal=67108864 requested_dma=512
[I][AlphaSave] NEWGAME_SAVE stage=write-gam-temp result=ok esp_err=ESP_OK errno=0 path=/sd/ultima5/saves/alpha1-g1.gam.tmp stack_margin=32768
[I][AlphaSave] SD_HEAP operation=write-ool-temp state=gameplay-save free_internal=67108864 free_dma=67108864 largest_dma=67108864 largest_internal=67108864 requested_dma=512
[I][AlphaSave] NEWGAME_SAVE stage=write-ool-temp result=ok esp_err=ESP_OK errno=0 path=/sd/ultima5/saves/alpha1-g1.ool.tmp stack_margin=32768
[I][AlphaSave] SD_HEAP operation=write-json-temp state=gameplay-save free_internal=67108864 free_dma=67108864 largest_dma=67108864 largest_internal=67108864 requested_dma=512
[I][AlphaSave] NEWGAME_SAVE stage=write-json-temp result=ok esp_err=ESP_OK errno=0 path=/sd/ultima5/saves/alpha1-g1.json.tmp stack_margin=32768
[I][AlphaSave] SD_HEAP operation=crc-readback state=gameplay-save free_internal=67108864 free_dma=67108864 largest_dma=67108864 largest_internal=67108864 requested_dma=512
[I][AlphaSave] NEWGAME_SAVE stage=crc-readback result=ok esp_err=ESP_OK errno=0 path=/sd/ultima5/saves stack_margin=32768
[I][AlphaSave] NEWGAME_SAVE stage=rename-gam result=ok esp_err=ESP_OK errno=0 path=/sd/ultima5/saves/alpha1-g1.gam stack_margin=32768
[I][AlphaSave] NEWGAME_SAVE stage=rename-ool result=ok esp_err=ESP_OK errno=0 path=/sd/ultima5/saves/alpha1-g1.ool stack_margin=32768
[I][AlphaSave] NEWGAME_SAVE stage=rename-json result=ok esp_err=ESP_OK errno=0 path=/sd/ultima5/saves/alpha1-g1.json stack_margin=32768
[I][AlphaSave] NEWGAME_SAVE stage=write-commit-temp result=ok esp_err=ESP_OK errno=0 path=/sd/ultima5/saves/alpha1-g1.commit.tmp stack_margin=32768
[I][AlphaSave] NEWGAME_SAVE stage=rename-commit result=ok esp_err=ESP_OK errno=0 path=/sd/ultima5/saves/alpha1-g1.commit stack_margin=32768
[I][AlphaSave] NEWGAME_SAVE stage=semantic-validation result=ok esp_err=ESP_OK errno=0 path=/sd/ultima5/saves/alpha1-g1.commit stack_margin=32768
[I][AlphaSave] NEWGAME_SAVE stage=generation-final result=ok esp_err=ESP_OK errno=0 path=/sd/ultima5/saves/alpha1-g1.commit stack_margin=32768
[I][AlphaSave] save generation=5 save_slot=0 slot=1 time=10 ms json=369
[I][AlphaSave] SD_HEAP operation=dma-reserve-restored state=gameplay-save free_internal=67108864 free_dma=67108864 largest_dma=67108864 largest_internal=67108864 requested_dma=8192
         warm save: peak small 384931 B, retained 0 B; cold save: peak small 384963 B, retained 32 B
  GREEN H1    a cold save's small-heap peak stays within 1/8 of a warm save's (the check runs before the export)
  GREEN H2    and it retains nothing a warm save does not

a4_save1_recovery_runtime: 45/45 checks GREEN, 0 RED
[I][AlphaResources] Alpha resource pack v2.0 valid: 2042554 bytes, 43 entries, payload CRC=9c10874f, expected SHA-256=11d72c7784d4, firmware_match=1
[I][AlphaResources] Loaded owners: 64 small floors, 8 dungeons, 1024 NPC records; PSRAM=1188214
[I][AlphaSave] SD_HEAP operation=dma-reserve-created state=startup free_internal=67108864 free_dma=67108864 largest_dma=67108864 largest_internal=67108864 requested_dma=8192
[I][AlphaSave] SD_HEAP operation=release-reserved-dma state=settings-load free_internal=67108864 free_dma=67108864 largest_dma=67108864 largest_internal=67108864 requested_dma=8192
[I][AlphaSave] SD_HEAP operation=sd-window-open state=settings-load free_internal=67108864 free_dma=67108864 largest_dma=67108864 largest_internal=67108864 requested_dma=512
[I][AlphaSave] SD_HEAP operation=dma-reserve-restored state=settings-load free_internal=67108864 free_dma=67108864 largest_dma=67108864 largest_internal=67108864 requested_dma=8192
[I][AlphaRuntime] SETTINGS_LOAD loaded=0 sfx_volume=80 music_volume=80

[C] census: two generations, one sidecar DOM, one cold inspect
[I][AlphaRuntime] INPUT_EDGE raw=00,00,00,00,00 prev=00,00,00,00,00 matrix=0,0 physical=matrix-key edge=press mods=S0,A1,H0 printable=73 base=00 symbol=00 ui=explore emitted=confirm action_char=0 shortcut=save
[I][AlphaSave] SD_HEAP operation=release-reserved-dma state=gameplay-save free_internal=67108864 free_dma=67108864 largest_dma=67108864 largest_internal=67108864 requested_dma=8192
[I][AlphaSave] SD_HEAP operation=sd-window-open state=gameplay-save free_internal=67108864 free_dma=67108864 largest_dma=67108864 largest_internal=67108864 requested_dma=512
[I][AlphaSave] SAVE_SCRATCH psram_bytes=11888
[I][AlphaSave] NEWGAME_SAVE stage=create-root-directory result=ok esp_err=ESP_OK errno=0 path=/sd/ultima5 stack_margin=32768
[I][AlphaSave] NEWGAME_SAVE stage=create-save-directory result=ok esp_err=ESP_OK errno=0 path=/sd/ultima5/saves stack_margin=32768
[I][AlphaSave] SD_HEAP operation=free-space-before state=gameplay-save free_internal=67108864 free_dma=67108864 largest_dma=67108864 largest_internal=67108864 requested_dma=512
[I][AlphaSave] SD_HEAP operation=free-space-call-enter state=gameplay-save free_internal=67108864 free_dma=67108864 largest_dma=67108864 largest_internal=67108864 requested_dma=512
[I][AlphaSave] SD_HEAP operation=free-space-call-exit state=gameplay-save free_internal=67108864 free_dma=67108864 largest_dma=67108864 largest_internal=67108864 requested_dma=512
[I][AlphaSave] SD_HEAP operation=free-space-after state=gameplay-save free_internal=67108864 free_dma=67108864 largest_dma=67108864 largest_internal=67108864 requested_dma=512
[I][AlphaSave] SD_SPACE path=/sd api=esp_vfs_fat_info/f_getfree return=ESP_OK(0x0) errno=0 total_bytes=34359738368 free_bytes=8589934592 total_sectors=67108864 free_sectors=16777216 sector_bytes=512
[I][AlphaSave] NEWGAME_SAVE stage=free-space-query result=ok esp_err=ESP_OK errno=0 path=/sd stack_margin=32768
[I][AlphaSave] NEWGAME_SAVE stage=free-space result=ok esp_err=ESP_OK errno=0 path=/sd stack_margin=32768
[I][AlphaSave] SAVE_TARGET save_slot=0 newest=-1 accepted=0 slot=1 keep=-1 sequence=1
[I][AlphaSave] NEWGAME_SAVE stage=gam-encode result=ok esp_err=ESP_OK errno=0 path=INIT.GAM stack_margin=32768
[I][AlphaSave] NEWGAME_SAVE stage=ool-encode result=ok esp_err=ESP_OK errno=0 path=INIT.OOL stack_margin=32768
[I][AlphaSave] NEWGAME_SAVE stage=json-encode result=ok esp_err=ESP_OK errno=0 path=sidecar stack_margin=32768
[I][AlphaSave] SD_HEAP operation=write-gam-temp state=gameplay-save free_internal=67108864 free_dma=67108864 largest_dma=67108864 largest_internal=67108864 requested_dma=512
[I][AlphaSave] NEWGAME_SAVE stage=write-gam-temp result=ok esp_err=ESP_OK errno=0 path=/sd/ultima5/saves/alpha1-g1.gam.tmp stack_margin=32768
[I][AlphaSave] SD_HEAP operation=write-ool-temp state=gameplay-save free_internal=67108864 free_dma=67108864 largest_dma=67108864 largest_internal=67108864 requested_dma=512
[I][AlphaSave] NEWGAME_SAVE stage=write-ool-temp result=ok esp_err=ESP_OK errno=0 path=/sd/ultima5/saves/alpha1-g1.ool.tmp stack_margin=32768
[I][AlphaSave] SD_HEAP operation=write-json-temp state=gameplay-save free_internal=67108864 free_dma=67108864 largest_dma=67108864 largest_internal=67108864 requested_dma=512
[I][AlphaSave] NEWGAME_SAVE stage=write-json-temp result=ok esp_err=ESP_OK errno=0 path=/sd/ultima5/saves/alpha1-g1.json.tmp stack_margin=32768
[I][AlphaSave] SD_HEAP operation=crc-readback state=gameplay-save free_internal=67108864 free_dma=67108864 largest_dma=67108864 largest_internal=67108864 requested_dma=512
[I][AlphaSave] NEWGAME_SAVE stage=crc-readback result=ok esp_err=ESP_OK errno=0 path=/sd/ultima5/saves stack_margin=32768
[I][AlphaSave] NEWGAME_SAVE stage=rename-gam result=ok esp_err=ESP_OK errno=0 path=/sd/ultima5/saves/alpha1-g1.gam stack_margin=32768
[I][AlphaSave] NEWGAME_SAVE stage=rename-ool result=ok esp_err=ESP_OK errno=0 path=/sd/ultima5/saves/alpha1-g1.ool stack_margin=32768
[I][AlphaSave] NEWGAME_SAVE stage=rename-json result=ok esp_err=ESP_OK errno=0 path=/sd/ultima5/saves/alpha1-g1.json stack_margin=32768
[I][AlphaSave] NEWGAME_SAVE stage=write-commit-temp result=ok esp_err=ESP_OK errno=0 path=/sd/ultima5/saves/alpha1-g1.commit.tmp stack_margin=32768
[I][AlphaSave] NEWGAME_SAVE stage=rename-commit result=ok esp_err=ESP_OK errno=0 path=/sd/ultima5/saves/alpha1-g1.commit stack_margin=32768
[I][AlphaSave] NEWGAME_SAVE stage=semantic-validation result=ok esp_err=ESP_OK errno=0 path=/sd/ultima5/saves/alpha1-g1.commit stack_margin=32768
[I][AlphaSave] NEWGAME_SAVE stage=generation-final result=ok esp_err=ESP_OK errno=0 path=/sd/ultima5/saves/alpha1-g1.commit stack_margin=32768
[I][AlphaSave] save generation=1 save_slot=0 slot=1 time=12 ms json=369
[I][AlphaSave] SD_HEAP operation=dma-reserve-restored state=gameplay-save free_internal=67108864 free_dma=67108864 largest_dma=67108864 largest_internal=67108864 requested_dma=8192
[I][AlphaRuntime] debug teleport rebind moved=0 prior_dungeon=0 location=0 floor=0 xy=15,15 dungeon=0
[I][AlphaRuntime] INPUT_ROUTE action=confirm ui=explore gameplay_command=none
[I][AlphaRuntime] INPUT_EDGE raw=00,00,00,00,00 prev=00,00,00,00,00 matrix=0,0 physical=matrix-key edge=press mods=S0,A1,H0 printable=73 base=00 symbol=00 ui=explore emitted=confirm action_char=0 shortcut=save
[I][AlphaSave] SD_HEAP operation=release-reserved-dma state=gameplay-save free_internal=67108864 free_dma=67108864 largest_dma=67108864 largest_internal=67108864 requested_dma=8192
[I][AlphaSave] SD_HEAP operation=sd-window-open state=gameplay-save free_internal=67108864 free_dma=67108864 largest_dma=67108864 largest_internal=67108864 requested_dma=512
[I][AlphaSave] NEWGAME_SAVE stage=create-root-directory result=ok esp_err=ESP_OK errno=0 path=/sd/ultima5 stack_margin=32768
[I][AlphaSave] NEWGAME_SAVE stage=create-save-directory result=ok esp_err=ESP_OK errno=0 path=/sd/ultima5/saves stack_margin=32768
[I][AlphaSave] SD_HEAP operation=free-space-before state=gameplay-save free_internal=67108864 free_dma=67108864 largest_dma=67108864 largest_internal=67108864 requested_dma=512
[I][AlphaSave] SD_HEAP operation=free-space-call-enter state=gameplay-save free_internal=67108864 free_dma=67108864 largest_dma=67108864 largest_internal=67108864 requested_dma=512
[I][AlphaSave] SD_HEAP operation=free-space-call-exit state=gameplay-save free_internal=67108864 free_dma=67108864 largest_dma=67108864 largest_internal=67108864 requested_dma=512
[I][AlphaSave] SD_HEAP operation=free-space-after state=gameplay-save free_internal=67108864 free_dma=67108864 largest_dma=67108864 largest_internal=67108864 requested_dma=512
[I][AlphaSave] SD_SPACE path=/sd api=esp_vfs_fat_info/f_getfree return=ESP_OK(0x0) errno=0 total_bytes=34359738368 free_bytes=8589934592 total_sectors=67108864 free_sectors=16777216 sector_bytes=512
[I][AlphaSave] NEWGAME_SAVE stage=free-space-query result=ok esp_err=ESP_OK errno=0 path=/sd stack_margin=32768
[I][AlphaSave] NEWGAME_SAVE stage=free-space result=ok esp_err=ESP_OK errno=0 path=/sd stack_margin=32768
[I][AlphaSave] SAVE_TARGET save_slot=0 newest=1 accepted=1 slot=0 keep=1 sequence=2
[I][AlphaSave] NEWGAME_SAVE stage=gam-encode result=ok esp_err=ESP_OK errno=0 path=INIT.GAM stack_margin=32768
[I][AlphaSave] NEWGAME_SAVE stage=ool-encode result=ok esp_err=ESP_OK errno=0 path=INIT.OOL stack_margin=32768
[I][AlphaSave] NEWGAME_SAVE stage=json-encode result=ok esp_err=ESP_OK errno=0 path=sidecar stack_margin=32768
[I][AlphaSave] SD_HEAP operation=write-gam-temp state=gameplay-save free_internal=67108864 free_dma=67108864 largest_dma=67108864 largest_internal=67108864 requested_dma=512
[I][AlphaSave] NEWGAME_SAVE stage=write-gam-temp result=ok esp_err=ESP_OK errno=0 path=/sd/ultima5/saves/alpha1-g0.gam.tmp stack_margin=32768
[I][AlphaSave] SD_HEAP operation=write-ool-temp state=gameplay-save free_internal=67108864 free_dma=67108864 largest_dma=67108864 largest_internal=67108864 requested_dma=512
[I][AlphaSave] NEWGAME_SAVE stage=write-ool-temp result=ok esp_err=ESP_OK errno=0 path=/sd/ultima5/saves/alpha1-g0.ool.tmp stack_margin=32768
[I][AlphaSave] SD_HEAP operation=write-json-temp state=gameplay-save free_internal=67108864 free_dma=67108864 largest_dma=67108864 largest_internal=67108864 requested_dma=512
[I][AlphaSave] NEWGAME_SAVE stage=write-json-temp result=ok esp_err=ESP_OK errno=0 path=/sd/ultima5/saves/alpha1-g0.json.tmp stack_margin=32768
[I][AlphaSave] SD_HEAP operation=crc-readback state=gameplay-save free_internal=67108864 free_dma=67108864 largest_dma=67108864 largest_internal=67108864 requested_dma=512
[I][AlphaSave] NEWGAME_SAVE stage=crc-readback result=ok esp_err=ESP_OK errno=0 path=/sd/ultima5/saves stack_margin=32768
[I][AlphaSave] NEWGAME_SAVE stage=rename-gam result=ok esp_err=ESP_OK errno=0 path=/sd/ultima5/saves/alpha1-g0.gam stack_margin=32768
[I][AlphaSave] NEWGAME_SAVE stage=rename-ool result=ok esp_err=ESP_OK errno=0 path=/sd/ultima5/saves/alpha1-g0.ool stack_margin=32768
[I][AlphaSave] NEWGAME_SAVE stage=rename-json result=ok esp_err=ESP_OK errno=0 path=/sd/ultima5/saves/alpha1-g0.json stack_margin=32768
[I][AlphaSave] NEWGAME_SAVE stage=write-commit-temp result=ok esp_err=ESP_OK errno=0 path=/sd/ultima5/saves/alpha1-g0.commit.tmp stack_margin=32768
[I][AlphaSave] NEWGAME_SAVE stage=rename-commit result=ok esp_err=ESP_OK errno=0 path=/sd/ultima5/saves/alpha1-g0.commit stack_margin=32768
[I][AlphaSave] NEWGAME_SAVE stage=semantic-validation result=ok esp_err=ESP_OK errno=0 path=/sd/ultima5/saves/alpha1-g0.commit stack_margin=32768
[I][AlphaSave] NEWGAME_SAVE stage=generation-final result=ok esp_err=ESP_OK errno=0 path=/sd/ultima5/saves/alpha1-g0.commit stack_margin=32768
[I][AlphaSave] save generation=2 save_slot=0 slot=0 time=13 ms json=369
[I][AlphaSave] SD_HEAP operation=dma-reserve-restored state=gameplay-save free_internal=67108864 free_dma=67108864 largest_dma=67108864 largest_internal=67108864 requested_dma=8192
[I][AlphaRuntime] debug teleport rebind moved=0 prior_dungeon=0 location=0 floor=0 xy=15,15 dungeon=0
[I][AlphaRuntime] INPUT_ROUTE action=confirm ui=explore gameplay_command=none
  GREEN C0    two Alt+S saves through the real alpha_save.cpp both complete
         slot 0: gam=4192 ool=512 json=369 commit=32 B
         slot 1: gam=4192 ool=512 json=369 commit=32 B
  GREEN C1    each generation is gam 4,192 + ool 512 + commit 32 B + a non-empty sidecar
         sidecar DOM (host): 62 allocations, 5794 B live (5794 B small), peak small 7084 B
         sidecar DOM (32-bit estimate): 27 nodes, 25 blocks (25 small / 0 large), 4228 B (4228 small / 0 large)
  GREEN C2    the sidecar itself parses to a small tree (all of it small allocations)
         verify_candidate (empty)   opens=0(fail 0) reads=0 bytes_read=0 writes=0 bytes_written=0 retained=284490 small=266058 peak_small=377868 io_small=0 allocs=3885 host=0.46 ms
         verify_candidate (again)   opens=0(fail 0) reads=0 bytes_read=0 writes=0 bytes_written=0 retained=0 small=0 peak_small=111810 io_small=0 allocs=3884 host=0.47 ms
         second verify on one stage peaks 0 B above the first
  GREEN C4    a verify on a stage that still holds a document never holds both (peak = one verify's)
         staged save document (32-bit estimate): 2717 nodes, 303 blocks (303 small / 0 large), 193220 B (193220 small / 0 large)
  GREEN C2b   a verified generation stages a large document of small allocations (> 32 KiB small)
[I][AlphaSave] SD_HEAP operation=release-reserved-dma state=save-inspect free_internal=67108864 free_dma=67108864 largest_dma=67108864 largest_internal=67108864 requested_dma=8192
[I][AlphaSave] SD_HEAP operation=sd-window-open state=save-inspect free_internal=67108864 free_dma=67108864 largest_dma=67108864 largest_internal=67108864 requested_dma=512
[I][AlphaSave] SAVE_SCRATCH psram_bytes=11888
[I][AlphaSave] SAVE_INSPECT save_slot=0 slot0=verified slot1=verified bytes=10210 commit_us=119 read_us=182 verify_us=911 total_us=1264
[I][AlphaSave] SD_HEAP operation=dma-reserve-restored state=save-inspect free_internal=67108864 free_dma=67108864 largest_dma=67108864 largest_internal=67108864 requested_dma=8192
         cold inspect               opens=8(fail 0) reads=8 bytes_read=10210 writes=0 bytes_written=0 retained=32 small=32 peak_small=378749 io_small=1115 allocs=7812 host=1.27 ms
         cold list: [PV seq=2 'Avatar'] [PV seq=1 'Avatar']
  GREEN C3    a cold inspect lists both generations (sequences 1 and 2, 'Avatar')

[R] retention, peak, and what is allocated while the card is busy
         bounds: I/O-time small bytes <= 33257 B (1/8 of one staged document); peak small <= 425101 B (one verify from an empty stage + 1/8)
[I][AlphaSave] SD_HEAP operation=release-reserved-dma state=save-inspect free_internal=67108864 free_dma=67108864 largest_dma=67108864 largest_internal=67108864 requested_dma=8192
[I][AlphaSave] SD_HEAP operation=sd-window-open state=save-inspect free_internal=67108864 free_dma=67108864 largest_dma=67108864 largest_internal=67108864 requested_dma=512
[I][AlphaSave] SAVE_SCRATCH psram_bytes=11888
[I][AlphaSave] SAVE_INSPECT save_slot=0 slot0=verified slot1=verified bytes=10210 commit_us=99 read_us=170 verify_us=921 total_us=1244
[I][AlphaSave] SD_HEAP operation=dma-reserve-restored state=save-inspect free_internal=67108864 free_dma=67108864 largest_dma=67108864 largest_internal=67108864 requested_dma=8192
         inspect (fresh service)    opens=8(fail 0) reads=8 bytes_read=10210 writes=0 bytes_written=0 retained=32 small=32 peak_small=378749 io_small=1115 allocs=7812 host=1.25 ms
  GREEN R1    an inspect keeps nothing allocated after it returns (<= 1 KiB)
  GREEN R2    no staged generation is alive while the next slot's files are read
  GREEN R6    two slots never hold two documents at once: the peak is one verify's
[I][AlphaSave] SD_HEAP operation=release-reserved-dma state=save-inspect free_internal=67108864 free_dma=67108864 largest_dma=67108864 largest_internal=67108864 requested_dma=8192
[I][AlphaSave] SD_HEAP operation=sd-window-open state=save-inspect free_internal=67108864 free_dma=67108864 largest_dma=67108864 largest_internal=67108864 requested_dma=512
[I][AlphaSave] SAVE_INSPECT save_slot=0 slot0=cached slot1=cached bytes=64 commit_us=57 read_us=0 verify_us=0 total_us=61
[I][AlphaSave] SD_HEAP operation=dma-reserve-restored state=save-inspect free_internal=67108864 free_dma=67108864 largest_dma=67108864 largest_internal=67108864 requested_dma=8192
         inspect again              opens=2(fail 0) reads=2 bytes_read=64 writes=0 bytes_written=0 retained=0 small=0 peak_small=142 io_small=174 allocs=11 host=0.07 ms
  GREEN R2b   a second inspect: nothing kept, nothing alive at the card, the same peak
[I][AlphaSave] SD_HEAP operation=release-reserved-dma state=load-latest free_internal=67108864 free_dma=67108864 largest_dma=67108864 largest_internal=67108864 requested_dma=8192
[I][AlphaSave] SD_HEAP operation=sd-window-open state=load-latest free_internal=67108864 free_dma=67108864 largest_dma=67108864 largest_internal=67108864 requested_dma=512
[I][AlphaSave] SAVE_SCRATCH psram_bytes=11888
[I][AlphaSave] load generation=2 save_slot=0 slot=0 time=2 ms status=0
[I][AlphaSave] SD_HEAP operation=dma-reserve-restored state=load-latest free_internal=67108864 free_dma=67108864 largest_dma=67108864 largest_internal=67108864 requested_dma=8192
         load (fresh service)       opens=10(fail 4) reads=10 bytes_read=10274 writes=0 bytes_written=0 retained=902 small=902 peak_small=380000 io_small=2366 allocs=13334 host=2.02 ms
  GREEN R3    Continue Latest: no staged generation is alive while the other slot is read
[I][AlphaSave] SD_HEAP operation=release-reserved-dma state=gameplay-save free_internal=67108864 free_dma=67108864 largest_dma=67108864 largest_internal=67108864 requested_dma=8192
[I][AlphaSave] SD_HEAP operation=sd-window-open state=gameplay-save free_internal=67108864 free_dma=67108864 largest_dma=67108864 largest_internal=67108864 requested_dma=512
[I][AlphaSave] SAVE_SCRATCH psram_bytes=11888
[I][AlphaSave] NEWGAME_SAVE stage=create-root-directory result=ok esp_err=ESP_OK errno=0 path=/sd/ultima5 stack_margin=32768
[I][AlphaSave] NEWGAME_SAVE stage=create-save-directory result=ok esp_err=ESP_OK errno=0 path=/sd/ultima5/saves stack_margin=32768
[I][AlphaSave] SD_HEAP operation=free-space-before state=gameplay-save free_internal=67108864 free_dma=67108864 largest_dma=67108864 largest_internal=67108864 requested_dma=512
[I][AlphaSave] SD_HEAP operation=free-space-call-enter state=gameplay-save free_internal=67108864 free_dma=67108864 largest_dma=67108864 largest_internal=67108864 requested_dma=512
[I][AlphaSave] SD_HEAP operation=free-space-call-exit state=gameplay-save free_internal=67108864 free_dma=67108864 largest_dma=67108864 largest_internal=67108864 requested_dma=512
[I][AlphaSave] SD_HEAP operation=free-space-after state=gameplay-save free_internal=67108864 free_dma=67108864 largest_dma=67108864 largest_internal=67108864 requested_dma=512
[I][AlphaSave] SD_SPACE path=/sd api=esp_vfs_fat_info/f_getfree return=ESP_OK(0x0) errno=0 total_bytes=34359738368 free_bytes=8589934592 total_sectors=67108864 free_sectors=16777216 sector_bytes=512
[I][AlphaSave] NEWGAME_SAVE stage=free-space-query result=ok esp_err=ESP_OK errno=0 path=/sd stack_margin=32768
[I][AlphaSave] NEWGAME_SAVE stage=free-space result=ok esp_err=ESP_OK errno=0 path=/sd stack_margin=32768
[I][AlphaSave] SAVE_TARGET save_slot=0 newest=0 accepted=1 slot=1 keep=0 sequence=3
[I][AlphaSave] NEWGAME_SAVE stage=gam-encode result=ok esp_err=ESP_OK errno=0 path=INIT.GAM stack_margin=32768
[I][AlphaSave] NEWGAME_SAVE stage=ool-encode result=ok esp_err=ESP_OK errno=0 path=INIT.OOL stack_margin=32768
[I][AlphaSave] NEWGAME_SAVE stage=json-encode result=ok esp_err=ESP_OK errno=0 path=sidecar stack_margin=32768
[I][AlphaSave] SD_HEAP operation=write-gam-temp state=gameplay-save free_internal=67108864 free_dma=67108864 largest_dma=67108864 largest_internal=67108864 requested_dma=512
[I][AlphaSave] NEWGAME_SAVE stage=write-gam-temp result=ok esp_err=ESP_OK errno=0 path=/sd/ultima5/saves/alpha1-g1.gam.tmp stack_margin=32768
[I][AlphaSave] SD_HEAP operation=write-ool-temp state=gameplay-save free_internal=67108864 free_dma=67108864 largest_dma=67108864 largest_internal=67108864 requested_dma=512
[I][AlphaSave] NEWGAME_SAVE stage=write-ool-temp result=ok esp_err=ESP_OK errno=0 path=/sd/ultima5/saves/alpha1-g1.ool.tmp stack_margin=32768
[I][AlphaSave] SD_HEAP operation=write-json-temp state=gameplay-save free_internal=67108864 free_dma=67108864 largest_dma=67108864 largest_internal=67108864 requested_dma=512
[I][AlphaSave] NEWGAME_SAVE stage=write-json-temp result=ok esp_err=ESP_OK errno=0 path=/sd/ultima5/saves/alpha1-g1.json.tmp stack_margin=32768
[I][AlphaSave] SD_HEAP operation=crc-readback state=gameplay-save free_internal=67108864 free_dma=67108864 largest_dma=67108864 largest_internal=67108864 requested_dma=512
[I][AlphaSave] NEWGAME_SAVE stage=crc-readback result=ok esp_err=ESP_OK errno=0 path=/sd/ultima5/saves stack_margin=32768
[I][AlphaSave] NEWGAME_SAVE stage=rename-gam result=ok esp_err=ESP_OK errno=0 path=/sd/ultima5/saves/alpha1-g1.gam stack_margin=32768
[I][AlphaSave] NEWGAME_SAVE stage=rename-ool result=ok esp_err=ESP_OK errno=0 path=/sd/ultima5/saves/alpha1-g1.ool stack_margin=32768
[I][AlphaSave] NEWGAME_SAVE stage=rename-json result=ok esp_err=ESP_OK errno=0 path=/sd/ultima5/saves/alpha1-g1.json stack_margin=32768
[I][AlphaSave] NEWGAME_SAVE stage=write-commit-temp result=ok esp_err=ESP_OK errno=0 path=/sd/ultima5/saves/alpha1-g1.commit.tmp stack_margin=32768
[I][AlphaSave] NEWGAME_SAVE stage=rename-commit result=ok esp_err=ESP_OK errno=0 path=/sd/ultima5/saves/alpha1-g1.commit stack_margin=32768
[I][AlphaSave] NEWGAME_SAVE stage=semantic-validation result=ok esp_err=ESP_OK errno=0 path=/sd/ultima5/saves/alpha1-g1.commit stack_margin=32768
[I][AlphaSave] NEWGAME_SAVE stage=generation-final result=ok esp_err=ESP_OK errno=0 path=/sd/ultima5/saves/alpha1-g1.commit stack_margin=32768
[I][AlphaSave] save generation=3 save_slot=0 slot=1 time=9 ms json=369
[I][AlphaSave] SD_HEAP operation=dma-reserve-restored state=gameplay-save free_internal=67108864 free_dma=67108864 largest_dma=67108864 largest_internal=67108864 requested_dma=8192
[I][AlphaSave] SD_HEAP operation=release-reserved-dma state=gameplay-save free_internal=67108864 free_dma=67108864 largest_dma=67108864 largest_internal=67108864 requested_dma=8192
[I][AlphaSave] SD_HEAP operation=sd-window-open state=gameplay-save free_internal=67108864 free_dma=67108864 largest_dma=67108864 largest_internal=67108864 requested_dma=512
[I][AlphaSave] SAVE_SCRATCH psram_bytes=11888
[I][AlphaSave] NEWGAME_SAVE stage=create-root-directory result=ok esp_err=ESP_OK errno=0 path=/sd/ultima5 stack_margin=32768
[I][AlphaSave] NEWGAME_SAVE stage=create-save-directory result=ok esp_err=ESP_OK errno=0 path=/sd/ultima5/saves stack_margin=32768
[I][AlphaSave] SD_HEAP operation=free-space-before state=gameplay-save free_internal=67108864 free_dma=67108864 largest_dma=67108864 largest_internal=67108864 requested_dma=512
[I][AlphaSave] SD_HEAP operation=free-space-call-enter state=gameplay-save free_internal=67108864 free_dma=67108864 largest_dma=67108864 largest_internal=67108864 requested_dma=512
[I][AlphaSave] SD_HEAP operation=free-space-call-exit state=gameplay-save free_internal=67108864 free_dma=67108864 largest_dma=67108864 largest_internal=67108864 requested_dma=512
[I][AlphaSave] SD_HEAP operation=free-space-after state=gameplay-save free_internal=67108864 free_dma=67108864 largest_dma=67108864 largest_internal=67108864 requested_dma=512
[I][AlphaSave] SD_SPACE path=/sd api=esp_vfs_fat_info/f_getfree return=ESP_OK(0x0) errno=0 total_bytes=34359738368 free_bytes=8589934592 total_sectors=67108864 free_sectors=16777216 sector_bytes=512
[I][AlphaSave] NEWGAME_SAVE stage=free-space-query result=ok esp_err=ESP_OK errno=0 path=/sd stack_margin=32768
[I][AlphaSave] NEWGAME_SAVE stage=free-space result=ok esp_err=ESP_OK errno=0 path=/sd stack_margin=32768
[I][AlphaSave] SAVE_TARGET save_slot=0 newest=1 accepted=1 slot=0 keep=1 sequence=4
[I][AlphaSave] NEWGAME_SAVE stage=gam-encode result=ok esp_err=ESP_OK errno=0 path=INIT.GAM stack_margin=32768
[I][AlphaSave] NEWGAME_SAVE stage=ool-encode result=ok esp_err=ESP_OK errno=0 path=INIT.OOL stack_margin=32768
[I][AlphaSave] NEWGAME_SAVE stage=json-encode result=ok esp_err=ESP_OK errno=0 path=sidecar stack_margin=32768
[I][AlphaSave] SD_HEAP operation=write-gam-temp state=gameplay-save free_internal=67108864 free_dma=67108864 largest_dma=67108864 largest_internal=67108864 requested_dma=512
[I][AlphaSave] NEWGAME_SAVE stage=write-gam-temp result=ok esp_err=ESP_OK errno=0 path=/sd/ultima5/saves/alpha1-g0.gam.tmp stack_margin=32768
[I][AlphaSave] SD_HEAP operation=write-ool-temp state=gameplay-save free_internal=67108864 free_dma=67108864 largest_dma=67108864 largest_internal=67108864 requested_dma=512
[I][AlphaSave] NEWGAME_SAVE stage=write-ool-temp result=ok esp_err=ESP_OK errno=0 path=/sd/ultima5/saves/alpha1-g0.ool.tmp stack_margin=32768
[I][AlphaSave] SD_HEAP operation=write-json-temp state=gameplay-save free_internal=67108864 free_dma=67108864 largest_dma=67108864 largest_internal=67108864 requested_dma=512
[I][AlphaSave] NEWGAME_SAVE stage=write-json-temp result=ok esp_err=ESP_OK errno=0 path=/sd/ultima5/saves/alpha1-g0.json.tmp stack_margin=32768
[I][AlphaSave] SD_HEAP operation=crc-readback state=gameplay-save free_internal=67108864 free_dma=67108864 largest_dma=67108864 largest_internal=67108864 requested_dma=512
[I][AlphaSave] NEWGAME_SAVE stage=crc-readback result=ok esp_err=ESP_OK errno=0 path=/sd/ultima5/saves stack_margin=32768
[I][AlphaSave] NEWGAME_SAVE stage=rename-gam result=ok esp_err=ESP_OK errno=0 path=/sd/ultima5/saves/alpha1-g0.gam stack_margin=32768
[I][AlphaSave] NEWGAME_SAVE stage=rename-ool result=ok esp_err=ESP_OK errno=0 path=/sd/ultima5/saves/alpha1-g0.ool stack_margin=32768
[I][AlphaSave] NEWGAME_SAVE stage=rename-json result=ok esp_err=ESP_OK errno=0 path=/sd/ultima5/saves/alpha1-g0.json stack_margin=32768
[I][AlphaSave] NEWGAME_SAVE stage=write-commit-temp result=ok esp_err=ESP_OK errno=0 path=/sd/ultima5/saves/alpha1-g0.commit.tmp stack_margin=32768
[I][AlphaSave] NEWGAME_SAVE stage=rename-commit result=ok esp_err=ESP_OK errno=0 path=/sd/ultima5/saves/alpha1-g0.commit stack_margin=32768
[I][AlphaSave] NEWGAME_SAVE stage=semantic-validation result=ok esp_err=ESP_OK errno=0 path=/sd/ultima5/saves/alpha1-g0.commit stack_margin=32768
[I][AlphaSave] NEWGAME_SAVE stage=generation-final result=ok esp_err=ESP_OK errno=0 path=/sd/ultima5/saves/alpha1-g0.commit stack_margin=32768
[I][AlphaSave] save generation=4 save_slot=0 slot=0 time=10 ms json=369
[I][AlphaSave] SD_HEAP operation=dma-reserve-restored state=gameplay-save free_internal=67108864 free_dma=67108864 largest_dma=67108864 largest_internal=67108864 requested_dma=8192
         save (fresh service)       opens=16(fail 4) reads=12 bytes_read=15315 writes=4 bytes_written=5105 retained=32 small=32 peak_small=384963 io_small=16401 allocs=9978 host=9.24 ms
  GREEN R4    a save: no second document is alive while the generation is written and read back
  GREEN R5    a save keeps nothing allocated after it returns (<= 2 KiB)
[I][AlphaRuntime] INPUT_EDGE raw=00,00,00,00,00 prev=00,00,00,00,00 matrix=0,0 physical=matrix-key edge=press mods=S0,A1,H0 printable=73 base=00 symbol=00 ui=explore emitted=confirm action_char=0 shortcut=save
[I][AlphaSave] SD_HEAP operation=release-reserved-dma state=gameplay-save free_internal=67108864 free_dma=67108864 largest_dma=67108864 largest_internal=67108864 requested_dma=8192
[I][AlphaSave] SD_HEAP operation=sd-window-open state=gameplay-save free_internal=67108864 free_dma=67108864 largest_dma=67108864 largest_internal=67108864 requested_dma=512
[I][AlphaSave] NEWGAME_SAVE stage=create-root-directory result=ok esp_err=ESP_OK errno=0 path=/sd/ultima5 stack_margin=32768
[I][AlphaSave] NEWGAME_SAVE stage=create-save-directory result=ok esp_err=ESP_OK errno=0 path=/sd/ultima5/saves stack_margin=32768
[I][AlphaSave] SD_HEAP operation=free-space-before state=gameplay-save free_internal=67108864 free_dma=67108864 largest_dma=67108864 largest_internal=67108864 requested_dma=512
[I][AlphaSave] SD_HEAP operation=free-space-call-enter state=gameplay-save free_internal=67108864 free_dma=67108864 largest_dma=67108864 largest_internal=67108864 requested_dma=512
[I][AlphaSave] SD_HEAP operation=free-space-call-exit state=gameplay-save free_internal=67108864 free_dma=67108864 largest_dma=67108864 largest_internal=67108864 requested_dma=512
[I][AlphaSave] SD_HEAP operation=free-space-after state=gameplay-save free_internal=67108864 free_dma=67108864 largest_dma=67108864 largest_internal=67108864 requested_dma=512
[I][AlphaSave] SD_SPACE path=/sd api=esp_vfs_fat_info/f_getfree return=ESP_OK(0x0) errno=0 total_bytes=34359738368 free_bytes=8589934592 total_sectors=67108864 free_sectors=16777216 sector_bytes=512
[I][AlphaSave] NEWGAME_SAVE stage=free-space-query result=ok esp_err=ESP_OK errno=0 path=/sd stack_margin=32768
[I][AlphaSave] NEWGAME_SAVE stage=free-space result=ok esp_err=ESP_OK errno=0 path=/sd stack_margin=32768
[I][AlphaSave] SAVE_TARGET save_slot=0 newest=0 accepted=1 slot=1 keep=0 sequence=5
[I][AlphaSave] NEWGAME_SAVE stage=gam-encode result=ok esp_err=ESP_OK errno=0 path=INIT.GAM stack_margin=32768
[I][AlphaSave] NEWGAME_SAVE stage=ool-encode result=ok esp_err=ESP_OK errno=0 path=INIT.OOL stack_margin=32768
[I][AlphaSave] NEWGAME_SAVE stage=json-encode result=ok esp_err=ESP_OK errno=0 path=sidecar stack_margin=32768
[I][AlphaSave] SD_HEAP operation=write-gam-temp state=gameplay-save free_internal=67108864 free_dma=67108864 largest_dma=67108864 largest_internal=67108864 requested_dma=512
[I][AlphaSave] NEWGAME_SAVE stage=write-gam-temp result=ok esp_err=ESP_OK errno=0 path=/sd/ultima5/saves/alpha1-g1.gam.tmp stack_margin=32768
[I][AlphaSave] SD_HEAP operation=write-ool-temp state=gameplay-save free_internal=67108864 free_dma=67108864 largest_dma=67108864 largest_internal=67108864 requested_dma=512
[I][AlphaSave] NEWGAME_SAVE stage=write-ool-temp result=ok esp_err=ESP_OK errno=0 path=/sd/ultima5/saves/alpha1-g1.ool.tmp stack_margin=32768
[I][AlphaSave] SD_HEAP operation=write-json-temp state=gameplay-save free_internal=67108864 free_dma=67108864 largest_dma=67108864 largest_internal=67108864 requested_dma=512
[I][AlphaSave] NEWGAME_SAVE stage=write-json-temp result=ok esp_err=ESP_OK errno=0 path=/sd/ultima5/saves/alpha1-g1.json.tmp stack_margin=32768
[I][AlphaSave] SD_HEAP operation=crc-readback state=gameplay-save free_internal=67108864 free_dma=67108864 largest_dma=67108864 largest_internal=67108864 requested_dma=512
[I][AlphaSave] NEWGAME_SAVE stage=crc-readback result=ok esp_err=ESP_OK errno=0 path=/sd/ultima5/saves stack_margin=32768
[I][AlphaSave] NEWGAME_SAVE stage=rename-gam result=ok esp_err=ESP_OK errno=0 path=/sd/ultima5/saves/alpha1-g1.gam stack_margin=32768
[I][AlphaSave] NEWGAME_SAVE stage=rename-ool result=ok esp_err=ESP_OK errno=0 path=/sd/ultima5/saves/alpha1-g1.ool stack_margin=32768
[I][AlphaSave] NEWGAME_SAVE stage=rename-json result=ok esp_err=ESP_OK errno=0 path=/sd/ultima5/saves/alpha1-g1.json stack_margin=32768
[I][AlphaSave] NEWGAME_SAVE stage=write-commit-temp result=ok esp_err=ESP_OK errno=0 path=/sd/ultima5/saves/alpha1-g1.commit.tmp stack_margin=32768
[I][AlphaSave] NEWGAME_SAVE stage=rename-commit result=ok esp_err=ESP_OK errno=0 path=/sd/ultima5/saves/alpha1-g1.commit stack_margin=32768
[I][AlphaSave] NEWGAME_SAVE stage=semantic-validation result=ok esp_err=ESP_OK errno=0 path=/sd/ultima5/saves/alpha1-g1.commit stack_margin=32768
[I][AlphaSave] NEWGAME_SAVE stage=generation-final result=ok esp_err=ESP_OK errno=0 path=/sd/ultima5/saves/alpha1-g1.commit stack_margin=32768
[I][AlphaSave] save generation=5 save_slot=0 slot=1 time=8 ms json=369
[I][AlphaSave] SD_HEAP operation=dma-reserve-restored state=gameplay-save free_internal=67108864 free_dma=67108864 largest_dma=67108864 largest_internal=67108864 requested_dma=8192
[I][AlphaRuntime] debug teleport rebind moved=0 prior_dungeon=0 location=0 floor=0 xy=15,15 dungeon=0
[I][AlphaRuntime] INPUT_ROUTE action=confirm ui=explore gameplay_command=none
         Alt+S (runtime)            opens=16(fail 4) reads=12 bytes_read=15315 writes=4 bytes_written=5105 retained=0 small=0 peak_small=384931 io_small=16401 allocs=9977 host=7.60 ms
[I][AlphaRuntime] INPUT_EDGE raw=00,00,00,00,00 prev=00,00,00,00,00 matrix=0,0 physical=matrix-key edge=press mods=S0,A1,H0 printable=6c base=00 symbol=00 ui=explore emitted=confirm action_char=0 shortcut=load
[I][AlphaSave] SD_HEAP operation=release-reserved-dma state=load-slot free_internal=67108864 free_dma=67108864 largest_dma=67108864 largest_internal=67108864 requested_dma=8192
[I][AlphaSave] SD_HEAP operation=sd-window-open state=load-slot free_internal=67108864 free_dma=67108864 largest_dma=67108864 largest_internal=67108864 requested_dma=512
[I][AlphaSave] load save_slot=0 slot=1 time=2 ms status=0
[I][AlphaSave] SD_HEAP operation=dma-reserve-restored state=load-slot free_internal=67108864 free_dma=67108864 largest_dma=67108864 largest_internal=67108864 requested_dma=8192
[I][AlphaRuntime] U5OBJ CLEAR site=load-restore pool_before=0
[I][AlphaRuntime] WORLD_OBJECTS_RESTORE count=0
[I][AlphaRuntime] DUNGEON_RESTORE active=0 dungeon=33 depth=0
[I][AlphaRuntime] LOAD_TRANSIENT_RESET ui=explore->explore request=0 views=0 questions=0
[I][AlphaRuntime] debug teleport rebind moved=0 prior_dungeon=0 location=0 floor=0 xy=15,15 dungeon=0
[I][AlphaRuntime] INPUT_ROUTE action=confirm ui=explore gameplay_command=none
         Alt+L (runtime)            opens=8(fail 0) reads=8 bytes_read=10210 writes=0 bytes_written=0 retained=-2582 small=-2582 peak_small=379968 io_small=2334 allocs=13333 host=1.74 ms

[S] 100 System Menu open/close cycles
[I][AlphaRuntime] INPUT_EDGE raw=00,00,00,00,00 prev=00,00,00,00,00 matrix=0,0 physical=matrix-key edge=press mods=S0,A1,H0 printable=6d base=00 symbol=00 ui=explore emitted=system-menu action_char=0 shortcut=none
[I][AlphaSave] SD_HEAP operation=release-reserved-dma state=save-catalog free_internal=67108864 free_dma=67108864 largest_dma=67108864 largest_internal=67108864 requested_dma=8192
[I][AlphaSave] SD_HEAP operation=sd-window-open state=save-catalog free_internal=67108864 free_dma=67108864 largest_dma=67108864 largest_internal=67108864 requested_dma=512
[I][AlphaSave] SAVE_CATALOG slot1=cached slot2=empty slot3=empty staged=0 bytes=64 commit_us=134 verify_us=0 total_us=141
[I][AlphaSave] SD_HEAP operation=dma-reserve-restored state=save-catalog free_internal=67108864 free_dma=67108864 largest_dma=67108864 largest_internal=67108864 requested_dma=8192
[I][AlphaRuntime] SYSTEM_MENU action=toggle open=1 gameplay_command=none
[I][AlphaRuntime] INPUT_EDGE raw=00,00,00,00,00 prev=00,00,00,00,00 matrix=0,0 physical=matrix-key edge=press mods=S0,A0,H0 printable=08 base=00 symbol=00 ui=inventory emitted=back action_char=0 shortcut=none
[I][AlphaRuntime] SYSTEM_MENU action=back accepted=1 open=0 gameplay_command=none
[I][AlphaRuntime] INPUT_EDGE raw=00,00,00,00,00 prev=00,00,00,00,00 matrix=0,0 physical=matrix-key edge=press mods=S0,A1,H0 printable=6d base=00 symbol=00 ui=explore emitted=system-menu action_char=0 shortcut=none
[I][AlphaSave] SD_HEAP operation=release-reserved-dma state=save-catalog free_internal=67108864 free_dma=67108864 largest_dma=67108864 largest_internal=67108864 requested_dma=8192
[I][AlphaSave] SD_HEAP operation=sd-window-open state=save-catalog free_internal=67108864 free_dma=67108864 largest_dma=67108864 largest_internal=67108864 requested_dma=512
[I][AlphaSave] SAVE_CATALOG slot1=cached slot2=empty slot3=empty staged=0 bytes=64 commit_us=87 verify_us=0 total_us=91
[I][AlphaSave] SD_HEAP operation=dma-reserve-restored state=save-catalog free_internal=67108864 free_dma=67108864 largest_dma=67108864 largest_internal=67108864 requested_dma=8192
[I][AlphaRuntime] SYSTEM_MENU action=toggle open=1 gameplay_command=none
[I][AlphaRuntime] INPUT_EDGE raw=00,00,00,00,00 prev=00,00,00,00,00 matrix=0,0 physical=matrix-key edge=press mods=S0,A0,H0 printable=08 base=00 symbol=00 ui=inventory emitted=back action_char=0 shortcut=none
[I][AlphaRuntime] SYSTEM_MENU action=back accepted=1 open=0 gameplay_command=none
[I][AlphaRuntime] INPUT_EDGE raw=00,00,00,00,00 prev=00,00,00,00,00 matrix=0,0 physical=matrix-key edge=press mods=S0,A1,H0 printable=6d base=00 symbol=00 ui=explore emitted=system-menu action_char=0 shortcut=none
[I][AlphaSave] SD_HEAP operation=release-reserved-dma state=save-catalog free_internal=67108864 free_dma=67108864 largest_dma=67108864 largest_internal=67108864 requested_dma=8192
[I][AlphaSave] SD_HEAP operation=sd-window-open state=save-catalog free_internal=67108864 free_dma=67108864 largest_dma=67108864 largest_internal=67108864 requested_dma=512
[I][AlphaSave] SAVE_CATALOG slot1=cached slot2=empty slot3=empty staged=0 bytes=64 commit_us=85 verify_us=0 total_us=88
[I][AlphaSave] SD_HEAP operation=dma-reserve-restored state=save-catalog free_internal=67108864 free_dma=67108864 largest_dma=67108864 largest_internal=67108864 requested_dma=8192
[I][AlphaRuntime] SYSTEM_MENU action=toggle open=1 gameplay_command=none
[I][AlphaRuntime] INPUT_EDGE raw=00,00,00,00,00 prev=00,00,00,00,00 matrix=0,0 physical=matrix-key edge=press mods=S0,A0,H0 printable=08 base=00 symbol=00 ui=inventory emitted=back action_char=0 shortcut=none
[I][AlphaRuntime] SYSTEM_MENU action=back accepted=1 open=0 gameplay_command=none
[I][AlphaRuntime] INPUT_EDGE raw=00,00,00,00,00 prev=00,00,00,00,00 matrix=0,0 physical=matrix-key edge=press mods=S0,A1,H0 printable=6d base=00 symbol=00 ui=explore emitted=system-menu action_char=0 shortcut=none
[I][AlphaSave] SD_HEAP operation=release-reserved-dma state=save-catalog free_internal=67108864 free_dma=67108864 largest_dma=67108864 largest_internal=67108864 requested_dma=8192
[I][AlphaSave] SD_HEAP operation=sd-window-open state=save-catalog free_internal=67108864 free_dma=67108864 largest_dma=67108864 largest_internal=67108864 requested_dma=512
[I][AlphaSave] SAVE_CATALOG slot1=cached slot2=empty slot3=empty staged=0 bytes=64 commit_us=86 verify_us=0 total_us=95
[I][AlphaSave] SD_HEAP operation=dma-reserve-restored state=save-catalog free_internal=67108864 free_dma=67108864 largest_dma=67108864 largest_internal=67108864 requested_dma=8192
[I][AlphaRuntime] SYSTEM_MENU action=toggle open=1 gameplay_command=none
[I][AlphaRuntime] INPUT_EDGE raw=00,00,00,00,00 prev=00,00,00,00,00 matrix=0,0 physical=matrix-key edge=press mods=S0,A0,H0 printable=08 base=00 symbol=00 ui=inventory emitted=back action_char=0 shortcut=none
[I][AlphaRuntime] SYSTEM_MENU action=back accepted=1 open=0 gameplay_command=none
[I][AlphaRuntime] INPUT_EDGE raw=00,00,00,00,00 prev=00,00,00,00,00 matrix=0,0 physical=matrix-key edge=press mods=S0,A1,H0 printable=6d base=00 symbol=00 ui=explore emitted=system-menu action_char=0 shortcut=none
[I][AlphaSave] SD_HEAP operation=release-reserved-dma state=save-catalog free_internal=67108864 free_dma=67108864 largest_dma=67108864 largest_internal=67108864 requested_dma=8192
[I][AlphaSave] SD_HEAP operation=sd-window-open state=save-catalog free_internal=67108864 free_dma=67108864 largest_dma=67108864 largest_internal=67108864 requested_dma=512
[I][AlphaSave] SAVE_CATALOG slot1=cached slot2=empty slot3=empty staged=0 bytes=64 commit_us=85 verify_us=0 total_us=90
[I][AlphaSave] SD_HEAP operation=dma-reserve-restored state=save-catalog free_internal=67108864 free_dma=67108864 largest_dma=67108864 largest_internal=67108864 requested_dma=8192
[I][AlphaRuntime] SYSTEM_MENU action=toggle open=1 gameplay_command=none
[I][AlphaRuntime] INPUT_EDGE raw=00,00,00,00,00 prev=00,00,00,00,00 matrix=0,0 physical=matrix-key edge=press mods=S0,A0,H0 printable=08 base=00 symbol=00 ui=inventory emitted=back action_char=0 shortcut=none
[I][AlphaRuntime] SYSTEM_MENU action=back accepted=1 open=0 gameplay_command=none
[I][AlphaRuntime] INPUT_EDGE raw=00,00,00,00,00 prev=00,00,00,00,00 matrix=0,0 physical=matrix-key edge=press mods=S0,A1,H0 printable=6d base=00 symbol=00 ui=explore emitted=system-menu action_char=0 shortcut=none
[I][AlphaSave] SD_HEAP operation=release-reserved-dma state=save-catalog free_internal=67108864 free_dma=67108864 largest_dma=67108864 largest_internal=67108864 requested_dma=8192
[I][AlphaSave] SD_HEAP operation=sd-window-open state=save-catalog free_internal=67108864 free_dma=67108864 largest_dma=67108864 largest_internal=67108864 requested_dma=512
[I][AlphaSave] SAVE_CATALOG slot1=cached slot2=empty slot3=empty staged=0 bytes=64 commit_us=85 verify_us=0 total_us=88
[I][AlphaSave] SD_HEAP operation=dma-reserve-restored state=save-catalog free_internal=67108864 free_dma=67108864 largest_dma=67108864 largest_internal=67108864 requested_dma=8192
[I][AlphaRuntime] SYSTEM_MENU action=toggle open=1 gameplay_command=none
[I][AlphaRuntime] INPUT_EDGE raw=00,00,00,00,00 prev=00,00,00,00,00 matrix=0,0 physical=matrix-key edge=press mods=S0,A0,H0 printable=08 base=00 symbol=00 ui=inventory emitted=back action_char=0 shortcut=none
[I][AlphaRuntime] SYSTEM_MENU action=back accepted=1 open=0 gameplay_command=none
[I][AlphaRuntime] INPUT_EDGE raw=00,00,00,00,00 prev=00,00,00,00,00 matrix=0,0 physical=matrix-key edge=press mods=S0,A1,H0 printable=6d base=00 symbol=00 ui=explore emitted=system-menu action_char=0 shortcut=none
[I][AlphaSave] SD_HEAP operation=release-reserved-dma state=save-catalog free_internal=67108864 free_dma=67108864 largest_dma=67108864 largest_internal=67108864 requested_dma=8192
[I][AlphaSave] SD_HEAP operation=sd-window-open state=save-catalog free_internal=67108864 free_dma=67108864 largest_dma=67108864 largest_internal=67108864 requested_dma=512
[I][AlphaSave] SAVE_CATALOG slot1=cached slot2=empty slot3=empty staged=0 bytes=64 commit_us=83 verify_us=0 total_us=93
[I][AlphaSave] SD_HEAP operation=dma-reserve-restored state=save-catalog free_internal=67108864 free_dma=67108864 largest_dma=67108864 largest_internal=67108864 requested_dma=8192
[I][AlphaRuntime] SYSTEM_MENU action=toggle open=1 gameplay_command=none
[I][AlphaRuntime] INPUT_EDGE raw=00,00,00,00,00 prev=00,00,00,00,00 matrix=0,0 physical=matrix-key edge=press mods=S0,A0,H0 printable=08 base=00 symbol=00 ui=inventory emitted=back action_char=0 shortcut=none
[I][AlphaRuntime] SYSTEM_MENU action=back accepted=1 open=0 gameplay_command=none
[I][AlphaRuntime] INPUT_EDGE raw=00,00,00,00,00 prev=00,00,00,00,00 matrix=0,0 physical=matrix-key edge=press mods=S0,A1,H0 printable=6d base=00 symbol=00 ui=explore emitted=system-menu action_char=0 shortcut=none
[I][AlphaSave] SD_HEAP operation=release-reserved-dma state=save-catalog free_internal=67108864 free_dma=67108864 largest_dma=67108864 largest_internal=67108864 requested_dma=8192
[I][AlphaSave] SD_HEAP operation=sd-window-open state=save-catalog free_internal=67108864 free_dma=67108864 largest_dma=67108864 largest_internal=67108864 requested_dma=512
[I][AlphaSave] SAVE_CATALOG slot1=cached slot2=empty slot3=empty staged=0 bytes=64 commit_us=83 verify_us=0 total_us=86
[I][AlphaSave] SD_HEAP operation=dma-reserve-restored state=save-catalog free_internal=67108864 free_dma=67108864 largest_dma=67108864 largest_internal=67108864 requested_dma=8192
[I][AlphaRuntime] SYSTEM_MENU action=toggle open=1 gameplay_command=none
[I][AlphaRuntime] INPUT_EDGE raw=00,00,00,00,00 prev=00,00,00,00,00 matrix=0,0 physical=matrix-key edge=press mods=S0,A0,H0 printable=08 base=00 symbol=00 ui=inventory emitted=back action_char=0 shortcut=none
[I][AlphaRuntime] SYSTEM_MENU action=back accepted=1 open=0 gameplay_command=none
[I][AlphaRuntime] INPUT_EDGE raw=00,00,00,00,00 prev=00,00,00,00,00 matrix=0,0 physical=matrix-key edge=press mods=S0,A1,H0 printable=6d base=00 symbol=00 ui=explore emitted=system-menu action_char=0 shortcut=none
[I][AlphaSave] SD_HEAP operation=release-reserved-dma state=save-catalog free_internal=67108864 free_dma=67108864 largest_dma=67108864 largest_internal=67108864 requested_dma=8192
[I][AlphaSave] SD_HEAP operation=sd-window-open state=save-catalog free_internal=67108864 free_dma=67108864 largest_dma=67108864 largest_internal=67108864 requested_dma=512
[I][AlphaSave] SAVE_CATALOG slot1=cached slot2=empty slot3=empty staged=0 bytes=64 commit_us=83 verify_us=0 total_us=87
[I][AlphaSave] SD_HEAP operation=dma-reserve-restored state=save-catalog free_internal=67108864 free_dma=67108864 largest_dma=67108864 largest_internal=67108864 requested_dma=8192
[I][AlphaRuntime] SYSTEM_MENU action=toggle open=1 gameplay_command=none
[I][AlphaRuntime] INPUT_EDGE raw=00,00,00,00,00 prev=00,00,00,00,00 matrix=0,0 physical=matrix-key edge=press mods=S0,A0,H0 printable=08 base=00 symbol=00 ui=inventory emitted=back action_char=0 shortcut=none
[I][AlphaRuntime] SYSTEM_MENU action=back accepted=1 open=0 gameplay_command=none
[I][AlphaRuntime] INPUT_EDGE raw=00,00,00,00,00 prev=00,00,00,00,00 matrix=0,0 physical=matrix-key edge=press mods=S0,A1,H0 printable=6d base=00 symbol=00 ui=explore emitted=system-menu action_char=0 shortcut=none
[I][AlphaSave] SD_HEAP operation=release-reserved-dma state=save-catalog free_internal=67108864 free_dma=67108864 largest_dma=67108864 largest_internal=67108864 requested_dma=8192
[I][AlphaSave] SD_HEAP operation=sd-window-open state=save-catalog free_internal=67108864 free_dma=67108864 largest_dma=67108864 largest_internal=67108864 requested_dma=512
[I][AlphaSave] SAVE_CATALOG slot1=cached slot2=empty slot3=empty staged=0 bytes=64 commit_us=90 verify_us=0 total_us=94
[I][AlphaSave] SD_HEAP operation=dma-reserve-restored state=save-catalog free_internal=67108864 free_dma=67108864 largest_dma=67108864 largest_internal=67108864 requested_dma=8192
[I][AlphaRuntime] SYSTEM_MENU action=toggle open=1 gameplay_command=none
[I][AlphaRuntime] INPUT_EDGE raw=00,00,00,00,00 prev=00,00,00,00,00 matrix=0,0 physical=matrix-key edge=press mods=S0,A0,H0 printable=08 base=00 symbol=00 ui=inventory emitted=back action_char=0 shortcut=none
[I][AlphaRuntime] SYSTEM_MENU action=back accepted=1 open=0 gameplay_command=none
[I][AlphaRuntime] INPUT_EDGE raw=00,00,00,00,00 prev=00,00,00,00,00 matrix=0,0 physical=matrix-key edge=press mods=S0,A1,H0 printable=6d base=00 symbol=00 ui=explore emitted=system-menu action_char=0 shortcut=none
[I][AlphaSave] SD_HEAP operation=release-reserved-dma state=save-catalog free_internal=67108864 free_dma=67108864 largest_dma=67108864 largest_internal=67108864 requested_dma=8192
[I][AlphaSave] SD_HEAP operation=sd-window-open state=save-catalog free_internal=67108864 free_dma=67108864 largest_dma=67108864 largest_internal=67108864 requested_dma=512
[I][AlphaSave] SAVE_CATALOG slot1=cached slot2=empty slot3=empty staged=0 bytes=64 commit_us=87 verify_us=0 total_us=91
[I][AlphaSave] SD_HEAP operation=dma-reserve-restored state=save-catalog free_internal=67108864 free_dma=67108864 largest_dma=67108864 largest_internal=67108864 requested_dma=8192
[I][AlphaRuntime] SYSTEM_MENU action=toggle open=1 gameplay_command=none
[I][AlphaRuntime] INPUT_EDGE raw=00,00,00,00,00 prev=00,00,00,00,00 matrix=0,0 physical=matrix-key edge=press mods=S0,A0,H0 printable=08 base=00 symbol=00 ui=inventory emitted=back action_char=0 shortcut=none
[I][AlphaRuntime] SYSTEM_MENU action=back accepted=1 open=0 gameplay_command=none
[I][AlphaRuntime] INPUT_EDGE raw=00,00,00,00,00 prev=00,00,00,00,00 matrix=0,0 physical=matrix-key edge=press mods=S0,A1,H0 printable=6d base=00 symbol=00 ui=explore emitted=system-menu action_char=0 shortcut=none
[I][AlphaSave] SD_HEAP operation=release-reserved-dma state=save-catalog free_internal=67108864 free_dma=67108864 largest_dma=67108864 largest_internal=67108864 requested_dma=8192
[I][AlphaSave] SD_HEAP operation=sd-window-open state=save-catalog free_internal=67108864 free_dma=67108864 largest_dma=67108864 largest_internal=67108864 requested_dma=512
[I][AlphaSave] SAVE_CATALOG slot1=cached slot2=empty slot3=empty staged=0 bytes=64 commit_us=83 verify_us=0 total_us=87
[I][AlphaSave] SD_HEAP operation=dma-reserve-restored state=save-catalog free_internal=67108864 free_dma=67108864 largest_dma=67108864 largest_internal=67108864 requested_dma=8192
[I][AlphaRuntime] SYSTEM_MENU action=toggle open=1 gameplay_command=none
[I][AlphaRuntime] INPUT_EDGE raw=00,00,00,00,00 prev=00,00,00,00,00 matrix=0,0 physical=matrix-key edge=press mods=S0,A0,H0 printable=08 base=00 symbol=00 ui=inventory emitted=back action_char=0 shortcut=none
[I][AlphaRuntime] SYSTEM_MENU action=back accepted=1 open=0 gameplay_command=none
[I][AlphaRuntime] INPUT_EDGE raw=00,00,00,00,00 prev=00,00,00,00,00 matrix=0,0 physical=matrix-key edge=press mods=S0,A1,H0 printable=6d base=00 symbol=00 ui=explore emitted=system-menu action_char=0 shortcut=none
[I][AlphaSave] SD_HEAP operation=release-reserved-dma state=save-catalog free_internal=67108864 free_dma=67108864 largest_dma=67108864 largest_internal=67108864 requested_dma=8192
[I][AlphaSave] SD_HEAP operation=sd-window-open state=save-catalog free_internal=67108864 free_dma=67108864 largest_dma=67108864 largest_internal=67108864 requested_dma=512
[I][AlphaSave] SAVE_CATALOG slot1=cached slot2=empty slot3=empty staged=0 bytes=64 commit_us=84 verify_us=0 total_us=87
[I][AlphaSave] SD_HEAP operation=dma-reserve-restored state=save-catalog free_internal=67108864 free_dma=67108864 largest_dma=67108864 largest_internal=67108864 requested_dma=8192
[I][AlphaRuntime] SYSTEM_MENU action=toggle open=1 gameplay_command=none
[I][AlphaRuntime] INPUT_EDGE raw=00,00,00,00,00 prev=00,00,00,00,00 matrix=0,0 physical=matrix-key edge=press mods=S0,A0,H0 printable=08 base=00 symbol=00 ui=inventory emitted=back action_char=0 shortcut=none
[I][AlphaRuntime] SYSTEM_MENU action=back accepted=1 open=0 gameplay_command=none
[I][AlphaRuntime] INPUT_EDGE raw=00,00,00,00,00 prev=00,00,00,00,00 matrix=0,0 physical=matrix-key edge=press mods=S0,A1,H0 printable=6d base=00 symbol=00 ui=explore emitted=system-menu action_char=0 shortcut=none
[I][AlphaSave] SD_HEAP operation=release-reserved-dma state=save-catalog free_internal=67108864 free_dma=67108864 largest_dma=67108864 largest_internal=67108864 requested_dma=8192
[I][AlphaSave] SD_HEAP operation=sd-window-open state=save-catalog free_internal=67108864 free_dma=67108864 largest_dma=67108864 largest_internal=67108864 requested_dma=512
[I][AlphaSave] SAVE_CATALOG slot1=cached slot2=empty slot3=empty staged=0 bytes=64 commit_us=85 verify_us=0 total_us=89
[I][AlphaSave] SD_HEAP operation=dma-reserve-restored state=save-catalog free_internal=67108864 free_dma=67108864 largest_dma=67108864 largest_internal=67108864 requested_dma=8192
[I][AlphaRuntime] SYSTEM_MENU action=toggle open=1 gameplay_command=none
[I][AlphaRuntime] INPUT_EDGE raw=00,00,00,00,00 prev=00,00,00,00,00 matrix=0,0 physical=matrix-key edge=press mods=S0,A0,H0 printable=08 base=00 symbol=00 ui=inventory emitted=back action_char=0 shortcut=none
[I][AlphaRuntime] SYSTEM_MENU action=back accepted=1 open=0 gameplay_command=none
[I][AlphaRuntime] INPUT_EDGE raw=00,00,00,00,00 prev=00,00,00,00,00 matrix=0,0 physical=matrix-key edge=press mods=S0,A1,H0 printable=6d base=00 symbol=00 ui=explore emitted=system-menu action_char=0 shortcut=none
[I][AlphaSave] SD_HEAP operation=release-reserved-dma state=save-catalog free_internal=67108864 free_dma=67108864 largest_dma=67108864 largest_internal=67108864 requested_dma=8192
[I][AlphaSave] SD_HEAP operation=sd-window-open state=save-catalog free_internal=67108864 free_dma=67108864 largest_dma=67108864 largest_internal=67108864 requested_dma=512
[I][AlphaSave] SAVE_CATALOG slot1=cached slot2=empty slot3=empty staged=0 bytes=64 commit_us=97 verify_us=0 total_us=101
[I][AlphaSave] SD_HEAP operation=dma-reserve-restored state=save-catalog free_internal=67108864 free_dma=67108864 largest_dma=67108864 largest_internal=67108864 requested_dma=8192
[I][AlphaRuntime] SYSTEM_MENU action=toggle open=1 gameplay_command=none
[I][AlphaRuntime] INPUT_EDGE raw=00,00,00,00,00 prev=00,00,00,00,00 matrix=0,0 physical=matrix-key edge=press mods=S0,A0,H0 printable=08 base=00 symbol=00 ui=inventory emitted=back action_char=0 shortcut=none
[I][AlphaRuntime] SYSTEM_MENU action=back accepted=1 open=0 gameplay_command=none
[I][AlphaRuntime] INPUT_EDGE raw=00,00,00,00,00 prev=00,00,00,00,00 matrix=0,0 physical=matrix-key edge=press mods=S0,A1,H0 printable=6d base=00 symbol=00 ui=explore emitted=system-menu action_char=0 shortcut=none
[I][AlphaSave] SD_HEAP operation=release-reserved-dma state=save-catalog free_internal=67108864 free_dma=67108864 largest_dma=67108864 largest_internal=67108864 requested_dma=8192
[I][AlphaSave] SD_HEAP operation=sd-window-open state=save-catalog free_internal=67108864 free_dma=67108864 largest_dma=67108864 largest_internal=67108864 requested_dma=512
[I][AlphaSave] SAVE_CATALOG slot1=cached slot2=empty slot3=empty staged=0 bytes=64 commit_us=84 verify_us=0 total_us=88
[I][AlphaSave] SD_HEAP operation=dma-reserve-restored state=save-catalog free_internal=67108864 free_dma=67108864 largest_dma=67108864 largest_internal=67108864 requested_dma=8192
[I][AlphaRuntime] SYSTEM_MENU action=toggle open=1 gameplay_command=none
[I][AlphaRuntime] INPUT_EDGE raw=00,00,00,00,00 prev=00,00,00,00,00 matrix=0,0 physical=matrix-key edge=press mods=S0,A0,H0 printable=08 base=00 symbol=00 ui=inventory emitted=back action_char=0 shortcut=none
[I][AlphaRuntime] SYSTEM_MENU action=back accepted=1 open=0 gameplay_command=none
[I][AlphaRuntime] INPUT_EDGE raw=00,00,00,00,00 prev=00,00,00,00,00 matrix=0,0 physical=matrix-key edge=press mods=S0,A1,H0 printable=6d base=00 symbol=00 ui=explore emitted=system-menu action_char=0 shortcut=none
[I][AlphaSave] SD_HEAP operation=release-reserved-dma state=save-catalog free_internal=67108864 free_dma=67108864 largest_dma=67108864 largest_internal=67108864 requested_dma=8192
[I][AlphaSave] SD_HEAP operation=sd-window-open state=save-catalog free_internal=67108864 free_dma=67108864 largest_dma=67108864 largest_internal=67108864 requested_dma=512
[I][AlphaSave] SAVE_CATALOG slot1=cached slot2=empty slot3=empty staged=0 bytes=64 commit_us=88 verify_us=0 total_us=103
[I][AlphaSave] SD_HEAP operation=dma-reserve-restored state=save-catalog free_internal=67108864 free_dma=67108864 largest_dma=67108864 largest_internal=67108864 requested_dma=8192
[I][AlphaRuntime] SYSTEM_MENU action=toggle open=1 gameplay_command=none
[I][AlphaRuntime] INPUT_EDGE raw=00,00,00,00,00 prev=00,00,00,00,00 matrix=0,0 physical=matrix-key edge=press mods=S0,A0,H0 printable=08 base=00 symbol=00 ui=inventory emitted=back action_char=0 shortcut=none
[I][AlphaRuntime] SYSTEM_MENU action=back accepted=1 open=0 gameplay_command=none
[I][AlphaRuntime] INPUT_EDGE raw=00,00,00,00,00 prev=00,00,00,00,00 matrix=0,0 physical=matrix-key edge=press mods=S0,A1,H0 printable=6d base=00 symbol=00 ui=explore emitted=system-menu action_char=0 shortcut=none
[I][AlphaSave] SD_HEAP operation=release-reserved-dma state=save-catalog free_internal=67108864 free_dma=67108864 largest_dma=67108864 largest_internal=67108864 requested_dma=8192
[I][AlphaSave] SD_HEAP operation=sd-window-open state=save-catalog free_internal=67108864 free_dma=67108864 largest_dma=67108864 largest_internal=67108864 requested_dma=512
[I][AlphaSave] SAVE_CATALOG slot1=cached slot2=empty slot3=empty staged=0 bytes=64 commit_us=83 verify_us=0 total_us=87
[I][AlphaSave] SD_HEAP operation=dma-reserve-restored state=save-catalog free_internal=67108864 free_dma=67108864 largest_dma=67108864 largest_internal=67108864 requested_dma=8192
[I][AlphaRuntime] SYSTEM_MENU action=toggle open=1 gameplay_command=none
[I][AlphaRuntime] INPUT_EDGE raw=00,00,00,00,00 prev=00,00,00,00,00 matrix=0,0 physical=matrix-key edge=press mods=S0,A0,H0 printable=08 base=00 symbol=00 ui=inventory emitted=back action_char=0 shortcut=none
[I][AlphaRuntime] SYSTEM_MENU action=back accepted=1 open=0 gameplay_command=none
[I][AlphaRuntime] INPUT_EDGE raw=00,00,00,00,00 prev=00,00,00,00,00 matrix=0,0 physical=matrix-key edge=press mods=S0,A1,H0 printable=6d base=00 symbol=00 ui=explore emitted=system-menu action_char=0 shortcut=none
[I][AlphaSave] SD_HEAP operation=release-reserved-dma state=save-catalog free_internal=67108864 free_dma=67108864 largest_dma=67108864 largest_internal=67108864 requested_dma=8192
[I][AlphaSave] SD_HEAP operation=sd-window-open state=save-catalog free_internal=67108864 free_dma=67108864 largest_dma=67108864 largest_internal=67108864 requested_dma=512
[I][AlphaSave] SAVE_CATALOG slot1=cached slot2=empty slot3=empty staged=0 bytes=64 commit_us=84 verify_us=0 total_us=87
[I][AlphaSave] SD_HEAP operation=dma-reserve-restored state=save-catalog free_internal=67108864 free_dma=67108864 largest_dma=67108864 largest_internal=67108864 requested_dma=8192
[I][AlphaRuntime] SYSTEM_MENU action=toggle open=1 gameplay_command=none
[I][AlphaRuntime] INPUT_EDGE raw=00,00,00,00,00 prev=00,00,00,00,00 matrix=0,0 physical=matrix-key edge=press mods=S0,A0,H0 printable=08 base=00 symbol=00 ui=inventory emitted=back action_char=0 shortcut=none
[I][AlphaRuntime] SYSTEM_MENU action=back accepted=1 open=0 gameplay_command=none
[I][AlphaRuntime] INPUT_EDGE raw=00,00,00,00,00 prev=00,00,00,00,00 matrix=0,0 physical=matrix-key edge=press mods=S0,A1,H0 printable=6d base=00 symbol=00 ui=explore emitted=system-menu action_char=0 shortcut=none
[I][AlphaSave] SD_HEAP operation=release-reserved-dma state=save-catalog free_internal=67108864 free_dma=67108864 largest_dma=67108864 largest_internal=67108864 requested_dma=8192
[I][AlphaSave] SD_HEAP operation=sd-window-open state=save-catalog free_internal=67108864 free_dma=67108864 largest_dma=67108864 largest_internal=67108864 requested_dma=512
[I][AlphaSave] SAVE_CATALOG slot1=cached slot2=empty slot3=empty staged=0 bytes=64 commit_us=82 verify_us=0 total_us=86
[I][AlphaSave] SD_HEAP operation=dma-reserve-restored state=save-catalog free_internal=67108864 free_dma=67108864 largest_dma=67108864 largest_internal=67108864 requested_dma=8192
[I][AlphaRuntime] SYSTEM_MENU action=toggle open=1 gameplay_command=none
[I][AlphaRuntime] INPUT_EDGE raw=00,00,00,00,00 prev=00,00,00,00,00 matrix=0,0 physical=matrix-key edge=press mods=S0,A0,H0 printable=08 base=00 symbol=00 ui=inventory emitted=back action_char=0 shortcut=none
[I][AlphaRuntime] SYSTEM_MENU action=back accepted=1 open=0 gameplay_command=none
[I][AlphaRuntime] INPUT_EDGE raw=00,00,00,00,00 prev=00,00,00,00,00 matrix=0,0 physical=matrix-key edge=press mods=S0,A1,H0 printable=6d base=00 symbol=00 ui=explore emitted=system-menu action_char=0 shortcut=none
[I][AlphaSave] SD_HEAP operation=release-reserved-dma state=save-catalog free_internal=67108864 free_dma=67108864 largest_dma=67108864 largest_internal=67108864 requested_dma=8192
[I][AlphaSave] SD_HEAP operation=sd-window-open state=save-catalog free_internal=67108864 free_dma=67108864 largest_dma=67108864 largest_internal=67108864 requested_dma=512
[I][AlphaSave] SAVE_CATALOG slot1=cached slot2=empty slot3=empty staged=0 bytes=64 commit_us=83 verify_us=0 total_us=87
[I][AlphaSave] SD_HEAP operation=dma-reserve-restored state=save-catalog free_internal=67108864 free_dma=67108864 largest_dma=67108864 largest_internal=67108864 requested_dma=8192
[I][AlphaRuntime] SYSTEM_MENU action=toggle open=1 gameplay_command=none
[I][AlphaRuntime] INPUT_EDGE raw=00,00,00,00,00 prev=00,00,00,00,00 matrix=0,0 physical=matrix-key edge=press mods=S0,A0,H0 printable=08 base=00 symbol=00 ui=inventory emitted=back action_char=0 shortcut=none
[I][AlphaRuntime] SYSTEM_MENU action=back accepted=1 open=0 gameplay_command=none
[I][AlphaRuntime] INPUT_EDGE raw=00,00,00,00,00 prev=00,00,00,00,00 matrix=0,0 physical=matrix-key edge=press mods=S0,A1,H0 printable=6d base=00 symbol=00 ui=explore emitted=system-menu action_char=0 shortcut=none
[I][AlphaSave] SD_HEAP operation=release-reserved-dma state=save-catalog free_internal=67108864 free_dma=67108864 largest_dma=67108864 largest_internal=67108864 requested_dma=8192
[I][AlphaSave] SD_HEAP operation=sd-window-open state=save-catalog free_internal=67108864 free_dma=67108864 largest_dma=67108864 largest_internal=67108864 requested_dma=512
[I][AlphaSave] SAVE_CATALOG slot1=cached slot2=empty slot3=empty staged=0 bytes=64 commit_us=83 verify_us=0 total_us=87
[I][AlphaSave] SD_HEAP operation=dma-reserve-restored state=save-catalog free_internal=67108864 free_dma=67108864 largest_dma=67108864 largest_internal=67108864 requested_dma=8192
[I][AlphaRuntime] SYSTEM_MENU action=toggle open=1 gameplay_command=none
[I][AlphaRuntime] INPUT_EDGE raw=00,00,00,00,00 prev=00,00,00,00,00 matrix=0,0 physical=matrix-key edge=press mods=S0,A0,H0 printable=08 base=00 symbol=00 ui=inventory emitted=back action_char=0 shortcut=none
[I][AlphaRuntime] SYSTEM_MENU action=back accepted=1 open=0 gameplay_command=none
[I][AlphaRuntime] INPUT_EDGE raw=00,00,00,00,00 prev=00,00,00,00,00 matrix=0,0 physical=matrix-key edge=press mods=S0,A1,H0 printable=6d base=00 symbol=00 ui=explore emitted=system-menu action_char=0 shortcut=none
[I][AlphaSave] SD_HEAP operation=release-reserved-dma state=save-catalog free_internal=67108864 free_dma=67108864 largest_dma=67108864 largest_internal=67108864 requested_dma=8192
[I][AlphaSave] SD_HEAP operation=sd-window-open state=save-catalog free_internal=67108864 free_dma=67108864 largest_dma=67108864 largest_internal=67108864 requested_dma=512
[I][AlphaSave] SAVE_CATALOG slot1=cached slot2=empty slot3=empty staged=0 bytes=64 commit_us=139 verify_us=0 total_us=143
[I][AlphaSave] SD_HEAP operation=dma-reserve-restored state=save-catalog free_internal=67108864 free_dma=67108864 largest_dma=67108864 largest_internal=67108864 requested_dma=8192
[I][AlphaRuntime] SYSTEM_MENU action=toggle open=1 gameplay_command=none
[I][AlphaRuntime] INPUT_EDGE raw=00,00,00,00,00 prev=00,00,00,00,00 matrix=0,0 physical=matrix-key edge=press mods=S0,A0,H0 printable=08 base=00 symbol=00 ui=inventory emitted=back action_char=0 shortcut=none
[I][AlphaRuntime] SYSTEM_MENU action=back accepted=1 open=0 gameplay_command=none
[I][AlphaRuntime] INPUT_EDGE raw=00,00,00,00,00 prev=00,00,00,00,00 matrix=0,0 physical=matrix-key edge=press mods=S0,A1,H0 printable=6d base=00 symbol=00 ui=explore emitted=system-menu action_char=0 shortcut=none
[I][AlphaSave] SD_HEAP operation=release-reserved-dma state=save-catalog free_internal=67108864 free_dma=67108864 largest_dma=67108864 largest_internal=67108864 requested_dma=8192
[I][AlphaSave] SD_HEAP operation=sd-window-open state=save-catalog free_internal=67108864 free_dma=67108864 largest_dma=67108864 largest_internal=67108864 requested_dma=512
[I][AlphaSave] SAVE_CATALOG slot1=cached slot2=empty slot3=empty staged=0 bytes=64 commit_us=85 verify_us=0 total_us=89
[I][AlphaSave] SD_HEAP operation=dma-reserve-restored state=save-catalog free_internal=67108864 free_dma=67108864 largest_dma=67108864 largest_internal=67108864 requested_dma=8192
[I][AlphaRuntime] SYSTEM_MENU action=toggle open=1 gameplay_command=none
[I][AlphaRuntime] INPUT_EDGE raw=00,00,00,00,00 prev=00,00,00,00,00 matrix=0,0 physical=matrix-key edge=press mods=S0,A0,H0 printable=08 base=00 symbol=00 ui=inventory emitted=back action_char=0 shortcut=none
[I][AlphaRuntime] SYSTEM_MENU action=back accepted=1 open=0 gameplay_command=none
[I][AlphaRuntime] INPUT_EDGE raw=00,00,00,00,00 prev=00,00,00,00,00 matrix=0,0 physical=matrix-key edge=press mods=S0,A1,H0 printable=6d base=00 symbol=00 ui=explore emitted=system-menu action_char=0 shortcut=none
[I][AlphaSave] SD_HEAP operation=release-reserved-dma state=save-catalog free_internal=67108864 free_dma=67108864 largest_dma=67108864 largest_internal=67108864 requested_dma=8192
[I][AlphaSave] SD_HEAP operation=sd-window-open state=save-catalog free_internal=67108864 free_dma=67108864 largest_dma=67108864 largest_internal=67108864 requested_dma=512
[I][AlphaSave] SAVE_CATALOG slot1=cached slot2=empty slot3=empty staged=0 bytes=64 commit_us=84 verify_us=0 total_us=87
[I][AlphaSave] SD_HEAP operation=dma-reserve-restored state=save-catalog free_internal=67108864 free_dma=67108864 largest_dma=67108864 largest_internal=67108864 requested_dma=8192
[I][AlphaRuntime] SYSTEM_MENU action=toggle open=1 gameplay_command=none
[I][AlphaRuntime] INPUT_EDGE raw=00,00,00,00,00 prev=00,00,00,00,00 matrix=0,0 physical=matrix-key edge=press mods=S0,A0,H0 printable=08 base=00 symbol=00 ui=inventory emitted=back action_char=0 shortcut=none
[I][AlphaRuntime] SYSTEM_MENU action=back accepted=1 open=0 gameplay_command=none
[I][AlphaRuntime] INPUT_EDGE raw=00,00,00,00,00 prev=00,00,00,00,00 matrix=0,0 physical=matrix-key edge=press mods=S0,A1,H0 printable=6d base=00 symbol=00 ui=explore emitted=system-menu action_char=0 shortcut=none
[I][AlphaSave] SD_HEAP operation=release-reserved-dma state=save-catalog free_internal=67108864 free_dma=67108864 largest_dma=67108864 largest_internal=67108864 requested_dma=8192
[I][AlphaSave] SD_HEAP operation=sd-window-open state=save-catalog free_internal=67108864 free_dma=67108864 largest_dma=67108864 largest_internal=67108864 requested_dma=512
[I][AlphaSave] SAVE_CATALOG slot1=cached slot2=empty slot3=empty staged=0 bytes=64 commit_us=84 verify_us=0 total_us=87
[I][AlphaSave] SD_HEAP operation=dma-reserve-restored state=save-catalog free_internal=67108864 free_dma=67108864 largest_dma=67108864 largest_internal=67108864 requested_dma=8192
[I][AlphaRuntime] SYSTEM_MENU action=toggle open=1 gameplay_command=none
[I][AlphaRuntime] INPUT_EDGE raw=00,00,00,00,00 prev=00,00,00,00,00 matrix=0,0 physical=matrix-key edge=press mods=S0,A0,H0 printable=08 base=00 symbol=00 ui=inventory emitted=back action_char=0 shortcut=none
[I][AlphaRuntime] SYSTEM_MENU action=back accepted=1 open=0 gameplay_command=none
[I][AlphaRuntime] INPUT_EDGE raw=00,00,00,00,00 prev=00,00,00,00,00 matrix=0,0 physical=matrix-key edge=press mods=S0,A1,H0 printable=6d base=00 symbol=00 ui=explore emitted=system-menu action_char=0 shortcut=none
[I][AlphaSave] SD_HEAP operation=release-reserved-dma state=save-catalog free_internal=67108864 free_dma=67108864 largest_dma=67108864 largest_internal=67108864 requested_dma=8192
[I][AlphaSave] SD_HEAP operation=sd-window-open state=save-catalog free_internal=67108864 free_dma=67108864 largest_dma=67108864 largest_internal=67108864 requested_dma=512
[I][AlphaSave] SAVE_CATALOG slot1=cached slot2=empty slot3=empty staged=0 bytes=64 commit_us=89 verify_us=0 total_us=100
[I][AlphaSave] SD_HEAP operation=dma-reserve-restored state=save-catalog free_internal=67108864 free_dma=67108864 largest_dma=67108864 largest_internal=67108864 requested_dma=8192
[I][AlphaRuntime] SYSTEM_MENU action=toggle open=1 gameplay_command=none
[I][AlphaRuntime] INPUT_EDGE raw=00,00,00,00,00 prev=00,00,00,00,00 matrix=0,0 physical=matrix-key edge=press mods=S0,A0,H0 printable=08 base=00 symbol=00 ui=inventory emitted=back action_char=0 shortcut=none
[I][AlphaRuntime] SYSTEM_MENU action=back accepted=1 open=0 gameplay_command=none
[I][AlphaRuntime] INPUT_EDGE raw=00,00,00,00,00 prev=00,00,00,00,00 matrix=0,0 physical=matrix-key edge=press mods=S0,A1,H0 printable=6d base=00 symbol=00 ui=explore emitted=system-menu action_char=0 shortcut=none
[I][AlphaSave] SD_HEAP operation=release-reserved-dma state=save-catalog free_internal=67108864 free_dma=67108864 largest_dma=67108864 largest_internal=67108864 requested_dma=8192
[I][AlphaSave] SD_HEAP operation=sd-window-open state=save-catalog free_internal=67108864 free_dma=67108864 largest_dma=67108864 largest_internal=67108864 requested_dma=512
[I][AlphaSave] SAVE_CATALOG slot1=cached slot2=empty slot3=empty staged=0 bytes=64 commit_us=82 verify_us=0 total_us=86
[I][AlphaSave] SD_HEAP operation=dma-reserve-restored state=save-catalog free_internal=67108864 free_dma=67108864 largest_dma=67108864 largest_internal=67108864 requested_dma=8192
[I][AlphaRuntime] SYSTEM_MENU action=toggle open=1 gameplay_command=none
[I][AlphaRuntime] INPUT_EDGE raw=00,00,00,00,00 prev=00,00,00,00,00 matrix=0,0 physical=matrix-key edge=press mods=S0,A0,H0 printable=08 base=00 symbol=00 ui=inventory emitted=back action_char=0 shortcut=none
[I][AlphaRuntime] SYSTEM_MENU action=back accepted=1 open=0 gameplay_command=none
[I][AlphaRuntime] INPUT_EDGE raw=00,00,00,00,00 prev=00,00,00,00,00 matrix=0,0 physical=matrix-key edge=press mods=S0,A1,H0 printable=6d base=00 symbol=00 ui=explore emitted=system-menu action_char=0 shortcut=none
[I][AlphaSave] SD_HEAP operation=release-reserved-dma state=save-catalog free_internal=67108864 free_dma=67108864 largest_dma=67108864 largest_internal=67108864 requested_dma=8192
[I][AlphaSave] SD_HEAP operation=sd-window-open state=save-catalog free_internal=67108864 free_dma=67108864 largest_dma=67108864 largest_internal=67108864 requested_dma=512
[I][AlphaSave] SAVE_CATALOG slot1=cached slot2=empty slot3=empty staged=0 bytes=64 commit_us=82 verify_us=0 total_us=87
[I][AlphaSave] SD_HEAP operation=dma-reserve-restored state=save-catalog free_internal=67108864 free_dma=67108864 largest_dma=67108864 largest_internal=67108864 requested_dma=8192
[I][AlphaRuntime] SYSTEM_MENU action=toggle open=1 gameplay_command=none
[I][AlphaRuntime] INPUT_EDGE raw=00,00,00,00,00 prev=00,00,00,00,00 matrix=0,0 physical=matrix-key edge=press mods=S0,A0,H0 printable=08 base=00 symbol=00 ui=inventory emitted=back action_char=0 shortcut=none
[I][AlphaRuntime] SYSTEM_MENU action=back accepted=1 open=0 gameplay_command=none
[I][AlphaRuntime] INPUT_EDGE raw=00,00,00,00,00 prev=00,00,00,00,00 matrix=0,0 physical=matrix-key edge=press mods=S0,A1,H0 printable=6d base=00 symbol=00 ui=explore emitted=system-menu action_char=0 shortcut=none
[I][AlphaSave] SD_HEAP operation=release-reserved-dma state=save-catalog free_internal=67108864 free_dma=67108864 largest_dma=67108864 largest_internal=67108864 requested_dma=8192
[I][AlphaSave] SD_HEAP operation=sd-window-open state=save-catalog free_internal=67108864 free_dma=67108864 largest_dma=67108864 largest_internal=67108864 requested_dma=512
[I][AlphaSave] SAVE_CATALOG slot1=cached slot2=empty slot3=empty staged=0 bytes=64 commit_us=83 verify_us=0 total_us=87
[I][AlphaSave] SD_HEAP operation=dma-reserve-restored state=save-catalog free_internal=67108864 free_dma=67108864 largest_dma=67108864 largest_internal=67108864 requested_dma=8192
[I][AlphaRuntime] SYSTEM_MENU action=toggle open=1 gameplay_command=none
[I][AlphaRuntime] INPUT_EDGE raw=00,00,00,00,00 prev=00,00,00,00,00 matrix=0,0 physical=matrix-key edge=press mods=S0,A0,H0 printable=08 base=00 symbol=00 ui=inventory emitted=back action_char=0 shortcut=none
[I][AlphaRuntime] SYSTEM_MENU action=back accepted=1 open=0 gameplay_command=none
[I][AlphaRuntime] INPUT_EDGE raw=00,00,00,00,00 prev=00,00,00,00,00 matrix=0,0 physical=matrix-key edge=press mods=S0,A1,H0 printable=6d base=00 symbol=00 ui=explore emitted=system-menu action_char=0 shortcut=none
[I][AlphaSave] SD_HEAP operation=release-reserved-dma state=save-catalog free_internal=67108864 free_dma=67108864 largest_dma=67108864 largest_internal=67108864 requested_dma=8192
[I][AlphaSave] SD_HEAP operation=sd-window-open state=save-catalog free_internal=67108864 free_dma=67108864 largest_dma=67108864 largest_internal=67108864 requested_dma=512
[I][AlphaSave] SAVE_CATALOG slot1=cached slot2=empty slot3=empty staged=0 bytes=64 commit_us=83 verify_us=0 total_us=86
[I][AlphaSave] SD_HEAP operation=dma-reserve-restored state=save-catalog free_internal=67108864 free_dma=67108864 largest_dma=67108864 largest_internal=67108864 requested_dma=8192
[I][AlphaRuntime] SYSTEM_MENU action=toggle open=1 gameplay_command=none
[I][AlphaRuntime] INPUT_EDGE raw=00,00,00,00,00 prev=00,00,00,00,00 matrix=0,0 physical=matrix-key edge=press mods=S0,A0,H0 printable=08 base=00 symbol=00 ui=inventory emitted=back action_char=0 shortcut=none
[I][AlphaRuntime] SYSTEM_MENU action=back accepted=1 open=0 gameplay_command=none
[I][AlphaRuntime] INPUT_EDGE raw=00,00,00,00,00 prev=00,00,00,00,00 matrix=0,0 physical=matrix-key edge=press mods=S0,A1,H0 printable=6d base=00 symbol=00 ui=explore emitted=system-menu action_char=0 shortcut=none
[I][AlphaSave] SD_HEAP operation=release-reserved-dma state=save-catalog free_internal=67108864 free_dma=67108864 largest_dma=67108864 largest_internal=67108864 requested_dma=8192
[I][AlphaSave] SD_HEAP operation=sd-window-open state=save-catalog free_internal=67108864 free_dma=67108864 largest_dma=67108864 largest_internal=67108864 requested_dma=512
[I][AlphaSave] SAVE_CATALOG slot1=cached slot2=empty slot3=empty staged=0 bytes=64 commit_us=81 verify_us=0 total_us=84
[I][AlphaSave] SD_HEAP operation=dma-reserve-restored state=save-catalog free_internal=67108864 free_dma=67108864 largest_dma=67108864 largest_internal=67108864 requested_dma=8192
[I][AlphaRuntime] SYSTEM_MENU action=toggle open=1 gameplay_command=none
[I][AlphaRuntime] INPUT_EDGE raw=00,00,00,00,00 prev=00,00,00,00,00 matrix=0,0 physical=matrix-key edge=press mods=S0,A0,H0 printable=08 base=00 symbol=00 ui=inventory emitted=back action_char=0 shortcut=none
[I][AlphaRuntime] SYSTEM_MENU action=back accepted=1 open=0 gameplay_command=none
[I][AlphaRuntime] INPUT_EDGE raw=00,00,00,00,00 prev=00,00,00,00,00 matrix=0,0 physical=matrix-key edge=press mods=S0,A1,H0 printable=6d base=00 symbol=00 ui=explore emitted=system-menu action_char=0 shortcut=none
[I][AlphaSave] SD_HEAP operation=release-reserved-dma state=save-catalog free_internal=67108864 free_dma=67108864 largest_dma=67108864 largest_internal=67108864 requested_dma=8192
[I][AlphaSave] SD_HEAP operation=sd-window-open state=save-catalog free_internal=67108864 free_dma=67108864 largest_dma=67108864 largest_internal=67108864 requested_dma=512
[I][AlphaSave] SAVE_CATALOG slot1=cached slot2=empty slot3=empty staged=0 bytes=64 commit_us=83 verify_us=0 total_us=88
[I][AlphaSave] SD_HEAP operation=dma-reserve-restored state=save-catalog free_internal=67108864 free_dma=67108864 largest_dma=67108864 largest_internal=67108864 requested_dma=8192
[I][AlphaRuntime] SYSTEM_MENU action=toggle open=1 gameplay_command=none
[I][AlphaRuntime] INPUT_EDGE raw=00,00,00,00,00 prev=00,00,00,00,00 matrix=0,0 physical=matrix-key edge=press mods=S0,A0,H0 printable=08 base=00 symbol=00 ui=inventory emitted=back action_char=0 shortcut=none
[I][AlphaRuntime] SYSTEM_MENU action=back accepted=1 open=0 gameplay_command=none
[I][AlphaRuntime] INPUT_EDGE raw=00,00,00,00,00 prev=00,00,00,00,00 matrix=0,0 physical=matrix-key edge=press mods=S0,A1,H0 printable=6d base=00 symbol=00 ui=explore emitted=system-menu action_char=0 shortcut=none
[I][AlphaSave] SD_HEAP operation=release-reserved-dma state=save-catalog free_internal=67108864 free_dma=67108864 largest_dma=67108864 largest_internal=67108864 requested_dma=8192
[I][AlphaSave] SD_HEAP operation=sd-window-open state=save-catalog free_internal=67108864 free_dma=67108864 largest_dma=67108864 largest_internal=67108864 requested_dma=512
[I][AlphaSave] SAVE_CATALOG slot1=cached slot2=empty slot3=empty staged=0 bytes=64 commit_us=86 verify_us=0 total_us=89
[I][AlphaSave] SD_HEAP operation=dma-reserve-restored state=save-catalog free_internal=67108864 free_dma=67108864 largest_dma=67108864 largest_internal=67108864 requested_dma=8192
[I][AlphaRuntime] SYSTEM_MENU action=toggle open=1 gameplay_command=none
[I][AlphaRuntime] INPUT_EDGE raw=00,00,00,00,00 prev=00,00,00,00,00 matrix=0,0 physical=matrix-key edge=press mods=S0,A0,H0 printable=08 base=00 symbol=00 ui=inventory emitted=back action_char=0 shortcut=none
[I][AlphaRuntime] SYSTEM_MENU action=back accepted=1 open=0 gameplay_command=none
[I][AlphaRuntime] INPUT_EDGE raw=00,00,00,00,00 prev=00,00,00,00,00 matrix=0,0 physical=matrix-key edge=press mods=S0,A1,H0 printable=6d base=00 symbol=00 ui=explore emitted=system-menu action_char=0 shortcut=none
[I][AlphaSave] SD_HEAP operation=release-reserved-dma state=save-catalog free_internal=67108864 free_dma=67108864 largest_dma=67108864 largest_internal=67108864 requested_dma=8192
[I][AlphaSave] SD_HEAP operation=sd-window-open state=save-catalog free_internal=67108864 free_dma=67108864 largest_dma=67108864 largest_internal=67108864 requested_dma=512
[I][AlphaSave] SAVE_CATALOG slot1=cached slot2=empty slot3=empty staged=0 bytes=64 commit_us=85 verify_us=0 total_us=90
[I][AlphaSave] SD_HEAP operation=dma-reserve-restored state=save-catalog free_internal=67108864 free_dma=67108864 largest_dma=67108864 largest_internal=67108864 requested_dma=8192
[I][AlphaRuntime] SYSTEM_MENU action=toggle open=1 gameplay_command=none
[I][AlphaRuntime] INPUT_EDGE raw=00,00,00,00,00 prev=00,00,00,00,00 matrix=0,0 physical=matrix-key edge=press mods=S0,A0,H0 printable=08 base=00 symbol=00 ui=inventory emitted=back action_char=0 shortcut=none
[I][AlphaRuntime] SYSTEM_MENU action=back accepted=1 open=0 gameplay_command=none
[I][AlphaRuntime] INPUT_EDGE raw=00,00,00,00,00 prev=00,00,00,00,00 matrix=0,0 physical=matrix-key edge=press mods=S0,A1,H0 printable=6d base=00 symbol=00 ui=explore emitted=system-menu action_char=0 shortcut=none
[I][AlphaSave] SD_HEAP operation=release-reserved-dma state=save-catalog free_internal=67108864 free_dma=67108864 largest_dma=67108864 largest_internal=67108864 requested_dma=8192
[I][AlphaSave] SD_HEAP operation=sd-window-open state=save-catalog free_internal=67108864 free_dma=67108864 largest_dma=67108864 largest_internal=67108864 requested_dma=512
[I][AlphaSave] SAVE_CATALOG slot1=cached slot2=empty slot3=empty staged=0 bytes=64 commit_us=82 verify_us=0 total_us=86
[I][AlphaSave] SD_HEAP operation=dma-reserve-restored state=save-catalog free_internal=67108864 free_dma=67108864 largest_dma=67108864 largest_internal=67108864 requested_dma=8192
[I][AlphaRuntime] SYSTEM_MENU action=toggle open=1 gameplay_command=none
[I][AlphaRuntime] INPUT_EDGE raw=00,00,00,00,00 prev=00,00,00,00,00 matrix=0,0 physical=matrix-key edge=press mods=S0,A0,H0 printable=08 base=00 symbol=00 ui=inventory emitted=back action_char=0 shortcut=none
[I][AlphaRuntime] SYSTEM_MENU action=back accepted=1 open=0 gameplay_command=none
[I][AlphaRuntime] INPUT_EDGE raw=00,00,00,00,00 prev=00,00,00,00,00 matrix=0,0 physical=matrix-key edge=press mods=S0,A1,H0 printable=6d base=00 symbol=00 ui=explore emitted=system-menu action_char=0 shortcut=none
[I][AlphaSave] SD_HEAP operation=release-reserved-dma state=save-catalog free_internal=67108864 free_dma=67108864 largest_dma=67108864 largest_internal=67108864 requested_dma=8192
[I][AlphaSave] SD_HEAP operation=sd-window-open state=save-catalog free_internal=67108864 free_dma=67108864 largest_dma=67108864 largest_internal=67108864 requested_dma=512
[I][AlphaSave] SAVE_CATALOG slot1=cached slot2=empty slot3=empty staged=0 bytes=64 commit_us=85 verify_us=0 total_us=95
[I][AlphaSave] SD_HEAP operation=dma-reserve-restored state=save-catalog free_internal=67108864 free_dma=67108864 largest_dma=67108864 largest_internal=67108864 requested_dma=8192
[I][AlphaRuntime] SYSTEM_MENU action=toggle open=1 gameplay_command=none
[I][AlphaRuntime] INPUT_EDGE raw=00,00,00,00,00 prev=00,00,00,00,00 matrix=0,0 physical=matrix-key edge=press mods=S0,A0,H0 printable=08 base=00 symbol=00 ui=inventory emitted=back action_char=0 shortcut=none
[I][AlphaRuntime] SYSTEM_MENU action=back accepted=1 open=0 gameplay_command=none
[I][AlphaRuntime] INPUT_EDGE raw=00,00,00,00,00 prev=00,00,00,00,00 matrix=0,0 physical=matrix-key edge=press mods=S0,A1,H0 printable=6d base=00 symbol=00 ui=explore emitted=system-menu action_char=0 shortcut=none
[I][AlphaSave] SD_HEAP operation=release-reserved-dma state=save-catalog free_internal=67108864 free_dma=67108864 largest_dma=67108864 largest_internal=67108864 requested_dma=8192
[I][AlphaSave] SD_HEAP operation=sd-window-open state=save-catalog free_internal=67108864 free_dma=67108864 largest_dma=67108864 largest_internal=67108864 requested_dma=512
[I][AlphaSave] SAVE_CATALOG slot1=cached slot2=empty slot3=empty staged=0 bytes=64 commit_us=86 verify_us=0 total_us=90
[I][AlphaSave] SD_HEAP operation=dma-reserve-restored state=save-catalog free_internal=67108864 free_dma=67108864 largest_dma=67108864 largest_internal=67108864 requested_dma=8192
[I][AlphaRuntime] SYSTEM_MENU action=toggle open=1 gameplay_command=none
[I][AlphaRuntime] INPUT_EDGE raw=00,00,00,00,00 prev=00,00,00,00,00 matrix=0,0 physical=matrix-key edge=press mods=S0,A0,H0 printable=08 base=00 symbol=00 ui=inventory emitted=back action_char=0 shortcut=none
[I][AlphaRuntime] SYSTEM_MENU action=back accepted=1 open=0 gameplay_command=none
[I][AlphaRuntime] INPUT_EDGE raw=00,00,00,00,00 prev=00,00,00,00,00 matrix=0,0 physical=matrix-key edge=press mods=S0,A1,H0 printable=6d base=00 symbol=00 ui=explore emitted=system-menu action_char=0 shortcut=none
[I][AlphaSave] SD_HEAP operation=release-reserved-dma state=save-catalog free_internal=67108864 free_dma=67108864 largest_dma=67108864 largest_internal=67108864 requested_dma=8192
[I][AlphaSave] SD_HEAP operation=sd-window-open state=save-catalog free_internal=67108864 free_dma=67108864 largest_dma=67108864 largest_internal=67108864 requested_dma=512
[I][AlphaSave] SAVE_CATALOG slot1=cached slot2=empty slot3=empty staged=0 bytes=64 commit_us=84 verify_us=0 total_us=87
[I][AlphaSave] SD_HEAP operation=dma-reserve-restored state=save-catalog free_internal=67108864 free_dma=67108864 largest_dma=67108864 largest_internal=67108864 requested_dma=8192
[I][AlphaRuntime] SYSTEM_MENU action=toggle open=1 gameplay_command=none
[I][AlphaRuntime] INPUT_EDGE raw=00,00,00,00,00 prev=00,00,00,00,00 matrix=0,0 physical=matrix-key edge=press mods=S0,A0,H0 printable=08 base=00 symbol=00 ui=inventory emitted=back action_char=0 shortcut=none
[I][AlphaRuntime] SYSTEM_MENU action=back accepted=1 open=0 gameplay_command=none
[I][AlphaRuntime] INPUT_EDGE raw=00,00,00,00,00 prev=00,00,00,00,00 matrix=0,0 physical=matrix-key edge=press mods=S0,A1,H0 printable=6d base=00 symbol=00 ui=explore emitted=system-menu action_char=0 shortcut=none
[I][AlphaSave] SD_HEAP operation=release-reserved-dma state=save-catalog free_internal=67108864 free_dma=67108864 largest_dma=67108864 largest_internal=67108864 requested_dma=8192
[I][AlphaSave] SD_HEAP operation=sd-window-open state=save-catalog free_internal=67108864 free_dma=67108864 largest_dma=67108864 largest_internal=67108864 requested_dma=512
[I][AlphaSave] SAVE_CATALOG slot1=cached slot2=empty slot3=empty staged=0 bytes=64 commit_us=84 verify_us=0 total_us=88
[I][AlphaSave] SD_HEAP operation=dma-reserve-restored state=save-catalog free_internal=67108864 free_dma=67108864 largest_dma=67108864 largest_internal=67108864 requested_dma=8192
[I][AlphaRuntime] SYSTEM_MENU action=toggle open=1 gameplay_command=none
[I][AlphaRuntime] INPUT_EDGE raw=00,00,00,00,00 prev=00,00,00,00,00 matrix=0,0 physical=matrix-key edge=press mods=S0,A0,H0 printable=08 base=00 symbol=00 ui=inventory emitted=back action_char=0 shortcut=none
[I][AlphaRuntime] SYSTEM_MENU action=back accepted=1 open=0 gameplay_command=none
[I][AlphaRuntime] INPUT_EDGE raw=00,00,00,00,00 prev=00,00,00,00,00 matrix=0,0 physical=matrix-key edge=press mods=S0,A1,H0 printable=6d base=00 symbol=00 ui=explore emitted=system-menu action_char=0 shortcut=none
[I][AlphaSave] SD_HEAP operation=release-reserved-dma state=save-catalog free_internal=67108864 free_dma=67108864 largest_dma=67108864 largest_internal=67108864 requested_dma=8192
[I][AlphaSave] SD_HEAP operation=sd-window-open state=save-catalog free_internal=67108864 free_dma=67108864 largest_dma=67108864 largest_internal=67108864 requested_dma=512
[I][AlphaSave] SAVE_CATALOG slot1=cached slot2=empty slot3=empty staged=0 bytes=64 commit_us=84 verify_us=0 total_us=88
[I][AlphaSave] SD_HEAP operation=dma-reserve-restored state=save-catalog free_internal=67108864 free_dma=67108864 largest_dma=67108864 largest_internal=67108864 requested_dma=8192
[I][AlphaRuntime] SYSTEM_MENU action=toggle open=1 gameplay_command=none
[I][AlphaRuntime] INPUT_EDGE raw=00,00,00,00,00 prev=00,00,00,00,00 matrix=0,0 physical=matrix-key edge=press mods=S0,A0,H0 printable=08 base=00 symbol=00 ui=inventory emitted=back action_char=0 shortcut=none
[I][AlphaRuntime] SYSTEM_MENU action=back accepted=1 open=0 gameplay_command=none
[I][AlphaRuntime] INPUT_EDGE raw=00,00,00,00,00 prev=00,00,00,00,00 matrix=0,0 physical=matrix-key edge=press mods=S0,A1,H0 printable=6d base=00 symbol=00 ui=explore emitted=system-menu action_char=0 shortcut=none
[I][AlphaSave] SD_HEAP operation=release-reserved-dma state=save-catalog free_internal=67108864 free_dma=67108864 largest_dma=67108864 largest_internal=67108864 requested_dma=8192
[I][AlphaSave] SD_HEAP operation=sd-window-open state=save-catalog free_internal=67108864 free_dma=67108864 largest_dma=67108864 largest_internal=67108864 requested_dma=512
[I][AlphaSave] SAVE_CATALOG slot1=cached slot2=empty slot3=empty staged=0 bytes=64 commit_us=91 verify_us=0 total_us=94
[I][AlphaSave] SD_HEAP operation=dma-reserve-restored state=save-catalog free_internal=67108864 free_dma=67108864 largest_dma=67108864 largest_internal=67108864 requested_dma=8192
[I][AlphaRuntime] SYSTEM_MENU action=toggle open=1 gameplay_command=none
[I][AlphaRuntime] INPUT_EDGE raw=00,00,00,00,00 prev=00,00,00,00,00 matrix=0,0 physical=matrix-key edge=press mods=S0,A0,H0 printable=08 base=00 symbol=00 ui=inventory emitted=back action_char=0 shortcut=none
[I][AlphaRuntime] SYSTEM_MENU action=back accepted=1 open=0 gameplay_command=none
[I][AlphaRuntime] INPUT_EDGE raw=00,00,00,00,00 prev=00,00,00,00,00 matrix=0,0 physical=matrix-key edge=press mods=S0,A1,H0 printable=6d base=00 symbol=00 ui=explore emitted=system-menu action_char=0 shortcut=none
[I][AlphaSave] SD_HEAP operation=release-reserved-dma state=save-catalog free_internal=67108864 free_dma=67108864 largest_dma=67108864 largest_internal=67108864 requested_dma=8192
[I][AlphaSave] SD_HEAP operation=sd-window-open state=save-catalog free_internal=67108864 free_dma=67108864 largest_dma=67108864 largest_internal=67108864 requested_dma=512
[I][AlphaSave] SAVE_CATALOG slot1=cached slot2=empty slot3=empty staged=0 bytes=64 commit_us=84 verify_us=0 total_us=88
[I][AlphaSave] SD_HEAP operation=dma-reserve-restored state=save-catalog free_internal=67108864 free_dma=67108864 largest_dma=67108864 largest_internal=67108864 requested_dma=8192
[I][AlphaRuntime] SYSTEM_MENU action=toggle open=1 gameplay_command=none
[I][AlphaRuntime] INPUT_EDGE raw=00,00,00,00,00 prev=00,00,00,00,00 matrix=0,0 physical=matrix-key edge=press mods=S0,A0,H0 printable=08 base=00 symbol=00 ui=inventory emitted=back action_char=0 shortcut=none
[I][AlphaRuntime] SYSTEM_MENU action=back accepted=1 open=0 gameplay_command=none
[I][AlphaRuntime] INPUT_EDGE raw=00,00,00,00,00 prev=00,00,00,00,00 matrix=0,0 physical=matrix-key edge=press mods=S0,A1,H0 printable=6d base=00 symbol=00 ui=explore emitted=system-menu action_char=0 shortcut=none
[I][AlphaSave] SD_HEAP operation=release-reserved-dma state=save-catalog free_internal=67108864 free_dma=67108864 largest_dma=67108864 largest_internal=67108864 requested_dma=8192
[I][AlphaSave] SD_HEAP operation=sd-window-open state=save-catalog free_internal=67108864 free_dma=67108864 largest_dma=67108864 largest_internal=67108864 requested_dma=512
[I][AlphaSave] SAVE_CATALOG slot1=cached slot2=empty slot3=empty staged=0 bytes=64 commit_us=84 verify_us=0 total_us=87
[I][AlphaSave] SD_HEAP operation=dma-reserve-restored state=save-catalog free_internal=67108864 free_dma=67108864 largest_dma=67108864 largest_internal=67108864 requested_dma=8192
[I][AlphaRuntime] SYSTEM_MENU action=toggle open=1 gameplay_command=none
[I][AlphaRuntime] INPUT_EDGE raw=00,00,00,00,00 prev=00,00,00,00,00 matrix=0,0 physical=matrix-key edge=press mods=S0,A0,H0 printable=08 base=00 symbol=00 ui=inventory emitted=back action_char=0 shortcut=none
[I][AlphaRuntime] SYSTEM_MENU action=back accepted=1 open=0 gameplay_command=none
[I][AlphaRuntime] INPUT_EDGE raw=00,00,00,00,00 prev=00,00,00,00,00 matrix=0,0 physical=matrix-key edge=press mods=S0,A1,H0 printable=6d base=00 symbol=00 ui=explore emitted=system-menu action_char=0 shortcut=none
[I][AlphaSave] SD_HEAP operation=release-reserved-dma state=save-catalog free_internal=67108864 free_dma=67108864 largest_dma=67108864 largest_internal=67108864 requested_dma=8192
[I][AlphaSave] SD_HEAP operation=sd-window-open state=save-catalog free_internal=67108864 free_dma=67108864 largest_dma=67108864 largest_internal=67108864 requested_dma=512
[I][AlphaSave] SAVE_CATALOG slot1=cached slot2=empty slot3=empty staged=0 bytes=64 commit_us=83 verify_us=0 total_us=87
[I][AlphaSave] SD_HEAP operation=dma-reserve-restored state=save-catalog free_internal=67108864 free_dma=67108864 largest_dma=67108864 largest_internal=67108864 requested_dma=8192
[I][AlphaRuntime] SYSTEM_MENU action=toggle open=1 gameplay_command=none
[I][AlphaRuntime] INPUT_EDGE raw=00,00,00,00,00 prev=00,00,00,00,00 matrix=0,0 physical=matrix-key edge=press mods=S0,A0,H0 printable=08 base=00 symbol=00 ui=inventory emitted=back action_char=0 shortcut=none
[I][AlphaRuntime] SYSTEM_MENU action=back accepted=1 open=0 gameplay_command=none
[I][AlphaRuntime] INPUT_EDGE raw=00,00,00,00,00 prev=00,00,00,00,00 matrix=0,0 physical=matrix-key edge=press mods=S0,A1,H0 printable=6d base=00 symbol=00 ui=explore emitted=system-menu action_char=0 shortcut=none
[I][AlphaSave] SD_HEAP operation=release-reserved-dma state=save-catalog free_internal=67108864 free_dma=67108864 largest_dma=67108864 largest_internal=67108864 requested_dma=8192
[I][AlphaSave] SD_HEAP operation=sd-window-open state=save-catalog free_internal=67108864 free_dma=67108864 largest_dma=67108864 largest_internal=67108864 requested_dma=512
[I][AlphaSave] SAVE_CATALOG slot1=cached slot2=empty slot3=empty staged=0 bytes=64 commit_us=82 verify_us=0 total_us=86
[I][AlphaSave] SD_HEAP operation=dma-reserve-restored state=save-catalog free_internal=67108864 free_dma=67108864 largest_dma=67108864 largest_internal=67108864 requested_dma=8192
[I][AlphaRuntime] SYSTEM_MENU action=toggle open=1 gameplay_command=none
[I][AlphaRuntime] INPUT_EDGE raw=00,00,00,00,00 prev=00,00,00,00,00 matrix=0,0 physical=matrix-key edge=press mods=S0,A0,H0 printable=08 base=00 symbol=00 ui=inventory emitted=back action_char=0 shortcut=none
[I][AlphaRuntime] SYSTEM_MENU action=back accepted=1 open=0 gameplay_command=none
[I][AlphaRuntime] INPUT_EDGE raw=00,00,00,00,00 prev=00,00,00,00,00 matrix=0,0 physical=matrix-key edge=press mods=S0,A1,H0 printable=6d base=00 symbol=00 ui=explore emitted=system-menu action_char=0 shortcut=none
[I][AlphaSave] SD_HEAP operation=release-reserved-dma state=save-catalog free_internal=67108864 free_dma=67108864 largest_dma=67108864 largest_internal=67108864 requested_dma=8192
[I][AlphaSave] SD_HEAP operation=sd-window-open state=save-catalog free_internal=67108864 free_dma=67108864 largest_dma=67108864 largest_internal=67108864 requested_dma=512
[I][AlphaSave] SAVE_CATALOG slot1=cached slot2=empty slot3=empty staged=0 bytes=64 commit_us=82 verify_us=0 total_us=91
[I][AlphaSave] SD_HEAP operation=dma-reserve-restored state=save-catalog free_internal=67108864 free_dma=67108864 largest_dma=67108864 largest_internal=67108864 requested_dma=8192
[I][AlphaRuntime] SYSTEM_MENU action=toggle open=1 gameplay_command=none
[I][AlphaRuntime] INPUT_EDGE raw=00,00,00,00,00 prev=00,00,00,00,00 matrix=0,0 physical=matrix-key edge=press mods=S0,A0,H0 printable=08 base=00 symbol=00 ui=inventory emitted=back action_char=0 shortcut=none
[I][AlphaRuntime] SYSTEM_MENU action=back accepted=1 open=0 gameplay_command=none
[I][AlphaRuntime] INPUT_EDGE raw=00,00,00,00,00 prev=00,00,00,00,00 matrix=0,0 physical=matrix-key edge=press mods=S0,A1,H0 printable=6d base=00 symbol=00 ui=explore emitted=system-menu action_char=0 shortcut=none
[I][AlphaSave] SD_HEAP operation=release-reserved-dma state=save-catalog free_internal=67108864 free_dma=67108864 largest_dma=67108864 largest_internal=67108864 requested_dma=8192
[I][AlphaSave] SD_HEAP operation=sd-window-open state=save-catalog free_internal=67108864 free_dma=67108864 largest_dma=67108864 largest_internal=67108864 requested_dma=512
[I][AlphaSave] SAVE_CATALOG slot1=cached slot2=empty slot3=empty staged=0 bytes=64 commit_us=83 verify_us=0 total_us=87
[I][AlphaSave] SD_HEAP operation=dma-reserve-restored state=save-catalog free_internal=67108864 free_dma=67108864 largest_dma=67108864 largest_internal=67108864 requested_dma=8192
[I][AlphaRuntime] SYSTEM_MENU action=toggle open=1 gameplay_command=none
[I][AlphaRuntime] INPUT_EDGE raw=00,00,00,00,00 prev=00,00,00,00,00 matrix=0,0 physical=matrix-key edge=press mods=S0,A0,H0 printable=08 base=00 symbol=00 ui=inventory emitted=back action_char=0 shortcut=none
[I][AlphaRuntime] SYSTEM_MENU action=back accepted=1 open=0 gameplay_command=none
[I][AlphaRuntime] INPUT_EDGE raw=00,00,00,00,00 prev=00,00,00,00,00 matrix=0,0 physical=matrix-key edge=press mods=S0,A1,H0 printable=6d base=00 symbol=00 ui=explore emitted=system-menu action_char=0 shortcut=none
[I][AlphaSave] SD_HEAP operation=release-reserved-dma state=save-catalog free_internal=67108864 free_dma=67108864 largest_dma=67108864 largest_internal=67108864 requested_dma=8192
[I][AlphaSave] SD_HEAP operation=sd-window-open state=save-catalog free_internal=67108864 free_dma=67108864 largest_dma=67108864 largest_internal=67108864 requested_dma=512
[I][AlphaSave] SAVE_CATALOG slot1=cached slot2=empty slot3=empty staged=0 bytes=64 commit_us=82 verify_us=0 total_us=86
[I][AlphaSave] SD_HEAP operation=dma-reserve-restored state=save-catalog free_internal=67108864 free_dma=67108864 largest_dma=67108864 largest_internal=67108864 requested_dma=8192
[I][AlphaRuntime] SYSTEM_MENU action=toggle open=1 gameplay_command=none
[I][AlphaRuntime] INPUT_EDGE raw=00,00,00,00,00 prev=00,00,00,00,00 matrix=0,0 physical=matrix-key edge=press mods=S0,A0,H0 printable=08 base=00 symbol=00 ui=inventory emitted=back action_char=0 shortcut=none
[I][AlphaRuntime] SYSTEM_MENU action=back accepted=1 open=0 gameplay_command=none
[I][AlphaRuntime] INPUT_EDGE raw=00,00,00,00,00 prev=00,00,00,00,00 matrix=0,0 physical=matrix-key edge=press mods=S0,A1,H0 printable=6d base=00 symbol=00 ui=explore emitted=system-menu action_char=0 shortcut=none
[I][AlphaSave] SD_HEAP operation=release-reserved-dma state=save-catalog free_internal=67108864 free_dma=67108864 largest_dma=67108864 largest_internal=67108864 requested_dma=8192
[I][AlphaSave] SD_HEAP operation=sd-window-open state=save-catalog free_internal=67108864 free_dma=67108864 largest_dma=67108864 largest_internal=67108864 requested_dma=512
[I][AlphaSave] SAVE_CATALOG slot1=cached slot2=empty slot3=empty staged=0 bytes=64 commit_us=83 verify_us=0 total_us=87
[I][AlphaSave] SD_HEAP operation=dma-reserve-restored state=save-catalog free_internal=67108864 free_dma=67108864 largest_dma=67108864 largest_internal=67108864 requested_dma=8192
[I][AlphaRuntime] SYSTEM_MENU action=toggle open=1 gameplay_command=none
[I][AlphaRuntime] INPUT_EDGE raw=00,00,00,00,00 prev=00,00,00,00,00 matrix=0,0 physical=matrix-key edge=press mods=S0,A0,H0 printable=08 base=00 symbol=00 ui=inventory emitted=back action_char=0 shortcut=none
[I][AlphaRuntime] SYSTEM_MENU action=back accepted=1 open=0 gameplay_command=none
[I][AlphaRuntime] INPUT_EDGE raw=00,00,00,00,00 prev=00,00,00,00,00 matrix=0,0 physical=matrix-key edge=press mods=S0,A1,H0 printable=6d base=00 symbol=00 ui=explore emitted=system-menu action_char=0 shortcut=none
[I][AlphaSave] SD_HEAP operation=release-reserved-dma state=save-catalog free_internal=67108864 free_dma=67108864 largest_dma=67108864 largest_internal=67108864 requested_dma=8192
[I][AlphaSave] SD_HEAP operation=sd-window-open state=save-catalog free_internal=67108864 free_dma=67108864 largest_dma=67108864 largest_internal=67108864 requested_dma=512
[I][AlphaSave] SAVE_CATALOG slot1=cached slot2=empty slot3=empty staged=0 bytes=64 commit_us=83 verify_us=0 total_us=87
[I][AlphaSave] SD_HEAP operation=dma-reserve-restored state=save-catalog free_internal=67108864 free_dma=67108864 largest_dma=67108864 largest_internal=67108864 requested_dma=8192
[I][AlphaRuntime] SYSTEM_MENU action=toggle open=1 gameplay_command=none
[I][AlphaRuntime] INPUT_EDGE raw=00,00,00,00,00 prev=00,00,00,00,00 matrix=0,0 physical=matrix-key edge=press mods=S0,A0,H0 printable=08 base=00 symbol=00 ui=inventory emitted=back action_char=0 shortcut=none
[I][AlphaRuntime] SYSTEM_MENU action=back accepted=1 open=0 gameplay_command=none
[I][AlphaRuntime] INPUT_EDGE raw=00,00,00,00,00 prev=00,00,00,00,00 matrix=0,0 physical=matrix-key edge=press mods=S0,A1,H0 printable=6d base=00 symbol=00 ui=explore emitted=system-menu action_char=0 shortcut=none
[I][AlphaSave] SD_HEAP operation=release-reserved-dma state=save-catalog free_internal=67108864 free_dma=67108864 largest_dma=67108864 largest_internal=67108864 requested_dma=8192
[I][AlphaSave] SD_HEAP operation=sd-window-open state=save-catalog free_internal=67108864 free_dma=67108864 largest_dma=67108864 largest_internal=67108864 requested_dma=512
[I][AlphaSave] SAVE_CATALOG slot1=cached slot2=empty slot3=empty staged=0 bytes=64 commit_us=83 verify_us=0 total_us=87
[I][AlphaSave] SD_HEAP operation=dma-reserve-restored state=save-catalog free_internal=67108864 free_dma=67108864 largest_dma=67108864 largest_internal=67108864 requested_dma=8192
[I][AlphaRuntime] SYSTEM_MENU action=toggle open=1 gameplay_command=none
[I][AlphaRuntime] INPUT_EDGE raw=00,00,00,00,00 prev=00,00,00,00,00 matrix=0,0 physical=matrix-key edge=press mods=S0,A0,H0 printable=08 base=00 symbol=00 ui=inventory emitted=back action_char=0 shortcut=none
[I][AlphaRuntime] SYSTEM_MENU action=back accepted=1 open=0 gameplay_command=none
[I][AlphaRuntime] INPUT_EDGE raw=00,00,00,00,00 prev=00,00,00,00,00 matrix=0,0 physical=matrix-key edge=press mods=S0,A1,H0 printable=6d base=00 symbol=00 ui=explore emitted=system-menu action_char=0 shortcut=none
[I][AlphaSave] SD_HEAP operation=release-reserved-dma state=save-catalog free_internal=67108864 free_dma=67108864 largest_dma=67108864 largest_internal=67108864 requested_dma=8192
[I][AlphaSave] SD_HEAP operation=sd-window-open state=save-catalog free_internal=67108864 free_dma=67108864 largest_dma=67108864 largest_internal=67108864 requested_dma=512
[I][AlphaSave] SAVE_CATALOG slot1=cached slot2=empty slot3=empty staged=0 bytes=64 commit_us=83 verify_us=0 total_us=86
[I][AlphaSave] SD_HEAP operation=dma-reserve-restored state=save-catalog free_internal=67108864 free_dma=67108864 largest_dma=67108864 largest_internal=67108864 requested_dma=8192
[I][AlphaRuntime] SYSTEM_MENU action=toggle open=1 gameplay_command=none
[I][AlphaRuntime] INPUT_EDGE raw=00,00,00,00,00 prev=00,00,00,00,00 matrix=0,0 physical=matrix-key edge=press mods=S0,A0,H0 printable=08 base=00 symbol=00 ui=inventory emitted=back action_char=0 shortcut=none
[I][AlphaRuntime] SYSTEM_MENU action=back accepted=1 open=0 gameplay_command=none
[I][AlphaRuntime] INPUT_EDGE raw=00,00,00,00,00 prev=00,00,00,00,00 matrix=0,0 physical=matrix-key edge=press mods=S0,A1,H0 printable=6d base=00 symbol=00 ui=explore emitted=system-menu action_char=0 shortcut=none
[I][AlphaSave] SD_HEAP operation=release-reserved-dma state=save-catalog free_internal=67108864 free_dma=67108864 largest_dma=67108864 largest_internal=67108864 requested_dma=8192
[I][AlphaSave] SD_HEAP operation=sd-window-open state=save-catalog free_internal=67108864 free_dma=67108864 largest_dma=67108864 largest_internal=67108864 requested_dma=512
[I][AlphaSave] SAVE_CATALOG slot1=cached slot2=empty slot3=empty staged=0 bytes=64 commit_us=84 verify_us=0 total_us=88
[I][AlphaSave] SD_HEAP operation=dma-reserve-restored state=save-catalog free_internal=67108864 free_dma=67108864 largest_dma=67108864 largest_internal=67108864 requested_dma=8192
[I][AlphaRuntime] SYSTEM_MENU action=toggle open=1 gameplay_command=none
[I][AlphaRuntime] INPUT_EDGE raw=00,00,00,00,00 prev=00,00,00,00,00 matrix=0,0 physical=matrix-key edge=press mods=S0,A0,H0 printable=08 base=00 symbol=00 ui=inventory emitted=back action_char=0 shortcut=none
[I][AlphaRuntime] SYSTEM_MENU action=back accepted=1 open=0 gameplay_command=none
[I][AlphaRuntime] INPUT_EDGE raw=00,00,00,00,00 prev=00,00,00,00,00 matrix=0,0 physical=matrix-key edge=press mods=S0,A1,H0 printable=6d base=00 symbol=00 ui=explore emitted=system-menu action_char=0 shortcut=none
[I][AlphaSave] SD_HEAP operation=release-reserved-dma state=save-catalog free_internal=67108864 free_dma=67108864 largest_dma=67108864 largest_internal=67108864 requested_dma=8192
[I][AlphaSave] SD_HEAP operation=sd-window-open state=save-catalog free_internal=67108864 free_dma=67108864 largest_dma=67108864 largest_internal=67108864 requested_dma=512
[I][AlphaSave] SAVE_CATALOG slot1=cached slot2=empty slot3=empty staged=0 bytes=64 commit_us=83 verify_us=0 total_us=86
[I][AlphaSave] SD_HEAP operation=dma-reserve-restored state=save-catalog free_internal=67108864 free_dma=67108864 largest_dma=67108864 largest_internal=67108864 requested_dma=8192
[I][AlphaRuntime] SYSTEM_MENU action=toggle open=1 gameplay_command=none
[I][AlphaRuntime] INPUT_EDGE raw=00,00,00,00,00 prev=00,00,00,00,00 matrix=0,0 physical=matrix-key edge=press mods=S0,A0,H0 printable=08 base=00 symbol=00 ui=inventory emitted=back action_char=0 shortcut=none
[I][AlphaRuntime] SYSTEM_MENU action=back accepted=1 open=0 gameplay_command=none
[I][AlphaRuntime] INPUT_EDGE raw=00,00,00,00,00 prev=00,00,00,00,00 matrix=0,0 physical=matrix-key edge=press mods=S0,A1,H0 printable=6d base=00 symbol=00 ui=explore emitted=system-menu action_char=0 shortcut=none
[I][AlphaSave] SD_HEAP operation=release-reserved-dma state=save-catalog free_internal=67108864 free_dma=67108864 largest_dma=67108864 largest_internal=67108864 requested_dma=8192
[I][AlphaSave] SD_HEAP operation=sd-window-open state=save-catalog free_internal=67108864 free_dma=67108864 largest_dma=67108864 largest_internal=67108864 requested_dma=512
[I][AlphaSave] SAVE_CATALOG slot1=cached slot2=empty slot3=empty staged=0 bytes=64 commit_us=83 verify_us=0 total_us=87
[I][AlphaSave] SD_HEAP operation=dma-reserve-restored state=save-catalog free_internal=67108864 free_dma=67108864 largest_dma=67108864 largest_internal=67108864 requested_dma=8192
[I][AlphaRuntime] SYSTEM_MENU action=toggle open=1 gameplay_command=none
[I][AlphaRuntime] INPUT_EDGE raw=00,00,00,00,00 prev=00,00,00,00,00 matrix=0,0 physical=matrix-key edge=press mods=S0,A0,H0 printable=08 base=00 symbol=00 ui=inventory emitted=back action_char=0 shortcut=none
[I][AlphaRuntime] SYSTEM_MENU action=back accepted=1 open=0 gameplay_command=none
[I][AlphaRuntime] INPUT_EDGE raw=00,00,00,00,00 prev=00,00,00,00,00 matrix=0,0 physical=matrix-key edge=press mods=S0,A1,H0 printable=6d base=00 symbol=00 ui=explore emitted=system-menu action_char=0 shortcut=none
[I][AlphaSave] SD_HEAP operation=release-reserved-dma state=save-catalog free_internal=67108864 free_dma=67108864 largest_dma=67108864 largest_internal=67108864 requested_dma=8192
[I][AlphaSave] SD_HEAP operation=sd-window-open state=save-catalog free_internal=67108864 free_dma=67108864 largest_dma=67108864 largest_internal=67108864 requested_dma=512
[I][AlphaSave] SAVE_CATALOG slot1=cached slot2=empty slot3=empty staged=0 bytes=64 commit_us=83 verify_us=0 total_us=92
[I][AlphaSave] SD_HEAP operation=dma-reserve-restored state=save-catalog free_internal=67108864 free_dma=67108864 largest_dma=67108864 largest_internal=67108864 requested_dma=8192
[I][AlphaRuntime] SYSTEM_MENU action=toggle open=1 gameplay_command=none
[I][AlphaRuntime] INPUT_EDGE raw=00,00,00,00,00 prev=00,00,00,00,00 matrix=0,0 physical=matrix-key edge=press mods=S0,A0,H0 printable=08 base=00 symbol=00 ui=inventory emitted=back action_char=0 shortcut=none
[I][AlphaRuntime] SYSTEM_MENU action=back accepted=1 open=0 gameplay_command=none
[I][AlphaRuntime] INPUT_EDGE raw=00,00,00,00,00 prev=00,00,00,00,00 matrix=0,0 physical=matrix-key edge=press mods=S0,A1,H0 printable=6d base=00 symbol=00 ui=explore emitted=system-menu action_char=0 shortcut=none
[I][AlphaSave] SD_HEAP operation=release-reserved-dma state=save-catalog free_internal=67108864 free_dma=67108864 largest_dma=67108864 largest_internal=67108864 requested_dma=8192
[I][AlphaSave] SD_HEAP operation=sd-window-open state=save-catalog free_internal=67108864 free_dma=67108864 largest_dma=67108864 largest_internal=67108864 requested_dma=512
[I][AlphaSave] SAVE_CATALOG slot1=cached slot2=empty slot3=empty staged=0 bytes=64 commit_us=82 verify_us=0 total_us=86
[I][AlphaSave] SD_HEAP operation=dma-reserve-restored state=save-catalog free_internal=67108864 free_dma=67108864 largest_dma=67108864 largest_internal=67108864 requested_dma=8192
[I][AlphaRuntime] SYSTEM_MENU action=toggle open=1 gameplay_command=none
[I][AlphaRuntime] INPUT_EDGE raw=00,00,00,00,00 prev=00,00,00,00,00 matrix=0,0 physical=matrix-key edge=press mods=S0,A0,H0 printable=08 base=00 symbol=00 ui=inventory emitted=back action_char=0 shortcut=none
[I][AlphaRuntime] SYSTEM_MENU action=back accepted=1 open=0 gameplay_command=none
[I][AlphaRuntime] INPUT_EDGE raw=00,00,00,00,00 prev=00,00,00,00,00 matrix=0,0 physical=matrix-key edge=press mods=S0,A1,H0 printable=6d base=00 symbol=00 ui=explore emitted=system-menu action_char=0 shortcut=none
[I][AlphaSave] SD_HEAP operation=release-reserved-dma state=save-catalog free_internal=67108864 free_dma=67108864 largest_dma=67108864 largest_internal=67108864 requested_dma=8192
[I][AlphaSave] SD_HEAP operation=sd-window-open state=save-catalog free_internal=67108864 free_dma=67108864 largest_dma=67108864 largest_internal=67108864 requested_dma=512
[I][AlphaSave] SAVE_CATALOG slot1=cached slot2=empty slot3=empty staged=0 bytes=64 commit_us=92 verify_us=0 total_us=96
[I][AlphaSave] SD_HEAP operation=dma-reserve-restored state=save-catalog free_internal=67108864 free_dma=67108864 largest_dma=67108864 largest_internal=67108864 requested_dma=8192
[I][AlphaRuntime] SYSTEM_MENU action=toggle open=1 gameplay_command=none
[I][AlphaRuntime] INPUT_EDGE raw=00,00,00,00,00 prev=00,00,00,00,00 matrix=0,0 physical=matrix-key edge=press mods=S0,A0,H0 printable=08 base=00 symbol=00 ui=inventory emitted=back action_char=0 shortcut=none
[I][AlphaRuntime] SYSTEM_MENU action=back accepted=1 open=0 gameplay_command=none
[I][AlphaRuntime] INPUT_EDGE raw=00,00,00,00,00 prev=00,00,00,00,00 matrix=0,0 physical=matrix-key edge=press mods=S0,A1,H0 printable=6d base=00 symbol=00 ui=explore emitted=system-menu action_char=0 shortcut=none
[I][AlphaSave] SD_HEAP operation=release-reserved-dma state=save-catalog free_internal=67108864 free_dma=67108864 largest_dma=67108864 largest_internal=67108864 requested_dma=8192
[I][AlphaSave] SD_HEAP operation=sd-window-open state=save-catalog free_internal=67108864 free_dma=67108864 largest_dma=67108864 largest_internal=67108864 requested_dma=512
[I][AlphaSave] SAVE_CATALOG slot1=cached slot2=empty slot3=empty staged=0 bytes=64 commit_us=83 verify_us=0 total_us=87
[I][AlphaSave] SD_HEAP operation=dma-reserve-restored state=save-catalog free_internal=67108864 free_dma=67108864 largest_dma=67108864 largest_internal=67108864 requested_dma=8192
[I][AlphaRuntime] SYSTEM_MENU action=toggle open=1 gameplay_command=none
[I][AlphaRuntime] INPUT_EDGE raw=00,00,00,00,00 prev=00,00,00,00,00 matrix=0,0 physical=matrix-key edge=press mods=S0,A0,H0 printable=08 base=00 symbol=00 ui=inventory emitted=back action_char=0 shortcut=none
[I][AlphaRuntime] SYSTEM_MENU action=back accepted=1 open=0 gameplay_command=none
[I][AlphaRuntime] INPUT_EDGE raw=00,00,00,00,00 prev=00,00,00,00,00 matrix=0,0 physical=matrix-key edge=press mods=S0,A1,H0 printable=6d base=00 symbol=00 ui=explore emitted=system-menu action_char=0 shortcut=none
[I][AlphaSave] SD_HEAP operation=release-reserved-dma state=save-catalog free_internal=67108864 free_dma=67108864 largest_dma=67108864 largest_internal=67108864 requested_dma=8192
[I][AlphaSave] SD_HEAP operation=sd-window-open state=save-catalog free_internal=67108864 free_dma=67108864 largest_dma=67108864 largest_internal=67108864 requested_dma=512
[I][AlphaSave] SAVE_CATALOG slot1=cached slot2=empty slot3=empty staged=0 bytes=64 commit_us=82 verify_us=0 total_us=86
[I][AlphaSave] SD_HEAP operation=dma-reserve-restored state=save-catalog free_internal=67108864 free_dma=67108864 largest_dma=67108864 largest_internal=67108864 requested_dma=8192
[I][AlphaRuntime] SYSTEM_MENU action=toggle open=1 gameplay_command=none
[I][AlphaRuntime] INPUT_EDGE raw=00,00,00,00,00 prev=00,00,00,00,00 matrix=0,0 physical=matrix-key edge=press mods=S0,A0,H0 printable=08 base=00 symbol=00 ui=inventory emitted=back action_char=0 shortcut=none
[I][AlphaRuntime] SYSTEM_MENU action=back accepted=1 open=0 gameplay_command=none
[I][AlphaRuntime] INPUT_EDGE raw=00,00,00,00,00 prev=00,00,00,00,00 matrix=0,0 physical=matrix-key edge=press mods=S0,A1,H0 printable=6d base=00 symbol=00 ui=explore emitted=system-menu action_char=0 shortcut=none
[I][AlphaSave] SD_HEAP operation=release-reserved-dma state=save-catalog free_internal=67108864 free_dma=67108864 largest_dma=67108864 largest_internal=67108864 requested_dma=8192
[I][AlphaSave] SD_HEAP operation=sd-window-open state=save-catalog free_internal=67108864 free_dma=67108864 largest_dma=67108864 largest_internal=67108864 requested_dma=512
[I][AlphaSave] SAVE_CATALOG slot1=cached slot2=empty slot3=empty staged=0 bytes=64 commit_us=86 verify_us=0 total_us=90
[I][AlphaSave] SD_HEAP operation=dma-reserve-restored state=save-catalog free_internal=67108864 free_dma=67108864 largest_dma=67108864 largest_internal=67108864 requested_dma=8192
[I][AlphaRuntime] SYSTEM_MENU action=toggle open=1 gameplay_command=none
[I][AlphaRuntime] INPUT_EDGE raw=00,00,00,00,00 prev=00,00,00,00,00 matrix=0,0 physical=matrix-key edge=press mods=S0,A0,H0 printable=08 base=00 symbol=00 ui=inventory emitted=back action_char=0 shortcut=none
[I][AlphaRuntime] SYSTEM_MENU action=back accepted=1 open=0 gameplay_command=none
[I][AlphaRuntime] INPUT_EDGE raw=00,00,00,00,00 prev=00,00,00,00,00 matrix=0,0 physical=matrix-key edge=press mods=S0,A1,H0 printable=6d base=00 symbol=00 ui=explore emitted=system-menu action_char=0 shortcut=none
[I][AlphaSave] SD_HEAP operation=release-reserved-dma state=save-catalog free_internal=67108864 free_dma=67108864 largest_dma=67108864 largest_internal=67108864 requested_dma=8192
[I][AlphaSave] SD_HEAP operation=sd-window-open state=save-catalog free_internal=67108864 free_dma=67108864 largest_dma=67108864 largest_internal=67108864 requested_dma=512
[I][AlphaSave] SAVE_CATALOG slot1=cached slot2=empty slot3=empty staged=0 bytes=64 commit_us=84 verify_us=0 total_us=87
[I][AlphaSave] SD_HEAP operation=dma-reserve-restored state=save-catalog free_internal=67108864 free_dma=67108864 largest_dma=67108864 largest_internal=67108864 requested_dma=8192
[I][AlphaRuntime] SYSTEM_MENU action=toggle open=1 gameplay_command=none
[I][AlphaRuntime] INPUT_EDGE raw=00,00,00,00,00 prev=00,00,00,00,00 matrix=0,0 physical=matrix-key edge=press mods=S0,A0,H0 printable=08 base=00 symbol=00 ui=inventory emitted=back action_char=0 shortcut=none
[I][AlphaRuntime] SYSTEM_MENU action=back accepted=1 open=0 gameplay_command=none
[I][AlphaRuntime] INPUT_EDGE raw=00,00,00,00,00 prev=00,00,00,00,00 matrix=0,0 physical=matrix-key edge=press mods=S0,A1,H0 printable=6d base=00 symbol=00 ui=explore emitted=system-menu action_char=0 shortcut=none
[I][AlphaSave] SD_HEAP operation=release-reserved-dma state=save-catalog free_internal=67108864 free_dma=67108864 largest_dma=67108864 largest_internal=67108864 requested_dma=8192
[I][AlphaSave] SD_HEAP operation=sd-window-open state=save-catalog free_internal=67108864 free_dma=67108864 largest_dma=67108864 largest_internal=67108864 requested_dma=512
[I][AlphaSave] SAVE_CATALOG slot1=cached slot2=empty slot3=empty staged=0 bytes=64 commit_us=105 verify_us=0 total_us=108
[I][AlphaSave] SD_HEAP operation=dma-reserve-restored state=save-catalog free_internal=67108864 free_dma=67108864 largest_dma=67108864 largest_internal=67108864 requested_dma=8192
[I][AlphaRuntime] SYSTEM_MENU action=toggle open=1 gameplay_command=none
[I][AlphaRuntime] INPUT_EDGE raw=00,00,00,00,00 prev=00,00,00,00,00 matrix=0,0 physical=matrix-key edge=press mods=S0,A0,H0 printable=08 base=00 symbol=00 ui=inventory emitted=back action_char=0 shortcut=none
[I][AlphaRuntime] SYSTEM_MENU action=back accepted=1 open=0 gameplay_command=none
[I][AlphaRuntime] INPUT_EDGE raw=00,00,00,00,00 prev=00,00,00,00,00 matrix=0,0 physical=matrix-key edge=press mods=S0,A1,H0 printable=6d base=00 symbol=00 ui=explore emitted=system-menu action_char=0 shortcut=none
[I][AlphaSave] SD_HEAP operation=release-reserved-dma state=save-catalog free_internal=67108864 free_dma=67108864 largest_dma=67108864 largest_internal=67108864 requested_dma=8192
[I][AlphaSave] SD_HEAP operation=sd-window-open state=save-catalog free_internal=67108864 free_dma=67108864 largest_dma=67108864 largest_internal=67108864 requested_dma=512
[I][AlphaSave] SAVE_CATALOG slot1=cached slot2=empty slot3=empty staged=0 bytes=64 commit_us=83 verify_us=0 total_us=86
[I][AlphaSave] SD_HEAP operation=dma-reserve-restored state=save-catalog free_internal=67108864 free_dma=67108864 largest_dma=67108864 largest_internal=67108864 requested_dma=8192
[I][AlphaRuntime] SYSTEM_MENU action=toggle open=1 gameplay_command=none
[I][AlphaRuntime] INPUT_EDGE raw=00,00,00,00,00 prev=00,00,00,00,00 matrix=0,0 physical=matrix-key edge=press mods=S0,A0,H0 printable=08 base=00 symbol=00 ui=inventory emitted=back action_char=0 shortcut=none
[I][AlphaRuntime] SYSTEM_MENU action=back accepted=1 open=0 gameplay_command=none
[I][AlphaRuntime] INPUT_EDGE raw=00,00,00,00,00 prev=00,00,00,00,00 matrix=0,0 physical=matrix-key edge=press mods=S0,A1,H0 printable=6d base=00 symbol=00 ui=explore emitted=system-menu action_char=0 shortcut=none
[I][AlphaSave] SD_HEAP operation=release-reserved-dma state=save-catalog free_internal=67108864 free_dma=67108864 largest_dma=67108864 largest_internal=67108864 requested_dma=8192
[I][AlphaSave] SD_HEAP operation=sd-window-open state=save-catalog free_internal=67108864 free_dma=67108864 largest_dma=67108864 largest_internal=67108864 requested_dma=512
[I][AlphaSave] SAVE_CATALOG slot1=cached slot2=empty slot3=empty staged=0 bytes=64 commit_us=85 verify_us=0 total_us=89
[I][AlphaSave] SD_HEAP operation=dma-reserve-restored state=save-catalog free_internal=67108864 free_dma=67108864 largest_dma=67108864 largest_internal=67108864 requested_dma=8192
[I][AlphaRuntime] SYSTEM_MENU action=toggle open=1 gameplay_command=none
[I][AlphaRuntime] INPUT_EDGE raw=00,00,00,00,00 prev=00,00,00,00,00 matrix=0,0 physical=matrix-key edge=press mods=S0,A0,H0 printable=08 base=00 symbol=00 ui=inventory emitted=back action_char=0 shortcut=none
[I][AlphaRuntime] SYSTEM_MENU action=back accepted=1 open=0 gameplay_command=none
[I][AlphaRuntime] INPUT_EDGE raw=00,00,00,00,00 prev=00,00,00,00,00 matrix=0,0 physical=matrix-key edge=press mods=S0,A1,H0 printable=6d base=00 symbol=00 ui=explore emitted=system-menu action_char=0 shortcut=none
[I][AlphaSave] SD_HEAP operation=release-reserved-dma state=save-catalog free_internal=67108864 free_dma=67108864 largest_dma=67108864 largest_internal=67108864 requested_dma=8192
[I][AlphaSave] SD_HEAP operation=sd-window-open state=save-catalog free_internal=67108864 free_dma=67108864 largest_dma=67108864 largest_internal=67108864 requested_dma=512
[I][AlphaSave] SAVE_CATALOG slot1=cached slot2=empty slot3=empty staged=0 bytes=64 commit_us=107 verify_us=0 total_us=116
[I][AlphaSave] SD_HEAP operation=dma-reserve-restored state=save-catalog free_internal=67108864 free_dma=67108864 largest_dma=67108864 largest_internal=67108864 requested_dma=8192
[I][AlphaRuntime] SYSTEM_MENU action=toggle open=1 gameplay_command=none
[I][AlphaRuntime] INPUT_EDGE raw=00,00,00,00,00 prev=00,00,00,00,00 matrix=0,0 physical=matrix-key edge=press mods=S0,A0,H0 printable=08 base=00 symbol=00 ui=inventory emitted=back action_char=0 shortcut=none
[I][AlphaRuntime] SYSTEM_MENU action=back accepted=1 open=0 gameplay_command=none
[I][AlphaRuntime] INPUT_EDGE raw=00,00,00,00,00 prev=00,00,00,00,00 matrix=0,0 physical=matrix-key edge=press mods=S0,A1,H0 printable=6d base=00 symbol=00 ui=explore emitted=system-menu action_char=0 shortcut=none
[I][AlphaSave] SD_HEAP operation=release-reserved-dma state=save-catalog free_internal=67108864 free_dma=67108864 largest_dma=67108864 largest_internal=67108864 requested_dma=8192
[I][AlphaSave] SD_HEAP operation=sd-window-open state=save-catalog free_internal=67108864 free_dma=67108864 largest_dma=67108864 largest_internal=67108864 requested_dma=512
[I][AlphaSave] SAVE_CATALOG slot1=cached slot2=empty slot3=empty staged=0 bytes=64 commit_us=83 verify_us=0 total_us=88
[I][AlphaSave] SD_HEAP operation=dma-reserve-restored state=save-catalog free_internal=67108864 free_dma=67108864 largest_dma=67108864 largest_internal=67108864 requested_dma=8192
[I][AlphaRuntime] SYSTEM_MENU action=toggle open=1 gameplay_command=none
[I][AlphaRuntime] INPUT_EDGE raw=00,00,00,00,00 prev=00,00,00,00,00 matrix=0,0 physical=matrix-key edge=press mods=S0,A0,H0 printable=08 base=00 symbol=00 ui=inventory emitted=back action_char=0 shortcut=none
[I][AlphaRuntime] SYSTEM_MENU action=back accepted=1 open=0 gameplay_command=none
[I][AlphaRuntime] INPUT_EDGE raw=00,00,00,00,00 prev=00,00,00,00,00 matrix=0,0 physical=matrix-key edge=press mods=S0,A1,H0 printable=6d base=00 symbol=00 ui=explore emitted=system-menu action_char=0 shortcut=none
[I][AlphaSave] SD_HEAP operation=release-reserved-dma state=save-catalog free_internal=67108864 free_dma=67108864 largest_dma=67108864 largest_internal=67108864 requested_dma=8192
[I][AlphaSave] SD_HEAP operation=sd-window-open state=save-catalog free_internal=67108864 free_dma=67108864 largest_dma=67108864 largest_internal=67108864 requested_dma=512
[I][AlphaSave] SAVE_CATALOG slot1=cached slot2=empty slot3=empty staged=0 bytes=64 commit_us=82 verify_us=0 total_us=86
[I][AlphaSave] SD_HEAP operation=dma-reserve-restored state=save-catalog free_internal=67108864 free_dma=67108864 largest_dma=67108864 largest_internal=67108864 requested_dma=8192
[I][AlphaRuntime] SYSTEM_MENU action=toggle open=1 gameplay_command=none
[I][AlphaRuntime] INPUT_EDGE raw=00,00,00,00,00 prev=00,00,00,00,00 matrix=0,0 physical=matrix-key edge=press mods=S0,A0,H0 printable=08 base=00 symbol=00 ui=inventory emitted=back action_char=0 shortcut=none
[I][AlphaRuntime] SYSTEM_MENU action=back accepted=1 open=0 gameplay_command=none
[I][AlphaRuntime] INPUT_EDGE raw=00,00,00,00,00 prev=00,00,00,00,00 matrix=0,0 physical=matrix-key edge=press mods=S0,A1,H0 printable=6d base=00 symbol=00 ui=explore emitted=system-menu action_char=0 shortcut=none
[I][AlphaSave] SD_HEAP operation=release-reserved-dma state=save-catalog free_internal=67108864 free_dma=67108864 largest_dma=67108864 largest_internal=67108864 requested_dma=8192
[I][AlphaSave] SD_HEAP operation=sd-window-open state=save-catalog free_internal=67108864 free_dma=67108864 largest_dma=67108864 largest_internal=67108864 requested_dma=512
[I][AlphaSave] SAVE_CATALOG slot1=cached slot2=empty slot3=empty staged=0 bytes=64 commit_us=83 verify_us=0 total_us=86
[I][AlphaSave] SD_HEAP operation=dma-reserve-restored state=save-catalog free_internal=67108864 free_dma=67108864 largest_dma=67108864 largest_internal=67108864 requested_dma=8192
[I][AlphaRuntime] SYSTEM_MENU action=toggle open=1 gameplay_command=none
[I][AlphaRuntime] INPUT_EDGE raw=00,00,00,00,00 prev=00,00,00,00,00 matrix=0,0 physical=matrix-key edge=press mods=S0,A0,H0 printable=08 base=00 symbol=00 ui=inventory emitted=back action_char=0 shortcut=none
[I][AlphaRuntime] SYSTEM_MENU action=back accepted=1 open=0 gameplay_command=none
[I][AlphaRuntime] INPUT_EDGE raw=00,00,00,00,00 prev=00,00,00,00,00 matrix=0,0 physical=matrix-key edge=press mods=S0,A1,H0 printable=6d base=00 symbol=00 ui=explore emitted=system-menu action_char=0 shortcut=none
[I][AlphaSave] SD_HEAP operation=release-reserved-dma state=save-catalog free_internal=67108864 free_dma=67108864 largest_dma=67108864 largest_internal=67108864 requested_dma=8192
[I][AlphaSave] SD_HEAP operation=sd-window-open state=save-catalog free_internal=67108864 free_dma=67108864 largest_dma=67108864 largest_internal=67108864 requested_dma=512
[I][AlphaSave] SAVE_CATALOG slot1=cached slot2=empty slot3=empty staged=0 bytes=64 commit_us=83 verify_us=0 total_us=87
[I][AlphaSave] SD_HEAP operation=dma-reserve-restored state=save-catalog free_internal=67108864 free_dma=67108864 largest_dma=67108864 largest_internal=67108864 requested_dma=8192
[I][AlphaRuntime] SYSTEM_MENU action=toggle open=1 gameplay_command=none
[I][AlphaRuntime] INPUT_EDGE raw=00,00,00,00,00 prev=00,00,00,00,00 matrix=0,0 physical=matrix-key edge=press mods=S0,A0,H0 printable=08 base=00 symbol=00 ui=inventory emitted=back action_char=0 shortcut=none
[I][AlphaRuntime] SYSTEM_MENU action=back accepted=1 open=0 gameplay_command=none
[I][AlphaRuntime] INPUT_EDGE raw=00,00,00,00,00 prev=00,00,00,00,00 matrix=0,0 physical=matrix-key edge=press mods=S0,A1,H0 printable=6d base=00 symbol=00 ui=explore emitted=system-menu action_char=0 shortcut=none
[I][AlphaSave] SD_HEAP operation=release-reserved-dma state=save-catalog free_internal=67108864 free_dma=67108864 largest_dma=67108864 largest_internal=67108864 requested_dma=8192
[I][AlphaSave] SD_HEAP operation=sd-window-open state=save-catalog free_internal=67108864 free_dma=67108864 largest_dma=67108864 largest_internal=67108864 requested_dma=512
[I][AlphaSave] SAVE_CATALOG slot1=cached slot2=empty slot3=empty staged=0 bytes=64 commit_us=88 verify_us=0 total_us=91
[I][AlphaSave] SD_HEAP operation=dma-reserve-restored state=save-catalog free_internal=67108864 free_dma=67108864 largest_dma=67108864 largest_internal=67108864 requested_dma=8192
[I][AlphaRuntime] SYSTEM_MENU action=toggle open=1 gameplay_command=none
[I][AlphaRuntime] INPUT_EDGE raw=00,00,00,00,00 prev=00,00,00,00,00 matrix=0,0 physical=matrix-key edge=press mods=S0,A0,H0 printable=08 base=00 symbol=00 ui=inventory emitted=back action_char=0 shortcut=none
[I][AlphaRuntime] SYSTEM_MENU action=back accepted=1 open=0 gameplay_command=none
[I][AlphaRuntime] INPUT_EDGE raw=00,00,00,00,00 prev=00,00,00,00,00 matrix=0,0 physical=matrix-key edge=press mods=S0,A1,H0 printable=6d base=00 symbol=00 ui=explore emitted=system-menu action_char=0 shortcut=none
[I][AlphaSave] SD_HEAP operation=release-reserved-dma state=save-catalog free_internal=67108864 free_dma=67108864 largest_dma=67108864 largest_internal=67108864 requested_dma=8192
[I][AlphaSave] SD_HEAP operation=sd-window-open state=save-catalog free_internal=67108864 free_dma=67108864 largest_dma=67108864 largest_internal=67108864 requested_dma=512
[I][AlphaSave] SAVE_CATALOG slot1=cached slot2=empty slot3=empty staged=0 bytes=64 commit_us=85 verify_us=0 total_us=89
[I][AlphaSave] SD_HEAP operation=dma-reserve-restored state=save-catalog free_internal=67108864 free_dma=67108864 largest_dma=67108864 largest_internal=67108864 requested_dma=8192
[I][AlphaRuntime] SYSTEM_MENU action=toggle open=1 gameplay_command=none
[I][AlphaRuntime] INPUT_EDGE raw=00,00,00,00,00 prev=00,00,00,00,00 matrix=0,0 physical=matrix-key edge=press mods=S0,A0,H0 printable=08 base=00 symbol=00 ui=inventory emitted=back action_char=0 shortcut=none
[I][AlphaRuntime] SYSTEM_MENU action=back accepted=1 open=0 gameplay_command=none
[I][AlphaRuntime] INPUT_EDGE raw=00,00,00,00,00 prev=00,00,00,00,00 matrix=0,0 physical=matrix-key edge=press mods=S0,A1,H0 printable=6d base=00 symbol=00 ui=explore emitted=system-menu action_char=0 shortcut=none
[I][AlphaSave] SD_HEAP operation=release-reserved-dma state=save-catalog free_internal=67108864 free_dma=67108864 largest_dma=67108864 largest_internal=67108864 requested_dma=8192
[I][AlphaSave] SD_HEAP operation=sd-window-open state=save-catalog free_internal=67108864 free_dma=67108864 largest_dma=67108864 largest_internal=67108864 requested_dma=512
[I][AlphaSave] SAVE_CATALOG slot1=cached slot2=empty slot3=empty staged=0 bytes=64 commit_us=86 verify_us=0 total_us=90
[I][AlphaSave] SD_HEAP operation=dma-reserve-restored state=save-catalog free_internal=67108864 free_dma=67108864 largest_dma=67108864 largest_internal=67108864 requested_dma=8192
[I][AlphaRuntime] SYSTEM_MENU action=toggle open=1 gameplay_command=none
[I][AlphaRuntime] INPUT_EDGE raw=00,00,00,00,00 prev=00,00,00,00,00 matrix=0,0 physical=matrix-key edge=press mods=S0,A0,H0 printable=08 base=00 symbol=00 ui=inventory emitted=back action_char=0 shortcut=none
[I][AlphaRuntime] SYSTEM_MENU action=back accepted=1 open=0 gameplay_command=none
[I][AlphaRuntime] INPUT_EDGE raw=00,00,00,00,00 prev=00,00,00,00,00 matrix=0,0 physical=matrix-key edge=press mods=S0,A1,H0 printable=6d base=00 symbol=00 ui=explore emitted=system-menu action_char=0 shortcut=none
[I][AlphaSave] SD_HEAP operation=release-reserved-dma state=save-catalog free_internal=67108864 free_dma=67108864 largest_dma=67108864 largest_internal=67108864 requested_dma=8192
[I][AlphaSave] SD_HEAP operation=sd-window-open state=save-catalog free_internal=67108864 free_dma=67108864 largest_dma=67108864 largest_internal=67108864 requested_dma=512
[I][AlphaSave] SAVE_CATALOG slot1=cached slot2=empty slot3=empty staged=0 bytes=64 commit_us=95 verify_us=0 total_us=99
[I][AlphaSave] SD_HEAP operation=dma-reserve-restored state=save-catalog free_internal=67108864 free_dma=67108864 largest_dma=67108864 largest_internal=67108864 requested_dma=8192
[I][AlphaRuntime] SYSTEM_MENU action=toggle open=1 gameplay_command=none
[I][AlphaRuntime] INPUT_EDGE raw=00,00,00,00,00 prev=00,00,00,00,00 matrix=0,0 physical=matrix-key edge=press mods=S0,A0,H0 printable=08 base=00 symbol=00 ui=inventory emitted=back action_char=0 shortcut=none
[I][AlphaRuntime] SYSTEM_MENU action=back accepted=1 open=0 gameplay_command=none
[I][AlphaRuntime] INPUT_EDGE raw=00,00,00,00,00 prev=00,00,00,00,00 matrix=0,0 physical=matrix-key edge=press mods=S0,A1,H0 printable=6d base=00 symbol=00 ui=explore emitted=system-menu action_char=0 shortcut=none
[I][AlphaSave] SD_HEAP operation=release-reserved-dma state=save-catalog free_internal=67108864 free_dma=67108864 largest_dma=67108864 largest_internal=67108864 requested_dma=8192
[I][AlphaSave] SD_HEAP operation=sd-window-open state=save-catalog free_internal=67108864 free_dma=67108864 largest_dma=67108864 largest_internal=67108864 requested_dma=512
[I][AlphaSave] SAVE_CATALOG slot1=cached slot2=empty slot3=empty staged=0 bytes=64 commit_us=92 verify_us=0 total_us=96
[I][AlphaSave] SD_HEAP operation=dma-reserve-restored state=save-catalog free_internal=67108864 free_dma=67108864 largest_dma=67108864 largest_internal=67108864 requested_dma=8192
[I][AlphaRuntime] SYSTEM_MENU action=toggle open=1 gameplay_command=none
[I][AlphaRuntime] INPUT_EDGE raw=00,00,00,00,00 prev=00,00,00,00,00 matrix=0,0 physical=matrix-key edge=press mods=S0,A0,H0 printable=08 base=00 symbol=00 ui=inventory emitted=back action_char=0 shortcut=none
[I][AlphaRuntime] SYSTEM_MENU action=back accepted=1 open=0 gameplay_command=none
[I][AlphaRuntime] INPUT_EDGE raw=00,00,00,00,00 prev=00,00,00,00,00 matrix=0,0 physical=matrix-key edge=press mods=S0,A1,H0 printable=6d base=00 symbol=00 ui=explore emitted=system-menu action_char=0 shortcut=none
[I][AlphaSave] SD_HEAP operation=release-reserved-dma state=save-catalog free_internal=67108864 free_dma=67108864 largest_dma=67108864 largest_internal=67108864 requested_dma=8192
[I][AlphaSave] SD_HEAP operation=sd-window-open state=save-catalog free_internal=67108864 free_dma=67108864 largest_dma=67108864 largest_internal=67108864 requested_dma=512
[I][AlphaSave] SAVE_CATALOG slot1=cached slot2=empty slot3=empty staged=0 bytes=64 commit_us=88 verify_us=0 total_us=113
[I][AlphaSave] SD_HEAP operation=dma-reserve-restored state=save-catalog free_internal=67108864 free_dma=67108864 largest_dma=67108864 largest_internal=67108864 requested_dma=8192
[I][AlphaRuntime] SYSTEM_MENU action=toggle open=1 gameplay_command=none
[I][AlphaRuntime] INPUT_EDGE raw=00,00,00,00,00 prev=00,00,00,00,00 matrix=0,0 physical=matrix-key edge=press mods=S0,A0,H0 printable=08 base=00 symbol=00 ui=inventory emitted=back action_char=0 shortcut=none
[I][AlphaRuntime] SYSTEM_MENU action=back accepted=1 open=0 gameplay_command=none
[I][AlphaRuntime] INPUT_EDGE raw=00,00,00,00,00 prev=00,00,00,00,00 matrix=0,0 physical=matrix-key edge=press mods=S0,A1,H0 printable=6d base=00 symbol=00 ui=explore emitted=system-menu action_char=0 shortcut=none
[I][AlphaSave] SD_HEAP operation=release-reserved-dma state=save-catalog free_internal=67108864 free_dma=67108864 largest_dma=67108864 largest_internal=67108864 requested_dma=8192
[I][AlphaSave] SD_HEAP operation=sd-window-open state=save-catalog free_internal=67108864 free_dma=67108864 largest_dma=67108864 largest_internal=67108864 requested_dma=512
[I][AlphaSave] SAVE_CATALOG slot1=cached slot2=empty slot3=empty staged=0 bytes=64 commit_us=90 verify_us=0 total_us=94
[I][AlphaSave] SD_HEAP operation=dma-reserve-restored state=save-catalog free_internal=67108864 free_dma=67108864 largest_dma=67108864 largest_internal=67108864 requested_dma=8192
[I][AlphaRuntime] SYSTEM_MENU action=toggle open=1 gameplay_command=none
[I][AlphaRuntime] INPUT_EDGE raw=00,00,00,00,00 prev=00,00,00,00,00 matrix=0,0 physical=matrix-key edge=press mods=S0,A0,H0 printable=08 base=00 symbol=00 ui=inventory emitted=back action_char=0 shortcut=none
[I][AlphaRuntime] SYSTEM_MENU action=back accepted=1 open=0 gameplay_command=none
[I][AlphaRuntime] INPUT_EDGE raw=00,00,00,00,00 prev=00,00,00,00,00 matrix=0,0 physical=matrix-key edge=press mods=S0,A1,H0 printable=6d base=00 symbol=00 ui=explore emitted=system-menu action_char=0 shortcut=none
[I][AlphaSave] SD_HEAP operation=release-reserved-dma state=save-catalog free_internal=67108864 free_dma=67108864 largest_dma=67108864 largest_internal=67108864 requested_dma=8192
[I][AlphaSave] SD_HEAP operation=sd-window-open state=save-catalog free_internal=67108864 free_dma=67108864 largest_dma=67108864 largest_internal=67108864 requested_dma=512
[I][AlphaSave] SAVE_CATALOG slot1=cached slot2=empty slot3=empty staged=0 bytes=64 commit_us=93 verify_us=0 total_us=97
[I][AlphaSave] SD_HEAP operation=dma-reserve-restored state=save-catalog free_internal=67108864 free_dma=67108864 largest_dma=67108864 largest_internal=67108864 requested_dma=8192
[I][AlphaRuntime] SYSTEM_MENU action=toggle open=1 gameplay_command=none
[I][AlphaRuntime] INPUT_EDGE raw=00,00,00,00,00 prev=00,00,00,00,00 matrix=0,0 physical=matrix-key edge=press mods=S0,A0,H0 printable=08 base=00 symbol=00 ui=inventory emitted=back action_char=0 shortcut=none
[I][AlphaRuntime] SYSTEM_MENU action=back accepted=1 open=0 gameplay_command=none
[I][AlphaRuntime] INPUT_EDGE raw=00,00,00,00,00 prev=00,00,00,00,00 matrix=0,0 physical=matrix-key edge=press mods=S0,A1,H0 printable=6d base=00 symbol=00 ui=explore emitted=system-menu action_char=0 shortcut=none
[I][AlphaSave] SD_HEAP operation=release-reserved-dma state=save-catalog free_internal=67108864 free_dma=67108864 largest_dma=67108864 largest_internal=67108864 requested_dma=8192
[I][AlphaSave] SD_HEAP operation=sd-window-open state=save-catalog free_internal=67108864 free_dma=67108864 largest_dma=67108864 largest_internal=67108864 requested_dma=512
[I][AlphaSave] SAVE_CATALOG slot1=cached slot2=empty slot3=empty staged=0 bytes=64 commit_us=95 verify_us=0 total_us=99
[I][AlphaSave] SD_HEAP operation=dma-reserve-restored state=save-catalog free_internal=67108864 free_dma=67108864 largest_dma=67108864 largest_internal=67108864 requested_dma=8192
[I][AlphaRuntime] SYSTEM_MENU action=toggle open=1 gameplay_command=none
[I][AlphaRuntime] INPUT_EDGE raw=00,00,00,00,00 prev=00,00,00,00,00 matrix=0,0 physical=matrix-key edge=press mods=S0,A0,H0 printable=08 base=00 symbol=00 ui=inventory emitted=back action_char=0 shortcut=none
[I][AlphaRuntime] SYSTEM_MENU action=back accepted=1 open=0 gameplay_command=none
[I][AlphaRuntime] INPUT_EDGE raw=00,00,00,00,00 prev=00,00,00,00,00 matrix=0,0 physical=matrix-key edge=press mods=S0,A1,H0 printable=6d base=00 symbol=00 ui=explore emitted=system-menu action_char=0 shortcut=none
[I][AlphaSave] SD_HEAP operation=release-reserved-dma state=save-catalog free_internal=67108864 free_dma=67108864 largest_dma=67108864 largest_internal=67108864 requested_dma=8192
[I][AlphaSave] SD_HEAP operation=sd-window-open state=save-catalog free_internal=67108864 free_dma=67108864 largest_dma=67108864 largest_internal=67108864 requested_dma=512
[I][AlphaSave] SAVE_CATALOG slot1=cached slot2=empty slot3=empty staged=0 bytes=64 commit_us=90 verify_us=0 total_us=94
[I][AlphaSave] SD_HEAP operation=dma-reserve-restored state=save-catalog free_internal=67108864 free_dma=67108864 largest_dma=67108864 largest_internal=67108864 requested_dma=8192
[I][AlphaRuntime] SYSTEM_MENU action=toggle open=1 gameplay_command=none
[I][AlphaRuntime] INPUT_EDGE raw=00,00,00,00,00 prev=00,00,00,00,00 matrix=0,0 physical=matrix-key edge=press mods=S0,A0,H0 printable=08 base=00 symbol=00 ui=inventory emitted=back action_char=0 shortcut=none
[I][AlphaRuntime] SYSTEM_MENU action=back accepted=1 open=0 gameplay_command=none
[I][AlphaRuntime] INPUT_EDGE raw=00,00,00,00,00 prev=00,00,00,00,00 matrix=0,0 physical=matrix-key edge=press mods=S0,A1,H0 printable=6d base=00 symbol=00 ui=explore emitted=system-menu action_char=0 shortcut=none
[I][AlphaSave] SD_HEAP operation=release-reserved-dma state=save-catalog free_internal=67108864 free_dma=67108864 largest_dma=67108864 largest_internal=67108864 requested_dma=8192
[I][AlphaSave] SD_HEAP operation=sd-window-open state=save-catalog free_internal=67108864 free_dma=67108864 largest_dma=67108864 largest_internal=67108864 requested_dma=512
[I][AlphaSave] SAVE_CATALOG slot1=cached slot2=empty slot3=empty staged=0 bytes=64 commit_us=86 verify_us=0 total_us=90
[I][AlphaSave] SD_HEAP operation=dma-reserve-restored state=save-catalog free_internal=67108864 free_dma=67108864 largest_dma=67108864 largest_internal=67108864 requested_dma=8192
[I][AlphaRuntime] SYSTEM_MENU action=toggle open=1 gameplay_command=none
[I][AlphaRuntime] INPUT_EDGE raw=00,00,00,00,00 prev=00,00,00,00,00 matrix=0,0 physical=matrix-key edge=press mods=S0,A0,H0 printable=08 base=00 symbol=00 ui=inventory emitted=back action_char=0 shortcut=none
[I][AlphaRuntime] SYSTEM_MENU action=back accepted=1 open=0 gameplay_command=none
[I][AlphaRuntime] INPUT_EDGE raw=00,00,00,00,00 prev=00,00,00,00,00 matrix=0,0 physical=matrix-key edge=press mods=S0,A1,H0 printable=6d base=00 symbol=00 ui=explore emitted=system-menu action_char=0 shortcut=none
[I][AlphaSave] SD_HEAP operation=release-reserved-dma state=save-catalog free_internal=67108864 free_dma=67108864 largest_dma=67108864 largest_internal=67108864 requested_dma=8192
[I][AlphaSave] SD_HEAP operation=sd-window-open state=save-catalog free_internal=67108864 free_dma=67108864 largest_dma=67108864 largest_internal=67108864 requested_dma=512
[I][AlphaSave] SAVE_CATALOG slot1=cached slot2=empty slot3=empty staged=0 bytes=64 commit_us=84 verify_us=0 total_us=88
[I][AlphaSave] SD_HEAP operation=dma-reserve-restored state=save-catalog free_internal=67108864 free_dma=67108864 largest_dma=67108864 largest_internal=67108864 requested_dma=8192
[I][AlphaRuntime] SYSTEM_MENU action=toggle open=1 gameplay_command=none
[I][AlphaRuntime] INPUT_EDGE raw=00,00,00,00,00 prev=00,00,00,00,00 matrix=0,0 physical=matrix-key edge=press mods=S0,A0,H0 printable=08 base=00 symbol=00 ui=inventory emitted=back action_char=0 shortcut=none
[I][AlphaRuntime] SYSTEM_MENU action=back accepted=1 open=0 gameplay_command=none
[I][AlphaRuntime] INPUT_EDGE raw=00,00,00,00,00 prev=00,00,00,00,00 matrix=0,0 physical=matrix-key edge=press mods=S0,A1,H0 printable=6d base=00 symbol=00 ui=explore emitted=system-menu action_char=0 shortcut=none
[I][AlphaSave] SD_HEAP operation=release-reserved-dma state=save-catalog free_internal=67108864 free_dma=67108864 largest_dma=67108864 largest_internal=67108864 requested_dma=8192
[I][AlphaSave] SD_HEAP operation=sd-window-open state=save-catalog free_internal=67108864 free_dma=67108864 largest_dma=67108864 largest_internal=67108864 requested_dma=512
[I][AlphaSave] SAVE_CATALOG slot1=cached slot2=empty slot3=empty staged=0 bytes=64 commit_us=87 verify_us=0 total_us=91
[I][AlphaSave] SD_HEAP operation=dma-reserve-restored state=save-catalog free_internal=67108864 free_dma=67108864 largest_dma=67108864 largest_internal=67108864 requested_dma=8192
[I][AlphaRuntime] SYSTEM_MENU action=toggle open=1 gameplay_command=none
[I][AlphaRuntime] INPUT_EDGE raw=00,00,00,00,00 prev=00,00,00,00,00 matrix=0,0 physical=matrix-key edge=press mods=S0,A0,H0 printable=08 base=00 symbol=00 ui=inventory emitted=back action_char=0 shortcut=none
[I][AlphaRuntime] SYSTEM_MENU action=back accepted=1 open=0 gameplay_command=none
[I][AlphaRuntime] INPUT_EDGE raw=00,00,00,00,00 prev=00,00,00,00,00 matrix=0,0 physical=matrix-key edge=press mods=S0,A1,H0 printable=6d base=00 symbol=00 ui=explore emitted=system-menu action_char=0 shortcut=none
[I][AlphaSave] SD_HEAP operation=release-reserved-dma state=save-catalog free_internal=67108864 free_dma=67108864 largest_dma=67108864 largest_internal=67108864 requested_dma=8192
[I][AlphaSave] SD_HEAP operation=sd-window-open state=save-catalog free_internal=67108864 free_dma=67108864 largest_dma=67108864 largest_internal=67108864 requested_dma=512
[I][AlphaSave] SAVE_CATALOG slot1=cached slot2=empty slot3=empty staged=0 bytes=64 commit_us=84 verify_us=0 total_us=88
[I][AlphaSave] SD_HEAP operation=dma-reserve-restored state=save-catalog free_internal=67108864 free_dma=67108864 largest_dma=67108864 largest_internal=67108864 requested_dma=8192
[I][AlphaRuntime] SYSTEM_MENU action=toggle open=1 gameplay_command=none
[I][AlphaRuntime] INPUT_EDGE raw=00,00,00,00,00 prev=00,00,00,00,00 matrix=0,0 physical=matrix-key edge=press mods=S0,A0,H0 printable=08 base=00 symbol=00 ui=inventory emitted=back action_char=0 shortcut=none
[I][AlphaRuntime] SYSTEM_MENU action=back accepted=1 open=0 gameplay_command=none
[I][AlphaRuntime] INPUT_EDGE raw=00,00,00,00,00 prev=00,00,00,00,00 matrix=0,0 physical=matrix-key edge=press mods=S0,A1,H0 printable=6d base=00 symbol=00 ui=explore emitted=system-menu action_char=0 shortcut=none
[I][AlphaSave] SD_HEAP operation=release-reserved-dma state=save-catalog free_internal=67108864 free_dma=67108864 largest_dma=67108864 largest_internal=67108864 requested_dma=8192
[I][AlphaSave] SD_HEAP operation=sd-window-open state=save-catalog free_internal=67108864 free_dma=67108864 largest_dma=67108864 largest_internal=67108864 requested_dma=512
[I][AlphaSave] SAVE_CATALOG slot1=cached slot2=empty slot3=empty staged=0 bytes=64 commit_us=83 verify_us=0 total_us=86
[I][AlphaSave] SD_HEAP operation=dma-reserve-restored state=save-catalog free_internal=67108864 free_dma=67108864 largest_dma=67108864 largest_internal=67108864 requested_dma=8192
[I][AlphaRuntime] SYSTEM_MENU action=toggle open=1 gameplay_command=none
[I][AlphaRuntime] INPUT_EDGE raw=00,00,00,00,00 prev=00,00,00,00,00 matrix=0,0 physical=matrix-key edge=press mods=S0,A0,H0 printable=08 base=00 symbol=00 ui=inventory emitted=back action_char=0 shortcut=none
[I][AlphaRuntime] SYSTEM_MENU action=back accepted=1 open=0 gameplay_command=none
[I][AlphaRuntime] INPUT_EDGE raw=00,00,00,00,00 prev=00,00,00,00,00 matrix=0,0 physical=matrix-key edge=press mods=S0,A1,H0 printable=6d base=00 symbol=00 ui=explore emitted=system-menu action_char=0 shortcut=none
[I][AlphaSave] SD_HEAP operation=release-reserved-dma state=save-catalog free_internal=67108864 free_dma=67108864 largest_dma=67108864 largest_internal=67108864 requested_dma=8192
[I][AlphaSave] SD_HEAP operation=sd-window-open state=save-catalog free_internal=67108864 free_dma=67108864 largest_dma=67108864 largest_internal=67108864 requested_dma=512
[I][AlphaSave] SAVE_CATALOG slot1=cached slot2=empty slot3=empty staged=0 bytes=64 commit_us=85 verify_us=0 total_us=107
[I][AlphaSave] SD_HEAP operation=dma-reserve-restored state=save-catalog free_internal=67108864 free_dma=67108864 largest_dma=67108864 largest_internal=67108864 requested_dma=8192
[I][AlphaRuntime] SYSTEM_MENU action=toggle open=1 gameplay_command=none
[I][AlphaRuntime] INPUT_EDGE raw=00,00,00,00,00 prev=00,00,00,00,00 matrix=0,0 physical=matrix-key edge=press mods=S0,A0,H0 printable=08 base=00 symbol=00 ui=inventory emitted=back action_char=0 shortcut=none
[I][AlphaRuntime] SYSTEM_MENU action=back accepted=1 open=0 gameplay_command=none
[I][AlphaRuntime] INPUT_EDGE raw=00,00,00,00,00 prev=00,00,00,00,00 matrix=0,0 physical=matrix-key edge=press mods=S0,A1,H0 printable=6d base=00 symbol=00 ui=explore emitted=system-menu action_char=0 shortcut=none
[I][AlphaSave] SD_HEAP operation=release-reserved-dma state=save-catalog free_internal=67108864 free_dma=67108864 largest_dma=67108864 largest_internal=67108864 requested_dma=8192
[I][AlphaSave] SD_HEAP operation=sd-window-open state=save-catalog free_internal=67108864 free_dma=67108864 largest_dma=67108864 largest_internal=67108864 requested_dma=512
[I][AlphaSave] SAVE_CATALOG slot1=cached slot2=empty slot3=empty staged=0 bytes=64 commit_us=83 verify_us=0 total_us=87
[I][AlphaSave] SD_HEAP operation=dma-reserve-restored state=save-catalog free_internal=67108864 free_dma=67108864 largest_dma=67108864 largest_internal=67108864 requested_dma=8192
[I][AlphaRuntime] SYSTEM_MENU action=toggle open=1 gameplay_command=none
[I][AlphaRuntime] INPUT_EDGE raw=00,00,00,00,00 prev=00,00,00,00,00 matrix=0,0 physical=matrix-key edge=press mods=S0,A0,H0 printable=08 base=00 symbol=00 ui=inventory emitted=back action_char=0 shortcut=none
[I][AlphaRuntime] SYSTEM_MENU action=back accepted=1 open=0 gameplay_command=none
[I][AlphaRuntime] INPUT_EDGE raw=00,00,00,00,00 prev=00,00,00,00,00 matrix=0,0 physical=matrix-key edge=press mods=S0,A1,H0 printable=6d base=00 symbol=00 ui=explore emitted=system-menu action_char=0 shortcut=none
[I][AlphaSave] SD_HEAP operation=release-reserved-dma state=save-catalog free_internal=67108864 free_dma=67108864 largest_dma=67108864 largest_internal=67108864 requested_dma=8192
[I][AlphaSave] SD_HEAP operation=sd-window-open state=save-catalog free_internal=67108864 free_dma=67108864 largest_dma=67108864 largest_internal=67108864 requested_dma=512
[I][AlphaSave] SAVE_CATALOG slot1=cached slot2=empty slot3=empty staged=0 bytes=64 commit_us=82 verify_us=0 total_us=86
[I][AlphaSave] SD_HEAP operation=dma-reserve-restored state=save-catalog free_internal=67108864 free_dma=67108864 largest_dma=67108864 largest_internal=67108864 requested_dma=8192
[I][AlphaRuntime] SYSTEM_MENU action=toggle open=1 gameplay_command=none
[I][AlphaRuntime] INPUT_EDGE raw=00,00,00,00,00 prev=00,00,00,00,00 matrix=0,0 physical=matrix-key edge=press mods=S0,A0,H0 printable=08 base=00 symbol=00 ui=inventory emitted=back action_char=0 shortcut=none
[I][AlphaRuntime] SYSTEM_MENU action=back accepted=1 open=0 gameplay_command=none
[I][AlphaRuntime] INPUT_EDGE raw=00,00,00,00,00 prev=00,00,00,00,00 matrix=0,0 physical=matrix-key edge=press mods=S0,A1,H0 printable=6d base=00 symbol=00 ui=explore emitted=system-menu action_char=0 shortcut=none
[I][AlphaSave] SD_HEAP operation=release-reserved-dma state=save-catalog free_internal=67108864 free_dma=67108864 largest_dma=67108864 largest_internal=67108864 requested_dma=8192
[I][AlphaSave] SD_HEAP operation=sd-window-open state=save-catalog free_internal=67108864 free_dma=67108864 largest_dma=67108864 largest_internal=67108864 requested_dma=512
[I][AlphaSave] SAVE_CATALOG slot1=cached slot2=empty slot3=empty staged=0 bytes=64 commit_us=84 verify_us=0 total_us=88
[I][AlphaSave] SD_HEAP operation=dma-reserve-restored state=save-catalog free_internal=67108864 free_dma=67108864 largest_dma=67108864 largest_internal=67108864 requested_dma=8192
[I][AlphaRuntime] SYSTEM_MENU action=toggle open=1 gameplay_command=none
[I][AlphaRuntime] INPUT_EDGE raw=00,00,00,00,00 prev=00,00,00,00,00 matrix=0,0 physical=matrix-key edge=press mods=S0,A0,H0 printable=08 base=00 symbol=00 ui=inventory emitted=back action_char=0 shortcut=none
[I][AlphaRuntime] SYSTEM_MENU action=back accepted=1 open=0 gameplay_command=none
[I][AlphaRuntime] INPUT_EDGE raw=00,00,00,00,00 prev=00,00,00,00,00 matrix=0,0 physical=matrix-key edge=press mods=S0,A1,H0 printable=6d base=00 symbol=00 ui=explore emitted=system-menu action_char=0 shortcut=none
[I][AlphaSave] SD_HEAP operation=release-reserved-dma state=save-catalog free_internal=67108864 free_dma=67108864 largest_dma=67108864 largest_internal=67108864 requested_dma=8192
[I][AlphaSave] SD_HEAP operation=sd-window-open state=save-catalog free_internal=67108864 free_dma=67108864 largest_dma=67108864 largest_internal=67108864 requested_dma=512
[I][AlphaSave] SAVE_CATALOG slot1=cached slot2=empty slot3=empty staged=0 bytes=64 commit_us=83 verify_us=0 total_us=87
[I][AlphaSave] SD_HEAP operation=dma-reserve-restored state=save-catalog free_internal=67108864 free_dma=67108864 largest_dma=67108864 largest_internal=67108864 requested_dma=8192
[I][AlphaRuntime] SYSTEM_MENU action=toggle open=1 gameplay_command=none
[I][AlphaRuntime] INPUT_EDGE raw=00,00,00,00,00 prev=00,00,00,00,00 matrix=0,0 physical=matrix-key edge=press mods=S0,A0,H0 printable=08 base=00 symbol=00 ui=inventory emitted=back action_char=0 shortcut=none
[I][AlphaRuntime] SYSTEM_MENU action=back accepted=1 open=0 gameplay_command=none
[I][AlphaRuntime] INPUT_EDGE raw=00,00,00,00,00 prev=00,00,00,00,00 matrix=0,0 physical=matrix-key edge=press mods=S0,A1,H0 printable=6d base=00 symbol=00 ui=explore emitted=system-menu action_char=0 shortcut=none
[I][AlphaSave] SD_HEAP operation=release-reserved-dma state=save-catalog free_internal=67108864 free_dma=67108864 largest_dma=67108864 largest_internal=67108864 requested_dma=8192
[I][AlphaSave] SD_HEAP operation=sd-window-open state=save-catalog free_internal=67108864 free_dma=67108864 largest_dma=67108864 largest_internal=67108864 requested_dma=512
[I][AlphaSave] SAVE_CATALOG slot1=cached slot2=empty slot3=empty staged=0 bytes=64 commit_us=82 verify_us=0 total_us=86
[I][AlphaSave] SD_HEAP operation=dma-reserve-restored state=save-catalog free_internal=67108864 free_dma=67108864 largest_dma=67108864 largest_internal=67108864 requested_dma=8192
[I][AlphaRuntime] SYSTEM_MENU action=toggle open=1 gameplay_command=none
[I][AlphaRuntime] INPUT_EDGE raw=00,00,00,00,00 prev=00,00,00,00,00 matrix=0,0 physical=matrix-key edge=press mods=S0,A0,H0 printable=08 base=00 symbol=00 ui=inventory emitted=back action_char=0 shortcut=none
[I][AlphaRuntime] SYSTEM_MENU action=back accepted=1 open=0 gameplay_command=none
[I][AlphaRuntime] INPUT_EDGE raw=00,00,00,00,00 prev=00,00,00,00,00 matrix=0,0 physical=matrix-key edge=press mods=S0,A1,H0 printable=6d base=00 symbol=00 ui=explore emitted=system-menu action_char=0 shortcut=none
[I][AlphaSave] SD_HEAP operation=release-reserved-dma state=save-catalog free_internal=67108864 free_dma=67108864 largest_dma=67108864 largest_internal=67108864 requested_dma=8192
[I][AlphaSave] SD_HEAP operation=sd-window-open state=save-catalog free_internal=67108864 free_dma=67108864 largest_dma=67108864 largest_internal=67108864 requested_dma=512
[I][AlphaSave] SAVE_CATALOG slot1=cached slot2=empty slot3=empty staged=0 bytes=64 commit_us=83 verify_us=0 total_us=87
[I][AlphaSave] SD_HEAP operation=dma-reserve-restored state=save-catalog free_internal=67108864 free_dma=67108864 largest_dma=67108864 largest_internal=67108864 requested_dma=8192
[I][AlphaRuntime] SYSTEM_MENU action=toggle open=1 gameplay_command=none
[I][AlphaRuntime] INPUT_EDGE raw=00,00,00,00,00 prev=00,00,00,00,00 matrix=0,0 physical=matrix-key edge=press mods=S0,A0,H0 printable=08 base=00 symbol=00 ui=inventory emitted=back action_char=0 shortcut=none
[I][AlphaRuntime] SYSTEM_MENU action=back accepted=1 open=0 gameplay_command=none
[I][AlphaRuntime] INPUT_EDGE raw=00,00,00,00,00 prev=00,00,00,00,00 matrix=0,0 physical=matrix-key edge=press mods=S0,A1,H0 printable=6d base=00 symbol=00 ui=explore emitted=system-menu action_char=0 shortcut=none
[I][AlphaSave] SD_HEAP operation=release-reserved-dma state=save-catalog free_internal=67108864 free_dma=67108864 largest_dma=67108864 largest_internal=67108864 requested_dma=8192
[I][AlphaSave] SD_HEAP operation=sd-window-open state=save-catalog free_internal=67108864 free_dma=67108864 largest_dma=67108864 largest_internal=67108864 requested_dma=512
[I][AlphaSave] SAVE_CATALOG slot1=cached slot2=empty slot3=empty staged=0 bytes=64 commit_us=87 verify_us=0 total_us=91
[I][AlphaSave] SD_HEAP operation=dma-reserve-restored state=save-catalog free_internal=67108864 free_dma=67108864 largest_dma=67108864 largest_internal=67108864 requested_dma=8192
[I][AlphaRuntime] SYSTEM_MENU action=toggle open=1 gameplay_command=none
[I][AlphaRuntime] INPUT_EDGE raw=00,00,00,00,00 prev=00,00,00,00,00 matrix=0,0 physical=matrix-key edge=press mods=S0,A0,H0 printable=08 base=00 symbol=00 ui=inventory emitted=back action_char=0 shortcut=none
[I][AlphaRuntime] SYSTEM_MENU action=back accepted=1 open=0 gameplay_command=none
[I][AlphaRuntime] INPUT_EDGE raw=00,00,00,00,00 prev=00,00,00,00,00 matrix=0,0 physical=matrix-key edge=press mods=S0,A1,H0 printable=6d base=00 symbol=00 ui=explore emitted=system-menu action_char=0 shortcut=none
[I][AlphaSave] SD_HEAP operation=release-reserved-dma state=save-catalog free_internal=67108864 free_dma=67108864 largest_dma=67108864 largest_internal=67108864 requested_dma=8192
[I][AlphaSave] SD_HEAP operation=sd-window-open state=save-catalog free_internal=67108864 free_dma=67108864 largest_dma=67108864 largest_internal=67108864 requested_dma=512
[I][AlphaSave] SAVE_CATALOG slot1=cached slot2=empty slot3=empty staged=0 bytes=64 commit_us=85 verify_us=0 total_us=88
[I][AlphaSave] SD_HEAP operation=dma-reserve-restored state=save-catalog free_internal=67108864 free_dma=67108864 largest_dma=67108864 largest_internal=67108864 requested_dma=8192
[I][AlphaRuntime] SYSTEM_MENU action=toggle open=1 gameplay_command=none
[I][AlphaRuntime] INPUT_EDGE raw=00,00,00,00,00 prev=00,00,00,00,00 matrix=0,0 physical=matrix-key edge=press mods=S0,A0,H0 printable=08 base=00 symbol=00 ui=inventory emitted=back action_char=0 shortcut=none
[I][AlphaRuntime] SYSTEM_MENU action=back accepted=1 open=0 gameplay_command=none
[I][AlphaRuntime] INPUT_EDGE raw=00,00,00,00,00 prev=00,00,00,00,00 matrix=0,0 physical=matrix-key edge=press mods=S0,A1,H0 printable=6d base=00 symbol=00 ui=explore emitted=system-menu action_char=0 shortcut=none
[I][AlphaSave] SD_HEAP operation=release-reserved-dma state=save-catalog free_internal=67108864 free_dma=67108864 largest_dma=67108864 largest_internal=67108864 requested_dma=8192
[I][AlphaSave] SD_HEAP operation=sd-window-open state=save-catalog free_internal=67108864 free_dma=67108864 largest_dma=67108864 largest_internal=67108864 requested_dma=512
[I][AlphaSave] SAVE_CATALOG slot1=cached slot2=empty slot3=empty staged=0 bytes=64 commit_us=84 verify_us=0 total_us=88
[I][AlphaSave] SD_HEAP operation=dma-reserve-restored state=save-catalog free_internal=67108864 free_dma=67108864 largest_dma=67108864 largest_internal=67108864 requested_dma=8192
[I][AlphaRuntime] SYSTEM_MENU action=toggle open=1 gameplay_command=none
[I][AlphaRuntime] INPUT_EDGE raw=00,00,00,00,00 prev=00,00,00,00,00 matrix=0,0 physical=matrix-key edge=press mods=S0,A0,H0 printable=08 base=00 symbol=00 ui=inventory emitted=back action_char=0 shortcut=none
[I][AlphaRuntime] SYSTEM_MENU action=back accepted=1 open=0 gameplay_command=none
[I][AlphaRuntime] INPUT_EDGE raw=00,00,00,00,00 prev=00,00,00,00,00 matrix=0,0 physical=matrix-key edge=press mods=S0,A1,H0 printable=6d base=00 symbol=00 ui=explore emitted=system-menu action_char=0 shortcut=none
[I][AlphaSave] SD_HEAP operation=release-reserved-dma state=save-catalog free_internal=67108864 free_dma=67108864 largest_dma=67108864 largest_internal=67108864 requested_dma=8192
[I][AlphaSave] SD_HEAP operation=sd-window-open state=save-catalog free_internal=67108864 free_dma=67108864 largest_dma=67108864 largest_internal=67108864 requested_dma=512
[I][AlphaSave] SAVE_CATALOG slot1=cached slot2=empty slot3=empty staged=0 bytes=64 commit_us=84 verify_us=0 total_us=94
[I][AlphaSave] SD_HEAP operation=dma-reserve-restored state=save-catalog free_internal=67108864 free_dma=67108864 largest_dma=67108864 largest_internal=67108864 requested_dma=8192
[I][AlphaRuntime] SYSTEM_MENU action=toggle open=1 gameplay_command=none
[I][AlphaRuntime] INPUT_EDGE raw=00,00,00,00,00 prev=00,00,00,00,00 matrix=0,0 physical=matrix-key edge=press mods=S0,A0,H0 printable=08 base=00 symbol=00 ui=inventory emitted=back action_char=0 shortcut=none
[I][AlphaRuntime] SYSTEM_MENU action=back accepted=1 open=0 gameplay_command=none
[I][AlphaRuntime] INPUT_EDGE raw=00,00,00,00,00 prev=00,00,00,00,00 matrix=0,0 physical=matrix-key edge=press mods=S0,A1,H0 printable=6d base=00 symbol=00 ui=explore emitted=system-menu action_char=0 shortcut=none
[I][AlphaSave] SD_HEAP operation=release-reserved-dma state=save-catalog free_internal=67108864 free_dma=67108864 largest_dma=67108864 largest_internal=67108864 requested_dma=8192
[I][AlphaSave] SD_HEAP operation=sd-window-open state=save-catalog free_internal=67108864 free_dma=67108864 largest_dma=67108864 largest_internal=67108864 requested_dma=512
[I][AlphaSave] SAVE_CATALOG slot1=cached slot2=empty slot3=empty staged=0 bytes=64 commit_us=88 verify_us=0 total_us=91
[I][AlphaSave] SD_HEAP operation=dma-reserve-restored state=save-catalog free_internal=67108864 free_dma=67108864 largest_dma=67108864 largest_internal=67108864 requested_dma=8192
[I][AlphaRuntime] SYSTEM_MENU action=toggle open=1 gameplay_command=none
[I][AlphaRuntime] INPUT_EDGE raw=00,00,00,00,00 prev=00,00,00,00,00 matrix=0,0 physical=matrix-key edge=press mods=S0,A0,H0 printable=08 base=00 symbol=00 ui=inventory emitted=back action_char=0 shortcut=none
[I][AlphaRuntime] SYSTEM_MENU action=back accepted=1 open=0 gameplay_command=none
[I][AlphaRuntime] INPUT_EDGE raw=00,00,00,00,00 prev=00,00,00,00,00 matrix=0,0 physical=matrix-key edge=press mods=S0,A1,H0 printable=6d base=00 symbol=00 ui=explore emitted=system-menu action_char=0 shortcut=none
[I][AlphaSave] SD_HEAP operation=release-reserved-dma state=save-catalog free_internal=67108864 free_dma=67108864 largest_dma=67108864 largest_internal=67108864 requested_dma=8192
[I][AlphaSave] SD_HEAP operation=sd-window-open state=save-catalog free_internal=67108864 free_dma=67108864 largest_dma=67108864 largest_internal=67108864 requested_dma=512
[I][AlphaSave] SAVE_CATALOG slot1=cached slot2=empty slot3=empty staged=0 bytes=64 commit_us=83 verify_us=0 total_us=87
[I][AlphaSave] SD_HEAP operation=dma-reserve-restored state=save-catalog free_internal=67108864 free_dma=67108864 largest_dma=67108864 largest_internal=67108864 requested_dma=8192
[I][AlphaRuntime] SYSTEM_MENU action=toggle open=1 gameplay_command=none
[I][AlphaRuntime] INPUT_EDGE raw=00,00,00,00,00 prev=00,00,00,00,00 matrix=0,0 physical=matrix-key edge=press mods=S0,A0,H0 printable=08 base=00 symbol=00 ui=inventory emitted=back action_char=0 shortcut=none
[I][AlphaRuntime] SYSTEM_MENU action=back accepted=1 open=0 gameplay_command=none
[I][AlphaRuntime] INPUT_EDGE raw=00,00,00,00,00 prev=00,00,00,00,00 matrix=0,0 physical=matrix-key edge=press mods=S0,A1,H0 printable=6d base=00 symbol=00 ui=explore emitted=system-menu action_char=0 shortcut=none
[I][AlphaSave] SD_HEAP operation=release-reserved-dma state=save-catalog free_internal=67108864 free_dma=67108864 largest_dma=67108864 largest_internal=67108864 requested_dma=8192
[I][AlphaSave] SD_HEAP operation=sd-window-open state=save-catalog free_internal=67108864 free_dma=67108864 largest_dma=67108864 largest_internal=67108864 requested_dma=512
[I][AlphaSave] SAVE_CATALOG slot1=cached slot2=empty slot3=empty staged=0 bytes=64 commit_us=82 verify_us=0 total_us=86
[I][AlphaSave] SD_HEAP operation=dma-reserve-restored state=save-catalog free_internal=67108864 free_dma=67108864 largest_dma=67108864 largest_internal=67108864 requested_dma=8192
[I][AlphaRuntime] SYSTEM_MENU action=toggle open=1 gameplay_command=none
[I][AlphaRuntime] INPUT_EDGE raw=00,00,00,00,00 prev=00,00,00,00,00 matrix=0,0 physical=matrix-key edge=press mods=S0,A0,H0 printable=08 base=00 symbol=00 ui=inventory emitted=back action_char=0 shortcut=none
[I][AlphaRuntime] SYSTEM_MENU action=back accepted=1 open=0 gameplay_command=none
[I][AlphaRuntime] INPUT_EDGE raw=00,00,00,00,00 prev=00,00,00,00,00 matrix=0,0 physical=matrix-key edge=press mods=S0,A1,H0 printable=6d base=00 symbol=00 ui=explore emitted=system-menu action_char=0 shortcut=none
[I][AlphaSave] SD_HEAP operation=release-reserved-dma state=save-catalog free_internal=67108864 free_dma=67108864 largest_dma=67108864 largest_internal=67108864 requested_dma=8192
[I][AlphaSave] SD_HEAP operation=sd-window-open state=save-catalog free_internal=67108864 free_dma=67108864 largest_dma=67108864 largest_internal=67108864 requested_dma=512
[I][AlphaSave] SAVE_CATALOG slot1=cached slot2=empty slot3=empty staged=0 bytes=64 commit_us=85 verify_us=0 total_us=89
[I][AlphaSave] SD_HEAP operation=dma-reserve-restored state=save-catalog free_internal=67108864 free_dma=67108864 largest_dma=67108864 largest_internal=67108864 requested_dma=8192
[I][AlphaRuntime] SYSTEM_MENU action=toggle open=1 gameplay_command=none
[I][AlphaRuntime] INPUT_EDGE raw=00,00,00,00,00 prev=00,00,00,00,00 matrix=0,0 physical=matrix-key edge=press mods=S0,A0,H0 printable=08 base=00 symbol=00 ui=inventory emitted=back action_char=0 shortcut=none
[I][AlphaRuntime] SYSTEM_MENU action=back accepted=1 open=0 gameplay_command=none
         live heap over cycles 1..100: min 439767 max 439767 (spread 0 B); files opened per open: first 2, then <= 2
  GREEN S0    every Alt+M opens the System Menu and every Back closes it
  GREEN S1    repeated opens leave the live heap exactly flat (no growth, no drift)
  GREEN S2    no file handle is left open after any cycle
  GREEN S3    one SD window per open, always closed (the storage transaction is balanced)
  GREEN S4    the 8 KiB DMA headroom is re-reserved after every window
  GREEN S5    opening and closing the menu writes nothing to the card

[K] the save list: reuse and invalidation
[I][AlphaRuntime] INPUT_EDGE raw=00,00,00,00,00 prev=00,00,00,00,00 matrix=0,0 physical=matrix-key edge=press mods=S0,A1,H0 printable=6d base=00 symbol=00 ui=explore emitted=system-menu action_char=0 shortcut=none
[I][AlphaSave] SD_HEAP operation=release-reserved-dma state=save-catalog free_internal=67108864 free_dma=67108864 largest_dma=67108864 largest_internal=67108864 requested_dma=8192
[I][AlphaSave] SD_HEAP operation=sd-window-open state=save-catalog free_internal=67108864 free_dma=67108864 largest_dma=67108864 largest_internal=67108864 requested_dma=512
[I][AlphaSave] SAVE_CATALOG slot1=cached slot2=empty slot3=empty staged=0 bytes=64 commit_us=83 verify_us=0 total_us=86
[I][AlphaSave] SD_HEAP operation=dma-reserve-restored state=save-catalog free_internal=67108864 free_dma=67108864 largest_dma=67108864 largest_internal=67108864 requested_dma=8192
[I][AlphaRuntime] SYSTEM_MENU action=toggle open=1 gameplay_command=none
[I][AlphaRuntime] INPUT_EDGE raw=00,00,00,00,00 prev=00,00,00,00,00 matrix=0,0 physical=matrix-key edge=press mods=S0,A0,H0 printable=08 base=00 symbol=00 ui=inventory emitted=back action_char=0 shortcut=none
[I][AlphaRuntime] SYSTEM_MENU action=back accepted=1 open=0 gameplay_command=none
[I][AlphaRuntime] INPUT_EDGE raw=00,00,00,00,00 prev=00,00,00,00,00 matrix=0,0 physical=matrix-key edge=press mods=S0,A1,H0 printable=6d base=00 symbol=00 ui=explore emitted=system-menu action_char=0 shortcut=none
[I][AlphaSave] SD_HEAP operation=release-reserved-dma state=save-catalog free_internal=67108864 free_dma=67108864 largest_dma=67108864 largest_internal=67108864 requested_dma=8192
[I][AlphaSave] SD_HEAP operation=sd-window-open state=save-catalog free_internal=67108864 free_dma=67108864 largest_dma=67108864 largest_internal=67108864 requested_dma=512
[I][AlphaSave] SAVE_CATALOG slot1=cached slot2=empty slot3=empty staged=0 bytes=64 commit_us=83 verify_us=0 total_us=93
[I][AlphaSave] SD_HEAP operation=dma-reserve-restored state=save-catalog free_internal=67108864 free_dma=67108864 largest_dma=67108864 largest_internal=67108864 requested_dma=8192
[I][AlphaRuntime] SYSTEM_MENU action=toggle open=1 gameplay_command=none
[I][AlphaRuntime] SYSTEM_MENU action=direction accepted=1 open=1 gameplay_command=none
[I][AlphaRuntime] SYSTEM_MENU action=direction accepted=1 open=1 gameplay_command=none
[I][AlphaRuntime] INPUT_EDGE raw=00,00,00,00,00 prev=00,00,00,00,00 matrix=0,0 physical=matrix-key edge=press mods=S0,A0,H0 printable=0d base=00 symbol=00 ui=inventory emitted=confirm action_char=0 shortcut=none
[I][AlphaRuntime] SYSTEM_MENU action=confirm accepted=1 open=1 gameplay_command=none
[I][AlphaRuntime] INPUT_EDGE raw=00,00,00,00,00 prev=00,00,00,00,00 matrix=0,0 physical=matrix-key edge=press mods=S0,A0,H0 printable=08 base=00 symbol=00 ui=inventory emitted=back action_char=0 shortcut=none
[I][AlphaRuntime] SYSTEM_MENU action=back accepted=1 open=1 gameplay_command=none
[I][AlphaRuntime] INPUT_EDGE raw=00,00,00,00,00 prev=00,00,00,00,00 matrix=0,0 physical=matrix-key edge=press mods=S0,A0,H0 printable=08 base=00 symbol=00 ui=inventory emitted=back action_char=0 shortcut=none
[I][AlphaRuntime] SYSTEM_MENU action=back accepted=1 open=0 gameplay_command=none
         warm open: opens=2 bytes_read=64; list 'Slot 1: Avatar, Britannia' / '4-5-139 12:00, party of 3. Enter loads'
  GREEN K1    an unchanged card costs two 32-byte commit reads per open (was 8 files and both sidecars)
[I][AlphaSave] SD_HEAP operation=release-reserved-dma state=save-inspect free_internal=67108864 free_dma=67108864 largest_dma=67108864 largest_internal=67108864 requested_dma=8192
[I][AlphaSave] SD_HEAP operation=sd-window-open state=save-inspect free_internal=67108864 free_dma=67108864 largest_dma=67108864 largest_internal=67108864 requested_dma=512
[I][AlphaSave] SAVE_SCRATCH psram_bytes=11888
[I][AlphaSave] SAVE_INSPECT save_slot=0 slot0=verified slot1=verified bytes=10210 commit_us=67 read_us=163 verify_us=732 total_us=993
[I][AlphaSave] SD_HEAP operation=dma-reserve-restored state=save-inspect free_internal=67108864 free_dma=67108864 largest_dma=67108864 largest_internal=67108864 requested_dma=8192
[I][AlphaSave] SD_HEAP operation=release-reserved-dma state=save-inspect free_internal=67108864 free_dma=67108864 largest_dma=67108864 largest_internal=67108864 requested_dma=8192
[I][AlphaSave] SD_HEAP operation=sd-window-open state=save-inspect free_internal=67108864 free_dma=67108864 largest_dma=67108864 largest_internal=67108864 requested_dma=512
[I][AlphaSave] SAVE_SCRATCH psram_bytes=11888
[I][AlphaSave] SAVE_INSPECT save_slot=0 slot0=verified slot1=verified bytes=10210 commit_us=74 read_us=160 verify_us=666 total_us=961
[I][AlphaSave] SD_HEAP operation=dma-reserve-restored state=save-inspect free_internal=67108864 free_dma=67108864 largest_dma=67108864 largest_internal=67108864 requested_dma=8192
[I][AlphaSave] SD_HEAP operation=release-reserved-dma state=save-inspect free_internal=67108864 free_dma=67108864 largest_dma=67108864 largest_internal=67108864 requested_dma=8192
[I][AlphaSave] SD_HEAP operation=sd-window-open state=save-inspect free_internal=67108864 free_dma=67108864 largest_dma=67108864 largest_internal=67108864 requested_dma=512
[I][AlphaSave] SAVE_INSPECT save_slot=0 slot0=cached slot1=cached bytes=64 commit_us=58 read_us=0 verify_us=0 total_us=62
[I][AlphaSave] SD_HEAP operation=dma-reserve-restored state=save-inspect free_internal=67108864 free_dma=67108864 largest_dma=67108864 largest_internal=67108864 requested_dma=8192
  GREEN K2    a reused list equals a cold inspection, field for field
[I][AlphaRuntime] INPUT_EDGE raw=00,00,00,00,00 prev=00,00,00,00,00 matrix=0,0 physical=matrix-key edge=press mods=S0,A1,H0 printable=73 base=00 symbol=00 ui=explore emitted=confirm action_char=0 shortcut=save
[I][AlphaSave] SD_HEAP operation=release-reserved-dma state=gameplay-save free_internal=67108864 free_dma=67108864 largest_dma=67108864 largest_internal=67108864 requested_dma=8192
[I][AlphaSave] SD_HEAP operation=sd-window-open state=gameplay-save free_internal=67108864 free_dma=67108864 largest_dma=67108864 largest_internal=67108864 requested_dma=512
[I][AlphaSave] NEWGAME_SAVE stage=create-root-directory result=ok esp_err=ESP_OK errno=0 path=/sd/ultima5 stack_margin=32768
[I][AlphaSave] NEWGAME_SAVE stage=create-save-directory result=ok esp_err=ESP_OK errno=0 path=/sd/ultima5/saves stack_margin=32768
[I][AlphaSave] SD_HEAP operation=free-space-before state=gameplay-save free_internal=67108864 free_dma=67108864 largest_dma=67108864 largest_internal=67108864 requested_dma=512
[I][AlphaSave] SD_HEAP operation=free-space-call-enter state=gameplay-save free_internal=67108864 free_dma=67108864 largest_dma=67108864 largest_internal=67108864 requested_dma=512
[I][AlphaSave] SD_HEAP operation=free-space-call-exit state=gameplay-save free_internal=67108864 free_dma=67108864 largest_dma=67108864 largest_internal=67108864 requested_dma=512
[I][AlphaSave] SD_HEAP operation=free-space-after state=gameplay-save free_internal=67108864 free_dma=67108864 largest_dma=67108864 largest_internal=67108864 requested_dma=512
[I][AlphaSave] SD_SPACE path=/sd api=esp_vfs_fat_info/f_getfree return=ESP_OK(0x0) errno=0 total_bytes=34359738368 free_bytes=8589934592 total_sectors=67108864 free_sectors=16777216 sector_bytes=512
[I][AlphaSave] NEWGAME_SAVE stage=free-space-query result=ok esp_err=ESP_OK errno=0 path=/sd stack_margin=32768
[I][AlphaSave] NEWGAME_SAVE stage=free-space result=ok esp_err=ESP_OK errno=0 path=/sd stack_margin=32768
[I][AlphaSave] SAVE_TARGET save_slot=0 newest=1 accepted=1 slot=0 keep=1 sequence=6
[I][AlphaSave] NEWGAME_SAVE stage=gam-encode result=ok esp_err=ESP_OK errno=0 path=INIT.GAM stack_margin=32768
[I][AlphaSave] NEWGAME_SAVE stage=ool-encode result=ok esp_err=ESP_OK errno=0 path=INIT.OOL stack_margin=32768
[I][AlphaSave] NEWGAME_SAVE stage=json-encode result=ok esp_err=ESP_OK errno=0 path=sidecar stack_margin=32768
[I][AlphaSave] SD_HEAP operation=write-gam-temp state=gameplay-save free_internal=67108864 free_dma=67108864 largest_dma=67108864 largest_internal=67108864 requested_dma=512
[I][AlphaSave] NEWGAME_SAVE stage=write-gam-temp result=ok esp_err=ESP_OK errno=0 path=/sd/ultima5/saves/alpha1-g0.gam.tmp stack_margin=32768
[I][AlphaSave] SD_HEAP operation=write-ool-temp state=gameplay-save free_internal=67108864 free_dma=67108864 largest_dma=67108864 largest_internal=67108864 requested_dma=512
[I][AlphaSave] NEWGAME_SAVE stage=write-ool-temp result=ok esp_err=ESP_OK errno=0 path=/sd/ultima5/saves/alpha1-g0.ool.tmp stack_margin=32768
[I][AlphaSave] SD_HEAP operation=write-json-temp state=gameplay-save free_internal=67108864 free_dma=67108864 largest_dma=67108864 largest_internal=67108864 requested_dma=512
[I][AlphaSave] NEWGAME_SAVE stage=write-json-temp result=ok esp_err=ESP_OK errno=0 path=/sd/ultima5/saves/alpha1-g0.json.tmp stack_margin=32768
[I][AlphaSave] SD_HEAP operation=crc-readback state=gameplay-save free_internal=67108864 free_dma=67108864 largest_dma=67108864 largest_internal=67108864 requested_dma=512
[I][AlphaSave] NEWGAME_SAVE stage=crc-readback result=ok esp_err=ESP_OK errno=0 path=/sd/ultima5/saves stack_margin=32768
[I][AlphaSave] NEWGAME_SAVE stage=rename-gam result=ok esp_err=ESP_OK errno=0 path=/sd/ultima5/saves/alpha1-g0.gam stack_margin=32768
[I][AlphaSave] NEWGAME_SAVE stage=rename-ool result=ok esp_err=ESP_OK errno=0 path=/sd/ultima5/saves/alpha1-g0.ool stack_margin=32768
[I][AlphaSave] NEWGAME_SAVE stage=rename-json result=ok esp_err=ESP_OK errno=0 path=/sd/ultima5/saves/alpha1-g0.json stack_margin=32768
[I][AlphaSave] NEWGAME_SAVE stage=write-commit-temp result=ok esp_err=ESP_OK errno=0 path=/sd/ultima5/saves/alpha1-g0.commit.tmp stack_margin=32768
[I][AlphaSave] NEWGAME_SAVE stage=rename-commit result=ok esp_err=ESP_OK errno=0 path=/sd/ultima5/saves/alpha1-g0.commit stack_margin=32768
[I][AlphaSave] NEWGAME_SAVE stage=semantic-validation result=ok esp_err=ESP_OK errno=0 path=/sd/ultima5/saves/alpha1-g0.commit stack_margin=32768
[I][AlphaSave] NEWGAME_SAVE stage=generation-final result=ok esp_err=ESP_OK errno=0 path=/sd/ultima5/saves/alpha1-g0.commit stack_margin=32768
[I][AlphaSave] save generation=6 save_slot=0 slot=0 time=13 ms json=369
[I][AlphaSave] SD_HEAP operation=dma-reserve-restored state=gameplay-save free_internal=67108864 free_dma=67108864 largest_dma=67108864 largest_internal=67108864 requested_dma=8192
[I][AlphaRuntime] debug teleport rebind moved=0 prior_dungeon=0 location=0 floor=0 xy=15,15 dungeon=0
[I][AlphaRuntime] INPUT_ROUTE action=confirm ui=explore gameplay_command=none
[I][AlphaRuntime] INPUT_EDGE raw=00,00,00,00,00 prev=00,00,00,00,00 matrix=0,0 physical=matrix-key edge=press mods=S0,A1,H0 printable=6d base=00 symbol=00 ui=explore emitted=system-menu action_char=0 shortcut=none
[I][AlphaSave] SD_HEAP operation=release-reserved-dma state=save-catalog free_internal=67108864 free_dma=67108864 largest_dma=67108864 largest_internal=67108864 requested_dma=8192
[I][AlphaSave] SD_HEAP operation=sd-window-open state=save-catalog free_internal=67108864 free_dma=67108864 largest_dma=67108864 largest_internal=67108864 requested_dma=512
[I][AlphaSave] SAVE_CATALOG slot1=cached slot2=empty slot3=empty staged=0 bytes=64 commit_us=121 verify_us=0 total_us=126
[I][AlphaSave] SD_HEAP operation=dma-reserve-restored state=save-catalog free_internal=67108864 free_dma=67108864 largest_dma=67108864 largest_internal=67108864 requested_dma=8192
[I][AlphaRuntime] SYSTEM_MENU action=toggle open=1 gameplay_command=none
[I][AlphaRuntime] SYSTEM_MENU action=direction accepted=1 open=1 gameplay_command=none
[I][AlphaRuntime] SYSTEM_MENU action=direction accepted=1 open=1 gameplay_command=none
[I][AlphaRuntime] INPUT_EDGE raw=00,00,00,00,00 prev=00,00,00,00,00 matrix=0,0 physical=matrix-key edge=press mods=S0,A0,H0 printable=0d base=00 symbol=00 ui=inventory emitted=confirm action_char=0 shortcut=none
[I][AlphaRuntime] SYSTEM_MENU action=confirm accepted=1 open=1 gameplay_command=none
[I][AlphaRuntime] INPUT_EDGE raw=00,00,00,00,00 prev=00,00,00,00,00 matrix=0,0 physical=matrix-key edge=press mods=S0,A0,H0 printable=08 base=00 symbol=00 ui=inventory emitted=back action_char=0 shortcut=none
[I][AlphaRuntime] SYSTEM_MENU action=back accepted=1 open=1 gameplay_command=none
[I][AlphaRuntime] INPUT_EDGE raw=00,00,00,00,00 prev=00,00,00,00,00 matrix=0,0 physical=matrix-key edge=press mods=S0,A0,H0 printable=08 base=00 symbol=00 ui=inventory emitted=back action_char=0 shortcut=none
[I][AlphaRuntime] SYSTEM_MENU action=back accepted=1 open=0 gameplay_command=none
[I][AlphaSave] SD_HEAP operation=release-reserved-dma state=save-inspect free_internal=67108864 free_dma=67108864 largest_dma=67108864 largest_internal=67108864 requested_dma=8192
[I][AlphaSave] SD_HEAP operation=sd-window-open state=save-inspect free_internal=67108864 free_dma=67108864 largest_dma=67108864 largest_internal=67108864 requested_dma=512
[I][AlphaSave] SAVE_SCRATCH psram_bytes=11888
[I][AlphaSave] SAVE_INSPECT save_slot=0 slot0=verified slot1=verified bytes=10210 commit_us=51 read_us=156 verify_us=617 total_us=846
[I][AlphaSave] SD_HEAP operation=dma-reserve-restored state=save-inspect free_internal=67108864 free_dma=67108864 largest_dma=67108864 largest_internal=67108864 requested_dma=8192
         cold after save: [PV seq=6 'Avatar'] [PV seq=5 'Avatar']
         open after save: opens=2; list 'Slot 1: Avatar, Britannia' / '4-5-139 12:00, party of 3. Enter loads'
[I][AlphaSave] SD_HEAP operation=release-reserved-dma state=save-catalog free_internal=67108864 free_dma=67108864 largest_dma=67108864 largest_internal=67108864 requested_dma=8192
[I][AlphaSave] SD_HEAP operation=sd-window-open state=save-catalog free_internal=67108864 free_dma=67108864 largest_dma=67108864 largest_internal=67108864 requested_dma=512
[I][AlphaSave] SAVE_SCRATCH psram_bytes=11888
[I][AlphaSave] SAVE_CATALOG slot1=verified slot2=empty slot3=empty staged=1 bytes=5137 commit_us=99 verify_us=392 total_us=503
[I][AlphaSave] SD_HEAP operation=dma-reserve-restored state=save-catalog free_internal=67108864 free_dma=67108864 largest_dma=67108864 largest_internal=67108864 requested_dma=8192
[I][AlphaSave] SD_HEAP operation=release-reserved-dma state=save-catalog free_internal=67108864 free_dma=67108864 largest_dma=67108864 largest_internal=67108864 requested_dma=8192
[I][AlphaSave] SD_HEAP operation=sd-window-open state=save-catalog free_internal=67108864 free_dma=67108864 largest_dma=67108864 largest_internal=67108864 requested_dma=512
[I][AlphaSave] SAVE_CATALOG slot1=cached slot2=empty slot3=empty staged=0 bytes=64 commit_us=93 verify_us=0 total_us=97
[I][AlphaSave] SD_HEAP operation=dma-reserve-restored state=save-catalog free_internal=67108864 free_dma=67108864 largest_dma=67108864 largest_internal=67108864 requested_dma=8192
  GREEN K3a   after a save the menu lists what a cold inspection lists
  GREEN K3b   the save's own post-write check supplies the new slot: two commit reads
[I][AlphaRuntime] INPUT_EDGE raw=00,00,00,00,00 prev=00,00,00,00,00 matrix=0,0 physical=matrix-key edge=press mods=S0,A1,H0 printable=6d base=00 symbol=00 ui=explore emitted=system-menu action_char=0 shortcut=none
[I][AlphaSave] SD_HEAP operation=release-reserved-dma state=save-catalog free_internal=67108864 free_dma=67108864 largest_dma=67108864 largest_internal=67108864 requested_dma=8192
[I][AlphaSave] SD_HEAP operation=sd-window-open state=save-catalog free_internal=67108864 free_dma=67108864 largest_dma=67108864 largest_internal=67108864 requested_dma=512
[I][AlphaSave] SAVE_CATALOG slot1=verified slot2=empty slot3=empty staged=1 bytes=5137 commit_us=6949 verify_us=464 total_us=7418
[I][AlphaSave] SD_HEAP operation=dma-reserve-restored state=save-catalog free_internal=67108864 free_dma=67108864 largest_dma=67108864 largest_internal=67108864 requested_dma=8192
[I][AlphaRuntime] SYSTEM_MENU action=toggle open=1 gameplay_command=none
[I][AlphaRuntime] INPUT_EDGE raw=00,00,00,00,00 prev=00,00,00,00,00 matrix=0,0 physical=matrix-key edge=press mods=S0,A0,H0 printable=08 base=00 symbol=00 ui=inventory emitted=back action_char=0 shortcut=none
[I][AlphaRuntime] SYSTEM_MENU action=back accepted=1 open=0 gameplay_command=none
[I][AlphaSave] SD_HEAP operation=release-reserved-dma state=save-inspect free_internal=67108864 free_dma=67108864 largest_dma=67108864 largest_internal=67108864 requested_dma=8192
[I][AlphaSave] SD_HEAP operation=sd-window-open state=save-inspect free_internal=67108864 free_dma=67108864 largest_dma=67108864 largest_internal=67108864 requested_dma=512
[I][AlphaSave] SAVE_SCRATCH psram_bytes=11888
[I][AlphaSave] SAVE_INSPECT save_slot=0 slot0=verified slot1=verified bytes=10210 commit_us=60 read_us=159 verify_us=623 total_us=867
[I][AlphaSave] SD_HEAP operation=dma-reserve-restored state=save-inspect free_internal=67108864 free_dma=67108864 largest_dma=67108864 largest_internal=67108864 requested_dma=8192
[I][AlphaRuntime] INPUT_EDGE raw=00,00,00,00,00 prev=00,00,00,00,00 matrix=0,0 physical=matrix-key edge=press mods=S0,A1,H0 printable=6d base=00 symbol=00 ui=explore emitted=system-menu action_char=0 shortcut=none
[I][AlphaSave] SD_HEAP operation=release-reserved-dma state=save-catalog free_internal=67108864 free_dma=67108864 largest_dma=67108864 largest_internal=67108864 requested_dma=8192
[I][AlphaSave] SD_HEAP operation=sd-window-open state=save-catalog free_internal=67108864 free_dma=67108864 largest_dma=67108864 largest_internal=67108864 requested_dma=512
[I][AlphaSave] SAVE_CATALOG slot1=cached slot2=empty slot3=empty staged=0 bytes=64 commit_us=112 verify_us=0 total_us=116
[I][AlphaSave] SD_HEAP operation=dma-reserve-restored state=save-catalog free_internal=67108864 free_dma=67108864 largest_dma=67108864 largest_internal=67108864 requested_dma=8192
[I][AlphaRuntime] SYSTEM_MENU action=toggle open=1 gameplay_command=none
[I][AlphaRuntime] SYSTEM_MENU action=direction accepted=1 open=1 gameplay_command=none
[I][AlphaRuntime] SYSTEM_MENU action=direction accepted=1 open=1 gameplay_command=none
[I][AlphaRuntime] INPUT_EDGE raw=00,00,00,00,00 prev=00,00,00,00,00 matrix=0,0 physical=matrix-key edge=press mods=S0,A0,H0 printable=0d base=00 symbol=00 ui=inventory emitted=confirm action_char=0 shortcut=none
[I][AlphaRuntime] SYSTEM_MENU action=confirm accepted=1 open=1 gameplay_command=none
[I][AlphaRuntime] INPUT_EDGE raw=00,00,00,00,00 prev=00,00,00,00,00 matrix=0,0 physical=matrix-key edge=press mods=S0,A0,H0 printable=08 base=00 symbol=00 ui=inventory emitted=back action_char=0 shortcut=none
[I][AlphaRuntime] SYSTEM_MENU action=back accepted=1 open=1 gameplay_command=none
[I][AlphaRuntime] INPUT_EDGE raw=00,00,00,00,00 prev=00,00,00,00,00 matrix=0,0 physical=matrix-key edge=press mods=S0,A0,H0 printable=08 base=00 symbol=00 ui=inventory emitted=back action_char=0 shortcut=none
[I][AlphaRuntime] SYSTEM_MENU action=back accepted=1 open=0 gameplay_command=none
         commit rewritten: opens=5
  GREEN K4    a changed commit record is a miss: that slot alone is read and verified again
[I][AlphaRuntime] INPUT_EDGE raw=00,00,00,00,00 prev=00,00,00,00,00 matrix=0,0 physical=matrix-key edge=press mods=S0,A1,H0 printable=6d base=00 symbol=00 ui=explore emitted=system-menu action_char=0 shortcut=none
[I][AlphaSave] SD_HEAP operation=release-reserved-dma state=save-catalog free_internal=67108864 free_dma=67108864 largest_dma=67108864 largest_internal=67108864 requested_dma=8192
[I][AlphaSave] SD_HEAP operation=sd-window-open state=save-catalog free_internal=67108864 free_dma=67108864 largest_dma=67108864 largest_internal=67108864 requested_dma=512
[I][AlphaSave] SAVE_CATALOG slot1=cached slot2=empty slot3=empty staged=0 bytes=32 commit_us=531 verify_us=0 total_us=536
[I][AlphaSave] SD_HEAP operation=dma-reserve-restored state=save-catalog free_internal=67108864 free_dma=67108864 largest_dma=67108864 largest_internal=67108864 requested_dma=8192
[I][AlphaRuntime] SYSTEM_MENU action=toggle open=1 gameplay_command=none
[I][AlphaRuntime] SYSTEM_MENU action=direction accepted=1 open=1 gameplay_command=none
[I][AlphaRuntime] SYSTEM_MENU action=direction accepted=1 open=1 gameplay_command=none
[I][AlphaRuntime] INPUT_EDGE raw=00,00,00,00,00 prev=00,00,00,00,00 matrix=0,0 physical=matrix-key edge=press mods=S0,A0,H0 printable=0d base=00 symbol=00 ui=inventory emitted=confirm action_char=0 shortcut=none
[I][AlphaRuntime] SYSTEM_MENU action=confirm accepted=1 open=1 gameplay_command=none
[I][AlphaRuntime] INPUT_EDGE raw=00,00,00,00,00 prev=00,00,00,00,00 matrix=0,0 physical=matrix-key edge=press mods=S0,A0,H0 printable=08 base=00 symbol=00 ui=inventory emitted=back action_char=0 shortcut=none
[I][AlphaRuntime] SYSTEM_MENU action=back accepted=1 open=1 gameplay_command=none
[I][AlphaRuntime] INPUT_EDGE raw=00,00,00,00,00 prev=00,00,00,00,00 matrix=0,0 physical=matrix-key edge=press mods=S0,A0,H0 printable=08 base=00 symbol=00 ui=inventory emitted=back action_char=0 shortcut=none
[I][AlphaRuntime] SYSTEM_MENU action=back accepted=1 open=0 gameplay_command=none
[I][AlphaSave] SD_HEAP operation=release-reserved-dma state=save-catalog free_internal=67108864 free_dma=67108864 largest_dma=67108864 largest_internal=67108864 requested_dma=8192
[I][AlphaSave] SD_HEAP operation=sd-window-open state=save-catalog free_internal=67108864 free_dma=67108864 largest_dma=67108864 largest_internal=67108864 requested_dma=512
[I][AlphaSave] SAVE_SCRATCH psram_bytes=11888
[I][AlphaSave] SAVE_CATALOG slot1=verified slot2=empty slot3=empty staged=1 bytes=5105 commit_us=95 verify_us=465 total_us=566
[I][AlphaSave] SD_HEAP operation=dma-reserve-restored state=save-catalog free_internal=67108864 free_dma=67108864 largest_dma=67108864 largest_internal=67108864 requested_dma=8192
[I][AlphaSave] SD_HEAP operation=release-reserved-dma state=save-catalog free_internal=67108864 free_dma=67108864 largest_dma=67108864 largest_internal=67108864 requested_dma=8192
[I][AlphaSave] SD_HEAP operation=sd-window-open state=save-catalog free_internal=67108864 free_dma=67108864 largest_dma=67108864 largest_internal=67108864 requested_dma=512
[I][AlphaSave] SAVE_CATALOG slot1=cached slot2=empty slot3=empty staged=0 bytes=32 commit_us=78 verify_us=0 total_us=82
[I][AlphaSave] SD_HEAP operation=dma-reserve-restored state=save-catalog free_internal=67108864 free_dma=67108864 largest_dma=67108864 largest_internal=67108864 requested_dma=8192
  GREEN K5a   a deleted generation is dropped from the list at once (Slot 1 shows the one before it)
[I][AlphaRuntime] INPUT_EDGE raw=00,00,00,00,00 prev=00,00,00,00,00 matrix=0,0 physical=matrix-key edge=press mods=S0,A1,H0 printable=6d base=00 symbol=00 ui=explore emitted=system-menu action_char=0 shortcut=none
[I][AlphaSave] SD_HEAP operation=release-reserved-dma state=save-catalog free_internal=67108864 free_dma=67108864 largest_dma=67108864 largest_internal=67108864 requested_dma=8192
[I][AlphaSave] SD_HEAP operation=sd-window-open state=save-catalog free_internal=67108864 free_dma=67108864 largest_dma=67108864 largest_internal=67108864 requested_dma=512
[I][AlphaSave] SAVE_CATALOG slot1=verified slot2=empty slot3=empty staged=1 bytes=5137 commit_us=518 verify_us=462 total_us=985
[I][AlphaSave] SD_HEAP operation=dma-reserve-restored state=save-catalog free_internal=67108864 free_dma=67108864 largest_dma=67108864 largest_internal=67108864 requested_dma=8192
[I][AlphaRuntime] SYSTEM_MENU action=toggle open=1 gameplay_command=none
[I][AlphaRuntime] SYSTEM_MENU action=direction accepted=1 open=1 gameplay_command=none
[I][AlphaRuntime] SYSTEM_MENU action=direction accepted=1 open=1 gameplay_command=none
[I][AlphaRuntime] INPUT_EDGE raw=00,00,00,00,00 prev=00,00,00,00,00 matrix=0,0 physical=matrix-key edge=press mods=S0,A0,H0 printable=0d base=00 symbol=00 ui=inventory emitted=confirm action_char=0 shortcut=none
[I][AlphaRuntime] SYSTEM_MENU action=confirm accepted=1 open=1 gameplay_command=none
[I][AlphaRuntime] INPUT_EDGE raw=00,00,00,00,00 prev=00,00,00,00,00 matrix=0,0 physical=matrix-key edge=press mods=S0,A0,H0 printable=08 base=00 symbol=00 ui=inventory emitted=back action_char=0 shortcut=none
[I][AlphaRuntime] SYSTEM_MENU action=back accepted=1 open=1 gameplay_command=none
[I][AlphaRuntime] INPUT_EDGE raw=00,00,00,00,00 prev=00,00,00,00,00 matrix=0,0 physical=matrix-key edge=press mods=S0,A0,H0 printable=08 base=00 symbol=00 ui=inventory emitted=back action_char=0 shortcut=none
[I][AlphaRuntime] SYSTEM_MENU action=back accepted=1 open=0 gameplay_command=none
  GREEN K5b   the same generation put back is listed again
[I][AlphaRuntime] INPUT_EDGE raw=00,00,00,00,00 prev=00,00,00,00,00 matrix=0,0 physical=matrix-key edge=press mods=S0,A1,H0 printable=6d base=00 symbol=00 ui=explore emitted=system-menu action_char=0 shortcut=none
[I][AlphaSave] SD_HEAP operation=release-reserved-dma state=save-catalog free_internal=67108864 free_dma=67108864 largest_dma=67108864 largest_internal=67108864 requested_dma=8192
[I][AlphaSave] SD_HEAP operation=sd-window-open state=save-catalog free_internal=67108864 free_dma=67108864 largest_dma=67108864 largest_internal=67108864 requested_dma=512
[I][AlphaSave] SAVE_CATALOG slot1=recovered slot2=empty slot3=empty staged=1 bytes=5137 commit_us=3338 verify_us=109 total_us=3453
[I][AlphaSave] SD_HEAP operation=dma-reserve-restored state=save-catalog free_internal=67108864 free_dma=67108864 largest_dma=67108864 largest_internal=67108864 requested_dma=8192
[I][AlphaRuntime] SYSTEM_MENU action=toggle open=1 gameplay_command=none
[I][AlphaRuntime] SYSTEM_MENU action=direction accepted=1 open=1 gameplay_command=none
[I][AlphaRuntime] SYSTEM_MENU action=direction accepted=1 open=1 gameplay_command=none
[I][AlphaRuntime] INPUT_EDGE raw=00,00,00,00,00 prev=00,00,00,00,00 matrix=0,0 physical=matrix-key edge=press mods=S0,A0,H0 printable=0d base=00 symbol=00 ui=inventory emitted=confirm action_char=0 shortcut=none
[I][AlphaRuntime] SYSTEM_MENU action=confirm accepted=1 open=1 gameplay_command=none
[I][AlphaRuntime] INPUT_EDGE raw=00,00,00,00,00 prev=00,00,00,00,00 matrix=0,0 physical=matrix-key edge=press mods=S0,A0,H0 printable=08 base=00 symbol=00 ui=inventory emitted=back action_char=0 shortcut=none
[I][AlphaRuntime] SYSTEM_MENU action=back accepted=1 open=1 gameplay_command=none
[I][AlphaRuntime] INPUT_EDGE raw=00,00,00,00,00 prev=00,00,00,00,00 matrix=0,0 physical=matrix-key edge=press mods=S0,A0,H0 printable=08 base=00 symbol=00 ui=inventory emitted=back action_char=0 shortcut=none
[I][AlphaRuntime] SYSTEM_MENU action=back accepted=1 open=0 gameplay_command=none
[I][AlphaRuntime] INPUT_EDGE raw=00,00,00,00,00 prev=00,00,00,00,00 matrix=0,0 physical=matrix-key edge=press mods=S0,A1,H0 printable=6d base=00 symbol=00 ui=explore emitted=system-menu action_char=0 shortcut=none
[I][AlphaSave] SD_HEAP operation=release-reserved-dma state=save-catalog free_internal=67108864 free_dma=67108864 largest_dma=67108864 largest_internal=67108864 requested_dma=8192
[I][AlphaSave] SD_HEAP operation=sd-window-open state=save-catalog free_internal=67108864 free_dma=67108864 largest_dma=67108864 largest_internal=67108864 requested_dma=512
[I][AlphaSave] SAVE_CATALOG slot1=recovered slot2=empty slot3=empty staged=1 bytes=5137 commit_us=92 verify_us=95 total_us=191
[I][AlphaSave] SD_HEAP operation=dma-reserve-restored state=save-catalog free_internal=67108864 free_dma=67108864 largest_dma=67108864 largest_internal=67108864 requested_dma=8192
[I][AlphaRuntime] SYSTEM_MENU action=toggle open=1 gameplay_command=none
[I][AlphaRuntime] SYSTEM_MENU action=direction accepted=1 open=1 gameplay_command=none
[I][AlphaRuntime] SYSTEM_MENU action=direction accepted=1 open=1 gameplay_command=none
[I][AlphaRuntime] INPUT_EDGE raw=00,00,00,00,00 prev=00,00,00,00,00 matrix=0,0 physical=matrix-key edge=press mods=S0,A0,H0 printable=0d base=00 symbol=00 ui=inventory emitted=confirm action_char=0 shortcut=none
[I][AlphaRuntime] SYSTEM_MENU action=confirm accepted=1 open=1 gameplay_command=none
[I][AlphaRuntime] INPUT_EDGE raw=00,00,00,00,00 prev=00,00,00,00,00 matrix=0,0 physical=matrix-key edge=press mods=S0,A0,H0 printable=08 base=00 symbol=00 ui=inventory emitted=back action_char=0 shortcut=none
[I][AlphaRuntime] SYSTEM_MENU action=back accepted=1 open=1 gameplay_command=none
[I][AlphaRuntime] INPUT_EDGE raw=00,00,00,00,00 prev=00,00,00,00,00 matrix=0,0 physical=matrix-key edge=press mods=S0,A0,H0 printable=08 base=00 symbol=00 ui=inventory emitted=back action_char=0 shortcut=none
[I][AlphaRuntime] SYSTEM_MENU action=back accepted=1 open=0 gameplay_command=none
  GREEN K6    a refused generation is listed damaged and re-read on every open (never cached)
[I][AlphaRuntime] INPUT_EDGE raw=00,00,00,00,00 prev=00,00,00,00,00 matrix=0,0 physical=matrix-key edge=press mods=S0,A1,H0 printable=6d base=00 symbol=00 ui=explore emitted=system-menu action_char=0 shortcut=none
[I][AlphaSave] SD_HEAP operation=release-reserved-dma state=save-catalog free_internal=67108864 free_dma=67108864 largest_dma=67108864 largest_internal=67108864 requested_dma=8192
[I][AlphaSave] SD_HEAP operation=sd-window-open state=save-catalog free_internal=67108864 free_dma=67108864 largest_dma=67108864 largest_internal=67108864 requested_dma=512
[I][AlphaSave] SAVE_CATALOG slot1=verified slot2=empty slot3=empty staged=1 bytes=5137 commit_us=515 verify_us=478 total_us=999
[I][AlphaSave] SD_HEAP operation=dma-reserve-restored state=save-catalog free_internal=67108864 free_dma=67108864 largest_dma=67108864 largest_internal=67108864 requested_dma=8192
[I][AlphaRuntime] SYSTEM_MENU action=toggle open=1 gameplay_command=none
[I][AlphaRuntime] SYSTEM_MENU action=direction accepted=1 open=1 gameplay_command=none
[I][AlphaRuntime] SYSTEM_MENU action=direction accepted=1 open=1 gameplay_command=none
[I][AlphaRuntime] INPUT_EDGE raw=00,00,00,00,00 prev=00,00,00,00,00 matrix=0,0 physical=matrix-key edge=press mods=S0,A0,H0 printable=0d base=00 symbol=00 ui=inventory emitted=confirm action_char=0 shortcut=none
[I][AlphaRuntime] SYSTEM_MENU action=confirm accepted=1 open=1 gameplay_command=none
[I][AlphaRuntime] INPUT_EDGE raw=00,00,00,00,00 prev=00,00,00,00,00 matrix=0,0 physical=matrix-key edge=press mods=S0,A0,H0 printable=08 base=00 symbol=00 ui=inventory emitted=back action_char=0 shortcut=none
[I][AlphaRuntime] SYSTEM_MENU action=back accepted=1 open=1 gameplay_command=none
[I][AlphaRuntime] INPUT_EDGE raw=00,00,00,00,00 prev=00,00,00,00,00 matrix=0,0 physical=matrix-key edge=press mods=S0,A0,H0 printable=08 base=00 symbol=00 ui=inventory emitted=back action_char=0 shortcut=none
[I][AlphaRuntime] SYSTEM_MENU action=back accepted=1 open=0 gameplay_command=none
  GREEN K6b   repaired, it is listed valid on the next open
[I][AlphaSave] SD_HEAP operation=release-reserved-dma state=save-inspect free_internal=67108864 free_dma=67108864 largest_dma=67108864 largest_internal=67108864 requested_dma=8192
[I][AlphaSave] SD_HEAP operation=sd-window-open state=save-inspect free_internal=67108864 free_dma=67108864 largest_dma=67108864 largest_internal=67108864 requested_dma=512
[I][AlphaSave] SAVE_SCRATCH psram_bytes=11888
[I][AlphaSave] SAVE_INSPECT save_slot=0 slot0=verified slot1=verified bytes=10210 commit_us=109 read_us=207 verify_us=671 total_us=1031
[I][AlphaSave] SD_HEAP operation=dma-reserve-restored state=save-inspect free_internal=67108864 free_dma=67108864 largest_dma=67108864 largest_internal=67108864 requested_dma=8192
[I][AlphaRuntime] INPUT_EDGE raw=00,00,00,00,00 prev=00,00,00,00,00 matrix=0,0 physical=matrix-key edge=press mods=S0,A1,H0 printable=6d base=00 symbol=00 ui=explore emitted=system-menu action_char=0 shortcut=none
[I][AlphaSave] SD_HEAP operation=release-reserved-dma state=save-catalog free_internal=67108864 free_dma=67108864 largest_dma=67108864 largest_internal=67108864 requested_dma=8192
[I][AlphaSave] SD_HEAP operation=sd-window-open state=save-catalog free_internal=67108864 free_dma=67108864 largest_dma=67108864 largest_internal=67108864 requested_dma=512
[I][AlphaSave] SAVE_CATALOG slot1=cached slot2=empty slot3=empty staged=0 bytes=32 commit_us=100 verify_us=0 total_us=105
[I][AlphaSave] SD_HEAP operation=dma-reserve-restored state=save-catalog free_internal=67108864 free_dma=67108864 largest_dma=67108864 largest_internal=67108864 requested_dma=8192
[I][AlphaRuntime] SYSTEM_MENU action=toggle open=1 gameplay_command=none
[I][AlphaRuntime] SYSTEM_MENU action=direction accepted=1 open=1 gameplay_command=none
[I][AlphaRuntime] INPUT_EDGE raw=00,00,00,00,00 prev=00,00,00,00,00 matrix=0,0 physical=matrix-key edge=press mods=S0,A0,H0 printable=0d base=00 symbol=00 ui=inventory emitted=confirm action_char=0 shortcut=none
[I][AlphaRuntime] SYSTEM_MENU action=confirm accepted=1 open=1 gameplay_command=none
[I][AlphaRuntime] INPUT_EDGE raw=00,00,00,00,00 prev=00,00,00,00,00 matrix=0,0 physical=matrix-key edge=press mods=S0,A0,H0 printable=0d base=00 symbol=00 ui=inventory emitted=confirm action_char=0 shortcut=none
[I][AlphaRuntime] SYSTEM_MENU action=confirm accepted=1 open=1 gameplay_command=none
[I][AlphaRuntime] SYSTEM_MENU action=direction accepted=1 open=1 gameplay_command=none
[I][AlphaRuntime] INPUT_EDGE raw=00,00,00,00,00 prev=00,00,00,00,00 matrix=0,0 physical=matrix-key edge=press mods=S0,A0,H0 printable=0d base=00 symbol=00 ui=inventory emitted=confirm action_char=0 shortcut=none
[I][AlphaSave] SD_HEAP operation=release-reserved-dma state=gameplay-save free_internal=67108864 free_dma=67108864 largest_dma=67108864 largest_internal=67108864 requested_dma=8192
[I][AlphaSave] SD_HEAP operation=sd-window-open state=gameplay-save free_internal=67108864 free_dma=67108864 largest_dma=67108864 largest_internal=67108864 requested_dma=512
[I][AlphaSave] NEWGAME_SAVE stage=create-root-directory result=ok esp_err=ESP_OK errno=0 path=/sd/ultima5 stack_margin=32768
[I][AlphaSave] NEWGAME_SAVE stage=create-save-directory result=ok esp_err=ESP_OK errno=0 path=/sd/ultima5/saves stack_margin=32768
[I][AlphaSave] SD_HEAP operation=free-space-before state=gameplay-save free_internal=67108864 free_dma=67108864 largest_dma=67108864 largest_internal=67108864 requested_dma=512
[I][AlphaSave] SD_HEAP operation=free-space-call-enter state=gameplay-save free_internal=67108864 free_dma=67108864 largest_dma=67108864 largest_internal=67108864 requested_dma=512
[I][AlphaSave] SD_HEAP operation=free-space-call-exit state=gameplay-save free_internal=67108864 free_dma=67108864 largest_dma=67108864 largest_internal=67108864 requested_dma=512
[I][AlphaSave] SD_HEAP operation=free-space-after state=gameplay-save free_internal=67108864 free_dma=67108864 largest_dma=67108864 largest_internal=67108864 requested_dma=512
[I][AlphaSave] SD_SPACE path=/sd api=esp_vfs_fat_info/f_getfree return=ESP_OK(0x0) errno=0 total_bytes=34359738368 free_bytes=8589934592 total_sectors=67108864 free_sectors=16777216 sector_bytes=512
[I][AlphaSave] NEWGAME_SAVE stage=free-space-query result=ok esp_err=ESP_OK errno=0 path=/sd stack_margin=32768
[I][AlphaSave] NEWGAME_SAVE stage=free-space result=ok esp_err=ESP_OK errno=0 path=/sd stack_margin=32768
[I][AlphaSave] SAVE_TARGET save_slot=0 newest=1 accepted=1 slot=0 keep=1 sequence=6
[I][AlphaSave] NEWGAME_SAVE stage=gam-encode result=ok esp_err=ESP_OK errno=0 path=INIT.GAM stack_margin=32768
[I][AlphaSave] NEWGAME_SAVE stage=ool-encode result=ok esp_err=ESP_OK errno=0 path=INIT.OOL stack_margin=32768
[I][AlphaSave] NEWGAME_SAVE stage=json-encode result=ok esp_err=ESP_OK errno=0 path=sidecar stack_margin=32768
[I][AlphaSave] SD_HEAP operation=write-gam-temp state=gameplay-save free_internal=67108864 free_dma=67108864 largest_dma=67108864 largest_internal=67108864 requested_dma=512
[I][AlphaSave] NEWGAME_SAVE stage=write-gam-temp result=ok esp_err=ESP_OK errno=0 path=/sd/ultima5/saves/alpha1-g0.gam.tmp stack_margin=32768
[I][AlphaSave] SD_HEAP operation=write-ool-temp state=gameplay-save free_internal=67108864 free_dma=67108864 largest_dma=67108864 largest_internal=67108864 requested_dma=512
[I][AlphaSave] NEWGAME_SAVE stage=write-ool-temp result=ok esp_err=ESP_OK errno=0 path=/sd/ultima5/saves/alpha1-g0.ool.tmp stack_margin=32768
[I][AlphaSave] SD_HEAP operation=write-json-temp state=gameplay-save free_internal=67108864 free_dma=67108864 largest_dma=67108864 largest_internal=67108864 requested_dma=512
[I][AlphaSave] NEWGAME_SAVE stage=write-json-temp result=ok esp_err=ESP_OK errno=0 path=/sd/ultima5/saves/alpha1-g0.json.tmp stack_margin=32768
[I][AlphaSave] SD_HEAP operation=crc-readback state=gameplay-save free_internal=67108864 free_dma=67108864 largest_dma=67108864 largest_internal=67108864 requested_dma=512
[I][AlphaSave] NEWGAME_SAVE stage=crc-readback result=ok esp_err=ESP_OK errno=0 path=/sd/ultima5/saves stack_margin=32768
[I][AlphaSave] NEWGAME_SAVE stage=rename-gam result=ok esp_err=ESP_OK errno=0 path=/sd/ultima5/saves/alpha1-g0.gam stack_margin=32768
[I][AlphaSave] NEWGAME_SAVE stage=rename-ool result=ok esp_err=ESP_OK errno=0 path=/sd/ultima5/saves/alpha1-g0.ool stack_margin=32768
[I][AlphaSave] NEWGAME_SAVE stage=rename-json result=ok esp_err=ESP_OK errno=0 path=/sd/ultima5/saves/alpha1-g0.json stack_margin=32768
[I][AlphaSave] NEWGAME_SAVE stage=write-commit-temp result=ok esp_err=ESP_OK errno=0 path=/sd/ultima5/saves/alpha1-g0.commit.tmp stack_margin=32768
[I][AlphaSave] NEWGAME_SAVE stage=rename-commit result=ok esp_err=ESP_OK errno=0 path=/sd/ultima5/saves/alpha1-g0.commit stack_margin=32768
[I][AlphaSave] NEWGAME_SAVE stage=semantic-validation result=ok esp_err=ESP_OK errno=0 path=/sd/ultima5/saves/alpha1-g0.commit stack_margin=32768
[I][AlphaSave] NEWGAME_SAVE stage=generation-final result=ok esp_err=ESP_OK errno=0 path=/sd/ultima5/saves/alpha1-g0.commit stack_margin=32768
[I][AlphaSave] save generation=6 save_slot=0 slot=0 time=12 ms json=369
[I][AlphaSave] SD_HEAP operation=dma-reserve-restored state=gameplay-save free_internal=67108864 free_dma=67108864 largest_dma=67108864 largest_internal=67108864 requested_dma=8192
[I][AlphaSave] SD_HEAP operation=release-reserved-dma state=save-catalog free_internal=67108864 free_dma=67108864 largest_dma=67108864 largest_internal=67108864 requested_dma=8192
[I][AlphaSave] SD_HEAP operation=sd-window-open state=save-catalog free_internal=67108864 free_dma=67108864 largest_dma=67108864 largest_internal=67108864 requested_dma=512
[I][AlphaSave] SAVE_CATALOG slot1=cached slot2=empty slot3=empty staged=0 bytes=64 commit_us=132 verify_us=0 total_us=136
[I][AlphaSave] SD_HEAP operation=dma-reserve-restored state=save-catalog free_internal=67108864 free_dma=67108864 largest_dma=67108864 largest_internal=67108864 requested_dma=8192
[I][AlphaRuntime] SYSTEM_MENU action=confirm accepted=1 open=1 gameplay_command=none
[I][AlphaRuntime] SYSTEM_MENU action=direction accepted=1 open=1 gameplay_command=none
[I][AlphaRuntime] INPUT_EDGE raw=00,00,00,00,00 prev=00,00,00,00,00 matrix=0,0 physical=matrix-key edge=press mods=S0,A0,H0 printable=0d base=00 symbol=00 ui=inventory emitted=confirm action_char=0 shortcut=none
[I][AlphaRuntime] SYSTEM_MENU action=confirm accepted=1 open=1 gameplay_command=none
[I][AlphaRuntime] INPUT_EDGE raw=00,00,00,00,00 prev=00,00,00,00,00 matrix=0,0 physical=matrix-key edge=press mods=S0,A0,H0 printable=08 base=00 symbol=00 ui=inventory emitted=back action_char=0 shortcut=none
[I][AlphaRuntime] SYSTEM_MENU action=back accepted=1 open=1 gameplay_command=none
[I][AlphaRuntime] INPUT_EDGE raw=00,00,00,00,00 prev=00,00,00,00,00 matrix=0,0 physical=matrix-key edge=press mods=S0,A0,H0 printable=08 base=00 symbol=00 ui=inventory emitted=back action_char=0 shortcut=none
[I][AlphaRuntime] SYSTEM_MENU action=back accepted=1 open=0 gameplay_command=none
[I][AlphaSave] SD_HEAP operation=release-reserved-dma state=save-inspect free_internal=67108864 free_dma=67108864 largest_dma=67108864 largest_internal=67108864 requested_dma=8192
[I][AlphaSave] SD_HEAP operation=sd-window-open state=save-inspect free_internal=67108864 free_dma=67108864 largest_dma=67108864 largest_internal=67108864 requested_dma=512
[I][AlphaSave] SAVE_SCRATCH psram_bytes=11888
[I][AlphaSave] SAVE_INSPECT save_slot=0 slot0=verified slot1=verified bytes=10210 commit_us=53 read_us=160 verify_us=630 total_us=867
[I][AlphaSave] SD_HEAP operation=dma-reserve-restored state=save-inspect free_internal=67108864 free_dma=67108864 largest_dma=67108864 largest_internal=67108864 requested_dma=8192
[I][AlphaSave] SD_HEAP operation=release-reserved-dma state=save-catalog free_internal=67108864 free_dma=67108864 largest_dma=67108864 largest_internal=67108864 requested_dma=8192
[I][AlphaSave] SD_HEAP operation=sd-window-open state=save-catalog free_internal=67108864 free_dma=67108864 largest_dma=67108864 largest_internal=67108864 requested_dma=512
[I][AlphaSave] SAVE_SCRATCH psram_bytes=11888
[I][AlphaSave] SAVE_CATALOG slot1=verified slot2=empty slot3=empty staged=1 bytes=5137 commit_us=136 verify_us=568 total_us=710
[I][AlphaSave] SD_HEAP operation=dma-reserve-restored state=save-catalog free_internal=67108864 free_dma=67108864 largest_dma=67108864 largest_internal=67108864 requested_dma=8192
         cold after in-menu save: [PV seq=6 'Avatar'] [PV seq=5 'Avatar']
         Load page after an in-menu save: 'Slot 1: Avatar, Britannia' / '4-5-139 15:42, party of 3. Enter loads'
  GREEN K10   a Save made inside the menu is on its Load page at once (the card as it now is)

[K] a failed save forgets the slot it touched
[I][AlphaRuntime] INPUT_EDGE raw=00,00,00,00,00 prev=00,00,00,00,00 matrix=0,0 physical=matrix-key edge=press mods=S0,A1,H0 printable=6d base=00 symbol=00 ui=explore emitted=system-menu action_char=0 shortcut=none
[I][AlphaSave] SD_HEAP operation=release-reserved-dma state=save-catalog free_internal=67108864 free_dma=67108864 largest_dma=67108864 largest_internal=67108864 requested_dma=8192
[I][AlphaSave] SD_HEAP operation=sd-window-open state=save-catalog free_internal=67108864 free_dma=67108864 largest_dma=67108864 largest_internal=67108864 requested_dma=512
[I][AlphaSave] SAVE_CATALOG slot1=cached slot2=empty slot3=empty staged=0 bytes=64 commit_us=107 verify_us=0 total_us=112
[I][AlphaSave] SD_HEAP operation=dma-reserve-restored state=save-catalog free_internal=67108864 free_dma=67108864 largest_dma=67108864 largest_internal=67108864 requested_dma=8192
[I][AlphaRuntime] SYSTEM_MENU action=toggle open=1 gameplay_command=none
[I][AlphaRuntime] INPUT_EDGE raw=00,00,00,00,00 prev=00,00,00,00,00 matrix=0,0 physical=matrix-key edge=press mods=S0,A0,H0 printable=08 base=00 symbol=00 ui=inventory emitted=back action_char=0 shortcut=none
[I][AlphaRuntime] SYSTEM_MENU action=back accepted=1 open=0 gameplay_command=none
[I][AlphaRuntime] INPUT_EDGE raw=00,00,00,00,00 prev=00,00,00,00,00 matrix=0,0 physical=matrix-key edge=press mods=S0,A1,H0 printable=73 base=00 symbol=00 ui=explore emitted=confirm action_char=0 shortcut=save
[I][AlphaSave] SD_HEAP operation=release-reserved-dma state=gameplay-save free_internal=67108864 free_dma=67108864 largest_dma=67108864 largest_internal=67108864 requested_dma=8192
[I][AlphaSave] SD_HEAP operation=sd-window-open state=gameplay-save free_internal=67108864 free_dma=67108864 largest_dma=67108864 largest_internal=67108864 requested_dma=512
[I][AlphaSave] NEWGAME_SAVE stage=create-root-directory result=ok esp_err=ESP_OK errno=0 path=/sd/ultima5 stack_margin=32768
[I][AlphaSave] NEWGAME_SAVE stage=create-save-directory result=ok esp_err=ESP_OK errno=0 path=/sd/ultima5/saves stack_margin=32768
[I][AlphaSave] SD_HEAP operation=free-space-before state=gameplay-save free_internal=67108864 free_dma=67108864 largest_dma=67108864 largest_internal=67108864 requested_dma=512
[I][AlphaSave] SD_HEAP operation=free-space-call-enter state=gameplay-save free_internal=67108864 free_dma=67108864 largest_dma=67108864 largest_internal=67108864 requested_dma=512
[I][AlphaSave] SD_HEAP operation=free-space-call-exit state=gameplay-save free_internal=67108864 free_dma=67108864 largest_dma=67108864 largest_internal=67108864 requested_dma=512
[I][AlphaSave] SD_HEAP operation=free-space-after state=gameplay-save free_internal=67108864 free_dma=67108864 largest_dma=67108864 largest_internal=67108864 requested_dma=512
[I][AlphaSave] SD_SPACE path=/sd api=esp_vfs_fat_info/f_getfree return=ESP_OK(0x0) errno=0 total_bytes=34359738368 free_bytes=8589934592 total_sectors=67108864 free_sectors=16777216 sector_bytes=512
[I][AlphaSave] NEWGAME_SAVE stage=free-space-query result=ok esp_err=ESP_OK errno=0 path=/sd stack_margin=32768
[I][AlphaSave] NEWGAME_SAVE stage=free-space result=ok esp_err=ESP_OK errno=0 path=/sd stack_margin=32768
[I][AlphaSave] SAVE_TARGET save_slot=0 newest=0 accepted=1 slot=1 keep=0 sequence=7
[I][AlphaSave] NEWGAME_SAVE stage=gam-encode result=ok esp_err=ESP_OK errno=0 path=INIT.GAM stack_margin=32768
[I][AlphaSave] NEWGAME_SAVE stage=ool-encode result=ok esp_err=ESP_OK errno=0 path=INIT.OOL stack_margin=32768
[I][AlphaSave] NEWGAME_SAVE stage=json-encode result=ok esp_err=ESP_OK errno=0 path=sidecar stack_margin=32768
[I][AlphaSave] SD_HEAP operation=write-gam-temp state=gameplay-save free_internal=67108864 free_dma=67108864 largest_dma=67108864 largest_internal=67108864 requested_dma=512
[I][AlphaSave] NEWGAME_SAVE stage=write-gam-temp result=ok esp_err=ESP_OK errno=0 path=/sd/ultima5/saves/alpha1-g1.gam.tmp stack_margin=32768
[I][AlphaSave] SD_HEAP operation=write-ool-temp state=gameplay-save free_internal=67108864 free_dma=67108864 largest_dma=67108864 largest_internal=67108864 requested_dma=512
[I][AlphaSave] NEWGAME_SAVE stage=write-ool-temp result=ok esp_err=ESP_OK errno=0 path=/sd/ultima5/saves/alpha1-g1.ool.tmp stack_margin=32768
[I][AlphaSave] SD_HEAP operation=write-json-temp state=gameplay-save free_internal=67108864 free_dma=67108864 largest_dma=67108864 largest_internal=67108864 requested_dma=512
[I][AlphaSave] NEWGAME_SAVE stage=write-json-temp result=ok esp_err=ESP_OK errno=0 path=/sd/ultima5/saves/alpha1-g1.json.tmp stack_margin=32768
[I][AlphaSave] SD_HEAP operation=crc-readback state=gameplay-save free_internal=67108864 free_dma=67108864 largest_dma=67108864 largest_internal=67108864 requested_dma=512
[I][AlphaSave] NEWGAME_SAVE stage=crc-readback result=ok esp_err=ESP_OK errno=0 path=/sd/ultima5/saves stack_margin=32768
[I][AlphaSave] NEWGAME_SAVE stage=rename-gam result=ok esp_err=ESP_OK errno=0 path=/sd/ultima5/saves/alpha1-g1.gam stack_margin=32768
[I][AlphaSave] NEWGAME_SAVE stage=rename-ool result=ok esp_err=ESP_OK errno=0 path=/sd/ultima5/saves/alpha1-g1.ool stack_margin=32768
[I][AlphaSave] NEWGAME_SAVE stage=rename-json result=fail esp_err=ESP_FAIL errno=5 path=/sd/ultima5/saves/alpha1-g1.json stack_margin=32768
[E][AlphaSave] slot 0 generation 1 save failed (errno=5); previous generation retained
[I][AlphaSave] save generation=7 save_slot=0 slot=1 time=7 ms json=369
[I][AlphaSave] SD_HEAP operation=dma-reserve-restored state=gameplay-save free_internal=67108864 free_dma=67108864 largest_dma=67108864 largest_internal=67108864 requested_dma=8192
[I][AlphaRuntime] debug teleport rebind moved=0 prior_dungeon=0 location=0 floor=0 xy=15,15 dungeon=0
[I][AlphaRuntime] INPUT_ROUTE action=confirm ui=explore gameplay_command=none
[I][AlphaSave] SD_HEAP operation=release-reserved-dma state=save-inspect free_internal=67108864 free_dma=67108864 largest_dma=67108864 largest_internal=67108864 requested_dma=8192
[I][AlphaSave] SD_HEAP operation=sd-window-open state=save-inspect free_internal=67108864 free_dma=67108864 largest_dma=67108864 largest_internal=67108864 requested_dma=512
[I][AlphaSave] SAVE_SCRATCH psram_bytes=11888
[I][AlphaSave] SAVE_INSPECT save_slot=0 slot0=verified slot1=refused bytes=9841 commit_us=72 read_us=168 verify_us=354 total_us=609
[I][AlphaSave] SD_HEAP operation=dma-reserve-restored state=save-inspect free_internal=67108864 free_dma=67108864 largest_dma=67108864 largest_internal=67108864 requested_dma=8192
         cold after failed save: [PV seq=6 'Avatar'] [P- seq=5 '']
[I][AlphaRuntime] INPUT_EDGE raw=00,00,00,00,00 prev=00,00,00,00,00 matrix=0,0 physical=matrix-key edge=press mods=S0,A1,H0 printable=6d base=00 symbol=00 ui=explore emitted=system-menu action_char=0 shortcut=none
[I][AlphaSave] SD_HEAP operation=release-reserved-dma state=save-catalog free_internal=67108864 free_dma=67108864 largest_dma=67108864 largest_internal=67108864 requested_dma=8192
[I][AlphaSave] SD_HEAP operation=sd-window-open state=save-catalog free_internal=67108864 free_dma=67108864 largest_dma=67108864 largest_internal=67108864 requested_dma=512
[I][AlphaSave] SAVE_CATALOG slot1=cached slot2=empty slot3=empty staged=0 bytes=64 commit_us=113 verify_us=0 total_us=117
[I][AlphaSave] SD_HEAP operation=dma-reserve-restored state=save-catalog free_internal=67108864 free_dma=67108864 largest_dma=67108864 largest_internal=67108864 requested_dma=8192
[I][AlphaRuntime] SYSTEM_MENU action=toggle open=1 gameplay_command=none
[I][AlphaRuntime] SYSTEM_MENU action=direction accepted=1 open=1 gameplay_command=none
[I][AlphaRuntime] SYSTEM_MENU action=direction accepted=1 open=1 gameplay_command=none
[I][AlphaRuntime] INPUT_EDGE raw=00,00,00,00,00 prev=00,00,00,00,00 matrix=0,0 physical=matrix-key edge=press mods=S0,A0,H0 printable=0d base=00 symbol=00 ui=inventory emitted=confirm action_char=0 shortcut=none
[I][AlphaRuntime] SYSTEM_MENU action=confirm accepted=1 open=1 gameplay_command=none
[I][AlphaRuntime] INPUT_EDGE raw=00,00,00,00,00 prev=00,00,00,00,00 matrix=0,0 physical=matrix-key edge=press mods=S0,A0,H0 printable=08 base=00 symbol=00 ui=inventory emitted=back action_char=0 shortcut=none
[I][AlphaRuntime] SYSTEM_MENU action=back accepted=1 open=1 gameplay_command=none
[I][AlphaRuntime] INPUT_EDGE raw=00,00,00,00,00 prev=00,00,00,00,00 matrix=0,0 physical=matrix-key edge=press mods=S0,A0,H0 printable=08 base=00 symbol=00 ui=inventory emitted=back action_char=0 shortcut=none
[I][AlphaRuntime] SYSTEM_MENU action=back accepted=1 open=0 gameplay_command=none
[I][AlphaSave] SD_HEAP operation=release-reserved-dma state=save-catalog free_internal=67108864 free_dma=67108864 largest_dma=67108864 largest_internal=67108864 requested_dma=8192
[I][AlphaSave] SD_HEAP operation=sd-window-open state=save-catalog free_internal=67108864 free_dma=67108864 largest_dma=67108864 largest_internal=67108864 requested_dma=512
[I][AlphaSave] SAVE_SCRATCH psram_bytes=11888
[I][AlphaSave] SAVE_CATALOG slot1=verified slot2=empty slot3=empty staged=1 bytes=5137 commit_us=94 verify_us=420 total_us=520
[I][AlphaSave] SD_HEAP operation=dma-reserve-restored state=save-catalog free_internal=67108864 free_dma=67108864 largest_dma=67108864 largest_internal=67108864 requested_dma=8192
         menu after failed save: 'Slot 1: Avatar, Britannia' / '4-5-139 15:42, party of 3. Enter loads'
  GREEN K7    after a save that failed mid-rename the menu lists the card as it is (the torn slot corrupt)
[I][AlphaRuntime] INPUT_EDGE raw=00,00,00,00,00 prev=00,00,00,00,00 matrix=0,0 physical=matrix-key edge=press mods=S0,A1,H0 printable=73 base=00 symbol=00 ui=explore emitted=confirm action_char=0 shortcut=save
[I][AlphaSave] SD_HEAP operation=release-reserved-dma state=gameplay-save free_internal=67108864 free_dma=67108864 largest_dma=67108864 largest_internal=67108864 requested_dma=8192
[I][AlphaSave] SD_HEAP operation=sd-window-open state=gameplay-save free_internal=67108864 free_dma=67108864 largest_dma=67108864 largest_internal=67108864 requested_dma=512
[I][AlphaSave] NEWGAME_SAVE stage=create-root-directory result=ok esp_err=ESP_OK errno=0 path=/sd/ultima5 stack_margin=32768
[I][AlphaSave] NEWGAME_SAVE stage=create-save-directory result=ok esp_err=ESP_OK errno=0 path=/sd/ultima5/saves stack_margin=32768
[I][AlphaSave] SD_HEAP operation=free-space-before state=gameplay-save free_internal=67108864 free_dma=67108864 largest_dma=67108864 largest_internal=67108864 requested_dma=512
[I][AlphaSave] SD_HEAP operation=free-space-call-enter state=gameplay-save free_internal=67108864 free_dma=67108864 largest_dma=67108864 largest_internal=67108864 requested_dma=512
[I][AlphaSave] SD_HEAP operation=free-space-call-exit state=gameplay-save free_internal=67108864 free_dma=67108864 largest_dma=67108864 largest_internal=67108864 requested_dma=512
[I][AlphaSave] SD_HEAP operation=free-space-after state=gameplay-save free_internal=67108864 free_dma=67108864 largest_dma=67108864 largest_internal=67108864 requested_dma=512
[I][AlphaSave] SD_SPACE path=/sd api=esp_vfs_fat_info/f_getfree return=ESP_OK(0x0) errno=0 total_bytes=34359738368 free_bytes=8589934592 total_sectors=67108864 free_sectors=16777216 sector_bytes=512
[I][AlphaSave] NEWGAME_SAVE stage=free-space-query result=ok esp_err=ESP_OK errno=0 path=/sd stack_margin=32768
[I][AlphaSave] NEWGAME_SAVE stage=free-space result=ok esp_err=ESP_OK errno=0 path=/sd stack_margin=32768
[I][AlphaSave] SAVE_TARGET save_slot=0 newest=0 accepted=1 slot=1 keep=0 sequence=7
[I][AlphaSave] NEWGAME_SAVE stage=gam-encode result=ok esp_err=ESP_OK errno=0 path=INIT.GAM stack_margin=32768
[I][AlphaSave] NEWGAME_SAVE stage=ool-encode result=ok esp_err=ESP_OK errno=0 path=INIT.OOL stack_margin=32768
[I][AlphaSave] NEWGAME_SAVE stage=json-encode result=ok esp_err=ESP_OK errno=0 path=sidecar stack_margin=32768
[I][AlphaSave] SD_HEAP operation=write-gam-temp state=gameplay-save free_internal=67108864 free_dma=67108864 largest_dma=67108864 largest_internal=67108864 requested_dma=512
[I][AlphaSave] NEWGAME_SAVE stage=write-gam-temp result=ok esp_err=ESP_OK errno=0 path=/sd/ultima5/saves/alpha1-g1.gam.tmp stack_margin=32768
[I][AlphaSave] SD_HEAP operation=write-ool-temp state=gameplay-save free_internal=67108864 free_dma=67108864 largest_dma=67108864 largest_internal=67108864 requested_dma=512
[I][AlphaSave] NEWGAME_SAVE stage=write-ool-temp result=ok esp_err=ESP_OK errno=0 path=/sd/ultima5/saves/alpha1-g1.ool.tmp stack_margin=32768
[I][AlphaSave] SD_HEAP operation=write-json-temp state=gameplay-save free_internal=67108864 free_dma=67108864 largest_dma=67108864 largest_internal=67108864 requested_dma=512
[I][AlphaSave] NEWGAME_SAVE stage=write-json-temp result=fail esp_err=ESP_FAIL errno=5 path=/sd/ultima5/saves/alpha1-g1.json.tmp stack_margin=32768
[E][AlphaSave] slot 0 generation 1 save failed (errno=5); previous generation retained
[I][AlphaSave] save generation=7 save_slot=0 slot=1 time=2 ms json=369
[I][AlphaSave] SD_HEAP operation=dma-reserve-restored state=gameplay-save free_internal=67108864 free_dma=67108864 largest_dma=67108864 largest_internal=67108864 requested_dma=8192
[I][AlphaRuntime] debug teleport rebind moved=0 prior_dungeon=0 location=0 floor=0 xy=15,15 dungeon=0
[I][AlphaRuntime] INPUT_ROUTE action=confirm ui=explore gameplay_command=none
[I][AlphaSave] SD_HEAP operation=release-reserved-dma state=save-inspect free_internal=67108864 free_dma=67108864 largest_dma=67108864 largest_internal=67108864 requested_dma=8192
[I][AlphaSave] SD_HEAP operation=sd-window-open state=save-inspect free_internal=67108864 free_dma=67108864 largest_dma=67108864 largest_internal=67108864 requested_dma=512
[I][AlphaSave] SAVE_SCRATCH psram_bytes=11888
[I][AlphaSave] SAVE_INSPECT save_slot=0 slot0=verified slot1=refused bytes=9841 commit_us=107 read_us=173 verify_us=444 total_us=752
[I][AlphaSave] SD_HEAP operation=dma-reserve-restored state=save-inspect free_internal=67108864 free_dma=67108864 largest_dma=67108864 largest_internal=67108864 requested_dma=8192
[I][AlphaRuntime] INPUT_EDGE raw=00,00,00,00,00 prev=00,00,00,00,00 matrix=0,0 physical=matrix-key edge=press mods=S0,A1,H0 printable=6d base=00 symbol=00 ui=explore emitted=system-menu action_char=0 shortcut=none
[I][AlphaSave] SD_HEAP operation=release-reserved-dma state=save-catalog free_internal=67108864 free_dma=67108864 largest_dma=67108864 largest_internal=67108864 requested_dma=8192
[I][AlphaSave] SD_HEAP operation=sd-window-open state=save-catalog free_internal=67108864 free_dma=67108864 largest_dma=67108864 largest_internal=67108864 requested_dma=512
[I][AlphaSave] SAVE_CATALOG slot1=cached slot2=empty slot3=empty staged=0 bytes=64 commit_us=194 verify_us=0 total_us=202
[I][AlphaSave] SD_HEAP operation=dma-reserve-restored state=save-catalog free_internal=67108864 free_dma=67108864 largest_dma=67108864 largest_internal=67108864 requested_dma=8192
[I][AlphaRuntime] SYSTEM_MENU action=toggle open=1 gameplay_command=none
[I][AlphaRuntime] SYSTEM_MENU action=direction accepted=1 open=1 gameplay_command=none
[I][AlphaRuntime] SYSTEM_MENU action=direction accepted=1 open=1 gameplay_command=none
[I][AlphaRuntime] INPUT_EDGE raw=00,00,00,00,00 prev=00,00,00,00,00 matrix=0,0 physical=matrix-key edge=press mods=S0,A0,H0 printable=0d base=00 symbol=00 ui=inventory emitted=confirm action_char=0 shortcut=none
[I][AlphaRuntime] SYSTEM_MENU action=confirm accepted=1 open=1 gameplay_command=none
[I][AlphaRuntime] INPUT_EDGE raw=00,00,00,00,00 prev=00,00,00,00,00 matrix=0,0 physical=matrix-key edge=press mods=S0,A0,H0 printable=08 base=00 symbol=00 ui=inventory emitted=back action_char=0 shortcut=none
[I][AlphaRuntime] SYSTEM_MENU action=back accepted=1 open=1 gameplay_command=none
[I][AlphaRuntime] INPUT_EDGE raw=00,00,00,00,00 prev=00,00,00,00,00 matrix=0,0 physical=matrix-key edge=press mods=S0,A0,H0 printable=08 base=00 symbol=00 ui=inventory emitted=back action_char=0 shortcut=none
[I][AlphaRuntime] SYSTEM_MENU action=back accepted=1 open=0 gameplay_command=none
[I][AlphaSave] SD_HEAP operation=release-reserved-dma state=save-catalog free_internal=67108864 free_dma=67108864 largest_dma=67108864 largest_internal=67108864 requested_dma=8192
[I][AlphaSave] SD_HEAP operation=sd-window-open state=save-catalog free_internal=67108864 free_dma=67108864 largest_dma=67108864 largest_internal=67108864 requested_dma=512
[I][AlphaSave] SAVE_SCRATCH psram_bytes=11888
[I][AlphaSave] SAVE_CATALOG slot1=verified slot2=empty slot3=empty staged=1 bytes=5137 commit_us=118 verify_us=426 total_us=549
[I][AlphaSave] SD_HEAP operation=dma-reserve-restored state=save-catalog free_internal=67108864 free_dma=67108864 largest_dma=67108864 largest_internal=67108864 requested_dma=8192
  GREEN K8    after a failed temp write the menu lists the card as it is
[I][AlphaRuntime] INPUT_EDGE raw=00,00,00,00,00 prev=00,00,00,00,00 matrix=0,0 physical=matrix-key edge=press mods=S0,A1,H0 printable=73 base=00 symbol=00 ui=explore emitted=confirm action_char=0 shortcut=save
[I][AlphaSave] SD_HEAP operation=release-reserved-dma state=gameplay-save free_internal=67108864 free_dma=67108864 largest_dma=67108864 largest_internal=67108864 requested_dma=8192
[I][AlphaSave] SD_HEAP operation=sd-window-open state=gameplay-save free_internal=67108864 free_dma=67108864 largest_dma=67108864 largest_internal=67108864 requested_dma=512
[I][AlphaSave] NEWGAME_SAVE stage=create-root-directory result=ok esp_err=ESP_OK errno=0 path=/sd/ultima5 stack_margin=32768
[I][AlphaSave] NEWGAME_SAVE stage=create-save-directory result=ok esp_err=ESP_OK errno=0 path=/sd/ultima5/saves stack_margin=32768
[I][AlphaSave] SD_HEAP operation=free-space-before state=gameplay-save free_internal=67108864 free_dma=67108864 largest_dma=67108864 largest_internal=67108864 requested_dma=512
[I][AlphaSave] SD_HEAP operation=free-space-call-enter state=gameplay-save free_internal=67108864 free_dma=67108864 largest_dma=67108864 largest_internal=67108864 requested_dma=512
[I][AlphaSave] SD_HEAP operation=free-space-call-exit state=gameplay-save free_internal=67108864 free_dma=67108864 largest_dma=67108864 largest_internal=67108864 requested_dma=512
[I][AlphaSave] SD_HEAP operation=free-space-after state=gameplay-save free_internal=67108864 free_dma=67108864 largest_dma=67108864 largest_internal=67108864 requested_dma=512
[I][AlphaSave] SD_SPACE path=/sd api=esp_vfs_fat_info/f_getfree return=ESP_OK(0x0) errno=0 total_bytes=34359738368 free_bytes=8589934592 total_sectors=67108864 free_sectors=16777216 sector_bytes=512
[I][AlphaSave] NEWGAME_SAVE stage=free-space-query result=ok esp_err=ESP_OK errno=0 path=/sd stack_margin=32768
[I][AlphaSave] NEWGAME_SAVE stage=free-space result=ok esp_err=ESP_OK errno=0 path=/sd stack_margin=32768
[I][AlphaSave] SAVE_TARGET save_slot=0 newest=0 accepted=1 slot=1 keep=0 sequence=7
[I][AlphaSave] NEWGAME_SAVE stage=gam-encode result=ok esp_err=ESP_OK errno=0 path=INIT.GAM stack_margin=32768
[I][AlphaSave] NEWGAME_SAVE stage=ool-encode result=ok esp_err=ESP_OK errno=0 path=INIT.OOL stack_margin=32768
[I][AlphaSave] NEWGAME_SAVE stage=json-encode result=ok esp_err=ESP_OK errno=0 path=sidecar stack_margin=32768
[I][AlphaSave] SD_HEAP operation=write-gam-temp state=gameplay-save free_internal=67108864 free_dma=67108864 largest_dma=67108864 largest_internal=67108864 requested_dma=512
[I][AlphaSave] NEWGAME_SAVE stage=write-gam-temp result=ok esp_err=ESP_OK errno=0 path=/sd/ultima5/saves/alpha1-g1.gam.tmp stack_margin=32768
[I][AlphaSave] SD_HEAP operation=write-ool-temp state=gameplay-save free_internal=67108864 free_dma=67108864 largest_dma=67108864 largest_internal=67108864 requested_dma=512
[I][AlphaSave] NEWGAME_SAVE stage=write-ool-temp result=ok esp_err=ESP_OK errno=0 path=/sd/ultima5/saves/alpha1-g1.ool.tmp stack_margin=32768
[I][AlphaSave] SD_HEAP operation=write-json-temp state=gameplay-save free_internal=67108864 free_dma=67108864 largest_dma=67108864 largest_internal=67108864 requested_dma=512
[I][AlphaSave] NEWGAME_SAVE stage=write-json-temp result=ok esp_err=ESP_OK errno=0 path=/sd/ultima5/saves/alpha1-g1.json.tmp stack_margin=32768
[I][AlphaSave] SD_HEAP operation=crc-readback state=gameplay-save free_internal=67108864 free_dma=67108864 largest_dma=67108864 largest_internal=67108864 requested_dma=512
[I][AlphaSave] NEWGAME_SAVE stage=crc-readback result=ok esp_err=ESP_OK errno=0 path=/sd/ultima5/saves stack_margin=32768
[I][AlphaSave] NEWGAME_SAVE stage=rename-gam result=ok esp_err=ESP_OK errno=0 path=/sd/ultima5/saves/alpha1-g1.gam stack_margin=32768
[I][AlphaSave] NEWGAME_SAVE stage=rename-ool result=ok esp_err=ESP_OK errno=0 path=/sd/ultima5/saves/alpha1-g1.ool stack_margin=32768
[I][AlphaSave] NEWGAME_SAVE stage=rename-json result=ok esp_err=ESP_OK errno=0 path=/sd/ultima5/saves/alpha1-g1.json stack_margin=32768
[I][AlphaSave] NEWGAME_SAVE stage=write-commit-temp result=ok esp_err=ESP_OK errno=0 path=/sd/ultima5/saves/alpha1-g1.commit.tmp stack_margin=32768
[I][AlphaSave] NEWGAME_SAVE stage=rename-commit result=ok esp_err=ESP_OK errno=0 path=/sd/ultima5/saves/alpha1-g1.commit stack_margin=32768
[I][AlphaSave] NEWGAME_SAVE stage=semantic-validation result=ok esp_err=ESP_OK errno=0 path=/sd/ultima5/saves/alpha1-g1.commit stack_margin=32768
[I][AlphaSave] NEWGAME_SAVE stage=generation-final result=ok esp_err=ESP_OK errno=0 path=/sd/ultima5/saves/alpha1-g1.commit stack_margin=32768
[I][AlphaSave] save generation=7 save_slot=0 slot=1 time=9 ms json=369
[I][AlphaSave] SD_HEAP operation=dma-reserve-restored state=gameplay-save free_internal=67108864 free_dma=67108864 largest_dma=67108864 largest_internal=67108864 requested_dma=8192
[I][AlphaRuntime] debug teleport rebind moved=0 prior_dungeon=0 location=0 floor=0 xy=15,15 dungeon=0
[I][AlphaRuntime] INPUT_ROUTE action=confirm ui=explore gameplay_command=none
[I][AlphaRuntime] INPUT_EDGE raw=00,00,00,00,00 prev=00,00,00,00,00 matrix=0,0 physical=matrix-key edge=press mods=S0,A1,H0 printable=73 base=00 symbol=00 ui=explore emitted=confirm action_char=0 shortcut=save
[I][AlphaSave] SD_HEAP operation=release-reserved-dma state=gameplay-save free_internal=67108864 free_dma=67108864 largest_dma=67108864 largest_internal=67108864 requested_dma=8192
[I][AlphaSave] SD_HEAP operation=sd-window-open state=gameplay-save free_internal=67108864 free_dma=67108864 largest_dma=67108864 largest_internal=67108864 requested_dma=512
[I][AlphaSave] NEWGAME_SAVE stage=create-root-directory result=ok esp_err=ESP_OK errno=0 path=/sd/ultima5 stack_margin=32768
[I][AlphaSave] NEWGAME_SAVE stage=create-save-directory result=ok esp_err=ESP_OK errno=0 path=/sd/ultima5/saves stack_margin=32768
[I][AlphaSave] SD_HEAP operation=free-space-before state=gameplay-save free_internal=67108864 free_dma=67108864 largest_dma=67108864 largest_internal=67108864 requested_dma=512
[I][AlphaSave] SD_HEAP operation=free-space-call-enter state=gameplay-save free_internal=67108864 free_dma=67108864 largest_dma=67108864 largest_internal=67108864 requested_dma=512
[I][AlphaSave] SD_HEAP operation=free-space-call-exit state=gameplay-save free_internal=67108864 free_dma=67108864 largest_dma=67108864 largest_internal=67108864 requested_dma=512
[I][AlphaSave] SD_HEAP operation=free-space-after state=gameplay-save free_internal=67108864 free_dma=67108864 largest_dma=67108864 largest_internal=67108864 requested_dma=512
[I][AlphaSave] SD_SPACE path=/sd api=esp_vfs_fat_info/f_getfree return=ESP_OK(0x0) errno=0 total_bytes=34359738368 free_bytes=8589934592 total_sectors=67108864 free_sectors=16777216 sector_bytes=512
[I][AlphaSave] NEWGAME_SAVE stage=free-space-query result=ok esp_err=ESP_OK errno=0 path=/sd stack_margin=32768
[I][AlphaSave] NEWGAME_SAVE stage=free-space result=ok esp_err=ESP_OK errno=0 path=/sd stack_margin=32768
[I][AlphaSave] SAVE_TARGET save_slot=0 newest=1 accepted=1 slot=0 keep=1 sequence=8
[I][AlphaSave] NEWGAME_SAVE stage=gam-encode result=ok esp_err=ESP_OK errno=0 path=INIT.GAM stack_margin=32768
[I][AlphaSave] NEWGAME_SAVE stage=ool-encode result=ok esp_err=ESP_OK errno=0 path=INIT.OOL stack_margin=32768
[I][AlphaSave] NEWGAME_SAVE stage=json-encode result=ok esp_err=ESP_OK errno=0 path=sidecar stack_margin=32768
[I][AlphaSave] SD_HEAP operation=write-gam-temp state=gameplay-save free_internal=67108864 free_dma=67108864 largest_dma=67108864 largest_internal=67108864 requested_dma=512
[I][AlphaSave] NEWGAME_SAVE stage=write-gam-temp result=ok esp_err=ESP_OK errno=0 path=/sd/ultima5/saves/alpha1-g0.gam.tmp stack_margin=32768
[I][AlphaSave] SD_HEAP operation=write-ool-temp state=gameplay-save free_internal=67108864 free_dma=67108864 largest_dma=67108864 largest_internal=67108864 requested_dma=512
[I][AlphaSave] NEWGAME_SAVE stage=write-ool-temp result=ok esp_err=ESP_OK errno=0 path=/sd/ultima5/saves/alpha1-g0.ool.tmp stack_margin=32768
[I][AlphaSave] SD_HEAP operation=write-json-temp state=gameplay-save free_internal=67108864 free_dma=67108864 largest_dma=67108864 largest_internal=67108864 requested_dma=512
[I][AlphaSave] NEWGAME_SAVE stage=write-json-temp result=ok esp_err=ESP_OK errno=0 path=/sd/ultima5/saves/alpha1-g0.json.tmp stack_margin=32768
[I][AlphaSave] SD_HEAP operation=crc-readback state=gameplay-save free_internal=67108864 free_dma=67108864 largest_dma=67108864 largest_internal=67108864 requested_dma=512
[I][AlphaSave] NEWGAME_SAVE stage=crc-readback result=ok esp_err=ESP_OK errno=0 path=/sd/ultima5/saves stack_margin=32768
[I][AlphaSave] NEWGAME_SAVE stage=rename-gam result=ok esp_err=ESP_OK errno=0 path=/sd/ultima5/saves/alpha1-g0.gam stack_margin=32768
[I][AlphaSave] NEWGAME_SAVE stage=rename-ool result=ok esp_err=ESP_OK errno=0 path=/sd/ultima5/saves/alpha1-g0.ool stack_margin=32768
[I][AlphaSave] NEWGAME_SAVE stage=rename-json result=ok esp_err=ESP_OK errno=0 path=/sd/ultima5/saves/alpha1-g0.json stack_margin=32768
[I][AlphaSave] NEWGAME_SAVE stage=write-commit-temp result=ok esp_err=ESP_OK errno=0 path=/sd/ultima5/saves/alpha1-g0.commit.tmp stack_margin=32768
[I][AlphaSave] NEWGAME_SAVE stage=rename-commit result=ok esp_err=ESP_OK errno=0 path=/sd/ultima5/saves/alpha1-g0.commit stack_margin=32768
[I][AlphaSave] NEWGAME_SAVE stage=semantic-validation result=ok esp_err=ESP_OK errno=0 path=/sd/ultima5/saves/alpha1-g0.commit stack_margin=32768
[I][AlphaSave] NEWGAME_SAVE stage=generation-final result=ok esp_err=ESP_OK errno=0 path=/sd/ultima5/saves/alpha1-g0.commit stack_margin=32768
[I][AlphaSave] save generation=8 save_slot=0 slot=0 time=11 ms json=369
[I][AlphaSave] SD_HEAP operation=dma-reserve-restored state=gameplay-save free_internal=67108864 free_dma=67108864 largest_dma=67108864 largest_internal=67108864 requested_dma=8192
[I][AlphaRuntime] debug teleport rebind moved=0 prior_dungeon=0 location=0 floor=0 xy=15,15 dungeon=0
[I][AlphaRuntime] INPUT_ROUTE action=confirm ui=explore gameplay_command=none
  GREEN K9    the next saves succeed and replace the torn slot

[F] failure paths of the real shell
[I][AlphaSave] SD_HEAP operation=release-reserved-dma state=save-inspect free_internal=67108864 free_dma=67108864 largest_dma=67108864 largest_internal=67108864 requested_dma=8192
[I][AlphaSave] SD_HEAP operation=sd-window-open state=save-inspect free_internal=67108864 free_dma=67108864 largest_dma=67108864 largest_internal=67108864 requested_dma=512
[I][AlphaSave] SAVE_SCRATCH psram_bytes=11888
[I][AlphaSave] SAVE_INSPECT save_slot=0 slot0=verified slot1=verified bytes=10210 commit_us=124 read_us=175 verify_us=633 total_us=955
[I][AlphaSave] SD_HEAP operation=dma-reserve-restored state=save-inspect free_internal=67108864 free_dma=67108864 largest_dma=67108864 largest_internal=67108864 requested_dma=8192
[I][AlphaSave] SD_HEAP operation=release-reserved-dma state=save-inspect free_internal=67108864 free_dma=67108864 largest_dma=67108864 largest_internal=67108864 requested_dma=8192
[I][AlphaSave] SD_HEAP operation=sd-window-open state=save-inspect free_internal=67108864 free_dma=67108864 largest_dma=67108864 largest_internal=67108864 requested_dma=512
[I][AlphaSave] SAVE_SCRATCH psram_bytes=11888
[I][AlphaSave] SAVE_INSPECT save_slot=0 slot0=empty slot1=empty bytes=0 commit_us=0 read_us=0 verify_us=0 total_us=6
[I][AlphaSave] SD_HEAP operation=dma-reserve-restored state=save-inspect free_internal=67108864 free_dma=67108864 largest_dma=67108864 largest_internal=67108864 requested_dma=8192
  GREEN F1    no card: both slots empty, no handle left, the window closed
[I][AlphaSave] SD_HEAP operation=release-reserved-dma state=save-inspect free_internal=67108864 free_dma=67108864 largest_dma=67108864 largest_internal=67108864 requested_dma=8192
[I][AlphaSave] SD_HEAP operation=sd-window-open state=save-inspect free_internal=67108864 free_dma=67108864 largest_dma=67108864 largest_internal=67108864 requested_dma=512
[I][AlphaSave] SAVE_INSPECT save_slot=0 slot0=verified slot1=verified bytes=10210 commit_us=53 read_us=146 verify_us=609 total_us=828
[I][AlphaSave] SD_HEAP operation=dma-reserve-restored state=save-inspect free_internal=67108864 free_dma=67108864 largest_dma=67108864 largest_internal=67108864 requested_dma=8192
  GREEN F1b   the card back: the same service lists it (nothing negative kept)
[I][AlphaSave] SD_HEAP operation=release-reserved-dma state=save-inspect free_internal=67108864 free_dma=67108864 largest_dma=67108864 largest_internal=67108864 requested_dma=8192
[I][AlphaSave] SD_HEAP operation=sd-window-open state=save-inspect free_internal=67108864 free_dma=67108864 largest_dma=67108864 largest_internal=67108864 requested_dma=512
[I][AlphaSave] SAVE_SCRATCH psram_bytes=11888
[I][AlphaSave] SAVE_INSPECT save_slot=0 slot0=verified slot1=empty bytes=5105 commit_us=27 read_us=73 verify_us=295 total_us=407
[I][AlphaSave] SD_HEAP operation=dma-reserve-restored state=save-inspect free_internal=67108864 free_dma=67108864 largest_dma=67108864 largest_internal=67108864 requested_dma=8192
  GREEN F2    an unreadable commit lists that slot empty only
[I][AlphaSave] SD_HEAP operation=release-reserved-dma state=save-inspect free_internal=67108864 free_dma=67108864 largest_dma=67108864 largest_internal=67108864 requested_dma=8192
[I][AlphaSave] SD_HEAP operation=sd-window-open state=save-inspect free_internal=67108864 free_dma=67108864 largest_dma=67108864 largest_internal=67108864 requested_dma=512
[I][AlphaSave] SAVE_SCRATCH psram_bytes=11888
[I][AlphaSave] SAVE_INSPECT save_slot=0 slot0=refused slot1=verified bytes=10210 commit_us=50 read_us=144 verify_us=300 total_us=506
[I][AlphaSave] SD_HEAP operation=dma-reserve-restored state=save-inspect free_internal=67108864 free_dma=67108864 largest_dma=67108864 largest_internal=67108864 requested_dma=8192
  GREEN F3    a short sidecar read lists that slot corrupt
[I][AlphaSave] SD_HEAP operation=release-reserved-dma state=save-inspect free_internal=67108864 free_dma=67108864 largest_dma=67108864 largest_internal=67108864 requested_dma=8192
[I][AlphaSave] SD_HEAP operation=sd-window-open state=save-inspect free_internal=67108864 free_dma=67108864 largest_dma=67108864 largest_internal=67108864 requested_dma=512
[I][AlphaSave] SAVE_INSPECT save_slot=0 slot0=verified slot1=cached bytes=5137 commit_us=69 read_us=72 verify_us=330 total_us=482
[I][AlphaSave] SD_HEAP operation=dma-reserve-restored state=save-inspect free_internal=67108864 free_dma=67108864 largest_dma=67108864 largest_internal=67108864 requested_dma=8192
  GREEN F3b   the read good again: the same service lists it valid
[I][AlphaSave] SD_HEAP operation=release-reserved-dma state=save-inspect free_internal=67108864 free_dma=67108864 largest_dma=67108864 largest_internal=67108864 requested_dma=8192
[I][AlphaSave] SD_HEAP operation=sd-window-open state=save-inspect free_internal=67108864 free_dma=67108864 largest_dma=67108864 largest_internal=67108864 requested_dma=512
[I][AlphaSave] SAVE_SCRATCH psram_bytes=11888
[I][AlphaSave] SAVE_INSPECT save_slot=0 slot0=refused slot1=verified bytes=10210 commit_us=87 read_us=767 verify_us=356 total_us=1232
[I][AlphaSave] SD_HEAP operation=dma-reserve-restored state=save-inspect free_internal=67108864 free_dma=67108864 largest_dma=67108864 largest_internal=67108864 requested_dma=8192
  GREEN F4    a CRC mismatch lists that slot corrupt
[I][AlphaSave] SD_HEAP operation=release-reserved-dma state=save-inspect free_internal=67108864 free_dma=67108864 largest_dma=67108864 largest_internal=67108864 requested_dma=8192
[I][AlphaSave] SD_HEAP operation=sd-window-open state=save-inspect free_internal=67108864 free_dma=67108864 largest_dma=67108864 largest_internal=67108864 requested_dma=512
[E][AlphaSave] SAVE_SCRATCH allocation failed psram_bytes=11888
[I][AlphaSave] SD_HEAP operation=dma-reserve-restored state=save-inspect free_internal=67108864 free_dma=67108864 largest_dma=67108864 largest_internal=67108864 requested_dma=8192
  GREEN F5    no PSRAM for the workspace: an empty list, the window closed, the headroom restored
[I][AlphaSave] SD_HEAP operation=release-reserved-dma state=save-inspect free_internal=67108864 free_dma=67108864 largest_dma=67108864 largest_internal=67108864 requested_dma=8192
[I][AlphaSave] SD_HEAP operation=sd-window-open state=save-inspect free_internal=67108864 free_dma=67108864 largest_dma=67108864 largest_internal=67108864 requested_dma=512
[I][AlphaSave] SAVE_SCRATCH psram_bytes=11888
[I][AlphaSave] SAVE_INSPECT save_slot=0 slot0=verified slot1=verified bytes=10210 commit_us=70 read_us=641 verify_us=647 total_us=1381
[I][AlphaSave] SD_HEAP operation=dma-reserve-restored state=save-inspect free_internal=67108864 free_dma=67108864 largest_dma=67108864 largest_internal=67108864 requested_dma=8192
  GREEN F5b   the next open allocates the workspace and lists the card
[I][AlphaSave] SD_HEAP operation=release-reserved-dma state=save-inspect free_internal=67108864 free_dma=67108864 largest_dma=67108864 largest_internal=67108864 requested_dma=8192
[I][AlphaSave] SD_HEAP operation=sd-window-open state=save-inspect free_internal=67108864 free_dma=67108864 largest_dma=67108864 largest_internal=67108864 requested_dma=512
[I][AlphaSave] SAVE_SCRATCH psram_bytes=11888
[I][AlphaSave] SAVE_INSPECT save_slot=0 slot0=verified slot1=empty bytes=5105 commit_us=2858 read_us=76 verify_us=311 total_us=3269
[I][AlphaSave] SD_HEAP operation=dma-reserve-restored state=save-inspect free_internal=67108864 free_dma=67108864 largest_dma=67108864 largest_internal=67108864 requested_dma=8192
  GREEN F6    a truncated commit record lists that slot empty

[V] save and load through the real shell
[I][AlphaRuntime] INPUT_EDGE raw=00,00,00,00,00 prev=00,00,00,00,00 matrix=0,0 physical=matrix-key edge=press mods=S0,A1,H0 printable=73 base=00 symbol=00 ui=explore emitted=confirm action_char=0 shortcut=save
[I][AlphaSave] SD_HEAP operation=release-reserved-dma state=gameplay-save free_internal=67108864 free_dma=67108864 largest_dma=67108864 largest_internal=67108864 requested_dma=8192
[I][AlphaSave] SD_HEAP operation=sd-window-open state=gameplay-save free_internal=67108864 free_dma=67108864 largest_dma=67108864 largest_internal=67108864 requested_dma=512
[I][AlphaSave] NEWGAME_SAVE stage=create-root-directory result=ok esp_err=ESP_OK errno=0 path=/sd/ultima5 stack_margin=32768
[I][AlphaSave] NEWGAME_SAVE stage=create-save-directory result=ok esp_err=ESP_OK errno=0 path=/sd/ultima5/saves stack_margin=32768
[I][AlphaSave] SD_HEAP operation=free-space-before state=gameplay-save free_internal=67108864 free_dma=67108864 largest_dma=67108864 largest_internal=67108864 requested_dma=512
[I][AlphaSave] SD_HEAP operation=free-space-call-enter state=gameplay-save free_internal=67108864 free_dma=67108864 largest_dma=67108864 largest_internal=67108864 requested_dma=512
[I][AlphaSave] SD_HEAP operation=free-space-call-exit state=gameplay-save free_internal=67108864 free_dma=67108864 largest_dma=67108864 largest_internal=67108864 requested_dma=512
[I][AlphaSave] SD_HEAP operation=free-space-after state=gameplay-save free_internal=67108864 free_dma=67108864 largest_dma=67108864 largest_internal=67108864 requested_dma=512
[I][AlphaSave] SD_SPACE path=/sd api=esp_vfs_fat_info/f_getfree return=ESP_OK(0x0) errno=0 total_bytes=34359738368 free_bytes=8589934592 total_sectors=67108864 free_sectors=16777216 sector_bytes=512
[I][AlphaSave] NEWGAME_SAVE stage=free-space-query result=ok esp_err=ESP_OK errno=0 path=/sd stack_margin=32768
[I][AlphaSave] NEWGAME_SAVE stage=free-space result=ok esp_err=ESP_OK errno=0 path=/sd stack_margin=32768
[I][AlphaSave] SAVE_TARGET save_slot=0 newest=0 accepted=1 slot=1 keep=0 sequence=9
[I][AlphaSave] NEWGAME_SAVE stage=gam-encode result=ok esp_err=ESP_OK errno=0 path=INIT.GAM stack_margin=32768
[I][AlphaSave] NEWGAME_SAVE stage=ool-encode result=ok esp_err=ESP_OK errno=0 path=INIT.OOL stack_margin=32768
[I][AlphaSave] NEWGAME_SAVE stage=json-encode result=ok esp_err=ESP_OK errno=0 path=sidecar stack_margin=32768
[I][AlphaSave] SD_HEAP operation=write-gam-temp state=gameplay-save free_internal=67108864 free_dma=67108864 largest_dma=67108864 largest_internal=67108864 requested_dma=512
[I][AlphaSave] NEWGAME_SAVE stage=write-gam-temp result=ok esp_err=ESP_OK errno=0 path=/sd/ultima5/saves/alpha1-g1.gam.tmp stack_margin=32768
[I][AlphaSave] SD_HEAP operation=write-ool-temp state=gameplay-save free_internal=67108864 free_dma=67108864 largest_dma=67108864 largest_internal=67108864 requested_dma=512
[I][AlphaSave] NEWGAME_SAVE stage=write-ool-temp result=ok esp_err=ESP_OK errno=0 path=/sd/ultima5/saves/alpha1-g1.ool.tmp stack_margin=32768
[I][AlphaSave] SD_HEAP operation=write-json-temp state=gameplay-save free_internal=67108864 free_dma=67108864 largest_dma=67108864 largest_internal=67108864 requested_dma=512
[I][AlphaSave] NEWGAME_SAVE stage=write-json-temp result=ok esp_err=ESP_OK errno=0 path=/sd/ultima5/saves/alpha1-g1.json.tmp stack_margin=32768
[I][AlphaSave] SD_HEAP operation=crc-readback state=gameplay-save free_internal=67108864 free_dma=67108864 largest_dma=67108864 largest_internal=67108864 requested_dma=512
[I][AlphaSave] NEWGAME_SAVE stage=crc-readback result=ok esp_err=ESP_OK errno=0 path=/sd/ultima5/saves stack_margin=32768
[I][AlphaSave] NEWGAME_SAVE stage=rename-gam result=ok esp_err=ESP_OK errno=0 path=/sd/ultima5/saves/alpha1-g1.gam stack_margin=32768
[I][AlphaSave] NEWGAME_SAVE stage=rename-ool result=ok esp_err=ESP_OK errno=0 path=/sd/ultima5/saves/alpha1-g1.ool stack_margin=32768
[I][AlphaSave] NEWGAME_SAVE stage=rename-json result=ok esp_err=ESP_OK errno=0 path=/sd/ultima5/saves/alpha1-g1.json stack_margin=32768
[I][AlphaSave] NEWGAME_SAVE stage=write-commit-temp result=ok esp_err=ESP_OK errno=0 path=/sd/ultima5/saves/alpha1-g1.commit.tmp stack_margin=32768
[I][AlphaSave] NEWGAME_SAVE stage=rename-commit result=ok esp_err=ESP_OK errno=0 path=/sd/ultima5/saves/alpha1-g1.commit stack_margin=32768
[I][AlphaSave] NEWGAME_SAVE stage=semantic-validation result=ok esp_err=ESP_OK errno=0 path=/sd/ultima5/saves/alpha1-g1.commit stack_margin=32768
[I][AlphaSave] NEWGAME_SAVE stage=generation-final result=ok esp_err=ESP_OK errno=0 path=/sd/ultima5/saves/alpha1-g1.commit stack_margin=32768
[I][AlphaSave] save generation=9 save_slot=0 slot=1 time=12 ms json=369
[I][AlphaSave] SD_HEAP operation=dma-reserve-restored state=gameplay-save free_internal=67108864 free_dma=67108864 largest_dma=67108864 largest_internal=67108864 requested_dma=8192
[I][AlphaRuntime] debug teleport rebind moved=0 prior_dungeon=0 location=0 floor=0 xy=15,15 dungeon=0
[I][AlphaRuntime] INPUT_ROUTE action=confirm ui=explore gameplay_command=none
[I][AlphaRuntime] INPUT_EDGE raw=00,00,00,00,00 prev=00,00,00,00,00 matrix=0,0 physical=matrix-key edge=press mods=S0,A1,H0 printable=6c base=00 symbol=00 ui=explore emitted=confirm action_char=0 shortcut=load
[I][AlphaSave] SD_HEAP operation=release-reserved-dma state=load-slot free_internal=67108864 free_dma=67108864 largest_dma=67108864 largest_internal=67108864 requested_dma=8192
[I][AlphaSave] SD_HEAP operation=sd-window-open state=load-slot free_internal=67108864 free_dma=67108864 largest_dma=67108864 largest_internal=67108864 requested_dma=512
[I][AlphaSave] load save_slot=0 slot=1 time=2 ms status=0
[I][AlphaSave] SD_HEAP operation=dma-reserve-restored state=load-slot free_internal=67108864 free_dma=67108864 largest_dma=67108864 largest_internal=67108864 requested_dma=8192
[I][AlphaRuntime] U5OBJ CLEAR site=load-restore pool_before=0
[I][AlphaRuntime] WORLD_OBJECTS_RESTORE count=0
[I][AlphaRuntime] DUNGEON_RESTORE active=0 dungeon=33 depth=0
[I][AlphaRuntime] LOAD_TRANSIENT_RESET ui=explore->explore request=0 views=0 questions=0
[I][AlphaRuntime] debug teleport rebind moved=0 prior_dungeon=0 location=0 floor=0 xy=15,15 dungeon=0
[I][AlphaRuntime] INPUT_ROUTE action=confirm ui=explore gameplay_command=none
  GREEN V1    Alt+S then Alt+L restores the saved gold (555)
[I][AlphaSave] SD_HEAP operation=release-reserved-dma state=save-inspect free_internal=67108864 free_dma=67108864 largest_dma=67108864 largest_internal=67108864 requested_dma=8192
[I][AlphaSave] SD_HEAP operation=sd-window-open state=save-inspect free_internal=67108864 free_dma=67108864 largest_dma=67108864 largest_internal=67108864 requested_dma=512
[I][AlphaSave] SAVE_SCRATCH psram_bytes=11888
[I][AlphaSave] SAVE_INSPECT save_slot=0 slot0=verified slot1=verified bytes=10210 commit_us=140 read_us=191 verify_us=702 total_us=1057
[I][AlphaSave] SD_HEAP operation=dma-reserve-restored state=save-inspect free_internal=67108864 free_dma=67108864 largest_dma=67108864 largest_internal=67108864 requested_dma=8192
[I][AlphaRuntime] INPUT_EDGE raw=00,00,00,00,00 prev=00,00,00,00,00 matrix=0,0 physical=matrix-key edge=press mods=S0,A1,H0 printable=6c base=00 symbol=00 ui=explore emitted=confirm action_char=0 shortcut=load
[I][AlphaSave] SD_HEAP operation=release-reserved-dma state=load-slot free_internal=67108864 free_dma=67108864 largest_dma=67108864 largest_internal=67108864 requested_dma=8192
[I][AlphaSave] SD_HEAP operation=sd-window-open state=load-slot free_internal=67108864 free_dma=67108864 largest_dma=67108864 largest_internal=67108864 requested_dma=512
[I][AlphaSave] load save_slot=0 slot=0 time=2 ms status=0
[I][AlphaSave] SD_HEAP operation=dma-reserve-restored state=load-slot free_internal=67108864 free_dma=67108864 largest_dma=67108864 largest_internal=67108864 requested_dma=8192
[I][AlphaRuntime] U5OBJ CLEAR site=load-restore pool_before=0
[I][AlphaRuntime] WORLD_OBJECTS_RESTORE count=0
[I][AlphaRuntime] DUNGEON_RESTORE active=0 dungeon=33 depth=0
[I][AlphaRuntime] LOAD_TRANSIENT_RESET ui=explore->explore request=0 views=0 questions=0
[I][AlphaRuntime] debug teleport rebind moved=0 prior_dungeon=0 location=0 floor=0 xy=15,15 dungeon=0
[I][AlphaRuntime] INPUT_ROUTE action=confirm ui=explore gameplay_command=none
  GREEN V2    a damaged newest generation: Continue Latest restores the older one
[I][AlphaRuntime] INPUT_EDGE raw=00,00,00,00,00 prev=00,00,00,00,00 matrix=0,0 physical=matrix-key edge=press mods=S0,A1,H0 printable=6d base=00 symbol=00 ui=explore emitted=system-menu action_char=0 shortcut=none
[I][AlphaSave] SD_HEAP operation=release-reserved-dma state=save-catalog free_internal=67108864 free_dma=67108864 largest_dma=67108864 largest_internal=67108864 requested_dma=8192
[I][AlphaSave] SD_HEAP operation=sd-window-open state=save-catalog free_internal=67108864 free_dma=67108864 largest_dma=67108864 largest_internal=67108864 requested_dma=512
[I][AlphaSave] SAVE_CATALOG slot1=cached slot2=empty slot3=empty staged=0 bytes=64 commit_us=119 verify_us=0 total_us=123
[I][AlphaSave] SD_HEAP operation=dma-reserve-restored state=save-catalog free_internal=67108864 free_dma=67108864 largest_dma=67108864 largest_internal=67108864 requested_dma=8192
[I][AlphaRuntime] SYSTEM_MENU action=toggle open=1 gameplay_command=none
[I][AlphaRuntime] INPUT_EDGE raw=00,00,00,00,00 prev=00,00,00,00,00 matrix=0,0 physical=matrix-key edge=press mods=S0,A0,H0 printable=08 base=00 symbol=00 ui=inventory emitted=back action_char=0 shortcut=none
[I][AlphaRuntime] SYSTEM_MENU action=back accepted=1 open=0 gameplay_command=none
[I][AlphaRuntime] INPUT_EDGE raw=00,00,00,00,00 prev=00,00,00,00,00 matrix=0,0 physical=matrix-key edge=press mods=S0,A1,H0 printable=6d base=00 symbol=00 ui=explore emitted=system-menu action_char=0 shortcut=none
[I][AlphaSave] SD_HEAP operation=release-reserved-dma state=save-catalog free_internal=67108864 free_dma=67108864 largest_dma=67108864 largest_internal=67108864 requested_dma=8192
[I][AlphaSave] SD_HEAP operation=sd-window-open state=save-catalog free_internal=67108864 free_dma=67108864 largest_dma=67108864 largest_internal=67108864 requested_dma=512
[I][AlphaSave] SAVE_CATALOG slot1=cached slot2=empty slot3=empty staged=0 bytes=64 commit_us=121 verify_us=0 total_us=126
[I][AlphaSave] SD_HEAP operation=dma-reserve-restored state=save-catalog free_internal=67108864 free_dma=67108864 largest_dma=67108864 largest_internal=67108864 requested_dma=8192
[I][AlphaRuntime] SYSTEM_MENU action=toggle open=1 gameplay_command=none
[I][AlphaRuntime] SYSTEM_MENU action=direction accepted=1 open=1 gameplay_command=none
[I][AlphaRuntime] SYSTEM_MENU action=direction accepted=1 open=1 gameplay_command=none
[I][AlphaRuntime] INPUT_EDGE raw=00,00,00,00,00 prev=00,00,00,00,00 matrix=0,0 physical=matrix-key edge=press mods=S0,A0,H0 printable=0d base=00 symbol=00 ui=inventory emitted=confirm action_char=0 shortcut=none
[I][AlphaRuntime] SYSTEM_MENU action=confirm accepted=1 open=1 gameplay_command=none
[I][AlphaRuntime] INPUT_EDGE raw=00,00,00,00,00 prev=00,00,00,00,00 matrix=0,0 physical=matrix-key edge=press mods=S0,A0,H0 printable=0d base=00 symbol=00 ui=inventory emitted=confirm action_char=0 shortcut=none
[I][AlphaSave] SD_HEAP operation=release-reserved-dma state=load-slot free_internal=67108864 free_dma=67108864 largest_dma=67108864 largest_internal=67108864 requested_dma=8192
[I][AlphaSave] SD_HEAP operation=sd-window-open state=load-slot free_internal=67108864 free_dma=67108864 largest_dma=67108864 largest_internal=67108864 requested_dma=512
[W][AlphaSave] no restorable save generation
[I][AlphaSave] SD_HEAP operation=dma-reserve-restored state=load-slot free_internal=67108864 free_dma=67108864 largest_dma=67108864 largest_internal=67108864 requested_dma=8192
[I][AlphaRuntime] SYSTEM_MENU action=confirm accepted=1 open=1 gameplay_command=none
[I][AlphaRuntime] INPUT_EDGE raw=00,00,00,00,00 prev=00,00,00,00,00 matrix=0,0 physical=matrix-key edge=press mods=S0,A0,H0 printable=08 base=00 symbol=00 ui=inventory emitted=back action_char=0 shortcut=none
[I][AlphaRuntime] SYSTEM_MENU action=back accepted=1 open=1 gameplay_command=none
[I][AlphaRuntime] INPUT_EDGE raw=00,00,00,00,00 prev=00,00,00,00,00 matrix=0,0 physical=matrix-key edge=press mods=S0,A0,H0 printable=08 base=00 symbol=00 ui=inventory emitted=back action_char=0 shortcut=none
[I][AlphaRuntime] SYSTEM_MENU action=back accepted=1 open=0 gameplay_command=none
  GREEN V3    Load on a slot damaged out of band refuses and leaves the live game untouched

a3_04g_storage_runtime: 44/44 checks GREEN, 0 RED
