UpdateCTestConfiguration  from :<repo>/native/core/build-a4-save3/DartConfiguration.tcl
Parse Config file:<repo>/native/core/build-a4-save3/DartConfiguration.tcl
Test project <repo>/native/core/build-a4-save3
Constructing a list of tests
Done constructing a list of tests
Updating test list for fixtures
Added 0 tests to meet fixture requirements
Checking test dependency graph...
Checking test dependency graph end
test 110
    Start 110: a4_save3_pc_bridge_runtime

110: Test command: <repo>\native\core\build-a4-save3\a4_save3_pc_bridge_runtime.exe "<repo>/native/core/../assets/openu5-alpha1-resources.bin" "<repo>/native/core/../../original/u5/ultima5"
110: Working Directory: <repo>/native/core/build-a4-save3
110: Test timeout computed to be: 1500
110: [I][AlphaResources] Alpha resource pack v2.0 valid: 2042554 bytes, 43 entries, payload CRC=9c10874f, expected SHA-256=11d72c7784d4, firmware_match=1
110: [I][AlphaResources] Loaded owners: 64 small floors, 8 dungeons, 1024 NPC records; PSRAM=1188214
110: [I][AlphaSave] SD_HEAP operation=dma-reserve-created state=startup free_internal=67108864 free_dma=67108864 largest_dma=67108864 largest_internal=67108864 requested_dma=8192
110: [I][AlphaSave] SD_HEAP operation=release-reserved-dma state=settings-load free_internal=67108864 free_dma=67108864 largest_dma=67108864 largest_internal=67108864 requested_dma=8192
110: [I][AlphaSave] SD_HEAP operation=sd-window-open state=settings-load free_internal=67108864 free_dma=67108864 largest_dma=67108864 largest_internal=67108864 requested_dma=512
110: [I][AlphaSave] SD_HEAP operation=dma-reserve-restored state=settings-load free_internal=67108864 free_dma=67108864 largest_dma=67108864 largest_internal=67108864 requested_dma=8192
110: [I][AlphaRuntime] SETTINGS_LOAD loaded=0 sfx_volume=80 music_volume=80
110: 
110: [P] the bridge: checks and codec (pure)
110:   GREEN P1    the genuine DOS SAVED.GAM/SAVED.OOL pass the original-format check
110:   GREEN P2    INIT.GAM is not a save (its Avatar record has no name): Roster
110:   GREEN P3    each invalid, incomplete or dungeon variant is refused with its own reason (sizes, party, roster, clock, position, dungeon, weather)
110:   GREEN P4    the DOS fixture imported: all 16 roster records, supplies, clock, position, the 5 inventories, 8 moonstones and both NPC bitmaps equal the file's own bytes
110:   GREEN P5    the sidecar-less import is completed: wind West from 0x2EC (B2), transport foot from the tile (B9), no time spell, an empty pool (no vehicles parked), no dungeon session
110:   GREEN P6    B1: the found-once bitmap 0x2B6 becomes search:N (0, 7, 12, 16, 112); N = 13/14/15 stay with their own gates (found: 0 7 12 16 112)
110:   GREEN P7    B2-B8: wind, drift, light minutes, sail, skull-tree day, the 3 reagent days and the time spell reach the live turn state
110:   GREEN P8    B9: a party aboard a frigate (tile 0x24) imports as TransportMode::Ship, not the empty sidecar's foot
110:   GREEN P9    baseline (section 5.4): the codec alone turns a DOS vehicle into a reference entry the gate refuses (NativeDomain)
110:   GREEN P10   B10: the live table's frigate (hull 77, 1 skiff) and UNDER.OOL's parked one (hull 55) become pool ships; the horse, the skiff and the new-game underworld skiff at (14,242) become the terrain cells Native drops; the gate accepts it (report 2/1/2, pool 2, cells {"0:0:79:96":272,"0:0:82:97":296,"0:255:14:242":297})
110:   GREEN P11   B10: saved in a town, the frigate parked in SAVED.OOL's BRIT block comes back as a surface pool ship
110:   GREEN P12   the codec is exact: the fixture re-exported over itself differs in 0 of 4192 bytes
110:   GREEN P13   Native's own .gam (INIT template) + the bridge equals the DOS file except in the documented unbridged bytes (749 of them: town tables, combat scratch, light radius, door tracker ...); wind restored
110:   GREEN P14   export B1-B8: search:20 sets its bit (13 does not: gated), wind/sail/light/drift/tree/reagents/time spell written; a town save is reported as leaving its NPC tables out (L1)
110:   GREEN P15   export B10 (in a town): the surface frigate (hull 88, 2 skiffs) and horse are written to SAVED.OOL's BRIT block, the underworld frigate to UNDER; the town's live table is untouched; a carpet and a loot pile are counted, not written
110:   GREEN P16   export B10 outdoors: vehicles of the party's world go into the live table (.gam +0x6B4); with one free record the second is reported unplaced, never written over another
110:   GREEN P17   a dungeon document (location 33-40 or a session) is not exportable (L2)
110: 
110: [J] import through the title's PC Save Transfer page
110: [I][AlphaRuntime] INPUT_EDGE raw=00,00,00,00,00 prev=00,00,00,00,00 matrix=0,0 physical=matrix-key edge=press mods=S0,A1,H0 printable=6d base=00 symbol=00 ui=explore emitted=system-menu action_char=0 shortcut=none
110: [I][AlphaSave] SD_HEAP operation=release-reserved-dma state=save-catalog free_internal=67108864 free_dma=67108864 largest_dma=67108864 largest_internal=67108864 requested_dma=8192
110: [I][AlphaSave] SD_HEAP operation=sd-window-open state=save-catalog free_internal=67108864 free_dma=67108864 largest_dma=67108864 largest_internal=67108864 requested_dma=512
110: [I][AlphaSave] SAVE_SCRATCH psram_bytes=11888
110: [I][AlphaSave] SAVE_CATALOG slot1=empty slot2=empty slot3=empty staged=0 bytes=0 commit_us=151 verify_us=0 total_us=324
110: [I][AlphaSave] SD_HEAP operation=dma-reserve-restored state=save-catalog free_internal=67108864 free_dma=67108864 largest_dma=67108864 largest_internal=67108864 requested_dma=8192
110: [I][AlphaRuntime] SYSTEM_MENU action=toggle open=1 gameplay_command=none
110: [I][AlphaRuntime] SYSTEM_MENU action=direction accepted=1 open=1 gameplay_command=none
110: [I][AlphaRuntime] INPUT_EDGE raw=00,00,00,00,00 prev=00,00,00,00,00 matrix=0,0 physical=matrix-key edge=press mods=S0,A0,H0 printable=0d base=00 symbol=00 ui=inventory emitted=confirm action_char=0 shortcut=none
110: [I][AlphaSave] SD_HEAP operation=release-reserved-dma state=save-catalog free_internal=67108864 free_dma=67108864 largest_dma=67108864 largest_internal=67108864 requested_dma=8192
110: [I][AlphaSave] SD_HEAP operation=sd-window-open state=save-catalog free_internal=67108864 free_dma=67108864 largest_dma=67108864 largest_internal=67108864 requested_dma=512
110: [I][AlphaSave] SAVE_CATALOG slot1=empty slot2=empty slot3=empty staged=0 bytes=0 commit_us=59 verify_us=0 total_us=64
110: [I][AlphaSave] SD_HEAP operation=dma-reserve-restored state=save-catalog free_internal=67108864 free_dma=67108864 largest_dma=67108864 largest_internal=67108864 requested_dma=8192
110: [I][AlphaRuntime] SYSTEM_MENU action=confirm accepted=1 open=0 gameplay_command=none
110: [I][AlphaRuntime] INPUT_EDGE raw=00,00,00,00,00 prev=00,00,00,00,00 matrix=0,0 physical=matrix-key edge=press mods=S0,A0,H0 printable=20 base=00 symbol=00 ui=inventory emitted=character action_char=32 shortcut=none
110: [I][AlphaRuntime] FRONTEND_INPUT raw=keyboard action=character char=32 accepted=1 state=title->menu phase=name->name name=""->""
110: [I][AlphaRuntime] FRONTEND_STATE count=1 from=title to=menu reason=input reconstructed=0
110: [I][AlphaRuntime] INPUT_EDGE raw=00,00,00,00,00 prev=00,00,00,00,00 matrix=0,0 physical=matrix-key edge=press mods=S0,A0,H0 printable=70 base=00 symbol=00 ui=inventory emitted=character action_char=112 shortcut=none
110: [I][AlphaRuntime] FRONTEND_INPUT raw=keyboard action=character char=112 accepted=1 state=menu->error phase=name->name name=""->""
110: [I][AlphaRuntime] FRONTEND_STATE count=2 from=menu to=error reason=input reconstructed=0
110: [I][AlphaRuntime] FRONTEND_INTENT intent=inspect-pc-saves storage_begin=1 phase=name name="" gender=0x0b stack_margin=32768
110: [I][AlphaSave] SD_HEAP operation=release-reserved-dma state=save-catalog free_internal=67108864 free_dma=67108864 largest_dma=67108864 largest_internal=67108864 requested_dma=8192
110: [I][AlphaSave] SD_HEAP operation=sd-window-open state=save-catalog free_internal=67108864 free_dma=67108864 largest_dma=67108864 largest_internal=67108864 requested_dma=512
110: [I][AlphaSave] SAVE_CATALOG slot1=empty slot2=empty slot3=empty staged=0 bytes=0 commit_us=58 verify_us=0 total_us=62
110: [I][AlphaSave] SD_HEAP operation=dma-reserve-restored state=save-catalog free_internal=67108864 free_dma=67108864 largest_dma=67108864 largest_internal=67108864 requested_dma=8192
110: [I][AlphaSave] SD_HEAP operation=release-reserved-dma state=pc-import-read free_internal=67108864 free_dma=67108864 largest_dma=67108864 largest_internal=67108864 requested_dma=8192
110: [I][AlphaSave] SD_HEAP operation=sd-window-open state=pc-import-read free_internal=67108864 free_dma=67108864 largest_dma=67108864 largest_internal=67108864 requested_dma=512
110: [I][AlphaSave] PC_IMPORT_READ gam=-1 ool=-1
110: [I][AlphaSave] SD_HEAP operation=dma-reserve-restored state=pc-import-read free_internal=67108864 free_dma=67108864 largest_dma=67108864 largest_internal=67108864 requested_dma=8192
110: [I][AlphaRuntime] INPUT_EDGE raw=00,00,00,00,00 prev=00,00,00,00,00 matrix=0,0 physical=matrix-key edge=press mods=S0,A0,H0 printable=0d base=00 symbol=00 ui=inventory emitted=confirm action_char=0 shortcut=none
110: [I][AlphaRuntime] FRONTEND_INPUT raw=keyboard action=confirm char=0 accepted=1 state=error->error phase=name->name name=""->""
110:   GREEN J1    no import files: the page says so, Import only repeats it, nothing is written (subtitle "No PC save in /ultima5/import")
110: [I][AlphaRuntime] INPUT_EDGE raw=00,00,00,00,00 prev=00,00,00,00,00 matrix=0,0 physical=matrix-key edge=press mods=S0,A0,H0 printable=08 base=00 symbol=00 ui=inventory emitted=back action_char=0 shortcut=none
110: [I][AlphaRuntime] FRONTEND_INPUT raw=keyboard action=back char=0 accepted=1 state=error->menu phase=name->name name=""->""
110: [I][AlphaRuntime] FRONTEND_STATE count=3 from=error to=menu reason=input reconstructed=0
110: [I][AlphaRuntime] INPUT_EDGE raw=00,00,00,00,00 prev=00,00,00,00,00 matrix=0,0 physical=matrix-key edge=press mods=S0,A0,H0 printable=70 base=00 symbol=00 ui=inventory emitted=character action_char=112 shortcut=none
110: [I][AlphaRuntime] FRONTEND_INPUT raw=keyboard action=character char=112 accepted=1 state=menu->error phase=name->name name=""->""
110: [I][AlphaRuntime] FRONTEND_STATE count=4 from=menu to=error reason=input reconstructed=0
110: [I][AlphaRuntime] FRONTEND_INTENT intent=inspect-pc-saves storage_begin=1 phase=name name="" gender=0x0b stack_margin=32768
110: [I][AlphaSave] SD_HEAP operation=release-reserved-dma state=save-catalog free_internal=67108864 free_dma=67108864 largest_dma=67108864 largest_internal=67108864 requested_dma=8192
110: [I][AlphaSave] SD_HEAP operation=sd-window-open state=save-catalog free_internal=67108864 free_dma=67108864 largest_dma=67108864 largest_internal=67108864 requested_dma=512
110: [I][AlphaSave] SAVE_CATALOG slot1=empty slot2=empty slot3=empty staged=0 bytes=0 commit_us=94 verify_us=0 total_us=98
110: [I][AlphaSave] SD_HEAP operation=dma-reserve-restored state=save-catalog free_internal=67108864 free_dma=67108864 largest_dma=67108864 largest_internal=67108864 requested_dma=8192
110: [I][AlphaSave] SD_HEAP operation=release-reserved-dma state=pc-import-read free_internal=67108864 free_dma=67108864 largest_dma=67108864 largest_internal=67108864 requested_dma=8192
110: [I][AlphaSave] SD_HEAP operation=sd-window-open state=pc-import-read free_internal=67108864 free_dma=67108864 largest_dma=67108864 largest_internal=67108864 requested_dma=512
110: [I][AlphaSave] PC_IMPORT_READ gam=4192 ool=-1
110: [I][AlphaSave] SD_HEAP operation=dma-reserve-restored state=pc-import-read free_internal=67108864 free_dma=67108864 largest_dma=67108864 largest_internal=67108864 requested_dma=8192
110: [I][AlphaRuntime] INPUT_EDGE raw=00,00,00,00,00 prev=00,00,00,00,00 matrix=0,0 physical=matrix-key edge=press mods=S0,A0,H0 printable=0d base=00 symbol=00 ui=inventory emitted=confirm action_char=0 shortcut=none
110: [I][AlphaRuntime] FRONTEND_INPUT raw=keyboard action=confirm char=0 accepted=1 state=error->error phase=name->name name=""->""
110: [I][AlphaSave] SD_HEAP operation=release-reserved-dma state=pc-import-read free_internal=67108864 free_dma=67108864 largest_dma=67108864 largest_internal=67108864 requested_dma=8192
110: [I][AlphaSave] SD_HEAP operation=sd-window-open state=pc-import-read free_internal=67108864 free_dma=67108864 largest_dma=67108864 largest_internal=67108864 requested_dma=512
110: [I][AlphaSave] PC_IMPORT_READ gam=4192 ool=-1
110: [I][AlphaSave] SD_HEAP operation=dma-reserve-restored state=pc-import-read free_internal=67108864 free_dma=67108864 largest_dma=67108864 largest_internal=67108864 requested_dma=8192
110:   GREEN J2    an incomplete set (SAVED.GAM alone) is refused before any slot is offered; no card writes
110: [I][AlphaRuntime] INPUT_EDGE raw=00,00,00,00,00 prev=00,00,00,00,00 matrix=0,0 physical=matrix-key edge=press mods=S0,A0,H0 printable=08 base=00 symbol=00 ui=inventory emitted=back action_char=0 shortcut=none
110: [I][AlphaRuntime] FRONTEND_INPUT raw=keyboard action=back char=0 accepted=1 state=error->menu phase=name->name name=""->""
110: [I][AlphaRuntime] FRONTEND_STATE count=5 from=error to=menu reason=input reconstructed=0
110: [I][AlphaRuntime] INPUT_EDGE raw=00,00,00,00,00 prev=00,00,00,00,00 matrix=0,0 physical=matrix-key edge=press mods=S0,A0,H0 printable=70 base=00 symbol=00 ui=inventory emitted=character action_char=112 shortcut=none
110: [I][AlphaRuntime] FRONTEND_INPUT raw=keyboard action=character char=112 accepted=1 state=menu->error phase=name->name name=""->""
110: [I][AlphaRuntime] FRONTEND_STATE count=6 from=menu to=error reason=input reconstructed=0
110: [I][AlphaRuntime] FRONTEND_INTENT intent=inspect-pc-saves storage_begin=1 phase=name name="" gender=0x0b stack_margin=32768
110: [I][AlphaSave] SD_HEAP operation=release-reserved-dma state=save-catalog free_internal=67108864 free_dma=67108864 largest_dma=67108864 largest_internal=67108864 requested_dma=8192
110: [I][AlphaSave] SD_HEAP operation=sd-window-open state=save-catalog free_internal=67108864 free_dma=67108864 largest_dma=67108864 largest_internal=67108864 requested_dma=512
110: [I][AlphaSave] SAVE_CATALOG slot1=empty slot2=empty slot3=empty staged=0 bytes=0 commit_us=99 verify_us=0 total_us=104
110: [I][AlphaSave] SD_HEAP operation=dma-reserve-restored state=save-catalog free_internal=67108864 free_dma=67108864 largest_dma=67108864 largest_internal=67108864 requested_dma=8192
110: [I][AlphaSave] SD_HEAP operation=release-reserved-dma state=pc-import-read free_internal=67108864 free_dma=67108864 largest_dma=67108864 largest_internal=67108864 requested_dma=8192
110: [I][AlphaSave] SD_HEAP operation=sd-window-open state=pc-import-read free_internal=67108864 free_dma=67108864 largest_dma=67108864 largest_internal=67108864 requested_dma=512
110: [I][AlphaSave] PC_IMPORT_READ gam=4000 ool=512
110: [I][AlphaSave] SD_HEAP operation=dma-reserve-restored state=pc-import-read free_internal=67108864 free_dma=67108864 largest_dma=67108864 largest_internal=67108864 requested_dma=8192
110: [I][AlphaSave] SD_HEAP operation=release-reserved-dma state=pc-import-read free_internal=67108864 free_dma=67108864 largest_dma=67108864 largest_internal=67108864 requested_dma=8192
110: [I][AlphaSave] SD_HEAP operation=sd-window-open state=pc-import-read free_internal=67108864 free_dma=67108864 largest_dma=67108864 largest_internal=67108864 requested_dma=512
110: [I][AlphaSave] PC_IMPORT_READ gam=4000 ool=512
110: [I][AlphaSave] SD_HEAP operation=dma-reserve-restored state=pc-import-read free_internal=67108864 free_dma=67108864 largest_dma=67108864 largest_internal=67108864 requested_dma=8192
110:   GREEN J3    a SAVED.GAM of the wrong size is reported and never read into memory
110: [I][AlphaRuntime] INPUT_EDGE raw=00,00,00,00,00 prev=00,00,00,00,00 matrix=0,0 physical=matrix-key edge=press mods=S0,A0,H0 printable=08 base=00 symbol=00 ui=inventory emitted=back action_char=0 shortcut=none
110: [I][AlphaRuntime] FRONTEND_INPUT raw=keyboard action=back char=0 accepted=1 state=error->menu phase=name->name name=""->""
110: [I][AlphaRuntime] FRONTEND_STATE count=7 from=error to=menu reason=input reconstructed=0
110: [I][AlphaRuntime] INPUT_EDGE raw=00,00,00,00,00 prev=00,00,00,00,00 matrix=0,0 physical=matrix-key edge=press mods=S0,A0,H0 printable=70 base=00 symbol=00 ui=inventory emitted=character action_char=112 shortcut=none
110: [I][AlphaRuntime] FRONTEND_INPUT raw=keyboard action=character char=112 accepted=1 state=menu->error phase=name->name name=""->""
110: [I][AlphaRuntime] FRONTEND_STATE count=8 from=menu to=error reason=input reconstructed=0
110: [I][AlphaRuntime] FRONTEND_INTENT intent=inspect-pc-saves storage_begin=1 phase=name name="" gender=0x0b stack_margin=32768
110: [I][AlphaSave] SD_HEAP operation=release-reserved-dma state=save-catalog free_internal=67108864 free_dma=67108864 largest_dma=67108864 largest_internal=67108864 requested_dma=8192
110: [I][AlphaSave] SD_HEAP operation=sd-window-open state=save-catalog free_internal=67108864 free_dma=67108864 largest_dma=67108864 largest_internal=67108864 requested_dma=512
110: [I][AlphaSave] SAVE_CATALOG slot1=empty slot2=empty slot3=empty staged=0 bytes=0 commit_us=125 verify_us=0 total_us=132
110: [I][AlphaSave] SD_HEAP operation=dma-reserve-restored state=save-catalog free_internal=67108864 free_dma=67108864 largest_dma=67108864 largest_internal=67108864 requested_dma=8192
110: [I][AlphaSave] SD_HEAP operation=release-reserved-dma state=pc-import-read free_internal=67108864 free_dma=67108864 largest_dma=67108864 largest_internal=67108864 requested_dma=8192
110: [I][AlphaSave] SD_HEAP operation=sd-window-open state=pc-import-read free_internal=67108864 free_dma=67108864 largest_dma=67108864 largest_internal=67108864 requested_dma=512
110: [I][AlphaSave] PC_IMPORT_READ gam=4192 ool=512
110: [I][AlphaSave] SD_HEAP operation=dma-reserve-restored state=pc-import-read free_internal=67108864 free_dma=67108864 largest_dma=67108864 largest_internal=67108864 requested_dma=8192
110: [I][AlphaRuntime] INPUT_EDGE raw=00,00,00,00,00 prev=00,00,00,00,00 matrix=0,0 physical=matrix-key edge=press mods=S0,A0,H0 printable=08 base=00 symbol=00 ui=inventory emitted=back action_char=0 shortcut=none
110: [I][AlphaRuntime] FRONTEND_INPUT raw=keyboard action=back char=0 accepted=1 state=error->menu phase=name->name name=""->""
110: [I][AlphaRuntime] FRONTEND_STATE count=9 from=error to=menu reason=input reconstructed=0
110: [I][AlphaRuntime] INPUT_EDGE raw=00,00,00,00,00 prev=00,00,00,00,00 matrix=0,0 physical=matrix-key edge=press mods=S0,A0,H0 printable=70 base=00 symbol=00 ui=inventory emitted=character action_char=112 shortcut=none
110: [I][AlphaRuntime] FRONTEND_INPUT raw=keyboard action=character char=112 accepted=1 state=menu->error phase=name->name name=""->""
110: [I][AlphaRuntime] FRONTEND_STATE count=10 from=menu to=error reason=input reconstructed=0
110: [I][AlphaRuntime] FRONTEND_INTENT intent=inspect-pc-saves storage_begin=1 phase=name name="" gender=0x0b stack_margin=32768
110: [I][AlphaSave] SD_HEAP operation=release-reserved-dma state=save-catalog free_internal=67108864 free_dma=67108864 largest_dma=67108864 largest_internal=67108864 requested_dma=8192
110: [I][AlphaSave] SD_HEAP operation=sd-window-open state=save-catalog free_internal=67108864 free_dma=67108864 largest_dma=67108864 largest_internal=67108864 requested_dma=512
110: [I][AlphaSave] SAVE_CATALOG slot1=empty slot2=empty slot3=empty staged=0 bytes=0 commit_us=261 verify_us=0 total_us=271
110: [I][AlphaSave] SD_HEAP operation=dma-reserve-restored state=save-catalog free_internal=67108864 free_dma=67108864 largest_dma=67108864 largest_internal=67108864 requested_dma=8192
110: [I][AlphaSave] SD_HEAP operation=release-reserved-dma state=pc-import-read free_internal=67108864 free_dma=67108864 largest_dma=67108864 largest_internal=67108864 requested_dma=8192
110: [I][AlphaSave] SD_HEAP operation=sd-window-open state=pc-import-read free_internal=67108864 free_dma=67108864 largest_dma=67108864 largest_internal=67108864 requested_dma=512
110: [I][AlphaSave] PC_IMPORT_READ gam=4192 ool=512
110: [I][AlphaSave] SD_HEAP operation=dma-reserve-restored state=pc-import-read free_internal=67108864 free_dma=67108864 largest_dma=67108864 largest_internal=67108864 requested_dma=8192
110: [I][AlphaRuntime] INPUT_EDGE raw=00,00,00,00,00 prev=00,00,00,00,00 matrix=0,0 physical=matrix-key edge=press mods=S0,A0,H0 printable=0d base=00 symbol=00 ui=inventory emitted=confirm action_char=0 shortcut=none
110: [I][AlphaRuntime] FRONTEND_INPUT raw=keyboard action=confirm char=0 accepted=1 state=error->error phase=name->name name=""->""
110:   GREEN J4    a corrupt save and a save inside a dungeon are refused with their reasons; nothing is written
110: [I][AlphaRuntime] INPUT_EDGE raw=00,00,00,00,00 prev=00,00,00,00,00 matrix=0,0 physical=matrix-key edge=press mods=S0,A0,H0 printable=08 base=00 symbol=00 ui=inventory emitted=back action_char=0 shortcut=none
110: [I][AlphaRuntime] FRONTEND_INPUT raw=keyboard action=back char=0 accepted=1 state=error->menu phase=name->name name=""->""
110: [I][AlphaRuntime] FRONTEND_STATE count=11 from=error to=menu reason=input reconstructed=0
110: [I][AlphaRuntime] INPUT_EDGE raw=00,00,00,00,00 prev=00,00,00,00,00 matrix=0,0 physical=matrix-key edge=press mods=S0,A0,H0 printable=70 base=00 symbol=00 ui=inventory emitted=character action_char=112 shortcut=none
110: [I][AlphaRuntime] FRONTEND_INPUT raw=keyboard action=character char=112 accepted=1 state=menu->error phase=name->name name=""->""
110: [I][AlphaRuntime] FRONTEND_STATE count=12 from=menu to=error reason=input reconstructed=0
110: [I][AlphaRuntime] FRONTEND_INTENT intent=inspect-pc-saves storage_begin=1 phase=name name="" gender=0x0b stack_margin=32768
110: [I][AlphaSave] SD_HEAP operation=release-reserved-dma state=save-catalog free_internal=67108864 free_dma=67108864 largest_dma=67108864 largest_internal=67108864 requested_dma=8192
110: [I][AlphaSave] SD_HEAP operation=sd-window-open state=save-catalog free_internal=67108864 free_dma=67108864 largest_dma=67108864 largest_internal=67108864 requested_dma=512
110: [I][AlphaSave] SAVE_CATALOG slot1=empty slot2=empty slot3=empty staged=0 bytes=0 commit_us=159 verify_us=0 total_us=167
110: [I][AlphaSave] SD_HEAP operation=dma-reserve-restored state=save-catalog free_internal=67108864 free_dma=67108864 largest_dma=67108864 largest_internal=67108864 requested_dma=8192
110: [I][AlphaSave] SD_HEAP operation=release-reserved-dma state=pc-import-read free_internal=67108864 free_dma=67108864 largest_dma=67108864 largest_internal=67108864 requested_dma=8192
110: [I][AlphaSave] SD_HEAP operation=sd-window-open state=pc-import-read free_internal=67108864 free_dma=67108864 largest_dma=67108864 largest_internal=67108864 requested_dma=512
110: [I][AlphaSave] PC_IMPORT_READ gam=4192 ool=512
110: [I][AlphaSave] SD_HEAP operation=dma-reserve-restored state=pc-import-read free_internal=67108864 free_dma=67108864 largest_dma=67108864 largest_internal=67108864 requested_dma=8192
110: [I][AlphaSave] SD_HEAP operation=release-reserved-dma state=pc-import-marker free_internal=67108864 free_dma=67108864 largest_dma=67108864 largest_internal=67108864 requested_dma=8192
110: [I][AlphaSave] SD_HEAP operation=sd-window-open state=pc-import-marker free_internal=67108864 free_dma=67108864 largest_dma=67108864 largest_internal=67108864 requested_dma=512
110: [I][AlphaSave] SD_HEAP operation=dma-reserve-restored state=pc-import-marker free_internal=67108864 free_dma=67108864 largest_dma=67108864 largest_internal=67108864 requested_dma=8192
110: [I][AlphaRuntime] INPUT_EDGE raw=00,00,00,00,00 prev=00,00,00,00,00 matrix=0,0 physical=matrix-key edge=press mods=S0,A0,H0 printable=0d base=00 symbol=00 ui=inventory emitted=confirm action_char=0 shortcut=none
110: [I][AlphaRuntime] FRONTEND_INPUT raw=keyboard action=confirm char=0 accepted=1 state=error->error phase=name->name name=""->""
110: [I][AlphaRuntime] FRONTEND_STATE count=13 from=error to=error reason=input reconstructed=0
110: [I][AlphaRuntime] INPUT_EDGE raw=00,00,00,00,00 prev=00,00,00,00,00 matrix=0,0 physical=matrix-key edge=press mods=S0,A0,H0 printable=0d base=00 symbol=00 ui=inventory emitted=confirm action_char=0 shortcut=none
110: [I][AlphaRuntime] FRONTEND_INPUT raw=keyboard action=confirm char=0 accepted=1 state=error->error phase=name->name name=""->""
110: [I][AlphaRuntime] FRONTEND_INTENT intent=import-pc-save storage_begin=1 phase=name name="" gender=0x0b stack_margin=32768
110: [I][AlphaSave] SD_HEAP operation=release-reserved-dma state=pc-import-read free_internal=67108864 free_dma=67108864 largest_dma=67108864 largest_internal=67108864 requested_dma=8192
110: [I][AlphaSave] SD_HEAP operation=sd-window-open state=pc-import-read free_internal=67108864 free_dma=67108864 largest_dma=67108864 largest_internal=67108864 requested_dma=512
110: [I][AlphaSave] PC_IMPORT_READ gam=4192 ool=512
110: [I][AlphaSave] SD_HEAP operation=dma-reserve-restored state=pc-import-read free_internal=67108864 free_dma=67108864 largest_dma=67108864 largest_internal=67108864 requested_dma=8192
110: [I][AlphaRuntime] U5OBJ CLEAR site=load-restore pool_before=0
110: [I][AlphaRuntime] WORLD_OBJECTS_RESTORE count=0
110: [I][AlphaRuntime] DUNGEON_RESTORE active=0 dungeon=33 depth=0
110: [I][AlphaRuntime] LOAD_TRANSIENT_RESET ui=explore->explore request=0 views=0 questions=0
110: [I][AlphaRuntime] U5OBJ SOURCE loc=17 floor=0 hour=3 table=found table_loc=17 count=32 slots=present tables=32 npc_dead=0x00000000 pool_before=0
110: [I][AlphaRuntime] U5OBJ SRC slot=23 index=23 type=1(0x01) tile=257 dialog=0 x=16,16,16 y=21,21,21 z=255,255,255 schedule=0,0,0,0 ai=0,0,0
110: [I][AlphaRuntime] U5OBJ SRC slot=24 index=24 type=1(0x01) tile=257 dialog=0 x=17,17,17 y=22,22,22 z=255,255,255 schedule=0,0,0,0 ai=0,0,0
110: [I][AlphaRuntime] U5OBJ SRC slot=25 index=25 type=1(0x01) tile=257 dialog=0 x=13,13,13 y=23,23,23 z=255,255,255 schedule=0,0,0,0 ai=0,0,0
110: [I][AlphaRuntime] U5OBJ SRC slot=28 index=28 type=30(0x1e) tile=286 dialog=0 x=9,9,9 y=9,9,9 z=255,255,255 schedule=0,0,0,0 ai=0,0,0
110: [I][AlphaRuntime] U5OBJ RESERVE request=32 current_size=0 current_capacity=0 object_bytes=68 need_bytes=2176 target_bytes=2176 free_internal=67108864 largest_internal=67108864 free_psram=67108864 largest_psram=67108864 free_default=67108864 guard=free_psram>=need+32768 result=1
110: [I][AlphaRuntime] U5OBJ RESERVE_DONE size=0 capacity=32 storage_heap=internal
110: [I][AlphaRuntime] U5OBJ HYDRATE slot=23 index=23 ACCEPT schedule=0 loc=17 floor=-1 x=16 y=21 tile=257 chest=1 prop=0 plot=0 item=8 contents=30 pool_index=1
110: [I][AlphaRuntime] CHEST_INSERT source=authored/hydrated loc=17 floor=-1 world_x=16 world_y=21 object_id=1 type=chest flags=none trap=0 contents=30 collection_count_before=1 after=2
110: [I][AlphaRuntime] U5OBJ HYDRATE slot=24 index=24 ACCEPT schedule=0 loc=17 floor=-1 x=17 y=22 tile=257 chest=1 prop=0 plot=0 item=8 contents=30 pool_index=2
110: [I][AlphaRuntime] CHEST_INSERT source=authored/hydrated loc=17 floor=-1 world_x=17 world_y=22 object_id=2 type=chest flags=none trap=0 contents=30 collection_count_before=2 after=3
110: [I][AlphaRuntime] U5OBJ HYDRATE slot=25 index=25 ACCEPT schedule=0 loc=17 floor=-1 x=13 y=23 tile=257 chest=1 prop=0 plot=0 item=8 contents=30 pool_index=3
110: [I][AlphaRuntime] CHEST_INSERT source=authored/hydrated loc=17 floor=-1 world_x=13 world_y=23 object_id=3 type=chest flags=none trap=0 contents=30 collection_count_before=3 after=4
110: [I][AlphaRuntime] U5OBJ HYDRATE slot=28 index=28 ACCEPT schedule=0 loc=17 floor=-1 x=9 y=9 tile=286 chest=0 prop=1 plot=0 item=8 contents=30 pool_index=4
110: [I][AlphaRuntime] U5OBJ POST_HYDRATE result=1 reason=ok pool_size=6 accepted=6 dropped=26 hydrate_calls=1
110: [I][AlphaRuntime] U5OBJ POST_HYDRATE_OBJ index=1 loc=17 floor=-1 x=16 y=21 tile=257 chest=1 prop=0 plot=0 item=8 loot=0 search=0 shadowlord=0 trapped=0 contents=30 slot=-1
110: [I][AlphaRuntime] U5OBJ POST_HYDRATE_OBJ index=2 loc=17 floor=-1 x=17 y=22 tile=257 chest=1 prop=0 plot=0 item=8 loot=0 search=0 shadowlord=0 trapped=0 contents=30 slot=-1
110: [I][AlphaRuntime] U5OBJ POST_HYDRATE_OBJ index=3 loc=17 floor=-1 x=13 y=23 tile=257 chest=1 prop=0 plot=0 item=8 loot=0 search=0 shadowlord=0 trapped=0 contents=30 slot=-1
110: [I][AlphaRuntime] U5OBJ POST_HYDRATE_OBJ index=4 loc=17 floor=-1 x=9 y=9 tile=286 chest=0 prop=1 plot=0 item=8 loot=0 search=0 shadowlord=0 trapped=0 contents=30 slot=-1
110: [I][AlphaSave] SD_HEAP operation=release-reserved-dma state=gameplay-save free_internal=67108864 free_dma=67108864 largest_dma=67108864 largest_internal=67108864 requested_dma=8192
110: [I][AlphaSave] SD_HEAP operation=sd-window-open state=gameplay-save free_internal=67108864 free_dma=67108864 largest_dma=67108864 largest_internal=67108864 requested_dma=512
110: [I][AlphaSave] NEWGAME_SAVE stage=create-root-directory result=ok esp_err=ESP_OK errno=0 path=/sd/ultima5 stack_margin=32768
110: [I][AlphaSave] NEWGAME_SAVE stage=create-save-directory result=ok esp_err=ESP_OK errno=0 path=/sd/ultima5/saves stack_margin=32768
110: [I][AlphaSave] SD_HEAP operation=free-space-before state=gameplay-save free_internal=67108864 free_dma=67108864 largest_dma=67108864 largest_internal=67108864 requested_dma=512
110: [I][AlphaSave] SD_HEAP operation=free-space-call-enter state=gameplay-save free_internal=67108864 free_dma=67108864 largest_dma=67108864 largest_internal=67108864 requested_dma=512
110: [I][AlphaSave] SD_HEAP operation=free-space-call-exit state=gameplay-save free_internal=67108864 free_dma=67108864 largest_dma=67108864 largest_internal=67108864 requested_dma=512
110: [I][AlphaSave] SD_HEAP operation=free-space-after state=gameplay-save free_internal=67108864 free_dma=67108864 largest_dma=67108864 largest_internal=67108864 requested_dma=512
110: [I][AlphaSave] SD_SPACE path=/sd api=esp_vfs_fat_info/f_getfree return=ESP_OK(0x0) errno=0 total_bytes=34359738368 free_bytes=8589934592 total_sectors=67108864 free_sectors=16777216 sector_bytes=512
110: [I][AlphaSave] NEWGAME_SAVE stage=free-space-query result=ok esp_err=ESP_OK errno=0 path=/sd stack_margin=32768
110: [I][AlphaSave] NEWGAME_SAVE stage=free-space result=ok esp_err=ESP_OK errno=0 path=/sd stack_margin=32768
110: [I][AlphaSave] SAVE_TARGET save_slot=0 newest=-1 accepted=0 slot=1 keep=-1 sequence=1
110: [I][AlphaSave] NEWGAME_SAVE stage=gam-encode result=ok esp_err=ESP_OK errno=0 path=INIT.GAM stack_margin=32768
110: [I][AlphaSave] NEWGAME_SAVE stage=ool-encode result=ok esp_err=ESP_OK errno=0 path=INIT.OOL stack_margin=32768
110: [I][AlphaSave] NEWGAME_SAVE stage=json-encode result=ok esp_err=ESP_OK errno=0 path=sidecar stack_margin=32768
110: [I][AlphaSave] SD_HEAP operation=write-gam-temp state=gameplay-save free_internal=67108864 free_dma=67108864 largest_dma=67108864 largest_internal=67108864 requested_dma=512
110: [I][AlphaSave] NEWGAME_SAVE stage=write-gam-temp result=ok esp_err=ESP_OK errno=0 path=/sd/ultima5/saves/alpha1-g1.gam.tmp stack_margin=32768
110: [I][AlphaSave] SD_HEAP operation=write-ool-temp state=gameplay-save free_internal=67108864 free_dma=67108864 largest_dma=67108864 largest_internal=67108864 requested_dma=512
110: [I][AlphaSave] NEWGAME_SAVE stage=write-ool-temp result=ok esp_err=ESP_OK errno=0 path=/sd/ultima5/saves/alpha1-g1.ool.tmp stack_margin=32768
110: [I][AlphaSave] SD_HEAP operation=write-json-temp state=gameplay-save free_internal=67108864 free_dma=67108864 largest_dma=67108864 largest_internal=67108864 requested_dma=512
110: [I][AlphaSave] NEWGAME_SAVE stage=write-json-temp result=ok esp_err=ESP_OK errno=0 path=/sd/ultima5/saves/alpha1-g1.json.tmp stack_margin=32768
110: [I][AlphaSave] SD_HEAP operation=crc-readback state=gameplay-save free_internal=67108864 free_dma=67108864 largest_dma=67108864 largest_internal=67108864 requested_dma=512
110: [I][AlphaSave] NEWGAME_SAVE stage=crc-readback result=ok esp_err=ESP_OK errno=0 path=/sd/ultima5/saves stack_margin=32768
110: [I][AlphaSave] NEWGAME_SAVE stage=rename-gam result=ok esp_err=ESP_OK errno=0 path=/sd/ultima5/saves/alpha1-g1.gam stack_margin=32768
110: [I][AlphaSave] NEWGAME_SAVE stage=rename-ool result=ok esp_err=ESP_OK errno=0 path=/sd/ultima5/saves/alpha1-g1.ool stack_margin=32768
110: [I][AlphaSave] NEWGAME_SAVE stage=rename-json result=ok esp_err=ESP_OK errno=0 path=/sd/ultima5/saves/alpha1-g1.json stack_margin=32768
110: [I][AlphaSave] NEWGAME_SAVE stage=write-commit-temp result=ok esp_err=ESP_OK errno=0 path=/sd/ultima5/saves/alpha1-g1.commit.tmp stack_margin=32768
110: [I][AlphaSave] NEWGAME_SAVE stage=rename-commit result=ok esp_err=ESP_OK errno=0 path=/sd/ultima5/saves/alpha1-g1.commit stack_margin=32768
110: [I][AlphaSave] NEWGAME_SAVE stage=semantic-validation result=ok esp_err=ESP_OK errno=0 path=/sd/ultima5/saves/alpha1-g1.commit stack_margin=32768
110: [I][AlphaSave] NEWGAME_SAVE stage=generation-final result=ok esp_err=ESP_OK errno=0 path=/sd/ultima5/saves/alpha1-g1.commit stack_margin=32768
110: [I][AlphaSave] save generation=1 save_slot=0 slot=1 time=15 ms json=5877
110: [I][AlphaSave] SD_HEAP operation=dma-reserve-restored state=gameplay-save free_internal=67108864 free_dma=67108864 largest_dma=67108864 largest_internal=67108864 requested_dma=8192
110: [I][AlphaSave] SD_HEAP operation=release-reserved-dma state=save-catalog free_internal=67108864 free_dma=67108864 largest_dma=67108864 largest_internal=67108864 requested_dma=8192
110: [I][AlphaSave] SD_HEAP operation=sd-window-open state=save-catalog free_internal=67108864 free_dma=67108864 largest_dma=67108864 largest_internal=67108864 requested_dma=512
110: [I][AlphaSave] SAVE_CATALOG slot1=cached slot2=empty slot3=empty staged=0 bytes=32 commit_us=229 verify_us=0 total_us=281
110: [I][AlphaSave] SD_HEAP operation=dma-reserve-restored state=save-catalog free_internal=67108864 free_dma=67108864 largest_dma=67108864 largest_internal=67108864 requested_dma=8192
110: [I][AlphaSave] SD_HEAP operation=release-reserved-dma state=pc-import-marker free_internal=67108864 free_dma=67108864 largest_dma=67108864 largest_internal=67108864 requested_dma=8192
110: [I][AlphaSave] SD_HEAP operation=sd-window-open state=pc-import-marker free_internal=67108864 free_dma=67108864 largest_dma=67108864 largest_internal=67108864 requested_dma=512
110: [I][AlphaSave] SD_HEAP operation=dma-reserve-restored state=pc-import-marker free_internal=67108864 free_dma=67108864 largest_dma=67108864 largest_internal=67108864 requested_dma=8192
110: [I][AlphaRuntime] PC_IMPORT slot=0 location=17 frigates=0 horses=0 skiffs=1 search=0 ms=15
110: [I][AlphaSave] SD_HEAP operation=release-reserved-dma state=save-catalog free_internal=67108864 free_dma=67108864 largest_dma=67108864 largest_internal=67108864 requested_dma=8192
110: [I][AlphaSave] SD_HEAP operation=sd-window-open state=save-catalog free_internal=67108864 free_dma=67108864 largest_dma=67108864 largest_internal=67108864 requested_dma=512
110: [I][AlphaSave] SAVE_CATALOG slot1=cached slot2=empty slot3=empty staged=0 bytes=32 commit_us=171 verify_us=0 total_us=176
110: [I][AlphaSave] SD_HEAP operation=dma-reserve-restored state=save-catalog free_internal=67108864 free_dma=67108864 largest_dma=67108864 largest_internal=67108864 requested_dma=8192
110: [I][AlphaSave] SD_HEAP operation=release-reserved-dma state=pc-import-read free_internal=67108864 free_dma=67108864 largest_dma=67108864 largest_internal=67108864 requested_dma=8192
110: [I][AlphaSave] SD_HEAP operation=sd-window-open state=pc-import-read free_internal=67108864 free_dma=67108864 largest_dma=67108864 largest_internal=67108864 requested_dma=512
110: [I][AlphaSave] PC_IMPORT_READ gam=4192 ool=512
110: [I][AlphaSave] SD_HEAP operation=dma-reserve-restored state=pc-import-read free_internal=67108864 free_dma=67108864 largest_dma=67108864 largest_internal=67108864 requested_dma=8192
110: [I][AlphaSave] SD_HEAP operation=release-reserved-dma state=pc-import-marker free_internal=67108864 free_dma=67108864 largest_dma=67108864 largest_internal=67108864 requested_dma=8192
110: [I][AlphaSave] SD_HEAP operation=sd-window-open state=pc-import-marker free_internal=67108864 free_dma=67108864 largest_dma=67108864 largest_internal=67108864 requested_dma=512
110: [I][AlphaSave] SD_HEAP operation=dma-reserve-restored state=pc-import-marker free_internal=67108864 free_dma=67108864 largest_dma=67108864 largest_internal=67108864 requested_dma=8192
110: [I][AlphaRuntime] FRONTEND_INTENT intent=import-pc-save slot=0 ok=1 message="Imported into Slot 1. The PC files are kept"
110:   GREEN J5    the genuine DOS save: listed by name and place, Import -> Slot 1 (empty) -> one ordinary generation, alpha1-g1.* ("Imported into Slot 1. The PC files are kept")
110:   GREEN J6    the PC files are untouched: same names, same bytes, no write to the import folder
110:   GREEN J7    the generated sidecar: version 1, foot, wind 4 (B2), npcWalk of Lord British's Castle (25 NPCs at their posts, L1), its 3 chests re-seeded, no dungeon, Native-only fields at their defaults
110: [I][AlphaSave] SD_HEAP operation=release-reserved-dma state=load-slot free_internal=67108864 free_dma=67108864 largest_dma=67108864 largest_internal=67108864 requested_dma=8192
110: [I][AlphaSave] SD_HEAP operation=sd-window-open state=load-slot free_internal=67108864 free_dma=67108864 largest_dma=67108864 largest_internal=67108864 requested_dma=512
110: [I][AlphaSave] SAVE_SCRATCH psram_bytes=11888
110: [I][AlphaSave] load save_slot=0 slot=1 time=3 ms status=0
110: [I][AlphaSave] SD_HEAP operation=dma-reserve-restored state=load-slot free_internal=67108864 free_dma=67108864 largest_dma=67108864 largest_internal=67108864 requested_dma=8192
110:   GREEN J8    after a reboot Slot 1 loads by itself: Kojac, Shamino, Iolo; 9200 gold; Lord British's Castle (15,20); 139-4-14 03:39
110: [I][AlphaRuntime] INPUT_EDGE raw=00,00,00,00,00 prev=00,00,00,00,00 matrix=0,0 physical=matrix-key edge=press mods=S0,A0,H0 printable=08 base=00 symbol=00 ui=inventory emitted=back action_char=0 shortcut=none
110: [I][AlphaRuntime] FRONTEND_INPUT raw=keyboard action=back char=0 accepted=1 state=error->menu phase=name->name name=""->""
110: [I][AlphaRuntime] FRONTEND_STATE count=14 from=error to=menu reason=input reconstructed=0
110: [I][AlphaRuntime] INPUT_EDGE raw=00,00,00,00,00 prev=00,00,00,00,00 matrix=0,0 physical=matrix-key edge=press mods=S0,A0,H0 printable=6a base=00 symbol=00 ui=inventory emitted=character action_char=106 shortcut=none
110: [I][AlphaRuntime] FRONTEND_INPUT raw=keyboard action=character char=106 accepted=1 state=menu->continue phase=name->name name=""->""
110: [I][AlphaRuntime] FRONTEND_STATE count=15 from=menu to=continue reason=input reconstructed=0
110: [I][AlphaRuntime] FRONTEND_INPUT raw=trackball-down action=direction char=0 accepted=1 state=continue->continue phase=name->name name=""->""
110: [I][AlphaRuntime] INPUT_EDGE raw=00,00,00,00,00 prev=00,00,00,00,00 matrix=0,0 physical=matrix-key edge=press mods=S0,A0,H0 printable=0d base=00 symbol=00 ui=inventory emitted=confirm action_char=0 shortcut=none
110: [I][AlphaRuntime] FRONTEND_INPUT raw=keyboard action=confirm char=0 accepted=1 state=continue->load phase=name->name name=""->""
110: [I][AlphaRuntime] FRONTEND_STATE count=16 from=continue to=load reason=input reconstructed=0
110: [I][AlphaRuntime] INPUT_EDGE raw=00,00,00,00,00 prev=00,00,00,00,00 matrix=0,0 physical=matrix-key edge=press mods=S0,A0,H0 printable=0d base=00 symbol=00 ui=inventory emitted=confirm action_char=0 shortcut=none
110: [I][AlphaRuntime] FRONTEND_INPUT raw=keyboard action=confirm char=0 accepted=1 state=load->load phase=name->name name=""->""
110: [I][AlphaRuntime] FRONTEND_INTENT intent=load-slot storage_begin=1 phase=name name="" gender=0x0b stack_margin=32768
110: [I][AlphaSave] SD_HEAP operation=release-reserved-dma state=load-slot free_internal=67108864 free_dma=67108864 largest_dma=67108864 largest_internal=67108864 requested_dma=8192
110: [I][AlphaSave] SD_HEAP operation=sd-window-open state=load-slot free_internal=67108864 free_dma=67108864 largest_dma=67108864 largest_internal=67108864 requested_dma=512
110: [I][AlphaSave] load save_slot=0 slot=1 time=2 ms status=0
110: [I][AlphaSave] SD_HEAP operation=dma-reserve-restored state=load-slot free_internal=67108864 free_dma=67108864 largest_dma=67108864 largest_internal=67108864 requested_dma=8192
110: [I][AlphaRuntime] U5OBJ CLEAR site=load-restore pool_before=6
110: [I][AlphaRuntime] U5OBJ APPEND_OBJ index=1 loc=17 floor=-1 x=16 y=21 tile=257 chest=1 prop=0 plot=0 item=8 loot=0 search=0 shadowlord=0 trapped=0 contents=30 slot=-1
110: [I][AlphaRuntime] CHEST_INSERT source=authored/hydrated loc=17 floor=-1 world_x=16 world_y=21 object_id=1 type=chest flags=none trap=0 contents=30 collection_count_before=1 after=2
110: [I][AlphaRuntime] U5OBJ APPEND_OBJ index=2 loc=17 floor=-1 x=17 y=22 tile=257 chest=1 prop=0 plot=0 item=8 loot=0 search=0 shadowlord=0 trapped=0 contents=30 slot=-1
110: [I][AlphaRuntime] CHEST_INSERT source=authored/hydrated loc=17 floor=-1 world_x=17 world_y=22 object_id=2 type=chest flags=none trap=0 contents=30 collection_count_before=2 after=3
110: [I][AlphaRuntime] U5OBJ APPEND_OBJ index=3 loc=17 floor=-1 x=13 y=23 tile=257 chest=1 prop=0 plot=0 item=8 loot=0 search=0 shadowlord=0 trapped=0 contents=30 slot=-1
110: [I][AlphaRuntime] CHEST_INSERT source=authored/hydrated loc=17 floor=-1 world_x=13 world_y=23 object_id=3 type=chest flags=none trap=0 contents=30 collection_count_before=3 after=4
110: [I][AlphaRuntime] U5OBJ APPEND_OBJ index=4 loc=17 floor=-1 x=9 y=9 tile=286 chest=0 prop=1 plot=0 item=8 loot=0 search=0 shadowlord=0 trapped=0 contents=30 slot=-1
110: [I][AlphaRuntime] WORLD_OBJECTS_RESTORE count=6
110: [I][AlphaRuntime] DUNGEON_RESTORE active=0 dungeon=33 depth=0
110: [I][AlphaRuntime] LOAD_TRANSIENT_RESET ui=explore->explore request=0 views=0 questions=0
110: [I][AlphaRuntime] FRONTEND_INTENT intent=load-slot storage_end=1 ok=1 ms=2 stack_margin=32768
110:   GREEN J9    Journey Onward -> Load Game -> Slot 1: the game starts in the castle with its people (25 NPCs) and objects (6)
110: [I][AlphaSave] SD_HEAP operation=release-reserved-dma state=gameplay-save free_internal=67108864 free_dma=67108864 largest_dma=67108864 largest_internal=67108864 requested_dma=8192
110: [I][AlphaSave] SD_HEAP operation=sd-window-open state=gameplay-save free_internal=67108864 free_dma=67108864 largest_dma=67108864 largest_internal=67108864 requested_dma=512
110: [I][AlphaSave] SAVE_SCRATCH psram_bytes=11888
110: [I][AlphaSave] NEWGAME_SAVE stage=create-root-directory result=ok esp_err=ESP_OK errno=0 path=/sd/ultima5 stack_margin=32768
110: [I][AlphaSave] NEWGAME_SAVE stage=create-save-directory result=ok esp_err=ESP_OK errno=0 path=/sd/ultima5/saves stack_margin=32768
110: [I][AlphaSave] SD_HEAP operation=free-space-before state=gameplay-save free_internal=67108864 free_dma=67108864 largest_dma=67108864 largest_internal=67108864 requested_dma=512
110: [I][AlphaSave] SD_HEAP operation=free-space-call-enter state=gameplay-save free_internal=67108864 free_dma=67108864 largest_dma=67108864 largest_internal=67108864 requested_dma=512
110: [I][AlphaSave] SD_HEAP operation=free-space-call-exit state=gameplay-save free_internal=67108864 free_dma=67108864 largest_dma=67108864 largest_internal=67108864 requested_dma=512
110: [I][AlphaSave] SD_HEAP operation=free-space-after state=gameplay-save free_internal=67108864 free_dma=67108864 largest_dma=67108864 largest_internal=67108864 requested_dma=512
110: [I][AlphaSave] SD_SPACE path=/sd api=esp_vfs_fat_info/f_getfree return=ESP_OK(0x0) errno=0 total_bytes=34359738368 free_bytes=8589934592 total_sectors=67108864 free_sectors=16777216 sector_bytes=512
110: [I][AlphaSave] NEWGAME_SAVE stage=free-space-query result=ok esp_err=ESP_OK errno=0 path=/sd stack_margin=32768
110: [I][AlphaSave] NEWGAME_SAVE stage=free-space result=ok esp_err=ESP_OK errno=0 path=/sd stack_margin=32768
110: [I][AlphaSave] SAVE_TARGET save_slot=0 newest=-1 accepted=0 slot=1 keep=-1 sequence=1
110: [I][AlphaSave] NEWGAME_SAVE stage=gam-encode result=ok esp_err=ESP_OK errno=0 path=INIT.GAM stack_margin=32768
110: [I][AlphaSave] NEWGAME_SAVE stage=ool-encode result=ok esp_err=ESP_OK errno=0 path=INIT.OOL stack_margin=32768
110: [I][AlphaSave] NEWGAME_SAVE stage=json-encode result=ok esp_err=ESP_OK errno=0 path=sidecar stack_margin=32768
110: [I][AlphaSave] SD_HEAP operation=write-gam-temp state=gameplay-save free_internal=67108864 free_dma=67108864 largest_dma=67108864 largest_internal=67108864 requested_dma=512
110: [I][AlphaSave] NEWGAME_SAVE stage=write-gam-temp result=ok esp_err=ESP_OK errno=0 path=/sd/ultima5/saves/alpha1-g1.gam.tmp stack_margin=32768
110: [I][AlphaSave] SD_HEAP operation=write-ool-temp state=gameplay-save free_internal=67108864 free_dma=67108864 largest_dma=67108864 largest_internal=67108864 requested_dma=512
110: [I][AlphaSave] NEWGAME_SAVE stage=write-ool-temp result=ok esp_err=ESP_OK errno=0 path=/sd/ultima5/saves/alpha1-g1.ool.tmp stack_margin=32768
110: [I][AlphaSave] SD_HEAP operation=write-json-temp state=gameplay-save free_internal=67108864 free_dma=67108864 largest_dma=67108864 largest_internal=67108864 requested_dma=512
110: [I][AlphaSave] NEWGAME_SAVE stage=write-json-temp result=ok esp_err=ESP_OK errno=0 path=/sd/ultima5/saves/alpha1-g1.json.tmp stack_margin=32768
110: [I][AlphaSave] SD_HEAP operation=crc-readback state=gameplay-save free_internal=67108864 free_dma=67108864 largest_dma=67108864 largest_internal=67108864 requested_dma=512
110: [I][AlphaSave] NEWGAME_SAVE stage=crc-readback result=ok esp_err=ESP_OK errno=0 path=/sd/ultima5/saves stack_margin=32768
110: [I][AlphaSave] NEWGAME_SAVE stage=rename-gam result=ok esp_err=ESP_OK errno=0 path=/sd/ultima5/saves/alpha1-g1.gam stack_margin=32768
110: [I][AlphaSave] NEWGAME_SAVE stage=rename-ool result=ok esp_err=ESP_OK errno=0 path=/sd/ultima5/saves/alpha1-g1.ool stack_margin=32768
110: [I][AlphaSave] NEWGAME_SAVE stage=rename-json result=ok esp_err=ESP_OK errno=0 path=/sd/ultima5/saves/alpha1-g1.json stack_margin=32768
110: [I][AlphaSave] NEWGAME_SAVE stage=write-commit-temp result=ok esp_err=ESP_OK errno=0 path=/sd/ultima5/saves/alpha1-g1.commit.tmp stack_margin=32768
110: [I][AlphaSave] NEWGAME_SAVE stage=rename-commit result=ok esp_err=ESP_OK errno=0 path=/sd/ultima5/saves/alpha1-g1.commit stack_margin=32768
110: [I][AlphaSave] NEWGAME_SAVE stage=semantic-validation result=ok esp_err=ESP_OK errno=0 path=/sd/ultima5/saves/alpha1-g1.commit stack_margin=32768
110: [I][AlphaSave] NEWGAME_SAVE stage=generation-final result=ok esp_err=ESP_OK errno=0 path=/sd/ultima5/saves/alpha1-g1.commit stack_margin=32768
110: [I][AlphaSave] save generation=1 save_slot=0 slot=1 time=15 ms json=1994
110: [I][AlphaSave] SD_HEAP operation=dma-reserve-restored state=gameplay-save free_internal=67108864 free_dma=67108864 largest_dma=67108864 largest_internal=67108864 requested_dma=8192
110: [I][AlphaSave] SD_HEAP operation=release-reserved-dma state=gameplay-save free_internal=67108864 free_dma=67108864 largest_dma=67108864 largest_internal=67108864 requested_dma=8192
110: [I][AlphaSave] SD_HEAP operation=sd-window-open state=gameplay-save free_internal=67108864 free_dma=67108864 largest_dma=67108864 largest_internal=67108864 requested_dma=512
110: [I][AlphaSave] NEWGAME_SAVE stage=create-root-directory result=ok esp_err=ESP_OK errno=0 path=/sd/ultima5 stack_margin=32768
110: [I][AlphaSave] NEWGAME_SAVE stage=create-save-directory result=ok esp_err=ESP_OK errno=0 path=/sd/ultima5/saves stack_margin=32768
110: [I][AlphaSave] SD_HEAP operation=free-space-before state=gameplay-save free_internal=67108864 free_dma=67108864 largest_dma=67108864 largest_internal=67108864 requested_dma=512
110: [I][AlphaSave] SD_HEAP operation=free-space-call-enter state=gameplay-save free_internal=67108864 free_dma=67108864 largest_dma=67108864 largest_internal=67108864 requested_dma=512
110: [I][AlphaSave] SD_HEAP operation=free-space-call-exit state=gameplay-save free_internal=67108864 free_dma=67108864 largest_dma=67108864 largest_internal=67108864 requested_dma=512
110: [I][AlphaSave] SD_HEAP operation=free-space-after state=gameplay-save free_internal=67108864 free_dma=67108864 largest_dma=67108864 largest_internal=67108864 requested_dma=512
110: [I][AlphaSave] SD_SPACE path=/sd api=esp_vfs_fat_info/f_getfree return=ESP_OK(0x0) errno=0 total_bytes=34359738368 free_bytes=8589934592 total_sectors=67108864 free_sectors=16777216 sector_bytes=512
110: [I][AlphaSave] NEWGAME_SAVE stage=free-space-query result=ok esp_err=ESP_OK errno=0 path=/sd stack_margin=32768
110: [I][AlphaSave] NEWGAME_SAVE stage=free-space result=ok esp_err=ESP_OK errno=0 path=/sd stack_margin=32768
110: [I][AlphaSave] SAVE_TARGET save_slot=2 newest=-1 accepted=0 slot=1 keep=-1 sequence=2
110: [I][AlphaSave] NEWGAME_SAVE stage=gam-encode result=ok esp_err=ESP_OK errno=0 path=INIT.GAM stack_margin=32768
110: [I][AlphaSave] NEWGAME_SAVE stage=ool-encode result=ok esp_err=ESP_OK errno=0 path=INIT.OOL stack_margin=32768
110: [I][AlphaSave] NEWGAME_SAVE stage=json-encode result=ok esp_err=ESP_OK errno=0 path=sidecar stack_margin=32768
110: [I][AlphaSave] SD_HEAP operation=write-gam-temp state=gameplay-save free_internal=67108864 free_dma=67108864 largest_dma=67108864 largest_internal=67108864 requested_dma=512
110: [I][AlphaSave] NEWGAME_SAVE stage=write-gam-temp result=ok esp_err=ESP_OK errno=0 path=/sd/ultima5/saves/alpha1-s3-g1.gam.tmp stack_margin=32768
110: [I][AlphaSave] SD_HEAP operation=write-ool-temp state=gameplay-save free_internal=67108864 free_dma=67108864 largest_dma=67108864 largest_internal=67108864 requested_dma=512
110: [I][AlphaSave] NEWGAME_SAVE stage=write-ool-temp result=ok esp_err=ESP_OK errno=0 path=/sd/ultima5/saves/alpha1-s3-g1.ool.tmp stack_margin=32768
110: [I][AlphaSave] SD_HEAP operation=write-json-temp state=gameplay-save free_internal=67108864 free_dma=67108864 largest_dma=67108864 largest_internal=67108864 requested_dma=512
110: [I][AlphaSave] NEWGAME_SAVE stage=write-json-temp result=ok esp_err=ESP_OK errno=0 path=/sd/ultima5/saves/alpha1-s3-g1.json.tmp stack_margin=32768
110: [I][AlphaSave] SD_HEAP operation=crc-readback state=gameplay-save free_internal=67108864 free_dma=67108864 largest_dma=67108864 largest_internal=67108864 requested_dma=512
110: [I][AlphaSave] NEWGAME_SAVE stage=crc-readback result=ok esp_err=ESP_OK errno=0 path=/sd/ultima5/saves stack_margin=32768
110: [I][AlphaSave] NEWGAME_SAVE stage=rename-gam result=ok esp_err=ESP_OK errno=0 path=/sd/ultima5/saves/alpha1-s3-g1.gam stack_margin=32768
110: [I][AlphaSave] NEWGAME_SAVE stage=rename-ool result=ok esp_err=ESP_OK errno=0 path=/sd/ultima5/saves/alpha1-s3-g1.ool stack_margin=32768
110: [I][AlphaSave] NEWGAME_SAVE stage=rename-json result=ok esp_err=ESP_OK errno=0 path=/sd/ultima5/saves/alpha1-s3-g1.json stack_margin=32768
110: [I][AlphaSave] NEWGAME_SAVE stage=write-commit-temp result=ok esp_err=ESP_OK errno=0 path=/sd/ultima5/saves/alpha1-s3-g1.commit.tmp stack_margin=32768
110: [I][AlphaSave] NEWGAME_SAVE stage=rename-commit result=ok esp_err=ESP_OK errno=0 path=/sd/ultima5/saves/alpha1-s3-g1.commit stack_margin=32768
110: [I][AlphaSave] NEWGAME_SAVE stage=semantic-validation result=ok esp_err=ESP_OK errno=0 path=/sd/ultima5/saves/alpha1-s3-g1.commit stack_margin=32768
110: [I][AlphaSave] NEWGAME_SAVE stage=generation-final result=ok esp_err=ESP_OK errno=0 path=/sd/ultima5/saves/alpha1-s3-g1.commit stack_margin=32768
110: [I][AlphaSave] save generation=2 save_slot=2 slot=1 time=13 ms json=1994
110: [I][AlphaSave] SD_HEAP operation=dma-reserve-restored state=gameplay-save free_internal=67108864 free_dma=67108864 largest_dma=67108864 largest_internal=67108864 requested_dma=8192
110: [I][AlphaRuntime] INPUT_EDGE raw=00,00,00,00,00 prev=00,00,00,00,00 matrix=0,0 physical=matrix-key edge=press mods=S0,A1,H0 printable=6d base=00 symbol=00 ui=explore emitted=system-menu action_char=0 shortcut=none
110: [I][AlphaSave] SD_HEAP operation=release-reserved-dma state=save-catalog free_internal=67108864 free_dma=67108864 largest_dma=67108864 largest_internal=67108864 requested_dma=8192
110: [I][AlphaSave] SD_HEAP operation=sd-window-open state=save-catalog free_internal=67108864 free_dma=67108864 largest_dma=67108864 largest_internal=67108864 requested_dma=512
110: [I][AlphaSave] SAVE_CATALOG slot1=verified slot2=empty slot3=verified staged=2 bytes=13460 commit_us=207 verify_us=1153 total_us=1365
110: [I][AlphaSave] SD_HEAP operation=dma-reserve-restored state=save-catalog free_internal=67108864 free_dma=67108864 largest_dma=67108864 largest_internal=67108864 requested_dma=8192
110: [I][AlphaRuntime] SYSTEM_MENU action=toggle open=1 gameplay_command=none
110: [I][AlphaRuntime] SYSTEM_MENU action=direction accepted=1 open=1 gameplay_command=none
110: [I][AlphaRuntime] INPUT_EDGE raw=00,00,00,00,00 prev=00,00,00,00,00 matrix=0,0 physical=matrix-key edge=press mods=S0,A0,H0 printable=0d base=00 symbol=00 ui=inventory emitted=confirm action_char=0 shortcut=none
110: [I][AlphaSave] SD_HEAP operation=release-reserved-dma state=save-catalog free_internal=67108864 free_dma=67108864 largest_dma=67108864 largest_internal=67108864 requested_dma=8192
110: [I][AlphaSave] SD_HEAP operation=sd-window-open state=save-catalog free_internal=67108864 free_dma=67108864 largest_dma=67108864 largest_internal=67108864 requested_dma=512
110: [I][AlphaSave] SAVE_CATALOG slot1=cached slot2=empty slot3=cached staged=0 bytes=64 commit_us=153 verify_us=0 total_us=157
110: [I][AlphaSave] SD_HEAP operation=dma-reserve-restored state=save-catalog free_internal=67108864 free_dma=67108864 largest_dma=67108864 largest_internal=67108864 requested_dma=8192
110: [I][AlphaRuntime] SYSTEM_MENU action=confirm accepted=1 open=0 gameplay_command=none
110: [I][AlphaRuntime] INPUT_EDGE raw=00,00,00,00,00 prev=00,00,00,00,00 matrix=0,0 physical=matrix-key edge=press mods=S0,A0,H0 printable=20 base=00 symbol=00 ui=inventory emitted=character action_char=32 shortcut=none
110: [I][AlphaRuntime] FRONTEND_INPUT raw=keyboard action=character char=32 accepted=1 state=title->menu phase=name->name name=""->""
110: [I][AlphaRuntime] FRONTEND_STATE count=17 from=title to=menu reason=input reconstructed=0
110: [I][AlphaRuntime] INPUT_EDGE raw=00,00,00,00,00 prev=00,00,00,00,00 matrix=0,0 physical=matrix-key edge=press mods=S0,A0,H0 printable=70 base=00 symbol=00 ui=inventory emitted=character action_char=112 shortcut=none
110: [I][AlphaRuntime] FRONTEND_INPUT raw=keyboard action=character char=112 accepted=1 state=menu->error phase=name->name name=""->""
110: [I][AlphaRuntime] FRONTEND_STATE count=18 from=menu to=error reason=input reconstructed=0
110: [I][AlphaRuntime] FRONTEND_INTENT intent=inspect-pc-saves storage_begin=1 phase=name name="" gender=0x0b stack_margin=32768
110: [I][AlphaSave] SD_HEAP operation=release-reserved-dma state=save-catalog free_internal=67108864 free_dma=67108864 largest_dma=67108864 largest_internal=67108864 requested_dma=8192
110: [I][AlphaSave] SD_HEAP operation=sd-window-open state=save-catalog free_internal=67108864 free_dma=67108864 largest_dma=67108864 largest_internal=67108864 requested_dma=512
110: [I][AlphaSave] SAVE_CATALOG slot1=cached slot2=empty slot3=cached staged=0 bytes=64 commit_us=96 verify_us=0 total_us=100
110: [I][AlphaSave] SD_HEAP operation=dma-reserve-restored state=save-catalog free_internal=67108864 free_dma=67108864 largest_dma=67108864 largest_internal=67108864 requested_dma=8192
110: [I][AlphaSave] SD_HEAP operation=release-reserved-dma state=pc-import-read free_internal=67108864 free_dma=67108864 largest_dma=67108864 largest_internal=67108864 requested_dma=8192
110: [I][AlphaSave] SD_HEAP operation=sd-window-open state=pc-import-read free_internal=67108864 free_dma=67108864 largest_dma=67108864 largest_internal=67108864 requested_dma=512
110: [I][AlphaSave] PC_IMPORT_READ gam=4192 ool=512
110: [I][AlphaSave] SD_HEAP operation=dma-reserve-restored state=pc-import-read free_internal=67108864 free_dma=67108864 largest_dma=67108864 largest_internal=67108864 requested_dma=8192
110: [I][AlphaSave] SD_HEAP operation=release-reserved-dma state=pc-import-marker free_internal=67108864 free_dma=67108864 largest_dma=67108864 largest_internal=67108864 requested_dma=8192
110: [I][AlphaSave] SD_HEAP operation=sd-window-open state=pc-import-marker free_internal=67108864 free_dma=67108864 largest_dma=67108864 largest_internal=67108864 requested_dma=512
110: [I][AlphaSave] SD_HEAP operation=dma-reserve-restored state=pc-import-marker free_internal=67108864 free_dma=67108864 largest_dma=67108864 largest_internal=67108864 requested_dma=8192
110: [I][AlphaRuntime] INPUT_EDGE raw=00,00,00,00,00 prev=00,00,00,00,00 matrix=0,0 physical=matrix-key edge=press mods=S0,A0,H0 printable=0d base=00 symbol=00 ui=inventory emitted=confirm action_char=0 shortcut=none
110: [I][AlphaRuntime] FRONTEND_INPUT raw=keyboard action=confirm char=0 accepted=1 state=error->error phase=name->name name=""->""
110: [I][AlphaRuntime] FRONTEND_STATE count=19 from=error to=error reason=input reconstructed=0
110: [I][AlphaRuntime] INPUT_EDGE raw=00,00,00,00,00 prev=00,00,00,00,00 matrix=0,0 physical=matrix-key edge=press mods=S0,A0,H0 printable=0d base=00 symbol=00 ui=inventory emitted=confirm action_char=0 shortcut=none
110: [I][AlphaRuntime] FRONTEND_INPUT raw=keyboard action=confirm char=0 accepted=1 state=error->error phase=name->name name=""->""
110: [I][AlphaRuntime] FRONTEND_INTENT intent=import-pc-save storage_begin=1 phase=name name="" gender=0x0b stack_margin=32768
110: [I][AlphaSave] SD_HEAP operation=release-reserved-dma state=pc-import-read free_internal=67108864 free_dma=67108864 largest_dma=67108864 largest_internal=67108864 requested_dma=8192
110: [I][AlphaSave] SD_HEAP operation=sd-window-open state=pc-import-read free_internal=67108864 free_dma=67108864 largest_dma=67108864 largest_internal=67108864 requested_dma=512
110: [I][AlphaSave] PC_IMPORT_READ gam=4192 ool=512
110: [I][AlphaSave] SD_HEAP operation=dma-reserve-restored state=pc-import-read free_internal=67108864 free_dma=67108864 largest_dma=67108864 largest_internal=67108864 requested_dma=8192
110: [I][AlphaRuntime] U5OBJ CLEAR site=load-restore pool_before=0
110: [I][AlphaRuntime] WORLD_OBJECTS_RESTORE count=0
110: [I][AlphaRuntime] DUNGEON_RESTORE active=0 dungeon=33 depth=0
110: [I][AlphaRuntime] LOAD_TRANSIENT_RESET ui=explore->explore request=0 views=0 questions=0
110: [I][AlphaRuntime] U5OBJ SOURCE loc=17 floor=0 hour=3 table=found table_loc=17 count=32 slots=present tables=32 npc_dead=0x00000000 pool_before=0
110: [I][AlphaRuntime] U5OBJ SRC slot=23 index=23 type=1(0x01) tile=257 dialog=0 x=16,16,16 y=21,21,21 z=255,255,255 schedule=0,0,0,0 ai=0,0,0
110: [I][AlphaRuntime] U5OBJ SRC slot=24 index=24 type=1(0x01) tile=257 dialog=0 x=17,17,17 y=22,22,22 z=255,255,255 schedule=0,0,0,0 ai=0,0,0
110: [I][AlphaRuntime] U5OBJ SRC slot=25 index=25 type=1(0x01) tile=257 dialog=0 x=13,13,13 y=23,23,23 z=255,255,255 schedule=0,0,0,0 ai=0,0,0
110: [I][AlphaRuntime] U5OBJ SRC slot=28 index=28 type=30(0x1e) tile=286 dialog=0 x=9,9,9 y=9,9,9 z=255,255,255 schedule=0,0,0,0 ai=0,0,0
110: [I][AlphaRuntime] U5OBJ RESERVE request=32 current_size=0 current_capacity=32 object_bytes=68 need_bytes=2176 target_bytes=2176 free_internal=67108864 largest_internal=67108864 free_psram=67108864 largest_psram=67108864 free_default=67108864 guard=free_psram>=need+32768 result=1
110: [I][AlphaRuntime] U5OBJ RESERVE_DONE size=0 capacity=32 storage_heap=internal
110: [I][AlphaRuntime] U5OBJ HYDRATE slot=23 index=23 ACCEPT schedule=0 loc=17 floor=-1 x=16 y=21 tile=257 chest=1 prop=0 plot=0 item=8 contents=30 pool_index=1
110: [I][AlphaRuntime] CHEST_INSERT source=authored/hydrated loc=17 floor=-1 world_x=16 world_y=21 object_id=1 type=chest flags=none trap=0 contents=30 collection_count_before=1 after=2
110: [I][AlphaRuntime] U5OBJ HYDRATE slot=24 index=24 ACCEPT schedule=0 loc=17 floor=-1 x=17 y=22 tile=257 chest=1 prop=0 plot=0 item=8 contents=30 pool_index=2
110: [I][AlphaRuntime] CHEST_INSERT source=authored/hydrated loc=17 floor=-1 world_x=17 world_y=22 object_id=2 type=chest flags=none trap=0 contents=30 collection_count_before=2 after=3
110: [I][AlphaRuntime] U5OBJ HYDRATE slot=25 index=25 ACCEPT schedule=0 loc=17 floor=-1 x=13 y=23 tile=257 chest=1 prop=0 plot=0 item=8 contents=30 pool_index=3
110: [I][AlphaRuntime] CHEST_INSERT source=authored/hydrated loc=17 floor=-1 world_x=13 world_y=23 object_id=3 type=chest flags=none trap=0 contents=30 collection_count_before=3 after=4
110: [I][AlphaRuntime] U5OBJ HYDRATE slot=28 index=28 ACCEPT schedule=0 loc=17 floor=-1 x=9 y=9 tile=286 chest=0 prop=1 plot=0 item=8 contents=30 pool_index=4
110: [I][AlphaRuntime] U5OBJ POST_HYDRATE result=1 reason=ok pool_size=6 accepted=6 dropped=26 hydrate_calls=2
110: [I][AlphaRuntime] U5OBJ POST_HYDRATE_OBJ index=1 loc=17 floor=-1 x=16 y=21 tile=257 chest=1 prop=0 plot=0 item=8 loot=0 search=0 shadowlord=0 trapped=0 contents=30 slot=-1
110: [I][AlphaRuntime] U5OBJ POST_HYDRATE_OBJ index=2 loc=17 floor=-1 x=17 y=22 tile=257 chest=1 prop=0 plot=0 item=8 loot=0 search=0 shadowlord=0 trapped=0 contents=30 slot=-1
110: [I][AlphaRuntime] U5OBJ POST_HYDRATE_OBJ index=3 loc=17 floor=-1 x=13 y=23 tile=257 chest=1 prop=0 plot=0 item=8 loot=0 search=0 shadowlord=0 trapped=0 contents=30 slot=-1
110: [I][AlphaRuntime] U5OBJ POST_HYDRATE_OBJ index=4 loc=17 floor=-1 x=9 y=9 tile=286 chest=0 prop=1 plot=0 item=8 loot=0 search=0 shadowlord=0 trapped=0 contents=30 slot=-1
110: [I][AlphaSave] SD_HEAP operation=release-reserved-dma state=gameplay-save free_internal=67108864 free_dma=67108864 largest_dma=67108864 largest_internal=67108864 requested_dma=8192
110: [I][AlphaSave] SD_HEAP operation=sd-window-open state=gameplay-save free_internal=67108864 free_dma=67108864 largest_dma=67108864 largest_internal=67108864 requested_dma=512
110: [I][AlphaSave] NEWGAME_SAVE stage=create-root-directory result=ok esp_err=ESP_OK errno=0 path=/sd/ultima5 stack_margin=32768
110: [I][AlphaSave] NEWGAME_SAVE stage=create-save-directory result=ok esp_err=ESP_OK errno=0 path=/sd/ultima5/saves stack_margin=32768
110: [I][AlphaSave] SD_HEAP operation=free-space-before state=gameplay-save free_internal=67108864 free_dma=67108864 largest_dma=67108864 largest_internal=67108864 requested_dma=512
110: [I][AlphaSave] SD_HEAP operation=free-space-call-enter state=gameplay-save free_internal=67108864 free_dma=67108864 largest_dma=67108864 largest_internal=67108864 requested_dma=512
110: [I][AlphaSave] SD_HEAP operation=free-space-call-exit state=gameplay-save free_internal=67108864 free_dma=67108864 largest_dma=67108864 largest_internal=67108864 requested_dma=512
110: [I][AlphaSave] SD_HEAP operation=free-space-after state=gameplay-save free_internal=67108864 free_dma=67108864 largest_dma=67108864 largest_internal=67108864 requested_dma=512
110: [I][AlphaSave] SD_SPACE path=/sd api=esp_vfs_fat_info/f_getfree return=ESP_OK(0x0) errno=0 total_bytes=34359738368 free_bytes=8589934592 total_sectors=67108864 free_sectors=16777216 sector_bytes=512
110: [I][AlphaSave] NEWGAME_SAVE stage=free-space-query result=ok esp_err=ESP_OK errno=0 path=/sd stack_margin=32768
110: [I][AlphaSave] NEWGAME_SAVE stage=free-space result=ok esp_err=ESP_OK errno=0 path=/sd stack_margin=32768
110: [I][AlphaSave] SAVE_TARGET save_slot=1 newest=-1 accepted=0 slot=1 keep=-1 sequence=3
110: [I][AlphaSave] NEWGAME_SAVE stage=gam-encode result=ok esp_err=ESP_OK errno=0 path=INIT.GAM stack_margin=32768
110: [I][AlphaSave] NEWGAME_SAVE stage=ool-encode result=ok esp_err=ESP_OK errno=0 path=INIT.OOL stack_margin=32768
110: [I][AlphaSave] NEWGAME_SAVE stage=json-encode result=ok esp_err=ESP_OK errno=0 path=sidecar stack_margin=32768
110: [I][AlphaSave] SD_HEAP operation=write-gam-temp state=gameplay-save free_internal=67108864 free_dma=67108864 largest_dma=67108864 largest_internal=67108864 requested_dma=512
110: [I][AlphaSave] NEWGAME_SAVE stage=write-gam-temp result=ok esp_err=ESP_OK errno=0 path=/sd/ultima5/saves/alpha1-s2-g1.gam.tmp stack_margin=32768
110: [I][AlphaSave] SD_HEAP operation=write-ool-temp state=gameplay-save free_internal=67108864 free_dma=67108864 largest_dma=67108864 largest_internal=67108864 requested_dma=512
110: [I][AlphaSave] NEWGAME_SAVE stage=write-ool-temp result=ok esp_err=ESP_OK errno=0 path=/sd/ultima5/saves/alpha1-s2-g1.ool.tmp stack_margin=32768
110: [I][AlphaSave] SD_HEAP operation=write-json-temp state=gameplay-save free_internal=67108864 free_dma=67108864 largest_dma=67108864 largest_internal=67108864 requested_dma=512
110: [I][AlphaSave] NEWGAME_SAVE stage=write-json-temp result=ok esp_err=ESP_OK errno=0 path=/sd/ultima5/saves/alpha1-s2-g1.json.tmp stack_margin=32768
110: [I][AlphaSave] SD_HEAP operation=crc-readback state=gameplay-save free_internal=67108864 free_dma=67108864 largest_dma=67108864 largest_internal=67108864 requested_dma=512
110: [I][AlphaSave] NEWGAME_SAVE stage=crc-readback result=ok esp_err=ESP_OK errno=0 path=/sd/ultima5/saves stack_margin=32768
110: [I][AlphaSave] NEWGAME_SAVE stage=rename-gam result=ok esp_err=ESP_OK errno=0 path=/sd/ultima5/saves/alpha1-s2-g1.gam stack_margin=32768
110: [I][AlphaSave] NEWGAME_SAVE stage=rename-ool result=ok esp_err=ESP_OK errno=0 path=/sd/ultima5/saves/alpha1-s2-g1.ool stack_margin=32768
110: [I][AlphaSave] NEWGAME_SAVE stage=rename-json result=ok esp_err=ESP_OK errno=0 path=/sd/ultima5/saves/alpha1-s2-g1.json stack_margin=32768
110: [I][AlphaSave] NEWGAME_SAVE stage=write-commit-temp result=ok esp_err=ESP_OK errno=0 path=/sd/ultima5/saves/alpha1-s2-g1.commit.tmp stack_margin=32768
110: [I][AlphaSave] NEWGAME_SAVE stage=rename-commit result=ok esp_err=ESP_OK errno=0 path=/sd/ultima5/saves/alpha1-s2-g1.commit stack_margin=32768
110: [I][AlphaSave] NEWGAME_SAVE stage=semantic-validation result=ok esp_err=ESP_OK errno=0 path=/sd/ultima5/saves/alpha1-s2-g1.commit stack_margin=32768
110: [I][AlphaSave] NEWGAME_SAVE stage=generation-final result=ok esp_err=ESP_OK errno=0 path=/sd/ultima5/saves/alpha1-s2-g1.commit stack_margin=32768
110: [I][AlphaSave] save generation=3 save_slot=1 slot=1 time=13 ms json=5877
110: [I][AlphaSave] SD_HEAP operation=dma-reserve-restored state=gameplay-save free_internal=67108864 free_dma=67108864 largest_dma=67108864 largest_internal=67108864 requested_dma=8192
110: [I][AlphaSave] SD_HEAP operation=release-reserved-dma state=save-catalog free_internal=67108864 free_dma=67108864 largest_dma=67108864 largest_internal=67108864 requested_dma=8192
110: [I][AlphaSave] SD_HEAP operation=sd-window-open state=save-catalog free_internal=67108864 free_dma=67108864 largest_dma=67108864 largest_internal=67108864 requested_dma=512
110: [I][AlphaSave] SAVE_CATALOG slot1=cached slot2=cached slot3=cached staged=0 bytes=96 commit_us=181 verify_us=0 total_us=185
110: [I][AlphaSave] SD_HEAP operation=dma-reserve-restored state=save-catalog free_internal=67108864 free_dma=67108864 largest_dma=67108864 largest_internal=67108864 requested_dma=8192
110: [I][AlphaSave] SD_HEAP operation=release-reserved-dma state=pc-import-marker free_internal=67108864 free_dma=67108864 largest_dma=67108864 largest_internal=67108864 requested_dma=8192
110: [I][AlphaSave] SD_HEAP operation=sd-window-open state=pc-import-marker free_internal=67108864 free_dma=67108864 largest_dma=67108864 largest_internal=67108864 requested_dma=512
110: [I][AlphaSave] SD_HEAP operation=dma-reserve-restored state=pc-import-marker free_internal=67108864 free_dma=67108864 largest_dma=67108864 largest_internal=67108864 requested_dma=8192
110: [I][AlphaRuntime] PC_IMPORT slot=1 location=17 frigates=0 horses=0 skiffs=1 search=0 ms=13
110: [I][AlphaSave] SD_HEAP operation=release-reserved-dma state=save-catalog free_internal=67108864 free_dma=67108864 largest_dma=67108864 largest_internal=67108864 requested_dma=8192
110: [I][AlphaSave] SD_HEAP operation=sd-window-open state=save-catalog free_internal=67108864 free_dma=67108864 largest_dma=67108864 largest_internal=67108864 requested_dma=512
110: [I][AlphaSave] SAVE_CATALOG slot1=cached slot2=cached slot3=cached staged=0 bytes=96 commit_us=163 verify_us=0 total_us=169
110: [I][AlphaSave] SD_HEAP operation=dma-reserve-restored state=save-catalog free_internal=67108864 free_dma=67108864 largest_dma=67108864 largest_internal=67108864 requested_dma=8192
110: [I][AlphaSave] SD_HEAP operation=release-reserved-dma state=pc-import-read free_internal=67108864 free_dma=67108864 largest_dma=67108864 largest_internal=67108864 requested_dma=8192
110: [I][AlphaSave] SD_HEAP operation=sd-window-open state=pc-import-read free_internal=67108864 free_dma=67108864 largest_dma=67108864 largest_internal=67108864 requested_dma=512
110: [I][AlphaSave] PC_IMPORT_READ gam=4192 ool=512
110: [I][AlphaSave] SD_HEAP operation=dma-reserve-restored state=pc-import-read free_internal=67108864 free_dma=67108864 largest_dma=67108864 largest_internal=67108864 requested_dma=8192
110: [I][AlphaSave] SD_HEAP operation=release-reserved-dma state=pc-import-marker free_internal=67108864 free_dma=67108864 largest_dma=67108864 largest_internal=67108864 requested_dma=8192
110: [I][AlphaSave] SD_HEAP operation=sd-window-open state=pc-import-marker free_internal=67108864 free_dma=67108864 largest_dma=67108864 largest_internal=67108864 requested_dma=512
110: [I][AlphaSave] SD_HEAP operation=dma-reserve-restored state=pc-import-marker free_internal=67108864 free_dma=67108864 largest_dma=67108864 largest_internal=67108864 requested_dma=8192
110: [I][AlphaRuntime] FRONTEND_INTENT intent=import-pc-save slot=1 ok=1 message="Imported into Slot 2. The PC files are kept"
110: [I][AlphaSave] SD_HEAP operation=release-reserved-dma state=load-slot free_internal=67108864 free_dma=67108864 largest_dma=67108864 largest_internal=67108864 requested_dma=8192
110: [I][AlphaSave] SD_HEAP operation=sd-window-open state=load-slot free_internal=67108864 free_dma=67108864 largest_dma=67108864 largest_internal=67108864 requested_dma=512
110: [I][AlphaSave] SAVE_SCRATCH psram_bytes=11888
110: [I][AlphaSave] load save_slot=0 slot=1 time=2 ms status=0
110: [I][AlphaSave] SD_HEAP operation=dma-reserve-restored state=load-slot free_internal=67108864 free_dma=67108864 largest_dma=67108864 largest_internal=67108864 requested_dma=8192
110: [I][AlphaSave] SD_HEAP operation=release-reserved-dma state=load-slot free_internal=67108864 free_dma=67108864 largest_dma=67108864 largest_internal=67108864 requested_dma=8192
110: [I][AlphaSave] SD_HEAP operation=sd-window-open state=load-slot free_internal=67108864 free_dma=67108864 largest_dma=67108864 largest_internal=67108864 requested_dma=512
110: [I][AlphaSave] SAVE_SCRATCH psram_bytes=11888
110: [I][AlphaSave] load save_slot=2 slot=1 time=1 ms status=0
110: [I][AlphaSave] SD_HEAP operation=dma-reserve-restored state=load-slot free_internal=67108864 free_dma=67108864 largest_dma=67108864 largest_internal=67108864 requested_dma=8192
110:   GREEN J10   import into Slot 2: Slots 1 and 3 byte for byte, and each still loads its own journey ("Imported into Slot 2. The PC files are kept", state 13, before: alpha1-g1.commit alpha1-g1.gam alpha1-g1.json alpha1-g1.ool alpha1-s3-g1.commit alpha1-s3-g1.gam alpha1-s3-g1.json alpha1-s3-g1.ool, after: alpha1-g1.commit alpha1-g1.gam alpha1-g1.json alpha1-g1.ool alpha1-s2-g1.commit alpha1-s2-g1.gam alpha1-s2-g1.json alpha1-s2-g1.ool alpha1-s3-g1.commit alpha1-s3-g1.gam alpha1-s3-g1.json alpha1-s3-g1.ool)
110: [I][AlphaSave] SD_HEAP operation=release-reserved-dma state=load-slot free_internal=67108864 free_dma=67108864 largest_dma=67108864 largest_internal=67108864 requested_dma=8192
110: [I][AlphaSave] SD_HEAP operation=sd-window-open state=load-slot free_internal=67108864 free_dma=67108864 largest_dma=67108864 largest_internal=67108864 requested_dma=512
110: [I][AlphaSave] SAVE_SCRATCH psram_bytes=11888
110: [I][AlphaSave] load save_slot=1 slot=1 time=2 ms status=0
110: [I][AlphaSave] SD_HEAP operation=dma-reserve-restored state=load-slot free_internal=67108864 free_dma=67108864 largest_dma=67108864 largest_internal=67108864 requested_dma=8192
110:   GREEN J11   Slot 2 loads the imported journey
110: [I][AlphaSave] SD_HEAP operation=release-reserved-dma state=gameplay-save free_internal=67108864 free_dma=67108864 largest_dma=67108864 largest_internal=67108864 requested_dma=8192
110: [I][AlphaSave] SD_HEAP operation=sd-window-open state=gameplay-save free_internal=67108864 free_dma=67108864 largest_dma=67108864 largest_internal=67108864 requested_dma=512
110: [I][AlphaSave] SAVE_SCRATCH psram_bytes=11888
110: [I][AlphaSave] NEWGAME_SAVE stage=create-root-directory result=ok esp_err=ESP_OK errno=0 path=/sd/ultima5 stack_margin=32768
110: [I][AlphaSave] NEWGAME_SAVE stage=create-save-directory result=ok esp_err=ESP_OK errno=0 path=/sd/ultima5/saves stack_margin=32768
110: [I][AlphaSave] SD_HEAP operation=free-space-before state=gameplay-save free_internal=67108864 free_dma=67108864 largest_dma=67108864 largest_internal=67108864 requested_dma=512
110: [I][AlphaSave] SD_HEAP operation=free-space-call-enter state=gameplay-save free_internal=67108864 free_dma=67108864 largest_dma=67108864 largest_internal=67108864 requested_dma=512
110: [I][AlphaSave] SD_HEAP operation=free-space-call-exit state=gameplay-save free_internal=67108864 free_dma=67108864 largest_dma=67108864 largest_internal=67108864 requested_dma=512
110: [I][AlphaSave] SD_HEAP operation=free-space-after state=gameplay-save free_internal=67108864 free_dma=67108864 largest_dma=67108864 largest_internal=67108864 requested_dma=512
110: [I][AlphaSave] SD_SPACE path=/sd api=esp_vfs_fat_info/f_getfree return=ESP_OK(0x0) errno=0 total_bytes=34359738368 free_bytes=8589934592 total_sectors=67108864 free_sectors=16777216 sector_bytes=512
110: [I][AlphaSave] NEWGAME_SAVE stage=free-space-query result=ok esp_err=ESP_OK errno=0 path=/sd stack_margin=32768
110: [I][AlphaSave] NEWGAME_SAVE stage=free-space result=ok esp_err=ESP_OK errno=0 path=/sd stack_margin=32768
110: [I][AlphaSave] SAVE_TARGET save_slot=1 newest=-1 accepted=0 slot=1 keep=-1 sequence=1
110: [I][AlphaSave] NEWGAME_SAVE stage=gam-encode result=ok esp_err=ESP_OK errno=0 path=INIT.GAM stack_margin=32768
110: [I][AlphaSave] NEWGAME_SAVE stage=ool-encode result=ok esp_err=ESP_OK errno=0 path=INIT.OOL stack_margin=32768
110: [I][AlphaSave] NEWGAME_SAVE stage=json-encode result=ok esp_err=ESP_OK errno=0 path=sidecar stack_margin=32768
110: [I][AlphaSave] SD_HEAP operation=write-gam-temp state=gameplay-save free_internal=67108864 free_dma=67108864 largest_dma=67108864 largest_internal=67108864 requested_dma=512
110: [I][AlphaSave] NEWGAME_SAVE stage=write-gam-temp result=ok esp_err=ESP_OK errno=0 path=/sd/ultima5/saves/alpha1-s2-g1.gam.tmp stack_margin=32768
110: [I][AlphaSave] SD_HEAP operation=write-ool-temp state=gameplay-save free_internal=67108864 free_dma=67108864 largest_dma=67108864 largest_internal=67108864 requested_dma=512
110: [I][AlphaSave] NEWGAME_SAVE stage=write-ool-temp result=ok esp_err=ESP_OK errno=0 path=/sd/ultima5/saves/alpha1-s2-g1.ool.tmp stack_margin=32768
110: [I][AlphaSave] SD_HEAP operation=write-json-temp state=gameplay-save free_internal=67108864 free_dma=67108864 largest_dma=67108864 largest_internal=67108864 requested_dma=512
110: [I][AlphaSave] NEWGAME_SAVE stage=write-json-temp result=ok esp_err=ESP_OK errno=0 path=/sd/ultima5/saves/alpha1-s2-g1.json.tmp stack_margin=32768
110: [I][AlphaSave] SD_HEAP operation=crc-readback state=gameplay-save free_internal=67108864 free_dma=67108864 largest_dma=67108864 largest_internal=67108864 requested_dma=512
110: [I][AlphaSave] NEWGAME_SAVE stage=crc-readback result=ok esp_err=ESP_OK errno=0 path=/sd/ultima5/saves stack_margin=32768
110: [I][AlphaSave] NEWGAME_SAVE stage=rename-gam result=ok esp_err=ESP_OK errno=0 path=/sd/ultima5/saves/alpha1-s2-g1.gam stack_margin=32768
110: [I][AlphaSave] NEWGAME_SAVE stage=rename-ool result=ok esp_err=ESP_OK errno=0 path=/sd/ultima5/saves/alpha1-s2-g1.ool stack_margin=32768
110: [I][AlphaSave] NEWGAME_SAVE stage=rename-json result=ok esp_err=ESP_OK errno=0 path=/sd/ultima5/saves/alpha1-s2-g1.json stack_margin=32768
110: [I][AlphaSave] NEWGAME_SAVE stage=write-commit-temp result=ok esp_err=ESP_OK errno=0 path=/sd/ultima5/saves/alpha1-s2-g1.commit.tmp stack_margin=32768
110: [I][AlphaSave] NEWGAME_SAVE stage=rename-commit result=ok esp_err=ESP_OK errno=0 path=/sd/ultima5/saves/alpha1-s2-g1.commit stack_margin=32768
110: [I][AlphaSave] NEWGAME_SAVE stage=semantic-validation result=ok esp_err=ESP_OK errno=0 path=/sd/ultima5/saves/alpha1-s2-g1.commit stack_margin=32768
110: [I][AlphaSave] NEWGAME_SAVE stage=generation-final result=ok esp_err=ESP_OK errno=0 path=/sd/ultima5/saves/alpha1-s2-g1.commit stack_margin=32768
110: [I][AlphaSave] save generation=1 save_slot=1 slot=1 time=13 ms json=1994
110: [I][AlphaSave] SD_HEAP operation=dma-reserve-restored state=gameplay-save free_internal=67108864 free_dma=67108864 largest_dma=67108864 largest_internal=67108864 requested_dma=8192
110: [I][AlphaRuntime] INPUT_EDGE raw=00,00,00,00,00 prev=00,00,00,00,00 matrix=0,0 physical=matrix-key edge=press mods=S0,A0,H0 printable=08 base=00 symbol=00 ui=inventory emitted=back action_char=0 shortcut=none
110: [I][AlphaRuntime] FRONTEND_INPUT raw=keyboard action=back char=0 accepted=1 state=error->menu phase=name->name name=""->""
110: [I][AlphaRuntime] FRONTEND_STATE count=20 from=error to=menu reason=input reconstructed=0
110: [I][AlphaRuntime] INPUT_EDGE raw=00,00,00,00,00 prev=00,00,00,00,00 matrix=0,0 physical=matrix-key edge=press mods=S0,A0,H0 printable=70 base=00 symbol=00 ui=inventory emitted=character action_char=112 shortcut=none
110: [I][AlphaRuntime] FRONTEND_INPUT raw=keyboard action=character char=112 accepted=1 state=menu->error phase=name->name name=""->""
110: [I][AlphaRuntime] FRONTEND_STATE count=21 from=menu to=error reason=input reconstructed=0
110: [I][AlphaRuntime] FRONTEND_INTENT intent=inspect-pc-saves storage_begin=1 phase=name name="" gender=0x0b stack_margin=32768
110: [I][AlphaSave] SD_HEAP operation=release-reserved-dma state=save-catalog free_internal=67108864 free_dma=67108864 largest_dma=67108864 largest_internal=67108864 requested_dma=8192
110: [I][AlphaSave] SD_HEAP operation=sd-window-open state=save-catalog free_internal=67108864 free_dma=67108864 largest_dma=67108864 largest_internal=67108864 requested_dma=512
110: [I][AlphaSave] SAVE_CATALOG slot1=empty slot2=verified slot3=empty staged=1 bytes=6730 commit_us=137 verify_us=540 total_us=682
110: [I][AlphaSave] SD_HEAP operation=dma-reserve-restored state=save-catalog free_internal=67108864 free_dma=67108864 largest_dma=67108864 largest_internal=67108864 requested_dma=8192
110: [I][AlphaSave] SD_HEAP operation=release-reserved-dma state=pc-import-read free_internal=67108864 free_dma=67108864 largest_dma=67108864 largest_internal=67108864 requested_dma=8192
110: [I][AlphaSave] SD_HEAP operation=sd-window-open state=pc-import-read free_internal=67108864 free_dma=67108864 largest_dma=67108864 largest_internal=67108864 requested_dma=512
110: [I][AlphaSave] PC_IMPORT_READ gam=4192 ool=512
110: [I][AlphaSave] SD_HEAP operation=dma-reserve-restored state=pc-import-read free_internal=67108864 free_dma=67108864 largest_dma=67108864 largest_internal=67108864 requested_dma=8192
110: [I][AlphaSave] SD_HEAP operation=release-reserved-dma state=pc-import-marker free_internal=67108864 free_dma=67108864 largest_dma=67108864 largest_internal=67108864 requested_dma=8192
110: [I][AlphaSave] SD_HEAP operation=sd-window-open state=pc-import-marker free_internal=67108864 free_dma=67108864 largest_dma=67108864 largest_internal=67108864 requested_dma=512
110: [I][AlphaSave] SD_HEAP operation=dma-reserve-restored state=pc-import-marker free_internal=67108864 free_dma=67108864 largest_dma=67108864 largest_internal=67108864 requested_dma=8192
110: [I][AlphaRuntime] INPUT_EDGE raw=00,00,00,00,00 prev=00,00,00,00,00 matrix=0,0 physical=matrix-key edge=press mods=S0,A0,H0 printable=0d base=00 symbol=00 ui=inventory emitted=confirm action_char=0 shortcut=none
110: [I][AlphaRuntime] FRONTEND_INPUT raw=keyboard action=confirm char=0 accepted=1 state=error->error phase=name->name name=""->""
110: [I][AlphaRuntime] FRONTEND_STATE count=22 from=error to=error reason=input reconstructed=0
110: [I][AlphaRuntime] FRONTEND_INPUT raw=trackball-down action=direction char=0 accepted=1 state=error->error phase=name->name name=""->""
110: [I][AlphaRuntime] INPUT_EDGE raw=00,00,00,00,00 prev=00,00,00,00,00 matrix=0,0 physical=matrix-key edge=press mods=S0,A0,H0 printable=0d base=00 symbol=00 ui=inventory emitted=confirm action_char=0 shortcut=none
110: [I][AlphaRuntime] FRONTEND_INPUT raw=keyboard action=confirm char=0 accepted=1 state=error->error phase=name->name name=""->""
110: [I][AlphaRuntime] INPUT_EDGE raw=00,00,00,00,00 prev=00,00,00,00,00 matrix=0,0 physical=matrix-key edge=press mods=S0,A0,H0 printable=0d base=00 symbol=00 ui=inventory emitted=confirm action_char=0 shortcut=none
110: [I][AlphaRuntime] FRONTEND_INPUT raw=keyboard action=confirm char=0 accepted=1 state=error->error phase=name->name name=""->""
110: [I][AlphaSave] SD_HEAP operation=release-reserved-dma state=load-slot free_internal=67108864 free_dma=67108864 largest_dma=67108864 largest_internal=67108864 requested_dma=8192
110: [I][AlphaSave] SD_HEAP operation=sd-window-open state=load-slot free_internal=67108864 free_dma=67108864 largest_dma=67108864 largest_internal=67108864 requested_dma=512
110: [I][AlphaSave] SAVE_SCRATCH psram_bytes=11888
110: [I][AlphaSave] load save_slot=1 slot=1 time=1 ms status=0
110: [I][AlphaSave] SD_HEAP operation=dma-reserve-restored state=load-slot free_internal=67108864 free_dma=67108864 largest_dma=67108864 largest_internal=67108864 requested_dma=8192
110:   GREEN J12   an occupied slot asks "Replace Slot 2?" on No; No (and so Back) leaves the slot byte for byte
110: [I][AlphaRuntime] INPUT_EDGE raw=00,00,00,00,00 prev=00,00,00,00,00 matrix=0,0 physical=matrix-key edge=press mods=S0,A0,H0 printable=0d base=00 symbol=00 ui=inventory emitted=confirm action_char=0 shortcut=none
110: [I][AlphaRuntime] FRONTEND_INPUT raw=keyboard action=confirm char=0 accepted=1 state=error->error phase=name->name name=""->""
110: [I][AlphaRuntime] FRONTEND_INPUT raw=trackball-down action=direction char=0 accepted=1 state=error->error phase=name->name name=""->""
110: [I][AlphaRuntime] INPUT_EDGE raw=00,00,00,00,00 prev=00,00,00,00,00 matrix=0,0 physical=matrix-key edge=press mods=S0,A0,H0 printable=0d base=00 symbol=00 ui=inventory emitted=confirm action_char=0 shortcut=none
110: [I][AlphaRuntime] FRONTEND_INPUT raw=keyboard action=confirm char=0 accepted=1 state=error->error phase=name->name name=""->""
110: [I][AlphaRuntime] FRONTEND_INTENT intent=import-pc-save storage_begin=1 phase=name name="" gender=0x0b stack_margin=32768
110: [I][AlphaSave] SD_HEAP operation=release-reserved-dma state=pc-import-read free_internal=67108864 free_dma=67108864 largest_dma=67108864 largest_internal=67108864 requested_dma=8192
110: [I][AlphaSave] SD_HEAP operation=sd-window-open state=pc-import-read free_internal=67108864 free_dma=67108864 largest_dma=67108864 largest_internal=67108864 requested_dma=512
110: [I][AlphaSave] PC_IMPORT_READ gam=4192 ool=512
110: [I][AlphaSave] SD_HEAP operation=dma-reserve-restored state=pc-import-read free_internal=67108864 free_dma=67108864 largest_dma=67108864 largest_internal=67108864 requested_dma=8192
110: [I][AlphaRuntime] U5OBJ CLEAR site=load-restore pool_before=0
110: [I][AlphaRuntime] WORLD_OBJECTS_RESTORE count=0
110: [I][AlphaRuntime] DUNGEON_RESTORE active=0 dungeon=33 depth=0
110: [I][AlphaRuntime] LOAD_TRANSIENT_RESET ui=explore->explore request=0 views=0 questions=0
110: [I][AlphaRuntime] U5OBJ SOURCE loc=17 floor=0 hour=3 table=found table_loc=17 count=32 slots=present tables=32 npc_dead=0x00000000 pool_before=0
110: [I][AlphaRuntime] U5OBJ SRC slot=23 index=23 type=1(0x01) tile=257 dialog=0 x=16,16,16 y=21,21,21 z=255,255,255 schedule=0,0,0,0 ai=0,0,0
110: [I][AlphaRuntime] U5OBJ SRC slot=24 index=24 type=1(0x01) tile=257 dialog=0 x=17,17,17 y=22,22,22 z=255,255,255 schedule=0,0,0,0 ai=0,0,0
110: [I][AlphaRuntime] U5OBJ SRC slot=25 index=25 type=1(0x01) tile=257 dialog=0 x=13,13,13 y=23,23,23 z=255,255,255 schedule=0,0,0,0 ai=0,0,0
110: [I][AlphaRuntime] U5OBJ SRC slot=28 index=28 type=30(0x1e) tile=286 dialog=0 x=9,9,9 y=9,9,9 z=255,255,255 schedule=0,0,0,0 ai=0,0,0
110: [I][AlphaRuntime] U5OBJ RESERVE request=32 current_size=0 current_capacity=32 object_bytes=68 need_bytes=2176 target_bytes=2176 free_internal=67108864 largest_internal=67108864 free_psram=67108864 largest_psram=67108864 free_default=67108864 guard=free_psram>=need+32768 result=1
110: [I][AlphaRuntime] U5OBJ RESERVE_DONE size=0 capacity=32 storage_heap=internal
110: [I][AlphaRuntime] U5OBJ HYDRATE slot=23 index=23 ACCEPT schedule=0 loc=17 floor=-1 x=16 y=21 tile=257 chest=1 prop=0 plot=0 item=8 contents=30 pool_index=1
110: [I][AlphaRuntime] CHEST_INSERT source=authored/hydrated loc=17 floor=-1 world_x=16 world_y=21 object_id=1 type=chest flags=none trap=0 contents=30 collection_count_before=1 after=2
110: [I][AlphaRuntime] U5OBJ HYDRATE slot=24 index=24 ACCEPT schedule=0 loc=17 floor=-1 x=17 y=22 tile=257 chest=1 prop=0 plot=0 item=8 contents=30 pool_index=2
110: [I][AlphaRuntime] CHEST_INSERT source=authored/hydrated loc=17 floor=-1 world_x=17 world_y=22 object_id=2 type=chest flags=none trap=0 contents=30 collection_count_before=2 after=3
110: [I][AlphaRuntime] U5OBJ HYDRATE slot=25 index=25 ACCEPT schedule=0 loc=17 floor=-1 x=13 y=23 tile=257 chest=1 prop=0 plot=0 item=8 contents=30 pool_index=3
110: [I][AlphaRuntime] CHEST_INSERT source=authored/hydrated loc=17 floor=-1 world_x=13 world_y=23 object_id=3 type=chest flags=none trap=0 contents=30 collection_count_before=3 after=4
110: [I][AlphaRuntime] U5OBJ HYDRATE slot=28 index=28 ACCEPT schedule=0 loc=17 floor=-1 x=9 y=9 tile=286 chest=0 prop=1 plot=0 item=8 contents=30 pool_index=4
110: [I][AlphaRuntime] U5OBJ POST_HYDRATE result=1 reason=ok pool_size=6 accepted=6 dropped=26 hydrate_calls=3
110: [I][AlphaRuntime] U5OBJ POST_HYDRATE_OBJ index=1 loc=17 floor=-1 x=16 y=21 tile=257 chest=1 prop=0 plot=0 item=8 loot=0 search=0 shadowlord=0 trapped=0 contents=30 slot=-1
110: [I][AlphaRuntime] U5OBJ POST_HYDRATE_OBJ index=2 loc=17 floor=-1 x=17 y=22 tile=257 chest=1 prop=0 plot=0 item=8 loot=0 search=0 shadowlord=0 trapped=0 contents=30 slot=-1
110: [I][AlphaRuntime] U5OBJ POST_HYDRATE_OBJ index=3 loc=17 floor=-1 x=13 y=23 tile=257 chest=1 prop=0 plot=0 item=8 loot=0 search=0 shadowlord=0 trapped=0 contents=30 slot=-1
110: [I][AlphaRuntime] U5OBJ POST_HYDRATE_OBJ index=4 loc=17 floor=-1 x=9 y=9 tile=286 chest=0 prop=1 plot=0 item=8 loot=0 search=0 shadowlord=0 trapped=0 contents=30 slot=-1
110: [I][AlphaSave] SD_HEAP operation=release-reserved-dma state=gameplay-save free_internal=67108864 free_dma=67108864 largest_dma=67108864 largest_internal=67108864 requested_dma=8192
110: [I][AlphaSave] SD_HEAP operation=sd-window-open state=gameplay-save free_internal=67108864 free_dma=67108864 largest_dma=67108864 largest_internal=67108864 requested_dma=512
110: [I][AlphaSave] NEWGAME_SAVE stage=create-root-directory result=ok esp_err=ESP_OK errno=0 path=/sd/ultima5 stack_margin=32768
110: [I][AlphaSave] NEWGAME_SAVE stage=create-save-directory result=ok esp_err=ESP_OK errno=0 path=/sd/ultima5/saves stack_margin=32768
110: [I][AlphaSave] SD_HEAP operation=free-space-before state=gameplay-save free_internal=67108864 free_dma=67108864 largest_dma=67108864 largest_internal=67108864 requested_dma=512
110: [I][AlphaSave] SD_HEAP operation=free-space-call-enter state=gameplay-save free_internal=67108864 free_dma=67108864 largest_dma=67108864 largest_internal=67108864 requested_dma=512
110: [I][AlphaSave] SD_HEAP operation=free-space-call-exit state=gameplay-save free_internal=67108864 free_dma=67108864 largest_dma=67108864 largest_internal=67108864 requested_dma=512
110: [I][AlphaSave] SD_HEAP operation=free-space-after state=gameplay-save free_internal=67108864 free_dma=67108864 largest_dma=67108864 largest_internal=67108864 requested_dma=512
110: [I][AlphaSave] SD_SPACE path=/sd api=esp_vfs_fat_info/f_getfree return=ESP_OK(0x0) errno=0 total_bytes=34359738368 free_bytes=8589934592 total_sectors=67108864 free_sectors=16777216 sector_bytes=512
110: [I][AlphaSave] NEWGAME_SAVE stage=free-space-query result=ok esp_err=ESP_OK errno=0 path=/sd stack_margin=32768
110: [I][AlphaSave] NEWGAME_SAVE stage=free-space result=ok esp_err=ESP_OK errno=0 path=/sd stack_margin=32768
110: [I][AlphaSave] SAVE_TARGET save_slot=1 newest=1 accepted=1 slot=0 keep=1 sequence=2
110: [I][AlphaSave] NEWGAME_SAVE stage=gam-encode result=ok esp_err=ESP_OK errno=0 path=INIT.GAM stack_margin=32768
110: [I][AlphaSave] NEWGAME_SAVE stage=ool-encode result=ok esp_err=ESP_OK errno=0 path=INIT.OOL stack_margin=32768
110: [I][AlphaSave] NEWGAME_SAVE stage=json-encode result=ok esp_err=ESP_OK errno=0 path=sidecar stack_margin=32768
110: [I][AlphaSave] SD_HEAP operation=write-gam-temp state=gameplay-save free_internal=67108864 free_dma=67108864 largest_dma=67108864 largest_internal=67108864 requested_dma=512
110: [I][AlphaSave] NEWGAME_SAVE stage=write-gam-temp result=ok esp_err=ESP_OK errno=0 path=/sd/ultima5/saves/alpha1-s2-g0.gam.tmp stack_margin=32768
110: [I][AlphaSave] SD_HEAP operation=write-ool-temp state=gameplay-save free_internal=67108864 free_dma=67108864 largest_dma=67108864 largest_internal=67108864 requested_dma=512
110: [I][AlphaSave] NEWGAME_SAVE stage=write-ool-temp result=ok esp_err=ESP_OK errno=0 path=/sd/ultima5/saves/alpha1-s2-g0.ool.tmp stack_margin=32768
110: [I][AlphaSave] SD_HEAP operation=write-json-temp state=gameplay-save free_internal=67108864 free_dma=67108864 largest_dma=67108864 largest_internal=67108864 requested_dma=512
110: [I][AlphaSave] NEWGAME_SAVE stage=write-json-temp result=ok esp_err=ESP_OK errno=0 path=/sd/ultima5/saves/alpha1-s2-g0.json.tmp stack_margin=32768
110: [I][AlphaSave] SD_HEAP operation=crc-readback state=gameplay-save free_internal=67108864 free_dma=67108864 largest_dma=67108864 largest_internal=67108864 requested_dma=512
110: [I][AlphaSave] NEWGAME_SAVE stage=crc-readback result=ok esp_err=ESP_OK errno=0 path=/sd/ultima5/saves stack_margin=32768
110: [I][AlphaSave] NEWGAME_SAVE stage=rename-gam result=ok esp_err=ESP_OK errno=0 path=/sd/ultima5/saves/alpha1-s2-g0.gam stack_margin=32768
110: [I][AlphaSave] NEWGAME_SAVE stage=rename-ool result=ok esp_err=ESP_OK errno=0 path=/sd/ultima5/saves/alpha1-s2-g0.ool stack_margin=32768
110: [I][AlphaSave] NEWGAME_SAVE stage=rename-json result=ok esp_err=ESP_OK errno=0 path=/sd/ultima5/saves/alpha1-s2-g0.json stack_margin=32768
110: [I][AlphaSave] NEWGAME_SAVE stage=write-commit-temp result=ok esp_err=ESP_OK errno=0 path=/sd/ultima5/saves/alpha1-s2-g0.commit.tmp stack_margin=32768
110: [I][AlphaSave] NEWGAME_SAVE stage=rename-commit result=ok esp_err=ESP_OK errno=0 path=/sd/ultima5/saves/alpha1-s2-g0.commit stack_margin=32768
110: [I][AlphaSave] NEWGAME_SAVE stage=semantic-validation result=ok esp_err=ESP_OK errno=0 path=/sd/ultima5/saves/alpha1-s2-g0.commit stack_margin=32768
110: [I][AlphaSave] NEWGAME_SAVE stage=generation-final result=ok esp_err=ESP_OK errno=0 path=/sd/ultima5/saves/alpha1-s2-g0.commit stack_margin=32768
110: [I][AlphaSave] save generation=2 save_slot=1 slot=0 time=10 ms json=5877
110: [I][AlphaSave] SD_HEAP operation=dma-reserve-restored state=gameplay-save free_internal=67108864 free_dma=67108864 largest_dma=67108864 largest_internal=67108864 requested_dma=8192
110: [I][AlphaSave] SD_HEAP operation=release-reserved-dma state=save-catalog free_internal=67108864 free_dma=67108864 largest_dma=67108864 largest_internal=67108864 requested_dma=8192
110: [I][AlphaSave] SD_HEAP operation=sd-window-open state=save-catalog free_internal=67108864 free_dma=67108864 largest_dma=67108864 largest_internal=67108864 requested_dma=512
110: [I][AlphaSave] SAVE_CATALOG slot1=empty slot2=cached slot3=empty staged=0 bytes=64 commit_us=254 verify_us=0 total_us=259
110: [I][AlphaSave] SD_HEAP operation=dma-reserve-restored state=save-catalog free_internal=67108864 free_dma=67108864 largest_dma=67108864 largest_internal=67108864 requested_dma=8192
110: [I][AlphaSave] SD_HEAP operation=release-reserved-dma state=pc-import-marker free_internal=67108864 free_dma=67108864 largest_dma=67108864 largest_internal=67108864 requested_dma=8192
110: [I][AlphaSave] SD_HEAP operation=sd-window-open state=pc-import-marker free_internal=67108864 free_dma=67108864 largest_dma=67108864 largest_internal=67108864 requested_dma=512
110: [I][AlphaSave] SD_HEAP operation=dma-reserve-restored state=pc-import-marker free_internal=67108864 free_dma=67108864 largest_dma=67108864 largest_internal=67108864 requested_dma=8192
110: [I][AlphaRuntime] PC_IMPORT slot=1 location=17 frigates=0 horses=0 skiffs=1 search=0 ms=10
110: [I][AlphaSave] SD_HEAP operation=release-reserved-dma state=save-catalog free_internal=67108864 free_dma=67108864 largest_dma=67108864 largest_internal=67108864 requested_dma=8192
110: [I][AlphaSave] SD_HEAP operation=sd-window-open state=save-catalog free_internal=67108864 free_dma=67108864 largest_dma=67108864 largest_internal=67108864 requested_dma=512
110: [I][AlphaSave] SAVE_CATALOG slot1=empty slot2=cached slot3=empty staged=0 bytes=64 commit_us=176 verify_us=0 total_us=180
110: [I][AlphaSave] SD_HEAP operation=dma-reserve-restored state=save-catalog free_internal=67108864 free_dma=67108864 largest_dma=67108864 largest_internal=67108864 requested_dma=8192
110: [I][AlphaSave] SD_HEAP operation=release-reserved-dma state=pc-import-read free_internal=67108864 free_dma=67108864 largest_dma=67108864 largest_internal=67108864 requested_dma=8192
110: [I][AlphaSave] SD_HEAP operation=sd-window-open state=pc-import-read free_internal=67108864 free_dma=67108864 largest_dma=67108864 largest_internal=67108864 requested_dma=512
110: [I][AlphaSave] PC_IMPORT_READ gam=4192 ool=512
110: [I][AlphaSave] SD_HEAP operation=dma-reserve-restored state=pc-import-read free_internal=67108864 free_dma=67108864 largest_dma=67108864 largest_internal=67108864 requested_dma=8192
110: [I][AlphaSave] SD_HEAP operation=release-reserved-dma state=pc-import-marker free_internal=67108864 free_dma=67108864 largest_dma=67108864 largest_internal=67108864 requested_dma=8192
110: [I][AlphaSave] SD_HEAP operation=sd-window-open state=pc-import-marker free_internal=67108864 free_dma=67108864 largest_dma=67108864 largest_internal=67108864 requested_dma=512
110: [I][AlphaSave] SD_HEAP operation=dma-reserve-restored state=pc-import-marker free_internal=67108864 free_dma=67108864 largest_dma=67108864 largest_internal=67108864 requested_dma=8192
110: [I][AlphaRuntime] FRONTEND_INTENT intent=import-pc-save slot=1 ok=1 message="Imported into Slot 2. The PC files are kept"
110: [I][AlphaSave] SD_HEAP operation=release-reserved-dma state=save-inspect free_internal=67108864 free_dma=67108864 largest_dma=67108864 largest_internal=67108864 requested_dma=8192
110: [I][AlphaSave] SD_HEAP operation=sd-window-open state=save-inspect free_internal=67108864 free_dma=67108864 largest_dma=67108864 largest_internal=67108864 requested_dma=512
110: [I][AlphaSave] SAVE_SCRATCH psram_bytes=11888
110: [I][AlphaSave] SAVE_INSPECT save_slot=1 slot0=verified slot1=verified bytes=17343 commit_us=82 read_us=282 verify_us=1460 total_us=1915
110: [I][AlphaSave] SD_HEAP operation=dma-reserve-restored state=save-inspect free_internal=67108864 free_dma=67108864 largest_dma=67108864 largest_internal=67108864 requested_dma=8192
110: [I][AlphaSave] SD_HEAP operation=release-reserved-dma state=load-slot free_internal=67108864 free_dma=67108864 largest_dma=67108864 largest_internal=67108864 requested_dma=8192
110: [I][AlphaSave] SD_HEAP operation=sd-window-open state=load-slot free_internal=67108864 free_dma=67108864 largest_dma=67108864 largest_internal=67108864 requested_dma=512
110: [I][AlphaSave] SAVE_SCRATCH psram_bytes=11888
110: [I][AlphaSave] load save_slot=1 slot=0 time=3 ms status=0
110: [I][AlphaSave] SD_HEAP operation=dma-reserve-restored state=load-slot free_internal=67108864 free_dma=67108864 largest_dma=67108864 largest_internal=67108864 requested_dma=8192
110:   GREEN J13   Yes: the imported generation is Slot 2's newest and loads; the journey it replaced stays as the slot's older generation (A/B)
110: [I][AlphaRuntime] INPUT_EDGE raw=00,00,00,00,00 prev=00,00,00,00,00 matrix=0,0 physical=matrix-key edge=press mods=S0,A0,H0 printable=08 base=00 symbol=00 ui=inventory emitted=back action_char=0 shortcut=none
110: [I][AlphaRuntime] FRONTEND_INPUT raw=keyboard action=back char=0 accepted=1 state=error->menu phase=name->name name=""->""
110: [I][AlphaRuntime] FRONTEND_STATE count=23 from=error to=menu reason=input reconstructed=0
110: [I][AlphaRuntime] INPUT_EDGE raw=00,00,00,00,00 prev=00,00,00,00,00 matrix=0,0 physical=matrix-key edge=press mods=S0,A0,H0 printable=70 base=00 symbol=00 ui=inventory emitted=character action_char=112 shortcut=none
110: [I][AlphaRuntime] FRONTEND_INPUT raw=keyboard action=character char=112 accepted=1 state=menu->error phase=name->name name=""->""
110: [I][AlphaRuntime] FRONTEND_STATE count=24 from=menu to=error reason=input reconstructed=0
110: [I][AlphaRuntime] FRONTEND_INTENT intent=inspect-pc-saves storage_begin=1 phase=name name="" gender=0x0b stack_margin=32768
110: [I][AlphaSave] SD_HEAP operation=release-reserved-dma state=save-catalog free_internal=67108864 free_dma=67108864 largest_dma=67108864 largest_internal=67108864 requested_dma=8192
110: [I][AlphaSave] SD_HEAP operation=sd-window-open state=save-catalog free_internal=67108864 free_dma=67108864 largest_dma=67108864 largest_internal=67108864 requested_dma=512
110: [I][AlphaSave] SAVE_CATALOG slot1=empty slot2=cached slot3=empty staged=0 bytes=64 commit_us=169 verify_us=0 total_us=222
110: [I][AlphaSave] SD_HEAP operation=dma-reserve-restored state=save-catalog free_internal=67108864 free_dma=67108864 largest_dma=67108864 largest_internal=67108864 requested_dma=8192
110: [I][AlphaSave] SD_HEAP operation=release-reserved-dma state=pc-import-read free_internal=67108864 free_dma=67108864 largest_dma=67108864 largest_internal=67108864 requested_dma=8192
110: [I][AlphaSave] SD_HEAP operation=sd-window-open state=pc-import-read free_internal=67108864 free_dma=67108864 largest_dma=67108864 largest_internal=67108864 requested_dma=512
110: [I][AlphaSave] PC_IMPORT_READ gam=4192 ool=512
110: [I][AlphaSave] SD_HEAP operation=dma-reserve-restored state=pc-import-read free_internal=67108864 free_dma=67108864 largest_dma=67108864 largest_internal=67108864 requested_dma=8192
110: [I][AlphaSave] SD_HEAP operation=release-reserved-dma state=pc-import-marker free_internal=67108864 free_dma=67108864 largest_dma=67108864 largest_internal=67108864 requested_dma=8192
110: [I][AlphaSave] SD_HEAP operation=sd-window-open state=pc-import-marker free_internal=67108864 free_dma=67108864 largest_dma=67108864 largest_internal=67108864 requested_dma=512
110: [I][AlphaSave] SD_HEAP operation=dma-reserve-restored state=pc-import-marker free_internal=67108864 free_dma=67108864 largest_dma=67108864 largest_internal=67108864 requested_dma=8192
110: [I][AlphaRuntime] INPUT_EDGE raw=00,00,00,00,00 prev=00,00,00,00,00 matrix=0,0 physical=matrix-key edge=press mods=S0,A0,H0 printable=0d base=00 symbol=00 ui=inventory emitted=confirm action_char=0 shortcut=none
110: [I][AlphaRuntime] FRONTEND_INPUT raw=keyboard action=confirm char=0 accepted=1 state=error->error phase=name->name name=""->""
110: [I][AlphaRuntime] FRONTEND_STATE count=25 from=error to=error reason=input reconstructed=0
110: [I][AlphaRuntime] FRONTEND_INPUT raw=trackball-down action=direction char=0 accepted=1 state=error->error phase=name->name name=""->""
110: [I][AlphaRuntime] FRONTEND_INPUT raw=trackball-down action=direction char=0 accepted=1 state=error->error phase=name->name name=""->""
110: [I][AlphaRuntime] INPUT_EDGE raw=00,00,00,00,00 prev=00,00,00,00,00 matrix=0,0 physical=matrix-key edge=press mods=S0,A0,H0 printable=0d base=00 symbol=00 ui=inventory emitted=confirm action_char=0 shortcut=none
110: [I][AlphaRuntime] FRONTEND_INPUT raw=keyboard action=confirm char=0 accepted=1 state=error->error phase=name->name name=""->""
110: [I][AlphaRuntime] INPUT_EDGE raw=00,00,00,00,00 prev=00,00,00,00,00 matrix=0,0 physical=matrix-key edge=press mods=S0,A0,H0 printable=0d base=00 symbol=00 ui=inventory emitted=confirm action_char=0 shortcut=none
110: [I][AlphaRuntime] FRONTEND_INPUT raw=keyboard action=confirm char=0 accepted=1 state=error->error phase=name->name name=""->""
110:   GREEN J14   the same PC files, presented again: the page names the slot they went to, and even an empty slot asks "Import it again?" (No writes nothing)
110: [I][AlphaRuntime] INPUT_EDGE raw=00,00,00,00,00 prev=00,00,00,00,00 matrix=0,0 physical=matrix-key edge=press mods=S0,A0,H0 printable=0d base=00 symbol=00 ui=inventory emitted=confirm action_char=0 shortcut=none
110: [I][AlphaRuntime] FRONTEND_INPUT raw=keyboard action=confirm char=0 accepted=1 state=error->error phase=name->name name=""->""
110: [I][AlphaRuntime] FRONTEND_INPUT raw=trackball-down action=direction char=0 accepted=1 state=error->error phase=name->name name=""->""
110: [I][AlphaRuntime] INPUT_EDGE raw=00,00,00,00,00 prev=00,00,00,00,00 matrix=0,0 physical=matrix-key edge=press mods=S0,A0,H0 printable=0d base=00 symbol=00 ui=inventory emitted=confirm action_char=0 shortcut=none
110: [I][AlphaRuntime] FRONTEND_INPUT raw=keyboard action=confirm char=0 accepted=1 state=error->error phase=name->name name=""->""
110: [I][AlphaRuntime] FRONTEND_INTENT intent=import-pc-save storage_begin=1 phase=name name="" gender=0x0b stack_margin=32768
110: [I][AlphaSave] SD_HEAP operation=release-reserved-dma state=pc-import-read free_internal=67108864 free_dma=67108864 largest_dma=67108864 largest_internal=67108864 requested_dma=8192
110: [I][AlphaSave] SD_HEAP operation=sd-window-open state=pc-import-read free_internal=67108864 free_dma=67108864 largest_dma=67108864 largest_internal=67108864 requested_dma=512
110: [I][AlphaSave] PC_IMPORT_READ gam=4192 ool=512
110: [I][AlphaSave] SD_HEAP operation=dma-reserve-restored state=pc-import-read free_internal=67108864 free_dma=67108864 largest_dma=67108864 largest_internal=67108864 requested_dma=8192
110: [I][AlphaRuntime] U5OBJ CLEAR site=load-restore pool_before=0
110: [I][AlphaRuntime] WORLD_OBJECTS_RESTORE count=0
110: [I][AlphaRuntime] DUNGEON_RESTORE active=0 dungeon=33 depth=0
110: [I][AlphaRuntime] LOAD_TRANSIENT_RESET ui=explore->explore request=0 views=0 questions=0
110: [I][AlphaRuntime] U5OBJ SOURCE loc=17 floor=0 hour=3 table=found table_loc=17 count=32 slots=present tables=32 npc_dead=0x00000000 pool_before=0
110: [I][AlphaRuntime] U5OBJ SRC slot=23 index=23 type=1(0x01) tile=257 dialog=0 x=16,16,16 y=21,21,21 z=255,255,255 schedule=0,0,0,0 ai=0,0,0
110: [I][AlphaRuntime] U5OBJ SRC slot=24 index=24 type=1(0x01) tile=257 dialog=0 x=17,17,17 y=22,22,22 z=255,255,255 schedule=0,0,0,0 ai=0,0,0
110: [I][AlphaRuntime] U5OBJ SRC slot=25 index=25 type=1(0x01) tile=257 dialog=0 x=13,13,13 y=23,23,23 z=255,255,255 schedule=0,0,0,0 ai=0,0,0
110: [I][AlphaRuntime] U5OBJ SRC slot=28 index=28 type=30(0x1e) tile=286 dialog=0 x=9,9,9 y=9,9,9 z=255,255,255 schedule=0,0,0,0 ai=0,0,0
110: [I][AlphaRuntime] U5OBJ RESERVE request=32 current_size=0 current_capacity=32 object_bytes=68 need_bytes=2176 target_bytes=2176 free_internal=67108864 largest_internal=67108864 free_psram=67108864 largest_psram=67108864 free_default=67108864 guard=free_psram>=need+32768 result=1
110: [I][AlphaRuntime] U5OBJ RESERVE_DONE size=0 capacity=32 storage_heap=internal
110: [I][AlphaRuntime] U5OBJ HYDRATE slot=23 index=23 ACCEPT schedule=0 loc=17 floor=-1 x=16 y=21 tile=257 chest=1 prop=0 plot=0 item=8 contents=30 pool_index=1
110: [I][AlphaRuntime] CHEST_INSERT source=authored/hydrated loc=17 floor=-1 world_x=16 world_y=21 object_id=1 type=chest flags=none trap=0 contents=30 collection_count_before=1 after=2
110: [I][AlphaRuntime] U5OBJ HYDRATE slot=24 index=24 ACCEPT schedule=0 loc=17 floor=-1 x=17 y=22 tile=257 chest=1 prop=0 plot=0 item=8 contents=30 pool_index=2
110: [I][AlphaRuntime] CHEST_INSERT source=authored/hydrated loc=17 floor=-1 world_x=17 world_y=22 object_id=2 type=chest flags=none trap=0 contents=30 collection_count_before=2 after=3
110: [I][AlphaRuntime] U5OBJ HYDRATE slot=25 index=25 ACCEPT schedule=0 loc=17 floor=-1 x=13 y=23 tile=257 chest=1 prop=0 plot=0 item=8 contents=30 pool_index=3
110: [I][AlphaRuntime] CHEST_INSERT source=authored/hydrated loc=17 floor=-1 world_x=13 world_y=23 object_id=3 type=chest flags=none trap=0 contents=30 collection_count_before=3 after=4
110: [I][AlphaRuntime] U5OBJ HYDRATE slot=28 index=28 ACCEPT schedule=0 loc=17 floor=-1 x=9 y=9 tile=286 chest=0 prop=1 plot=0 item=8 contents=30 pool_index=4
110: [I][AlphaRuntime] U5OBJ POST_HYDRATE result=1 reason=ok pool_size=6 accepted=6 dropped=26 hydrate_calls=4
110: [I][AlphaRuntime] U5OBJ POST_HYDRATE_OBJ index=1 loc=17 floor=-1 x=16 y=21 tile=257 chest=1 prop=0 plot=0 item=8 loot=0 search=0 shadowlord=0 trapped=0 contents=30 slot=-1
110: [I][AlphaRuntime] U5OBJ POST_HYDRATE_OBJ index=2 loc=17 floor=-1 x=17 y=22 tile=257 chest=1 prop=0 plot=0 item=8 loot=0 search=0 shadowlord=0 trapped=0 contents=30 slot=-1
110: [I][AlphaRuntime] U5OBJ POST_HYDRATE_OBJ index=3 loc=17 floor=-1 x=13 y=23 tile=257 chest=1 prop=0 plot=0 item=8 loot=0 search=0 shadowlord=0 trapped=0 contents=30 slot=-1
110: [I][AlphaRuntime] U5OBJ POST_HYDRATE_OBJ index=4 loc=17 floor=-1 x=9 y=9 tile=286 chest=0 prop=1 plot=0 item=8 loot=0 search=0 shadowlord=0 trapped=0 contents=30 slot=-1
110: [I][AlphaSave] SD_HEAP operation=release-reserved-dma state=gameplay-save free_internal=67108864 free_dma=67108864 largest_dma=67108864 largest_internal=67108864 requested_dma=8192
110: [I][AlphaSave] SD_HEAP operation=sd-window-open state=gameplay-save free_internal=67108864 free_dma=67108864 largest_dma=67108864 largest_internal=67108864 requested_dma=512
110: [I][AlphaSave] NEWGAME_SAVE stage=create-root-directory result=ok esp_err=ESP_OK errno=0 path=/sd/ultima5 stack_margin=32768
110: [I][AlphaSave] NEWGAME_SAVE stage=create-save-directory result=ok esp_err=ESP_OK errno=0 path=/sd/ultima5/saves stack_margin=32768
110: [I][AlphaSave] SD_HEAP operation=free-space-before state=gameplay-save free_internal=67108864 free_dma=67108864 largest_dma=67108864 largest_internal=67108864 requested_dma=512
110: [I][AlphaSave] SD_HEAP operation=free-space-call-enter state=gameplay-save free_internal=67108864 free_dma=67108864 largest_dma=67108864 largest_internal=67108864 requested_dma=512
110: [I][AlphaSave] SD_HEAP operation=free-space-call-exit state=gameplay-save free_internal=67108864 free_dma=67108864 largest_dma=67108864 largest_internal=67108864 requested_dma=512
110: [I][AlphaSave] SD_HEAP operation=free-space-after state=gameplay-save free_internal=67108864 free_dma=67108864 largest_dma=67108864 largest_internal=67108864 requested_dma=512
110: [I][AlphaSave] SD_SPACE path=/sd api=esp_vfs_fat_info/f_getfree return=ESP_OK(0x0) errno=0 total_bytes=34359738368 free_bytes=8589934592 total_sectors=67108864 free_sectors=16777216 sector_bytes=512
110: [I][AlphaSave] NEWGAME_SAVE stage=free-space-query result=ok esp_err=ESP_OK errno=0 path=/sd stack_margin=32768
110: [I][AlphaSave] NEWGAME_SAVE stage=free-space result=ok esp_err=ESP_OK errno=0 path=/sd stack_margin=32768
110: [I][AlphaSave] SAVE_TARGET save_slot=2 newest=-1 accepted=0 slot=1 keep=-1 sequence=3
110: [I][AlphaSave] NEWGAME_SAVE stage=gam-encode result=ok esp_err=ESP_OK errno=0 path=INIT.GAM stack_margin=32768
110: [I][AlphaSave] NEWGAME_SAVE stage=ool-encode result=ok esp_err=ESP_OK errno=0 path=INIT.OOL stack_margin=32768
110: [I][AlphaSave] NEWGAME_SAVE stage=json-encode result=ok esp_err=ESP_OK errno=0 path=sidecar stack_margin=32768
110: [I][AlphaSave] SD_HEAP operation=write-gam-temp state=gameplay-save free_internal=67108864 free_dma=67108864 largest_dma=67108864 largest_internal=67108864 requested_dma=512
110: [I][AlphaSave] NEWGAME_SAVE stage=write-gam-temp result=ok esp_err=ESP_OK errno=0 path=/sd/ultima5/saves/alpha1-s3-g1.gam.tmp stack_margin=32768
110: [I][AlphaSave] SD_HEAP operation=write-ool-temp state=gameplay-save free_internal=67108864 free_dma=67108864 largest_dma=67108864 largest_internal=67108864 requested_dma=512
110: [I][AlphaSave] NEWGAME_SAVE stage=write-ool-temp result=ok esp_err=ESP_OK errno=0 path=/sd/ultima5/saves/alpha1-s3-g1.ool.tmp stack_margin=32768
110: [I][AlphaSave] SD_HEAP operation=write-json-temp state=gameplay-save free_internal=67108864 free_dma=67108864 largest_dma=67108864 largest_internal=67108864 requested_dma=512
110: [I][AlphaSave] NEWGAME_SAVE stage=write-json-temp result=ok esp_err=ESP_OK errno=0 path=/sd/ultima5/saves/alpha1-s3-g1.json.tmp stack_margin=32768
110: [I][AlphaSave] SD_HEAP operation=crc-readback state=gameplay-save free_internal=67108864 free_dma=67108864 largest_dma=67108864 largest_internal=67108864 requested_dma=512
110: [I][AlphaSave] NEWGAME_SAVE stage=crc-readback result=ok esp_err=ESP_OK errno=0 path=/sd/ultima5/saves stack_margin=32768
110: [I][AlphaSave] NEWGAME_SAVE stage=rename-gam result=ok esp_err=ESP_OK errno=0 path=/sd/ultima5/saves/alpha1-s3-g1.gam stack_margin=32768
110: [I][AlphaSave] NEWGAME_SAVE stage=rename-ool result=ok esp_err=ESP_OK errno=0 path=/sd/ultima5/saves/alpha1-s3-g1.ool stack_margin=32768
110: [I][AlphaSave] NEWGAME_SAVE stage=rename-json result=ok esp_err=ESP_OK errno=0 path=/sd/ultima5/saves/alpha1-s3-g1.json stack_margin=32768
110: [I][AlphaSave] NEWGAME_SAVE stage=write-commit-temp result=ok esp_err=ESP_OK errno=0 path=/sd/ultima5/saves/alpha1-s3-g1.commit.tmp stack_margin=32768
110: [I][AlphaSave] NEWGAME_SAVE stage=rename-commit result=ok esp_err=ESP_OK errno=0 path=/sd/ultima5/saves/alpha1-s3-g1.commit stack_margin=32768
110: [I][AlphaSave] NEWGAME_SAVE stage=semantic-validation result=ok esp_err=ESP_OK errno=0 path=/sd/ultima5/saves/alpha1-s3-g1.commit stack_margin=32768
110: [I][AlphaSave] NEWGAME_SAVE stage=generation-final result=ok esp_err=ESP_OK errno=0 path=/sd/ultima5/saves/alpha1-s3-g1.commit stack_margin=32768
110: [I][AlphaSave] save generation=3 save_slot=2 slot=1 time=6 ms json=5877
110: [I][AlphaSave] SD_HEAP operation=dma-reserve-restored state=gameplay-save free_internal=67108864 free_dma=67108864 largest_dma=67108864 largest_internal=67108864 requested_dma=8192
110: [I][AlphaSave] SD_HEAP operation=release-reserved-dma state=save-catalog free_internal=67108864 free_dma=67108864 largest_dma=67108864 largest_internal=67108864 requested_dma=8192
110: [I][AlphaSave] SD_HEAP operation=sd-window-open state=save-catalog free_internal=67108864 free_dma=67108864 largest_dma=67108864 largest_internal=67108864 requested_dma=512
110: [I][AlphaSave] SAVE_CATALOG slot1=empty slot2=cached slot3=cached staged=0 bytes=96 commit_us=196 verify_us=0 total_us=242
110: [I][AlphaSave] SD_HEAP operation=dma-reserve-restored state=save-catalog free_internal=67108864 free_dma=67108864 largest_dma=67108864 largest_internal=67108864 requested_dma=8192
110: [I][AlphaSave] SD_HEAP operation=release-reserved-dma state=pc-import-marker free_internal=67108864 free_dma=67108864 largest_dma=67108864 largest_internal=67108864 requested_dma=8192
110: [I][AlphaSave] SD_HEAP operation=sd-window-open state=pc-import-marker free_internal=67108864 free_dma=67108864 largest_dma=67108864 largest_internal=67108864 requested_dma=512
110: [I][AlphaSave] SD_HEAP operation=dma-reserve-restored state=pc-import-marker free_internal=67108864 free_dma=67108864 largest_dma=67108864 largest_internal=67108864 requested_dma=8192
110: [I][AlphaRuntime] PC_IMPORT slot=2 location=17 frigates=0 horses=0 skiffs=1 search=0 ms=6
110: [I][AlphaSave] SD_HEAP operation=release-reserved-dma state=save-catalog free_internal=67108864 free_dma=67108864 largest_dma=67108864 largest_internal=67108864 requested_dma=8192
110: [I][AlphaSave] SD_HEAP operation=sd-window-open state=save-catalog free_internal=67108864 free_dma=67108864 largest_dma=67108864 largest_internal=67108864 requested_dma=512
110: [I][AlphaSave] SAVE_CATALOG slot1=empty slot2=cached slot3=cached staged=0 bytes=96 commit_us=154 verify_us=0 total_us=158
110: [I][AlphaSave] SD_HEAP operation=dma-reserve-restored state=save-catalog free_internal=67108864 free_dma=67108864 largest_dma=67108864 largest_internal=67108864 requested_dma=8192
110: [I][AlphaSave] SD_HEAP operation=release-reserved-dma state=pc-import-read free_internal=67108864 free_dma=67108864 largest_dma=67108864 largest_internal=67108864 requested_dma=8192
110: [I][AlphaSave] SD_HEAP operation=sd-window-open state=pc-import-read free_internal=67108864 free_dma=67108864 largest_dma=67108864 largest_internal=67108864 requested_dma=512
110: [I][AlphaSave] PC_IMPORT_READ gam=4192 ool=512
110: [I][AlphaSave] SD_HEAP operation=dma-reserve-restored state=pc-import-read free_internal=67108864 free_dma=67108864 largest_dma=67108864 largest_internal=67108864 requested_dma=8192
110: [I][AlphaSave] SD_HEAP operation=release-reserved-dma state=pc-import-marker free_internal=67108864 free_dma=67108864 largest_dma=67108864 largest_internal=67108864 requested_dma=8192
110: [I][AlphaSave] SD_HEAP operation=sd-window-open state=pc-import-marker free_internal=67108864 free_dma=67108864 largest_dma=67108864 largest_internal=67108864 requested_dma=512
110: [I][AlphaSave] SD_HEAP operation=dma-reserve-restored state=pc-import-marker free_internal=67108864 free_dma=67108864 largest_dma=67108864 largest_internal=67108864 requested_dma=8192
110: [I][AlphaRuntime] FRONTEND_INTENT intent=import-pc-save slot=2 ok=1 message="Imported into Slot 3. The PC files are kept"
110:   GREEN J15   a deliberate second import (Yes) is allowed and goes where the player chose
110: [I][AlphaRuntime] INPUT_EDGE raw=00,00,00,00,00 prev=00,00,00,00,00 matrix=0,0 physical=matrix-key edge=press mods=S0,A0,H0 printable=0d base=00 symbol=00 ui=inventory emitted=confirm action_char=0 shortcut=none
110: [I][AlphaRuntime] FRONTEND_INPUT raw=keyboard action=confirm char=0 accepted=1 state=error->error phase=name->name name=""->""
110: [I][AlphaRuntime] FRONTEND_STATE count=26 from=error to=error reason=input reconstructed=0
110: [I][AlphaRuntime] INPUT_EDGE raw=00,00,00,00,00 prev=00,00,00,00,00 matrix=0,0 physical=matrix-key edge=press mods=S0,A0,H0 printable=0d base=00 symbol=00 ui=inventory emitted=confirm action_char=0 shortcut=none
110: [I][AlphaRuntime] FRONTEND_INPUT raw=keyboard action=confirm char=0 accepted=1 state=error->error phase=name->name name=""->""
110: [I][AlphaRuntime] INPUT_EDGE raw=00,00,00,00,00 prev=00,00,00,00,00 matrix=0,0 physical=matrix-key edge=press mods=S0,A0,H0 printable=0d base=00 symbol=00 ui=inventory emitted=confirm action_char=0 shortcut=none
110: [I][AlphaRuntime] FRONTEND_INPUT raw=keyboard action=confirm char=0 accepted=1 state=error->error phase=name->name name=""->""
110:   GREEN J17   without leaving the page, Import at once asks "Import it again?" (the page was told where the files went); No writes nothing
110:   GREEN J16   after five imports and refusals the PC files are still byte for byte what was copied in
110: 
110: [F] failures during import leave the destination recoverable
110: [I][AlphaSave] SD_HEAP operation=release-reserved-dma state=gameplay-save free_internal=67108864 free_dma=67108864 largest_dma=67108864 largest_internal=67108864 requested_dma=8192
110: [I][AlphaSave] SD_HEAP operation=sd-window-open state=gameplay-save free_internal=67108864 free_dma=67108864 largest_dma=67108864 largest_internal=67108864 requested_dma=512
110: [I][AlphaSave] SAVE_SCRATCH psram_bytes=11888
110: [I][AlphaSave] NEWGAME_SAVE stage=create-root-directory result=ok esp_err=ESP_OK errno=0 path=/sd/ultima5 stack_margin=32768
110: [I][AlphaSave] NEWGAME_SAVE stage=create-save-directory result=ok esp_err=ESP_OK errno=0 path=/sd/ultima5/saves stack_margin=32768
110: [I][AlphaSave] SD_HEAP operation=free-space-before state=gameplay-save free_internal=67108864 free_dma=67108864 largest_dma=67108864 largest_internal=67108864 requested_dma=512
110: [I][AlphaSave] SD_HEAP operation=free-space-call-enter state=gameplay-save free_internal=67108864 free_dma=67108864 largest_dma=67108864 largest_internal=67108864 requested_dma=512
110: [I][AlphaSave] SD_HEAP operation=free-space-call-exit state=gameplay-save free_internal=67108864 free_dma=67108864 largest_dma=67108864 largest_internal=67108864 requested_dma=512
110: [I][AlphaSave] SD_HEAP operation=free-space-after state=gameplay-save free_internal=67108864 free_dma=67108864 largest_dma=67108864 largest_internal=67108864 requested_dma=512
110: [I][AlphaSave] SD_SPACE path=/sd api=esp_vfs_fat_info/f_getfree return=ESP_OK(0x0) errno=0 total_bytes=34359738368 free_bytes=8589934592 total_sectors=67108864 free_sectors=16777216 sector_bytes=512
110: [I][AlphaSave] NEWGAME_SAVE stage=free-space-query result=ok esp_err=ESP_OK errno=0 path=/sd stack_margin=32768
110: [I][AlphaSave] NEWGAME_SAVE stage=free-space result=ok esp_err=ESP_OK errno=0 path=/sd stack_margin=32768
110: [I][AlphaSave] SAVE_TARGET save_slot=1 newest=-1 accepted=0 slot=1 keep=-1 sequence=1
110: [I][AlphaSave] NEWGAME_SAVE stage=gam-encode result=ok esp_err=ESP_OK errno=0 path=INIT.GAM stack_margin=32768
110: [I][AlphaSave] NEWGAME_SAVE stage=ool-encode result=ok esp_err=ESP_OK errno=0 path=INIT.OOL stack_margin=32768
110: [I][AlphaSave] NEWGAME_SAVE stage=json-encode result=ok esp_err=ESP_OK errno=0 path=sidecar stack_margin=32768
110: [I][AlphaSave] SD_HEAP operation=write-gam-temp state=gameplay-save free_internal=67108864 free_dma=67108864 largest_dma=67108864 largest_internal=67108864 requested_dma=512
110: [I][AlphaSave] NEWGAME_SAVE stage=write-gam-temp result=ok esp_err=ESP_OK errno=0 path=/sd/ultima5/saves/alpha1-s2-g1.gam.tmp stack_margin=32768
110: [I][AlphaSave] SD_HEAP operation=write-ool-temp state=gameplay-save free_internal=67108864 free_dma=67108864 largest_dma=67108864 largest_internal=67108864 requested_dma=512
110: [I][AlphaSave] NEWGAME_SAVE stage=write-ool-temp result=ok esp_err=ESP_OK errno=0 path=/sd/ultima5/saves/alpha1-s2-g1.ool.tmp stack_margin=32768
110: [I][AlphaSave] SD_HEAP operation=write-json-temp state=gameplay-save free_internal=67108864 free_dma=67108864 largest_dma=67108864 largest_internal=67108864 requested_dma=512
110: [I][AlphaSave] NEWGAME_SAVE stage=write-json-temp result=ok esp_err=ESP_OK errno=0 path=/sd/ultima5/saves/alpha1-s2-g1.json.tmp stack_margin=32768
110: [I][AlphaSave] SD_HEAP operation=crc-readback state=gameplay-save free_internal=67108864 free_dma=67108864 largest_dma=67108864 largest_internal=67108864 requested_dma=512
110: [I][AlphaSave] NEWGAME_SAVE stage=crc-readback result=ok esp_err=ESP_OK errno=0 path=/sd/ultima5/saves stack_margin=32768
110: [I][AlphaSave] NEWGAME_SAVE stage=rename-gam result=ok esp_err=ESP_OK errno=0 path=/sd/ultima5/saves/alpha1-s2-g1.gam stack_margin=32768
110: [I][AlphaSave] NEWGAME_SAVE stage=rename-ool result=ok esp_err=ESP_OK errno=0 path=/sd/ultima5/saves/alpha1-s2-g1.ool stack_margin=32768
110: [I][AlphaSave] NEWGAME_SAVE stage=rename-json result=ok esp_err=ESP_OK errno=0 path=/sd/ultima5/saves/alpha1-s2-g1.json stack_margin=32768
110: [I][AlphaSave] NEWGAME_SAVE stage=write-commit-temp result=ok esp_err=ESP_OK errno=0 path=/sd/ultima5/saves/alpha1-s2-g1.commit.tmp stack_margin=32768
110: [I][AlphaSave] NEWGAME_SAVE stage=rename-commit result=ok esp_err=ESP_OK errno=0 path=/sd/ultima5/saves/alpha1-s2-g1.commit stack_margin=32768
110: [I][AlphaSave] NEWGAME_SAVE stage=semantic-validation result=ok esp_err=ESP_OK errno=0 path=/sd/ultima5/saves/alpha1-s2-g1.commit stack_margin=32768
110: [I][AlphaSave] NEWGAME_SAVE stage=generation-final result=ok esp_err=ESP_OK errno=0 path=/sd/ultima5/saves/alpha1-s2-g1.commit stack_margin=32768
110: [I][AlphaSave] save generation=1 save_slot=1 slot=1 time=6 ms json=1994
110: [I][AlphaSave] SD_HEAP operation=dma-reserve-restored state=gameplay-save free_internal=67108864 free_dma=67108864 largest_dma=67108864 largest_internal=67108864 requested_dma=8192
110: [I][AlphaRuntime] INPUT_EDGE raw=00,00,00,00,00 prev=00,00,00,00,00 matrix=0,0 physical=matrix-key edge=press mods=S0,A0,H0 printable=08 base=00 symbol=00 ui=inventory emitted=back action_char=0 shortcut=none
110: [I][AlphaRuntime] FRONTEND_INPUT raw=keyboard action=back char=0 accepted=1 state=error->error phase=name->name name=""->""
110: [I][AlphaRuntime] FRONTEND_STATE count=27 from=error to=error reason=input reconstructed=0
110: [I][AlphaRuntime] INPUT_EDGE raw=00,00,00,00,00 prev=00,00,00,00,00 matrix=0,0 physical=matrix-key edge=press mods=S0,A0,H0 printable=08 base=00 symbol=00 ui=inventory emitted=back action_char=0 shortcut=none
110: [I][AlphaRuntime] FRONTEND_INPUT raw=keyboard action=back char=0 accepted=1 state=error->menu phase=name->name name=""->""
110: [I][AlphaRuntime] FRONTEND_STATE count=28 from=error to=menu reason=input reconstructed=0
110: [I][AlphaRuntime] INPUT_EDGE raw=00,00,00,00,00 prev=00,00,00,00,00 matrix=0,0 physical=matrix-key edge=press mods=S0,A0,H0 printable=70 base=00 symbol=00 ui=inventory emitted=character action_char=112 shortcut=none
110: [I][AlphaRuntime] FRONTEND_INPUT raw=keyboard action=character char=112 accepted=1 state=menu->error phase=name->name name=""->""
110: [I][AlphaRuntime] FRONTEND_STATE count=29 from=menu to=error reason=input reconstructed=0
110: [I][AlphaRuntime] FRONTEND_INTENT intent=inspect-pc-saves storage_begin=1 phase=name name="" gender=0x0b stack_margin=32768
110: [I][AlphaSave] SD_HEAP operation=release-reserved-dma state=save-catalog free_internal=67108864 free_dma=67108864 largest_dma=67108864 largest_internal=67108864 requested_dma=8192
110: [I][AlphaSave] SD_HEAP operation=sd-window-open state=save-catalog free_internal=67108864 free_dma=67108864 largest_dma=67108864 largest_internal=67108864 requested_dma=512
110: [I][AlphaSave] SAVE_CATALOG slot1=empty slot2=cached slot3=empty staged=0 bytes=32 commit_us=123 verify_us=0 total_us=183
110: [I][AlphaSave] SD_HEAP operation=dma-reserve-restored state=save-catalog free_internal=67108864 free_dma=67108864 largest_dma=67108864 largest_internal=67108864 requested_dma=8192
110: [I][AlphaSave] SD_HEAP operation=release-reserved-dma state=pc-import-read free_internal=67108864 free_dma=67108864 largest_dma=67108864 largest_internal=67108864 requested_dma=8192
110: [I][AlphaSave] SD_HEAP operation=sd-window-open state=pc-import-read free_internal=67108864 free_dma=67108864 largest_dma=67108864 largest_internal=67108864 requested_dma=512
110: [I][AlphaSave] PC_IMPORT_READ gam=4192 ool=512
110: [I][AlphaSave] SD_HEAP operation=dma-reserve-restored state=pc-import-read free_internal=67108864 free_dma=67108864 largest_dma=67108864 largest_internal=67108864 requested_dma=8192
110: [I][AlphaSave] SD_HEAP operation=release-reserved-dma state=pc-import-marker free_internal=67108864 free_dma=67108864 largest_dma=67108864 largest_internal=67108864 requested_dma=8192
110: [I][AlphaSave] SD_HEAP operation=sd-window-open state=pc-import-marker free_internal=67108864 free_dma=67108864 largest_dma=67108864 largest_internal=67108864 requested_dma=512
110: [I][AlphaSave] SD_HEAP operation=dma-reserve-restored state=pc-import-marker free_internal=67108864 free_dma=67108864 largest_dma=67108864 largest_internal=67108864 requested_dma=8192
110: [I][AlphaRuntime] INPUT_EDGE raw=00,00,00,00,00 prev=00,00,00,00,00 matrix=0,0 physical=matrix-key edge=press mods=S0,A0,H0 printable=0d base=00 symbol=00 ui=inventory emitted=confirm action_char=0 shortcut=none
110: [I][AlphaRuntime] FRONTEND_INPUT raw=keyboard action=confirm char=0 accepted=1 state=error->error phase=name->name name=""->""
110: [I][AlphaRuntime] FRONTEND_STATE count=30 from=error to=error reason=input reconstructed=0
110: [I][AlphaRuntime] INPUT_EDGE raw=00,00,00,00,00 prev=00,00,00,00,00 matrix=0,0 physical=matrix-key edge=press mods=S0,A0,H0 printable=0d base=00 symbol=00 ui=inventory emitted=confirm action_char=0 shortcut=none
110: [I][AlphaRuntime] FRONTEND_INPUT raw=keyboard action=confirm char=0 accepted=1 state=error->error phase=name->name name=""->""
110: [I][AlphaRuntime] FRONTEND_INTENT intent=import-pc-save storage_begin=1 phase=name name="" gender=0x0b stack_margin=32768
110: [I][AlphaSave] SD_HEAP operation=release-reserved-dma state=pc-import-read free_internal=67108864 free_dma=67108864 largest_dma=67108864 largest_internal=67108864 requested_dma=8192
110: [I][AlphaSave] SD_HEAP operation=sd-window-open state=pc-import-read free_internal=67108864 free_dma=67108864 largest_dma=67108864 largest_internal=67108864 requested_dma=512
110: [I][AlphaSave] PC_IMPORT_READ gam=4192 ool=512
110: [I][AlphaSave] SD_HEAP operation=dma-reserve-restored state=pc-import-read free_internal=67108864 free_dma=67108864 largest_dma=67108864 largest_internal=67108864 requested_dma=8192
110: [I][AlphaSave] SD_HEAP operation=release-reserved-dma state=save-catalog free_internal=67108864 free_dma=67108864 largest_dma=67108864 largest_internal=67108864 requested_dma=8192
110: [I][AlphaSave] SD_HEAP operation=sd-window-open state=save-catalog free_internal=67108864 free_dma=67108864 largest_dma=67108864 largest_internal=67108864 requested_dma=512
110: [I][AlphaSave] SAVE_CATALOG slot1=empty slot2=cached slot3=empty staged=0 bytes=32 commit_us=137 verify_us=0 total_us=141
110: [I][AlphaSave] SD_HEAP operation=dma-reserve-restored state=save-catalog free_internal=67108864 free_dma=67108864 largest_dma=67108864 largest_internal=67108864 requested_dma=8192
110: [I][AlphaSave] SD_HEAP operation=release-reserved-dma state=pc-import-read free_internal=67108864 free_dma=67108864 largest_dma=67108864 largest_internal=67108864 requested_dma=8192
110: [I][AlphaSave] SD_HEAP operation=sd-window-open state=pc-import-read free_internal=67108864 free_dma=67108864 largest_dma=67108864 largest_internal=67108864 requested_dma=512
110: [I][AlphaSave] PC_IMPORT_READ gam=4192 ool=512
110: [I][AlphaSave] SD_HEAP operation=dma-reserve-restored state=pc-import-read free_internal=67108864 free_dma=67108864 largest_dma=67108864 largest_internal=67108864 requested_dma=8192
110: [I][AlphaRuntime] FRONTEND_INTENT intent=import-pc-save slot=0 ok=0 message="The PC save could not be read from SD"
110: [I][AlphaRuntime] INPUT_EDGE raw=00,00,00,00,00 prev=00,00,00,00,00 matrix=0,0 physical=matrix-key edge=press mods=S0,A0,H0 printable=20 base=00 symbol=00 ui=inventory emitted=character action_char=32 shortcut=none
110: [I][AlphaRuntime] FRONTEND_INPUT raw=keyboard action=character char=32 accepted=1 state=error->error phase=name->name name=""->""
110: [I][AlphaRuntime] FRONTEND_STATE count=31 from=error to=error reason=input reconstructed=0
110:   GREEN F1    an SD read failure: the error page ("The PC save could not be read from SD"), then back to PC Save Transfer; the card unchanged
110: [I][AlphaRuntime] INPUT_EDGE raw=00,00,00,00,00 prev=00,00,00,00,00 matrix=0,0 physical=matrix-key edge=press mods=S0,A0,H0 printable=08 base=00 symbol=00 ui=inventory emitted=back action_char=0 shortcut=none
110: [I][AlphaRuntime] FRONTEND_INPUT raw=keyboard action=back char=0 accepted=1 state=error->menu phase=name->name name=""->""
110: [I][AlphaRuntime] FRONTEND_STATE count=32 from=error to=menu reason=input reconstructed=0
110: [I][AlphaRuntime] INPUT_EDGE raw=00,00,00,00,00 prev=00,00,00,00,00 matrix=0,0 physical=matrix-key edge=press mods=S0,A0,H0 printable=70 base=00 symbol=00 ui=inventory emitted=character action_char=112 shortcut=none
110: [I][AlphaRuntime] FRONTEND_INPUT raw=keyboard action=character char=112 accepted=1 state=menu->error phase=name->name name=""->""
110: [I][AlphaRuntime] FRONTEND_STATE count=33 from=menu to=error reason=input reconstructed=0
110: [I][AlphaRuntime] FRONTEND_INTENT intent=inspect-pc-saves storage_begin=1 phase=name name="" gender=0x0b stack_margin=32768
110: [I][AlphaSave] SD_HEAP operation=release-reserved-dma state=save-catalog free_internal=67108864 free_dma=67108864 largest_dma=67108864 largest_internal=67108864 requested_dma=8192
110: [I][AlphaSave] SD_HEAP operation=sd-window-open state=save-catalog free_internal=67108864 free_dma=67108864 largest_dma=67108864 largest_internal=67108864 requested_dma=512
110: [I][AlphaSave] SAVE_CATALOG slot1=empty slot2=cached slot3=empty staged=0 bytes=32 commit_us=210 verify_us=0 total_us=218
110: [I][AlphaSave] SD_HEAP operation=dma-reserve-restored state=save-catalog free_internal=67108864 free_dma=67108864 largest_dma=67108864 largest_internal=67108864 requested_dma=8192
110: [I][AlphaSave] SD_HEAP operation=release-reserved-dma state=pc-import-read free_internal=67108864 free_dma=67108864 largest_dma=67108864 largest_internal=67108864 requested_dma=8192
110: [I][AlphaSave] SD_HEAP operation=sd-window-open state=pc-import-read free_internal=67108864 free_dma=67108864 largest_dma=67108864 largest_internal=67108864 requested_dma=512
110: [I][AlphaSave] PC_IMPORT_READ gam=4192 ool=512
110: [I][AlphaSave] SD_HEAP operation=dma-reserve-restored state=pc-import-read free_internal=67108864 free_dma=67108864 largest_dma=67108864 largest_internal=67108864 requested_dma=8192
110: [I][AlphaSave] SD_HEAP operation=release-reserved-dma state=pc-import-marker free_internal=67108864 free_dma=67108864 largest_dma=67108864 largest_internal=67108864 requested_dma=8192
110: [I][AlphaSave] SD_HEAP operation=sd-window-open state=pc-import-marker free_internal=67108864 free_dma=67108864 largest_dma=67108864 largest_internal=67108864 requested_dma=512
110: [I][AlphaSave] SD_HEAP operation=dma-reserve-restored state=pc-import-marker free_internal=67108864 free_dma=67108864 largest_dma=67108864 largest_internal=67108864 requested_dma=8192
110: [I][AlphaRuntime] INPUT_EDGE raw=00,00,00,00,00 prev=00,00,00,00,00 matrix=0,0 physical=matrix-key edge=press mods=S0,A0,H0 printable=0d base=00 symbol=00 ui=inventory emitted=confirm action_char=0 shortcut=none
110: [I][AlphaRuntime] FRONTEND_INPUT raw=keyboard action=confirm char=0 accepted=1 state=error->error phase=name->name name=""->""
110: [I][AlphaRuntime] FRONTEND_STATE count=34 from=error to=error reason=input reconstructed=0
110: [I][AlphaRuntime] FRONTEND_INPUT raw=trackball-down action=direction char=0 accepted=1 state=error->error phase=name->name name=""->""
110: [I][AlphaRuntime] INPUT_EDGE raw=00,00,00,00,00 prev=00,00,00,00,00 matrix=0,0 physical=matrix-key edge=press mods=S0,A0,H0 printable=0d base=00 symbol=00 ui=inventory emitted=confirm action_char=0 shortcut=none
110: [I][AlphaRuntime] FRONTEND_INPUT raw=keyboard action=confirm char=0 accepted=1 state=error->error phase=name->name name=""->""
110: [I][AlphaRuntime] FRONTEND_INPUT raw=trackball-down action=direction char=0 accepted=1 state=error->error phase=name->name name=""->""
110: [I][AlphaRuntime] INPUT_EDGE raw=00,00,00,00,00 prev=00,00,00,00,00 matrix=0,0 physical=matrix-key edge=press mods=S0,A0,H0 printable=0d base=00 symbol=00 ui=inventory emitted=confirm action_char=0 shortcut=none
110: [I][AlphaRuntime] FRONTEND_INPUT raw=keyboard action=confirm char=0 accepted=1 state=error->error phase=name->name name=""->""
110: [I][AlphaRuntime] FRONTEND_INTENT intent=import-pc-save storage_begin=1 phase=name name="" gender=0x0b stack_margin=32768
110: [I][AlphaSave] SD_HEAP operation=release-reserved-dma state=pc-import-read free_internal=67108864 free_dma=67108864 largest_dma=67108864 largest_internal=67108864 requested_dma=8192
110: [I][AlphaSave] SD_HEAP operation=sd-window-open state=pc-import-read free_internal=67108864 free_dma=67108864 largest_dma=67108864 largest_internal=67108864 requested_dma=512
110: [I][AlphaSave] PC_IMPORT_READ gam=4192 ool=512
110: [I][AlphaSave] SD_HEAP operation=dma-reserve-restored state=pc-import-read free_internal=67108864 free_dma=67108864 largest_dma=67108864 largest_internal=67108864 requested_dma=8192
110: [I][AlphaRuntime] U5OBJ CLEAR site=load-restore pool_before=0
110: [I][AlphaRuntime] WORLD_OBJECTS_RESTORE count=0
110: [I][AlphaRuntime] DUNGEON_RESTORE active=0 dungeon=33 depth=0
110: [I][AlphaRuntime] LOAD_TRANSIENT_RESET ui=explore->explore request=0 views=0 questions=0
110: [I][AlphaRuntime] U5OBJ SOURCE loc=17 floor=0 hour=3 table=found table_loc=17 count=32 slots=present tables=32 npc_dead=0x00000000 pool_before=0
110: [I][AlphaRuntime] U5OBJ SRC slot=23 index=23 type=1(0x01) tile=257 dialog=0 x=16,16,16 y=21,21,21 z=255,255,255 schedule=0,0,0,0 ai=0,0,0
110: [I][AlphaRuntime] U5OBJ SRC slot=24 index=24 type=1(0x01) tile=257 dialog=0 x=17,17,17 y=22,22,22 z=255,255,255 schedule=0,0,0,0 ai=0,0,0
110: [I][AlphaRuntime] U5OBJ SRC slot=25 index=25 type=1(0x01) tile=257 dialog=0 x=13,13,13 y=23,23,23 z=255,255,255 schedule=0,0,0,0 ai=0,0,0
110: [I][AlphaRuntime] U5OBJ SRC slot=28 index=28 type=30(0x1e) tile=286 dialog=0 x=9,9,9 y=9,9,9 z=255,255,255 schedule=0,0,0,0 ai=0,0,0
110: [I][AlphaRuntime] U5OBJ RESERVE request=32 current_size=0 current_capacity=32 object_bytes=68 need_bytes=2176 target_bytes=2176 free_internal=67108864 largest_internal=67108864 free_psram=67108864 largest_psram=67108864 free_default=67108864 guard=free_psram>=need+32768 result=1
110: [I][AlphaRuntime] U5OBJ RESERVE_DONE size=0 capacity=32 storage_heap=internal
110: [I][AlphaRuntime] U5OBJ HYDRATE slot=23 index=23 ACCEPT schedule=0 loc=17 floor=-1 x=16 y=21 tile=257 chest=1 prop=0 plot=0 item=8 contents=30 pool_index=1
110: [I][AlphaRuntime] CHEST_INSERT source=authored/hydrated loc=17 floor=-1 world_x=16 world_y=21 object_id=1 type=chest flags=none trap=0 contents=30 collection_count_before=1 after=2
110: [I][AlphaRuntime] U5OBJ HYDRATE slot=24 index=24 ACCEPT schedule=0 loc=17 floor=-1 x=17 y=22 tile=257 chest=1 prop=0 plot=0 item=8 contents=30 pool_index=2
110: [I][AlphaRuntime] CHEST_INSERT source=authored/hydrated loc=17 floor=-1 world_x=17 world_y=22 object_id=2 type=chest flags=none trap=0 contents=30 collection_count_before=2 after=3
110: [I][AlphaRuntime] U5OBJ HYDRATE slot=25 index=25 ACCEPT schedule=0 loc=17 floor=-1 x=13 y=23 tile=257 chest=1 prop=0 plot=0 item=8 contents=30 pool_index=3
110: [I][AlphaRuntime] CHEST_INSERT source=authored/hydrated loc=17 floor=-1 world_x=13 world_y=23 object_id=3 type=chest flags=none trap=0 contents=30 collection_count_before=3 after=4
110: [I][AlphaRuntime] U5OBJ HYDRATE slot=28 index=28 ACCEPT schedule=0 loc=17 floor=-1 x=9 y=9 tile=286 chest=0 prop=1 plot=0 item=8 contents=30 pool_index=4
110: [I][AlphaRuntime] U5OBJ POST_HYDRATE result=1 reason=ok pool_size=6 accepted=6 dropped=26 hydrate_calls=5
110: [I][AlphaRuntime] U5OBJ POST_HYDRATE_OBJ index=1 loc=17 floor=-1 x=16 y=21 tile=257 chest=1 prop=0 plot=0 item=8 loot=0 search=0 shadowlord=0 trapped=0 contents=30 slot=-1
110: [I][AlphaRuntime] U5OBJ POST_HYDRATE_OBJ index=2 loc=17 floor=-1 x=17 y=22 tile=257 chest=1 prop=0 plot=0 item=8 loot=0 search=0 shadowlord=0 trapped=0 contents=30 slot=-1
110: [I][AlphaRuntime] U5OBJ POST_HYDRATE_OBJ index=3 loc=17 floor=-1 x=13 y=23 tile=257 chest=1 prop=0 plot=0 item=8 loot=0 search=0 shadowlord=0 trapped=0 contents=30 slot=-1
110: [I][AlphaRuntime] U5OBJ POST_HYDRATE_OBJ index=4 loc=17 floor=-1 x=9 y=9 tile=286 chest=0 prop=1 plot=0 item=8 loot=0 search=0 shadowlord=0 trapped=0 contents=30 slot=-1
110: [I][AlphaSave] SD_HEAP operation=release-reserved-dma state=gameplay-save free_internal=67108864 free_dma=67108864 largest_dma=67108864 largest_internal=67108864 requested_dma=8192
110: [I][AlphaSave] SD_HEAP operation=sd-window-open state=gameplay-save free_internal=67108864 free_dma=67108864 largest_dma=67108864 largest_internal=67108864 requested_dma=512
110: [I][AlphaSave] NEWGAME_SAVE stage=create-root-directory result=ok esp_err=ESP_OK errno=0 path=/sd/ultima5 stack_margin=32768
110: [I][AlphaSave] NEWGAME_SAVE stage=create-save-directory result=ok esp_err=ESP_OK errno=0 path=/sd/ultima5/saves stack_margin=32768
110: [I][AlphaSave] SD_HEAP operation=free-space-before state=gameplay-save free_internal=67108864 free_dma=67108864 largest_dma=67108864 largest_internal=67108864 requested_dma=512
110: [I][AlphaSave] SD_HEAP operation=free-space-call-enter state=gameplay-save free_internal=67108864 free_dma=67108864 largest_dma=67108864 largest_internal=67108864 requested_dma=512
110: [I][AlphaSave] SD_HEAP operation=free-space-call-exit state=gameplay-save free_internal=67108864 free_dma=67108864 largest_dma=67108864 largest_internal=67108864 requested_dma=512
110: [I][AlphaSave] SD_HEAP operation=free-space-after state=gameplay-save free_internal=67108864 free_dma=67108864 largest_dma=67108864 largest_internal=67108864 requested_dma=512
110: [I][AlphaSave] SD_SPACE path=/sd api=esp_vfs_fat_info/f_getfree return=ESP_OK(0x0) errno=0 total_bytes=34359738368 free_bytes=8589934592 total_sectors=67108864 free_sectors=16777216 sector_bytes=512
110: [I][AlphaSave] NEWGAME_SAVE stage=free-space-query result=ok esp_err=ESP_OK errno=0 path=/sd stack_margin=32768
110: [I][AlphaSave] NEWGAME_SAVE stage=free-space result=ok esp_err=ESP_OK errno=0 path=/sd stack_margin=32768
110: [I][AlphaSave] SAVE_TARGET save_slot=1 newest=1 accepted=1 slot=0 keep=1 sequence=2
110: [I][AlphaSave] NEWGAME_SAVE stage=gam-encode result=ok esp_err=ESP_OK errno=0 path=INIT.GAM stack_margin=32768
110: [I][AlphaSave] NEWGAME_SAVE stage=ool-encode result=ok esp_err=ESP_OK errno=0 path=INIT.OOL stack_margin=32768
110: [I][AlphaSave] NEWGAME_SAVE stage=json-encode result=ok esp_err=ESP_OK errno=0 path=sidecar stack_margin=32768
110: [I][AlphaSave] SD_HEAP operation=write-gam-temp state=gameplay-save free_internal=67108864 free_dma=67108864 largest_dma=67108864 largest_internal=67108864 requested_dma=512
110: [I][AlphaSave] NEWGAME_SAVE stage=write-gam-temp result=fail esp_err=ESP_FAIL errno=5 path=/sd/ultima5/saves/alpha1-s2-g0.gam.tmp stack_margin=32768
110: [E][AlphaSave] slot 1 generation 0 save failed (errno=5); previous generation retained
110: [I][AlphaSave] save generation=2 save_slot=1 slot=0 time=2 ms json=5877
110: [I][AlphaSave] SD_HEAP operation=dma-reserve-restored state=gameplay-save free_internal=67108864 free_dma=67108864 largest_dma=67108864 largest_internal=67108864 requested_dma=8192
110: [W][AlphaRuntime] PC_IMPORT slot=1 failed: write-gam-temp failed (errno 5)
110: [I][AlphaSave] SD_HEAP operation=release-reserved-dma state=save-catalog free_internal=67108864 free_dma=67108864 largest_dma=67108864 largest_internal=67108864 requested_dma=8192
110: [I][AlphaSave] SD_HEAP operation=sd-window-open state=save-catalog free_internal=67108864 free_dma=67108864 largest_dma=67108864 largest_internal=67108864 requested_dma=512
110: [I][AlphaSave] SAVE_CATALOG slot1=empty slot2=cached slot3=empty staged=0 bytes=32 commit_us=112 verify_us=0 total_us=116
110: [I][AlphaSave] SD_HEAP operation=dma-reserve-restored state=save-catalog free_internal=67108864 free_dma=67108864 largest_dma=67108864 largest_internal=67108864 requested_dma=8192
110: [I][AlphaSave] SD_HEAP operation=release-reserved-dma state=pc-import-read free_internal=67108864 free_dma=67108864 largest_dma=67108864 largest_internal=67108864 requested_dma=8192
110: [I][AlphaSave] SD_HEAP operation=sd-window-open state=pc-import-read free_internal=67108864 free_dma=67108864 largest_dma=67108864 largest_internal=67108864 requested_dma=512
110: [I][AlphaSave] PC_IMPORT_READ gam=4192 ool=512
110: [I][AlphaSave] SD_HEAP operation=dma-reserve-restored state=pc-import-read free_internal=67108864 free_dma=67108864 largest_dma=67108864 largest_internal=67108864 requested_dma=8192
110: [I][AlphaSave] SD_HEAP operation=release-reserved-dma state=pc-import-marker free_internal=67108864 free_dma=67108864 largest_dma=67108864 largest_internal=67108864 requested_dma=8192
110: [I][AlphaSave] SD_HEAP operation=sd-window-open state=pc-import-marker free_internal=67108864 free_dma=67108864 largest_dma=67108864 largest_internal=67108864 requested_dma=512
110: [I][AlphaSave] SD_HEAP operation=dma-reserve-restored state=pc-import-marker free_internal=67108864 free_dma=67108864 largest_dma=67108864 largest_internal=67108864 requested_dma=8192
110: [I][AlphaRuntime] FRONTEND_INTENT intent=import-pc-save slot=1 ok=0 message="Import failed. Slot 2 is unchanged"
110: [I][AlphaRuntime] INPUT_EDGE raw=00,00,00,00,00 prev=00,00,00,00,00 matrix=0,0 physical=matrix-key edge=press mods=S0,A0,H0 printable=20 base=00 symbol=00 ui=inventory emitted=character action_char=32 shortcut=none
110: [I][AlphaRuntime] FRONTEND_INPUT raw=keyboard action=character char=32 accepted=1 state=error->error phase=name->name name=""->""
110: [I][AlphaRuntime] FRONTEND_STATE count=35 from=error to=error reason=input reconstructed=0
110: [I][AlphaSave] SD_HEAP operation=release-reserved-dma state=load-slot free_internal=67108864 free_dma=67108864 largest_dma=67108864 largest_internal=67108864 requested_dma=8192
110: [I][AlphaSave] SD_HEAP operation=sd-window-open state=load-slot free_internal=67108864 free_dma=67108864 largest_dma=67108864 largest_internal=67108864 requested_dma=512
110: [I][AlphaSave] SAVE_SCRATCH psram_bytes=11888
110: [I][AlphaSave] load save_slot=1 slot=1 time=2 ms status=0
110: [I][AlphaSave] SD_HEAP operation=dma-reserve-restored state=load-slot free_internal=67108864 free_dma=67108864 largest_dma=67108864 largest_internal=67108864 requested_dma=8192
110: [I][AlphaRuntime] INPUT_EDGE raw=00,00,00,00,00 prev=00,00,00,00,00 matrix=0,0 physical=matrix-key edge=press mods=S0,A0,H0 printable=08 base=00 symbol=00 ui=inventory emitted=back action_char=0 shortcut=none
110: [I][AlphaRuntime] FRONTEND_INPUT raw=keyboard action=back char=0 accepted=1 state=error->menu phase=name->name name=""->""
110: [I][AlphaRuntime] FRONTEND_STATE count=36 from=error to=menu reason=input reconstructed=0
110: [I][AlphaRuntime] INPUT_EDGE raw=00,00,00,00,00 prev=00,00,00,00,00 matrix=0,0 physical=matrix-key edge=press mods=S0,A0,H0 printable=70 base=00 symbol=00 ui=inventory emitted=character action_char=112 shortcut=none
110: [I][AlphaRuntime] FRONTEND_INPUT raw=keyboard action=character char=112 accepted=1 state=menu->error phase=name->name name=""->""
110: [I][AlphaRuntime] FRONTEND_STATE count=37 from=menu to=error reason=input reconstructed=0
110: [I][AlphaRuntime] FRONTEND_INTENT intent=inspect-pc-saves storage_begin=1 phase=name name="" gender=0x0b stack_margin=32768
110: [I][AlphaSave] SD_HEAP operation=release-reserved-dma state=save-catalog free_internal=67108864 free_dma=67108864 largest_dma=67108864 largest_internal=67108864 requested_dma=8192
110: [I][AlphaSave] SD_HEAP operation=sd-window-open state=save-catalog free_internal=67108864 free_dma=67108864 largest_dma=67108864 largest_internal=67108864 requested_dma=512
110: [I][AlphaSave] SAVE_CATALOG slot1=empty slot2=cached slot3=empty staged=0 bytes=32 commit_us=146 verify_us=0 total_us=154
110: [I][AlphaSave] SD_HEAP operation=dma-reserve-restored state=save-catalog free_internal=67108864 free_dma=67108864 largest_dma=67108864 largest_internal=67108864 requested_dma=8192
110: [I][AlphaSave] SD_HEAP operation=release-reserved-dma state=pc-import-read free_internal=67108864 free_dma=67108864 largest_dma=67108864 largest_internal=67108864 requested_dma=8192
110: [I][AlphaSave] SD_HEAP operation=sd-window-open state=pc-import-read free_internal=67108864 free_dma=67108864 largest_dma=67108864 largest_internal=67108864 requested_dma=512
110: [I][AlphaSave] PC_IMPORT_READ gam=4192 ool=512
110: [I][AlphaSave] SD_HEAP operation=dma-reserve-restored state=pc-import-read free_internal=67108864 free_dma=67108864 largest_dma=67108864 largest_internal=67108864 requested_dma=8192
110: [I][AlphaSave] SD_HEAP operation=release-reserved-dma state=pc-import-marker free_internal=67108864 free_dma=67108864 largest_dma=67108864 largest_internal=67108864 requested_dma=8192
110: [I][AlphaSave] SD_HEAP operation=sd-window-open state=pc-import-marker free_internal=67108864 free_dma=67108864 largest_dma=67108864 largest_internal=67108864 requested_dma=512
110: [I][AlphaSave] SD_HEAP operation=dma-reserve-restored state=pc-import-marker free_internal=67108864 free_dma=67108864 largest_dma=67108864 largest_internal=67108864 requested_dma=8192
110: [I][AlphaRuntime] INPUT_EDGE raw=00,00,00,00,00 prev=00,00,00,00,00 matrix=0,0 physical=matrix-key edge=press mods=S0,A0,H0 printable=0d base=00 symbol=00 ui=inventory emitted=confirm action_char=0 shortcut=none
110: [I][AlphaRuntime] FRONTEND_INPUT raw=keyboard action=confirm char=0 accepted=1 state=error->error phase=name->name name=""->""
110: [I][AlphaRuntime] FRONTEND_STATE count=38 from=error to=error reason=input reconstructed=0
110: [I][AlphaRuntime] FRONTEND_INPUT raw=trackball-down action=direction char=0 accepted=1 state=error->error phase=name->name name=""->""
110: [I][AlphaRuntime] INPUT_EDGE raw=00,00,00,00,00 prev=00,00,00,00,00 matrix=0,0 physical=matrix-key edge=press mods=S0,A0,H0 printable=0d base=00 symbol=00 ui=inventory emitted=confirm action_char=0 shortcut=none
110: [I][AlphaRuntime] FRONTEND_INPUT raw=keyboard action=confirm char=0 accepted=1 state=error->error phase=name->name name=""->""
110: [I][AlphaRuntime] FRONTEND_INPUT raw=trackball-down action=direction char=0 accepted=1 state=error->error phase=name->name name=""->""
110: [I][AlphaRuntime] INPUT_EDGE raw=00,00,00,00,00 prev=00,00,00,00,00 matrix=0,0 physical=matrix-key edge=press mods=S0,A0,H0 printable=0d base=00 symbol=00 ui=inventory emitted=confirm action_char=0 shortcut=none
110: [I][AlphaRuntime] FRONTEND_INPUT raw=keyboard action=confirm char=0 accepted=1 state=error->error phase=name->name name=""->""
110: [I][AlphaRuntime] FRONTEND_INTENT intent=import-pc-save storage_begin=1 phase=name name="" gender=0x0b stack_margin=32768
110: [I][AlphaSave] SD_HEAP operation=release-reserved-dma state=pc-import-read free_internal=67108864 free_dma=67108864 largest_dma=67108864 largest_internal=67108864 requested_dma=8192
110: [I][AlphaSave] SD_HEAP operation=sd-window-open state=pc-import-read free_internal=67108864 free_dma=67108864 largest_dma=67108864 largest_internal=67108864 requested_dma=512
110: [I][AlphaSave] PC_IMPORT_READ gam=4192 ool=512
110: [I][AlphaSave] SD_HEAP operation=dma-reserve-restored state=pc-import-read free_internal=67108864 free_dma=67108864 largest_dma=67108864 largest_internal=67108864 requested_dma=8192
110: [I][AlphaRuntime] U5OBJ CLEAR site=load-restore pool_before=0
110: [I][AlphaRuntime] WORLD_OBJECTS_RESTORE count=0
110: [I][AlphaRuntime] DUNGEON_RESTORE active=0 dungeon=33 depth=0
110: [I][AlphaRuntime] LOAD_TRANSIENT_RESET ui=explore->explore request=0 views=0 questions=0
110: [I][AlphaRuntime] U5OBJ SOURCE loc=17 floor=0 hour=3 table=found table_loc=17 count=32 slots=present tables=32 npc_dead=0x00000000 pool_before=0
110: [I][AlphaRuntime] U5OBJ SRC slot=23 index=23 type=1(0x01) tile=257 dialog=0 x=16,16,16 y=21,21,21 z=255,255,255 schedule=0,0,0,0 ai=0,0,0
110: [I][AlphaRuntime] U5OBJ SRC slot=24 index=24 type=1(0x01) tile=257 dialog=0 x=17,17,17 y=22,22,22 z=255,255,255 schedule=0,0,0,0 ai=0,0,0
110: [I][AlphaRuntime] U5OBJ SRC slot=25 index=25 type=1(0x01) tile=257 dialog=0 x=13,13,13 y=23,23,23 z=255,255,255 schedule=0,0,0,0 ai=0,0,0
110: [I][AlphaRuntime] U5OBJ SRC slot=28 index=28 type=30(0x1e) tile=286 dialog=0 x=9,9,9 y=9,9,9 z=255,255,255 schedule=0,0,0,0 ai=0,0,0
110: [I][AlphaRuntime] U5OBJ RESERVE request=32 current_size=0 current_capacity=32 object_bytes=68 need_bytes=2176 target_bytes=2176 free_internal=67108864 largest_internal=67108864 free_psram=67108864 largest_psram=67108864 free_default=67108864 guard=free_psram>=need+32768 result=1
110: [I][AlphaRuntime] U5OBJ RESERVE_DONE size=0 capacity=32 storage_heap=internal
110: [I][AlphaRuntime] U5OBJ HYDRATE slot=23 index=23 ACCEPT schedule=0 loc=17 floor=-1 x=16 y=21 tile=257 chest=1 prop=0 plot=0 item=8 contents=30 pool_index=1
110: [I][AlphaRuntime] CHEST_INSERT source=authored/hydrated loc=17 floor=-1 world_x=16 world_y=21 object_id=1 type=chest flags=none trap=0 contents=30 collection_count_before=1 after=2
110: [I][AlphaRuntime] U5OBJ HYDRATE slot=24 index=24 ACCEPT schedule=0 loc=17 floor=-1 x=17 y=22 tile=257 chest=1 prop=0 plot=0 item=8 contents=30 pool_index=2
110: [I][AlphaRuntime] CHEST_INSERT source=authored/hydrated loc=17 floor=-1 world_x=17 world_y=22 object_id=2 type=chest flags=none trap=0 contents=30 collection_count_before=2 after=3
110: [I][AlphaRuntime] U5OBJ HYDRATE slot=25 index=25 ACCEPT schedule=0 loc=17 floor=-1 x=13 y=23 tile=257 chest=1 prop=0 plot=0 item=8 contents=30 pool_index=3
110: [I][AlphaRuntime] CHEST_INSERT source=authored/hydrated loc=17 floor=-1 world_x=13 world_y=23 object_id=3 type=chest flags=none trap=0 contents=30 collection_count_before=3 after=4
110: [I][AlphaRuntime] U5OBJ HYDRATE slot=28 index=28 ACCEPT schedule=0 loc=17 floor=-1 x=9 y=9 tile=286 chest=0 prop=1 plot=0 item=8 contents=30 pool_index=4
110: [I][AlphaRuntime] U5OBJ POST_HYDRATE result=1 reason=ok pool_size=6 accepted=6 dropped=26 hydrate_calls=6
110: [I][AlphaRuntime] U5OBJ POST_HYDRATE_OBJ index=1 loc=17 floor=-1 x=16 y=21 tile=257 chest=1 prop=0 plot=0 item=8 loot=0 search=0 shadowlord=0 trapped=0 contents=30 slot=-1
110: [I][AlphaRuntime] U5OBJ POST_HYDRATE_OBJ index=2 loc=17 floor=-1 x=17 y=22 tile=257 chest=1 prop=0 plot=0 item=8 loot=0 search=0 shadowlord=0 trapped=0 contents=30 slot=-1
110: [I][AlphaRuntime] U5OBJ POST_HYDRATE_OBJ index=3 loc=17 floor=-1 x=13 y=23 tile=257 chest=1 prop=0 plot=0 item=8 loot=0 search=0 shadowlord=0 trapped=0 contents=30 slot=-1
110: [I][AlphaRuntime] U5OBJ POST_HYDRATE_OBJ index=4 loc=17 floor=-1 x=9 y=9 tile=286 chest=0 prop=1 plot=0 item=8 loot=0 search=0 shadowlord=0 trapped=0 contents=30 slot=-1
110: [I][AlphaSave] SD_HEAP operation=release-reserved-dma state=gameplay-save free_internal=67108864 free_dma=67108864 largest_dma=67108864 largest_internal=67108864 requested_dma=8192
110: [I][AlphaSave] SD_HEAP operation=sd-window-open state=gameplay-save free_internal=67108864 free_dma=67108864 largest_dma=67108864 largest_internal=67108864 requested_dma=512
110: [I][AlphaSave] NEWGAME_SAVE stage=create-root-directory result=ok esp_err=ESP_OK errno=0 path=/sd/ultima5 stack_margin=32768
110: [I][AlphaSave] NEWGAME_SAVE stage=create-save-directory result=ok esp_err=ESP_OK errno=0 path=/sd/ultima5/saves stack_margin=32768
110: [I][AlphaSave] SD_HEAP operation=free-space-before state=gameplay-save free_internal=67108864 free_dma=67108864 largest_dma=67108864 largest_internal=67108864 requested_dma=512
110: [I][AlphaSave] SD_HEAP operation=free-space-call-enter state=gameplay-save free_internal=67108864 free_dma=67108864 largest_dma=67108864 largest_internal=67108864 requested_dma=512
110: [I][AlphaSave] SD_HEAP operation=free-space-call-exit state=gameplay-save free_internal=67108864 free_dma=67108864 largest_dma=67108864 largest_internal=67108864 requested_dma=512
110: [I][AlphaSave] SD_HEAP operation=free-space-after state=gameplay-save free_internal=67108864 free_dma=67108864 largest_dma=67108864 largest_internal=67108864 requested_dma=512
110: [I][AlphaSave] SD_SPACE path=/sd api=esp_vfs_fat_info/f_getfree return=ESP_OK(0x0) errno=0 total_bytes=34359738368 free_bytes=8589934592 total_sectors=67108864 free_sectors=16777216 sector_bytes=512
110: [I][AlphaSave] NEWGAME_SAVE stage=free-space-query result=ok esp_err=ESP_OK errno=0 path=/sd stack_margin=32768
110: [I][AlphaSave] NEWGAME_SAVE stage=free-space result=ok esp_err=ESP_OK errno=0 path=/sd stack_margin=32768
110: [I][AlphaSave] SAVE_TARGET save_slot=1 newest=1 accepted=1 slot=0 keep=1 sequence=2
110: [I][AlphaSave] NEWGAME_SAVE stage=gam-encode result=ok esp_err=ESP_OK errno=0 path=INIT.GAM stack_margin=32768
110: [I][AlphaSave] NEWGAME_SAVE stage=ool-encode result=ok esp_err=ESP_OK errno=0 path=INIT.OOL stack_margin=32768
110: [I][AlphaSave] NEWGAME_SAVE stage=json-encode result=ok esp_err=ESP_OK errno=0 path=sidecar stack_margin=32768
110: [I][AlphaSave] SD_HEAP operation=write-gam-temp state=gameplay-save free_internal=67108864 free_dma=67108864 largest_dma=67108864 largest_internal=67108864 requested_dma=512
110: [I][AlphaSave] NEWGAME_SAVE stage=write-gam-temp result=ok esp_err=ESP_OK errno=0 path=/sd/ultima5/saves/alpha1-s2-g0.gam.tmp stack_margin=32768
110: [I][AlphaSave] SD_HEAP operation=write-ool-temp state=gameplay-save free_internal=67108864 free_dma=67108864 largest_dma=67108864 largest_internal=67108864 requested_dma=512
110: [I][AlphaSave] NEWGAME_SAVE stage=write-ool-temp result=fail esp_err=ESP_FAIL errno=5 path=/sd/ultima5/saves/alpha1-s2-g0.ool.tmp stack_margin=32768
110: [E][AlphaSave] slot 1 generation 0 save failed (errno=5); previous generation retained
110: [I][AlphaSave] save generation=2 save_slot=1 slot=0 time=2 ms json=5877
110: [I][AlphaSave] SD_HEAP operation=dma-reserve-restored state=gameplay-save free_internal=67108864 free_dma=67108864 largest_dma=67108864 largest_internal=67108864 requested_dma=8192
110: [W][AlphaRuntime] PC_IMPORT slot=1 failed: write-ool-temp failed (errno 5)
110: [I][AlphaSave] SD_HEAP operation=release-reserved-dma state=save-catalog free_internal=67108864 free_dma=67108864 largest_dma=67108864 largest_internal=67108864 requested_dma=8192
110: [I][AlphaSave] SD_HEAP operation=sd-window-open state=save-catalog free_internal=67108864 free_dma=67108864 largest_dma=67108864 largest_internal=67108864 requested_dma=512
110: [I][AlphaSave] SAVE_CATALOG slot1=empty slot2=cached slot3=empty staged=0 bytes=32 commit_us=146 verify_us=0 total_us=150
110: [I][AlphaSave] SD_HEAP operation=dma-reserve-restored state=save-catalog free_internal=67108864 free_dma=67108864 largest_dma=67108864 largest_internal=67108864 requested_dma=8192
110: [I][AlphaSave] SD_HEAP operation=release-reserved-dma state=pc-import-read free_internal=67108864 free_dma=67108864 largest_dma=67108864 largest_internal=67108864 requested_dma=8192
110: [I][AlphaSave] SD_HEAP operation=sd-window-open state=pc-import-read free_internal=67108864 free_dma=67108864 largest_dma=67108864 largest_internal=67108864 requested_dma=512
110: [I][AlphaSave] PC_IMPORT_READ gam=4192 ool=512
110: [I][AlphaSave] SD_HEAP operation=dma-reserve-restored state=pc-import-read free_internal=67108864 free_dma=67108864 largest_dma=67108864 largest_internal=67108864 requested_dma=8192
110: [I][AlphaSave] SD_HEAP operation=release-reserved-dma state=pc-import-marker free_internal=67108864 free_dma=67108864 largest_dma=67108864 largest_internal=67108864 requested_dma=8192
110: [I][AlphaSave] SD_HEAP operation=sd-window-open state=pc-import-marker free_internal=67108864 free_dma=67108864 largest_dma=67108864 largest_internal=67108864 requested_dma=512
110: [I][AlphaSave] SD_HEAP operation=dma-reserve-restored state=pc-import-marker free_internal=67108864 free_dma=67108864 largest_dma=67108864 largest_internal=67108864 requested_dma=8192
110: [I][AlphaRuntime] FRONTEND_INTENT intent=import-pc-save slot=1 ok=0 message="Import failed. Slot 2 is unchanged"
110: [I][AlphaRuntime] INPUT_EDGE raw=00,00,00,00,00 prev=00,00,00,00,00 matrix=0,0 physical=matrix-key edge=press mods=S0,A0,H0 printable=20 base=00 symbol=00 ui=inventory emitted=character action_char=32 shortcut=none
110: [I][AlphaRuntime] FRONTEND_INPUT raw=keyboard action=character char=32 accepted=1 state=error->error phase=name->name name=""->""
110: [I][AlphaRuntime] FRONTEND_STATE count=39 from=error to=error reason=input reconstructed=0
110: [I][AlphaSave] SD_HEAP operation=release-reserved-dma state=load-slot free_internal=67108864 free_dma=67108864 largest_dma=67108864 largest_internal=67108864 requested_dma=8192
110: [I][AlphaSave] SD_HEAP operation=sd-window-open state=load-slot free_internal=67108864 free_dma=67108864 largest_dma=67108864 largest_internal=67108864 requested_dma=512
110: [I][AlphaSave] SAVE_SCRATCH psram_bytes=11888
110: [I][AlphaSave] load save_slot=1 slot=1 time=1 ms status=0
110: [I][AlphaSave] SD_HEAP operation=dma-reserve-restored state=load-slot free_internal=67108864 free_dma=67108864 largest_dma=67108864 largest_internal=67108864 requested_dma=8192
110: [I][AlphaRuntime] INPUT_EDGE raw=00,00,00,00,00 prev=00,00,00,00,00 matrix=0,0 physical=matrix-key edge=press mods=S0,A0,H0 printable=08 base=00 symbol=00 ui=inventory emitted=back action_char=0 shortcut=none
110: [I][AlphaRuntime] FRONTEND_INPUT raw=keyboard action=back char=0 accepted=1 state=error->menu phase=name->name name=""->""
110: [I][AlphaRuntime] FRONTEND_STATE count=40 from=error to=menu reason=input reconstructed=0
110: [I][AlphaRuntime] INPUT_EDGE raw=00,00,00,00,00 prev=00,00,00,00,00 matrix=0,0 physical=matrix-key edge=press mods=S0,A0,H0 printable=70 base=00 symbol=00 ui=inventory emitted=character action_char=112 shortcut=none
110: [I][AlphaRuntime] FRONTEND_INPUT raw=keyboard action=character char=112 accepted=1 state=menu->error phase=name->name name=""->""
110: [I][AlphaRuntime] FRONTEND_STATE count=41 from=menu to=error reason=input reconstructed=0
110: [I][AlphaRuntime] FRONTEND_INTENT intent=inspect-pc-saves storage_begin=1 phase=name name="" gender=0x0b stack_margin=32768
110: [I][AlphaSave] SD_HEAP operation=release-reserved-dma state=save-catalog free_internal=67108864 free_dma=67108864 largest_dma=67108864 largest_internal=67108864 requested_dma=8192
110: [I][AlphaSave] SD_HEAP operation=sd-window-open state=save-catalog free_internal=67108864 free_dma=67108864 largest_dma=67108864 largest_internal=67108864 requested_dma=512
110: [I][AlphaSave] SAVE_CATALOG slot1=empty slot2=cached slot3=empty staged=0 bytes=32 commit_us=184 verify_us=0 total_us=191
110: [I][AlphaSave] SD_HEAP operation=dma-reserve-restored state=save-catalog free_internal=67108864 free_dma=67108864 largest_dma=67108864 largest_internal=67108864 requested_dma=8192
110: [I][AlphaSave] SD_HEAP operation=release-reserved-dma state=pc-import-read free_internal=67108864 free_dma=67108864 largest_dma=67108864 largest_internal=67108864 requested_dma=8192
110: [I][AlphaSave] SD_HEAP operation=sd-window-open state=pc-import-read free_internal=67108864 free_dma=67108864 largest_dma=67108864 largest_internal=67108864 requested_dma=512
110: [I][AlphaSave] PC_IMPORT_READ gam=4192 ool=512
110: [I][AlphaSave] SD_HEAP operation=dma-reserve-restored state=pc-import-read free_internal=67108864 free_dma=67108864 largest_dma=67108864 largest_internal=67108864 requested_dma=8192
110: [I][AlphaSave] SD_HEAP operation=release-reserved-dma state=pc-import-marker free_internal=67108864 free_dma=67108864 largest_dma=67108864 largest_internal=67108864 requested_dma=8192
110: [I][AlphaSave] SD_HEAP operation=sd-window-open state=pc-import-marker free_internal=67108864 free_dma=67108864 largest_dma=67108864 largest_internal=67108864 requested_dma=512
110: [I][AlphaSave] SD_HEAP operation=dma-reserve-restored state=pc-import-marker free_internal=67108864 free_dma=67108864 largest_dma=67108864 largest_internal=67108864 requested_dma=8192
110: [I][AlphaRuntime] INPUT_EDGE raw=00,00,00,00,00 prev=00,00,00,00,00 matrix=0,0 physical=matrix-key edge=press mods=S0,A0,H0 printable=0d base=00 symbol=00 ui=inventory emitted=confirm action_char=0 shortcut=none
110: [I][AlphaRuntime] FRONTEND_INPUT raw=keyboard action=confirm char=0 accepted=1 state=error->error phase=name->name name=""->""
110: [I][AlphaRuntime] FRONTEND_STATE count=42 from=error to=error reason=input reconstructed=0
110: [I][AlphaRuntime] FRONTEND_INPUT raw=trackball-down action=direction char=0 accepted=1 state=error->error phase=name->name name=""->""
110: [I][AlphaRuntime] INPUT_EDGE raw=00,00,00,00,00 prev=00,00,00,00,00 matrix=0,0 physical=matrix-key edge=press mods=S0,A0,H0 printable=0d base=00 symbol=00 ui=inventory emitted=confirm action_char=0 shortcut=none
110: [I][AlphaRuntime] FRONTEND_INPUT raw=keyboard action=confirm char=0 accepted=1 state=error->error phase=name->name name=""->""
110: [I][AlphaRuntime] FRONTEND_INPUT raw=trackball-down action=direction char=0 accepted=1 state=error->error phase=name->name name=""->""
110: [I][AlphaRuntime] INPUT_EDGE raw=00,00,00,00,00 prev=00,00,00,00,00 matrix=0,0 physical=matrix-key edge=press mods=S0,A0,H0 printable=0d base=00 symbol=00 ui=inventory emitted=confirm action_char=0 shortcut=none
110: [I][AlphaRuntime] FRONTEND_INPUT raw=keyboard action=confirm char=0 accepted=1 state=error->error phase=name->name name=""->""
110: [I][AlphaRuntime] FRONTEND_INTENT intent=import-pc-save storage_begin=1 phase=name name="" gender=0x0b stack_margin=32768
110: [I][AlphaSave] SD_HEAP operation=release-reserved-dma state=pc-import-read free_internal=67108864 free_dma=67108864 largest_dma=67108864 largest_internal=67108864 requested_dma=8192
110: [I][AlphaSave] SD_HEAP operation=sd-window-open state=pc-import-read free_internal=67108864 free_dma=67108864 largest_dma=67108864 largest_internal=67108864 requested_dma=512
110: [I][AlphaSave] PC_IMPORT_READ gam=4192 ool=512
110: [I][AlphaSave] SD_HEAP operation=dma-reserve-restored state=pc-import-read free_internal=67108864 free_dma=67108864 largest_dma=67108864 largest_internal=67108864 requested_dma=8192
110: [I][AlphaRuntime] U5OBJ CLEAR site=load-restore pool_before=0
110: [I][AlphaRuntime] WORLD_OBJECTS_RESTORE count=0
110: [I][AlphaRuntime] DUNGEON_RESTORE active=0 dungeon=33 depth=0
110: [I][AlphaRuntime] LOAD_TRANSIENT_RESET ui=explore->explore request=0 views=0 questions=0
110: [I][AlphaRuntime] U5OBJ SOURCE loc=17 floor=0 hour=3 table=found table_loc=17 count=32 slots=present tables=32 npc_dead=0x00000000 pool_before=0
110: [I][AlphaRuntime] U5OBJ SRC slot=23 index=23 type=1(0x01) tile=257 dialog=0 x=16,16,16 y=21,21,21 z=255,255,255 schedule=0,0,0,0 ai=0,0,0
110: [I][AlphaRuntime] U5OBJ SRC slot=24 index=24 type=1(0x01) tile=257 dialog=0 x=17,17,17 y=22,22,22 z=255,255,255 schedule=0,0,0,0 ai=0,0,0
110: [I][AlphaRuntime] U5OBJ SRC slot=25 index=25 type=1(0x01) tile=257 dialog=0 x=13,13,13 y=23,23,23 z=255,255,255 schedule=0,0,0,0 ai=0,0,0
110: [I][AlphaRuntime] U5OBJ SRC slot=28 index=28 type=30(0x1e) tile=286 dialog=0 x=9,9,9 y=9,9,9 z=255,255,255 schedule=0,0,0,0 ai=0,0,0
110: [I][AlphaRuntime] U5OBJ RESERVE request=32 current_size=0 current_capacity=32 object_bytes=68 need_bytes=2176 target_bytes=2176 free_internal=67108864 largest_internal=67108864 free_psram=67108864 largest_psram=67108864 free_default=67108864 guard=free_psram>=need+32768 result=1
110: [I][AlphaRuntime] U5OBJ RESERVE_DONE size=0 capacity=32 storage_heap=internal
110: [I][AlphaRuntime] U5OBJ HYDRATE slot=23 index=23 ACCEPT schedule=0 loc=17 floor=-1 x=16 y=21 tile=257 chest=1 prop=0 plot=0 item=8 contents=30 pool_index=1
110: [I][AlphaRuntime] CHEST_INSERT source=authored/hydrated loc=17 floor=-1 world_x=16 world_y=21 object_id=1 type=chest flags=none trap=0 contents=30 collection_count_before=1 after=2
110: [I][AlphaRuntime] U5OBJ HYDRATE slot=24 index=24 ACCEPT schedule=0 loc=17 floor=-1 x=17 y=22 tile=257 chest=1 prop=0 plot=0 item=8 contents=30 pool_index=2
110: [I][AlphaRuntime] CHEST_INSERT source=authored/hydrated loc=17 floor=-1 world_x=17 world_y=22 object_id=2 type=chest flags=none trap=0 contents=30 collection_count_before=2 after=3
110: [I][AlphaRuntime] U5OBJ HYDRATE slot=25 index=25 ACCEPT schedule=0 loc=17 floor=-1 x=13 y=23 tile=257 chest=1 prop=0 plot=0 item=8 contents=30 pool_index=3
110: [I][AlphaRuntime] CHEST_INSERT source=authored/hydrated loc=17 floor=-1 world_x=13 world_y=23 object_id=3 type=chest flags=none trap=0 contents=30 collection_count_before=3 after=4
110: [I][AlphaRuntime] U5OBJ HYDRATE slot=28 index=28 ACCEPT schedule=0 loc=17 floor=-1 x=9 y=9 tile=286 chest=0 prop=1 plot=0 item=8 contents=30 pool_index=4
110: [I][AlphaRuntime] U5OBJ POST_HYDRATE result=1 reason=ok pool_size=6 accepted=6 dropped=26 hydrate_calls=7
110: [I][AlphaRuntime] U5OBJ POST_HYDRATE_OBJ index=1 loc=17 floor=-1 x=16 y=21 tile=257 chest=1 prop=0 plot=0 item=8 loot=0 search=0 shadowlord=0 trapped=0 contents=30 slot=-1
110: [I][AlphaRuntime] U5OBJ POST_HYDRATE_OBJ index=2 loc=17 floor=-1 x=17 y=22 tile=257 chest=1 prop=0 plot=0 item=8 loot=0 search=0 shadowlord=0 trapped=0 contents=30 slot=-1
110: [I][AlphaRuntime] U5OBJ POST_HYDRATE_OBJ index=3 loc=17 floor=-1 x=13 y=23 tile=257 chest=1 prop=0 plot=0 item=8 loot=0 search=0 shadowlord=0 trapped=0 contents=30 slot=-1
110: [I][AlphaRuntime] U5OBJ POST_HYDRATE_OBJ index=4 loc=17 floor=-1 x=9 y=9 tile=286 chest=0 prop=1 plot=0 item=8 loot=0 search=0 shadowlord=0 trapped=0 contents=30 slot=-1
110: [I][AlphaSave] SD_HEAP operation=release-reserved-dma state=gameplay-save free_internal=67108864 free_dma=67108864 largest_dma=67108864 largest_internal=67108864 requested_dma=8192
110: [I][AlphaSave] SD_HEAP operation=sd-window-open state=gameplay-save free_internal=67108864 free_dma=67108864 largest_dma=67108864 largest_internal=67108864 requested_dma=512
110: [I][AlphaSave] NEWGAME_SAVE stage=create-root-directory result=ok esp_err=ESP_OK errno=0 path=/sd/ultima5 stack_margin=32768
110: [I][AlphaSave] NEWGAME_SAVE stage=create-save-directory result=ok esp_err=ESP_OK errno=0 path=/sd/ultima5/saves stack_margin=32768
110: [I][AlphaSave] SD_HEAP operation=free-space-before state=gameplay-save free_internal=67108864 free_dma=67108864 largest_dma=67108864 largest_internal=67108864 requested_dma=512
110: [I][AlphaSave] SD_HEAP operation=free-space-call-enter state=gameplay-save free_internal=67108864 free_dma=67108864 largest_dma=67108864 largest_internal=67108864 requested_dma=512
110: [I][AlphaSave] SD_HEAP operation=free-space-call-exit state=gameplay-save free_internal=67108864 free_dma=67108864 largest_dma=67108864 largest_internal=67108864 requested_dma=512
110: [I][AlphaSave] SD_HEAP operation=free-space-after state=gameplay-save free_internal=67108864 free_dma=67108864 largest_dma=67108864 largest_internal=67108864 requested_dma=512
110: [I][AlphaSave] SD_SPACE path=/sd api=esp_vfs_fat_info/f_getfree return=ESP_OK(0x0) errno=0 total_bytes=34359738368 free_bytes=8589934592 total_sectors=67108864 free_sectors=16777216 sector_bytes=512
110: [I][AlphaSave] NEWGAME_SAVE stage=free-space-query result=ok esp_err=ESP_OK errno=0 path=/sd stack_margin=32768
110: [I][AlphaSave] NEWGAME_SAVE stage=free-space result=ok esp_err=ESP_OK errno=0 path=/sd stack_margin=32768
110: [I][AlphaSave] SAVE_TARGET save_slot=1 newest=1 accepted=1 slot=0 keep=1 sequence=2
110: [I][AlphaSave] NEWGAME_SAVE stage=gam-encode result=ok esp_err=ESP_OK errno=0 path=INIT.GAM stack_margin=32768
110: [I][AlphaSave] NEWGAME_SAVE stage=ool-encode result=ok esp_err=ESP_OK errno=0 path=INIT.OOL stack_margin=32768
110: [I][AlphaSave] NEWGAME_SAVE stage=json-encode result=ok esp_err=ESP_OK errno=0 path=sidecar stack_margin=32768
110: [I][AlphaSave] SD_HEAP operation=write-gam-temp state=gameplay-save free_internal=67108864 free_dma=67108864 largest_dma=67108864 largest_internal=67108864 requested_dma=512
110: [I][AlphaSave] NEWGAME_SAVE stage=write-gam-temp result=ok esp_err=ESP_OK errno=0 path=/sd/ultima5/saves/alpha1-s2-g0.gam.tmp stack_margin=32768
110: [I][AlphaSave] SD_HEAP operation=write-ool-temp state=gameplay-save free_internal=67108864 free_dma=67108864 largest_dma=67108864 largest_internal=67108864 requested_dma=512
110: [I][AlphaSave] NEWGAME_SAVE stage=write-ool-temp result=ok esp_err=ESP_OK errno=0 path=/sd/ultima5/saves/alpha1-s2-g0.ool.tmp stack_margin=32768
110: [I][AlphaSave] SD_HEAP operation=write-json-temp state=gameplay-save free_internal=67108864 free_dma=67108864 largest_dma=67108864 largest_internal=67108864 requested_dma=512
110: [I][AlphaSave] NEWGAME_SAVE stage=write-json-temp result=fail esp_err=ESP_FAIL errno=5 path=/sd/ultima5/saves/alpha1-s2-g0.json.tmp stack_margin=32768
110: [E][AlphaSave] slot 1 generation 0 save failed (errno=5); previous generation retained
110: [I][AlphaSave] save generation=2 save_slot=1 slot=0 time=3 ms json=5877
110: [I][AlphaSave] SD_HEAP operation=dma-reserve-restored state=gameplay-save free_internal=67108864 free_dma=67108864 largest_dma=67108864 largest_internal=67108864 requested_dma=8192
110: [W][AlphaRuntime] PC_IMPORT slot=1 failed: write-json-temp failed (errno 5)
110: [I][AlphaSave] SD_HEAP operation=release-reserved-dma state=save-catalog free_internal=67108864 free_dma=67108864 largest_dma=67108864 largest_internal=67108864 requested_dma=8192
110: [I][AlphaSave] SD_HEAP operation=sd-window-open state=save-catalog free_internal=67108864 free_dma=67108864 largest_dma=67108864 largest_internal=67108864 requested_dma=512
110: [I][AlphaSave] SAVE_CATALOG slot1=empty slot2=cached slot3=empty staged=0 bytes=32 commit_us=114 verify_us=0 total_us=118
110: [I][AlphaSave] SD_HEAP operation=dma-reserve-restored state=save-catalog free_internal=67108864 free_dma=67108864 largest_dma=67108864 largest_internal=67108864 requested_dma=8192
110: [I][AlphaSave] SD_HEAP operation=release-reserved-dma state=pc-import-read free_internal=67108864 free_dma=67108864 largest_dma=67108864 largest_internal=67108864 requested_dma=8192
110: [I][AlphaSave] SD_HEAP operation=sd-window-open state=pc-import-read free_internal=67108864 free_dma=67108864 largest_dma=67108864 largest_internal=67108864 requested_dma=512
110: [I][AlphaSave] PC_IMPORT_READ gam=4192 ool=512
110: [I][AlphaSave] SD_HEAP operation=dma-reserve-restored state=pc-import-read free_internal=67108864 free_dma=67108864 largest_dma=67108864 largest_internal=67108864 requested_dma=8192
110: [I][AlphaSave] SD_HEAP operation=release-reserved-dma state=pc-import-marker free_internal=67108864 free_dma=67108864 largest_dma=67108864 largest_internal=67108864 requested_dma=8192
110: [I][AlphaSave] SD_HEAP operation=sd-window-open state=pc-import-marker free_internal=67108864 free_dma=67108864 largest_dma=67108864 largest_internal=67108864 requested_dma=512
110: [I][AlphaSave] SD_HEAP operation=dma-reserve-restored state=pc-import-marker free_internal=67108864 free_dma=67108864 largest_dma=67108864 largest_internal=67108864 requested_dma=8192
110: [I][AlphaRuntime] FRONTEND_INTENT intent=import-pc-save slot=1 ok=0 message="Import failed. Slot 2 is unchanged"
110: [I][AlphaRuntime] INPUT_EDGE raw=00,00,00,00,00 prev=00,00,00,00,00 matrix=0,0 physical=matrix-key edge=press mods=S0,A0,H0 printable=20 base=00 symbol=00 ui=inventory emitted=character action_char=32 shortcut=none
110: [I][AlphaRuntime] FRONTEND_INPUT raw=keyboard action=character char=32 accepted=1 state=error->error phase=name->name name=""->""
110: [I][AlphaRuntime] FRONTEND_STATE count=43 from=error to=error reason=input reconstructed=0
110: [I][AlphaSave] SD_HEAP operation=release-reserved-dma state=load-slot free_internal=67108864 free_dma=67108864 largest_dma=67108864 largest_internal=67108864 requested_dma=8192
110: [I][AlphaSave] SD_HEAP operation=sd-window-open state=load-slot free_internal=67108864 free_dma=67108864 largest_dma=67108864 largest_internal=67108864 requested_dma=512
110: [I][AlphaSave] SAVE_SCRATCH psram_bytes=11888
110: [I][AlphaSave] load save_slot=1 slot=1 time=2 ms status=0
110: [I][AlphaSave] SD_HEAP operation=dma-reserve-restored state=load-slot free_internal=67108864 free_dma=67108864 largest_dma=67108864 largest_internal=67108864 requested_dma=8192
110: [I][AlphaRuntime] INPUT_EDGE raw=00,00,00,00,00 prev=00,00,00,00,00 matrix=0,0 physical=matrix-key edge=press mods=S0,A0,H0 printable=08 base=00 symbol=00 ui=inventory emitted=back action_char=0 shortcut=none
110: [I][AlphaRuntime] FRONTEND_INPUT raw=keyboard action=back char=0 accepted=1 state=error->menu phase=name->name name=""->""
110: [I][AlphaRuntime] FRONTEND_STATE count=44 from=error to=menu reason=input reconstructed=0
110: [I][AlphaRuntime] INPUT_EDGE raw=00,00,00,00,00 prev=00,00,00,00,00 matrix=0,0 physical=matrix-key edge=press mods=S0,A0,H0 printable=70 base=00 symbol=00 ui=inventory emitted=character action_char=112 shortcut=none
110: [I][AlphaRuntime] FRONTEND_INPUT raw=keyboard action=character char=112 accepted=1 state=menu->error phase=name->name name=""->""
110: [I][AlphaRuntime] FRONTEND_STATE count=45 from=menu to=error reason=input reconstructed=0
110: [I][AlphaRuntime] FRONTEND_INTENT intent=inspect-pc-saves storage_begin=1 phase=name name="" gender=0x0b stack_margin=32768
110: [I][AlphaSave] SD_HEAP operation=release-reserved-dma state=save-catalog free_internal=67108864 free_dma=67108864 largest_dma=67108864 largest_internal=67108864 requested_dma=8192
110: [I][AlphaSave] SD_HEAP operation=sd-window-open state=save-catalog free_internal=67108864 free_dma=67108864 largest_dma=67108864 largest_internal=67108864 requested_dma=512
110: [I][AlphaSave] SAVE_CATALOG slot1=empty slot2=cached slot3=empty staged=0 bytes=32 commit_us=711 verify_us=0 total_us=720
110: [I][AlphaSave] SD_HEAP operation=dma-reserve-restored state=save-catalog free_internal=67108864 free_dma=67108864 largest_dma=67108864 largest_internal=67108864 requested_dma=8192
110: [I][AlphaSave] SD_HEAP operation=release-reserved-dma state=pc-import-read free_internal=67108864 free_dma=67108864 largest_dma=67108864 largest_internal=67108864 requested_dma=8192
110: [I][AlphaSave] SD_HEAP operation=sd-window-open state=pc-import-read free_internal=67108864 free_dma=67108864 largest_dma=67108864 largest_internal=67108864 requested_dma=512
110: [I][AlphaSave] PC_IMPORT_READ gam=4192 ool=512
110: [I][AlphaSave] SD_HEAP operation=dma-reserve-restored state=pc-import-read free_internal=67108864 free_dma=67108864 largest_dma=67108864 largest_internal=67108864 requested_dma=8192
110: [I][AlphaSave] SD_HEAP operation=release-reserved-dma state=pc-import-marker free_internal=67108864 free_dma=67108864 largest_dma=67108864 largest_internal=67108864 requested_dma=8192
110: [I][AlphaSave] SD_HEAP operation=sd-window-open state=pc-import-marker free_internal=67108864 free_dma=67108864 largest_dma=67108864 largest_internal=67108864 requested_dma=512
110: [I][AlphaSave] SD_HEAP operation=dma-reserve-restored state=pc-import-marker free_internal=67108864 free_dma=67108864 largest_dma=67108864 largest_internal=67108864 requested_dma=8192
110: [I][AlphaRuntime] INPUT_EDGE raw=00,00,00,00,00 prev=00,00,00,00,00 matrix=0,0 physical=matrix-key edge=press mods=S0,A0,H0 printable=0d base=00 symbol=00 ui=inventory emitted=confirm action_char=0 shortcut=none
110: [I][AlphaRuntime] FRONTEND_INPUT raw=keyboard action=confirm char=0 accepted=1 state=error->error phase=name->name name=""->""
110: [I][AlphaRuntime] FRONTEND_STATE count=46 from=error to=error reason=input reconstructed=0
110: [I][AlphaRuntime] FRONTEND_INPUT raw=trackball-down action=direction char=0 accepted=1 state=error->error phase=name->name name=""->""
110: [I][AlphaRuntime] INPUT_EDGE raw=00,00,00,00,00 prev=00,00,00,00,00 matrix=0,0 physical=matrix-key edge=press mods=S0,A0,H0 printable=0d base=00 symbol=00 ui=inventory emitted=confirm action_char=0 shortcut=none
110: [I][AlphaRuntime] FRONTEND_INPUT raw=keyboard action=confirm char=0 accepted=1 state=error->error phase=name->name name=""->""
110: [I][AlphaRuntime] FRONTEND_INPUT raw=trackball-down action=direction char=0 accepted=1 state=error->error phase=name->name name=""->""
110: [I][AlphaRuntime] INPUT_EDGE raw=00,00,00,00,00 prev=00,00,00,00,00 matrix=0,0 physical=matrix-key edge=press mods=S0,A0,H0 printable=0d base=00 symbol=00 ui=inventory emitted=confirm action_char=0 shortcut=none
110: [I][AlphaRuntime] FRONTEND_INPUT raw=keyboard action=confirm char=0 accepted=1 state=error->error phase=name->name name=""->""
110: [I][AlphaRuntime] FRONTEND_INTENT intent=import-pc-save storage_begin=1 phase=name name="" gender=0x0b stack_margin=32768
110: [I][AlphaSave] SD_HEAP operation=release-reserved-dma state=pc-import-read free_internal=67108864 free_dma=67108864 largest_dma=67108864 largest_internal=67108864 requested_dma=8192
110: [I][AlphaSave] SD_HEAP operation=sd-window-open state=pc-import-read free_internal=67108864 free_dma=67108864 largest_dma=67108864 largest_internal=67108864 requested_dma=512
110: [I][AlphaSave] PC_IMPORT_READ gam=4192 ool=512
110: [I][AlphaSave] SD_HEAP operation=dma-reserve-restored state=pc-import-read free_internal=67108864 free_dma=67108864 largest_dma=67108864 largest_internal=67108864 requested_dma=8192
110: [I][AlphaRuntime] U5OBJ CLEAR site=load-restore pool_before=0
110: [I][AlphaRuntime] WORLD_OBJECTS_RESTORE count=0
110: [I][AlphaRuntime] DUNGEON_RESTORE active=0 dungeon=33 depth=0
110: [I][AlphaRuntime] LOAD_TRANSIENT_RESET ui=explore->explore request=0 views=0 questions=0
110: [I][AlphaRuntime] U5OBJ SOURCE loc=17 floor=0 hour=3 table=found table_loc=17 count=32 slots=present tables=32 npc_dead=0x00000000 pool_before=0
110: [I][AlphaRuntime] U5OBJ SRC slot=23 index=23 type=1(0x01) tile=257 dialog=0 x=16,16,16 y=21,21,21 z=255,255,255 schedule=0,0,0,0 ai=0,0,0
110: [I][AlphaRuntime] U5OBJ SRC slot=24 index=24 type=1(0x01) tile=257 dialog=0 x=17,17,17 y=22,22,22 z=255,255,255 schedule=0,0,0,0 ai=0,0,0
110: [I][AlphaRuntime] U5OBJ SRC slot=25 index=25 type=1(0x01) tile=257 dialog=0 x=13,13,13 y=23,23,23 z=255,255,255 schedule=0,0,0,0 ai=0,0,0
110: [I][AlphaRuntime] U5OBJ SRC slot=28 index=28 type=30(0x1e) tile=286 dialog=0 x=9,9,9 y=9,9,9 z=255,255,255 schedule=0,0,0,0 ai=0,0,0
110: [I][AlphaRuntime] U5OBJ RESERVE request=32 current_size=0 current_capacity=32 object_bytes=68 need_bytes=2176 target_bytes=2176 free_internal=67108864 largest_internal=67108864 free_psram=67108864 largest_psram=67108864 free_default=67108864 guard=free_psram>=need+32768 result=1
110: [I][AlphaRuntime] U5OBJ RESERVE_DONE size=0 capacity=32 storage_heap=internal
110: [I][AlphaRuntime] U5OBJ HYDRATE slot=23 index=23 ACCEPT schedule=0 loc=17 floor=-1 x=16 y=21 tile=257 chest=1 prop=0 plot=0 item=8 contents=30 pool_index=1
110: [I][AlphaRuntime] CHEST_INSERT source=authored/hydrated loc=17 floor=-1 world_x=16 world_y=21 object_id=1 type=chest flags=none trap=0 contents=30 collection_count_before=1 after=2
110: [I][AlphaRuntime] U5OBJ HYDRATE slot=24 index=24 ACCEPT schedule=0 loc=17 floor=-1 x=17 y=22 tile=257 chest=1 prop=0 plot=0 item=8 contents=30 pool_index=2
110: [I][AlphaRuntime] CHEST_INSERT source=authored/hydrated loc=17 floor=-1 world_x=17 world_y=22 object_id=2 type=chest flags=none trap=0 contents=30 collection_count_before=2 after=3
110: [I][AlphaRuntime] U5OBJ HYDRATE slot=25 index=25 ACCEPT schedule=0 loc=17 floor=-1 x=13 y=23 tile=257 chest=1 prop=0 plot=0 item=8 contents=30 pool_index=3
110: [I][AlphaRuntime] CHEST_INSERT source=authored/hydrated loc=17 floor=-1 world_x=13 world_y=23 object_id=3 type=chest flags=none trap=0 contents=30 collection_count_before=3 after=4
110: [I][AlphaRuntime] U5OBJ HYDRATE slot=28 index=28 ACCEPT schedule=0 loc=17 floor=-1 x=9 y=9 tile=286 chest=0 prop=1 plot=0 item=8 contents=30 pool_index=4
110: [I][AlphaRuntime] U5OBJ POST_HYDRATE result=1 reason=ok pool_size=6 accepted=6 dropped=26 hydrate_calls=8
110: [I][AlphaRuntime] U5OBJ POST_HYDRATE_OBJ index=1 loc=17 floor=-1 x=16 y=21 tile=257 chest=1 prop=0 plot=0 item=8 loot=0 search=0 shadowlord=0 trapped=0 contents=30 slot=-1
110: [I][AlphaRuntime] U5OBJ POST_HYDRATE_OBJ index=2 loc=17 floor=-1 x=17 y=22 tile=257 chest=1 prop=0 plot=0 item=8 loot=0 search=0 shadowlord=0 trapped=0 contents=30 slot=-1
110: [I][AlphaRuntime] U5OBJ POST_HYDRATE_OBJ index=3 loc=17 floor=-1 x=13 y=23 tile=257 chest=1 prop=0 plot=0 item=8 loot=0 search=0 shadowlord=0 trapped=0 contents=30 slot=-1
110: [I][AlphaRuntime] U5OBJ POST_HYDRATE_OBJ index=4 loc=17 floor=-1 x=9 y=9 tile=286 chest=0 prop=1 plot=0 item=8 loot=0 search=0 shadowlord=0 trapped=0 contents=30 slot=-1
110: [I][AlphaSave] SD_HEAP operation=release-reserved-dma state=gameplay-save free_internal=67108864 free_dma=67108864 largest_dma=67108864 largest_internal=67108864 requested_dma=8192
110: [I][AlphaSave] SD_HEAP operation=sd-window-open state=gameplay-save free_internal=67108864 free_dma=67108864 largest_dma=67108864 largest_internal=67108864 requested_dma=512
110: [I][AlphaSave] NEWGAME_SAVE stage=create-root-directory result=ok esp_err=ESP_OK errno=0 path=/sd/ultima5 stack_margin=32768
110: [I][AlphaSave] NEWGAME_SAVE stage=create-save-directory result=ok esp_err=ESP_OK errno=0 path=/sd/ultima5/saves stack_margin=32768
110: [I][AlphaSave] SD_HEAP operation=free-space-before state=gameplay-save free_internal=67108864 free_dma=67108864 largest_dma=67108864 largest_internal=67108864 requested_dma=512
110: [I][AlphaSave] SD_HEAP operation=free-space-call-enter state=gameplay-save free_internal=67108864 free_dma=67108864 largest_dma=67108864 largest_internal=67108864 requested_dma=512
110: [I][AlphaSave] SD_HEAP operation=free-space-call-exit state=gameplay-save free_internal=67108864 free_dma=67108864 largest_dma=67108864 largest_internal=67108864 requested_dma=512
110: [I][AlphaSave] SD_HEAP operation=free-space-after state=gameplay-save free_internal=67108864 free_dma=67108864 largest_dma=67108864 largest_internal=67108864 requested_dma=512
110: [I][AlphaSave] SD_SPACE path=/sd api=esp_vfs_fat_info/f_getfree return=ESP_OK(0x0) errno=0 total_bytes=34359738368 free_bytes=8589934592 total_sectors=67108864 free_sectors=16777216 sector_bytes=512
110: [I][AlphaSave] NEWGAME_SAVE stage=free-space-query result=ok esp_err=ESP_OK errno=0 path=/sd stack_margin=32768
110: [I][AlphaSave] NEWGAME_SAVE stage=free-space result=ok esp_err=ESP_OK errno=0 path=/sd stack_margin=32768
110: [I][AlphaSave] SAVE_TARGET save_slot=1 newest=1 accepted=1 slot=0 keep=1 sequence=2
110: [I][AlphaSave] NEWGAME_SAVE stage=gam-encode result=ok esp_err=ESP_OK errno=0 path=INIT.GAM stack_margin=32768
110: [I][AlphaSave] NEWGAME_SAVE stage=ool-encode result=ok esp_err=ESP_OK errno=0 path=INIT.OOL stack_margin=32768
110: [I][AlphaSave] NEWGAME_SAVE stage=json-encode result=ok esp_err=ESP_OK errno=0 path=sidecar stack_margin=32768
110: [I][AlphaSave] SD_HEAP operation=write-gam-temp state=gameplay-save free_internal=67108864 free_dma=67108864 largest_dma=67108864 largest_internal=67108864 requested_dma=512
110: [I][AlphaSave] NEWGAME_SAVE stage=write-gam-temp result=ok esp_err=ESP_OK errno=0 path=/sd/ultima5/saves/alpha1-s2-g0.gam.tmp stack_margin=32768
110: [I][AlphaSave] SD_HEAP operation=write-ool-temp state=gameplay-save free_internal=67108864 free_dma=67108864 largest_dma=67108864 largest_internal=67108864 requested_dma=512
110: [I][AlphaSave] NEWGAME_SAVE stage=write-ool-temp result=ok esp_err=ESP_OK errno=0 path=/sd/ultima5/saves/alpha1-s2-g0.ool.tmp stack_margin=32768
110: [I][AlphaSave] SD_HEAP operation=write-json-temp state=gameplay-save free_internal=67108864 free_dma=67108864 largest_dma=67108864 largest_internal=67108864 requested_dma=512
110: [I][AlphaSave] NEWGAME_SAVE stage=write-json-temp result=ok esp_err=ESP_OK errno=0 path=/sd/ultima5/saves/alpha1-s2-g0.json.tmp stack_margin=32768
110: [I][AlphaSave] SD_HEAP operation=crc-readback state=gameplay-save free_internal=67108864 free_dma=67108864 largest_dma=67108864 largest_internal=67108864 requested_dma=512
110: [I][AlphaSave] NEWGAME_SAVE stage=crc-readback result=ok esp_err=ESP_OK errno=0 path=/sd/ultima5/saves stack_margin=32768
110: [I][AlphaSave] NEWGAME_SAVE stage=rename-gam result=fail esp_err=ESP_FAIL errno=5 path=/sd/ultima5/saves/alpha1-s2-g0.gam stack_margin=32768
110: [E][AlphaSave] slot 1 generation 0 save failed (errno=5); previous generation retained
110: [I][AlphaSave] save generation=2 save_slot=1 slot=0 time=3 ms json=5877
110: [I][AlphaSave] SD_HEAP operation=dma-reserve-restored state=gameplay-save free_internal=67108864 free_dma=67108864 largest_dma=67108864 largest_internal=67108864 requested_dma=8192
110: [W][AlphaRuntime] PC_IMPORT slot=1 failed: rename-gam failed (errno 5)
110: [I][AlphaSave] SD_HEAP operation=release-reserved-dma state=save-catalog free_internal=67108864 free_dma=67108864 largest_dma=67108864 largest_internal=67108864 requested_dma=8192
110: [I][AlphaSave] SD_HEAP operation=sd-window-open state=save-catalog free_internal=67108864 free_dma=67108864 largest_dma=67108864 largest_internal=67108864 requested_dma=512
110: [I][AlphaSave] SAVE_CATALOG slot1=empty slot2=cached slot3=empty staged=0 bytes=32 commit_us=114 verify_us=0 total_us=118
110: [I][AlphaSave] SD_HEAP operation=dma-reserve-restored state=save-catalog free_internal=67108864 free_dma=67108864 largest_dma=67108864 largest_internal=67108864 requested_dma=8192
110: [I][AlphaSave] SD_HEAP operation=release-reserved-dma state=pc-import-read free_internal=67108864 free_dma=67108864 largest_dma=67108864 largest_internal=67108864 requested_dma=8192
110: [I][AlphaSave] SD_HEAP operation=sd-window-open state=pc-import-read free_internal=67108864 free_dma=67108864 largest_dma=67108864 largest_internal=67108864 requested_dma=512
110: [I][AlphaSave] PC_IMPORT_READ gam=4192 ool=512
110: [I][AlphaSave] SD_HEAP operation=dma-reserve-restored state=pc-import-read free_internal=67108864 free_dma=67108864 largest_dma=67108864 largest_internal=67108864 requested_dma=8192
110: [I][AlphaSave] SD_HEAP operation=release-reserved-dma state=pc-import-marker free_internal=67108864 free_dma=67108864 largest_dma=67108864 largest_internal=67108864 requested_dma=8192
110: [I][AlphaSave] SD_HEAP operation=sd-window-open state=pc-import-marker free_internal=67108864 free_dma=67108864 largest_dma=67108864 largest_internal=67108864 requested_dma=512
110: [I][AlphaSave] SD_HEAP operation=dma-reserve-restored state=pc-import-marker free_internal=67108864 free_dma=67108864 largest_dma=67108864 largest_internal=67108864 requested_dma=8192
110: [I][AlphaRuntime] FRONTEND_INTENT intent=import-pc-save slot=1 ok=0 message="Import failed. Slot 2 is unchanged"
110: [I][AlphaRuntime] INPUT_EDGE raw=00,00,00,00,00 prev=00,00,00,00,00 matrix=0,0 physical=matrix-key edge=press mods=S0,A0,H0 printable=20 base=00 symbol=00 ui=inventory emitted=character action_char=32 shortcut=none
110: [I][AlphaRuntime] FRONTEND_INPUT raw=keyboard action=character char=32 accepted=1 state=error->error phase=name->name name=""->""
110: [I][AlphaRuntime] FRONTEND_STATE count=47 from=error to=error reason=input reconstructed=0
110: [I][AlphaSave] SD_HEAP operation=release-reserved-dma state=load-slot free_internal=67108864 free_dma=67108864 largest_dma=67108864 largest_internal=67108864 requested_dma=8192
110: [I][AlphaSave] SD_HEAP operation=sd-window-open state=load-slot free_internal=67108864 free_dma=67108864 largest_dma=67108864 largest_internal=67108864 requested_dma=512
110: [I][AlphaSave] SAVE_SCRATCH psram_bytes=11888
110: [I][AlphaSave] load save_slot=1 slot=1 time=2 ms status=0
110: [I][AlphaSave] SD_HEAP operation=dma-reserve-restored state=load-slot free_internal=67108864 free_dma=67108864 largest_dma=67108864 largest_internal=67108864 requested_dma=8192
110: [I][AlphaRuntime] INPUT_EDGE raw=00,00,00,00,00 prev=00,00,00,00,00 matrix=0,0 physical=matrix-key edge=press mods=S0,A0,H0 printable=08 base=00 symbol=00 ui=inventory emitted=back action_char=0 shortcut=none
110: [I][AlphaRuntime] FRONTEND_INPUT raw=keyboard action=back char=0 accepted=1 state=error->menu phase=name->name name=""->""
110: [I][AlphaRuntime] FRONTEND_STATE count=48 from=error to=menu reason=input reconstructed=0
110: [I][AlphaRuntime] INPUT_EDGE raw=00,00,00,00,00 prev=00,00,00,00,00 matrix=0,0 physical=matrix-key edge=press mods=S0,A0,H0 printable=70 base=00 symbol=00 ui=inventory emitted=character action_char=112 shortcut=none
110: [I][AlphaRuntime] FRONTEND_INPUT raw=keyboard action=character char=112 accepted=1 state=menu->error phase=name->name name=""->""
110: [I][AlphaRuntime] FRONTEND_STATE count=49 from=menu to=error reason=input reconstructed=0
110: [I][AlphaRuntime] FRONTEND_INTENT intent=inspect-pc-saves storage_begin=1 phase=name name="" gender=0x0b stack_margin=32768
110: [I][AlphaSave] SD_HEAP operation=release-reserved-dma state=save-catalog free_internal=67108864 free_dma=67108864 largest_dma=67108864 largest_internal=67108864 requested_dma=8192
110: [I][AlphaSave] SD_HEAP operation=sd-window-open state=save-catalog free_internal=67108864 free_dma=67108864 largest_dma=67108864 largest_internal=67108864 requested_dma=512
110: [I][AlphaSave] SAVE_CATALOG slot1=empty slot2=cached slot3=empty staged=0 bytes=32 commit_us=189 verify_us=0 total_us=196
110: [I][AlphaSave] SD_HEAP operation=dma-reserve-restored state=save-catalog free_internal=67108864 free_dma=67108864 largest_dma=67108864 largest_internal=67108864 requested_dma=8192
110: [I][AlphaSave] SD_HEAP operation=release-reserved-dma state=pc-import-read free_internal=67108864 free_dma=67108864 largest_dma=67108864 largest_internal=67108864 requested_dma=8192
110: [I][AlphaSave] SD_HEAP operation=sd-window-open state=pc-import-read free_internal=67108864 free_dma=67108864 largest_dma=67108864 largest_internal=67108864 requested_dma=512
110: [I][AlphaSave] PC_IMPORT_READ gam=4192 ool=512
110: [I][AlphaSave] SD_HEAP operation=dma-reserve-restored state=pc-import-read free_internal=67108864 free_dma=67108864 largest_dma=67108864 largest_internal=67108864 requested_dma=8192
110: [I][AlphaSave] SD_HEAP operation=release-reserved-dma state=pc-import-marker free_internal=67108864 free_dma=67108864 largest_dma=67108864 largest_internal=67108864 requested_dma=8192
110: [I][AlphaSave] SD_HEAP operation=sd-window-open state=pc-import-marker free_internal=67108864 free_dma=67108864 largest_dma=67108864 largest_internal=67108864 requested_dma=512
110: [I][AlphaSave] SD_HEAP operation=dma-reserve-restored state=pc-import-marker free_internal=67108864 free_dma=67108864 largest_dma=67108864 largest_internal=67108864 requested_dma=8192
110: [I][AlphaRuntime] INPUT_EDGE raw=00,00,00,00,00 prev=00,00,00,00,00 matrix=0,0 physical=matrix-key edge=press mods=S0,A0,H0 printable=0d base=00 symbol=00 ui=inventory emitted=confirm action_char=0 shortcut=none
110: [I][AlphaRuntime] FRONTEND_INPUT raw=keyboard action=confirm char=0 accepted=1 state=error->error phase=name->name name=""->""
110: [I][AlphaRuntime] FRONTEND_STATE count=50 from=error to=error reason=input reconstructed=0
110: [I][AlphaRuntime] FRONTEND_INPUT raw=trackball-down action=direction char=0 accepted=1 state=error->error phase=name->name name=""->""
110: [I][AlphaRuntime] INPUT_EDGE raw=00,00,00,00,00 prev=00,00,00,00,00 matrix=0,0 physical=matrix-key edge=press mods=S0,A0,H0 printable=0d base=00 symbol=00 ui=inventory emitted=confirm action_char=0 shortcut=none
110: [I][AlphaRuntime] FRONTEND_INPUT raw=keyboard action=confirm char=0 accepted=1 state=error->error phase=name->name name=""->""
110: [I][AlphaRuntime] FRONTEND_INPUT raw=trackball-down action=direction char=0 accepted=1 state=error->error phase=name->name name=""->""
110: [I][AlphaRuntime] INPUT_EDGE raw=00,00,00,00,00 prev=00,00,00,00,00 matrix=0,0 physical=matrix-key edge=press mods=S0,A0,H0 printable=0d base=00 symbol=00 ui=inventory emitted=confirm action_char=0 shortcut=none
110: [I][AlphaRuntime] FRONTEND_INPUT raw=keyboard action=confirm char=0 accepted=1 state=error->error phase=name->name name=""->""
110: [I][AlphaRuntime] FRONTEND_INTENT intent=import-pc-save storage_begin=1 phase=name name="" gender=0x0b stack_margin=32768
110: [I][AlphaSave] SD_HEAP operation=release-reserved-dma state=pc-import-read free_internal=67108864 free_dma=67108864 largest_dma=67108864 largest_internal=67108864 requested_dma=8192
110: [I][AlphaSave] SD_HEAP operation=sd-window-open state=pc-import-read free_internal=67108864 free_dma=67108864 largest_dma=67108864 largest_internal=67108864 requested_dma=512
110: [I][AlphaSave] PC_IMPORT_READ gam=4192 ool=512
110: [I][AlphaSave] SD_HEAP operation=dma-reserve-restored state=pc-import-read free_internal=67108864 free_dma=67108864 largest_dma=67108864 largest_internal=67108864 requested_dma=8192
110: [I][AlphaRuntime] U5OBJ CLEAR site=load-restore pool_before=0
110: [I][AlphaRuntime] WORLD_OBJECTS_RESTORE count=0
110: [I][AlphaRuntime] DUNGEON_RESTORE active=0 dungeon=33 depth=0
110: [I][AlphaRuntime] LOAD_TRANSIENT_RESET ui=explore->explore request=0 views=0 questions=0
110: [I][AlphaRuntime] U5OBJ SOURCE loc=17 floor=0 hour=3 table=found table_loc=17 count=32 slots=present tables=32 npc_dead=0x00000000 pool_before=0
110: [I][AlphaRuntime] U5OBJ SRC slot=23 index=23 type=1(0x01) tile=257 dialog=0 x=16,16,16 y=21,21,21 z=255,255,255 schedule=0,0,0,0 ai=0,0,0
110: [I][AlphaRuntime] U5OBJ SRC slot=24 index=24 type=1(0x01) tile=257 dialog=0 x=17,17,17 y=22,22,22 z=255,255,255 schedule=0,0,0,0 ai=0,0,0
110: [I][AlphaRuntime] U5OBJ SRC slot=25 index=25 type=1(0x01) tile=257 dialog=0 x=13,13,13 y=23,23,23 z=255,255,255 schedule=0,0,0,0 ai=0,0,0
110: [I][AlphaRuntime] U5OBJ SRC slot=28 index=28 type=30(0x1e) tile=286 dialog=0 x=9,9,9 y=9,9,9 z=255,255,255 schedule=0,0,0,0 ai=0,0,0
110: [I][AlphaRuntime] U5OBJ RESERVE request=32 current_size=0 current_capacity=32 object_bytes=68 need_bytes=2176 target_bytes=2176 free_internal=67108864 largest_internal=67108864 free_psram=67108864 largest_psram=67108864 free_default=67108864 guard=free_psram>=need+32768 result=1
110: [I][AlphaRuntime] U5OBJ RESERVE_DONE size=0 capacity=32 storage_heap=internal
110: [I][AlphaRuntime] U5OBJ HYDRATE slot=23 index=23 ACCEPT schedule=0 loc=17 floor=-1 x=16 y=21 tile=257 chest=1 prop=0 plot=0 item=8 contents=30 pool_index=1
110: [I][AlphaRuntime] CHEST_INSERT source=authored/hydrated loc=17 floor=-1 world_x=16 world_y=21 object_id=1 type=chest flags=none trap=0 contents=30 collection_count_before=1 after=2
110: [I][AlphaRuntime] U5OBJ HYDRATE slot=24 index=24 ACCEPT schedule=0 loc=17 floor=-1 x=17 y=22 tile=257 chest=1 prop=0 plot=0 item=8 contents=30 pool_index=2
110: [I][AlphaRuntime] CHEST_INSERT source=authored/hydrated loc=17 floor=-1 world_x=17 world_y=22 object_id=2 type=chest flags=none trap=0 contents=30 collection_count_before=2 after=3
110: [I][AlphaRuntime] U5OBJ HYDRATE slot=25 index=25 ACCEPT schedule=0 loc=17 floor=-1 x=13 y=23 tile=257 chest=1 prop=0 plot=0 item=8 contents=30 pool_index=3
110: [I][AlphaRuntime] CHEST_INSERT source=authored/hydrated loc=17 floor=-1 world_x=13 world_y=23 object_id=3 type=chest flags=none trap=0 contents=30 collection_count_before=3 after=4
110: [I][AlphaRuntime] U5OBJ HYDRATE slot=28 index=28 ACCEPT schedule=0 loc=17 floor=-1 x=9 y=9 tile=286 chest=0 prop=1 plot=0 item=8 contents=30 pool_index=4
110: [I][AlphaRuntime] U5OBJ POST_HYDRATE result=1 reason=ok pool_size=6 accepted=6 dropped=26 hydrate_calls=9
110: [I][AlphaRuntime] U5OBJ POST_HYDRATE_OBJ index=1 loc=17 floor=-1 x=16 y=21 tile=257 chest=1 prop=0 plot=0 item=8 loot=0 search=0 shadowlord=0 trapped=0 contents=30 slot=-1
110: [I][AlphaRuntime] U5OBJ POST_HYDRATE_OBJ index=2 loc=17 floor=-1 x=17 y=22 tile=257 chest=1 prop=0 plot=0 item=8 loot=0 search=0 shadowlord=0 trapped=0 contents=30 slot=-1
110: [I][AlphaRuntime] U5OBJ POST_HYDRATE_OBJ index=3 loc=17 floor=-1 x=13 y=23 tile=257 chest=1 prop=0 plot=0 item=8 loot=0 search=0 shadowlord=0 trapped=0 contents=30 slot=-1
110: [I][AlphaRuntime] U5OBJ POST_HYDRATE_OBJ index=4 loc=17 floor=-1 x=9 y=9 tile=286 chest=0 prop=1 plot=0 item=8 loot=0 search=0 shadowlord=0 trapped=0 contents=30 slot=-1
110: [I][AlphaSave] SD_HEAP operation=release-reserved-dma state=gameplay-save free_internal=67108864 free_dma=67108864 largest_dma=67108864 largest_internal=67108864 requested_dma=8192
110: [I][AlphaSave] SD_HEAP operation=sd-window-open state=gameplay-save free_internal=67108864 free_dma=67108864 largest_dma=67108864 largest_internal=67108864 requested_dma=512
110: [I][AlphaSave] NEWGAME_SAVE stage=create-root-directory result=ok esp_err=ESP_OK errno=0 path=/sd/ultima5 stack_margin=32768
110: [I][AlphaSave] NEWGAME_SAVE stage=create-save-directory result=ok esp_err=ESP_OK errno=0 path=/sd/ultima5/saves stack_margin=32768
110: [I][AlphaSave] SD_HEAP operation=free-space-before state=gameplay-save free_internal=67108864 free_dma=67108864 largest_dma=67108864 largest_internal=67108864 requested_dma=512
110: [I][AlphaSave] SD_HEAP operation=free-space-call-enter state=gameplay-save free_internal=67108864 free_dma=67108864 largest_dma=67108864 largest_internal=67108864 requested_dma=512
110: [I][AlphaSave] SD_HEAP operation=free-space-call-exit state=gameplay-save free_internal=67108864 free_dma=67108864 largest_dma=67108864 largest_internal=67108864 requested_dma=512
110: [I][AlphaSave] SD_HEAP operation=free-space-after state=gameplay-save free_internal=67108864 free_dma=67108864 largest_dma=67108864 largest_internal=67108864 requested_dma=512
110: [I][AlphaSave] SD_SPACE path=/sd api=esp_vfs_fat_info/f_getfree return=ESP_OK(0x0) errno=0 total_bytes=34359738368 free_bytes=8589934592 total_sectors=67108864 free_sectors=16777216 sector_bytes=512
110: [I][AlphaSave] NEWGAME_SAVE stage=free-space-query result=ok esp_err=ESP_OK errno=0 path=/sd stack_margin=32768
110: [I][AlphaSave] NEWGAME_SAVE stage=free-space result=ok esp_err=ESP_OK errno=0 path=/sd stack_margin=32768
110: [I][AlphaSave] SAVE_TARGET save_slot=1 newest=1 accepted=1 slot=0 keep=1 sequence=2
110: [I][AlphaSave] NEWGAME_SAVE stage=gam-encode result=ok esp_err=ESP_OK errno=0 path=INIT.GAM stack_margin=32768
110: [I][AlphaSave] NEWGAME_SAVE stage=ool-encode result=ok esp_err=ESP_OK errno=0 path=INIT.OOL stack_margin=32768
110: [I][AlphaSave] NEWGAME_SAVE stage=json-encode result=ok esp_err=ESP_OK errno=0 path=sidecar stack_margin=32768
110: [I][AlphaSave] SD_HEAP operation=write-gam-temp state=gameplay-save free_internal=67108864 free_dma=67108864 largest_dma=67108864 largest_internal=67108864 requested_dma=512
110: [I][AlphaSave] NEWGAME_SAVE stage=write-gam-temp result=ok esp_err=ESP_OK errno=0 path=/sd/ultima5/saves/alpha1-s2-g0.gam.tmp stack_margin=32768
110: [I][AlphaSave] SD_HEAP operation=write-ool-temp state=gameplay-save free_internal=67108864 free_dma=67108864 largest_dma=67108864 largest_internal=67108864 requested_dma=512
110: [I][AlphaSave] NEWGAME_SAVE stage=write-ool-temp result=ok esp_err=ESP_OK errno=0 path=/sd/ultima5/saves/alpha1-s2-g0.ool.tmp stack_margin=32768
110: [I][AlphaSave] SD_HEAP operation=write-json-temp state=gameplay-save free_internal=67108864 free_dma=67108864 largest_dma=67108864 largest_internal=67108864 requested_dma=512
110: [I][AlphaSave] NEWGAME_SAVE stage=write-json-temp result=ok esp_err=ESP_OK errno=0 path=/sd/ultima5/saves/alpha1-s2-g0.json.tmp stack_margin=32768
110: [I][AlphaSave] SD_HEAP operation=crc-readback state=gameplay-save free_internal=67108864 free_dma=67108864 largest_dma=67108864 largest_internal=67108864 requested_dma=512
110: [I][AlphaSave] NEWGAME_SAVE stage=crc-readback result=ok esp_err=ESP_OK errno=0 path=/sd/ultima5/saves stack_margin=32768
110: [I][AlphaSave] NEWGAME_SAVE stage=rename-gam result=ok esp_err=ESP_OK errno=0 path=/sd/ultima5/saves/alpha1-s2-g0.gam stack_margin=32768
110: [I][AlphaSave] NEWGAME_SAVE stage=rename-ool result=ok esp_err=ESP_OK errno=0 path=/sd/ultima5/saves/alpha1-s2-g0.ool stack_margin=32768
110: [I][AlphaSave] NEWGAME_SAVE stage=rename-json result=fail esp_err=ESP_FAIL errno=5 path=/sd/ultima5/saves/alpha1-s2-g0.json stack_margin=32768
110: [E][AlphaSave] slot 1 generation 0 save failed (errno=5); previous generation retained
110: [I][AlphaSave] save generation=2 save_slot=1 slot=0 time=4 ms json=5877
110: [I][AlphaSave] SD_HEAP operation=dma-reserve-restored state=gameplay-save free_internal=67108864 free_dma=67108864 largest_dma=67108864 largest_internal=67108864 requested_dma=8192
110: [W][AlphaRuntime] PC_IMPORT slot=1 failed: rename-json failed (errno 5)
110: [I][AlphaSave] SD_HEAP operation=release-reserved-dma state=save-catalog free_internal=67108864 free_dma=67108864 largest_dma=67108864 largest_internal=67108864 requested_dma=8192
110: [I][AlphaSave] SD_HEAP operation=sd-window-open state=save-catalog free_internal=67108864 free_dma=67108864 largest_dma=67108864 largest_internal=67108864 requested_dma=512
110: [I][AlphaSave] SAVE_CATALOG slot1=empty slot2=cached slot3=empty staged=0 bytes=32 commit_us=136 verify_us=0 total_us=141
110: [I][AlphaSave] SD_HEAP operation=dma-reserve-restored state=save-catalog free_internal=67108864 free_dma=67108864 largest_dma=67108864 largest_internal=67108864 requested_dma=8192
110: [I][AlphaSave] SD_HEAP operation=release-reserved-dma state=pc-import-read free_internal=67108864 free_dma=67108864 largest_dma=67108864 largest_internal=67108864 requested_dma=8192
110: [I][AlphaSave] SD_HEAP operation=sd-window-open state=pc-import-read free_internal=67108864 free_dma=67108864 largest_dma=67108864 largest_internal=67108864 requested_dma=512
110: [I][AlphaSave] PC_IMPORT_READ gam=4192 ool=512
110: [I][AlphaSave] SD_HEAP operation=dma-reserve-restored state=pc-import-read free_internal=67108864 free_dma=67108864 largest_dma=67108864 largest_internal=67108864 requested_dma=8192
110: [I][AlphaSave] SD_HEAP operation=release-reserved-dma state=pc-import-marker free_internal=67108864 free_dma=67108864 largest_dma=67108864 largest_internal=67108864 requested_dma=8192
110: [I][AlphaSave] SD_HEAP operation=sd-window-open state=pc-import-marker free_internal=67108864 free_dma=67108864 largest_dma=67108864 largest_internal=67108864 requested_dma=512
110: [I][AlphaSave] SD_HEAP operation=dma-reserve-restored state=pc-import-marker free_internal=67108864 free_dma=67108864 largest_dma=67108864 largest_internal=67108864 requested_dma=8192
110: [I][AlphaRuntime] FRONTEND_INTENT intent=import-pc-save slot=1 ok=0 message="Import failed. Slot 2 is unchanged"
110: [I][AlphaRuntime] INPUT_EDGE raw=00,00,00,00,00 prev=00,00,00,00,00 matrix=0,0 physical=matrix-key edge=press mods=S0,A0,H0 printable=20 base=00 symbol=00 ui=inventory emitted=character action_char=32 shortcut=none
110: [I][AlphaRuntime] FRONTEND_INPUT raw=keyboard action=character char=32 accepted=1 state=error->error phase=name->name name=""->""
110: [I][AlphaRuntime] FRONTEND_STATE count=51 from=error to=error reason=input reconstructed=0
110: [I][AlphaSave] SD_HEAP operation=release-reserved-dma state=load-slot free_internal=67108864 free_dma=67108864 largest_dma=67108864 largest_internal=67108864 requested_dma=8192
110: [I][AlphaSave] SD_HEAP operation=sd-window-open state=load-slot free_internal=67108864 free_dma=67108864 largest_dma=67108864 largest_internal=67108864 requested_dma=512
110: [I][AlphaSave] SAVE_SCRATCH psram_bytes=11888
110: [I][AlphaSave] load save_slot=1 slot=1 time=2 ms status=0
110: [I][AlphaSave] SD_HEAP operation=dma-reserve-restored state=load-slot free_internal=67108864 free_dma=67108864 largest_dma=67108864 largest_internal=67108864 requested_dma=8192
110: [I][AlphaRuntime] INPUT_EDGE raw=00,00,00,00,00 prev=00,00,00,00,00 matrix=0,0 physical=matrix-key edge=press mods=S0,A0,H0 printable=08 base=00 symbol=00 ui=inventory emitted=back action_char=0 shortcut=none
110: [I][AlphaRuntime] FRONTEND_INPUT raw=keyboard action=back char=0 accepted=1 state=error->menu phase=name->name name=""->""
110: [I][AlphaRuntime] FRONTEND_STATE count=52 from=error to=menu reason=input reconstructed=0
110: [I][AlphaRuntime] INPUT_EDGE raw=00,00,00,00,00 prev=00,00,00,00,00 matrix=0,0 physical=matrix-key edge=press mods=S0,A0,H0 printable=70 base=00 symbol=00 ui=inventory emitted=character action_char=112 shortcut=none
110: [I][AlphaRuntime] FRONTEND_INPUT raw=keyboard action=character char=112 accepted=1 state=menu->error phase=name->name name=""->""
110: [I][AlphaRuntime] FRONTEND_STATE count=53 from=menu to=error reason=input reconstructed=0
110: [I][AlphaRuntime] FRONTEND_INTENT intent=inspect-pc-saves storage_begin=1 phase=name name="" gender=0x0b stack_margin=32768
110: [I][AlphaSave] SD_HEAP operation=release-reserved-dma state=save-catalog free_internal=67108864 free_dma=67108864 largest_dma=67108864 largest_internal=67108864 requested_dma=8192
110: [I][AlphaSave] SD_HEAP operation=sd-window-open state=save-catalog free_internal=67108864 free_dma=67108864 largest_dma=67108864 largest_internal=67108864 requested_dma=512
110: [I][AlphaSave] SAVE_CATALOG slot1=empty slot2=cached slot3=empty staged=0 bytes=32 commit_us=200 verify_us=0 total_us=210
110: [I][AlphaSave] SD_HEAP operation=dma-reserve-restored state=save-catalog free_internal=67108864 free_dma=67108864 largest_dma=67108864 largest_internal=67108864 requested_dma=8192
110: [I][AlphaSave] SD_HEAP operation=release-reserved-dma state=pc-import-read free_internal=67108864 free_dma=67108864 largest_dma=67108864 largest_internal=67108864 requested_dma=8192
110: [I][AlphaSave] SD_HEAP operation=sd-window-open state=pc-import-read free_internal=67108864 free_dma=67108864 largest_dma=67108864 largest_internal=67108864 requested_dma=512
110: [I][AlphaSave] PC_IMPORT_READ gam=4192 ool=512
110: [I][AlphaSave] SD_HEAP operation=dma-reserve-restored state=pc-import-read free_internal=67108864 free_dma=67108864 largest_dma=67108864 largest_internal=67108864 requested_dma=8192
110: [I][AlphaSave] SD_HEAP operation=release-reserved-dma state=pc-import-marker free_internal=67108864 free_dma=67108864 largest_dma=67108864 largest_internal=67108864 requested_dma=8192
110: [I][AlphaSave] SD_HEAP operation=sd-window-open state=pc-import-marker free_internal=67108864 free_dma=67108864 largest_dma=67108864 largest_internal=67108864 requested_dma=512
110: [I][AlphaSave] SD_HEAP operation=dma-reserve-restored state=pc-import-marker free_internal=67108864 free_dma=67108864 largest_dma=67108864 largest_internal=67108864 requested_dma=8192
110: [I][AlphaRuntime] INPUT_EDGE raw=00,00,00,00,00 prev=00,00,00,00,00 matrix=0,0 physical=matrix-key edge=press mods=S0,A0,H0 printable=0d base=00 symbol=00 ui=inventory emitted=confirm action_char=0 shortcut=none
110: [I][AlphaRuntime] FRONTEND_INPUT raw=keyboard action=confirm char=0 accepted=1 state=error->error phase=name->name name=""->""
110: [I][AlphaRuntime] FRONTEND_STATE count=54 from=error to=error reason=input reconstructed=0
110: [I][AlphaRuntime] FRONTEND_INPUT raw=trackball-down action=direction char=0 accepted=1 state=error->error phase=name->name name=""->""
110: [I][AlphaRuntime] INPUT_EDGE raw=00,00,00,00,00 prev=00,00,00,00,00 matrix=0,0 physical=matrix-key edge=press mods=S0,A0,H0 printable=0d base=00 symbol=00 ui=inventory emitted=confirm action_char=0 shortcut=none
110: [I][AlphaRuntime] FRONTEND_INPUT raw=keyboard action=confirm char=0 accepted=1 state=error->error phase=name->name name=""->""
110: [I][AlphaRuntime] FRONTEND_INPUT raw=trackball-down action=direction char=0 accepted=1 state=error->error phase=name->name name=""->""
110: [I][AlphaRuntime] INPUT_EDGE raw=00,00,00,00,00 prev=00,00,00,00,00 matrix=0,0 physical=matrix-key edge=press mods=S0,A0,H0 printable=0d base=00 symbol=00 ui=inventory emitted=confirm action_char=0 shortcut=none
110: [I][AlphaRuntime] FRONTEND_INPUT raw=keyboard action=confirm char=0 accepted=1 state=error->error phase=name->name name=""->""
110: [I][AlphaRuntime] FRONTEND_INTENT intent=import-pc-save storage_begin=1 phase=name name="" gender=0x0b stack_margin=32768
110: [I][AlphaSave] SD_HEAP operation=release-reserved-dma state=pc-import-read free_internal=67108864 free_dma=67108864 largest_dma=67108864 largest_internal=67108864 requested_dma=8192
110: [I][AlphaSave] SD_HEAP operation=sd-window-open state=pc-import-read free_internal=67108864 free_dma=67108864 largest_dma=67108864 largest_internal=67108864 requested_dma=512
110: [I][AlphaSave] PC_IMPORT_READ gam=4192 ool=512
110: [I][AlphaSave] SD_HEAP operation=dma-reserve-restored state=pc-import-read free_internal=67108864 free_dma=67108864 largest_dma=67108864 largest_internal=67108864 requested_dma=8192
110: [I][AlphaRuntime] U5OBJ CLEAR site=load-restore pool_before=0
110: [I][AlphaRuntime] WORLD_OBJECTS_RESTORE count=0
110: [I][AlphaRuntime] DUNGEON_RESTORE active=0 dungeon=33 depth=0
110: [I][AlphaRuntime] LOAD_TRANSIENT_RESET ui=explore->explore request=0 views=0 questions=0
110: [I][AlphaRuntime] U5OBJ SOURCE loc=17 floor=0 hour=3 table=found table_loc=17 count=32 slots=present tables=32 npc_dead=0x00000000 pool_before=0
110: [I][AlphaRuntime] U5OBJ SRC slot=23 index=23 type=1(0x01) tile=257 dialog=0 x=16,16,16 y=21,21,21 z=255,255,255 schedule=0,0,0,0 ai=0,0,0
110: [I][AlphaRuntime] U5OBJ SRC slot=24 index=24 type=1(0x01) tile=257 dialog=0 x=17,17,17 y=22,22,22 z=255,255,255 schedule=0,0,0,0 ai=0,0,0
110: [I][AlphaRuntime] U5OBJ SRC slot=25 index=25 type=1(0x01) tile=257 dialog=0 x=13,13,13 y=23,23,23 z=255,255,255 schedule=0,0,0,0 ai=0,0,0
110: [I][AlphaRuntime] U5OBJ SRC slot=28 index=28 type=30(0x1e) tile=286 dialog=0 x=9,9,9 y=9,9,9 z=255,255,255 schedule=0,0,0,0 ai=0,0,0
110: [I][AlphaRuntime] U5OBJ RESERVE request=32 current_size=0 current_capacity=32 object_bytes=68 need_bytes=2176 target_bytes=2176 free_internal=67108864 largest_internal=67108864 free_psram=67108864 largest_psram=67108864 free_default=67108864 guard=free_psram>=need+32768 result=1
110: [I][AlphaRuntime] U5OBJ RESERVE_DONE size=0 capacity=32 storage_heap=internal
110: [I][AlphaRuntime] U5OBJ HYDRATE slot=23 index=23 ACCEPT schedule=0 loc=17 floor=-1 x=16 y=21 tile=257 chest=1 prop=0 plot=0 item=8 contents=30 pool_index=1
110: [I][AlphaRuntime] CHEST_INSERT source=authored/hydrated loc=17 floor=-1 world_x=16 world_y=21 object_id=1 type=chest flags=none trap=0 contents=30 collection_count_before=1 after=2
110: [I][AlphaRuntime] U5OBJ HYDRATE slot=24 index=24 ACCEPT schedule=0 loc=17 floor=-1 x=17 y=22 tile=257 chest=1 prop=0 plot=0 item=8 contents=30 pool_index=2
110: [I][AlphaRuntime] CHEST_INSERT source=authored/hydrated loc=17 floor=-1 world_x=17 world_y=22 object_id=2 type=chest flags=none trap=0 contents=30 collection_count_before=2 after=3
110: [I][AlphaRuntime] U5OBJ HYDRATE slot=25 index=25 ACCEPT schedule=0 loc=17 floor=-1 x=13 y=23 tile=257 chest=1 prop=0 plot=0 item=8 contents=30 pool_index=3
110: [I][AlphaRuntime] CHEST_INSERT source=authored/hydrated loc=17 floor=-1 world_x=13 world_y=23 object_id=3 type=chest flags=none trap=0 contents=30 collection_count_before=3 after=4
110: [I][AlphaRuntime] U5OBJ HYDRATE slot=28 index=28 ACCEPT schedule=0 loc=17 floor=-1 x=9 y=9 tile=286 chest=0 prop=1 plot=0 item=8 contents=30 pool_index=4
110: [I][AlphaRuntime] U5OBJ POST_HYDRATE result=1 reason=ok pool_size=6 accepted=6 dropped=26 hydrate_calls=10
110: [I][AlphaRuntime] U5OBJ POST_HYDRATE_OBJ index=1 loc=17 floor=-1 x=16 y=21 tile=257 chest=1 prop=0 plot=0 item=8 loot=0 search=0 shadowlord=0 trapped=0 contents=30 slot=-1
110: [I][AlphaRuntime] U5OBJ POST_HYDRATE_OBJ index=2 loc=17 floor=-1 x=17 y=22 tile=257 chest=1 prop=0 plot=0 item=8 loot=0 search=0 shadowlord=0 trapped=0 contents=30 slot=-1
110: [I][AlphaRuntime] U5OBJ POST_HYDRATE_OBJ index=3 loc=17 floor=-1 x=13 y=23 tile=257 chest=1 prop=0 plot=0 item=8 loot=0 search=0 shadowlord=0 trapped=0 contents=30 slot=-1
110: [I][AlphaRuntime] U5OBJ POST_HYDRATE_OBJ index=4 loc=17 floor=-1 x=9 y=9 tile=286 chest=0 prop=1 plot=0 item=8 loot=0 search=0 shadowlord=0 trapped=0 contents=30 slot=-1
110: [I][AlphaSave] SD_HEAP operation=release-reserved-dma state=gameplay-save free_internal=67108864 free_dma=67108864 largest_dma=67108864 largest_internal=67108864 requested_dma=8192
110: [I][AlphaSave] SD_HEAP operation=sd-window-open state=gameplay-save free_internal=67108864 free_dma=67108864 largest_dma=67108864 largest_internal=67108864 requested_dma=512
110: [I][AlphaSave] NEWGAME_SAVE stage=create-root-directory result=ok esp_err=ESP_OK errno=0 path=/sd/ultima5 stack_margin=32768
110: [I][AlphaSave] NEWGAME_SAVE stage=create-save-directory result=ok esp_err=ESP_OK errno=0 path=/sd/ultima5/saves stack_margin=32768
110: [I][AlphaSave] SD_HEAP operation=free-space-before state=gameplay-save free_internal=67108864 free_dma=67108864 largest_dma=67108864 largest_internal=67108864 requested_dma=512
110: [I][AlphaSave] SD_HEAP operation=free-space-call-enter state=gameplay-save free_internal=67108864 free_dma=67108864 largest_dma=67108864 largest_internal=67108864 requested_dma=512
110: [I][AlphaSave] SD_HEAP operation=free-space-call-exit state=gameplay-save free_internal=67108864 free_dma=67108864 largest_dma=67108864 largest_internal=67108864 requested_dma=512
110: [I][AlphaSave] SD_HEAP operation=free-space-after state=gameplay-save free_internal=67108864 free_dma=67108864 largest_dma=67108864 largest_internal=67108864 requested_dma=512
110: [I][AlphaSave] SD_SPACE path=/sd api=esp_vfs_fat_info/f_getfree return=ESP_OK(0x0) errno=0 total_bytes=34359738368 free_bytes=8589934592 total_sectors=67108864 free_sectors=16777216 sector_bytes=512
110: [I][AlphaSave] NEWGAME_SAVE stage=free-space-query result=ok esp_err=ESP_OK errno=0 path=/sd stack_margin=32768
110: [I][AlphaSave] NEWGAME_SAVE stage=free-space result=ok esp_err=ESP_OK errno=0 path=/sd stack_margin=32768
110: [I][AlphaSave] SAVE_TARGET save_slot=1 newest=1 accepted=1 slot=0 keep=1 sequence=2
110: [I][AlphaSave] NEWGAME_SAVE stage=gam-encode result=ok esp_err=ESP_OK errno=0 path=INIT.GAM stack_margin=32768
110: [I][AlphaSave] NEWGAME_SAVE stage=ool-encode result=ok esp_err=ESP_OK errno=0 path=INIT.OOL stack_margin=32768
110: [I][AlphaSave] NEWGAME_SAVE stage=json-encode result=ok esp_err=ESP_OK errno=0 path=sidecar stack_margin=32768
110: [I][AlphaSave] SD_HEAP operation=write-gam-temp state=gameplay-save free_internal=67108864 free_dma=67108864 largest_dma=67108864 largest_internal=67108864 requested_dma=512
110: [I][AlphaSave] NEWGAME_SAVE stage=write-gam-temp result=ok esp_err=ESP_OK errno=0 path=/sd/ultima5/saves/alpha1-s2-g0.gam.tmp stack_margin=32768
110: [I][AlphaSave] SD_HEAP operation=write-ool-temp state=gameplay-save free_internal=67108864 free_dma=67108864 largest_dma=67108864 largest_internal=67108864 requested_dma=512
110: [I][AlphaSave] NEWGAME_SAVE stage=write-ool-temp result=ok esp_err=ESP_OK errno=0 path=/sd/ultima5/saves/alpha1-s2-g0.ool.tmp stack_margin=32768
110: [I][AlphaSave] SD_HEAP operation=write-json-temp state=gameplay-save free_internal=67108864 free_dma=67108864 largest_dma=67108864 largest_internal=67108864 requested_dma=512
110: [I][AlphaSave] NEWGAME_SAVE stage=write-json-temp result=ok esp_err=ESP_OK errno=0 path=/sd/ultima5/saves/alpha1-s2-g0.json.tmp stack_margin=32768
110: [I][AlphaSave] SD_HEAP operation=crc-readback state=gameplay-save free_internal=67108864 free_dma=67108864 largest_dma=67108864 largest_internal=67108864 requested_dma=512
110: [I][AlphaSave] NEWGAME_SAVE stage=crc-readback result=ok esp_err=ESP_OK errno=0 path=/sd/ultima5/saves stack_margin=32768
110: [I][AlphaSave] NEWGAME_SAVE stage=rename-gam result=ok esp_err=ESP_OK errno=0 path=/sd/ultima5/saves/alpha1-s2-g0.gam stack_margin=32768
110: [I][AlphaSave] NEWGAME_SAVE stage=rename-ool result=ok esp_err=ESP_OK errno=0 path=/sd/ultima5/saves/alpha1-s2-g0.ool stack_margin=32768
110: [I][AlphaSave] NEWGAME_SAVE stage=rename-json result=ok esp_err=ESP_OK errno=0 path=/sd/ultima5/saves/alpha1-s2-g0.json stack_margin=32768
110: [I][AlphaSave] NEWGAME_SAVE stage=write-commit-temp result=fail esp_err=ESP_FAIL errno=5 path=/sd/ultima5/saves/alpha1-s2-g0.commit.tmp stack_margin=32768
110: [E][AlphaSave] slot 1 generation 0 save failed (errno=5); previous generation retained
110: [I][AlphaSave] save generation=2 save_slot=1 slot=0 time=4 ms json=5877
110: [I][AlphaSave] SD_HEAP operation=dma-reserve-restored state=gameplay-save free_internal=67108864 free_dma=67108864 largest_dma=67108864 largest_internal=67108864 requested_dma=8192
110: [W][AlphaRuntime] PC_IMPORT slot=1 failed: write-commit-temp failed (errno 5)
110: [I][AlphaSave] SD_HEAP operation=release-reserved-dma state=save-catalog free_internal=67108864 free_dma=67108864 largest_dma=67108864 largest_internal=67108864 requested_dma=8192
110: [I][AlphaSave] SD_HEAP operation=sd-window-open state=save-catalog free_internal=67108864 free_dma=67108864 largest_dma=67108864 largest_internal=67108864 requested_dma=512
110: [I][AlphaSave] SAVE_CATALOG slot1=empty slot2=cached slot3=empty staged=0 bytes=32 commit_us=185 verify_us=0 total_us=260
110: [I][AlphaSave] SD_HEAP operation=dma-reserve-restored state=save-catalog free_internal=67108864 free_dma=67108864 largest_dma=67108864 largest_internal=67108864 requested_dma=8192
110: [I][AlphaSave] SD_HEAP operation=release-reserved-dma state=pc-import-read free_internal=67108864 free_dma=67108864 largest_dma=67108864 largest_internal=67108864 requested_dma=8192
110: [I][AlphaSave] SD_HEAP operation=sd-window-open state=pc-import-read free_internal=67108864 free_dma=67108864 largest_dma=67108864 largest_internal=67108864 requested_dma=512
110: [I][AlphaSave] PC_IMPORT_READ gam=4192 ool=512
110: [I][AlphaSave] SD_HEAP operation=dma-reserve-restored state=pc-import-read free_internal=67108864 free_dma=67108864 largest_dma=67108864 largest_internal=67108864 requested_dma=8192
110: [I][AlphaSave] SD_HEAP operation=release-reserved-dma state=pc-import-marker free_internal=67108864 free_dma=67108864 largest_dma=67108864 largest_internal=67108864 requested_dma=8192
110: [I][AlphaSave] SD_HEAP operation=sd-window-open state=pc-import-marker free_internal=67108864 free_dma=67108864 largest_dma=67108864 largest_internal=67108864 requested_dma=512
110: [I][AlphaSave] SD_HEAP operation=dma-reserve-restored state=pc-import-marker free_internal=67108864 free_dma=67108864 largest_dma=67108864 largest_internal=67108864 requested_dma=8192
110: [I][AlphaRuntime] FRONTEND_INTENT intent=import-pc-save slot=1 ok=0 message="Import failed. Slot 2 is unchanged"
110: [I][AlphaRuntime] INPUT_EDGE raw=00,00,00,00,00 prev=00,00,00,00,00 matrix=0,0 physical=matrix-key edge=press mods=S0,A0,H0 printable=20 base=00 symbol=00 ui=inventory emitted=character action_char=32 shortcut=none
110: [I][AlphaRuntime] FRONTEND_INPUT raw=keyboard action=character char=32 accepted=1 state=error->error phase=name->name name=""->""
110: [I][AlphaRuntime] FRONTEND_STATE count=55 from=error to=error reason=input reconstructed=0
110: [I][AlphaSave] SD_HEAP operation=release-reserved-dma state=load-slot free_internal=67108864 free_dma=67108864 largest_dma=67108864 largest_internal=67108864 requested_dma=8192
110: [I][AlphaSave] SD_HEAP operation=sd-window-open state=load-slot free_internal=67108864 free_dma=67108864 largest_dma=67108864 largest_internal=67108864 requested_dma=512
110: [I][AlphaSave] SAVE_SCRATCH psram_bytes=11888
110: [I][AlphaSave] load save_slot=1 slot=1 time=1 ms status=0
110: [I][AlphaSave] SD_HEAP operation=dma-reserve-restored state=load-slot free_internal=67108864 free_dma=67108864 largest_dma=67108864 largest_internal=67108864 requested_dma=8192
110: [I][AlphaRuntime] INPUT_EDGE raw=00,00,00,00,00 prev=00,00,00,00,00 matrix=0,0 physical=matrix-key edge=press mods=S0,A0,H0 printable=08 base=00 symbol=00 ui=inventory emitted=back action_char=0 shortcut=none
110: [I][AlphaRuntime] FRONTEND_INPUT raw=keyboard action=back char=0 accepted=1 state=error->menu phase=name->name name=""->""
110: [I][AlphaRuntime] FRONTEND_STATE count=56 from=error to=menu reason=input reconstructed=0
110: [I][AlphaRuntime] INPUT_EDGE raw=00,00,00,00,00 prev=00,00,00,00,00 matrix=0,0 physical=matrix-key edge=press mods=S0,A0,H0 printable=70 base=00 symbol=00 ui=inventory emitted=character action_char=112 shortcut=none
110: [I][AlphaRuntime] FRONTEND_INPUT raw=keyboard action=character char=112 accepted=1 state=menu->error phase=name->name name=""->""
110: [I][AlphaRuntime] FRONTEND_STATE count=57 from=menu to=error reason=input reconstructed=0
110: [I][AlphaRuntime] FRONTEND_INTENT intent=inspect-pc-saves storage_begin=1 phase=name name="" gender=0x0b stack_margin=32768
110: [I][AlphaSave] SD_HEAP operation=release-reserved-dma state=save-catalog free_internal=67108864 free_dma=67108864 largest_dma=67108864 largest_internal=67108864 requested_dma=8192
110: [I][AlphaSave] SD_HEAP operation=sd-window-open state=save-catalog free_internal=67108864 free_dma=67108864 largest_dma=67108864 largest_internal=67108864 requested_dma=512
110: [I][AlphaSave] SAVE_CATALOG slot1=empty slot2=cached slot3=empty staged=0 bytes=32 commit_us=127 verify_us=0 total_us=132
110: [I][AlphaSave] SD_HEAP operation=dma-reserve-restored state=save-catalog free_internal=67108864 free_dma=67108864 largest_dma=67108864 largest_internal=67108864 requested_dma=8192
110: [I][AlphaSave] SD_HEAP operation=release-reserved-dma state=pc-import-read free_internal=67108864 free_dma=67108864 largest_dma=67108864 largest_internal=67108864 requested_dma=8192
110: [I][AlphaSave] SD_HEAP operation=sd-window-open state=pc-import-read free_internal=67108864 free_dma=67108864 largest_dma=67108864 largest_internal=67108864 requested_dma=512
110: [I][AlphaSave] PC_IMPORT_READ gam=4192 ool=512
110: [I][AlphaSave] SD_HEAP operation=dma-reserve-restored state=pc-import-read free_internal=67108864 free_dma=67108864 largest_dma=67108864 largest_internal=67108864 requested_dma=8192
110: [I][AlphaSave] SD_HEAP operation=release-reserved-dma state=pc-import-marker free_internal=67108864 free_dma=67108864 largest_dma=67108864 largest_internal=67108864 requested_dma=8192
110: [I][AlphaSave] SD_HEAP operation=sd-window-open state=pc-import-marker free_internal=67108864 free_dma=67108864 largest_dma=67108864 largest_internal=67108864 requested_dma=512
110: [I][AlphaSave] SD_HEAP operation=dma-reserve-restored state=pc-import-marker free_internal=67108864 free_dma=67108864 largest_dma=67108864 largest_internal=67108864 requested_dma=8192
110: [I][AlphaRuntime] INPUT_EDGE raw=00,00,00,00,00 prev=00,00,00,00,00 matrix=0,0 physical=matrix-key edge=press mods=S0,A0,H0 printable=0d base=00 symbol=00 ui=inventory emitted=confirm action_char=0 shortcut=none
110: [I][AlphaRuntime] FRONTEND_INPUT raw=keyboard action=confirm char=0 accepted=1 state=error->error phase=name->name name=""->""
110: [I][AlphaRuntime] FRONTEND_STATE count=58 from=error to=error reason=input reconstructed=0
110: [I][AlphaRuntime] FRONTEND_INPUT raw=trackball-down action=direction char=0 accepted=1 state=error->error phase=name->name name=""->""
110: [I][AlphaRuntime] INPUT_EDGE raw=00,00,00,00,00 prev=00,00,00,00,00 matrix=0,0 physical=matrix-key edge=press mods=S0,A0,H0 printable=0d base=00 symbol=00 ui=inventory emitted=confirm action_char=0 shortcut=none
110: [I][AlphaRuntime] FRONTEND_INPUT raw=keyboard action=confirm char=0 accepted=1 state=error->error phase=name->name name=""->""
110: [I][AlphaRuntime] FRONTEND_INPUT raw=trackball-down action=direction char=0 accepted=1 state=error->error phase=name->name name=""->""
110: [I][AlphaRuntime] INPUT_EDGE raw=00,00,00,00,00 prev=00,00,00,00,00 matrix=0,0 physical=matrix-key edge=press mods=S0,A0,H0 printable=0d base=00 symbol=00 ui=inventory emitted=confirm action_char=0 shortcut=none
110: [I][AlphaRuntime] FRONTEND_INPUT raw=keyboard action=confirm char=0 accepted=1 state=error->error phase=name->name name=""->""
110: [I][AlphaRuntime] FRONTEND_INTENT intent=import-pc-save storage_begin=1 phase=name name="" gender=0x0b stack_margin=32768
110: [I][AlphaSave] SD_HEAP operation=release-reserved-dma state=pc-import-read free_internal=67108864 free_dma=67108864 largest_dma=67108864 largest_internal=67108864 requested_dma=8192
110: [I][AlphaSave] SD_HEAP operation=sd-window-open state=pc-import-read free_internal=67108864 free_dma=67108864 largest_dma=67108864 largest_internal=67108864 requested_dma=512
110: [I][AlphaSave] PC_IMPORT_READ gam=4192 ool=512
110: [I][AlphaSave] SD_HEAP operation=dma-reserve-restored state=pc-import-read free_internal=67108864 free_dma=67108864 largest_dma=67108864 largest_internal=67108864 requested_dma=8192
110: [I][AlphaRuntime] U5OBJ CLEAR site=load-restore pool_before=0
110: [I][AlphaRuntime] WORLD_OBJECTS_RESTORE count=0
110: [I][AlphaRuntime] DUNGEON_RESTORE active=0 dungeon=33 depth=0
110: [I][AlphaRuntime] LOAD_TRANSIENT_RESET ui=explore->explore request=0 views=0 questions=0
110: [I][AlphaRuntime] U5OBJ SOURCE loc=17 floor=0 hour=3 table=found table_loc=17 count=32 slots=present tables=32 npc_dead=0x00000000 pool_before=0
110: [I][AlphaRuntime] U5OBJ SRC slot=23 index=23 type=1(0x01) tile=257 dialog=0 x=16,16,16 y=21,21,21 z=255,255,255 schedule=0,0,0,0 ai=0,0,0
110: [I][AlphaRuntime] U5OBJ SRC slot=24 index=24 type=1(0x01) tile=257 dialog=0 x=17,17,17 y=22,22,22 z=255,255,255 schedule=0,0,0,0 ai=0,0,0
110: [I][AlphaRuntime] U5OBJ SRC slot=25 index=25 type=1(0x01) tile=257 dialog=0 x=13,13,13 y=23,23,23 z=255,255,255 schedule=0,0,0,0 ai=0,0,0
110: [I][AlphaRuntime] U5OBJ SRC slot=28 index=28 type=30(0x1e) tile=286 dialog=0 x=9,9,9 y=9,9,9 z=255,255,255 schedule=0,0,0,0 ai=0,0,0
110: [I][AlphaRuntime] U5OBJ RESERVE request=32 current_size=0 current_capacity=32 object_bytes=68 need_bytes=2176 target_bytes=2176 free_internal=67108864 largest_internal=67108864 free_psram=67108864 largest_psram=67108864 free_default=67108864 guard=free_psram>=need+32768 result=1
110: [I][AlphaRuntime] U5OBJ RESERVE_DONE size=0 capacity=32 storage_heap=internal
110: [I][AlphaRuntime] U5OBJ HYDRATE slot=23 index=23 ACCEPT schedule=0 loc=17 floor=-1 x=16 y=21 tile=257 chest=1 prop=0 plot=0 item=8 contents=30 pool_index=1
110: [I][AlphaRuntime] CHEST_INSERT source=authored/hydrated loc=17 floor=-1 world_x=16 world_y=21 object_id=1 type=chest flags=none trap=0 contents=30 collection_count_before=1 after=2
110: [I][AlphaRuntime] U5OBJ HYDRATE slot=24 index=24 ACCEPT schedule=0 loc=17 floor=-1 x=17 y=22 tile=257 chest=1 prop=0 plot=0 item=8 contents=30 pool_index=2
110: [I][AlphaRuntime] CHEST_INSERT source=authored/hydrated loc=17 floor=-1 world_x=17 world_y=22 object_id=2 type=chest flags=none trap=0 contents=30 collection_count_before=2 after=3
110: [I][AlphaRuntime] U5OBJ HYDRATE slot=25 index=25 ACCEPT schedule=0 loc=17 floor=-1 x=13 y=23 tile=257 chest=1 prop=0 plot=0 item=8 contents=30 pool_index=3
110: [I][AlphaRuntime] CHEST_INSERT source=authored/hydrated loc=17 floor=-1 world_x=13 world_y=23 object_id=3 type=chest flags=none trap=0 contents=30 collection_count_before=3 after=4
110: [I][AlphaRuntime] U5OBJ HYDRATE slot=28 index=28 ACCEPT schedule=0 loc=17 floor=-1 x=9 y=9 tile=286 chest=0 prop=1 plot=0 item=8 contents=30 pool_index=4
110: [I][AlphaRuntime] U5OBJ POST_HYDRATE result=1 reason=ok pool_size=6 accepted=6 dropped=26 hydrate_calls=11
110: [I][AlphaRuntime] U5OBJ POST_HYDRATE_OBJ index=1 loc=17 floor=-1 x=16 y=21 tile=257 chest=1 prop=0 plot=0 item=8 loot=0 search=0 shadowlord=0 trapped=0 contents=30 slot=-1
110: [I][AlphaRuntime] U5OBJ POST_HYDRATE_OBJ index=2 loc=17 floor=-1 x=17 y=22 tile=257 chest=1 prop=0 plot=0 item=8 loot=0 search=0 shadowlord=0 trapped=0 contents=30 slot=-1
110: [I][AlphaRuntime] U5OBJ POST_HYDRATE_OBJ index=3 loc=17 floor=-1 x=13 y=23 tile=257 chest=1 prop=0 plot=0 item=8 loot=0 search=0 shadowlord=0 trapped=0 contents=30 slot=-1
110: [I][AlphaRuntime] U5OBJ POST_HYDRATE_OBJ index=4 loc=17 floor=-1 x=9 y=9 tile=286 chest=0 prop=1 plot=0 item=8 loot=0 search=0 shadowlord=0 trapped=0 contents=30 slot=-1
110: [I][AlphaSave] SD_HEAP operation=release-reserved-dma state=gameplay-save free_internal=67108864 free_dma=67108864 largest_dma=67108864 largest_internal=67108864 requested_dma=8192
110: [I][AlphaSave] SD_HEAP operation=sd-window-open state=gameplay-save free_internal=67108864 free_dma=67108864 largest_dma=67108864 largest_internal=67108864 requested_dma=512
110: [I][AlphaSave] NEWGAME_SAVE stage=create-root-directory result=ok esp_err=ESP_OK errno=0 path=/sd/ultima5 stack_margin=32768
110: [I][AlphaSave] NEWGAME_SAVE stage=create-save-directory result=ok esp_err=ESP_OK errno=0 path=/sd/ultima5/saves stack_margin=32768
110: [I][AlphaSave] SD_HEAP operation=free-space-before state=gameplay-save free_internal=67108864 free_dma=67108864 largest_dma=67108864 largest_internal=67108864 requested_dma=512
110: [I][AlphaSave] SD_HEAP operation=free-space-call-enter state=gameplay-save free_internal=67108864 free_dma=67108864 largest_dma=67108864 largest_internal=67108864 requested_dma=512
110: [I][AlphaSave] SD_HEAP operation=free-space-call-exit state=gameplay-save free_internal=67108864 free_dma=67108864 largest_dma=67108864 largest_internal=67108864 requested_dma=512
110: [I][AlphaSave] SD_HEAP operation=free-space-after state=gameplay-save free_internal=67108864 free_dma=67108864 largest_dma=67108864 largest_internal=67108864 requested_dma=512
110: [I][AlphaSave] SD_SPACE path=/sd api=esp_vfs_fat_info/f_getfree return=ESP_OK(0x0) errno=0 total_bytes=34359738368 free_bytes=8589934592 total_sectors=67108864 free_sectors=16777216 sector_bytes=512
110: [I][AlphaSave] NEWGAME_SAVE stage=free-space-query result=ok esp_err=ESP_OK errno=0 path=/sd stack_margin=32768
110: [I][AlphaSave] NEWGAME_SAVE stage=free-space result=ok esp_err=ESP_OK errno=0 path=/sd stack_margin=32768
110: [I][AlphaSave] SAVE_TARGET save_slot=1 newest=1 accepted=1 slot=0 keep=1 sequence=2
110: [I][AlphaSave] NEWGAME_SAVE stage=gam-encode result=ok esp_err=ESP_OK errno=0 path=INIT.GAM stack_margin=32768
110: [I][AlphaSave] NEWGAME_SAVE stage=ool-encode result=ok esp_err=ESP_OK errno=0 path=INIT.OOL stack_margin=32768
110: [I][AlphaSave] NEWGAME_SAVE stage=json-encode result=ok esp_err=ESP_OK errno=0 path=sidecar stack_margin=32768
110: [I][AlphaSave] SD_HEAP operation=write-gam-temp state=gameplay-save free_internal=67108864 free_dma=67108864 largest_dma=67108864 largest_internal=67108864 requested_dma=512
110: [I][AlphaSave] NEWGAME_SAVE stage=write-gam-temp result=ok esp_err=ESP_OK errno=0 path=/sd/ultima5/saves/alpha1-s2-g0.gam.tmp stack_margin=32768
110: [I][AlphaSave] SD_HEAP operation=write-ool-temp state=gameplay-save free_internal=67108864 free_dma=67108864 largest_dma=67108864 largest_internal=67108864 requested_dma=512
110: [I][AlphaSave] NEWGAME_SAVE stage=write-ool-temp result=ok esp_err=ESP_OK errno=0 path=/sd/ultima5/saves/alpha1-s2-g0.ool.tmp stack_margin=32768
110: [I][AlphaSave] SD_HEAP operation=write-json-temp state=gameplay-save free_internal=67108864 free_dma=67108864 largest_dma=67108864 largest_internal=67108864 requested_dma=512
110: [I][AlphaSave] NEWGAME_SAVE stage=write-json-temp result=ok esp_err=ESP_OK errno=0 path=/sd/ultima5/saves/alpha1-s2-g0.json.tmp stack_margin=32768
110: [I][AlphaSave] SD_HEAP operation=crc-readback state=gameplay-save free_internal=67108864 free_dma=67108864 largest_dma=67108864 largest_internal=67108864 requested_dma=512
110: [I][AlphaSave] NEWGAME_SAVE stage=crc-readback result=ok esp_err=ESP_OK errno=0 path=/sd/ultima5/saves stack_margin=32768
110: [I][AlphaSave] NEWGAME_SAVE stage=rename-gam result=ok esp_err=ESP_OK errno=0 path=/sd/ultima5/saves/alpha1-s2-g0.gam stack_margin=32768
110: [I][AlphaSave] NEWGAME_SAVE stage=rename-ool result=ok esp_err=ESP_OK errno=0 path=/sd/ultima5/saves/alpha1-s2-g0.ool stack_margin=32768
110: [I][AlphaSave] NEWGAME_SAVE stage=rename-json result=ok esp_err=ESP_OK errno=0 path=/sd/ultima5/saves/alpha1-s2-g0.json stack_margin=32768
110: [I][AlphaSave] NEWGAME_SAVE stage=write-commit-temp result=ok esp_err=ESP_OK errno=0 path=/sd/ultima5/saves/alpha1-s2-g0.commit.tmp stack_margin=32768
110: [I][AlphaSave] NEWGAME_SAVE stage=rename-commit result=fail esp_err=ESP_FAIL errno=5 path=/sd/ultima5/saves/alpha1-s2-g0.commit stack_margin=32768
110: [E][AlphaSave] slot 1 generation 0 save failed (errno=5); previous generation retained
110: [I][AlphaSave] save generation=2 save_slot=1 slot=0 time=4 ms json=5877
110: [I][AlphaSave] SD_HEAP operation=dma-reserve-restored state=gameplay-save free_internal=67108864 free_dma=67108864 largest_dma=67108864 largest_internal=67108864 requested_dma=8192
110: [W][AlphaRuntime] PC_IMPORT slot=1 failed: rename-commit failed (errno 5)
110: [I][AlphaSave] SD_HEAP operation=release-reserved-dma state=save-catalog free_internal=67108864 free_dma=67108864 largest_dma=67108864 largest_internal=67108864 requested_dma=8192
110: [I][AlphaSave] SD_HEAP operation=sd-window-open state=save-catalog free_internal=67108864 free_dma=67108864 largest_dma=67108864 largest_internal=67108864 requested_dma=512
110: [I][AlphaSave] SAVE_CATALOG slot1=empty slot2=cached slot3=empty staged=0 bytes=32 commit_us=128 verify_us=0 total_us=132
110: [I][AlphaSave] SD_HEAP operation=dma-reserve-restored state=save-catalog free_internal=67108864 free_dma=67108864 largest_dma=67108864 largest_internal=67108864 requested_dma=8192
110: [I][AlphaSave] SD_HEAP operation=release-reserved-dma state=pc-import-read free_internal=67108864 free_dma=67108864 largest_dma=67108864 largest_internal=67108864 requested_dma=8192
110: [I][AlphaSave] SD_HEAP operation=sd-window-open state=pc-import-read free_internal=67108864 free_dma=67108864 largest_dma=67108864 largest_internal=67108864 requested_dma=512
110: [I][AlphaSave] PC_IMPORT_READ gam=4192 ool=512
110: [I][AlphaSave] SD_HEAP operation=dma-reserve-restored state=pc-import-read free_internal=67108864 free_dma=67108864 largest_dma=67108864 largest_internal=67108864 requested_dma=8192
110: [I][AlphaSave] SD_HEAP operation=release-reserved-dma state=pc-import-marker free_internal=67108864 free_dma=67108864 largest_dma=67108864 largest_internal=67108864 requested_dma=8192
110: [I][AlphaSave] SD_HEAP operation=sd-window-open state=pc-import-marker free_internal=67108864 free_dma=67108864 largest_dma=67108864 largest_internal=67108864 requested_dma=512
110: [I][AlphaSave] SD_HEAP operation=dma-reserve-restored state=pc-import-marker free_internal=67108864 free_dma=67108864 largest_dma=67108864 largest_internal=67108864 requested_dma=8192
110: [I][AlphaRuntime] FRONTEND_INTENT intent=import-pc-save slot=1 ok=0 message="Import failed. Slot 2 is unchanged"
110: [I][AlphaRuntime] INPUT_EDGE raw=00,00,00,00,00 prev=00,00,00,00,00 matrix=0,0 physical=matrix-key edge=press mods=S0,A0,H0 printable=20 base=00 symbol=00 ui=inventory emitted=character action_char=32 shortcut=none
110: [I][AlphaRuntime] FRONTEND_INPUT raw=keyboard action=character char=32 accepted=1 state=error->error phase=name->name name=""->""
110: [I][AlphaRuntime] FRONTEND_STATE count=59 from=error to=error reason=input reconstructed=0
110: [I][AlphaSave] SD_HEAP operation=release-reserved-dma state=load-slot free_internal=67108864 free_dma=67108864 largest_dma=67108864 largest_internal=67108864 requested_dma=8192
110: [I][AlphaSave] SD_HEAP operation=sd-window-open state=load-slot free_internal=67108864 free_dma=67108864 largest_dma=67108864 largest_internal=67108864 requested_dma=512
110: [I][AlphaSave] SAVE_SCRATCH psram_bytes=11888
110: [I][AlphaSave] load save_slot=1 slot=1 time=2 ms status=0
110: [I][AlphaSave] SD_HEAP operation=dma-reserve-restored state=load-slot free_internal=67108864 free_dma=67108864 largest_dma=67108864 largest_internal=67108864 requested_dma=8192
110:   GREEN F2    a write or rename failing at each stage of the slot transaction (gam/ool/json temps, renames, commit): the import reports failure and Slot 2's previous generation still loads, its files intact
110: [I][AlphaRuntime] INPUT_EDGE raw=00,00,00,00,00 prev=00,00,00,00,00 matrix=0,0 physical=matrix-key edge=press mods=S0,A0,H0 printable=08 base=00 symbol=00 ui=inventory emitted=back action_char=0 shortcut=none
110: [I][AlphaRuntime] FRONTEND_INPUT raw=keyboard action=back char=0 accepted=1 state=error->menu phase=name->name name=""->""
110: [I][AlphaRuntime] FRONTEND_STATE count=60 from=error to=menu reason=input reconstructed=0
110: [I][AlphaRuntime] INPUT_EDGE raw=00,00,00,00,00 prev=00,00,00,00,00 matrix=0,0 physical=matrix-key edge=press mods=S0,A0,H0 printable=70 base=00 symbol=00 ui=inventory emitted=character action_char=112 shortcut=none
110: [I][AlphaRuntime] FRONTEND_INPUT raw=keyboard action=character char=112 accepted=1 state=menu->error phase=name->name name=""->""
110: [I][AlphaRuntime] FRONTEND_STATE count=61 from=menu to=error reason=input reconstructed=0
110: [I][AlphaRuntime] FRONTEND_INTENT intent=inspect-pc-saves storage_begin=1 phase=name name="" gender=0x0b stack_margin=32768
110: [I][AlphaSave] SD_HEAP operation=release-reserved-dma state=save-catalog free_internal=67108864 free_dma=67108864 largest_dma=67108864 largest_internal=67108864 requested_dma=8192
110: [I][AlphaSave] SD_HEAP operation=sd-window-open state=save-catalog free_internal=67108864 free_dma=67108864 largest_dma=67108864 largest_internal=67108864 requested_dma=512
110: [I][AlphaSave] SAVE_CATALOG slot1=empty slot2=cached slot3=empty staged=0 bytes=32 commit_us=206 verify_us=0 total_us=216
110: [I][AlphaSave] SD_HEAP operation=dma-reserve-restored state=save-catalog free_internal=67108864 free_dma=67108864 largest_dma=67108864 largest_internal=67108864 requested_dma=8192
110: [I][AlphaSave] SD_HEAP operation=release-reserved-dma state=pc-import-read free_internal=67108864 free_dma=67108864 largest_dma=67108864 largest_internal=67108864 requested_dma=8192
110: [I][AlphaSave] SD_HEAP operation=sd-window-open state=pc-import-read free_internal=67108864 free_dma=67108864 largest_dma=67108864 largest_internal=67108864 requested_dma=512
110: [I][AlphaSave] PC_IMPORT_READ gam=4192 ool=512
110: [I][AlphaSave] SD_HEAP operation=dma-reserve-restored state=pc-import-read free_internal=67108864 free_dma=67108864 largest_dma=67108864 largest_internal=67108864 requested_dma=8192
110: [I][AlphaSave] SD_HEAP operation=release-reserved-dma state=pc-import-marker free_internal=67108864 free_dma=67108864 largest_dma=67108864 largest_internal=67108864 requested_dma=8192
110: [I][AlphaSave] SD_HEAP operation=sd-window-open state=pc-import-marker free_internal=67108864 free_dma=67108864 largest_dma=67108864 largest_internal=67108864 requested_dma=512
110: [I][AlphaSave] SD_HEAP operation=dma-reserve-restored state=pc-import-marker free_internal=67108864 free_dma=67108864 largest_dma=67108864 largest_internal=67108864 requested_dma=8192
110: [I][AlphaRuntime] INPUT_EDGE raw=00,00,00,00,00 prev=00,00,00,00,00 matrix=0,0 physical=matrix-key edge=press mods=S0,A0,H0 printable=0d base=00 symbol=00 ui=inventory emitted=confirm action_char=0 shortcut=none
110: [I][AlphaRuntime] FRONTEND_INPUT raw=keyboard action=confirm char=0 accepted=1 state=error->error phase=name->name name=""->""
110: [I][AlphaRuntime] FRONTEND_STATE count=62 from=error to=error reason=input reconstructed=0
110: [I][AlphaRuntime] FRONTEND_INPUT raw=trackball-down action=direction char=0 accepted=1 state=error->error phase=name->name name=""->""
110: [I][AlphaRuntime] INPUT_EDGE raw=00,00,00,00,00 prev=00,00,00,00,00 matrix=0,0 physical=matrix-key edge=press mods=S0,A0,H0 printable=0d base=00 symbol=00 ui=inventory emitted=confirm action_char=0 shortcut=none
110: [I][AlphaRuntime] FRONTEND_INPUT raw=keyboard action=confirm char=0 accepted=1 state=error->error phase=name->name name=""->""
110: [I][AlphaRuntime] FRONTEND_INPUT raw=trackball-down action=direction char=0 accepted=1 state=error->error phase=name->name name=""->""
110: [I][AlphaRuntime] INPUT_EDGE raw=00,00,00,00,00 prev=00,00,00,00,00 matrix=0,0 physical=matrix-key edge=press mods=S0,A0,H0 printable=0d base=00 symbol=00 ui=inventory emitted=confirm action_char=0 shortcut=none
110: [I][AlphaRuntime] FRONTEND_INPUT raw=keyboard action=confirm char=0 accepted=1 state=error->error phase=name->name name=""->""
110: [I][AlphaRuntime] FRONTEND_INTENT intent=import-pc-save storage_begin=1 phase=name name="" gender=0x0b stack_margin=32768
110: [I][AlphaSave] SD_HEAP operation=release-reserved-dma state=pc-import-read free_internal=67108864 free_dma=67108864 largest_dma=67108864 largest_internal=67108864 requested_dma=8192
110: [I][AlphaSave] SD_HEAP operation=sd-window-open state=pc-import-read free_internal=67108864 free_dma=67108864 largest_dma=67108864 largest_internal=67108864 requested_dma=512
110: [I][AlphaSave] PC_IMPORT_READ gam=4192 ool=512
110: [I][AlphaSave] SD_HEAP operation=dma-reserve-restored state=pc-import-read free_internal=67108864 free_dma=67108864 largest_dma=67108864 largest_internal=67108864 requested_dma=8192
110: [I][AlphaRuntime] U5OBJ CLEAR site=load-restore pool_before=0
110: [I][AlphaRuntime] WORLD_OBJECTS_RESTORE count=0
110: [I][AlphaRuntime] DUNGEON_RESTORE active=0 dungeon=33 depth=0
110: [I][AlphaRuntime] LOAD_TRANSIENT_RESET ui=explore->explore request=0 views=0 questions=0
110: [I][AlphaRuntime] U5OBJ SOURCE loc=17 floor=0 hour=3 table=found table_loc=17 count=32 slots=present tables=32 npc_dead=0x00000000 pool_before=0
110: [I][AlphaRuntime] U5OBJ SRC slot=23 index=23 type=1(0x01) tile=257 dialog=0 x=16,16,16 y=21,21,21 z=255,255,255 schedule=0,0,0,0 ai=0,0,0
110: [I][AlphaRuntime] U5OBJ SRC slot=24 index=24 type=1(0x01) tile=257 dialog=0 x=17,17,17 y=22,22,22 z=255,255,255 schedule=0,0,0,0 ai=0,0,0
110: [I][AlphaRuntime] U5OBJ SRC slot=25 index=25 type=1(0x01) tile=257 dialog=0 x=13,13,13 y=23,23,23 z=255,255,255 schedule=0,0,0,0 ai=0,0,0
110: [I][AlphaRuntime] U5OBJ SRC slot=28 index=28 type=30(0x1e) tile=286 dialog=0 x=9,9,9 y=9,9,9 z=255,255,255 schedule=0,0,0,0 ai=0,0,0
110: [I][AlphaRuntime] U5OBJ RESERVE request=32 current_size=0 current_capacity=32 object_bytes=68 need_bytes=2176 target_bytes=2176 free_internal=67108864 largest_internal=67108864 free_psram=67108864 largest_psram=67108864 free_default=67108864 guard=free_psram>=need+32768 result=1
110: [I][AlphaRuntime] U5OBJ RESERVE_DONE size=0 capacity=32 storage_heap=internal
110: [I][AlphaRuntime] U5OBJ HYDRATE slot=23 index=23 ACCEPT schedule=0 loc=17 floor=-1 x=16 y=21 tile=257 chest=1 prop=0 plot=0 item=8 contents=30 pool_index=1
110: [I][AlphaRuntime] CHEST_INSERT source=authored/hydrated loc=17 floor=-1 world_x=16 world_y=21 object_id=1 type=chest flags=none trap=0 contents=30 collection_count_before=1 after=2
110: [I][AlphaRuntime] U5OBJ HYDRATE slot=24 index=24 ACCEPT schedule=0 loc=17 floor=-1 x=17 y=22 tile=257 chest=1 prop=0 plot=0 item=8 contents=30 pool_index=2
110: [I][AlphaRuntime] CHEST_INSERT source=authored/hydrated loc=17 floor=-1 world_x=17 world_y=22 object_id=2 type=chest flags=none trap=0 contents=30 collection_count_before=2 after=3
110: [I][AlphaRuntime] U5OBJ HYDRATE slot=25 index=25 ACCEPT schedule=0 loc=17 floor=-1 x=13 y=23 tile=257 chest=1 prop=0 plot=0 item=8 contents=30 pool_index=3
110: [I][AlphaRuntime] CHEST_INSERT source=authored/hydrated loc=17 floor=-1 world_x=13 world_y=23 object_id=3 type=chest flags=none trap=0 contents=30 collection_count_before=3 after=4
110: [I][AlphaRuntime] U5OBJ HYDRATE slot=28 index=28 ACCEPT schedule=0 loc=17 floor=-1 x=9 y=9 tile=286 chest=0 prop=1 plot=0 item=8 contents=30 pool_index=4
110: [I][AlphaRuntime] U5OBJ POST_HYDRATE result=1 reason=ok pool_size=6 accepted=6 dropped=26 hydrate_calls=12
110: [I][AlphaRuntime] U5OBJ POST_HYDRATE_OBJ index=1 loc=17 floor=-1 x=16 y=21 tile=257 chest=1 prop=0 plot=0 item=8 loot=0 search=0 shadowlord=0 trapped=0 contents=30 slot=-1
110: [I][AlphaRuntime] U5OBJ POST_HYDRATE_OBJ index=2 loc=17 floor=-1 x=17 y=22 tile=257 chest=1 prop=0 plot=0 item=8 loot=0 search=0 shadowlord=0 trapped=0 contents=30 slot=-1
110: [I][AlphaRuntime] U5OBJ POST_HYDRATE_OBJ index=3 loc=17 floor=-1 x=13 y=23 tile=257 chest=1 prop=0 plot=0 item=8 loot=0 search=0 shadowlord=0 trapped=0 contents=30 slot=-1
110: [I][AlphaRuntime] U5OBJ POST_HYDRATE_OBJ index=4 loc=17 floor=-1 x=9 y=9 tile=286 chest=0 prop=1 plot=0 item=8 loot=0 search=0 shadowlord=0 trapped=0 contents=30 slot=-1
110: [I][AlphaSave] SD_HEAP operation=release-reserved-dma state=gameplay-save free_internal=67108864 free_dma=67108864 largest_dma=67108864 largest_internal=67108864 requested_dma=8192
110: [I][AlphaSave] SD_HEAP operation=sd-window-open state=gameplay-save free_internal=67108864 free_dma=67108864 largest_dma=67108864 largest_internal=67108864 requested_dma=512
110: [I][AlphaSave] NEWGAME_SAVE stage=create-root-directory result=ok esp_err=ESP_OK errno=0 path=/sd/ultima5 stack_margin=32768
110: [I][AlphaSave] NEWGAME_SAVE stage=create-save-directory result=ok esp_err=ESP_OK errno=0 path=/sd/ultima5/saves stack_margin=32768
110: [I][AlphaSave] SD_HEAP operation=free-space-before state=gameplay-save free_internal=67108864 free_dma=67108864 largest_dma=67108864 largest_internal=67108864 requested_dma=512
110: [I][AlphaSave] SD_HEAP operation=free-space-call-enter state=gameplay-save free_internal=67108864 free_dma=67108864 largest_dma=67108864 largest_internal=67108864 requested_dma=512
110: [I][AlphaSave] SD_HEAP operation=free-space-call-exit state=gameplay-save free_internal=67108864 free_dma=67108864 largest_dma=67108864 largest_internal=67108864 requested_dma=512
110: [I][AlphaSave] SD_HEAP operation=free-space-after state=gameplay-save free_internal=67108864 free_dma=67108864 largest_dma=67108864 largest_internal=67108864 requested_dma=512
110: [I][AlphaSave] SD_SPACE path=/sd api=esp_vfs_fat_info/f_getfree return=ESP_OK(0x0) errno=0 total_bytes=34359738368 free_bytes=8589934592 total_sectors=67108864 free_sectors=16777216 sector_bytes=512
110: [I][AlphaSave] NEWGAME_SAVE stage=free-space-query result=ok esp_err=ESP_OK errno=0 path=/sd stack_margin=32768
110: [I][AlphaSave] NEWGAME_SAVE stage=free-space result=ok esp_err=ESP_OK errno=0 path=/sd stack_margin=32768
110: [I][AlphaSave] SAVE_TARGET save_slot=1 newest=1 accepted=1 slot=0 keep=1 sequence=2
110: [I][AlphaSave] NEWGAME_SAVE stage=gam-encode result=ok esp_err=ESP_OK errno=0 path=INIT.GAM stack_margin=32768
110: [I][AlphaSave] NEWGAME_SAVE stage=ool-encode result=ok esp_err=ESP_OK errno=0 path=INIT.OOL stack_margin=32768
110: [I][AlphaSave] NEWGAME_SAVE stage=json-encode result=ok esp_err=ESP_OK errno=0 path=sidecar stack_margin=32768
110: [I][AlphaSave] SD_HEAP operation=write-gam-temp state=gameplay-save free_internal=67108864 free_dma=67108864 largest_dma=67108864 largest_internal=67108864 requested_dma=512
110: [I][AlphaSave] NEWGAME_SAVE stage=write-gam-temp result=ok esp_err=ESP_OK errno=0 path=/sd/ultima5/saves/alpha1-s2-g0.gam.tmp stack_margin=32768
110: [I][AlphaSave] SD_HEAP operation=write-ool-temp state=gameplay-save free_internal=67108864 free_dma=67108864 largest_dma=67108864 largest_internal=67108864 requested_dma=512
110: [I][AlphaSave] NEWGAME_SAVE stage=write-ool-temp result=ok esp_err=ESP_OK errno=0 path=/sd/ultima5/saves/alpha1-s2-g0.ool.tmp stack_margin=32768
110: [I][AlphaSave] SD_HEAP operation=write-json-temp state=gameplay-save free_internal=67108864 free_dma=67108864 largest_dma=67108864 largest_internal=67108864 requested_dma=512
110: [I][AlphaSave] NEWGAME_SAVE stage=write-json-temp result=ok esp_err=ESP_OK errno=0 path=/sd/ultima5/saves/alpha1-s2-g0.json.tmp stack_margin=32768
110: [I][AlphaSave] SD_HEAP operation=crc-readback state=gameplay-save free_internal=67108864 free_dma=67108864 largest_dma=67108864 largest_internal=67108864 requested_dma=512
110: [I][AlphaSave] NEWGAME_SAVE stage=crc-readback result=fail esp_err=ESP_FAIL errno=2 path=/sd/ultima5/saves stack_margin=32768
110: [E][AlphaSave] slot 1 generation 0 save failed (errno=2); previous generation retained
110: [I][AlphaSave] save generation=2 save_slot=1 slot=0 time=3 ms json=5877
110: [I][AlphaSave] SD_HEAP operation=dma-reserve-restored state=gameplay-save free_internal=67108864 free_dma=67108864 largest_dma=67108864 largest_internal=67108864 requested_dma=8192
110: [W][AlphaRuntime] PC_IMPORT slot=1 failed: crc-readback failed (errno 2)
110: [I][AlphaSave] SD_HEAP operation=release-reserved-dma state=save-catalog free_internal=67108864 free_dma=67108864 largest_dma=67108864 largest_internal=67108864 requested_dma=8192
110: [I][AlphaSave] SD_HEAP operation=sd-window-open state=save-catalog free_internal=67108864 free_dma=67108864 largest_dma=67108864 largest_internal=67108864 requested_dma=512
110: [I][AlphaSave] SAVE_CATALOG slot1=empty slot2=cached slot3=empty staged=0 bytes=32 commit_us=274 verify_us=0 total_us=283
110: [I][AlphaSave] SD_HEAP operation=dma-reserve-restored state=save-catalog free_internal=67108864 free_dma=67108864 largest_dma=67108864 largest_internal=67108864 requested_dma=8192
110: [I][AlphaSave] SD_HEAP operation=release-reserved-dma state=pc-import-read free_internal=67108864 free_dma=67108864 largest_dma=67108864 largest_internal=67108864 requested_dma=8192
110: [I][AlphaSave] SD_HEAP operation=sd-window-open state=pc-import-read free_internal=67108864 free_dma=67108864 largest_dma=67108864 largest_internal=67108864 requested_dma=512
110: [I][AlphaSave] PC_IMPORT_READ gam=4192 ool=512
110: [I][AlphaSave] SD_HEAP operation=dma-reserve-restored state=pc-import-read free_internal=67108864 free_dma=67108864 largest_dma=67108864 largest_internal=67108864 requested_dma=8192
110: [I][AlphaSave] SD_HEAP operation=release-reserved-dma state=pc-import-marker free_internal=67108864 free_dma=67108864 largest_dma=67108864 largest_internal=67108864 requested_dma=8192
110: [I][AlphaSave] SD_HEAP operation=sd-window-open state=pc-import-marker free_internal=67108864 free_dma=67108864 largest_dma=67108864 largest_internal=67108864 requested_dma=512
110: [I][AlphaSave] SD_HEAP operation=dma-reserve-restored state=pc-import-marker free_internal=67108864 free_dma=67108864 largest_dma=67108864 largest_internal=67108864 requested_dma=8192
110: [I][AlphaRuntime] FRONTEND_INTENT intent=import-pc-save slot=1 ok=0 message="Import failed. Slot 2 is unchanged"
110: [I][AlphaSave] SD_HEAP operation=release-reserved-dma state=load-slot free_internal=67108864 free_dma=67108864 largest_dma=67108864 largest_internal=67108864 requested_dma=8192
110: [I][AlphaSave] SD_HEAP operation=sd-window-open state=load-slot free_internal=67108864 free_dma=67108864 largest_dma=67108864 largest_internal=67108864 requested_dma=512
110: [I][AlphaSave] SAVE_SCRATCH psram_bytes=11888
110: [I][AlphaSave] load save_slot=1 slot=1 time=2 ms status=0
110: [I][AlphaSave] SD_HEAP operation=dma-reserve-restored state=load-slot free_internal=67108864 free_dma=67108864 largest_dma=67108864 largest_internal=67108864 requested_dma=8192
110: [I][AlphaRuntime] INPUT_EDGE raw=00,00,00,00,00 prev=00,00,00,00,00 matrix=0,0 physical=matrix-key edge=press mods=S0,A0,H0 printable=20 base=00 symbol=00 ui=inventory emitted=character action_char=32 shortcut=none
110: [I][AlphaRuntime] FRONTEND_INPUT raw=keyboard action=character char=32 accepted=1 state=error->error phase=name->name name=""->""
110: [I][AlphaRuntime] FRONTEND_STATE count=63 from=error to=error reason=input reconstructed=0
110:   GREEN F3    the post-write check failing (the new generation reads back short): failure is reported and the slot still restores its previous journey
110: [I][AlphaRuntime] INPUT_EDGE raw=00,00,00,00,00 prev=00,00,00,00,00 matrix=0,0 physical=matrix-key edge=press mods=S0,A0,H0 printable=08 base=00 symbol=00 ui=inventory emitted=back action_char=0 shortcut=none
110: [I][AlphaRuntime] FRONTEND_INPUT raw=keyboard action=back char=0 accepted=1 state=error->menu phase=name->name name=""->""
110: [I][AlphaRuntime] FRONTEND_STATE count=64 from=error to=menu reason=input reconstructed=0
110: [I][AlphaRuntime] INPUT_EDGE raw=00,00,00,00,00 prev=00,00,00,00,00 matrix=0,0 physical=matrix-key edge=press mods=S0,A0,H0 printable=70 base=00 symbol=00 ui=inventory emitted=character action_char=112 shortcut=none
110: [I][AlphaRuntime] FRONTEND_INPUT raw=keyboard action=character char=112 accepted=1 state=menu->error phase=name->name name=""->""
110: [I][AlphaRuntime] FRONTEND_STATE count=65 from=menu to=error reason=input reconstructed=0
110: [I][AlphaRuntime] FRONTEND_INTENT intent=inspect-pc-saves storage_begin=1 phase=name name="" gender=0x0b stack_margin=32768
110: [I][AlphaSave] SD_HEAP operation=release-reserved-dma state=save-catalog free_internal=67108864 free_dma=67108864 largest_dma=67108864 largest_internal=67108864 requested_dma=8192
110: [I][AlphaSave] SD_HEAP operation=sd-window-open state=save-catalog free_internal=67108864 free_dma=67108864 largest_dma=67108864 largest_internal=67108864 requested_dma=512
110: [I][AlphaSave] SAVE_CATALOG slot1=empty slot2=cached slot3=empty staged=0 bytes=32 commit_us=293 verify_us=0 total_us=299
110: [I][AlphaSave] SD_HEAP operation=dma-reserve-restored state=save-catalog free_internal=67108864 free_dma=67108864 largest_dma=67108864 largest_internal=67108864 requested_dma=8192
110: [I][AlphaSave] SD_HEAP operation=release-reserved-dma state=pc-import-read free_internal=67108864 free_dma=67108864 largest_dma=67108864 largest_internal=67108864 requested_dma=8192
110: [I][AlphaSave] SD_HEAP operation=sd-window-open state=pc-import-read free_internal=67108864 free_dma=67108864 largest_dma=67108864 largest_internal=67108864 requested_dma=512
110: [I][AlphaSave] PC_IMPORT_READ gam=4192 ool=512
110: [I][AlphaSave] SD_HEAP operation=dma-reserve-restored state=pc-import-read free_internal=67108864 free_dma=67108864 largest_dma=67108864 largest_internal=67108864 requested_dma=8192
110: [I][AlphaSave] SD_HEAP operation=release-reserved-dma state=pc-import-marker free_internal=67108864 free_dma=67108864 largest_dma=67108864 largest_internal=67108864 requested_dma=8192
110: [I][AlphaSave] SD_HEAP operation=sd-window-open state=pc-import-marker free_internal=67108864 free_dma=67108864 largest_dma=67108864 largest_internal=67108864 requested_dma=512
110: [I][AlphaSave] SD_HEAP operation=dma-reserve-restored state=pc-import-marker free_internal=67108864 free_dma=67108864 largest_dma=67108864 largest_internal=67108864 requested_dma=8192
110: [I][AlphaRuntime] INPUT_EDGE raw=00,00,00,00,00 prev=00,00,00,00,00 matrix=0,0 physical=matrix-key edge=press mods=S0,A0,H0 printable=0d base=00 symbol=00 ui=inventory emitted=confirm action_char=0 shortcut=none
110: [I][AlphaRuntime] FRONTEND_INPUT raw=keyboard action=confirm char=0 accepted=1 state=error->error phase=name->name name=""->""
110: [I][AlphaRuntime] FRONTEND_STATE count=66 from=error to=error reason=input reconstructed=0
110: [I][AlphaRuntime] FRONTEND_INPUT raw=trackball-down action=direction char=0 accepted=1 state=error->error phase=name->name name=""->""
110: [I][AlphaRuntime] INPUT_EDGE raw=00,00,00,00,00 prev=00,00,00,00,00 matrix=0,0 physical=matrix-key edge=press mods=S0,A0,H0 printable=0d base=00 symbol=00 ui=inventory emitted=confirm action_char=0 shortcut=none
110: [I][AlphaRuntime] FRONTEND_INPUT raw=keyboard action=confirm char=0 accepted=1 state=error->error phase=name->name name=""->""
110: [I][AlphaRuntime] FRONTEND_INPUT raw=trackball-down action=direction char=0 accepted=1 state=error->error phase=name->name name=""->""
110: [I][AlphaRuntime] INPUT_EDGE raw=00,00,00,00,00 prev=00,00,00,00,00 matrix=0,0 physical=matrix-key edge=press mods=S0,A0,H0 printable=0d base=00 symbol=00 ui=inventory emitted=confirm action_char=0 shortcut=none
110: [I][AlphaRuntime] FRONTEND_INPUT raw=keyboard action=confirm char=0 accepted=1 state=error->error phase=name->name name=""->""
110: [I][AlphaRuntime] FRONTEND_INTENT intent=import-pc-save storage_begin=1 phase=name name="" gender=0x0b stack_margin=32768
110: [I][AlphaSave] SD_HEAP operation=release-reserved-dma state=pc-import-read free_internal=67108864 free_dma=67108864 largest_dma=67108864 largest_internal=67108864 requested_dma=8192
110: [I][AlphaSave] SD_HEAP operation=sd-window-open state=pc-import-read free_internal=67108864 free_dma=67108864 largest_dma=67108864 largest_internal=67108864 requested_dma=512
110: [I][AlphaSave] PC_IMPORT_READ gam=4192 ool=512
110: [I][AlphaSave] SD_HEAP operation=dma-reserve-restored state=pc-import-read free_internal=67108864 free_dma=67108864 largest_dma=67108864 largest_internal=67108864 requested_dma=8192
110: [I][AlphaRuntime] U5OBJ CLEAR site=load-restore pool_before=0
110: [I][AlphaRuntime] WORLD_OBJECTS_RESTORE count=0
110: [I][AlphaRuntime] DUNGEON_RESTORE active=0 dungeon=33 depth=0
110: [I][AlphaRuntime] LOAD_TRANSIENT_RESET ui=explore->explore request=0 views=0 questions=0
110: [I][AlphaRuntime] U5OBJ SOURCE loc=17 floor=0 hour=3 table=found table_loc=17 count=32 slots=present tables=32 npc_dead=0x00000000 pool_before=0
110: [I][AlphaRuntime] U5OBJ SRC slot=23 index=23 type=1(0x01) tile=257 dialog=0 x=16,16,16 y=21,21,21 z=255,255,255 schedule=0,0,0,0 ai=0,0,0
110: [I][AlphaRuntime] U5OBJ SRC slot=24 index=24 type=1(0x01) tile=257 dialog=0 x=17,17,17 y=22,22,22 z=255,255,255 schedule=0,0,0,0 ai=0,0,0
110: [I][AlphaRuntime] U5OBJ SRC slot=25 index=25 type=1(0x01) tile=257 dialog=0 x=13,13,13 y=23,23,23 z=255,255,255 schedule=0,0,0,0 ai=0,0,0
110: [I][AlphaRuntime] U5OBJ SRC slot=28 index=28 type=30(0x1e) tile=286 dialog=0 x=9,9,9 y=9,9,9 z=255,255,255 schedule=0,0,0,0 ai=0,0,0
110: [I][AlphaRuntime] U5OBJ RESERVE request=32 current_size=0 current_capacity=32 object_bytes=68 need_bytes=2176 target_bytes=2176 free_internal=67108864 largest_internal=67108864 free_psram=67108864 largest_psram=67108864 free_default=67108864 guard=free_psram>=need+32768 result=1
110: [I][AlphaRuntime] U5OBJ RESERVE_DONE size=0 capacity=32 storage_heap=internal
110: [I][AlphaRuntime] U5OBJ HYDRATE slot=23 index=23 ACCEPT schedule=0 loc=17 floor=-1 x=16 y=21 tile=257 chest=1 prop=0 plot=0 item=8 contents=30 pool_index=1
110: [I][AlphaRuntime] CHEST_INSERT source=authored/hydrated loc=17 floor=-1 world_x=16 world_y=21 object_id=1 type=chest flags=none trap=0 contents=30 collection_count_before=1 after=2
110: [I][AlphaRuntime] U5OBJ HYDRATE slot=24 index=24 ACCEPT schedule=0 loc=17 floor=-1 x=17 y=22 tile=257 chest=1 prop=0 plot=0 item=8 contents=30 pool_index=2
110: [I][AlphaRuntime] CHEST_INSERT source=authored/hydrated loc=17 floor=-1 world_x=17 world_y=22 object_id=2 type=chest flags=none trap=0 contents=30 collection_count_before=2 after=3
110: [I][AlphaRuntime] U5OBJ HYDRATE slot=25 index=25 ACCEPT schedule=0 loc=17 floor=-1 x=13 y=23 tile=257 chest=1 prop=0 plot=0 item=8 contents=30 pool_index=3
110: [I][AlphaRuntime] CHEST_INSERT source=authored/hydrated loc=17 floor=-1 world_x=13 world_y=23 object_id=3 type=chest flags=none trap=0 contents=30 collection_count_before=3 after=4
110: [I][AlphaRuntime] U5OBJ HYDRATE slot=28 index=28 ACCEPT schedule=0 loc=17 floor=-1 x=9 y=9 tile=286 chest=0 prop=1 plot=0 item=8 contents=30 pool_index=4
110: [I][AlphaRuntime] U5OBJ POST_HYDRATE result=1 reason=ok pool_size=6 accepted=6 dropped=26 hydrate_calls=13
110: [I][AlphaRuntime] U5OBJ POST_HYDRATE_OBJ index=1 loc=17 floor=-1 x=16 y=21 tile=257 chest=1 prop=0 plot=0 item=8 loot=0 search=0 shadowlord=0 trapped=0 contents=30 slot=-1
110: [I][AlphaRuntime] U5OBJ POST_HYDRATE_OBJ index=2 loc=17 floor=-1 x=17 y=22 tile=257 chest=1 prop=0 plot=0 item=8 loot=0 search=0 shadowlord=0 trapped=0 contents=30 slot=-1
110: [I][AlphaRuntime] U5OBJ POST_HYDRATE_OBJ index=3 loc=17 floor=-1 x=13 y=23 tile=257 chest=1 prop=0 plot=0 item=8 loot=0 search=0 shadowlord=0 trapped=0 contents=30 slot=-1
110: [I][AlphaRuntime] U5OBJ POST_HYDRATE_OBJ index=4 loc=17 floor=-1 x=9 y=9 tile=286 chest=0 prop=1 plot=0 item=8 loot=0 search=0 shadowlord=0 trapped=0 contents=30 slot=-1
110: [I][AlphaSave] SD_HEAP operation=release-reserved-dma state=gameplay-save free_internal=67108864 free_dma=67108864 largest_dma=67108864 largest_internal=67108864 requested_dma=8192
110: [I][AlphaSave] SD_HEAP operation=sd-window-open state=gameplay-save free_internal=67108864 free_dma=67108864 largest_dma=67108864 largest_internal=67108864 requested_dma=512
110: [I][AlphaSave] NEWGAME_SAVE stage=create-root-directory result=ok esp_err=ESP_OK errno=0 path=/sd/ultima5 stack_margin=32768
110: [I][AlphaSave] NEWGAME_SAVE stage=create-save-directory result=ok esp_err=ESP_OK errno=0 path=/sd/ultima5/saves stack_margin=32768
110: [I][AlphaSave] SD_HEAP operation=free-space-before state=gameplay-save free_internal=67108864 free_dma=67108864 largest_dma=67108864 largest_internal=67108864 requested_dma=512
110: [I][AlphaSave] SD_HEAP operation=free-space-call-enter state=gameplay-save free_internal=67108864 free_dma=67108864 largest_dma=67108864 largest_internal=67108864 requested_dma=512
110: [I][AlphaSave] SD_HEAP operation=free-space-call-exit state=gameplay-save free_internal=67108864 free_dma=67108864 largest_dma=67108864 largest_internal=67108864 requested_dma=512
110: [I][AlphaSave] SD_HEAP operation=free-space-after state=gameplay-save free_internal=67108864 free_dma=67108864 largest_dma=67108864 largest_internal=67108864 requested_dma=512
110: [I][AlphaSave] SD_SPACE path=/sd api=esp_vfs_fat_info/f_getfree return=ESP_OK(0x0) errno=0 total_bytes=34359738368 free_bytes=8589934592 total_sectors=67108864 free_sectors=16777216 sector_bytes=512
110: [I][AlphaSave] NEWGAME_SAVE stage=free-space-query result=ok esp_err=ESP_OK errno=0 path=/sd stack_margin=32768
110: [I][AlphaSave] NEWGAME_SAVE stage=free-space result=ok esp_err=ESP_OK errno=0 path=/sd stack_margin=32768
110: [I][AlphaSave] SAVE_TARGET save_slot=1 newest=1 accepted=1 slot=0 keep=1 sequence=2
110: [I][AlphaSave] NEWGAME_SAVE stage=gam-encode result=ok esp_err=ESP_OK errno=0 path=INIT.GAM stack_margin=32768
110: [I][AlphaSave] NEWGAME_SAVE stage=ool-encode result=ok esp_err=ESP_OK errno=0 path=INIT.OOL stack_margin=32768
110: [I][AlphaSave] NEWGAME_SAVE stage=json-encode result=ok esp_err=ESP_OK errno=0 path=sidecar stack_margin=32768
110: [I][AlphaSave] SD_HEAP operation=write-gam-temp state=gameplay-save free_internal=67108864 free_dma=67108864 largest_dma=67108864 largest_internal=67108864 requested_dma=512
110: [I][AlphaSave] NEWGAME_SAVE stage=write-gam-temp result=ok esp_err=ESP_OK errno=0 path=/sd/ultima5/saves/alpha1-s2-g0.gam.tmp stack_margin=32768
110: [I][AlphaSave] SD_HEAP operation=write-ool-temp state=gameplay-save free_internal=67108864 free_dma=67108864 largest_dma=67108864 largest_internal=67108864 requested_dma=512
110: [I][AlphaSave] NEWGAME_SAVE stage=write-ool-temp result=ok esp_err=ESP_OK errno=0 path=/sd/ultima5/saves/alpha1-s2-g0.ool.tmp stack_margin=32768
110: [I][AlphaSave] SD_HEAP operation=write-json-temp state=gameplay-save free_internal=67108864 free_dma=67108864 largest_dma=67108864 largest_internal=67108864 requested_dma=512
110: [I][AlphaSave] NEWGAME_SAVE stage=write-json-temp result=ok esp_err=ESP_OK errno=0 path=/sd/ultima5/saves/alpha1-s2-g0.json.tmp stack_margin=32768
110: [I][AlphaSave] SD_HEAP operation=crc-readback state=gameplay-save free_internal=67108864 free_dma=67108864 largest_dma=67108864 largest_internal=67108864 requested_dma=512
110: [I][AlphaSave] NEWGAME_SAVE stage=crc-readback result=ok esp_err=ESP_OK errno=0 path=/sd/ultima5/saves stack_margin=32768
110: [I][AlphaSave] NEWGAME_SAVE stage=rename-gam result=ok esp_err=ESP_OK errno=0 path=/sd/ultima5/saves/alpha1-s2-g0.gam stack_margin=32768
110: [I][AlphaSave] NEWGAME_SAVE stage=rename-ool result=ok esp_err=ESP_OK errno=0 path=/sd/ultima5/saves/alpha1-s2-g0.ool stack_margin=32768
110: [I][AlphaSave] NEWGAME_SAVE stage=rename-json result=ok esp_err=ESP_OK errno=0 path=/sd/ultima5/saves/alpha1-s2-g0.json stack_margin=32768
110: [I][AlphaSave] NEWGAME_SAVE stage=write-commit-temp result=ok esp_err=ESP_OK errno=0 path=/sd/ultima5/saves/alpha1-s2-g0.commit.tmp stack_margin=32768
110: [I][AlphaSave] NEWGAME_SAVE stage=rename-commit result=ok esp_err=ESP_OK errno=0 path=/sd/ultima5/saves/alpha1-s2-g0.commit stack_margin=32768
110: [I][AlphaSave] NEWGAME_SAVE stage=semantic-validation result=ok esp_err=ESP_OK errno=0 path=/sd/ultima5/saves/alpha1-s2-g0.commit stack_margin=32768
110: [I][AlphaSave] NEWGAME_SAVE stage=generation-final result=ok esp_err=ESP_OK errno=0 path=/sd/ultima5/saves/alpha1-s2-g0.commit stack_margin=32768
110: [I][AlphaSave] save generation=2 save_slot=1 slot=0 time=6 ms json=5877
110: [I][AlphaSave] SD_HEAP operation=dma-reserve-restored state=gameplay-save free_internal=67108864 free_dma=67108864 largest_dma=67108864 largest_internal=67108864 requested_dma=8192
110: [I][AlphaSave] SD_HEAP operation=release-reserved-dma state=save-catalog free_internal=67108864 free_dma=67108864 largest_dma=67108864 largest_internal=67108864 requested_dma=8192
110: [I][AlphaSave] SD_HEAP operation=sd-window-open state=save-catalog free_internal=67108864 free_dma=67108864 largest_dma=67108864 largest_internal=67108864 requested_dma=512
110: [I][AlphaSave] SAVE_CATALOG slot1=empty slot2=cached slot3=empty staged=0 bytes=64 commit_us=208 verify_us=0 total_us=213
110: [I][AlphaSave] SD_HEAP operation=dma-reserve-restored state=save-catalog free_internal=67108864 free_dma=67108864 largest_dma=67108864 largest_internal=67108864 requested_dma=8192
110: [I][AlphaSave] SD_HEAP operation=release-reserved-dma state=pc-import-marker free_internal=67108864 free_dma=67108864 largest_dma=67108864 largest_internal=67108864 requested_dma=8192
110: [I][AlphaSave] SD_HEAP operation=sd-window-open state=pc-import-marker free_internal=67108864 free_dma=67108864 largest_dma=67108864 largest_internal=67108864 requested_dma=512
110: [I][AlphaSave] SD_HEAP operation=dma-reserve-restored state=pc-import-marker free_internal=67108864 free_dma=67108864 largest_dma=67108864 largest_internal=67108864 requested_dma=8192
110: [I][AlphaRuntime] PC_IMPORT slot=1 location=17 frigates=0 horses=0 skiffs=1 search=0 ms=6
110: [I][AlphaSave] SD_HEAP operation=release-reserved-dma state=save-catalog free_internal=67108864 free_dma=67108864 largest_dma=67108864 largest_internal=67108864 requested_dma=8192
110: [I][AlphaSave] SD_HEAP operation=sd-window-open state=save-catalog free_internal=67108864 free_dma=67108864 largest_dma=67108864 largest_internal=67108864 requested_dma=512
110: [I][AlphaSave] SAVE_CATALOG slot1=empty slot2=cached slot3=empty staged=0 bytes=64 commit_us=135 verify_us=0 total_us=139
110: [I][AlphaSave] SD_HEAP operation=dma-reserve-restored state=save-catalog free_internal=67108864 free_dma=67108864 largest_dma=67108864 largest_internal=67108864 requested_dma=8192
110: [I][AlphaSave] SD_HEAP operation=release-reserved-dma state=pc-import-read free_internal=67108864 free_dma=67108864 largest_dma=67108864 largest_internal=67108864 requested_dma=8192
110: [I][AlphaSave] SD_HEAP operation=sd-window-open state=pc-import-read free_internal=67108864 free_dma=67108864 largest_dma=67108864 largest_internal=67108864 requested_dma=512
110: [I][AlphaSave] PC_IMPORT_READ gam=4192 ool=512
110: [I][AlphaSave] SD_HEAP operation=dma-reserve-restored state=pc-import-read free_internal=67108864 free_dma=67108864 largest_dma=67108864 largest_internal=67108864 requested_dma=8192
110: [I][AlphaSave] SD_HEAP operation=release-reserved-dma state=pc-import-marker free_internal=67108864 free_dma=67108864 largest_dma=67108864 largest_internal=67108864 requested_dma=8192
110: [I][AlphaSave] SD_HEAP operation=sd-window-open state=pc-import-marker free_internal=67108864 free_dma=67108864 largest_dma=67108864 largest_internal=67108864 requested_dma=512
110: [I][AlphaSave] SD_HEAP operation=dma-reserve-restored state=pc-import-marker free_internal=67108864 free_dma=67108864 largest_dma=67108864 largest_internal=67108864 requested_dma=8192
110: [I][AlphaRuntime] FRONTEND_INTENT intent=import-pc-save slot=1 ok=1 message="Imported into Slot 2. The PC files are kept"
110: [I][AlphaSave] SD_HEAP operation=release-reserved-dma state=load-slot free_internal=67108864 free_dma=67108864 largest_dma=67108864 largest_internal=67108864 requested_dma=8192
110: [I][AlphaSave] SD_HEAP operation=sd-window-open state=load-slot free_internal=67108864 free_dma=67108864 largest_dma=67108864 largest_internal=67108864 requested_dma=512
110: [I][AlphaSave] SAVE_SCRATCH psram_bytes=11888
110: [I][AlphaSave] load save_slot=1 slot=0 time=3 ms status=0
110: [I][AlphaSave] SD_HEAP operation=dma-reserve-restored state=load-slot free_internal=67108864 free_dma=67108864 largest_dma=67108864 largest_internal=67108864 requested_dma=8192
110:   GREEN F4    retrying after the fault imports normally
110: 
110: [X] export
110: [I][AlphaSave] SD_HEAP operation=release-reserved-dma state=gameplay-save free_internal=67108864 free_dma=67108864 largest_dma=67108864 largest_internal=67108864 requested_dma=8192
110: [I][AlphaSave] SD_HEAP operation=sd-window-open state=gameplay-save free_internal=67108864 free_dma=67108864 largest_dma=67108864 largest_internal=67108864 requested_dma=512
110: [I][AlphaSave] SAVE_SCRATCH psram_bytes=11888
110: [I][AlphaSave] NEWGAME_SAVE stage=create-root-directory result=ok esp_err=ESP_OK errno=0 path=/sd/ultima5 stack_margin=32768
110: [I][AlphaSave] NEWGAME_SAVE stage=create-save-directory result=ok esp_err=ESP_OK errno=0 path=/sd/ultima5/saves stack_margin=32768
110: [I][AlphaSave] SD_HEAP operation=free-space-before state=gameplay-save free_internal=67108864 free_dma=67108864 largest_dma=67108864 largest_internal=67108864 requested_dma=512
110: [I][AlphaSave] SD_HEAP operation=free-space-call-enter state=gameplay-save free_internal=67108864 free_dma=67108864 largest_dma=67108864 largest_internal=67108864 requested_dma=512
110: [I][AlphaSave] SD_HEAP operation=free-space-call-exit state=gameplay-save free_internal=67108864 free_dma=67108864 largest_dma=67108864 largest_internal=67108864 requested_dma=512
110: [I][AlphaSave] SD_HEAP operation=free-space-after state=gameplay-save free_internal=67108864 free_dma=67108864 largest_dma=67108864 largest_internal=67108864 requested_dma=512
110: [I][AlphaSave] SD_SPACE path=/sd api=esp_vfs_fat_info/f_getfree return=ESP_OK(0x0) errno=0 total_bytes=34359738368 free_bytes=8589934592 total_sectors=67108864 free_sectors=16777216 sector_bytes=512
110: [I][AlphaSave] NEWGAME_SAVE stage=free-space-query result=ok esp_err=ESP_OK errno=0 path=/sd stack_margin=32768
110: [I][AlphaSave] NEWGAME_SAVE stage=free-space result=ok esp_err=ESP_OK errno=0 path=/sd stack_margin=32768
110: [I][AlphaSave] SAVE_TARGET save_slot=0 newest=-1 accepted=0 slot=1 keep=-1 sequence=1
110: [I][AlphaSave] NEWGAME_SAVE stage=gam-encode result=ok esp_err=ESP_OK errno=0 path=INIT.GAM stack_margin=32768
110: [I][AlphaSave] NEWGAME_SAVE stage=ool-encode result=ok esp_err=ESP_OK errno=0 path=INIT.OOL stack_margin=32768
110: [I][AlphaSave] NEWGAME_SAVE stage=json-encode result=ok esp_err=ESP_OK errno=0 path=sidecar stack_margin=32768
110: [I][AlphaSave] SD_HEAP operation=write-gam-temp state=gameplay-save free_internal=67108864 free_dma=67108864 largest_dma=67108864 largest_internal=67108864 requested_dma=512
110: [I][AlphaSave] NEWGAME_SAVE stage=write-gam-temp result=ok esp_err=ESP_OK errno=0 path=/sd/ultima5/saves/alpha1-g1.gam.tmp stack_margin=32768
110: [I][AlphaSave] SD_HEAP operation=write-ool-temp state=gameplay-save free_internal=67108864 free_dma=67108864 largest_dma=67108864 largest_internal=67108864 requested_dma=512
110: [I][AlphaSave] NEWGAME_SAVE stage=write-ool-temp result=ok esp_err=ESP_OK errno=0 path=/sd/ultima5/saves/alpha1-g1.ool.tmp stack_margin=32768
110: [I][AlphaSave] SD_HEAP operation=write-json-temp state=gameplay-save free_internal=67108864 free_dma=67108864 largest_dma=67108864 largest_internal=67108864 requested_dma=512
110: [I][AlphaSave] NEWGAME_SAVE stage=write-json-temp result=ok esp_err=ESP_OK errno=0 path=/sd/ultima5/saves/alpha1-g1.json.tmp stack_margin=32768
110: [I][AlphaSave] SD_HEAP operation=crc-readback state=gameplay-save free_internal=67108864 free_dma=67108864 largest_dma=67108864 largest_internal=67108864 requested_dma=512
110: [I][AlphaSave] NEWGAME_SAVE stage=crc-readback result=ok esp_err=ESP_OK errno=0 path=/sd/ultima5/saves stack_margin=32768
110: [I][AlphaSave] NEWGAME_SAVE stage=rename-gam result=ok esp_err=ESP_OK errno=0 path=/sd/ultima5/saves/alpha1-g1.gam stack_margin=32768
110: [I][AlphaSave] NEWGAME_SAVE stage=rename-ool result=ok esp_err=ESP_OK errno=0 path=/sd/ultima5/saves/alpha1-g1.ool stack_margin=32768
110: [I][AlphaSave] NEWGAME_SAVE stage=rename-json result=ok esp_err=ESP_OK errno=0 path=/sd/ultima5/saves/alpha1-g1.json stack_margin=32768
110: [I][AlphaSave] NEWGAME_SAVE stage=write-commit-temp result=ok esp_err=ESP_OK errno=0 path=/sd/ultima5/saves/alpha1-g1.commit.tmp stack_margin=32768
110: [I][AlphaSave] NEWGAME_SAVE stage=rename-commit result=ok esp_err=ESP_OK errno=0 path=/sd/ultima5/saves/alpha1-g1.commit stack_margin=32768
110: [I][AlphaSave] NEWGAME_SAVE stage=semantic-validation result=ok esp_err=ESP_OK errno=0 path=/sd/ultima5/saves/alpha1-g1.commit stack_margin=32768
110: [I][AlphaSave] NEWGAME_SAVE stage=generation-final result=ok esp_err=ESP_OK errno=0 path=/sd/ultima5/saves/alpha1-g1.commit stack_margin=32768
110: [I][AlphaSave] save generation=1 save_slot=0 slot=1 time=5 ms json=1994
110: [I][AlphaSave] SD_HEAP operation=dma-reserve-restored state=gameplay-save free_internal=67108864 free_dma=67108864 largest_dma=67108864 largest_internal=67108864 requested_dma=8192
110: [I][AlphaRuntime] INPUT_EDGE raw=00,00,00,00,00 prev=00,00,00,00,00 matrix=0,0 physical=matrix-key edge=press mods=S0,A0,H0 printable=08 base=00 symbol=00 ui=inventory emitted=back action_char=0 shortcut=none
110: [I][AlphaRuntime] FRONTEND_INPUT raw=keyboard action=back char=0 accepted=1 state=error->menu phase=name->name name=""->""
110: [I][AlphaRuntime] FRONTEND_STATE count=67 from=error to=menu reason=input reconstructed=0
110: [I][AlphaRuntime] INPUT_EDGE raw=00,00,00,00,00 prev=00,00,00,00,00 matrix=0,0 physical=matrix-key edge=press mods=S0,A0,H0 printable=70 base=00 symbol=00 ui=inventory emitted=character action_char=112 shortcut=none
110: [I][AlphaRuntime] FRONTEND_INPUT raw=keyboard action=character char=112 accepted=1 state=menu->error phase=name->name name=""->""
110: [I][AlphaRuntime] FRONTEND_STATE count=68 from=menu to=error reason=input reconstructed=0
110: [I][AlphaRuntime] FRONTEND_INTENT intent=inspect-pc-saves storage_begin=1 phase=name name="" gender=0x0b stack_margin=32768
110: [I][AlphaSave] SD_HEAP operation=release-reserved-dma state=save-catalog free_internal=67108864 free_dma=67108864 largest_dma=67108864 largest_internal=67108864 requested_dma=8192
110: [I][AlphaSave] SD_HEAP operation=sd-window-open state=save-catalog free_internal=67108864 free_dma=67108864 largest_dma=67108864 largest_internal=67108864 requested_dma=512
110: [I][AlphaSave] SAVE_CATALOG slot1=cached slot2=empty slot3=empty staged=0 bytes=32 commit_us=139 verify_us=0 total_us=146
110: [I][AlphaSave] SD_HEAP operation=dma-reserve-restored state=save-catalog free_internal=67108864 free_dma=67108864 largest_dma=67108864 largest_internal=67108864 requested_dma=8192
110: [I][AlphaSave] SD_HEAP operation=release-reserved-dma state=pc-import-read free_internal=67108864 free_dma=67108864 largest_dma=67108864 largest_internal=67108864 requested_dma=8192
110: [I][AlphaSave] SD_HEAP operation=sd-window-open state=pc-import-read free_internal=67108864 free_dma=67108864 largest_dma=67108864 largest_internal=67108864 requested_dma=512
110: [I][AlphaSave] PC_IMPORT_READ gam=4192 ool=512
110: [I][AlphaSave] SD_HEAP operation=dma-reserve-restored state=pc-import-read free_internal=67108864 free_dma=67108864 largest_dma=67108864 largest_internal=67108864 requested_dma=8192
110: [I][AlphaSave] SD_HEAP operation=release-reserved-dma state=pc-import-marker free_internal=67108864 free_dma=67108864 largest_dma=67108864 largest_internal=67108864 requested_dma=8192
110: [I][AlphaSave] SD_HEAP operation=sd-window-open state=pc-import-marker free_internal=67108864 free_dma=67108864 largest_dma=67108864 largest_internal=67108864 requested_dma=512
110: [I][AlphaSave] SD_HEAP operation=dma-reserve-restored state=pc-import-marker free_internal=67108864 free_dma=67108864 largest_dma=67108864 largest_internal=67108864 requested_dma=8192
110: [I][AlphaRuntime] FRONTEND_INPUT raw=trackball-down action=direction char=0 accepted=1 state=error->error phase=name->name name=""->""
110: [I][AlphaRuntime] INPUT_EDGE raw=00,00,00,00,00 prev=00,00,00,00,00 matrix=0,0 physical=matrix-key edge=press mods=S0,A0,H0 printable=0d base=00 symbol=00 ui=inventory emitted=confirm action_char=0 shortcut=none
110: [I][AlphaRuntime] FRONTEND_INPUT raw=keyboard action=confirm char=0 accepted=1 state=error->error phase=name->name name=""->""
110: [I][AlphaRuntime] FRONTEND_STATE count=69 from=error to=error reason=input reconstructed=0
110: [I][AlphaRuntime] INPUT_EDGE raw=00,00,00,00,00 prev=00,00,00,00,00 matrix=0,0 physical=matrix-key edge=press mods=S0,A0,H0 printable=0d base=00 symbol=00 ui=inventory emitted=confirm action_char=0 shortcut=none
110: [I][AlphaRuntime] FRONTEND_INPUT raw=keyboard action=confirm char=0 accepted=1 state=error->error phase=name->name name=""->""
110: [I][AlphaRuntime] FRONTEND_INTENT intent=export-pc-save storage_begin=1 phase=name name="" gender=0x0b stack_margin=32768
110: [I][AlphaSave] SD_HEAP operation=release-reserved-dma state=pc-export free_internal=67108864 free_dma=67108864 largest_dma=67108864 largest_internal=67108864 requested_dma=8192
110: [I][AlphaSave] SD_HEAP operation=sd-window-open state=pc-export free_internal=67108864 free_dma=67108864 largest_dma=67108864 largest_internal=67108864 requested_dma=512
110: [I][AlphaSave] PC_EXPORT slot=0 generation=1 sequence=1 frigates=0 horses=0 skiffs=1 unplaced=0 town=0 time_us=21726
110: [I][AlphaSave] SD_HEAP operation=dma-reserve-restored state=pc-export free_internal=67108864 free_dma=67108864 largest_dma=67108864 largest_internal=67108864 requested_dma=8192
110: [I][AlphaSave] SD_HEAP operation=release-reserved-dma state=save-catalog free_internal=67108864 free_dma=67108864 largest_dma=67108864 largest_internal=67108864 requested_dma=8192
110: [I][AlphaSave] SD_HEAP operation=sd-window-open state=save-catalog free_internal=67108864 free_dma=67108864 largest_dma=67108864 largest_internal=67108864 requested_dma=512
110: [I][AlphaSave] SAVE_CATALOG slot1=cached slot2=empty slot3=empty staged=0 bytes=32 commit_us=112 verify_us=0 total_us=117
110: [I][AlphaSave] SD_HEAP operation=dma-reserve-restored state=save-catalog free_internal=67108864 free_dma=67108864 largest_dma=67108864 largest_internal=67108864 requested_dma=8192
110: [I][AlphaSave] SD_HEAP operation=release-reserved-dma state=pc-import-read free_internal=67108864 free_dma=67108864 largest_dma=67108864 largest_internal=67108864 requested_dma=8192
110: [I][AlphaSave] SD_HEAP operation=sd-window-open state=pc-import-read free_internal=67108864 free_dma=67108864 largest_dma=67108864 largest_internal=67108864 requested_dma=512
110: [I][AlphaSave] PC_IMPORT_READ gam=4192 ool=512
110: [I][AlphaSave] SD_HEAP operation=dma-reserve-restored state=pc-import-read free_internal=67108864 free_dma=67108864 largest_dma=67108864 largest_internal=67108864 requested_dma=8192
110: [I][AlphaSave] SD_HEAP operation=release-reserved-dma state=pc-import-marker free_internal=67108864 free_dma=67108864 largest_dma=67108864 largest_internal=67108864 requested_dma=8192
110: [I][AlphaSave] SD_HEAP operation=sd-window-open state=pc-import-marker free_internal=67108864 free_dma=67108864 largest_dma=67108864 largest_internal=67108864 requested_dma=512
110: [I][AlphaSave] SD_HEAP operation=dma-reserve-restored state=pc-import-marker free_internal=67108864 free_dma=67108864 largest_dma=67108864 largest_internal=67108864 requested_dma=8192
110: [I][AlphaRuntime] FRONTEND_INTENT intent=export-pc-save slot=0 ok=1 message="Slot 1 written to /ultima5/export/slot1"
110:   GREEN X1    Export -> Slot 1: export/slot1 holds SAVED.GAM (4192 B), SAVED.OOL (512 B) and EXPORT.TXT only; the slot's files byte for byte ("Slot 1 written to /ultima5/export/slot1")
110:   GREEN X2    the exported bytes, read at the documented offsets: gold, karma, position, minute, party and the Avatar's name
110:   GREEN X3    the export is the slot's own .gam plus the bridged cells only; no JSON, envelope, commit or slot data in it; EXPORT.TXT names what was left behind
110: [I][AlphaSave] SD_HEAP operation=release-reserved-dma state=gameplay-save free_internal=67108864 free_dma=67108864 largest_dma=67108864 largest_internal=67108864 requested_dma=8192
110: [I][AlphaSave] SD_HEAP operation=sd-window-open state=gameplay-save free_internal=67108864 free_dma=67108864 largest_dma=67108864 largest_internal=67108864 requested_dma=512
110: [I][AlphaSave] SAVE_SCRATCH psram_bytes=11888
110: [I][AlphaSave] NEWGAME_SAVE stage=create-root-directory result=ok esp_err=ESP_OK errno=0 path=/sd/ultima5 stack_margin=32768
110: [I][AlphaSave] NEWGAME_SAVE stage=create-save-directory result=ok esp_err=ESP_OK errno=0 path=/sd/ultima5/saves stack_margin=32768
110: [I][AlphaSave] SD_HEAP operation=free-space-before state=gameplay-save free_internal=67108864 free_dma=67108864 largest_dma=67108864 largest_internal=67108864 requested_dma=512
110: [I][AlphaSave] SD_HEAP operation=free-space-call-enter state=gameplay-save free_internal=67108864 free_dma=67108864 largest_dma=67108864 largest_internal=67108864 requested_dma=512
110: [I][AlphaSave] SD_HEAP operation=free-space-call-exit state=gameplay-save free_internal=67108864 free_dma=67108864 largest_dma=67108864 largest_internal=67108864 requested_dma=512
110: [I][AlphaSave] SD_HEAP operation=free-space-after state=gameplay-save free_internal=67108864 free_dma=67108864 largest_dma=67108864 largest_internal=67108864 requested_dma=512
110: [I][AlphaSave] SD_SPACE path=/sd api=esp_vfs_fat_info/f_getfree return=ESP_OK(0x0) errno=0 total_bytes=34359738368 free_bytes=8589934592 total_sectors=67108864 free_sectors=16777216 sector_bytes=512
110: [I][AlphaSave] NEWGAME_SAVE stage=free-space-query result=ok esp_err=ESP_OK errno=0 path=/sd stack_margin=32768
110: [I][AlphaSave] NEWGAME_SAVE stage=free-space result=ok esp_err=ESP_OK errno=0 path=/sd stack_margin=32768
110: [I][AlphaSave] SAVE_TARGET save_slot=0 newest=1 accepted=1 slot=0 keep=1 sequence=2
110: [I][AlphaSave] NEWGAME_SAVE stage=gam-encode result=ok esp_err=ESP_OK errno=0 path=INIT.GAM stack_margin=32768
110: [I][AlphaSave] NEWGAME_SAVE stage=ool-encode result=ok esp_err=ESP_OK errno=0 path=INIT.OOL stack_margin=32768
110: [I][AlphaSave] NEWGAME_SAVE stage=json-encode result=ok esp_err=ESP_OK errno=0 path=sidecar stack_margin=32768
110: [I][AlphaSave] SD_HEAP operation=write-gam-temp state=gameplay-save free_internal=67108864 free_dma=67108864 largest_dma=67108864 largest_internal=67108864 requested_dma=512
110: [I][AlphaSave] NEWGAME_SAVE stage=write-gam-temp result=ok esp_err=ESP_OK errno=0 path=/sd/ultima5/saves/alpha1-g0.gam.tmp stack_margin=32768
110: [I][AlphaSave] SD_HEAP operation=write-ool-temp state=gameplay-save free_internal=67108864 free_dma=67108864 largest_dma=67108864 largest_internal=67108864 requested_dma=512
110: [I][AlphaSave] NEWGAME_SAVE stage=write-ool-temp result=ok esp_err=ESP_OK errno=0 path=/sd/ultima5/saves/alpha1-g0.ool.tmp stack_margin=32768
110: [I][AlphaSave] SD_HEAP operation=write-json-temp state=gameplay-save free_internal=67108864 free_dma=67108864 largest_dma=67108864 largest_internal=67108864 requested_dma=512
110: [I][AlphaSave] NEWGAME_SAVE stage=write-json-temp result=ok esp_err=ESP_OK errno=0 path=/sd/ultima5/saves/alpha1-g0.json.tmp stack_margin=32768
110: [I][AlphaSave] SD_HEAP operation=crc-readback state=gameplay-save free_internal=67108864 free_dma=67108864 largest_dma=67108864 largest_internal=67108864 requested_dma=512
110: [I][AlphaSave] NEWGAME_SAVE stage=crc-readback result=ok esp_err=ESP_OK errno=0 path=/sd/ultima5/saves stack_margin=32768
110: [I][AlphaSave] NEWGAME_SAVE stage=rename-gam result=ok esp_err=ESP_OK errno=0 path=/sd/ultima5/saves/alpha1-g0.gam stack_margin=32768
110: [I][AlphaSave] NEWGAME_SAVE stage=rename-ool result=ok esp_err=ESP_OK errno=0 path=/sd/ultima5/saves/alpha1-g0.ool stack_margin=32768
110: [I][AlphaSave] NEWGAME_SAVE stage=rename-json result=ok esp_err=ESP_OK errno=0 path=/sd/ultima5/saves/alpha1-g0.json stack_margin=32768
110: [I][AlphaSave] NEWGAME_SAVE stage=write-commit-temp result=ok esp_err=ESP_OK errno=0 path=/sd/ultima5/saves/alpha1-g0.commit.tmp stack_margin=32768
110: [I][AlphaSave] NEWGAME_SAVE stage=rename-commit result=ok esp_err=ESP_OK errno=0 path=/sd/ultima5/saves/alpha1-g0.commit stack_margin=32768
110: [I][AlphaSave] NEWGAME_SAVE stage=semantic-validation result=ok esp_err=ESP_OK errno=0 path=/sd/ultima5/saves/alpha1-g0.commit stack_margin=32768
110: [I][AlphaSave] NEWGAME_SAVE stage=generation-final result=ok esp_err=ESP_OK errno=0 path=/sd/ultima5/saves/alpha1-g0.commit stack_margin=32768
110: [I][AlphaSave] save generation=2 save_slot=0 slot=0 time=10 ms json=1994
110: [I][AlphaSave] SD_HEAP operation=dma-reserve-restored state=gameplay-save free_internal=67108864 free_dma=67108864 largest_dma=67108864 largest_internal=67108864 requested_dma=8192
110: [I][AlphaRuntime] INPUT_EDGE raw=00,00,00,00,00 prev=00,00,00,00,00 matrix=0,0 physical=matrix-key edge=press mods=S0,A0,H0 printable=08 base=00 symbol=00 ui=inventory emitted=back action_char=0 shortcut=none
110: [I][AlphaRuntime] FRONTEND_INPUT raw=keyboard action=back char=0 accepted=1 state=error->menu phase=name->name name=""->""
110: [I][AlphaRuntime] FRONTEND_STATE count=70 from=error to=menu reason=input reconstructed=0
110: [I][AlphaRuntime] INPUT_EDGE raw=00,00,00,00,00 prev=00,00,00,00,00 matrix=0,0 physical=matrix-key edge=press mods=S0,A0,H0 printable=70 base=00 symbol=00 ui=inventory emitted=character action_char=112 shortcut=none
110: [I][AlphaRuntime] FRONTEND_INPUT raw=keyboard action=character char=112 accepted=1 state=menu->error phase=name->name name=""->""
110: [I][AlphaRuntime] FRONTEND_STATE count=71 from=menu to=error reason=input reconstructed=0
110: [I][AlphaRuntime] FRONTEND_INTENT intent=inspect-pc-saves storage_begin=1 phase=name name="" gender=0x0b stack_margin=32768
110: [I][AlphaSave] SD_HEAP operation=release-reserved-dma state=save-catalog free_internal=67108864 free_dma=67108864 largest_dma=67108864 largest_internal=67108864 requested_dma=8192
110: [I][AlphaSave] SD_HEAP operation=sd-window-open state=save-catalog free_internal=67108864 free_dma=67108864 largest_dma=67108864 largest_internal=67108864 requested_dma=512
110: [I][AlphaSave] SAVE_CATALOG slot1=recovered slot2=empty slot3=empty staged=1 bytes=5765 commit_us=182 verify_us=134 total_us=323
110: [I][AlphaSave] SD_HEAP operation=dma-reserve-restored state=save-catalog free_internal=67108864 free_dma=67108864 largest_dma=67108864 largest_internal=67108864 requested_dma=8192
110: [I][AlphaSave] SD_HEAP operation=release-reserved-dma state=pc-import-read free_internal=67108864 free_dma=67108864 largest_dma=67108864 largest_internal=67108864 requested_dma=8192
110: [I][AlphaSave] SD_HEAP operation=sd-window-open state=pc-import-read free_internal=67108864 free_dma=67108864 largest_dma=67108864 largest_internal=67108864 requested_dma=512
110: [I][AlphaSave] PC_IMPORT_READ gam=4192 ool=512
110: [I][AlphaSave] SD_HEAP operation=dma-reserve-restored state=pc-import-read free_internal=67108864 free_dma=67108864 largest_dma=67108864 largest_internal=67108864 requested_dma=8192
110: [I][AlphaSave] SD_HEAP operation=release-reserved-dma state=pc-import-marker free_internal=67108864 free_dma=67108864 largest_dma=67108864 largest_internal=67108864 requested_dma=8192
110: [I][AlphaSave] SD_HEAP operation=sd-window-open state=pc-import-marker free_internal=67108864 free_dma=67108864 largest_dma=67108864 largest_internal=67108864 requested_dma=512
110: [I][AlphaSave] SD_HEAP operation=dma-reserve-restored state=pc-import-marker free_internal=67108864 free_dma=67108864 largest_dma=67108864 largest_internal=67108864 requested_dma=8192
110: [I][AlphaRuntime] FRONTEND_INPUT raw=trackball-down action=direction char=0 accepted=1 state=error->error phase=name->name name=""->""
110: [I][AlphaRuntime] INPUT_EDGE raw=00,00,00,00,00 prev=00,00,00,00,00 matrix=0,0 physical=matrix-key edge=press mods=S0,A0,H0 printable=0d base=00 symbol=00 ui=inventory emitted=confirm action_char=0 shortcut=none
110: [I][AlphaRuntime] FRONTEND_INPUT raw=keyboard action=confirm char=0 accepted=1 state=error->error phase=name->name name=""->""
110: [I][AlphaRuntime] FRONTEND_STATE count=72 from=error to=error reason=input reconstructed=0
110: [I][AlphaRuntime] INPUT_EDGE raw=00,00,00,00,00 prev=00,00,00,00,00 matrix=0,0 physical=matrix-key edge=press mods=S0,A0,H0 printable=0d base=00 symbol=00 ui=inventory emitted=confirm action_char=0 shortcut=none
110: [I][AlphaRuntime] FRONTEND_INPUT raw=keyboard action=confirm char=0 accepted=1 state=error->error phase=name->name name=""->""
110: [I][AlphaRuntime] FRONTEND_INTENT intent=export-pc-save storage_begin=1 phase=name name="" gender=0x0b stack_margin=32768
110: [I][AlphaSave] SD_HEAP operation=release-reserved-dma state=pc-export free_internal=67108864 free_dma=67108864 largest_dma=67108864 largest_internal=67108864 requested_dma=8192
110: [I][AlphaSave] SD_HEAP operation=sd-window-open state=pc-export free_internal=67108864 free_dma=67108864 largest_dma=67108864 largest_internal=67108864 requested_dma=512
110: [I][AlphaSave] PC_EXPORT slot=0 generation=1 sequence=1 frigates=0 horses=0 skiffs=1 unplaced=0 town=0 time_us=5753
110: [I][AlphaSave] SD_HEAP operation=dma-reserve-restored state=pc-export free_internal=67108864 free_dma=67108864 largest_dma=67108864 largest_internal=67108864 requested_dma=8192
110: [I][AlphaSave] SD_HEAP operation=release-reserved-dma state=save-catalog free_internal=67108864 free_dma=67108864 largest_dma=67108864 largest_internal=67108864 requested_dma=8192
110: [I][AlphaSave] SD_HEAP operation=sd-window-open state=save-catalog free_internal=67108864 free_dma=67108864 largest_dma=67108864 largest_internal=67108864 requested_dma=512
110: [I][AlphaSave] SAVE_CATALOG slot1=recovered slot2=empty slot3=empty staged=1 bytes=5765 commit_us=184 verify_us=139 total_us=329
110: [I][AlphaSave] SD_HEAP operation=dma-reserve-restored state=save-catalog free_internal=67108864 free_dma=67108864 largest_dma=67108864 largest_internal=67108864 requested_dma=8192
110: [I][AlphaSave] SD_HEAP operation=release-reserved-dma state=pc-import-read free_internal=67108864 free_dma=67108864 largest_dma=67108864 largest_internal=67108864 requested_dma=8192
110: [I][AlphaSave] SD_HEAP operation=sd-window-open state=pc-import-read free_internal=67108864 free_dma=67108864 largest_dma=67108864 largest_internal=67108864 requested_dma=512
110: [I][AlphaSave] PC_IMPORT_READ gam=4192 ool=512
110: [I][AlphaSave] SD_HEAP operation=dma-reserve-restored state=pc-import-read free_internal=67108864 free_dma=67108864 largest_dma=67108864 largest_internal=67108864 requested_dma=8192
110: [I][AlphaSave] SD_HEAP operation=release-reserved-dma state=pc-import-marker free_internal=67108864 free_dma=67108864 largest_dma=67108864 largest_internal=67108864 requested_dma=8192
110: [I][AlphaSave] SD_HEAP operation=sd-window-open state=pc-import-marker free_internal=67108864 free_dma=67108864 largest_dma=67108864 largest_internal=67108864 requested_dma=512
110: [I][AlphaSave] SD_HEAP operation=dma-reserve-restored state=pc-import-marker free_internal=67108864 free_dma=67108864 largest_dma=67108864 largest_internal=67108864 requested_dma=8192
110: [I][AlphaRuntime] FRONTEND_INTENT intent=export-pc-save slot=0 ok=1 message="Slot 1 written to /ultima5/export/slot1"
110:   GREEN X4    Slot 1's newest generation is torn: the export is the one before it (kA, what load_slot restores), never the damaged kB; the slot untouched
110: [I][AlphaSave] SD_HEAP operation=release-reserved-dma state=pc-export free_internal=67108864 free_dma=67108864 largest_dma=67108864 largest_internal=67108864 requested_dma=8192
110: [I][AlphaSave] SD_HEAP operation=sd-window-open state=pc-export free_internal=67108864 free_dma=67108864 largest_dma=67108864 largest_internal=67108864 requested_dma=512
110: [I][AlphaSave] SAVE_SCRATCH psram_bytes=11888
110: [I][AlphaSave] SD_HEAP operation=dma-reserve-restored state=pc-export free_internal=67108864 free_dma=67108864 largest_dma=67108864 largest_internal=67108864 requested_dma=8192
110: [I][AlphaRuntime] INPUT_EDGE raw=00,00,00,00,00 prev=00,00,00,00,00 matrix=0,0 physical=matrix-key edge=press mods=S0,A0,H0 printable=08 base=00 symbol=00 ui=inventory emitted=back action_char=0 shortcut=none
110: [I][AlphaRuntime] FRONTEND_INPUT raw=keyboard action=back char=0 accepted=1 state=error->menu phase=name->name name=""->""
110: [I][AlphaRuntime] FRONTEND_STATE count=73 from=error to=menu reason=input reconstructed=0
110: [I][AlphaRuntime] INPUT_EDGE raw=00,00,00,00,00 prev=00,00,00,00,00 matrix=0,0 physical=matrix-key edge=press mods=S0,A0,H0 printable=70 base=00 symbol=00 ui=inventory emitted=character action_char=112 shortcut=none
110: [I][AlphaRuntime] FRONTEND_INPUT raw=keyboard action=character char=112 accepted=1 state=menu->error phase=name->name name=""->""
110: [I][AlphaRuntime] FRONTEND_STATE count=74 from=menu to=error reason=input reconstructed=0
110: [I][AlphaRuntime] FRONTEND_INTENT intent=inspect-pc-saves storage_begin=1 phase=name name="" gender=0x0b stack_margin=32768
110: [I][AlphaSave] SD_HEAP operation=release-reserved-dma state=save-catalog free_internal=67108864 free_dma=67108864 largest_dma=67108864 largest_internal=67108864 requested_dma=8192
110: [I][AlphaSave] SD_HEAP operation=sd-window-open state=save-catalog free_internal=67108864 free_dma=67108864 largest_dma=67108864 largest_internal=67108864 requested_dma=512
110: [I][AlphaSave] SAVE_CATALOG slot1=recovered slot2=empty slot3=empty staged=1 bytes=5765 commit_us=196 verify_us=118 total_us=319
110: [I][AlphaSave] SD_HEAP operation=dma-reserve-restored state=save-catalog free_internal=67108864 free_dma=67108864 largest_dma=67108864 largest_internal=67108864 requested_dma=8192
110: [I][AlphaSave] SD_HEAP operation=release-reserved-dma state=pc-import-read free_internal=67108864 free_dma=67108864 largest_dma=67108864 largest_internal=67108864 requested_dma=8192
110: [I][AlphaSave] SD_HEAP operation=sd-window-open state=pc-import-read free_internal=67108864 free_dma=67108864 largest_dma=67108864 largest_internal=67108864 requested_dma=512
110: [I][AlphaSave] PC_IMPORT_READ gam=4192 ool=512
110: [I][AlphaSave] SD_HEAP operation=dma-reserve-restored state=pc-import-read free_internal=67108864 free_dma=67108864 largest_dma=67108864 largest_internal=67108864 requested_dma=8192
110: [I][AlphaSave] SD_HEAP operation=release-reserved-dma state=pc-import-marker free_internal=67108864 free_dma=67108864 largest_dma=67108864 largest_internal=67108864 requested_dma=8192
110: [I][AlphaSave] SD_HEAP operation=sd-window-open state=pc-import-marker free_internal=67108864 free_dma=67108864 largest_dma=67108864 largest_internal=67108864 requested_dma=512
110: [I][AlphaSave] SD_HEAP operation=dma-reserve-restored state=pc-import-marker free_internal=67108864 free_dma=67108864 largest_dma=67108864 largest_internal=67108864 requested_dma=8192
110: [I][AlphaRuntime] FRONTEND_INPUT raw=trackball-down action=direction char=0 accepted=1 state=error->error phase=name->name name=""->""
110: [I][AlphaRuntime] INPUT_EDGE raw=00,00,00,00,00 prev=00,00,00,00,00 matrix=0,0 physical=matrix-key edge=press mods=S0,A0,H0 printable=0d base=00 symbol=00 ui=inventory emitted=confirm action_char=0 shortcut=none
110: [I][AlphaRuntime] FRONTEND_INPUT raw=keyboard action=confirm char=0 accepted=1 state=error->error phase=name->name name=""->""
110: [I][AlphaRuntime] FRONTEND_STATE count=75 from=error to=error reason=input reconstructed=0
110: [I][AlphaRuntime] INPUT_EDGE raw=00,00,00,00,00 prev=00,00,00,00,00 matrix=0,0 physical=matrix-key edge=press mods=S0,A0,H0 printable=0d base=00 symbol=00 ui=inventory emitted=confirm action_char=0 shortcut=none
110: [I][AlphaRuntime] FRONTEND_INPUT raw=keyboard action=confirm char=0 accepted=1 state=error->error phase=name->name name=""->""
110: [I][AlphaRuntime] FRONTEND_INTENT intent=export-pc-save storage_begin=1 phase=name name="" gender=0x0b stack_margin=32768
110: [I][AlphaSave] SD_HEAP operation=release-reserved-dma state=pc-export free_internal=67108864 free_dma=67108864 largest_dma=67108864 largest_internal=67108864 requested_dma=8192
110: [I][AlphaSave] SD_HEAP operation=sd-window-open state=pc-export free_internal=67108864 free_dma=67108864 largest_dma=67108864 largest_internal=67108864 requested_dma=512
110: [I][AlphaSave] SD_HEAP operation=dma-reserve-restored state=pc-export free_internal=67108864 free_dma=67108864 largest_dma=67108864 largest_internal=67108864 requested_dma=8192
110: [I][AlphaSave] SD_HEAP operation=release-reserved-dma state=save-catalog free_internal=67108864 free_dma=67108864 largest_dma=67108864 largest_internal=67108864 requested_dma=8192
110: [I][AlphaSave] SD_HEAP operation=sd-window-open state=save-catalog free_internal=67108864 free_dma=67108864 largest_dma=67108864 largest_internal=67108864 requested_dma=512
110: [I][AlphaSave] SAVE_CATALOG slot1=recovered slot2=empty slot3=empty staged=1 bytes=5765 commit_us=170 verify_us=111 total_us=287
110: [I][AlphaSave] SD_HEAP operation=dma-reserve-restored state=save-catalog free_internal=67108864 free_dma=67108864 largest_dma=67108864 largest_internal=67108864 requested_dma=8192
110: [I][AlphaSave] SD_HEAP operation=release-reserved-dma state=pc-import-read free_internal=67108864 free_dma=67108864 largest_dma=67108864 largest_internal=67108864 requested_dma=8192
110: [I][AlphaSave] SD_HEAP operation=sd-window-open state=pc-import-read free_internal=67108864 free_dma=67108864 largest_dma=67108864 largest_internal=67108864 requested_dma=512
110: [I][AlphaSave] PC_IMPORT_READ gam=4192 ool=512
110: [I][AlphaSave] SD_HEAP operation=dma-reserve-restored state=pc-import-read free_internal=67108864 free_dma=67108864 largest_dma=67108864 largest_internal=67108864 requested_dma=8192
110: [I][AlphaSave] SD_HEAP operation=release-reserved-dma state=pc-import-marker free_internal=67108864 free_dma=67108864 largest_dma=67108864 largest_internal=67108864 requested_dma=8192
110: [I][AlphaSave] SD_HEAP operation=sd-window-open state=pc-import-marker free_internal=67108864 free_dma=67108864 largest_dma=67108864 largest_internal=67108864 requested_dma=512
110: [I][AlphaSave] SD_HEAP operation=dma-reserve-restored state=pc-import-marker free_internal=67108864 free_dma=67108864 largest_dma=67108864 largest_internal=67108864 requested_dma=8192
110: [I][AlphaRuntime] FRONTEND_INTENT intent=export-pc-save slot=0 ok=0 message="Slot 1 has no loadable save"
110: [I][AlphaRuntime] INPUT_EDGE raw=00,00,00,00,00 prev=00,00,00,00,00 matrix=0,0 physical=matrix-key edge=press mods=S0,A0,H0 printable=20 base=00 symbol=00 ui=inventory emitted=character action_char=32 shortcut=none
110: [I][AlphaRuntime] FRONTEND_INPUT raw=keyboard action=character char=32 accepted=1 state=error->error phase=name->name name=""->""
110: [I][AlphaRuntime] FRONTEND_STATE count=76 from=error to=error reason=input reconstructed=0
110:   GREEN X5    no loadable generation: the export gate refuses it (NoLoadable, "Slot 1 has no loadable save"), even when the list still offers it; the previous export is not replaced; the slot untouched
110: [I][AlphaRuntime] INPUT_EDGE raw=00,00,00,00,00 prev=00,00,00,00,00 matrix=0,0 physical=matrix-key edge=press mods=S0,A0,H0 printable=08 base=00 symbol=00 ui=inventory emitted=back action_char=0 shortcut=none
110: [I][AlphaRuntime] FRONTEND_INPUT raw=keyboard action=back char=0 accepted=1 state=error->menu phase=name->name name=""->""
110: [I][AlphaRuntime] FRONTEND_STATE count=77 from=error to=menu reason=input reconstructed=0
110: [I][AlphaRuntime] INPUT_EDGE raw=00,00,00,00,00 prev=00,00,00,00,00 matrix=0,0 physical=matrix-key edge=press mods=S0,A0,H0 printable=70 base=00 symbol=00 ui=inventory emitted=character action_char=112 shortcut=none
110: [I][AlphaRuntime] FRONTEND_INPUT raw=keyboard action=character char=112 accepted=1 state=menu->error phase=name->name name=""->""
110: [I][AlphaRuntime] FRONTEND_STATE count=78 from=menu to=error reason=input reconstructed=0
110: [I][AlphaRuntime] FRONTEND_INTENT intent=inspect-pc-saves storage_begin=1 phase=name name="" gender=0x0b stack_margin=32768
110: [I][AlphaSave] SD_HEAP operation=release-reserved-dma state=save-catalog free_internal=67108864 free_dma=67108864 largest_dma=67108864 largest_internal=67108864 requested_dma=8192
110: [I][AlphaSave] SD_HEAP operation=sd-window-open state=save-catalog free_internal=67108864 free_dma=67108864 largest_dma=67108864 largest_internal=67108864 requested_dma=512
110: [I][AlphaSave] SAVE_CATALOG slot1=damaged slot2=empty slot3=empty staged=2 bytes=11466 commit_us=4703 verify_us=304 total_us=5013
110: [I][AlphaSave] SD_HEAP operation=dma-reserve-restored state=save-catalog free_internal=67108864 free_dma=67108864 largest_dma=67108864 largest_internal=67108864 requested_dma=8192
110: [I][AlphaSave] SD_HEAP operation=release-reserved-dma state=pc-import-read free_internal=67108864 free_dma=67108864 largest_dma=67108864 largest_internal=67108864 requested_dma=8192
110: [I][AlphaSave] SD_HEAP operation=sd-window-open state=pc-import-read free_internal=67108864 free_dma=67108864 largest_dma=67108864 largest_internal=67108864 requested_dma=512
110: [I][AlphaSave] PC_IMPORT_READ gam=4192 ool=512
110: [I][AlphaSave] SD_HEAP operation=dma-reserve-restored state=pc-import-read free_internal=67108864 free_dma=67108864 largest_dma=67108864 largest_internal=67108864 requested_dma=8192
110: [I][AlphaSave] SD_HEAP operation=release-reserved-dma state=pc-import-marker free_internal=67108864 free_dma=67108864 largest_dma=67108864 largest_internal=67108864 requested_dma=8192
110: [I][AlphaSave] SD_HEAP operation=sd-window-open state=pc-import-marker free_internal=67108864 free_dma=67108864 largest_dma=67108864 largest_internal=67108864 requested_dma=512
110: [I][AlphaSave] SD_HEAP operation=dma-reserve-restored state=pc-import-marker free_internal=67108864 free_dma=67108864 largest_dma=67108864 largest_internal=67108864 requested_dma=8192
110: [I][AlphaRuntime] FRONTEND_INPUT raw=trackball-down action=direction char=0 accepted=1 state=error->error phase=name->name name=""->""
110: [I][AlphaRuntime] INPUT_EDGE raw=00,00,00,00,00 prev=00,00,00,00,00 matrix=0,0 physical=matrix-key edge=press mods=S0,A0,H0 printable=0d base=00 symbol=00 ui=inventory emitted=confirm action_char=0 shortcut=none
110: [I][AlphaRuntime] FRONTEND_INPUT raw=keyboard action=confirm char=0 accepted=1 state=error->error phase=name->name name=""->""
110: [I][AlphaRuntime] FRONTEND_STATE count=79 from=error to=error reason=input reconstructed=0
110: [I][AlphaRuntime] INPUT_EDGE raw=00,00,00,00,00 prev=00,00,00,00,00 matrix=0,0 physical=matrix-key edge=press mods=S0,A0,H0 printable=0d base=00 symbol=00 ui=inventory emitted=confirm action_char=0 shortcut=none
110: [I][AlphaRuntime] FRONTEND_INPUT raw=keyboard action=confirm char=0 accepted=1 state=error->error phase=name->name name=""->""
110:   GREEN X5b   a slot the list knows is Damaged: the menu says "cannot be loaded; nothing to export" and sends no export ("Slot 1 cannot be loaded; nothing to export")
110: [I][AlphaRuntime] INPUT_EDGE raw=00,00,00,00,00 prev=00,00,00,00,00 matrix=0,0 physical=matrix-key edge=press mods=S0,A0,H0 printable=08 base=00 symbol=00 ui=inventory emitted=back action_char=0 shortcut=none
110: [I][AlphaRuntime] FRONTEND_INPUT raw=keyboard action=back char=0 accepted=1 state=error->error phase=name->name name=""->""
110: [I][AlphaRuntime] FRONTEND_STATE count=80 from=error to=error reason=input reconstructed=0
110: [I][AlphaRuntime] INPUT_EDGE raw=00,00,00,00,00 prev=00,00,00,00,00 matrix=0,0 physical=matrix-key edge=press mods=S0,A0,H0 printable=08 base=00 symbol=00 ui=inventory emitted=back action_char=0 shortcut=none
110: [I][AlphaRuntime] FRONTEND_INPUT raw=keyboard action=back char=0 accepted=1 state=error->menu phase=name->name name=""->""
110: [I][AlphaRuntime] FRONTEND_STATE count=81 from=error to=menu reason=input reconstructed=0
110: [I][AlphaRuntime] INPUT_EDGE raw=00,00,00,00,00 prev=00,00,00,00,00 matrix=0,0 physical=matrix-key edge=press mods=S0,A0,H0 printable=70 base=00 symbol=00 ui=inventory emitted=character action_char=112 shortcut=none
110: [I][AlphaRuntime] FRONTEND_INPUT raw=keyboard action=character char=112 accepted=1 state=menu->error phase=name->name name=""->""
110: [I][AlphaRuntime] FRONTEND_STATE count=82 from=menu to=error reason=input reconstructed=0
110: [I][AlphaRuntime] FRONTEND_INTENT intent=inspect-pc-saves storage_begin=1 phase=name name="" gender=0x0b stack_margin=32768
110: [I][AlphaSave] SD_HEAP operation=release-reserved-dma state=save-catalog free_internal=67108864 free_dma=67108864 largest_dma=67108864 largest_internal=67108864 requested_dma=8192
110: [I][AlphaSave] SD_HEAP operation=sd-window-open state=save-catalog free_internal=67108864 free_dma=67108864 largest_dma=67108864 largest_internal=67108864 requested_dma=512
110: [I][AlphaSave] SAVE_CATALOG slot1=damaged slot2=empty slot3=empty staged=2 bytes=11466 commit_us=148 verify_us=259 total_us=412
110: [I][AlphaSave] SD_HEAP operation=dma-reserve-restored state=save-catalog free_internal=67108864 free_dma=67108864 largest_dma=67108864 largest_internal=67108864 requested_dma=8192
110: [I][AlphaSave] SD_HEAP operation=release-reserved-dma state=pc-import-read free_internal=67108864 free_dma=67108864 largest_dma=67108864 largest_internal=67108864 requested_dma=8192
110: [I][AlphaSave] SD_HEAP operation=sd-window-open state=pc-import-read free_internal=67108864 free_dma=67108864 largest_dma=67108864 largest_internal=67108864 requested_dma=512
110: [I][AlphaSave] PC_IMPORT_READ gam=4192 ool=512
110: [I][AlphaSave] SD_HEAP operation=dma-reserve-restored state=pc-import-read free_internal=67108864 free_dma=67108864 largest_dma=67108864 largest_internal=67108864 requested_dma=8192
110: [I][AlphaSave] SD_HEAP operation=release-reserved-dma state=pc-import-marker free_internal=67108864 free_dma=67108864 largest_dma=67108864 largest_internal=67108864 requested_dma=8192
110: [I][AlphaSave] SD_HEAP operation=sd-window-open state=pc-import-marker free_internal=67108864 free_dma=67108864 largest_dma=67108864 largest_internal=67108864 requested_dma=512
110: [I][AlphaSave] SD_HEAP operation=dma-reserve-restored state=pc-import-marker free_internal=67108864 free_dma=67108864 largest_dma=67108864 largest_internal=67108864 requested_dma=8192
110: [I][AlphaRuntime] FRONTEND_INPUT raw=trackball-down action=direction char=0 accepted=1 state=error->error phase=name->name name=""->""
110: [I][AlphaRuntime] INPUT_EDGE raw=00,00,00,00,00 prev=00,00,00,00,00 matrix=0,0 physical=matrix-key edge=press mods=S0,A0,H0 printable=0d base=00 symbol=00 ui=inventory emitted=confirm action_char=0 shortcut=none
110: [I][AlphaRuntime] FRONTEND_INPUT raw=keyboard action=confirm char=0 accepted=1 state=error->error phase=name->name name=""->""
110: [I][AlphaRuntime] FRONTEND_STATE count=83 from=error to=error reason=input reconstructed=0
110: [I][AlphaRuntime] FRONTEND_INPUT raw=trackball-down action=direction char=0 accepted=1 state=error->error phase=name->name name=""->""
110: [I][AlphaRuntime] FRONTEND_INPUT raw=trackball-down action=direction char=0 accepted=1 state=error->error phase=name->name name=""->""
110: [I][AlphaRuntime] INPUT_EDGE raw=00,00,00,00,00 prev=00,00,00,00,00 matrix=0,0 physical=matrix-key edge=press mods=S0,A0,H0 printable=0d base=00 symbol=00 ui=inventory emitted=confirm action_char=0 shortcut=none
110: [I][AlphaRuntime] FRONTEND_INPUT raw=keyboard action=confirm char=0 accepted=1 state=error->error phase=name->name name=""->""
110:   GREEN X6    an empty slot: "Slot 3 is empty", nothing exported
110: [I][AlphaSave] SD_HEAP operation=release-reserved-dma state=gameplay-save free_internal=67108864 free_dma=67108864 largest_dma=67108864 largest_internal=67108864 requested_dma=8192
110: [I][AlphaSave] SD_HEAP operation=sd-window-open state=gameplay-save free_internal=67108864 free_dma=67108864 largest_dma=67108864 largest_internal=67108864 requested_dma=512
110: [I][AlphaSave] SAVE_SCRATCH psram_bytes=11888
110: [I][AlphaSave] NEWGAME_SAVE stage=create-root-directory result=ok esp_err=ESP_OK errno=0 path=/sd/ultima5 stack_margin=32768
110: [I][AlphaSave] NEWGAME_SAVE stage=create-save-directory result=ok esp_err=ESP_OK errno=0 path=/sd/ultima5/saves stack_margin=32768
110: [I][AlphaSave] SD_HEAP operation=free-space-before state=gameplay-save free_internal=67108864 free_dma=67108864 largest_dma=67108864 largest_internal=67108864 requested_dma=512
110: [I][AlphaSave] SD_HEAP operation=free-space-call-enter state=gameplay-save free_internal=67108864 free_dma=67108864 largest_dma=67108864 largest_internal=67108864 requested_dma=512
110: [I][AlphaSave] SD_HEAP operation=free-space-call-exit state=gameplay-save free_internal=67108864 free_dma=67108864 largest_dma=67108864 largest_internal=67108864 requested_dma=512
110: [I][AlphaSave] SD_HEAP operation=free-space-after state=gameplay-save free_internal=67108864 free_dma=67108864 largest_dma=67108864 largest_internal=67108864 requested_dma=512
110: [I][AlphaSave] SD_SPACE path=/sd api=esp_vfs_fat_info/f_getfree return=ESP_OK(0x0) errno=0 total_bytes=34359738368 free_bytes=8589934592 total_sectors=67108864 free_sectors=16777216 sector_bytes=512
110: [I][AlphaSave] NEWGAME_SAVE stage=free-space-query result=ok esp_err=ESP_OK errno=0 path=/sd stack_margin=32768
110: [I][AlphaSave] NEWGAME_SAVE stage=free-space result=ok esp_err=ESP_OK errno=0 path=/sd stack_margin=32768
110: [I][AlphaSave] SAVE_TARGET save_slot=0 newest=-1 accepted=0 slot=1 keep=-1 sequence=1
110: [I][AlphaSave] NEWGAME_SAVE stage=gam-encode result=ok esp_err=ESP_OK errno=0 path=INIT.GAM stack_margin=32768
110: [I][AlphaSave] NEWGAME_SAVE stage=ool-encode result=ok esp_err=ESP_OK errno=0 path=INIT.OOL stack_margin=32768
110: [I][AlphaSave] NEWGAME_SAVE stage=json-encode result=ok esp_err=ESP_OK errno=0 path=sidecar stack_margin=32768
110: [I][AlphaSave] SD_HEAP operation=write-gam-temp state=gameplay-save free_internal=67108864 free_dma=67108864 largest_dma=67108864 largest_internal=67108864 requested_dma=512
110: [I][AlphaSave] NEWGAME_SAVE stage=write-gam-temp result=ok esp_err=ESP_OK errno=0 path=/sd/ultima5/saves/alpha1-g1.gam.tmp stack_margin=32768
110: [I][AlphaSave] SD_HEAP operation=write-ool-temp state=gameplay-save free_internal=67108864 free_dma=67108864 largest_dma=67108864 largest_internal=67108864 requested_dma=512
110: [I][AlphaSave] NEWGAME_SAVE stage=write-ool-temp result=ok esp_err=ESP_OK errno=0 path=/sd/ultima5/saves/alpha1-g1.ool.tmp stack_margin=32768
110: [I][AlphaSave] SD_HEAP operation=write-json-temp state=gameplay-save free_internal=67108864 free_dma=67108864 largest_dma=67108864 largest_internal=67108864 requested_dma=512
110: [I][AlphaSave] NEWGAME_SAVE stage=write-json-temp result=ok esp_err=ESP_OK errno=0 path=/sd/ultima5/saves/alpha1-g1.json.tmp stack_margin=32768
110: [I][AlphaSave] SD_HEAP operation=crc-readback state=gameplay-save free_internal=67108864 free_dma=67108864 largest_dma=67108864 largest_internal=67108864 requested_dma=512
110: [I][AlphaSave] NEWGAME_SAVE stage=crc-readback result=ok esp_err=ESP_OK errno=0 path=/sd/ultima5/saves stack_margin=32768
110: [I][AlphaSave] NEWGAME_SAVE stage=rename-gam result=ok esp_err=ESP_OK errno=0 path=/sd/ultima5/saves/alpha1-g1.gam stack_margin=32768
110: [I][AlphaSave] NEWGAME_SAVE stage=rename-ool result=ok esp_err=ESP_OK errno=0 path=/sd/ultima5/saves/alpha1-g1.ool stack_margin=32768
110: [I][AlphaSave] NEWGAME_SAVE stage=rename-json result=ok esp_err=ESP_OK errno=0 path=/sd/ultima5/saves/alpha1-g1.json stack_margin=32768
110: [I][AlphaSave] NEWGAME_SAVE stage=write-commit-temp result=ok esp_err=ESP_OK errno=0 path=/sd/ultima5/saves/alpha1-g1.commit.tmp stack_margin=32768
110: [I][AlphaSave] NEWGAME_SAVE stage=rename-commit result=ok esp_err=ESP_OK errno=0 path=/sd/ultima5/saves/alpha1-g1.commit stack_margin=32768
110: [I][AlphaSave] NEWGAME_SAVE stage=semantic-validation result=ok esp_err=ESP_OK errno=0 path=/sd/ultima5/saves/alpha1-g1.commit stack_margin=32768
110: [I][AlphaSave] NEWGAME_SAVE stage=generation-final result=ok esp_err=ESP_OK errno=0 path=/sd/ultima5/saves/alpha1-g1.commit stack_margin=32768
110: [I][AlphaSave] save generation=1 save_slot=0 slot=1 time=10 ms json=1994
110: [I][AlphaSave] SD_HEAP operation=dma-reserve-restored state=gameplay-save free_internal=67108864 free_dma=67108864 largest_dma=67108864 largest_internal=67108864 requested_dma=8192
110: [I][AlphaRuntime] INPUT_EDGE raw=00,00,00,00,00 prev=00,00,00,00,00 matrix=0,0 physical=matrix-key edge=press mods=S0,A0,H0 printable=08 base=00 symbol=00 ui=inventory emitted=back action_char=0 shortcut=none
110: [I][AlphaRuntime] FRONTEND_INPUT raw=keyboard action=back char=0 accepted=1 state=error->error phase=name->name name=""->""
110: [I][AlphaRuntime] FRONTEND_STATE count=84 from=error to=error reason=input reconstructed=0
110: [I][AlphaRuntime] INPUT_EDGE raw=00,00,00,00,00 prev=00,00,00,00,00 matrix=0,0 physical=matrix-key edge=press mods=S0,A0,H0 printable=08 base=00 symbol=00 ui=inventory emitted=back action_char=0 shortcut=none
110: [I][AlphaRuntime] FRONTEND_INPUT raw=keyboard action=back char=0 accepted=1 state=error->menu phase=name->name name=""->""
110: [I][AlphaRuntime] FRONTEND_STATE count=85 from=error to=menu reason=input reconstructed=0
110: [I][AlphaRuntime] INPUT_EDGE raw=00,00,00,00,00 prev=00,00,00,00,00 matrix=0,0 physical=matrix-key edge=press mods=S0,A0,H0 printable=70 base=00 symbol=00 ui=inventory emitted=character action_char=112 shortcut=none
110: [I][AlphaRuntime] FRONTEND_INPUT raw=keyboard action=character char=112 accepted=1 state=menu->error phase=name->name name=""->""
110: [I][AlphaRuntime] FRONTEND_STATE count=86 from=menu to=error reason=input reconstructed=0
110: [I][AlphaRuntime] FRONTEND_INTENT intent=inspect-pc-saves storage_begin=1 phase=name name="" gender=0x0b stack_margin=32768
110: [I][AlphaSave] SD_HEAP operation=release-reserved-dma state=save-catalog free_internal=67108864 free_dma=67108864 largest_dma=67108864 largest_internal=67108864 requested_dma=8192
110: [I][AlphaSave] SD_HEAP operation=sd-window-open state=save-catalog free_internal=67108864 free_dma=67108864 largest_dma=67108864 largest_internal=67108864 requested_dma=512
110: [I][AlphaSave] SAVE_CATALOG slot1=verified slot2=empty slot3=empty staged=1 bytes=6730 commit_us=173 verify_us=520 total_us=700
110: [I][AlphaSave] SD_HEAP operation=dma-reserve-restored state=save-catalog free_internal=67108864 free_dma=67108864 largest_dma=67108864 largest_internal=67108864 requested_dma=8192
110: [I][AlphaSave] SD_HEAP operation=release-reserved-dma state=pc-import-read free_internal=67108864 free_dma=67108864 largest_dma=67108864 largest_internal=67108864 requested_dma=8192
110: [I][AlphaSave] SD_HEAP operation=sd-window-open state=pc-import-read free_internal=67108864 free_dma=67108864 largest_dma=67108864 largest_internal=67108864 requested_dma=512
110: [I][AlphaSave] PC_IMPORT_READ gam=4192 ool=512
110: [I][AlphaSave] SD_HEAP operation=dma-reserve-restored state=pc-import-read free_internal=67108864 free_dma=67108864 largest_dma=67108864 largest_internal=67108864 requested_dma=8192
110: [I][AlphaSave] SD_HEAP operation=release-reserved-dma state=pc-import-marker free_internal=67108864 free_dma=67108864 largest_dma=67108864 largest_internal=67108864 requested_dma=8192
110: [I][AlphaSave] SD_HEAP operation=sd-window-open state=pc-import-marker free_internal=67108864 free_dma=67108864 largest_dma=67108864 largest_internal=67108864 requested_dma=512
110: [I][AlphaSave] SD_HEAP operation=dma-reserve-restored state=pc-import-marker free_internal=67108864 free_dma=67108864 largest_dma=67108864 largest_internal=67108864 requested_dma=8192
110: [I][AlphaRuntime] FRONTEND_INPUT raw=trackball-down action=direction char=0 accepted=1 state=error->error phase=name->name name=""->""
110: [I][AlphaRuntime] INPUT_EDGE raw=00,00,00,00,00 prev=00,00,00,00,00 matrix=0,0 physical=matrix-key edge=press mods=S0,A0,H0 printable=0d base=00 symbol=00 ui=inventory emitted=confirm action_char=0 shortcut=none
110: [I][AlphaRuntime] FRONTEND_INPUT raw=keyboard action=confirm char=0 accepted=1 state=error->error phase=name->name name=""->""
110: [I][AlphaRuntime] FRONTEND_STATE count=87 from=error to=error reason=input reconstructed=0
110: [I][AlphaRuntime] INPUT_EDGE raw=00,00,00,00,00 prev=00,00,00,00,00 matrix=0,0 physical=matrix-key edge=press mods=S0,A0,H0 printable=0d base=00 symbol=00 ui=inventory emitted=confirm action_char=0 shortcut=none
110: [I][AlphaRuntime] FRONTEND_INPUT raw=keyboard action=confirm char=0 accepted=1 state=error->error phase=name->name name=""->""
110: [I][AlphaRuntime] FRONTEND_INTENT intent=export-pc-save storage_begin=1 phase=name name="" gender=0x0b stack_margin=32768
110: [I][AlphaSave] SD_HEAP operation=release-reserved-dma state=pc-export free_internal=67108864 free_dma=67108864 largest_dma=67108864 largest_internal=67108864 requested_dma=8192
110: [I][AlphaSave] SD_HEAP operation=sd-window-open state=pc-export free_internal=67108864 free_dma=67108864 largest_dma=67108864 largest_internal=67108864 requested_dma=512
110: [I][AlphaSave] PC_EXPORT slot=0 generation=1 sequence=1 frigates=0 horses=0 skiffs=1 unplaced=0 town=0 time_us=11441
110: [I][AlphaSave] SD_HEAP operation=dma-reserve-restored state=pc-export free_internal=67108864 free_dma=67108864 largest_dma=67108864 largest_internal=67108864 requested_dma=8192
110: [I][AlphaSave] SD_HEAP operation=release-reserved-dma state=save-catalog free_internal=67108864 free_dma=67108864 largest_dma=67108864 largest_internal=67108864 requested_dma=8192
110: [I][AlphaSave] SD_HEAP operation=sd-window-open state=save-catalog free_internal=67108864 free_dma=67108864 largest_dma=67108864 largest_internal=67108864 requested_dma=512
110: [I][AlphaSave] SAVE_CATALOG slot1=cached slot2=empty slot3=empty staged=0 bytes=32 commit_us=164 verify_us=0 total_us=228
110: [I][AlphaSave] SD_HEAP operation=dma-reserve-restored state=save-catalog free_internal=67108864 free_dma=67108864 largest_dma=67108864 largest_internal=67108864 requested_dma=8192
110: [I][AlphaSave] SD_HEAP operation=release-reserved-dma state=pc-import-read free_internal=67108864 free_dma=67108864 largest_dma=67108864 largest_internal=67108864 requested_dma=8192
110: [I][AlphaSave] SD_HEAP operation=sd-window-open state=pc-import-read free_internal=67108864 free_dma=67108864 largest_dma=67108864 largest_internal=67108864 requested_dma=512
110: [I][AlphaSave] PC_IMPORT_READ gam=4192 ool=512
110: [I][AlphaSave] SD_HEAP operation=dma-reserve-restored state=pc-import-read free_internal=67108864 free_dma=67108864 largest_dma=67108864 largest_internal=67108864 requested_dma=8192
110: [I][AlphaSave] SD_HEAP operation=release-reserved-dma state=pc-import-marker free_internal=67108864 free_dma=67108864 largest_dma=67108864 largest_internal=67108864 requested_dma=8192
110: [I][AlphaSave] SD_HEAP operation=sd-window-open state=pc-import-marker free_internal=67108864 free_dma=67108864 largest_dma=67108864 largest_internal=67108864 requested_dma=512
110: [I][AlphaSave] SD_HEAP operation=dma-reserve-restored state=pc-import-marker free_internal=67108864 free_dma=67108864 largest_dma=67108864 largest_internal=67108864 requested_dma=8192
110: [I][AlphaRuntime] FRONTEND_INTENT intent=export-pc-save slot=0 ok=1 message="Slot 1 written to /ultima5/export/slot1"
110: [I][AlphaSave] SD_HEAP operation=release-reserved-dma state=gameplay-save free_internal=67108864 free_dma=67108864 largest_dma=67108864 largest_internal=67108864 requested_dma=8192
110: [I][AlphaSave] SD_HEAP operation=sd-window-open state=gameplay-save free_internal=67108864 free_dma=67108864 largest_dma=67108864 largest_internal=67108864 requested_dma=512
110: [I][AlphaSave] SAVE_SCRATCH psram_bytes=11888
110: [I][AlphaSave] NEWGAME_SAVE stage=create-root-directory result=ok esp_err=ESP_OK errno=0 path=/sd/ultima5 stack_margin=32768
110: [I][AlphaSave] NEWGAME_SAVE stage=create-save-directory result=ok esp_err=ESP_OK errno=0 path=/sd/ultima5/saves stack_margin=32768
110: [I][AlphaSave] SD_HEAP operation=free-space-before state=gameplay-save free_internal=67108864 free_dma=67108864 largest_dma=67108864 largest_internal=67108864 requested_dma=512
110: [I][AlphaSave] SD_HEAP operation=free-space-call-enter state=gameplay-save free_internal=67108864 free_dma=67108864 largest_dma=67108864 largest_internal=67108864 requested_dma=512
110: [I][AlphaSave] SD_HEAP operation=free-space-call-exit state=gameplay-save free_internal=67108864 free_dma=67108864 largest_dma=67108864 largest_internal=67108864 requested_dma=512
110: [I][AlphaSave] SD_HEAP operation=free-space-after state=gameplay-save free_internal=67108864 free_dma=67108864 largest_dma=67108864 largest_internal=67108864 requested_dma=512
110: [I][AlphaSave] SD_SPACE path=/sd api=esp_vfs_fat_info/f_getfree return=ESP_OK(0x0) errno=0 total_bytes=34359738368 free_bytes=8589934592 total_sectors=67108864 free_sectors=16777216 sector_bytes=512
110: [I][AlphaSave] NEWGAME_SAVE stage=free-space-query result=ok esp_err=ESP_OK errno=0 path=/sd stack_margin=32768
110: [I][AlphaSave] NEWGAME_SAVE stage=free-space result=ok esp_err=ESP_OK errno=0 path=/sd stack_margin=32768
110: [I][AlphaSave] SAVE_TARGET save_slot=0 newest=1 accepted=1 slot=0 keep=1 sequence=2
110: [I][AlphaSave] NEWGAME_SAVE stage=gam-encode result=ok esp_err=ESP_OK errno=0 path=INIT.GAM stack_margin=32768
110: [I][AlphaSave] NEWGAME_SAVE stage=ool-encode result=ok esp_err=ESP_OK errno=0 path=INIT.OOL stack_margin=32768
110: [I][AlphaSave] NEWGAME_SAVE stage=json-encode result=ok esp_err=ESP_OK errno=0 path=sidecar stack_margin=32768
110: [I][AlphaSave] SD_HEAP operation=write-gam-temp state=gameplay-save free_internal=67108864 free_dma=67108864 largest_dma=67108864 largest_internal=67108864 requested_dma=512
110: [I][AlphaSave] NEWGAME_SAVE stage=write-gam-temp result=ok esp_err=ESP_OK errno=0 path=/sd/ultima5/saves/alpha1-g0.gam.tmp stack_margin=32768
110: [I][AlphaSave] SD_HEAP operation=write-ool-temp state=gameplay-save free_internal=67108864 free_dma=67108864 largest_dma=67108864 largest_internal=67108864 requested_dma=512
110: [I][AlphaSave] NEWGAME_SAVE stage=write-ool-temp result=ok esp_err=ESP_OK errno=0 path=/sd/ultima5/saves/alpha1-g0.ool.tmp stack_margin=32768
110: [I][AlphaSave] SD_HEAP operation=write-json-temp state=gameplay-save free_internal=67108864 free_dma=67108864 largest_dma=67108864 largest_internal=67108864 requested_dma=512
110: [I][AlphaSave] NEWGAME_SAVE stage=write-json-temp result=ok esp_err=ESP_OK errno=0 path=/sd/ultima5/saves/alpha1-g0.json.tmp stack_margin=32768
110: [I][AlphaSave] SD_HEAP operation=crc-readback state=gameplay-save free_internal=67108864 free_dma=67108864 largest_dma=67108864 largest_internal=67108864 requested_dma=512
110: [I][AlphaSave] NEWGAME_SAVE stage=crc-readback result=ok esp_err=ESP_OK errno=0 path=/sd/ultima5/saves stack_margin=32768
110: [I][AlphaSave] NEWGAME_SAVE stage=rename-gam result=ok esp_err=ESP_OK errno=0 path=/sd/ultima5/saves/alpha1-g0.gam stack_margin=32768
110: [I][AlphaSave] NEWGAME_SAVE stage=rename-ool result=ok esp_err=ESP_OK errno=0 path=/sd/ultima5/saves/alpha1-g0.ool stack_margin=32768
110: [I][AlphaSave] NEWGAME_SAVE stage=rename-json result=ok esp_err=ESP_OK errno=0 path=/sd/ultima5/saves/alpha1-g0.json stack_margin=32768
110: [I][AlphaSave] NEWGAME_SAVE stage=write-commit-temp result=ok esp_err=ESP_OK errno=0 path=/sd/ultima5/saves/alpha1-g0.commit.tmp stack_margin=32768
110: [I][AlphaSave] NEWGAME_SAVE stage=rename-commit result=ok esp_err=ESP_OK errno=0 path=/sd/ultima5/saves/alpha1-g0.commit stack_margin=32768
110: [I][AlphaSave] NEWGAME_SAVE stage=semantic-validation result=ok esp_err=ESP_OK errno=0 path=/sd/ultima5/saves/alpha1-g0.commit stack_margin=32768
110: [I][AlphaSave] NEWGAME_SAVE stage=generation-final result=ok esp_err=ESP_OK errno=0 path=/sd/ultima5/saves/alpha1-g0.commit stack_margin=32768
110: [I][AlphaSave] save generation=2 save_slot=0 slot=0 time=11 ms json=1994
110: [I][AlphaSave] SD_HEAP operation=dma-reserve-restored state=gameplay-save free_internal=67108864 free_dma=67108864 largest_dma=67108864 largest_internal=67108864 requested_dma=8192
110: [I][AlphaRuntime] INPUT_EDGE raw=00,00,00,00,00 prev=00,00,00,00,00 matrix=0,0 physical=matrix-key edge=press mods=S0,A0,H0 printable=08 base=00 symbol=00 ui=inventory emitted=back action_char=0 shortcut=none
110: [I][AlphaRuntime] FRONTEND_INPUT raw=keyboard action=back char=0 accepted=1 state=error->menu phase=name->name name=""->""
110: [I][AlphaRuntime] FRONTEND_STATE count=88 from=error to=menu reason=input reconstructed=0
110: [I][AlphaRuntime] INPUT_EDGE raw=00,00,00,00,00 prev=00,00,00,00,00 matrix=0,0 physical=matrix-key edge=press mods=S0,A0,H0 printable=70 base=00 symbol=00 ui=inventory emitted=character action_char=112 shortcut=none
110: [I][AlphaRuntime] FRONTEND_INPUT raw=keyboard action=character char=112 accepted=1 state=menu->error phase=name->name name=""->""
110: [I][AlphaRuntime] FRONTEND_STATE count=89 from=menu to=error reason=input reconstructed=0
110: [I][AlphaRuntime] FRONTEND_INTENT intent=inspect-pc-saves storage_begin=1 phase=name name="" gender=0x0b stack_margin=32768
110: [I][AlphaSave] SD_HEAP operation=release-reserved-dma state=save-catalog free_internal=67108864 free_dma=67108864 largest_dma=67108864 largest_internal=67108864 requested_dma=8192
110: [I][AlphaSave] SD_HEAP operation=sd-window-open state=save-catalog free_internal=67108864 free_dma=67108864 largest_dma=67108864 largest_internal=67108864 requested_dma=512
110: [I][AlphaSave] SAVE_CATALOG slot1=verified slot2=empty slot3=empty staged=1 bytes=6762 commit_us=169 verify_us=631 total_us=807
110: [I][AlphaSave] SD_HEAP operation=dma-reserve-restored state=save-catalog free_internal=67108864 free_dma=67108864 largest_dma=67108864 largest_internal=67108864 requested_dma=8192
110: [I][AlphaSave] SD_HEAP operation=release-reserved-dma state=pc-import-read free_internal=67108864 free_dma=67108864 largest_dma=67108864 largest_internal=67108864 requested_dma=8192
110: [I][AlphaSave] SD_HEAP operation=sd-window-open state=pc-import-read free_internal=67108864 free_dma=67108864 largest_dma=67108864 largest_internal=67108864 requested_dma=512
110: [I][AlphaSave] PC_IMPORT_READ gam=4192 ool=512
110: [I][AlphaSave] SD_HEAP operation=dma-reserve-restored state=pc-import-read free_internal=67108864 free_dma=67108864 largest_dma=67108864 largest_internal=67108864 requested_dma=8192
110: [I][AlphaSave] SD_HEAP operation=release-reserved-dma state=pc-import-marker free_internal=67108864 free_dma=67108864 largest_dma=67108864 largest_internal=67108864 requested_dma=8192
110: [I][AlphaSave] SD_HEAP operation=sd-window-open state=pc-import-marker free_internal=67108864 free_dma=67108864 largest_dma=67108864 largest_internal=67108864 requested_dma=512
110: [I][AlphaSave] SD_HEAP operation=dma-reserve-restored state=pc-import-marker free_internal=67108864 free_dma=67108864 largest_dma=67108864 largest_internal=67108864 requested_dma=8192
110: [I][AlphaRuntime] FRONTEND_INPUT raw=trackball-down action=direction char=0 accepted=1 state=error->error phase=name->name name=""->""
110: [I][AlphaRuntime] INPUT_EDGE raw=00,00,00,00,00 prev=00,00,00,00,00 matrix=0,0 physical=matrix-key edge=press mods=S0,A0,H0 printable=0d base=00 symbol=00 ui=inventory emitted=confirm action_char=0 shortcut=none
110: [I][AlphaRuntime] FRONTEND_INPUT raw=keyboard action=confirm char=0 accepted=1 state=error->error phase=name->name name=""->""
110: [I][AlphaRuntime] FRONTEND_STATE count=90 from=error to=error reason=input reconstructed=0
110: [I][AlphaRuntime] INPUT_EDGE raw=00,00,00,00,00 prev=00,00,00,00,00 matrix=0,0 physical=matrix-key edge=press mods=S0,A0,H0 printable=0d base=00 symbol=00 ui=inventory emitted=confirm action_char=0 shortcut=none
110: [I][AlphaRuntime] FRONTEND_INPUT raw=keyboard action=confirm char=0 accepted=1 state=error->error phase=name->name name=""->""
110: [I][AlphaRuntime] FRONTEND_INTENT intent=export-pc-save storage_begin=1 phase=name name="" gender=0x0b stack_margin=32768
110: [I][AlphaSave] SD_HEAP operation=release-reserved-dma state=pc-export free_internal=67108864 free_dma=67108864 largest_dma=67108864 largest_internal=67108864 requested_dma=8192
110: [I][AlphaSave] SD_HEAP operation=sd-window-open state=pc-export free_internal=67108864 free_dma=67108864 largest_dma=67108864 largest_internal=67108864 requested_dma=512
110: [E][AlphaSave] PC_EXPORT slot=0 write failed errno=5
110: [I][AlphaSave] SD_HEAP operation=dma-reserve-restored state=pc-export free_internal=67108864 free_dma=67108864 largest_dma=67108864 largest_internal=67108864 requested_dma=8192
110: [I][AlphaSave] SD_HEAP operation=release-reserved-dma state=save-catalog free_internal=67108864 free_dma=67108864 largest_dma=67108864 largest_internal=67108864 requested_dma=8192
110: [I][AlphaSave] SD_HEAP operation=sd-window-open state=save-catalog free_internal=67108864 free_dma=67108864 largest_dma=67108864 largest_internal=67108864 requested_dma=512
110: [I][AlphaSave] SAVE_CATALOG slot1=cached slot2=empty slot3=empty staged=0 bytes=64 commit_us=205 verify_us=0 total_us=210
110: [I][AlphaSave] SD_HEAP operation=dma-reserve-restored state=save-catalog free_internal=67108864 free_dma=67108864 largest_dma=67108864 largest_internal=67108864 requested_dma=8192
110: [I][AlphaSave] SD_HEAP operation=release-reserved-dma state=pc-import-read free_internal=67108864 free_dma=67108864 largest_dma=67108864 largest_internal=67108864 requested_dma=8192
110: [I][AlphaSave] SD_HEAP operation=sd-window-open state=pc-import-read free_internal=67108864 free_dma=67108864 largest_dma=67108864 largest_internal=67108864 requested_dma=512
110: [I][AlphaSave] PC_IMPORT_READ gam=4192 ool=512
110: [I][AlphaSave] SD_HEAP operation=dma-reserve-restored state=pc-import-read free_internal=67108864 free_dma=67108864 largest_dma=67108864 largest_internal=67108864 requested_dma=8192
110: [I][AlphaSave] SD_HEAP operation=release-reserved-dma state=pc-import-marker free_internal=67108864 free_dma=67108864 largest_dma=67108864 largest_internal=67108864 requested_dma=8192
110: [I][AlphaSave] SD_HEAP operation=sd-window-open state=pc-import-marker free_internal=67108864 free_dma=67108864 largest_dma=67108864 largest_internal=67108864 requested_dma=512
110: [I][AlphaSave] SD_HEAP operation=dma-reserve-restored state=pc-import-marker free_internal=67108864 free_dma=67108864 largest_dma=67108864 largest_internal=67108864 requested_dma=8192
110: [I][AlphaRuntime] FRONTEND_INTENT intent=export-pc-save slot=0 ok=0 message="Export failed: SD card write error"
110: [I][AlphaRuntime] INPUT_EDGE raw=00,00,00,00,00 prev=00,00,00,00,00 matrix=0,0 physical=matrix-key edge=press mods=S0,A0,H0 printable=20 base=00 symbol=00 ui=inventory emitted=character action_char=32 shortcut=none
110: [I][AlphaRuntime] FRONTEND_INPUT raw=keyboard action=character char=32 accepted=1 state=error->error phase=name->name name=""->""
110: [I][AlphaRuntime] FRONTEND_STATE count=91 from=error to=error reason=input reconstructed=0
110:   GREEN X7    an SD write failure while exporting kA over an earlier kC export: the error page, the kC files byte for byte, no temp left, the slot untouched ("Export failed: SD card write error")
110: [I][AlphaSave] SD_HEAP operation=release-reserved-dma state=gameplay-save free_internal=67108864 free_dma=67108864 largest_dma=67108864 largest_internal=67108864 requested_dma=8192
110: [I][AlphaSave] SD_HEAP operation=sd-window-open state=gameplay-save free_internal=67108864 free_dma=67108864 largest_dma=67108864 largest_internal=67108864 requested_dma=512
110: [I][AlphaSave] SAVE_SCRATCH psram_bytes=11888
110: [I][AlphaSave] NEWGAME_SAVE stage=create-root-directory result=ok esp_err=ESP_OK errno=0 path=/sd/ultima5 stack_margin=32768
110: [I][AlphaSave] NEWGAME_SAVE stage=create-save-directory result=ok esp_err=ESP_OK errno=0 path=/sd/ultima5/saves stack_margin=32768
110: [I][AlphaSave] SD_HEAP operation=free-space-before state=gameplay-save free_internal=67108864 free_dma=67108864 largest_dma=67108864 largest_internal=67108864 requested_dma=512
110: [I][AlphaSave] SD_HEAP operation=free-space-call-enter state=gameplay-save free_internal=67108864 free_dma=67108864 largest_dma=67108864 largest_internal=67108864 requested_dma=512
110: [I][AlphaSave] SD_HEAP operation=free-space-call-exit state=gameplay-save free_internal=67108864 free_dma=67108864 largest_dma=67108864 largest_internal=67108864 requested_dma=512
110: [I][AlphaSave] SD_HEAP operation=free-space-after state=gameplay-save free_internal=67108864 free_dma=67108864 largest_dma=67108864 largest_internal=67108864 requested_dma=512
110: [I][AlphaSave] SD_SPACE path=/sd api=esp_vfs_fat_info/f_getfree return=ESP_OK(0x0) errno=0 total_bytes=34359738368 free_bytes=8589934592 total_sectors=67108864 free_sectors=16777216 sector_bytes=512
110: [I][AlphaSave] NEWGAME_SAVE stage=free-space-query result=ok esp_err=ESP_OK errno=0 path=/sd stack_margin=32768
110: [I][AlphaSave] NEWGAME_SAVE stage=free-space result=ok esp_err=ESP_OK errno=0 path=/sd stack_margin=32768
110: [I][AlphaSave] SAVE_TARGET save_slot=1 newest=-1 accepted=0 slot=1 keep=-1 sequence=1
110: [I][AlphaSave] NEWGAME_SAVE stage=gam-encode result=ok esp_err=ESP_OK errno=0 path=INIT.GAM stack_margin=32768
110: [I][AlphaSave] NEWGAME_SAVE stage=ool-encode result=ok esp_err=ESP_OK errno=0 path=INIT.OOL stack_margin=32768
110: [I][AlphaSave] NEWGAME_SAVE stage=json-encode result=ok esp_err=ESP_OK errno=0 path=sidecar stack_margin=32768
110: [I][AlphaSave] SD_HEAP operation=write-gam-temp state=gameplay-save free_internal=67108864 free_dma=67108864 largest_dma=67108864 largest_internal=67108864 requested_dma=512
110: [I][AlphaSave] NEWGAME_SAVE stage=write-gam-temp result=ok esp_err=ESP_OK errno=0 path=/sd/ultima5/saves/alpha1-s2-g1.gam.tmp stack_margin=32768
110: [I][AlphaSave] SD_HEAP operation=write-ool-temp state=gameplay-save free_internal=67108864 free_dma=67108864 largest_dma=67108864 largest_internal=67108864 requested_dma=512
110: [I][AlphaSave] NEWGAME_SAVE stage=write-ool-temp result=ok esp_err=ESP_OK errno=0 path=/sd/ultima5/saves/alpha1-s2-g1.ool.tmp stack_margin=32768
110: [I][AlphaSave] SD_HEAP operation=write-json-temp state=gameplay-save free_internal=67108864 free_dma=67108864 largest_dma=67108864 largest_internal=67108864 requested_dma=512
110: [I][AlphaSave] NEWGAME_SAVE stage=write-json-temp result=ok esp_err=ESP_OK errno=0 path=/sd/ultima5/saves/alpha1-s2-g1.json.tmp stack_margin=32768
110: [I][AlphaSave] SD_HEAP operation=crc-readback state=gameplay-save free_internal=67108864 free_dma=67108864 largest_dma=67108864 largest_internal=67108864 requested_dma=512
110: [I][AlphaSave] NEWGAME_SAVE stage=crc-readback result=ok esp_err=ESP_OK errno=0 path=/sd/ultima5/saves stack_margin=32768
110: [I][AlphaSave] NEWGAME_SAVE stage=rename-gam result=ok esp_err=ESP_OK errno=0 path=/sd/ultima5/saves/alpha1-s2-g1.gam stack_margin=32768
110: [I][AlphaSave] NEWGAME_SAVE stage=rename-ool result=ok esp_err=ESP_OK errno=0 path=/sd/ultima5/saves/alpha1-s2-g1.ool stack_margin=32768
110: [I][AlphaSave] NEWGAME_SAVE stage=rename-json result=ok esp_err=ESP_OK errno=0 path=/sd/ultima5/saves/alpha1-s2-g1.json stack_margin=32768
110: [I][AlphaSave] NEWGAME_SAVE stage=write-commit-temp result=ok esp_err=ESP_OK errno=0 path=/sd/ultima5/saves/alpha1-s2-g1.commit.tmp stack_margin=32768
110: [I][AlphaSave] NEWGAME_SAVE stage=rename-commit result=ok esp_err=ESP_OK errno=0 path=/sd/ultima5/saves/alpha1-s2-g1.commit stack_margin=32768
110: [I][AlphaSave] NEWGAME_SAVE stage=semantic-validation result=ok esp_err=ESP_OK errno=0 path=/sd/ultima5/saves/alpha1-s2-g1.commit stack_margin=32768
110: [I][AlphaSave] NEWGAME_SAVE stage=generation-final result=ok esp_err=ESP_OK errno=0 path=/sd/ultima5/saves/alpha1-s2-g1.commit stack_margin=32768
110: [I][AlphaSave] save generation=1 save_slot=1 slot=1 time=14 ms json=1995
110: [I][AlphaSave] SD_HEAP operation=dma-reserve-restored state=gameplay-save free_internal=67108864 free_dma=67108864 largest_dma=67108864 largest_internal=67108864 requested_dma=8192
110: [I][AlphaRuntime] INPUT_EDGE raw=00,00,00,00,00 prev=00,00,00,00,00 matrix=0,0 physical=matrix-key edge=press mods=S0,A0,H0 printable=08 base=00 symbol=00 ui=inventory emitted=back action_char=0 shortcut=none
110: [I][AlphaRuntime] FRONTEND_INPUT raw=keyboard action=back char=0 accepted=1 state=error->menu phase=name->name name=""->""
110: [I][AlphaRuntime] FRONTEND_STATE count=92 from=error to=menu reason=input reconstructed=0
110: [I][AlphaRuntime] INPUT_EDGE raw=00,00,00,00,00 prev=00,00,00,00,00 matrix=0,0 physical=matrix-key edge=press mods=S0,A0,H0 printable=70 base=00 symbol=00 ui=inventory emitted=character action_char=112 shortcut=none
110: [I][AlphaRuntime] FRONTEND_INPUT raw=keyboard action=character char=112 accepted=1 state=menu->error phase=name->name name=""->""
110: [I][AlphaRuntime] FRONTEND_STATE count=93 from=menu to=error reason=input reconstructed=0
110: [I][AlphaRuntime] FRONTEND_INTENT intent=inspect-pc-saves storage_begin=1 phase=name name="" gender=0x0b stack_margin=32768
110: [I][AlphaSave] SD_HEAP operation=release-reserved-dma state=save-catalog free_internal=67108864 free_dma=67108864 largest_dma=67108864 largest_internal=67108864 requested_dma=8192
110: [I][AlphaSave] SD_HEAP operation=sd-window-open state=save-catalog free_internal=67108864 free_dma=67108864 largest_dma=67108864 largest_internal=67108864 requested_dma=512
110: [I][AlphaSave] SAVE_CATALOG slot1=empty slot2=verified slot3=empty staged=1 bytes=6731 commit_us=130 verify_us=524 total_us=659
110: [I][AlphaSave] SD_HEAP operation=dma-reserve-restored state=save-catalog free_internal=67108864 free_dma=67108864 largest_dma=67108864 largest_internal=67108864 requested_dma=8192
110: [I][AlphaSave] SD_HEAP operation=release-reserved-dma state=pc-import-read free_internal=67108864 free_dma=67108864 largest_dma=67108864 largest_internal=67108864 requested_dma=8192
110: [I][AlphaSave] SD_HEAP operation=sd-window-open state=pc-import-read free_internal=67108864 free_dma=67108864 largest_dma=67108864 largest_internal=67108864 requested_dma=512
110: [I][AlphaSave] PC_IMPORT_READ gam=4192 ool=512
110: [I][AlphaSave] SD_HEAP operation=dma-reserve-restored state=pc-import-read free_internal=67108864 free_dma=67108864 largest_dma=67108864 largest_internal=67108864 requested_dma=8192
110: [I][AlphaSave] SD_HEAP operation=release-reserved-dma state=pc-import-marker free_internal=67108864 free_dma=67108864 largest_dma=67108864 largest_internal=67108864 requested_dma=8192
110: [I][AlphaSave] SD_HEAP operation=sd-window-open state=pc-import-marker free_internal=67108864 free_dma=67108864 largest_dma=67108864 largest_internal=67108864 requested_dma=512
110: [I][AlphaSave] SD_HEAP operation=dma-reserve-restored state=pc-import-marker free_internal=67108864 free_dma=67108864 largest_dma=67108864 largest_internal=67108864 requested_dma=8192
110: [I][AlphaRuntime] FRONTEND_INPUT raw=trackball-down action=direction char=0 accepted=1 state=error->error phase=name->name name=""->""
110: [I][AlphaRuntime] INPUT_EDGE raw=00,00,00,00,00 prev=00,00,00,00,00 matrix=0,0 physical=matrix-key edge=press mods=S0,A0,H0 printable=0d base=00 symbol=00 ui=inventory emitted=confirm action_char=0 shortcut=none
110: [I][AlphaRuntime] FRONTEND_INPUT raw=keyboard action=confirm char=0 accepted=1 state=error->error phase=name->name name=""->""
110: [I][AlphaRuntime] FRONTEND_STATE count=94 from=error to=error reason=input reconstructed=0
110: [I][AlphaRuntime] INPUT_EDGE raw=00,00,00,00,00 prev=00,00,00,00,00 matrix=0,0 physical=matrix-key edge=press mods=S0,A0,H0 printable=0d base=00 symbol=00 ui=inventory emitted=confirm action_char=0 shortcut=none
110: [I][AlphaRuntime] FRONTEND_INPUT raw=keyboard action=confirm char=0 accepted=1 state=error->error phase=name->name name=""->""
110: [I][AlphaRuntime] FRONTEND_INTENT intent=export-pc-save storage_begin=1 phase=name name="" gender=0x0b stack_margin=32768
110: [I][AlphaSave] SD_HEAP operation=release-reserved-dma state=pc-export free_internal=67108864 free_dma=67108864 largest_dma=67108864 largest_internal=67108864 requested_dma=8192
110: [I][AlphaSave] SD_HEAP operation=sd-window-open state=pc-export free_internal=67108864 free_dma=67108864 largest_dma=67108864 largest_internal=67108864 requested_dma=512
110: [I][AlphaSave] SD_HEAP operation=dma-reserve-restored state=pc-export free_internal=67108864 free_dma=67108864 largest_dma=67108864 largest_internal=67108864 requested_dma=8192
110: [I][AlphaSave] SD_HEAP operation=release-reserved-dma state=save-catalog free_internal=67108864 free_dma=67108864 largest_dma=67108864 largest_internal=67108864 requested_dma=8192
110: [I][AlphaSave] SD_HEAP operation=sd-window-open state=save-catalog free_internal=67108864 free_dma=67108864 largest_dma=67108864 largest_internal=67108864 requested_dma=512
110: [I][AlphaSave] SAVE_CATALOG slot1=empty slot2=cached slot3=empty staged=0 bytes=32 commit_us=107 verify_us=0 total_us=111
110: [I][AlphaSave] SD_HEAP operation=dma-reserve-restored state=save-catalog free_internal=67108864 free_dma=67108864 largest_dma=67108864 largest_internal=67108864 requested_dma=8192
110: [I][AlphaSave] SD_HEAP operation=release-reserved-dma state=pc-import-read free_internal=67108864 free_dma=67108864 largest_dma=67108864 largest_internal=67108864 requested_dma=8192
110: [I][AlphaSave] SD_HEAP operation=sd-window-open state=pc-import-read free_internal=67108864 free_dma=67108864 largest_dma=67108864 largest_internal=67108864 requested_dma=512
110: [I][AlphaSave] PC_IMPORT_READ gam=4192 ool=512
110: [I][AlphaSave] SD_HEAP operation=dma-reserve-restored state=pc-import-read free_internal=67108864 free_dma=67108864 largest_dma=67108864 largest_internal=67108864 requested_dma=8192
110: [I][AlphaSave] SD_HEAP operation=release-reserved-dma state=pc-import-marker free_internal=67108864 free_dma=67108864 largest_dma=67108864 largest_internal=67108864 requested_dma=8192
110: [I][AlphaSave] SD_HEAP operation=sd-window-open state=pc-import-marker free_internal=67108864 free_dma=67108864 largest_dma=67108864 largest_internal=67108864 requested_dma=512
110: [I][AlphaSave] SD_HEAP operation=dma-reserve-restored state=pc-import-marker free_internal=67108864 free_dma=67108864 largest_dma=67108864 largest_internal=67108864 requested_dma=8192
110: [I][AlphaRuntime] FRONTEND_INTENT intent=export-pc-save slot=1 ok=0 message="Dungeon saves cannot be transferred"
110: [I][AlphaRuntime] INPUT_EDGE raw=00,00,00,00,00 prev=00,00,00,00,00 matrix=0,0 physical=matrix-key edge=press mods=S0,A0,H0 printable=20 base=00 symbol=00 ui=inventory emitted=character action_char=32 shortcut=none
110: [I][AlphaRuntime] FRONTEND_INPUT raw=keyboard action=character char=32 accepted=1 state=error->error phase=name->name name=""->""
110: [I][AlphaRuntime] FRONTEND_STATE count=95 from=error to=error reason=input reconstructed=0
110:   GREEN X8    a save inside a dungeon: refused, nothing written (L2)
110: 
110: [T] original -> Native -> modified -> original
110: [I][AlphaRuntime] INPUT_EDGE raw=00,00,00,00,00 prev=00,00,00,00,00 matrix=0,0 physical=matrix-key edge=press mods=S0,A0,H0 printable=08 base=00 symbol=00 ui=inventory emitted=back action_char=0 shortcut=none
110: [I][AlphaRuntime] FRONTEND_INPUT raw=keyboard action=back char=0 accepted=1 state=error->menu phase=name->name name=""->""
110: [I][AlphaRuntime] FRONTEND_STATE count=96 from=error to=menu reason=input reconstructed=0
110: [I][AlphaRuntime] INPUT_EDGE raw=00,00,00,00,00 prev=00,00,00,00,00 matrix=0,0 physical=matrix-key edge=press mods=S0,A0,H0 printable=70 base=00 symbol=00 ui=inventory emitted=character action_char=112 shortcut=none
110: [I][AlphaRuntime] FRONTEND_INPUT raw=keyboard action=character char=112 accepted=1 state=menu->error phase=name->name name=""->""
110: [I][AlphaRuntime] FRONTEND_STATE count=97 from=menu to=error reason=input reconstructed=0
110: [I][AlphaRuntime] FRONTEND_INTENT intent=inspect-pc-saves storage_begin=1 phase=name name="" gender=0x0b stack_margin=32768
110: [I][AlphaSave] SD_HEAP operation=release-reserved-dma state=save-catalog free_internal=67108864 free_dma=67108864 largest_dma=67108864 largest_internal=67108864 requested_dma=8192
110: [I][AlphaSave] SD_HEAP operation=sd-window-open state=save-catalog free_internal=67108864 free_dma=67108864 largest_dma=67108864 largest_internal=67108864 requested_dma=512
110: [I][AlphaSave] SAVE_CATALOG slot1=empty slot2=empty slot3=empty staged=0 bytes=0 commit_us=112 verify_us=0 total_us=118
110: [I][AlphaSave] SD_HEAP operation=dma-reserve-restored state=save-catalog free_internal=67108864 free_dma=67108864 largest_dma=67108864 largest_internal=67108864 requested_dma=8192
110: [I][AlphaSave] SD_HEAP operation=release-reserved-dma state=pc-import-read free_internal=67108864 free_dma=67108864 largest_dma=67108864 largest_internal=67108864 requested_dma=8192
110: [I][AlphaSave] SD_HEAP operation=sd-window-open state=pc-import-read free_internal=67108864 free_dma=67108864 largest_dma=67108864 largest_internal=67108864 requested_dma=512
110: [I][AlphaSave] PC_IMPORT_READ gam=4192 ool=512
110: [I][AlphaSave] SD_HEAP operation=dma-reserve-restored state=pc-import-read free_internal=67108864 free_dma=67108864 largest_dma=67108864 largest_internal=67108864 requested_dma=8192
110: [I][AlphaSave] SD_HEAP operation=release-reserved-dma state=pc-import-marker free_internal=67108864 free_dma=67108864 largest_dma=67108864 largest_internal=67108864 requested_dma=8192
110: [I][AlphaSave] SD_HEAP operation=sd-window-open state=pc-import-marker free_internal=67108864 free_dma=67108864 largest_dma=67108864 largest_internal=67108864 requested_dma=512
110: [I][AlphaSave] SD_HEAP operation=dma-reserve-restored state=pc-import-marker free_internal=67108864 free_dma=67108864 largest_dma=67108864 largest_internal=67108864 requested_dma=8192
110: [I][AlphaRuntime] INPUT_EDGE raw=00,00,00,00,00 prev=00,00,00,00,00 matrix=0,0 physical=matrix-key edge=press mods=S0,A0,H0 printable=0d base=00 symbol=00 ui=inventory emitted=confirm action_char=0 shortcut=none
110: [I][AlphaRuntime] FRONTEND_INPUT raw=keyboard action=confirm char=0 accepted=1 state=error->error phase=name->name name=""->""
110: [I][AlphaRuntime] FRONTEND_STATE count=98 from=error to=error reason=input reconstructed=0
110: [I][AlphaRuntime] INPUT_EDGE raw=00,00,00,00,00 prev=00,00,00,00,00 matrix=0,0 physical=matrix-key edge=press mods=S0,A0,H0 printable=0d base=00 symbol=00 ui=inventory emitted=confirm action_char=0 shortcut=none
110: [I][AlphaRuntime] FRONTEND_INPUT raw=keyboard action=confirm char=0 accepted=1 state=error->error phase=name->name name=""->""
110: [I][AlphaRuntime] FRONTEND_INTENT intent=import-pc-save storage_begin=1 phase=name name="" gender=0x0b stack_margin=32768
110: [I][AlphaSave] SD_HEAP operation=release-reserved-dma state=pc-import-read free_internal=67108864 free_dma=67108864 largest_dma=67108864 largest_internal=67108864 requested_dma=8192
110: [I][AlphaSave] SD_HEAP operation=sd-window-open state=pc-import-read free_internal=67108864 free_dma=67108864 largest_dma=67108864 largest_internal=67108864 requested_dma=512
110: [I][AlphaSave] PC_IMPORT_READ gam=4192 ool=512
110: [I][AlphaSave] SD_HEAP operation=dma-reserve-restored state=pc-import-read free_internal=67108864 free_dma=67108864 largest_dma=67108864 largest_internal=67108864 requested_dma=8192
110: [I][AlphaRuntime] U5OBJ CLEAR site=load-restore pool_before=0
110: [I][AlphaRuntime] WORLD_OBJECTS_RESTORE count=0
110: [I][AlphaRuntime] DUNGEON_RESTORE active=0 dungeon=33 depth=0
110: [I][AlphaRuntime] LOAD_TRANSIENT_RESET ui=explore->explore request=0 views=0 questions=0
110: [I][AlphaRuntime] U5OBJ SOURCE loc=17 floor=0 hour=3 table=found table_loc=17 count=32 slots=present tables=32 npc_dead=0x00000000 pool_before=0
110: [I][AlphaRuntime] U5OBJ SRC slot=23 index=23 type=1(0x01) tile=257 dialog=0 x=16,16,16 y=21,21,21 z=255,255,255 schedule=0,0,0,0 ai=0,0,0
110: [I][AlphaRuntime] U5OBJ SRC slot=24 index=24 type=1(0x01) tile=257 dialog=0 x=17,17,17 y=22,22,22 z=255,255,255 schedule=0,0,0,0 ai=0,0,0
110: [I][AlphaRuntime] U5OBJ SRC slot=25 index=25 type=1(0x01) tile=257 dialog=0 x=13,13,13 y=23,23,23 z=255,255,255 schedule=0,0,0,0 ai=0,0,0
110: [I][AlphaRuntime] U5OBJ SRC slot=28 index=28 type=30(0x1e) tile=286 dialog=0 x=9,9,9 y=9,9,9 z=255,255,255 schedule=0,0,0,0 ai=0,0,0
110: [I][AlphaRuntime] U5OBJ RESERVE request=32 current_size=0 current_capacity=32 object_bytes=68 need_bytes=2176 target_bytes=2176 free_internal=67108864 largest_internal=67108864 free_psram=67108864 largest_psram=67108864 free_default=67108864 guard=free_psram>=need+32768 result=1
110: [I][AlphaRuntime] U5OBJ RESERVE_DONE size=0 capacity=32 storage_heap=internal
110: [I][AlphaRuntime] U5OBJ HYDRATE slot=23 index=23 ACCEPT schedule=0 loc=17 floor=-1 x=16 y=21 tile=257 chest=1 prop=0 plot=0 item=8 contents=30 pool_index=1
110: [I][AlphaRuntime] CHEST_INSERT source=authored/hydrated loc=17 floor=-1 world_x=16 world_y=21 object_id=1 type=chest flags=none trap=0 contents=30 collection_count_before=1 after=2
110: [I][AlphaRuntime] U5OBJ HYDRATE slot=24 index=24 ACCEPT schedule=0 loc=17 floor=-1 x=17 y=22 tile=257 chest=1 prop=0 plot=0 item=8 contents=30 pool_index=2
110: [I][AlphaRuntime] CHEST_INSERT source=authored/hydrated loc=17 floor=-1 world_x=17 world_y=22 object_id=2 type=chest flags=none trap=0 contents=30 collection_count_before=2 after=3
110: [I][AlphaRuntime] U5OBJ HYDRATE slot=25 index=25 ACCEPT schedule=0 loc=17 floor=-1 x=13 y=23 tile=257 chest=1 prop=0 plot=0 item=8 contents=30 pool_index=3
110: [I][AlphaRuntime] CHEST_INSERT source=authored/hydrated loc=17 floor=-1 world_x=13 world_y=23 object_id=3 type=chest flags=none trap=0 contents=30 collection_count_before=3 after=4
110: [I][AlphaRuntime] U5OBJ HYDRATE slot=28 index=28 ACCEPT schedule=0 loc=17 floor=-1 x=9 y=9 tile=286 chest=0 prop=1 plot=0 item=8 contents=30 pool_index=4
110: [I][AlphaRuntime] U5OBJ POST_HYDRATE result=1 reason=ok pool_size=6 accepted=6 dropped=26 hydrate_calls=14
110: [I][AlphaRuntime] U5OBJ POST_HYDRATE_OBJ index=1 loc=17 floor=-1 x=16 y=21 tile=257 chest=1 prop=0 plot=0 item=8 loot=0 search=0 shadowlord=0 trapped=0 contents=30 slot=-1
110: [I][AlphaRuntime] U5OBJ POST_HYDRATE_OBJ index=2 loc=17 floor=-1 x=17 y=22 tile=257 chest=1 prop=0 plot=0 item=8 loot=0 search=0 shadowlord=0 trapped=0 contents=30 slot=-1
110: [I][AlphaRuntime] U5OBJ POST_HYDRATE_OBJ index=3 loc=17 floor=-1 x=13 y=23 tile=257 chest=1 prop=0 plot=0 item=8 loot=0 search=0 shadowlord=0 trapped=0 contents=30 slot=-1
110: [I][AlphaRuntime] U5OBJ POST_HYDRATE_OBJ index=4 loc=17 floor=-1 x=9 y=9 tile=286 chest=0 prop=1 plot=0 item=8 loot=0 search=0 shadowlord=0 trapped=0 contents=30 slot=-1
110: [I][AlphaSave] SD_HEAP operation=release-reserved-dma state=gameplay-save free_internal=67108864 free_dma=67108864 largest_dma=67108864 largest_internal=67108864 requested_dma=8192
110: [I][AlphaSave] SD_HEAP operation=sd-window-open state=gameplay-save free_internal=67108864 free_dma=67108864 largest_dma=67108864 largest_internal=67108864 requested_dma=512
110: [I][AlphaSave] NEWGAME_SAVE stage=create-root-directory result=ok esp_err=ESP_OK errno=0 path=/sd/ultima5 stack_margin=32768
110: [I][AlphaSave] NEWGAME_SAVE stage=create-save-directory result=ok esp_err=ESP_OK errno=0 path=/sd/ultima5/saves stack_margin=32768
110: [I][AlphaSave] SD_HEAP operation=free-space-before state=gameplay-save free_internal=67108864 free_dma=67108864 largest_dma=67108864 largest_internal=67108864 requested_dma=512
110: [I][AlphaSave] SD_HEAP operation=free-space-call-enter state=gameplay-save free_internal=67108864 free_dma=67108864 largest_dma=67108864 largest_internal=67108864 requested_dma=512
110: [I][AlphaSave] SD_HEAP operation=free-space-call-exit state=gameplay-save free_internal=67108864 free_dma=67108864 largest_dma=67108864 largest_internal=67108864 requested_dma=512
110: [I][AlphaSave] SD_HEAP operation=free-space-after state=gameplay-save free_internal=67108864 free_dma=67108864 largest_dma=67108864 largest_internal=67108864 requested_dma=512
110: [I][AlphaSave] SD_SPACE path=/sd api=esp_vfs_fat_info/f_getfree return=ESP_OK(0x0) errno=0 total_bytes=34359738368 free_bytes=8589934592 total_sectors=67108864 free_sectors=16777216 sector_bytes=512
110: [I][AlphaSave] NEWGAME_SAVE stage=free-space-query result=ok esp_err=ESP_OK errno=0 path=/sd stack_margin=32768
110: [I][AlphaSave] NEWGAME_SAVE stage=free-space result=ok esp_err=ESP_OK errno=0 path=/sd stack_margin=32768
110: [I][AlphaSave] SAVE_TARGET save_slot=0 newest=-1 accepted=0 slot=1 keep=-1 sequence=1
110: [I][AlphaSave] NEWGAME_SAVE stage=gam-encode result=ok esp_err=ESP_OK errno=0 path=INIT.GAM stack_margin=32768
110: [I][AlphaSave] NEWGAME_SAVE stage=ool-encode result=ok esp_err=ESP_OK errno=0 path=INIT.OOL stack_margin=32768
110: [I][AlphaSave] NEWGAME_SAVE stage=json-encode result=ok esp_err=ESP_OK errno=0 path=sidecar stack_margin=32768
110: [I][AlphaSave] SD_HEAP operation=write-gam-temp state=gameplay-save free_internal=67108864 free_dma=67108864 largest_dma=67108864 largest_internal=67108864 requested_dma=512
110: [I][AlphaSave] NEWGAME_SAVE stage=write-gam-temp result=ok esp_err=ESP_OK errno=0 path=/sd/ultima5/saves/alpha1-g1.gam.tmp stack_margin=32768
110: [I][AlphaSave] SD_HEAP operation=write-ool-temp state=gameplay-save free_internal=67108864 free_dma=67108864 largest_dma=67108864 largest_internal=67108864 requested_dma=512
110: [I][AlphaSave] NEWGAME_SAVE stage=write-ool-temp result=ok esp_err=ESP_OK errno=0 path=/sd/ultima5/saves/alpha1-g1.ool.tmp stack_margin=32768
110: [I][AlphaSave] SD_HEAP operation=write-json-temp state=gameplay-save free_internal=67108864 free_dma=67108864 largest_dma=67108864 largest_internal=67108864 requested_dma=512
110: [I][AlphaSave] NEWGAME_SAVE stage=write-json-temp result=ok esp_err=ESP_OK errno=0 path=/sd/ultima5/saves/alpha1-g1.json.tmp stack_margin=32768
110: [I][AlphaSave] SD_HEAP operation=crc-readback state=gameplay-save free_internal=67108864 free_dma=67108864 largest_dma=67108864 largest_internal=67108864 requested_dma=512
110: [I][AlphaSave] NEWGAME_SAVE stage=crc-readback result=ok esp_err=ESP_OK errno=0 path=/sd/ultima5/saves stack_margin=32768
110: [I][AlphaSave] NEWGAME_SAVE stage=rename-gam result=ok esp_err=ESP_OK errno=0 path=/sd/ultima5/saves/alpha1-g1.gam stack_margin=32768
110: [I][AlphaSave] NEWGAME_SAVE stage=rename-ool result=ok esp_err=ESP_OK errno=0 path=/sd/ultima5/saves/alpha1-g1.ool stack_margin=32768
110: [I][AlphaSave] NEWGAME_SAVE stage=rename-json result=ok esp_err=ESP_OK errno=0 path=/sd/ultima5/saves/alpha1-g1.json stack_margin=32768
110: [I][AlphaSave] NEWGAME_SAVE stage=write-commit-temp result=ok esp_err=ESP_OK errno=0 path=/sd/ultima5/saves/alpha1-g1.commit.tmp stack_margin=32768
110: [I][AlphaSave] NEWGAME_SAVE stage=rename-commit result=ok esp_err=ESP_OK errno=0 path=/sd/ultima5/saves/alpha1-g1.commit stack_margin=32768
110: [I][AlphaSave] NEWGAME_SAVE stage=semantic-validation result=ok esp_err=ESP_OK errno=0 path=/sd/ultima5/saves/alpha1-g1.commit stack_margin=32768
110: [I][AlphaSave] NEWGAME_SAVE stage=generation-final result=ok esp_err=ESP_OK errno=0 path=/sd/ultima5/saves/alpha1-g1.commit stack_margin=32768
110: [I][AlphaSave] save generation=1 save_slot=0 slot=1 time=6 ms json=5877
110: [I][AlphaSave] SD_HEAP operation=dma-reserve-restored state=gameplay-save free_internal=67108864 free_dma=67108864 largest_dma=67108864 largest_internal=67108864 requested_dma=8192
110: [I][AlphaSave] SD_HEAP operation=release-reserved-dma state=save-catalog free_internal=67108864 free_dma=67108864 largest_dma=67108864 largest_internal=67108864 requested_dma=8192
110: [I][AlphaSave] SD_HEAP operation=sd-window-open state=save-catalog free_internal=67108864 free_dma=67108864 largest_dma=67108864 largest_internal=67108864 requested_dma=512
110: [I][AlphaSave] SAVE_CATALOG slot1=cached slot2=empty slot3=empty staged=0 bytes=32 commit_us=191 verify_us=0 total_us=197
110: [I][AlphaSave] SD_HEAP operation=dma-reserve-restored state=save-catalog free_internal=67108864 free_dma=67108864 largest_dma=67108864 largest_internal=67108864 requested_dma=8192
110: [I][AlphaSave] SD_HEAP operation=release-reserved-dma state=pc-import-marker free_internal=67108864 free_dma=67108864 largest_dma=67108864 largest_internal=67108864 requested_dma=8192
110: [I][AlphaSave] SD_HEAP operation=sd-window-open state=pc-import-marker free_internal=67108864 free_dma=67108864 largest_dma=67108864 largest_internal=67108864 requested_dma=512
110: [I][AlphaSave] SD_HEAP operation=dma-reserve-restored state=pc-import-marker free_internal=67108864 free_dma=67108864 largest_dma=67108864 largest_internal=67108864 requested_dma=8192
110: [I][AlphaRuntime] PC_IMPORT slot=0 location=17 frigates=0 horses=0 skiffs=1 search=0 ms=6
110: [I][AlphaSave] SD_HEAP operation=release-reserved-dma state=save-catalog free_internal=67108864 free_dma=67108864 largest_dma=67108864 largest_internal=67108864 requested_dma=8192
110: [I][AlphaSave] SD_HEAP operation=sd-window-open state=save-catalog free_internal=67108864 free_dma=67108864 largest_dma=67108864 largest_internal=67108864 requested_dma=512
110: [I][AlphaSave] SAVE_CATALOG slot1=cached slot2=empty slot3=empty staged=0 bytes=32 commit_us=107 verify_us=0 total_us=112
110: [I][AlphaSave] SD_HEAP operation=dma-reserve-restored state=save-catalog free_internal=67108864 free_dma=67108864 largest_dma=67108864 largest_internal=67108864 requested_dma=8192
110: [I][AlphaSave] SD_HEAP operation=release-reserved-dma state=pc-import-read free_internal=67108864 free_dma=67108864 largest_dma=67108864 largest_internal=67108864 requested_dma=8192
110: [I][AlphaSave] SD_HEAP operation=sd-window-open state=pc-import-read free_internal=67108864 free_dma=67108864 largest_dma=67108864 largest_internal=67108864 requested_dma=512
110: [I][AlphaSave] PC_IMPORT_READ gam=4192 ool=512
110: [I][AlphaSave] SD_HEAP operation=dma-reserve-restored state=pc-import-read free_internal=67108864 free_dma=67108864 largest_dma=67108864 largest_internal=67108864 requested_dma=8192
110: [I][AlphaSave] SD_HEAP operation=release-reserved-dma state=pc-import-marker free_internal=67108864 free_dma=67108864 largest_dma=67108864 largest_internal=67108864 requested_dma=8192
110: [I][AlphaSave] SD_HEAP operation=sd-window-open state=pc-import-marker free_internal=67108864 free_dma=67108864 largest_dma=67108864 largest_internal=67108864 requested_dma=512
110: [I][AlphaSave] SD_HEAP operation=dma-reserve-restored state=pc-import-marker free_internal=67108864 free_dma=67108864 largest_dma=67108864 largest_internal=67108864 requested_dma=8192
110: [I][AlphaRuntime] FRONTEND_INTENT intent=import-pc-save slot=0 ok=1 message="Imported into Slot 1. The PC files are kept"
110: [I][AlphaRuntime] INPUT_EDGE raw=00,00,00,00,00 prev=00,00,00,00,00 matrix=0,0 physical=matrix-key edge=press mods=S0,A0,H0 printable=08 base=00 symbol=00 ui=inventory emitted=back action_char=0 shortcut=none
110: [I][AlphaRuntime] FRONTEND_INPUT raw=keyboard action=back char=0 accepted=1 state=error->menu phase=name->name name=""->""
110: [I][AlphaRuntime] FRONTEND_STATE count=99 from=error to=menu reason=input reconstructed=0
110: [I][AlphaRuntime] INPUT_EDGE raw=00,00,00,00,00 prev=00,00,00,00,00 matrix=0,0 physical=matrix-key edge=press mods=S0,A0,H0 printable=6a base=00 symbol=00 ui=inventory emitted=character action_char=106 shortcut=none
110: [I][AlphaRuntime] FRONTEND_INPUT raw=keyboard action=character char=106 accepted=1 state=menu->continue phase=name->name name=""->""
110: [I][AlphaRuntime] FRONTEND_STATE count=100 from=menu to=continue reason=input reconstructed=0
110: [I][AlphaRuntime] FRONTEND_INPUT raw=trackball-down action=direction char=0 accepted=1 state=continue->continue phase=name->name name=""->""
110: [I][AlphaRuntime] INPUT_EDGE raw=00,00,00,00,00 prev=00,00,00,00,00 matrix=0,0 physical=matrix-key edge=press mods=S0,A0,H0 printable=0d base=00 symbol=00 ui=inventory emitted=confirm action_char=0 shortcut=none
110: [I][AlphaRuntime] FRONTEND_INPUT raw=keyboard action=confirm char=0 accepted=1 state=continue->load phase=name->name name=""->""
110: [I][AlphaRuntime] FRONTEND_STATE count=101 from=continue to=load reason=input reconstructed=0
110: [I][AlphaRuntime] INPUT_EDGE raw=00,00,00,00,00 prev=00,00,00,00,00 matrix=0,0 physical=matrix-key edge=press mods=S0,A0,H0 printable=0d base=00 symbol=00 ui=inventory emitted=confirm action_char=0 shortcut=none
110: [I][AlphaRuntime] FRONTEND_INPUT raw=keyboard action=confirm char=0 accepted=1 state=load->load phase=name->name name=""->""
110: [I][AlphaRuntime] FRONTEND_INTENT intent=load-slot storage_begin=1 phase=name name="" gender=0x0b stack_margin=32768
110: [I][AlphaSave] SD_HEAP operation=release-reserved-dma state=load-slot free_internal=67108864 free_dma=67108864 largest_dma=67108864 largest_internal=67108864 requested_dma=8192
110: [I][AlphaSave] SD_HEAP operation=sd-window-open state=load-slot free_internal=67108864 free_dma=67108864 largest_dma=67108864 largest_internal=67108864 requested_dma=512
110: [I][AlphaSave] load save_slot=0 slot=1 time=2 ms status=0
110: [I][AlphaSave] SD_HEAP operation=dma-reserve-restored state=load-slot free_internal=67108864 free_dma=67108864 largest_dma=67108864 largest_internal=67108864 requested_dma=8192
110: [I][AlphaRuntime] U5OBJ CLEAR site=load-restore pool_before=6
110: [I][AlphaRuntime] U5OBJ APPEND_OBJ index=1 loc=17 floor=-1 x=16 y=21 tile=257 chest=1 prop=0 plot=0 item=8 loot=0 search=0 shadowlord=0 trapped=0 contents=30 slot=-1
110: [I][AlphaRuntime] CHEST_INSERT source=authored/hydrated loc=17 floor=-1 world_x=16 world_y=21 object_id=1 type=chest flags=none trap=0 contents=30 collection_count_before=1 after=2
110: [I][AlphaRuntime] U5OBJ APPEND_OBJ index=2 loc=17 floor=-1 x=17 y=22 tile=257 chest=1 prop=0 plot=0 item=8 loot=0 search=0 shadowlord=0 trapped=0 contents=30 slot=-1
110: [I][AlphaRuntime] CHEST_INSERT source=authored/hydrated loc=17 floor=-1 world_x=17 world_y=22 object_id=2 type=chest flags=none trap=0 contents=30 collection_count_before=2 after=3
110: [I][AlphaRuntime] U5OBJ APPEND_OBJ index=3 loc=17 floor=-1 x=13 y=23 tile=257 chest=1 prop=0 plot=0 item=8 loot=0 search=0 shadowlord=0 trapped=0 contents=30 slot=-1
110: [I][AlphaRuntime] CHEST_INSERT source=authored/hydrated loc=17 floor=-1 world_x=13 world_y=23 object_id=3 type=chest flags=none trap=0 contents=30 collection_count_before=3 after=4
110: [I][AlphaRuntime] U5OBJ APPEND_OBJ index=4 loc=17 floor=-1 x=9 y=9 tile=286 chest=0 prop=1 plot=0 item=8 loot=0 search=0 shadowlord=0 trapped=0 contents=30 slot=-1
110: [I][AlphaRuntime] WORLD_OBJECTS_RESTORE count=6
110: [I][AlphaRuntime] DUNGEON_RESTORE active=0 dungeon=33 depth=0
110: [I][AlphaRuntime] LOAD_TRANSIENT_RESET ui=explore->explore request=0 views=0 questions=0
110: [I][AlphaRuntime] FRONTEND_INTENT intent=load-slot storage_end=1 ok=1 ms=2 stack_margin=32768
110: [I][AlphaRuntime] INPUT_EDGE raw=00,00,00,00,00 prev=00,00,00,00,00 matrix=0,0 physical=matrix-key edge=press mods=S0,A1,H0 printable=73 base=00 symbol=00 ui=explore emitted=confirm action_char=0 shortcut=save
110: [I][AlphaSave] SD_HEAP operation=release-reserved-dma state=gameplay-save free_internal=67108864 free_dma=67108864 largest_dma=67108864 largest_internal=67108864 requested_dma=8192
110: [I][AlphaSave] SD_HEAP operation=sd-window-open state=gameplay-save free_internal=67108864 free_dma=67108864 largest_dma=67108864 largest_internal=67108864 requested_dma=512
110: [I][AlphaSave] NEWGAME_SAVE stage=create-root-directory result=ok esp_err=ESP_OK errno=0 path=/sd/ultima5 stack_margin=32768
110: [I][AlphaSave] NEWGAME_SAVE stage=create-save-directory result=ok esp_err=ESP_OK errno=0 path=/sd/ultima5/saves stack_margin=32768
110: [I][AlphaSave] SD_HEAP operation=free-space-before state=gameplay-save free_internal=67108864 free_dma=67108864 largest_dma=67108864 largest_internal=67108864 requested_dma=512
110: [I][AlphaSave] SD_HEAP operation=free-space-call-enter state=gameplay-save free_internal=67108864 free_dma=67108864 largest_dma=67108864 largest_internal=67108864 requested_dma=512
110: [I][AlphaSave] SD_HEAP operation=free-space-call-exit state=gameplay-save free_internal=67108864 free_dma=67108864 largest_dma=67108864 largest_internal=67108864 requested_dma=512
110: [I][AlphaSave] SD_HEAP operation=free-space-after state=gameplay-save free_internal=67108864 free_dma=67108864 largest_dma=67108864 largest_internal=67108864 requested_dma=512
110: [I][AlphaSave] SD_SPACE path=/sd api=esp_vfs_fat_info/f_getfree return=ESP_OK(0x0) errno=0 total_bytes=34359738368 free_bytes=8589934592 total_sectors=67108864 free_sectors=16777216 sector_bytes=512
110: [I][AlphaSave] NEWGAME_SAVE stage=free-space-query result=ok esp_err=ESP_OK errno=0 path=/sd stack_margin=32768
110: [I][AlphaSave] NEWGAME_SAVE stage=free-space result=ok esp_err=ESP_OK errno=0 path=/sd stack_margin=32768
110: [I][AlphaSave] SAVE_TARGET save_slot=0 newest=1 accepted=1 slot=0 keep=1 sequence=2
110: [I][AlphaSave] NEWGAME_SAVE stage=gam-encode result=ok esp_err=ESP_OK errno=0 path=INIT.GAM stack_margin=32768
110: [I][AlphaSave] NEWGAME_SAVE stage=ool-encode result=ok esp_err=ESP_OK errno=0 path=INIT.OOL stack_margin=32768
110: [I][AlphaSave] NEWGAME_SAVE stage=json-encode result=ok esp_err=ESP_OK errno=0 path=sidecar stack_margin=32768
110: [I][AlphaSave] SD_HEAP operation=write-gam-temp state=gameplay-save free_internal=67108864 free_dma=67108864 largest_dma=67108864 largest_internal=67108864 requested_dma=512
110: [I][AlphaSave] NEWGAME_SAVE stage=write-gam-temp result=ok esp_err=ESP_OK errno=0 path=/sd/ultima5/saves/alpha1-g0.gam.tmp stack_margin=32768
110: [I][AlphaSave] SD_HEAP operation=write-ool-temp state=gameplay-save free_internal=67108864 free_dma=67108864 largest_dma=67108864 largest_internal=67108864 requested_dma=512
110: [I][AlphaSave] NEWGAME_SAVE stage=write-ool-temp result=ok esp_err=ESP_OK errno=0 path=/sd/ultima5/saves/alpha1-g0.ool.tmp stack_margin=32768
110: [I][AlphaSave] SD_HEAP operation=write-json-temp state=gameplay-save free_internal=67108864 free_dma=67108864 largest_dma=67108864 largest_internal=67108864 requested_dma=512
110: [I][AlphaSave] NEWGAME_SAVE stage=write-json-temp result=ok esp_err=ESP_OK errno=0 path=/sd/ultima5/saves/alpha1-g0.json.tmp stack_margin=32768
110: [I][AlphaSave] SD_HEAP operation=crc-readback state=gameplay-save free_internal=67108864 free_dma=67108864 largest_dma=67108864 largest_internal=67108864 requested_dma=512
110: [I][AlphaSave] NEWGAME_SAVE stage=crc-readback result=ok esp_err=ESP_OK errno=0 path=/sd/ultima5/saves stack_margin=32768
110: [I][AlphaSave] NEWGAME_SAVE stage=rename-gam result=ok esp_err=ESP_OK errno=0 path=/sd/ultima5/saves/alpha1-g0.gam stack_margin=32768
110: [I][AlphaSave] NEWGAME_SAVE stage=rename-ool result=ok esp_err=ESP_OK errno=0 path=/sd/ultima5/saves/alpha1-g0.ool stack_margin=32768
110: [I][AlphaSave] NEWGAME_SAVE stage=rename-json result=ok esp_err=ESP_OK errno=0 path=/sd/ultima5/saves/alpha1-g0.json stack_margin=32768
110: [I][AlphaSave] NEWGAME_SAVE stage=write-commit-temp result=ok esp_err=ESP_OK errno=0 path=/sd/ultima5/saves/alpha1-g0.commit.tmp stack_margin=32768
110: [I][AlphaSave] NEWGAME_SAVE stage=rename-commit result=ok esp_err=ESP_OK errno=0 path=/sd/ultima5/saves/alpha1-g0.commit stack_margin=32768
110: [I][AlphaSave] NEWGAME_SAVE stage=semantic-validation result=ok esp_err=ESP_OK errno=0 path=/sd/ultima5/saves/alpha1-g0.commit stack_margin=32768
110: [I][AlphaSave] NEWGAME_SAVE stage=generation-final result=ok esp_err=ESP_OK errno=0 path=/sd/ultima5/saves/alpha1-g0.commit stack_margin=32768
110: [I][AlphaSave] save generation=2 save_slot=0 slot=0 time=15 ms json=6160
110: [I][AlphaSave] SD_HEAP operation=dma-reserve-restored state=gameplay-save free_internal=67108864 free_dma=67108864 largest_dma=67108864 largest_internal=67108864 requested_dma=8192
110: [I][AlphaRuntime] debug teleport rebind moved=0 prior_dungeon=0 location=17 floor=0 xy=16,20 dungeon=0
110: [I][AlphaRuntime] INPUT_ROUTE action=confirm ui=explore gameplay_command=none
110: [I][AlphaRuntime] INPUT_EDGE raw=00,00,00,00,00 prev=00,00,00,00,00 matrix=0,0 physical=matrix-key edge=press mods=S0,A1,H0 printable=6d base=00 symbol=00 ui=explore emitted=system-menu action_char=0 shortcut=none
110: [I][AlphaSave] SD_HEAP operation=release-reserved-dma state=save-catalog free_internal=67108864 free_dma=67108864 largest_dma=67108864 largest_internal=67108864 requested_dma=8192
110: [I][AlphaSave] SD_HEAP operation=sd-window-open state=save-catalog free_internal=67108864 free_dma=67108864 largest_dma=67108864 largest_internal=67108864 requested_dma=512
110: [I][AlphaSave] SAVE_CATALOG slot1=cached slot2=empty slot3=empty staged=0 bytes=64 commit_us=206 verify_us=0 total_us=212
110: [I][AlphaSave] SD_HEAP operation=dma-reserve-restored state=save-catalog free_internal=67108864 free_dma=67108864 largest_dma=67108864 largest_internal=67108864 requested_dma=8192
110: [I][AlphaRuntime] SYSTEM_MENU action=toggle open=1 gameplay_command=none
110: [I][AlphaRuntime] SYSTEM_MENU action=direction accepted=1 open=1 gameplay_command=none
110: [I][AlphaRuntime] INPUT_EDGE raw=00,00,00,00,00 prev=00,00,00,00,00 matrix=0,0 physical=matrix-key edge=press mods=S0,A0,H0 printable=0d base=00 symbol=00 ui=inventory emitted=confirm action_char=0 shortcut=none
110: [I][AlphaSave] SD_HEAP operation=release-reserved-dma state=save-catalog free_internal=67108864 free_dma=67108864 largest_dma=67108864 largest_internal=67108864 requested_dma=8192
110: [I][AlphaSave] SD_HEAP operation=sd-window-open state=save-catalog free_internal=67108864 free_dma=67108864 largest_dma=67108864 largest_internal=67108864 requested_dma=512
110: [I][AlphaSave] SAVE_CATALOG slot1=cached slot2=empty slot3=empty staged=0 bytes=64 commit_us=102 verify_us=0 total_us=105
110: [I][AlphaSave] SD_HEAP operation=dma-reserve-restored state=save-catalog free_internal=67108864 free_dma=67108864 largest_dma=67108864 largest_internal=67108864 requested_dma=8192
110: [I][AlphaRuntime] SYSTEM_MENU action=confirm accepted=1 open=0 gameplay_command=none
110: [I][AlphaRuntime] INPUT_EDGE raw=00,00,00,00,00 prev=00,00,00,00,00 matrix=0,0 physical=matrix-key edge=press mods=S0,A0,H0 printable=20 base=00 symbol=00 ui=inventory emitted=character action_char=32 shortcut=none
110: [I][AlphaRuntime] FRONTEND_INPUT raw=keyboard action=character char=32 accepted=1 state=title->menu phase=name->name name=""->""
110: [I][AlphaRuntime] FRONTEND_STATE count=102 from=title to=menu reason=input reconstructed=0
110: [I][AlphaRuntime] INPUT_EDGE raw=00,00,00,00,00 prev=00,00,00,00,00 matrix=0,0 physical=matrix-key edge=press mods=S0,A0,H0 printable=70 base=00 symbol=00 ui=inventory emitted=character action_char=112 shortcut=none
110: [I][AlphaRuntime] FRONTEND_INPUT raw=keyboard action=character char=112 accepted=1 state=menu->error phase=name->name name=""->""
110: [I][AlphaRuntime] FRONTEND_STATE count=103 from=menu to=error reason=input reconstructed=0
110: [I][AlphaRuntime] FRONTEND_INTENT intent=inspect-pc-saves storage_begin=1 phase=name name="" gender=0x0b stack_margin=32768
110: [I][AlphaSave] SD_HEAP operation=release-reserved-dma state=save-catalog free_internal=67108864 free_dma=67108864 largest_dma=67108864 largest_internal=67108864 requested_dma=8192
110: [I][AlphaSave] SD_HEAP operation=sd-window-open state=save-catalog free_internal=67108864 free_dma=67108864 largest_dma=67108864 largest_internal=67108864 requested_dma=512
110: [I][AlphaSave] SAVE_CATALOG slot1=cached slot2=empty slot3=empty staged=0 bytes=64 commit_us=90 verify_us=0 total_us=94
110: [I][AlphaSave] SD_HEAP operation=dma-reserve-restored state=save-catalog free_internal=67108864 free_dma=67108864 largest_dma=67108864 largest_internal=67108864 requested_dma=8192
110: [I][AlphaSave] SD_HEAP operation=release-reserved-dma state=pc-import-read free_internal=67108864 free_dma=67108864 largest_dma=67108864 largest_internal=67108864 requested_dma=8192
110: [I][AlphaSave] SD_HEAP operation=sd-window-open state=pc-import-read free_internal=67108864 free_dma=67108864 largest_dma=67108864 largest_internal=67108864 requested_dma=512
110: [I][AlphaSave] PC_IMPORT_READ gam=4192 ool=512
110: [I][AlphaSave] SD_HEAP operation=dma-reserve-restored state=pc-import-read free_internal=67108864 free_dma=67108864 largest_dma=67108864 largest_internal=67108864 requested_dma=8192
110: [I][AlphaSave] SD_HEAP operation=release-reserved-dma state=pc-import-marker free_internal=67108864 free_dma=67108864 largest_dma=67108864 largest_internal=67108864 requested_dma=8192
110: [I][AlphaSave] SD_HEAP operation=sd-window-open state=pc-import-marker free_internal=67108864 free_dma=67108864 largest_dma=67108864 largest_internal=67108864 requested_dma=512
110: [I][AlphaSave] SD_HEAP operation=dma-reserve-restored state=pc-import-marker free_internal=67108864 free_dma=67108864 largest_dma=67108864 largest_internal=67108864 requested_dma=8192
110: [I][AlphaRuntime] FRONTEND_INPUT raw=trackball-down action=direction char=0 accepted=1 state=error->error phase=name->name name=""->""
110: [I][AlphaRuntime] INPUT_EDGE raw=00,00,00,00,00 prev=00,00,00,00,00 matrix=0,0 physical=matrix-key edge=press mods=S0,A0,H0 printable=0d base=00 symbol=00 ui=inventory emitted=confirm action_char=0 shortcut=none
110: [I][AlphaRuntime] FRONTEND_INPUT raw=keyboard action=confirm char=0 accepted=1 state=error->error phase=name->name name=""->""
110: [I][AlphaRuntime] FRONTEND_STATE count=104 from=error to=error reason=input reconstructed=0
110: [I][AlphaRuntime] INPUT_EDGE raw=00,00,00,00,00 prev=00,00,00,00,00 matrix=0,0 physical=matrix-key edge=press mods=S0,A0,H0 printable=0d base=00 symbol=00 ui=inventory emitted=confirm action_char=0 shortcut=none
110: [I][AlphaRuntime] FRONTEND_INPUT raw=keyboard action=confirm char=0 accepted=1 state=error->error phase=name->name name=""->""
110: [I][AlphaRuntime] FRONTEND_INTENT intent=export-pc-save storage_begin=1 phase=name name="" gender=0x0b stack_margin=32768
110: [I][AlphaSave] SD_HEAP operation=release-reserved-dma state=pc-export free_internal=67108864 free_dma=67108864 largest_dma=67108864 largest_internal=67108864 requested_dma=8192
110: [I][AlphaSave] SD_HEAP operation=sd-window-open state=pc-export free_internal=67108864 free_dma=67108864 largest_dma=67108864 largest_internal=67108864 requested_dma=512
110: [I][AlphaSave] PC_EXPORT slot=0 generation=0 sequence=2 frigates=1 horses=0 skiffs=1 unplaced=0 town=1 time_us=19294
110: [I][AlphaSave] SD_HEAP operation=dma-reserve-restored state=pc-export free_internal=67108864 free_dma=67108864 largest_dma=67108864 largest_internal=67108864 requested_dma=8192
110: [I][AlphaSave] SD_HEAP operation=release-reserved-dma state=save-catalog free_internal=67108864 free_dma=67108864 largest_dma=67108864 largest_internal=67108864 requested_dma=8192
110: [I][AlphaSave] SD_HEAP operation=sd-window-open state=save-catalog free_internal=67108864 free_dma=67108864 largest_dma=67108864 largest_internal=67108864 requested_dma=512
110: [I][AlphaSave] SAVE_CATALOG slot1=cached slot2=empty slot3=empty staged=0 bytes=64 commit_us=216 verify_us=0 total_us=222
110: [I][AlphaSave] SD_HEAP operation=dma-reserve-restored state=save-catalog free_internal=67108864 free_dma=67108864 largest_dma=67108864 largest_internal=67108864 requested_dma=8192
110: [I][AlphaSave] SD_HEAP operation=release-reserved-dma state=pc-import-read free_internal=67108864 free_dma=67108864 largest_dma=67108864 largest_internal=67108864 requested_dma=8192
110: [I][AlphaSave] SD_HEAP operation=sd-window-open state=pc-import-read free_internal=67108864 free_dma=67108864 largest_dma=67108864 largest_internal=67108864 requested_dma=512
110: [I][AlphaSave] PC_IMPORT_READ gam=4192 ool=512
110: [I][AlphaSave] SD_HEAP operation=dma-reserve-restored state=pc-import-read free_internal=67108864 free_dma=67108864 largest_dma=67108864 largest_internal=67108864 requested_dma=8192
110: [I][AlphaSave] SD_HEAP operation=release-reserved-dma state=pc-import-marker free_internal=67108864 free_dma=67108864 largest_dma=67108864 largest_internal=67108864 requested_dma=8192
110: [I][AlphaSave] SD_HEAP operation=sd-window-open state=pc-import-marker free_internal=67108864 free_dma=67108864 largest_dma=67108864 largest_internal=67108864 requested_dma=512
110: [I][AlphaSave] SD_HEAP operation=dma-reserve-restored state=pc-import-marker free_internal=67108864 free_dma=67108864 largest_dma=67108864 largest_internal=67108864 requested_dma=8192
110: [I][AlphaRuntime] FRONTEND_INTENT intent=export-pc-save slot=0 ok=1 message="Slot 1 written to /ultima5/export/slot1"
110:   GREEN T1    the imported journey, changed (1234 gold, one step east, wind South, search item 20 found, a frigate docked outside) and saved, exports those changes
110:   GREEN T2    every other byte the original had is still the original's, except the documented unbridged ones (L1/L5)
110: [I][AlphaRuntime] INPUT_EDGE raw=00,00,00,00,00 prev=00,00,00,00,00 matrix=0,0 physical=matrix-key edge=press mods=S0,A0,H0 printable=08 base=00 symbol=00 ui=inventory emitted=back action_char=0 shortcut=none
110: [I][AlphaRuntime] FRONTEND_INPUT raw=keyboard action=back char=0 accepted=1 state=error->menu phase=name->name name=""->""
110: [I][AlphaRuntime] FRONTEND_STATE count=105 from=error to=menu reason=input reconstructed=0
110: [I][AlphaRuntime] INPUT_EDGE raw=00,00,00,00,00 prev=00,00,00,00,00 matrix=0,0 physical=matrix-key edge=press mods=S0,A0,H0 printable=70 base=00 symbol=00 ui=inventory emitted=character action_char=112 shortcut=none
110: [I][AlphaRuntime] FRONTEND_INPUT raw=keyboard action=character char=112 accepted=1 state=menu->error phase=name->name name=""->""
110: [I][AlphaRuntime] FRONTEND_STATE count=106 from=menu to=error reason=input reconstructed=0
110: [I][AlphaRuntime] FRONTEND_INTENT intent=inspect-pc-saves storage_begin=1 phase=name name="" gender=0x0b stack_margin=32768
110: [I][AlphaSave] SD_HEAP operation=release-reserved-dma state=save-catalog free_internal=67108864 free_dma=67108864 largest_dma=67108864 largest_internal=67108864 requested_dma=8192
110: [I][AlphaSave] SD_HEAP operation=sd-window-open state=save-catalog free_internal=67108864 free_dma=67108864 largest_dma=67108864 largest_internal=67108864 requested_dma=512
110: [I][AlphaSave] SAVE_CATALOG slot1=cached slot2=empty slot3=empty staged=0 bytes=64 commit_us=162 verify_us=0 total_us=168
110: [I][AlphaSave] SD_HEAP operation=dma-reserve-restored state=save-catalog free_internal=67108864 free_dma=67108864 largest_dma=67108864 largest_internal=67108864 requested_dma=8192
110: [I][AlphaSave] SD_HEAP operation=release-reserved-dma state=pc-import-read free_internal=67108864 free_dma=67108864 largest_dma=67108864 largest_internal=67108864 requested_dma=8192
110: [I][AlphaSave] SD_HEAP operation=sd-window-open state=pc-import-read free_internal=67108864 free_dma=67108864 largest_dma=67108864 largest_internal=67108864 requested_dma=512
110: [I][AlphaSave] PC_IMPORT_READ gam=4192 ool=512
110: [I][AlphaSave] SD_HEAP operation=dma-reserve-restored state=pc-import-read free_internal=67108864 free_dma=67108864 largest_dma=67108864 largest_internal=67108864 requested_dma=8192
110: [I][AlphaSave] SD_HEAP operation=release-reserved-dma state=pc-import-marker free_internal=67108864 free_dma=67108864 largest_dma=67108864 largest_internal=67108864 requested_dma=8192
110: [I][AlphaSave] SD_HEAP operation=sd-window-open state=pc-import-marker free_internal=67108864 free_dma=67108864 largest_dma=67108864 largest_internal=67108864 requested_dma=512
110: [I][AlphaSave] SD_HEAP operation=dma-reserve-restored state=pc-import-marker free_internal=67108864 free_dma=67108864 largest_dma=67108864 largest_internal=67108864 requested_dma=8192
110: [I][AlphaRuntime] INPUT_EDGE raw=00,00,00,00,00 prev=00,00,00,00,00 matrix=0,0 physical=matrix-key edge=press mods=S0,A0,H0 printable=0d base=00 symbol=00 ui=inventory emitted=confirm action_char=0 shortcut=none
110: [I][AlphaRuntime] FRONTEND_INPUT raw=keyboard action=confirm char=0 accepted=1 state=error->error phase=name->name name=""->""
110: [I][AlphaRuntime] FRONTEND_STATE count=107 from=error to=error reason=input reconstructed=0
110: [I][AlphaRuntime] INPUT_EDGE raw=00,00,00,00,00 prev=00,00,00,00,00 matrix=0,0 physical=matrix-key edge=press mods=S0,A0,H0 printable=0d base=00 symbol=00 ui=inventory emitted=confirm action_char=0 shortcut=none
110: [I][AlphaRuntime] FRONTEND_INPUT raw=keyboard action=confirm char=0 accepted=1 state=error->error phase=name->name name=""->""
110: [I][AlphaRuntime] FRONTEND_INTENT intent=import-pc-save storage_begin=1 phase=name name="" gender=0x0b stack_margin=32768
110: [I][AlphaSave] SD_HEAP operation=release-reserved-dma state=pc-import-read free_internal=67108864 free_dma=67108864 largest_dma=67108864 largest_internal=67108864 requested_dma=8192
110: [I][AlphaSave] SD_HEAP operation=sd-window-open state=pc-import-read free_internal=67108864 free_dma=67108864 largest_dma=67108864 largest_internal=67108864 requested_dma=512
110: [I][AlphaSave] PC_IMPORT_READ gam=4192 ool=512
110: [I][AlphaSave] SD_HEAP operation=dma-reserve-restored state=pc-import-read free_internal=67108864 free_dma=67108864 largest_dma=67108864 largest_internal=67108864 requested_dma=8192
110: [I][AlphaRuntime] U5OBJ CLEAR site=load-restore pool_before=0
110: [I][AlphaRuntime] WORLD_OBJECTS_RESTORE count=1
110: [I][AlphaRuntime] DUNGEON_RESTORE active=0 dungeon=33 depth=0
110: [I][AlphaRuntime] LOAD_TRANSIENT_RESET ui=explore->explore request=0 views=0 questions=0
110: [I][AlphaRuntime] U5OBJ SOURCE loc=17 floor=0 hour=3 table=found table_loc=17 count=32 slots=present tables=32 npc_dead=0x00000000 pool_before=1
110: [I][AlphaRuntime] U5OBJ SRC slot=23 index=23 type=1(0x01) tile=257 dialog=0 x=16,16,16 y=21,21,21 z=255,255,255 schedule=0,0,0,0 ai=0,0,0
110: [I][AlphaRuntime] U5OBJ SRC slot=24 index=24 type=1(0x01) tile=257 dialog=0 x=17,17,17 y=22,22,22 z=255,255,255 schedule=0,0,0,0 ai=0,0,0
110: [I][AlphaRuntime] U5OBJ SRC slot=25 index=25 type=1(0x01) tile=257 dialog=0 x=13,13,13 y=23,23,23 z=255,255,255 schedule=0,0,0,0 ai=0,0,0
110: [I][AlphaRuntime] U5OBJ SRC slot=28 index=28 type=30(0x1e) tile=286 dialog=0 x=9,9,9 y=9,9,9 z=255,255,255 schedule=0,0,0,0 ai=0,0,0
110: [I][AlphaRuntime] U5OBJ RESERVE request=32 current_size=1 current_capacity=32 object_bytes=68 need_bytes=2176 target_bytes=2244 free_internal=67108864 largest_internal=67108864 free_psram=67108864 largest_psram=67108864 free_default=67108864 guard=free_psram>=need+32768 result=1
110: [I][AlphaRuntime] U5OBJ RESERVE_DONE size=1 capacity=33 storage_heap=internal
110: [I][AlphaRuntime] U5OBJ HYDRATE slot=23 index=23 ACCEPT schedule=0 loc=17 floor=-1 x=16 y=21 tile=257 chest=1 prop=0 plot=0 item=8 contents=30 pool_index=2
110: [I][AlphaRuntime] CHEST_INSERT source=authored/hydrated loc=17 floor=-1 world_x=16 world_y=21 object_id=2 type=chest flags=none trap=0 contents=30 collection_count_before=2 after=3
110: [I][AlphaRuntime] U5OBJ HYDRATE slot=24 index=24 ACCEPT schedule=0 loc=17 floor=-1 x=17 y=22 tile=257 chest=1 prop=0 plot=0 item=8 contents=30 pool_index=3
110: [I][AlphaRuntime] CHEST_INSERT source=authored/hydrated loc=17 floor=-1 world_x=17 world_y=22 object_id=3 type=chest flags=none trap=0 contents=30 collection_count_before=3 after=4
110: [I][AlphaRuntime] U5OBJ HYDRATE slot=25 index=25 ACCEPT schedule=0 loc=17 floor=-1 x=13 y=23 tile=257 chest=1 prop=0 plot=0 item=8 contents=30 pool_index=4
110: [I][AlphaRuntime] CHEST_INSERT source=authored/hydrated loc=17 floor=-1 world_x=13 world_y=23 object_id=4 type=chest flags=none trap=0 contents=30 collection_count_before=4 after=5
110: [I][AlphaRuntime] U5OBJ HYDRATE slot=28 index=28 ACCEPT schedule=0 loc=17 floor=-1 x=9 y=9 tile=286 chest=0 prop=1 plot=0 item=8 contents=30 pool_index=5
110: [I][AlphaRuntime] U5OBJ POST_HYDRATE result=1 reason=ok pool_size=7 accepted=6 dropped=26 hydrate_calls=15
110: [I][AlphaRuntime] U5OBJ POST_HYDRATE_OBJ index=2 loc=17 floor=-1 x=16 y=21 tile=257 chest=1 prop=0 plot=0 item=8 loot=0 search=0 shadowlord=0 trapped=0 contents=30 slot=-1
110: [I][AlphaRuntime] U5OBJ POST_HYDRATE_OBJ index=3 loc=17 floor=-1 x=17 y=22 tile=257 chest=1 prop=0 plot=0 item=8 loot=0 search=0 shadowlord=0 trapped=0 contents=30 slot=-1
110: [I][AlphaRuntime] U5OBJ POST_HYDRATE_OBJ index=4 loc=17 floor=-1 x=13 y=23 tile=257 chest=1 prop=0 plot=0 item=8 loot=0 search=0 shadowlord=0 trapped=0 contents=30 slot=-1
110: [I][AlphaRuntime] U5OBJ POST_HYDRATE_OBJ index=5 loc=17 floor=-1 x=9 y=9 tile=286 chest=0 prop=1 plot=0 item=8 loot=0 search=0 shadowlord=0 trapped=0 contents=30 slot=-1
110: [I][AlphaSave] SD_HEAP operation=release-reserved-dma state=gameplay-save free_internal=67108864 free_dma=67108864 largest_dma=67108864 largest_internal=67108864 requested_dma=8192
110: [I][AlphaSave] SD_HEAP operation=sd-window-open state=gameplay-save free_internal=67108864 free_dma=67108864 largest_dma=67108864 largest_internal=67108864 requested_dma=512
110: [I][AlphaSave] NEWGAME_SAVE stage=create-root-directory result=ok esp_err=ESP_OK errno=0 path=/sd/ultima5 stack_margin=32768
110: [I][AlphaSave] NEWGAME_SAVE stage=create-save-directory result=ok esp_err=ESP_OK errno=0 path=/sd/ultima5/saves stack_margin=32768
110: [I][AlphaSave] SD_HEAP operation=free-space-before state=gameplay-save free_internal=67108864 free_dma=67108864 largest_dma=67108864 largest_internal=67108864 requested_dma=512
110: [I][AlphaSave] SD_HEAP operation=free-space-call-enter state=gameplay-save free_internal=67108864 free_dma=67108864 largest_dma=67108864 largest_internal=67108864 requested_dma=512
110: [I][AlphaSave] SD_HEAP operation=free-space-call-exit state=gameplay-save free_internal=67108864 free_dma=67108864 largest_dma=67108864 largest_internal=67108864 requested_dma=512
110: [I][AlphaSave] SD_HEAP operation=free-space-after state=gameplay-save free_internal=67108864 free_dma=67108864 largest_dma=67108864 largest_internal=67108864 requested_dma=512
110: [I][AlphaSave] SD_SPACE path=/sd api=esp_vfs_fat_info/f_getfree return=ESP_OK(0x0) errno=0 total_bytes=34359738368 free_bytes=8589934592 total_sectors=67108864 free_sectors=16777216 sector_bytes=512
110: [I][AlphaSave] NEWGAME_SAVE stage=free-space-query result=ok esp_err=ESP_OK errno=0 path=/sd stack_margin=32768
110: [I][AlphaSave] NEWGAME_SAVE stage=free-space result=ok esp_err=ESP_OK errno=0 path=/sd stack_margin=32768
110: [I][AlphaSave] SAVE_TARGET save_slot=1 newest=-1 accepted=0 slot=1 keep=-1 sequence=3
110: [I][AlphaSave] NEWGAME_SAVE stage=gam-encode result=ok esp_err=ESP_OK errno=0 path=INIT.GAM stack_margin=32768
110: [I][AlphaSave] NEWGAME_SAVE stage=ool-encode result=ok esp_err=ESP_OK errno=0 path=INIT.OOL stack_margin=32768
110: [I][AlphaSave] NEWGAME_SAVE stage=json-encode result=ok esp_err=ESP_OK errno=0 path=sidecar stack_margin=32768
110: [I][AlphaSave] SD_HEAP operation=write-gam-temp state=gameplay-save free_internal=67108864 free_dma=67108864 largest_dma=67108864 largest_internal=67108864 requested_dma=512
110: [I][AlphaSave] NEWGAME_SAVE stage=write-gam-temp result=ok esp_err=ESP_OK errno=0 path=/sd/ultima5/saves/alpha1-s2-g1.gam.tmp stack_margin=32768
110: [I][AlphaSave] SD_HEAP operation=write-ool-temp state=gameplay-save free_internal=67108864 free_dma=67108864 largest_dma=67108864 largest_internal=67108864 requested_dma=512
110: [I][AlphaSave] NEWGAME_SAVE stage=write-ool-temp result=ok esp_err=ESP_OK errno=0 path=/sd/ultima5/saves/alpha1-s2-g1.ool.tmp stack_margin=32768
110: [I][AlphaSave] SD_HEAP operation=write-json-temp state=gameplay-save free_internal=67108864 free_dma=67108864 largest_dma=67108864 largest_internal=67108864 requested_dma=512
110: [I][AlphaSave] NEWGAME_SAVE stage=write-json-temp result=ok esp_err=ESP_OK errno=0 path=/sd/ultima5/saves/alpha1-s2-g1.json.tmp stack_margin=32768
110: [I][AlphaSave] SD_HEAP operation=crc-readback state=gameplay-save free_internal=67108864 free_dma=67108864 largest_dma=67108864 largest_internal=67108864 requested_dma=512
110: [I][AlphaSave] NEWGAME_SAVE stage=crc-readback result=ok esp_err=ESP_OK errno=0 path=/sd/ultima5/saves stack_margin=32768
110: [I][AlphaSave] NEWGAME_SAVE stage=rename-gam result=ok esp_err=ESP_OK errno=0 path=/sd/ultima5/saves/alpha1-s2-g1.gam stack_margin=32768
110: [I][AlphaSave] NEWGAME_SAVE stage=rename-ool result=ok esp_err=ESP_OK errno=0 path=/sd/ultima5/saves/alpha1-s2-g1.ool stack_margin=32768
110: [I][AlphaSave] NEWGAME_SAVE stage=rename-json result=ok esp_err=ESP_OK errno=0 path=/sd/ultima5/saves/alpha1-s2-g1.json stack_margin=32768
110: [I][AlphaSave] NEWGAME_SAVE stage=write-commit-temp result=ok esp_err=ESP_OK errno=0 path=/sd/ultima5/saves/alpha1-s2-g1.commit.tmp stack_margin=32768
110: [I][AlphaSave] NEWGAME_SAVE stage=rename-commit result=ok esp_err=ESP_OK errno=0 path=/sd/ultima5/saves/alpha1-s2-g1.commit stack_margin=32768
110: [I][AlphaSave] NEWGAME_SAVE stage=semantic-validation result=ok esp_err=ESP_OK errno=0 path=/sd/ultima5/saves/alpha1-s2-g1.commit stack_margin=32768
110: [I][AlphaSave] NEWGAME_SAVE stage=generation-final result=ok esp_err=ESP_OK errno=0 path=/sd/ultima5/saves/alpha1-s2-g1.commit stack_margin=32768
110: [I][AlphaSave] save generation=3 save_slot=1 slot=1 time=16 ms json=6160
110: [I][AlphaSave] SD_HEAP operation=dma-reserve-restored state=gameplay-save free_internal=67108864 free_dma=67108864 largest_dma=67108864 largest_internal=67108864 requested_dma=8192
110: [I][AlphaSave] SD_HEAP operation=release-reserved-dma state=save-catalog free_internal=67108864 free_dma=67108864 largest_dma=67108864 largest_internal=67108864 requested_dma=8192
110: [I][AlphaSave] SD_HEAP operation=sd-window-open state=save-catalog free_internal=67108864 free_dma=67108864 largest_dma=67108864 largest_internal=67108864 requested_dma=512
110: [I][AlphaSave] SAVE_CATALOG slot1=cached slot2=cached slot3=empty staged=0 bytes=96 commit_us=255 verify_us=0 total_us=315
110: [I][AlphaSave] SD_HEAP operation=dma-reserve-restored state=save-catalog free_internal=67108864 free_dma=67108864 largest_dma=67108864 largest_internal=67108864 requested_dma=8192
110: [I][AlphaSave] SD_HEAP operation=release-reserved-dma state=pc-import-marker free_internal=67108864 free_dma=67108864 largest_dma=67108864 largest_internal=67108864 requested_dma=8192
110: [I][AlphaSave] SD_HEAP operation=sd-window-open state=pc-import-marker free_internal=67108864 free_dma=67108864 largest_dma=67108864 largest_internal=67108864 requested_dma=512
110: [I][AlphaSave] SD_HEAP operation=dma-reserve-restored state=pc-import-marker free_internal=67108864 free_dma=67108864 largest_dma=67108864 largest_internal=67108864 requested_dma=8192
110: [I][AlphaRuntime] PC_IMPORT slot=1 location=17 frigates=1 horses=0 skiffs=1 search=1 ms=16
110: [I][AlphaSave] SD_HEAP operation=release-reserved-dma state=save-catalog free_internal=67108864 free_dma=67108864 largest_dma=67108864 largest_internal=67108864 requested_dma=8192
110: [I][AlphaSave] SD_HEAP operation=sd-window-open state=save-catalog free_internal=67108864 free_dma=67108864 largest_dma=67108864 largest_internal=67108864 requested_dma=512
110: [I][AlphaSave] SAVE_CATALOG slot1=cached slot2=cached slot3=empty staged=0 bytes=96 commit_us=179 verify_us=0 total_us=183
110: [I][AlphaSave] SD_HEAP operation=dma-reserve-restored state=save-catalog free_internal=67108864 free_dma=67108864 largest_dma=67108864 largest_internal=67108864 requested_dma=8192
110: [I][AlphaSave] SD_HEAP operation=release-reserved-dma state=pc-import-read free_internal=67108864 free_dma=67108864 largest_dma=67108864 largest_internal=67108864 requested_dma=8192
110: [I][AlphaSave] SD_HEAP operation=sd-window-open state=pc-import-read free_internal=67108864 free_dma=67108864 largest_dma=67108864 largest_internal=67108864 requested_dma=512
110: [I][AlphaSave] PC_IMPORT_READ gam=4192 ool=512
110: [I][AlphaSave] SD_HEAP operation=dma-reserve-restored state=pc-import-read free_internal=67108864 free_dma=67108864 largest_dma=67108864 largest_internal=67108864 requested_dma=8192
110: [I][AlphaSave] SD_HEAP operation=release-reserved-dma state=pc-import-marker free_internal=67108864 free_dma=67108864 largest_dma=67108864 largest_internal=67108864 requested_dma=8192
110: [I][AlphaSave] SD_HEAP operation=sd-window-open state=pc-import-marker free_internal=67108864 free_dma=67108864 largest_dma=67108864 largest_internal=67108864 requested_dma=512
110: [I][AlphaSave] SD_HEAP operation=dma-reserve-restored state=pc-import-marker free_internal=67108864 free_dma=67108864 largest_dma=67108864 largest_internal=67108864 requested_dma=8192
110: [I][AlphaRuntime] FRONTEND_INTENT intent=import-pc-save slot=1 ok=1 message="Imported into Slot 2. The PC files are kept"
110: [I][AlphaSave] SD_HEAP operation=release-reserved-dma state=load-slot free_internal=67108864 free_dma=67108864 largest_dma=67108864 largest_internal=67108864 requested_dma=8192
110: [I][AlphaSave] SD_HEAP operation=sd-window-open state=load-slot free_internal=67108864 free_dma=67108864 largest_dma=67108864 largest_internal=67108864 requested_dma=512
110: [I][AlphaSave] SAVE_SCRATCH psram_bytes=11888
110: [I][AlphaSave] load save_slot=1 slot=1 time=2 ms status=0
110: [I][AlphaSave] SD_HEAP operation=dma-reserve-restored state=load-slot free_internal=67108864 free_dma=67108864 largest_dma=67108864 largest_internal=67108864 requested_dma=8192
110:   GREEN T3    the export imported back: gold, position, wind, the found item and the docked frigate survive; the party is intact
110:   GREEN T4    Native-only state after the PC round trip is at its documented defaults (HMS Cape toggle 0, no open doors, no session)
110: [I][AlphaRuntime] INPUT_EDGE raw=00,00,00,00,00 prev=00,00,00,00,00 matrix=0,0 physical=matrix-key edge=press mods=S0,A0,H0 printable=08 base=00 symbol=00 ui=inventory emitted=back action_char=0 shortcut=none
110: [I][AlphaRuntime] FRONTEND_INPUT raw=keyboard action=back char=0 accepted=1 state=error->menu phase=name->name name=""->""
110: [I][AlphaRuntime] FRONTEND_STATE count=108 from=error to=menu reason=input reconstructed=0
110: [I][AlphaRuntime] INPUT_EDGE raw=00,00,00,00,00 prev=00,00,00,00,00 matrix=0,0 physical=matrix-key edge=press mods=S0,A0,H0 printable=70 base=00 symbol=00 ui=inventory emitted=character action_char=112 shortcut=none
110: [I][AlphaRuntime] FRONTEND_INPUT raw=keyboard action=character char=112 accepted=1 state=menu->error phase=name->name name=""->""
110: [I][AlphaRuntime] FRONTEND_STATE count=109 from=menu to=error reason=input reconstructed=0
110: [I][AlphaRuntime] FRONTEND_INTENT intent=inspect-pc-saves storage_begin=1 phase=name name="" gender=0x0b stack_margin=32768
110: [I][AlphaSave] SD_HEAP operation=release-reserved-dma state=save-catalog free_internal=67108864 free_dma=67108864 largest_dma=67108864 largest_internal=67108864 requested_dma=8192
110: [I][AlphaSave] SD_HEAP operation=sd-window-open state=save-catalog free_internal=67108864 free_dma=67108864 largest_dma=67108864 largest_internal=67108864 requested_dma=512
110: [I][AlphaSave] SAVE_CATALOG slot1=empty slot2=empty slot3=empty staged=0 bytes=0 commit_us=94 verify_us=0 total_us=101
110: [I][AlphaSave] SD_HEAP operation=dma-reserve-restored state=save-catalog free_internal=67108864 free_dma=67108864 largest_dma=67108864 largest_internal=67108864 requested_dma=8192
110: [I][AlphaSave] SD_HEAP operation=release-reserved-dma state=pc-import-read free_internal=67108864 free_dma=67108864 largest_dma=67108864 largest_internal=67108864 requested_dma=8192
110: [I][AlphaSave] SD_HEAP operation=sd-window-open state=pc-import-read free_internal=67108864 free_dma=67108864 largest_dma=67108864 largest_internal=67108864 requested_dma=512
110: [I][AlphaSave] PC_IMPORT_READ gam=4192 ool=512
110: [I][AlphaSave] SD_HEAP operation=dma-reserve-restored state=pc-import-read free_internal=67108864 free_dma=67108864 largest_dma=67108864 largest_internal=67108864 requested_dma=8192
110: [I][AlphaSave] SD_HEAP operation=release-reserved-dma state=pc-import-marker free_internal=67108864 free_dma=67108864 largest_dma=67108864 largest_internal=67108864 requested_dma=8192
110: [I][AlphaSave] SD_HEAP operation=sd-window-open state=pc-import-marker free_internal=67108864 free_dma=67108864 largest_dma=67108864 largest_internal=67108864 requested_dma=512
110: [I][AlphaSave] SD_HEAP operation=dma-reserve-restored state=pc-import-marker free_internal=67108864 free_dma=67108864 largest_dma=67108864 largest_internal=67108864 requested_dma=8192
110: [I][AlphaRuntime] INPUT_EDGE raw=00,00,00,00,00 prev=00,00,00,00,00 matrix=0,0 physical=matrix-key edge=press mods=S0,A0,H0 printable=0d base=00 symbol=00 ui=inventory emitted=confirm action_char=0 shortcut=none
110: [I][AlphaRuntime] FRONTEND_INPUT raw=keyboard action=confirm char=0 accepted=1 state=error->error phase=name->name name=""->""
110: [I][AlphaRuntime] FRONTEND_STATE count=110 from=error to=error reason=input reconstructed=0
110: [I][AlphaRuntime] INPUT_EDGE raw=00,00,00,00,00 prev=00,00,00,00,00 matrix=0,0 physical=matrix-key edge=press mods=S0,A0,H0 printable=0d base=00 symbol=00 ui=inventory emitted=confirm action_char=0 shortcut=none
110: [I][AlphaRuntime] FRONTEND_INPUT raw=keyboard action=confirm char=0 accepted=1 state=error->error phase=name->name name=""->""
110: [I][AlphaRuntime] FRONTEND_INTENT intent=import-pc-save storage_begin=1 phase=name name="" gender=0x0b stack_margin=32768
110: [I][AlphaSave] SD_HEAP operation=release-reserved-dma state=pc-import-read free_internal=67108864 free_dma=67108864 largest_dma=67108864 largest_internal=67108864 requested_dma=8192
110: [I][AlphaSave] SD_HEAP operation=sd-window-open state=pc-import-read free_internal=67108864 free_dma=67108864 largest_dma=67108864 largest_internal=67108864 requested_dma=512
110: [I][AlphaSave] PC_IMPORT_READ gam=4192 ool=512
110: [I][AlphaSave] SD_HEAP operation=dma-reserve-restored state=pc-import-read free_internal=67108864 free_dma=67108864 largest_dma=67108864 largest_internal=67108864 requested_dma=8192
110: [I][AlphaRuntime] U5OBJ CLEAR site=load-restore pool_before=0
110: [I][AlphaRuntime] WORLD_OBJECTS_RESTORE count=2
110: [I][AlphaRuntime] DUNGEON_RESTORE active=0 dungeon=33 depth=0
110: [I][AlphaRuntime] LOAD_TRANSIENT_RESET ui=explore->explore request=0 views=0 questions=0
110: [I][AlphaSave] SD_HEAP operation=release-reserved-dma state=gameplay-save free_internal=67108864 free_dma=67108864 largest_dma=67108864 largest_internal=67108864 requested_dma=8192
110: [I][AlphaSave] SD_HEAP operation=sd-window-open state=gameplay-save free_internal=67108864 free_dma=67108864 largest_dma=67108864 largest_internal=67108864 requested_dma=512
110: [I][AlphaSave] NEWGAME_SAVE stage=create-root-directory result=ok esp_err=ESP_OK errno=0 path=/sd/ultima5 stack_margin=32768
110: [I][AlphaSave] NEWGAME_SAVE stage=create-save-directory result=ok esp_err=ESP_OK errno=0 path=/sd/ultima5/saves stack_margin=32768
110: [I][AlphaSave] SD_HEAP operation=free-space-before state=gameplay-save free_internal=67108864 free_dma=67108864 largest_dma=67108864 largest_internal=67108864 requested_dma=512
110: [I][AlphaSave] SD_HEAP operation=free-space-call-enter state=gameplay-save free_internal=67108864 free_dma=67108864 largest_dma=67108864 largest_internal=67108864 requested_dma=512
110: [I][AlphaSave] SD_HEAP operation=free-space-call-exit state=gameplay-save free_internal=67108864 free_dma=67108864 largest_dma=67108864 largest_internal=67108864 requested_dma=512
110: [I][AlphaSave] SD_HEAP operation=free-space-after state=gameplay-save free_internal=67108864 free_dma=67108864 largest_dma=67108864 largest_internal=67108864 requested_dma=512
110: [I][AlphaSave] SD_SPACE path=/sd api=esp_vfs_fat_info/f_getfree return=ESP_OK(0x0) errno=0 total_bytes=34359738368 free_bytes=8589934592 total_sectors=67108864 free_sectors=16777216 sector_bytes=512
110: [I][AlphaSave] NEWGAME_SAVE stage=free-space-query result=ok esp_err=ESP_OK errno=0 path=/sd stack_margin=32768
110: [I][AlphaSave] NEWGAME_SAVE stage=free-space result=ok esp_err=ESP_OK errno=0 path=/sd stack_margin=32768
110: [I][AlphaSave] SAVE_TARGET save_slot=0 newest=-1 accepted=0 slot=1 keep=-1 sequence=1
110: [I][AlphaSave] NEWGAME_SAVE stage=gam-encode result=ok esp_err=ESP_OK errno=0 path=INIT.GAM stack_margin=32768
110: [I][AlphaSave] NEWGAME_SAVE stage=ool-encode result=ok esp_err=ESP_OK errno=0 path=INIT.OOL stack_margin=32768
110: [I][AlphaSave] NEWGAME_SAVE stage=json-encode result=ok esp_err=ESP_OK errno=0 path=sidecar stack_margin=32768
110: [I][AlphaSave] SD_HEAP operation=write-gam-temp state=gameplay-save free_internal=67108864 free_dma=67108864 largest_dma=67108864 largest_internal=67108864 requested_dma=512
110: [I][AlphaSave] NEWGAME_SAVE stage=write-gam-temp result=ok esp_err=ESP_OK errno=0 path=/sd/ultima5/saves/alpha1-g1.gam.tmp stack_margin=32768
110: [I][AlphaSave] SD_HEAP operation=write-ool-temp state=gameplay-save free_internal=67108864 free_dma=67108864 largest_dma=67108864 largest_internal=67108864 requested_dma=512
110: [I][AlphaSave] NEWGAME_SAVE stage=write-ool-temp result=ok esp_err=ESP_OK errno=0 path=/sd/ultima5/saves/alpha1-g1.ool.tmp stack_margin=32768
110: [I][AlphaSave] SD_HEAP operation=write-json-temp state=gameplay-save free_internal=67108864 free_dma=67108864 largest_dma=67108864 largest_internal=67108864 requested_dma=512
110: [I][AlphaSave] NEWGAME_SAVE stage=write-json-temp result=ok esp_err=ESP_OK errno=0 path=/sd/ultima5/saves/alpha1-g1.json.tmp stack_margin=32768
110: [I][AlphaSave] SD_HEAP operation=crc-readback state=gameplay-save free_internal=67108864 free_dma=67108864 largest_dma=67108864 largest_internal=67108864 requested_dma=512
110: [I][AlphaSave] NEWGAME_SAVE stage=crc-readback result=ok esp_err=ESP_OK errno=0 path=/sd/ultima5/saves stack_margin=32768
110: [I][AlphaSave] NEWGAME_SAVE stage=rename-gam result=ok esp_err=ESP_OK errno=0 path=/sd/ultima5/saves/alpha1-g1.gam stack_margin=32768
110: [I][AlphaSave] NEWGAME_SAVE stage=rename-ool result=ok esp_err=ESP_OK errno=0 path=/sd/ultima5/saves/alpha1-g1.ool stack_margin=32768
110: [I][AlphaSave] NEWGAME_SAVE stage=rename-json result=ok esp_err=ESP_OK errno=0 path=/sd/ultima5/saves/alpha1-g1.json stack_margin=32768
110: [I][AlphaSave] NEWGAME_SAVE stage=write-commit-temp result=ok esp_err=ESP_OK errno=0 path=/sd/ultima5/saves/alpha1-g1.commit.tmp stack_margin=32768
110: [I][AlphaSave] NEWGAME_SAVE stage=rename-commit result=ok esp_err=ESP_OK errno=0 path=/sd/ultima5/saves/alpha1-g1.commit stack_margin=32768
110: [I][AlphaSave] NEWGAME_SAVE stage=semantic-validation result=ok esp_err=ESP_OK errno=0 path=/sd/ultima5/saves/alpha1-g1.commit stack_margin=32768
110: [I][AlphaSave] NEWGAME_SAVE stage=generation-final result=ok esp_err=ESP_OK errno=0 path=/sd/ultima5/saves/alpha1-g1.commit stack_margin=32768
110: [I][AlphaSave] save generation=1 save_slot=0 slot=1 time=13 ms json=1018
110: [I][AlphaSave] SD_HEAP operation=dma-reserve-restored state=gameplay-save free_internal=67108864 free_dma=67108864 largest_dma=67108864 largest_internal=67108864 requested_dma=8192
110: [I][AlphaSave] SD_HEAP operation=release-reserved-dma state=save-catalog free_internal=67108864 free_dma=67108864 largest_dma=67108864 largest_internal=67108864 requested_dma=8192
110: [I][AlphaSave] SD_HEAP operation=sd-window-open state=save-catalog free_internal=67108864 free_dma=67108864 largest_dma=67108864 largest_internal=67108864 requested_dma=512
110: [I][AlphaSave] SAVE_CATALOG slot1=cached slot2=empty slot3=empty staged=0 bytes=32 commit_us=130 verify_us=0 total_us=134
110: [I][AlphaSave] SD_HEAP operation=dma-reserve-restored state=save-catalog free_internal=67108864 free_dma=67108864 largest_dma=67108864 largest_internal=67108864 requested_dma=8192
110: [I][AlphaSave] SD_HEAP operation=release-reserved-dma state=pc-import-marker free_internal=67108864 free_dma=67108864 largest_dma=67108864 largest_internal=67108864 requested_dma=8192
110: [I][AlphaSave] SD_HEAP operation=sd-window-open state=pc-import-marker free_internal=67108864 free_dma=67108864 largest_dma=67108864 largest_internal=67108864 requested_dma=512
110: [I][AlphaSave] SD_HEAP operation=dma-reserve-restored state=pc-import-marker free_internal=67108864 free_dma=67108864 largest_dma=67108864 largest_internal=67108864 requested_dma=8192
110: [I][AlphaRuntime] PC_IMPORT slot=0 location=0 frigates=2 horses=1 skiffs=2 search=0 ms=13
110: [I][AlphaSave] SD_HEAP operation=release-reserved-dma state=save-catalog free_internal=67108864 free_dma=67108864 largest_dma=67108864 largest_internal=67108864 requested_dma=8192
110: [I][AlphaSave] SD_HEAP operation=sd-window-open state=save-catalog free_internal=67108864 free_dma=67108864 largest_dma=67108864 largest_internal=67108864 requested_dma=512
110: [I][AlphaSave] SAVE_CATALOG slot1=cached slot2=empty slot3=empty staged=0 bytes=32 commit_us=150 verify_us=0 total_us=156
110: [I][AlphaSave] SD_HEAP operation=dma-reserve-restored state=save-catalog free_internal=67108864 free_dma=67108864 largest_dma=67108864 largest_internal=67108864 requested_dma=8192
110: [I][AlphaSave] SD_HEAP operation=release-reserved-dma state=pc-import-read free_internal=67108864 free_dma=67108864 largest_dma=67108864 largest_internal=67108864 requested_dma=8192
110: [I][AlphaSave] SD_HEAP operation=sd-window-open state=pc-import-read free_internal=67108864 free_dma=67108864 largest_dma=67108864 largest_internal=67108864 requested_dma=512
110: [I][AlphaSave] PC_IMPORT_READ gam=4192 ool=512
110: [I][AlphaSave] SD_HEAP operation=dma-reserve-restored state=pc-import-read free_internal=67108864 free_dma=67108864 largest_dma=67108864 largest_internal=67108864 requested_dma=8192
110: [I][AlphaSave] SD_HEAP operation=release-reserved-dma state=pc-import-marker free_internal=67108864 free_dma=67108864 largest_dma=67108864 largest_internal=67108864 requested_dma=8192
110: [I][AlphaSave] SD_HEAP operation=sd-window-open state=pc-import-marker free_internal=67108864 free_dma=67108864 largest_dma=67108864 largest_internal=67108864 requested_dma=512
110: [I][AlphaSave] SD_HEAP operation=dma-reserve-restored state=pc-import-marker free_internal=67108864 free_dma=67108864 largest_dma=67108864 largest_internal=67108864 requested_dma=8192
110: [I][AlphaRuntime] FRONTEND_INTENT intent=import-pc-save slot=0 ok=1 message="Imported into Slot 1. The PC files are kept"
110: [I][AlphaRuntime] INPUT_EDGE raw=00,00,00,00,00 prev=00,00,00,00,00 matrix=0,0 physical=matrix-key edge=press mods=S0,A0,H0 printable=08 base=00 symbol=00 ui=inventory emitted=back action_char=0 shortcut=none
110: [I][AlphaRuntime] FRONTEND_INPUT raw=keyboard action=back char=0 accepted=1 state=error->menu phase=name->name name=""->""
110: [I][AlphaRuntime] FRONTEND_STATE count=111 from=error to=menu reason=input reconstructed=0
110: [I][AlphaRuntime] INPUT_EDGE raw=00,00,00,00,00 prev=00,00,00,00,00 matrix=0,0 physical=matrix-key edge=press mods=S0,A0,H0 printable=6a base=00 symbol=00 ui=inventory emitted=character action_char=106 shortcut=none
110: [I][AlphaRuntime] FRONTEND_INPUT raw=keyboard action=character char=106 accepted=1 state=menu->continue phase=name->name name=""->""
110: [I][AlphaRuntime] FRONTEND_STATE count=112 from=menu to=continue reason=input reconstructed=0
110: [I][AlphaRuntime] FRONTEND_INPUT raw=trackball-down action=direction char=0 accepted=1 state=continue->continue phase=name->name name=""->""
110: [I][AlphaRuntime] INPUT_EDGE raw=00,00,00,00,00 prev=00,00,00,00,00 matrix=0,0 physical=matrix-key edge=press mods=S0,A0,H0 printable=0d base=00 symbol=00 ui=inventory emitted=confirm action_char=0 shortcut=none
110: [I][AlphaRuntime] FRONTEND_INPUT raw=keyboard action=confirm char=0 accepted=1 state=continue->load phase=name->name name=""->""
110: [I][AlphaRuntime] FRONTEND_STATE count=113 from=continue to=load reason=input reconstructed=0
110: [I][AlphaRuntime] INPUT_EDGE raw=00,00,00,00,00 prev=00,00,00,00,00 matrix=0,0 physical=matrix-key edge=press mods=S0,A0,H0 printable=0d base=00 symbol=00 ui=inventory emitted=confirm action_char=0 shortcut=none
110: [I][AlphaRuntime] FRONTEND_INPUT raw=keyboard action=confirm char=0 accepted=1 state=load->load phase=name->name name=""->""
110: [I][AlphaRuntime] FRONTEND_INTENT intent=load-slot storage_begin=1 phase=name name="" gender=0x0b stack_margin=32768
110: [I][AlphaSave] SD_HEAP operation=release-reserved-dma state=load-slot free_internal=67108864 free_dma=67108864 largest_dma=67108864 largest_internal=67108864 requested_dma=8192
110: [I][AlphaSave] SD_HEAP operation=sd-window-open state=load-slot free_internal=67108864 free_dma=67108864 largest_dma=67108864 largest_internal=67108864 requested_dma=512
110: [I][AlphaSave] load save_slot=0 slot=1 time=2 ms status=0
110: [I][AlphaSave] SD_HEAP operation=dma-reserve-restored state=load-slot free_internal=67108864 free_dma=67108864 largest_dma=67108864 largest_internal=67108864 requested_dma=8192
110: [I][AlphaRuntime] U5OBJ CLEAR site=load-restore pool_before=2
110: [I][AlphaRuntime] WORLD_OBJECTS_RESTORE count=2
110: [I][AlphaRuntime] DUNGEON_RESTORE active=0 dungeon=33 depth=0
110: [I][AlphaRuntime] LOAD_TRANSIENT_RESET ui=explore->explore request=0 views=0 questions=0
110: [I][AlphaRuntime] FRONTEND_INTENT intent=load-slot storage_end=1 ok=1 ms=2 stack_margin=32768
110:   GREEN T5    outdoors through the runtime: both frigates in the pool, the horse, the skiff and the new-game underworld skiff as terrain cells, the monster on the map (2 frigates, 3 cells, 1 monsters)
110: [I][AlphaRuntime] INPUT_EDGE raw=00,00,00,00,00 prev=00,00,00,00,00 matrix=0,0 physical=matrix-key edge=press mods=S0,A1,H0 printable=6d base=00 symbol=00 ui=explore emitted=system-menu action_char=0 shortcut=none
110: [I][AlphaSave] SD_HEAP operation=release-reserved-dma state=save-catalog free_internal=67108864 free_dma=67108864 largest_dma=67108864 largest_internal=67108864 requested_dma=8192
110: [I][AlphaSave] SD_HEAP operation=sd-window-open state=save-catalog free_internal=67108864 free_dma=67108864 largest_dma=67108864 largest_internal=67108864 requested_dma=512
110: [I][AlphaSave] SAVE_CATALOG slot1=cached slot2=empty slot3=empty staged=0 bytes=32 commit_us=174 verify_us=0 total_us=234
110: [I][AlphaSave] SD_HEAP operation=dma-reserve-restored state=save-catalog free_internal=67108864 free_dma=67108864 largest_dma=67108864 largest_internal=67108864 requested_dma=8192
110: [I][AlphaRuntime] SYSTEM_MENU action=toggle open=1 gameplay_command=none
110: [I][AlphaRuntime] SYSTEM_MENU action=direction accepted=1 open=1 gameplay_command=none
110: [I][AlphaRuntime] INPUT_EDGE raw=00,00,00,00,00 prev=00,00,00,00,00 matrix=0,0 physical=matrix-key edge=press mods=S0,A0,H0 printable=0d base=00 symbol=00 ui=inventory emitted=confirm action_char=0 shortcut=none
110: [I][AlphaSave] SD_HEAP operation=release-reserved-dma state=save-catalog free_internal=67108864 free_dma=67108864 largest_dma=67108864 largest_internal=67108864 requested_dma=8192
110: [I][AlphaSave] SD_HEAP operation=sd-window-open state=save-catalog free_internal=67108864 free_dma=67108864 largest_dma=67108864 largest_internal=67108864 requested_dma=512
110: [I][AlphaSave] SAVE_CATALOG slot1=cached slot2=empty slot3=empty staged=0 bytes=32 commit_us=97 verify_us=0 total_us=101
110: [I][AlphaSave] SD_HEAP operation=dma-reserve-restored state=save-catalog free_internal=67108864 free_dma=67108864 largest_dma=67108864 largest_internal=67108864 requested_dma=8192
110: [I][AlphaRuntime] SYSTEM_MENU action=confirm accepted=1 open=0 gameplay_command=none
110: [I][AlphaRuntime] INPUT_EDGE raw=00,00,00,00,00 prev=00,00,00,00,00 matrix=0,0 physical=matrix-key edge=press mods=S0,A0,H0 printable=20 base=00 symbol=00 ui=inventory emitted=character action_char=32 shortcut=none
110: [I][AlphaRuntime] FRONTEND_INPUT raw=keyboard action=character char=32 accepted=1 state=title->menu phase=name->name name=""->""
110: [I][AlphaRuntime] FRONTEND_STATE count=114 from=title to=menu reason=input reconstructed=0
110: [I][AlphaRuntime] INPUT_EDGE raw=00,00,00,00,00 prev=00,00,00,00,00 matrix=0,0 physical=matrix-key edge=press mods=S0,A0,H0 printable=70 base=00 symbol=00 ui=inventory emitted=character action_char=112 shortcut=none
110: [I][AlphaRuntime] FRONTEND_INPUT raw=keyboard action=character char=112 accepted=1 state=menu->error phase=name->name name=""->""
110: [I][AlphaRuntime] FRONTEND_STATE count=115 from=menu to=error reason=input reconstructed=0
110: [I][AlphaRuntime] FRONTEND_INTENT intent=inspect-pc-saves storage_begin=1 phase=name name="" gender=0x0b stack_margin=32768
110: [I][AlphaSave] SD_HEAP operation=release-reserved-dma state=save-catalog free_internal=67108864 free_dma=67108864 largest_dma=67108864 largest_internal=67108864 requested_dma=8192
110: [I][AlphaSave] SD_HEAP operation=sd-window-open state=save-catalog free_internal=67108864 free_dma=67108864 largest_dma=67108864 largest_internal=67108864 requested_dma=512
110: [I][AlphaSave] SAVE_CATALOG slot1=cached slot2=empty slot3=empty staged=0 bytes=32 commit_us=72 verify_us=0 total_us=77
110: [I][AlphaSave] SD_HEAP operation=dma-reserve-restored state=save-catalog free_internal=67108864 free_dma=67108864 largest_dma=67108864 largest_internal=67108864 requested_dma=8192
110: [I][AlphaSave] SD_HEAP operation=release-reserved-dma state=pc-import-read free_internal=67108864 free_dma=67108864 largest_dma=67108864 largest_internal=67108864 requested_dma=8192
110: [I][AlphaSave] SD_HEAP operation=sd-window-open state=pc-import-read free_internal=67108864 free_dma=67108864 largest_dma=67108864 largest_internal=67108864 requested_dma=512
110: [I][AlphaSave] PC_IMPORT_READ gam=4192 ool=512
110: [I][AlphaSave] SD_HEAP operation=dma-reserve-restored state=pc-import-read free_internal=67108864 free_dma=67108864 largest_dma=67108864 largest_internal=67108864 requested_dma=8192
110: [I][AlphaSave] SD_HEAP operation=release-reserved-dma state=pc-import-marker free_internal=67108864 free_dma=67108864 largest_dma=67108864 largest_internal=67108864 requested_dma=8192
110: [I][AlphaSave] SD_HEAP operation=sd-window-open state=pc-import-marker free_internal=67108864 free_dma=67108864 largest_dma=67108864 largest_internal=67108864 requested_dma=512
110: [I][AlphaSave] SD_HEAP operation=dma-reserve-restored state=pc-import-marker free_internal=67108864 free_dma=67108864 largest_dma=67108864 largest_internal=67108864 requested_dma=8192
110: [I][AlphaRuntime] FRONTEND_INPUT raw=trackball-down action=direction char=0 accepted=1 state=error->error phase=name->name name=""->""
110: [I][AlphaRuntime] INPUT_EDGE raw=00,00,00,00,00 prev=00,00,00,00,00 matrix=0,0 physical=matrix-key edge=press mods=S0,A0,H0 printable=0d base=00 symbol=00 ui=inventory emitted=confirm action_char=0 shortcut=none
110: [I][AlphaRuntime] FRONTEND_INPUT raw=keyboard action=confirm char=0 accepted=1 state=error->error phase=name->name name=""->""
110: [I][AlphaRuntime] FRONTEND_STATE count=116 from=error to=error reason=input reconstructed=0
110: [I][AlphaRuntime] INPUT_EDGE raw=00,00,00,00,00 prev=00,00,00,00,00 matrix=0,0 physical=matrix-key edge=press mods=S0,A0,H0 printable=0d base=00 symbol=00 ui=inventory emitted=confirm action_char=0 shortcut=none
110: [I][AlphaRuntime] FRONTEND_INPUT raw=keyboard action=confirm char=0 accepted=1 state=error->error phase=name->name name=""->""
110: [I][AlphaRuntime] FRONTEND_INTENT intent=export-pc-save storage_begin=1 phase=name name="" gender=0x0b stack_margin=32768
110: [I][AlphaSave] SD_HEAP operation=release-reserved-dma state=pc-export free_internal=67108864 free_dma=67108864 largest_dma=67108864 largest_internal=67108864 requested_dma=8192
110: [I][AlphaSave] SD_HEAP operation=sd-window-open state=pc-export free_internal=67108864 free_dma=67108864 largest_dma=67108864 largest_internal=67108864 requested_dma=512
110: [I][AlphaSave] PC_EXPORT slot=0 generation=1 sequence=1 frigates=2 horses=1 skiffs=2 unplaced=0 town=0 time_us=17113
110: [I][AlphaSave] SD_HEAP operation=dma-reserve-restored state=pc-export free_internal=67108864 free_dma=67108864 largest_dma=67108864 largest_internal=67108864 requested_dma=8192
110: [I][AlphaSave] SD_HEAP operation=release-reserved-dma state=save-catalog free_internal=67108864 free_dma=67108864 largest_dma=67108864 largest_internal=67108864 requested_dma=8192
110: [I][AlphaSave] SD_HEAP operation=sd-window-open state=save-catalog free_internal=67108864 free_dma=67108864 largest_dma=67108864 largest_internal=67108864 requested_dma=512
110: [I][AlphaSave] SAVE_CATALOG slot1=cached slot2=empty slot3=empty staged=0 bytes=32 commit_us=127 verify_us=0 total_us=133
110: [I][AlphaSave] SD_HEAP operation=dma-reserve-restored state=save-catalog free_internal=67108864 free_dma=67108864 largest_dma=67108864 largest_internal=67108864 requested_dma=8192
110: [I][AlphaSave] SD_HEAP operation=release-reserved-dma state=pc-import-read free_internal=67108864 free_dma=67108864 largest_dma=67108864 largest_internal=67108864 requested_dma=8192
110: [I][AlphaSave] SD_HEAP operation=sd-window-open state=pc-import-read free_internal=67108864 free_dma=67108864 largest_dma=67108864 largest_internal=67108864 requested_dma=512
110: [I][AlphaSave] PC_IMPORT_READ gam=4192 ool=512
110: [I][AlphaSave] SD_HEAP operation=dma-reserve-restored state=pc-import-read free_internal=67108864 free_dma=67108864 largest_dma=67108864 largest_internal=67108864 requested_dma=8192
110: [I][AlphaSave] SD_HEAP operation=release-reserved-dma state=pc-import-marker free_internal=67108864 free_dma=67108864 largest_dma=67108864 largest_internal=67108864 requested_dma=8192
110: [I][AlphaSave] SD_HEAP operation=sd-window-open state=pc-import-marker free_internal=67108864 free_dma=67108864 largest_dma=67108864 largest_internal=67108864 requested_dma=512
110: [I][AlphaSave] SD_HEAP operation=dma-reserve-restored state=pc-import-marker free_internal=67108864 free_dma=67108864 largest_dma=67108864 largest_internal=67108864 requested_dma=8192
110: [I][AlphaRuntime] FRONTEND_INTENT intent=export-pc-save slot=0 ok=1 message="Slot 1 written to /ultima5/export/slot1"
110:   GREEN T6    exported again: the live table holds the same frigate, horse, skiff and monster, and UNDER.OOL the same parked frigate and new-game skiff (records may move slots)
110: 
110: [R] an imported slot follows the ordinary A/B rules
110: [I][AlphaRuntime] INPUT_EDGE raw=00,00,00,00,00 prev=00,00,00,00,00 matrix=0,0 physical=matrix-key edge=press mods=S0,A0,H0 printable=08 base=00 symbol=00 ui=inventory emitted=back action_char=0 shortcut=none
110: [I][AlphaRuntime] FRONTEND_INPUT raw=keyboard action=back char=0 accepted=1 state=error->menu phase=name->name name=""->""
110: [I][AlphaRuntime] FRONTEND_STATE count=117 from=error to=menu reason=input reconstructed=0
110: [I][AlphaRuntime] INPUT_EDGE raw=00,00,00,00,00 prev=00,00,00,00,00 matrix=0,0 physical=matrix-key edge=press mods=S0,A0,H0 printable=70 base=00 symbol=00 ui=inventory emitted=character action_char=112 shortcut=none
110: [I][AlphaRuntime] FRONTEND_INPUT raw=keyboard action=character char=112 accepted=1 state=menu->error phase=name->name name=""->""
110: [I][AlphaRuntime] FRONTEND_STATE count=118 from=menu to=error reason=input reconstructed=0
110: [I][AlphaRuntime] FRONTEND_INTENT intent=inspect-pc-saves storage_begin=1 phase=name name="" gender=0x0b stack_margin=32768
110: [I][AlphaSave] SD_HEAP operation=release-reserved-dma state=save-catalog free_internal=67108864 free_dma=67108864 largest_dma=67108864 largest_internal=67108864 requested_dma=8192
110: [I][AlphaSave] SD_HEAP operation=sd-window-open state=save-catalog free_internal=67108864 free_dma=67108864 largest_dma=67108864 largest_internal=67108864 requested_dma=512
110: [I][AlphaSave] SAVE_CATALOG slot1=empty slot2=empty slot3=empty staged=0 bytes=0 commit_us=196 verify_us=0 total_us=202
110: [I][AlphaSave] SD_HEAP operation=dma-reserve-restored state=save-catalog free_internal=67108864 free_dma=67108864 largest_dma=67108864 largest_internal=67108864 requested_dma=8192
110: [I][AlphaSave] SD_HEAP operation=release-reserved-dma state=pc-import-read free_internal=67108864 free_dma=67108864 largest_dma=67108864 largest_internal=67108864 requested_dma=8192
110: [I][AlphaSave] SD_HEAP operation=sd-window-open state=pc-import-read free_internal=67108864 free_dma=67108864 largest_dma=67108864 largest_internal=67108864 requested_dma=512
110: [I][AlphaSave] PC_IMPORT_READ gam=4192 ool=512
110: [I][AlphaSave] SD_HEAP operation=dma-reserve-restored state=pc-import-read free_internal=67108864 free_dma=67108864 largest_dma=67108864 largest_internal=67108864 requested_dma=8192
110: [I][AlphaSave] SD_HEAP operation=release-reserved-dma state=pc-import-marker free_internal=67108864 free_dma=67108864 largest_dma=67108864 largest_internal=67108864 requested_dma=8192
110: [I][AlphaSave] SD_HEAP operation=sd-window-open state=pc-import-marker free_internal=67108864 free_dma=67108864 largest_dma=67108864 largest_internal=67108864 requested_dma=512
110: [I][AlphaSave] SD_HEAP operation=dma-reserve-restored state=pc-import-marker free_internal=67108864 free_dma=67108864 largest_dma=67108864 largest_internal=67108864 requested_dma=8192
110: [I][AlphaRuntime] INPUT_EDGE raw=00,00,00,00,00 prev=00,00,00,00,00 matrix=0,0 physical=matrix-key edge=press mods=S0,A0,H0 printable=0d base=00 symbol=00 ui=inventory emitted=confirm action_char=0 shortcut=none
110: [I][AlphaRuntime] FRONTEND_INPUT raw=keyboard action=confirm char=0 accepted=1 state=error->error phase=name->name name=""->""
110: [I][AlphaRuntime] FRONTEND_STATE count=119 from=error to=error reason=input reconstructed=0
110: [I][AlphaRuntime] FRONTEND_INPUT raw=trackball-down action=direction char=0 accepted=1 state=error->error phase=name->name name=""->""
110: [I][AlphaRuntime] INPUT_EDGE raw=00,00,00,00,00 prev=00,00,00,00,00 matrix=0,0 physical=matrix-key edge=press mods=S0,A0,H0 printable=0d base=00 symbol=00 ui=inventory emitted=confirm action_char=0 shortcut=none
110: [I][AlphaRuntime] FRONTEND_INPUT raw=keyboard action=confirm char=0 accepted=1 state=error->error phase=name->name name=""->""
110: [I][AlphaRuntime] FRONTEND_INTENT intent=import-pc-save storage_begin=1 phase=name name="" gender=0x0b stack_margin=32768
110: [I][AlphaSave] SD_HEAP operation=release-reserved-dma state=pc-import-read free_internal=67108864 free_dma=67108864 largest_dma=67108864 largest_internal=67108864 requested_dma=8192
110: [I][AlphaSave] SD_HEAP operation=sd-window-open state=pc-import-read free_internal=67108864 free_dma=67108864 largest_dma=67108864 largest_internal=67108864 requested_dma=512
110: [I][AlphaSave] PC_IMPORT_READ gam=4192 ool=512
110: [I][AlphaSave] SD_HEAP operation=dma-reserve-restored state=pc-import-read free_internal=67108864 free_dma=67108864 largest_dma=67108864 largest_internal=67108864 requested_dma=8192
110: [I][AlphaRuntime] U5OBJ CLEAR site=load-restore pool_before=0
110: [I][AlphaRuntime] WORLD_OBJECTS_RESTORE count=0
110: [I][AlphaRuntime] DUNGEON_RESTORE active=0 dungeon=33 depth=0
110: [I][AlphaRuntime] LOAD_TRANSIENT_RESET ui=explore->explore request=0 views=0 questions=0
110: [I][AlphaRuntime] U5OBJ SOURCE loc=17 floor=0 hour=3 table=found table_loc=17 count=32 slots=present tables=32 npc_dead=0x00000000 pool_before=0
110: [I][AlphaRuntime] U5OBJ SRC slot=23 index=23 type=1(0x01) tile=257 dialog=0 x=16,16,16 y=21,21,21 z=255,255,255 schedule=0,0,0,0 ai=0,0,0
110: [I][AlphaRuntime] U5OBJ SRC slot=24 index=24 type=1(0x01) tile=257 dialog=0 x=17,17,17 y=22,22,22 z=255,255,255 schedule=0,0,0,0 ai=0,0,0
110: [I][AlphaRuntime] U5OBJ SRC slot=25 index=25 type=1(0x01) tile=257 dialog=0 x=13,13,13 y=23,23,23 z=255,255,255 schedule=0,0,0,0 ai=0,0,0
110: [I][AlphaRuntime] U5OBJ SRC slot=28 index=28 type=30(0x1e) tile=286 dialog=0 x=9,9,9 y=9,9,9 z=255,255,255 schedule=0,0,0,0 ai=0,0,0
110: [I][AlphaRuntime] U5OBJ RESERVE request=32 current_size=0 current_capacity=33 object_bytes=68 need_bytes=2176 target_bytes=2176 free_internal=67108864 largest_internal=67108864 free_psram=67108864 largest_psram=67108864 free_default=67108864 guard=free_psram>=need+32768 result=1
110: [I][AlphaRuntime] U5OBJ RESERVE_DONE size=0 capacity=33 storage_heap=internal
110: [I][AlphaRuntime] U5OBJ HYDRATE slot=23 index=23 ACCEPT schedule=0 loc=17 floor=-1 x=16 y=21 tile=257 chest=1 prop=0 plot=0 item=8 contents=30 pool_index=1
110: [I][AlphaRuntime] CHEST_INSERT source=authored/hydrated loc=17 floor=-1 world_x=16 world_y=21 object_id=1 type=chest flags=none trap=0 contents=30 collection_count_before=1 after=2
110: [I][AlphaRuntime] U5OBJ HYDRATE slot=24 index=24 ACCEPT schedule=0 loc=17 floor=-1 x=17 y=22 tile=257 chest=1 prop=0 plot=0 item=8 contents=30 pool_index=2
110: [I][AlphaRuntime] CHEST_INSERT source=authored/hydrated loc=17 floor=-1 world_x=17 world_y=22 object_id=2 type=chest flags=none trap=0 contents=30 collection_count_before=2 after=3
110: [I][AlphaRuntime] U5OBJ HYDRATE slot=25 index=25 ACCEPT schedule=0 loc=17 floor=-1 x=13 y=23 tile=257 chest=1 prop=0 plot=0 item=8 contents=30 pool_index=3
110: [I][AlphaRuntime] CHEST_INSERT source=authored/hydrated loc=17 floor=-1 world_x=13 world_y=23 object_id=3 type=chest flags=none trap=0 contents=30 collection_count_before=3 after=4
110: [I][AlphaRuntime] U5OBJ HYDRATE slot=28 index=28 ACCEPT schedule=0 loc=17 floor=-1 x=9 y=9 tile=286 chest=0 prop=1 plot=0 item=8 contents=30 pool_index=4
110: [I][AlphaRuntime] U5OBJ POST_HYDRATE result=1 reason=ok pool_size=6 accepted=6 dropped=26 hydrate_calls=16
110: [I][AlphaRuntime] U5OBJ POST_HYDRATE_OBJ index=1 loc=17 floor=-1 x=16 y=21 tile=257 chest=1 prop=0 plot=0 item=8 loot=0 search=0 shadowlord=0 trapped=0 contents=30 slot=-1
110: [I][AlphaRuntime] U5OBJ POST_HYDRATE_OBJ index=2 loc=17 floor=-1 x=17 y=22 tile=257 chest=1 prop=0 plot=0 item=8 loot=0 search=0 shadowlord=0 trapped=0 contents=30 slot=-1
110: [I][AlphaRuntime] U5OBJ POST_HYDRATE_OBJ index=3 loc=17 floor=-1 x=13 y=23 tile=257 chest=1 prop=0 plot=0 item=8 loot=0 search=0 shadowlord=0 trapped=0 contents=30 slot=-1
110: [I][AlphaRuntime] U5OBJ POST_HYDRATE_OBJ index=4 loc=17 floor=-1 x=9 y=9 tile=286 chest=0 prop=1 plot=0 item=8 loot=0 search=0 shadowlord=0 trapped=0 contents=30 slot=-1
110: [I][AlphaSave] SD_HEAP operation=release-reserved-dma state=gameplay-save free_internal=67108864 free_dma=67108864 largest_dma=67108864 largest_internal=67108864 requested_dma=8192
110: [I][AlphaSave] SD_HEAP operation=sd-window-open state=gameplay-save free_internal=67108864 free_dma=67108864 largest_dma=67108864 largest_internal=67108864 requested_dma=512
110: [I][AlphaSave] NEWGAME_SAVE stage=create-root-directory result=ok esp_err=ESP_OK errno=0 path=/sd/ultima5 stack_margin=32768
110: [I][AlphaSave] NEWGAME_SAVE stage=create-save-directory result=ok esp_err=ESP_OK errno=0 path=/sd/ultima5/saves stack_margin=32768
110: [I][AlphaSave] SD_HEAP operation=free-space-before state=gameplay-save free_internal=67108864 free_dma=67108864 largest_dma=67108864 largest_internal=67108864 requested_dma=512
110: [I][AlphaSave] SD_HEAP operation=free-space-call-enter state=gameplay-save free_internal=67108864 free_dma=67108864 largest_dma=67108864 largest_internal=67108864 requested_dma=512
110: [I][AlphaSave] SD_HEAP operation=free-space-call-exit state=gameplay-save free_internal=67108864 free_dma=67108864 largest_dma=67108864 largest_internal=67108864 requested_dma=512
110: [I][AlphaSave] SD_HEAP operation=free-space-after state=gameplay-save free_internal=67108864 free_dma=67108864 largest_dma=67108864 largest_internal=67108864 requested_dma=512
110: [I][AlphaSave] SD_SPACE path=/sd api=esp_vfs_fat_info/f_getfree return=ESP_OK(0x0) errno=0 total_bytes=34359738368 free_bytes=8589934592 total_sectors=67108864 free_sectors=16777216 sector_bytes=512
110: [I][AlphaSave] NEWGAME_SAVE stage=free-space-query result=ok esp_err=ESP_OK errno=0 path=/sd stack_margin=32768
110: [I][AlphaSave] NEWGAME_SAVE stage=free-space result=ok esp_err=ESP_OK errno=0 path=/sd stack_margin=32768
110: [I][AlphaSave] SAVE_TARGET save_slot=1 newest=-1 accepted=0 slot=1 keep=-1 sequence=1
110: [I][AlphaSave] NEWGAME_SAVE stage=gam-encode result=ok esp_err=ESP_OK errno=0 path=INIT.GAM stack_margin=32768
110: [I][AlphaSave] NEWGAME_SAVE stage=ool-encode result=ok esp_err=ESP_OK errno=0 path=INIT.OOL stack_margin=32768
110: [I][AlphaSave] NEWGAME_SAVE stage=json-encode result=ok esp_err=ESP_OK errno=0 path=sidecar stack_margin=32768
110: [I][AlphaSave] SD_HEAP operation=write-gam-temp state=gameplay-save free_internal=67108864 free_dma=67108864 largest_dma=67108864 largest_internal=67108864 requested_dma=512
110: [I][AlphaSave] NEWGAME_SAVE stage=write-gam-temp result=ok esp_err=ESP_OK errno=0 path=/sd/ultima5/saves/alpha1-s2-g1.gam.tmp stack_margin=32768
110: [I][AlphaSave] SD_HEAP operation=write-ool-temp state=gameplay-save free_internal=67108864 free_dma=67108864 largest_dma=67108864 largest_internal=67108864 requested_dma=512
110: [I][AlphaSave] NEWGAME_SAVE stage=write-ool-temp result=ok esp_err=ESP_OK errno=0 path=/sd/ultima5/saves/alpha1-s2-g1.ool.tmp stack_margin=32768
110: [I][AlphaSave] SD_HEAP operation=write-json-temp state=gameplay-save free_internal=67108864 free_dma=67108864 largest_dma=67108864 largest_internal=67108864 requested_dma=512
110: [I][AlphaSave] NEWGAME_SAVE stage=write-json-temp result=ok esp_err=ESP_OK errno=0 path=/sd/ultima5/saves/alpha1-s2-g1.json.tmp stack_margin=32768
110: [I][AlphaSave] SD_HEAP operation=crc-readback state=gameplay-save free_internal=67108864 free_dma=67108864 largest_dma=67108864 largest_internal=67108864 requested_dma=512
110: [I][AlphaSave] NEWGAME_SAVE stage=crc-readback result=ok esp_err=ESP_OK errno=0 path=/sd/ultima5/saves stack_margin=32768
110: [I][AlphaSave] NEWGAME_SAVE stage=rename-gam result=ok esp_err=ESP_OK errno=0 path=/sd/ultima5/saves/alpha1-s2-g1.gam stack_margin=32768
110: [I][AlphaSave] NEWGAME_SAVE stage=rename-ool result=ok esp_err=ESP_OK errno=0 path=/sd/ultima5/saves/alpha1-s2-g1.ool stack_margin=32768
110: [I][AlphaSave] NEWGAME_SAVE stage=rename-json result=ok esp_err=ESP_OK errno=0 path=/sd/ultima5/saves/alpha1-s2-g1.json stack_margin=32768
110: [I][AlphaSave] NEWGAME_SAVE stage=write-commit-temp result=ok esp_err=ESP_OK errno=0 path=/sd/ultima5/saves/alpha1-s2-g1.commit.tmp stack_margin=32768
110: [I][AlphaSave] NEWGAME_SAVE stage=rename-commit result=ok esp_err=ESP_OK errno=0 path=/sd/ultima5/saves/alpha1-s2-g1.commit stack_margin=32768
110: [I][AlphaSave] NEWGAME_SAVE stage=semantic-validation result=ok esp_err=ESP_OK errno=0 path=/sd/ultima5/saves/alpha1-s2-g1.commit stack_margin=32768
110: [I][AlphaSave] NEWGAME_SAVE stage=generation-final result=ok esp_err=ESP_OK errno=0 path=/sd/ultima5/saves/alpha1-s2-g1.commit stack_margin=32768
110: [I][AlphaSave] save generation=1 save_slot=1 slot=1 time=7 ms json=5877
110: [I][AlphaSave] SD_HEAP operation=dma-reserve-restored state=gameplay-save free_internal=67108864 free_dma=67108864 largest_dma=67108864 largest_internal=67108864 requested_dma=8192
110: [I][AlphaSave] SD_HEAP operation=release-reserved-dma state=save-catalog free_internal=67108864 free_dma=67108864 largest_dma=67108864 largest_internal=67108864 requested_dma=8192
110: [I][AlphaSave] SD_HEAP operation=sd-window-open state=save-catalog free_internal=67108864 free_dma=67108864 largest_dma=67108864 largest_internal=67108864 requested_dma=512
110: [I][AlphaSave] SAVE_CATALOG slot1=empty slot2=cached slot3=empty staged=0 bytes=32 commit_us=211 verify_us=0 total_us=270
110: [I][AlphaSave] SD_HEAP operation=dma-reserve-restored state=save-catalog free_internal=67108864 free_dma=67108864 largest_dma=67108864 largest_internal=67108864 requested_dma=8192
110: [I][AlphaSave] SD_HEAP operation=release-reserved-dma state=pc-import-marker free_internal=67108864 free_dma=67108864 largest_dma=67108864 largest_internal=67108864 requested_dma=8192
110: [I][AlphaSave] SD_HEAP operation=sd-window-open state=pc-import-marker free_internal=67108864 free_dma=67108864 largest_dma=67108864 largest_internal=67108864 requested_dma=512
110: [I][AlphaSave] SD_HEAP operation=dma-reserve-restored state=pc-import-marker free_internal=67108864 free_dma=67108864 largest_dma=67108864 largest_internal=67108864 requested_dma=8192
110: [I][AlphaRuntime] PC_IMPORT slot=1 location=17 frigates=0 horses=0 skiffs=1 search=0 ms=7
110: [I][AlphaSave] SD_HEAP operation=release-reserved-dma state=save-catalog free_internal=67108864 free_dma=67108864 largest_dma=67108864 largest_internal=67108864 requested_dma=8192
110: [I][AlphaSave] SD_HEAP operation=sd-window-open state=save-catalog free_internal=67108864 free_dma=67108864 largest_dma=67108864 largest_internal=67108864 requested_dma=512
110: [I][AlphaSave] SAVE_CATALOG slot1=empty slot2=cached slot3=empty staged=0 bytes=32 commit_us=155 verify_us=0 total_us=160
110: [I][AlphaSave] SD_HEAP operation=dma-reserve-restored state=save-catalog free_internal=67108864 free_dma=67108864 largest_dma=67108864 largest_internal=67108864 requested_dma=8192
110: [I][AlphaSave] SD_HEAP operation=release-reserved-dma state=pc-import-read free_internal=67108864 free_dma=67108864 largest_dma=67108864 largest_internal=67108864 requested_dma=8192
110: [I][AlphaSave] SD_HEAP operation=sd-window-open state=pc-import-read free_internal=67108864 free_dma=67108864 largest_dma=67108864 largest_internal=67108864 requested_dma=512
110: [I][AlphaSave] PC_IMPORT_READ gam=4192 ool=512
110: [I][AlphaSave] SD_HEAP operation=dma-reserve-restored state=pc-import-read free_internal=67108864 free_dma=67108864 largest_dma=67108864 largest_internal=67108864 requested_dma=8192
110: [I][AlphaSave] SD_HEAP operation=release-reserved-dma state=pc-import-marker free_internal=67108864 free_dma=67108864 largest_dma=67108864 largest_internal=67108864 requested_dma=8192
110: [I][AlphaSave] SD_HEAP operation=sd-window-open state=pc-import-marker free_internal=67108864 free_dma=67108864 largest_dma=67108864 largest_internal=67108864 requested_dma=512
110: [I][AlphaSave] SD_HEAP operation=dma-reserve-restored state=pc-import-marker free_internal=67108864 free_dma=67108864 largest_dma=67108864 largest_internal=67108864 requested_dma=8192
110: [I][AlphaRuntime] FRONTEND_INTENT intent=import-pc-save slot=1 ok=1 message="Imported into Slot 2. The PC files are kept"
110: [I][AlphaRuntime] INPUT_EDGE raw=00,00,00,00,00 prev=00,00,00,00,00 matrix=0,0 physical=matrix-key edge=press mods=S0,A0,H0 printable=08 base=00 symbol=00 ui=inventory emitted=back action_char=0 shortcut=none
110: [I][AlphaRuntime] FRONTEND_INPUT raw=keyboard action=back char=0 accepted=1 state=error->menu phase=name->name name=""->""
110: [I][AlphaRuntime] FRONTEND_STATE count=120 from=error to=menu reason=input reconstructed=0
110: [I][AlphaRuntime] INPUT_EDGE raw=00,00,00,00,00 prev=00,00,00,00,00 matrix=0,0 physical=matrix-key edge=press mods=S0,A0,H0 printable=6a base=00 symbol=00 ui=inventory emitted=character action_char=106 shortcut=none
110: [I][AlphaRuntime] FRONTEND_INPUT raw=keyboard action=character char=106 accepted=1 state=menu->continue phase=name->name name=""->""
110: [I][AlphaRuntime] FRONTEND_STATE count=121 from=menu to=continue reason=input reconstructed=0
110: [I][AlphaRuntime] INPUT_EDGE raw=00,00,00,00,00 prev=00,00,00,00,00 matrix=0,0 physical=matrix-key edge=press mods=S0,A0,H0 printable=0d base=00 symbol=00 ui=inventory emitted=confirm action_char=0 shortcut=none
110: [I][AlphaRuntime] FRONTEND_INPUT raw=keyboard action=confirm char=0 accepted=1 state=continue->continue phase=name->name name=""->""
110: [I][AlphaRuntime] FRONTEND_INTENT intent=continue storage_begin=1 phase=name name="" gender=0x0b stack_margin=32768
110: [I][AlphaSave] SD_HEAP operation=release-reserved-dma state=load-latest free_internal=67108864 free_dma=67108864 largest_dma=67108864 largest_internal=67108864 requested_dma=8192
110: [I][AlphaSave] SD_HEAP operation=sd-window-open state=load-latest free_internal=67108864 free_dma=67108864 largest_dma=67108864 largest_internal=67108864 requested_dma=512
110: [I][AlphaSave] load generation=1 save_slot=1 slot=1 time=2 ms status=0
110: [I][AlphaSave] SD_HEAP operation=dma-reserve-restored state=load-latest free_internal=67108864 free_dma=67108864 largest_dma=67108864 largest_internal=67108864 requested_dma=8192
110: [I][AlphaRuntime] U5OBJ CLEAR site=load-restore pool_before=6
110: [I][AlphaRuntime] U5OBJ APPEND_OBJ index=1 loc=17 floor=-1 x=16 y=21 tile=257 chest=1 prop=0 plot=0 item=8 loot=0 search=0 shadowlord=0 trapped=0 contents=30 slot=-1
110: [I][AlphaRuntime] CHEST_INSERT source=authored/hydrated loc=17 floor=-1 world_x=16 world_y=21 object_id=1 type=chest flags=none trap=0 contents=30 collection_count_before=1 after=2
110: [I][AlphaRuntime] U5OBJ APPEND_OBJ index=2 loc=17 floor=-1 x=17 y=22 tile=257 chest=1 prop=0 plot=0 item=8 loot=0 search=0 shadowlord=0 trapped=0 contents=30 slot=-1
110: [I][AlphaRuntime] CHEST_INSERT source=authored/hydrated loc=17 floor=-1 world_x=17 world_y=22 object_id=2 type=chest flags=none trap=0 contents=30 collection_count_before=2 after=3
110: [I][AlphaRuntime] U5OBJ APPEND_OBJ index=3 loc=17 floor=-1 x=13 y=23 tile=257 chest=1 prop=0 plot=0 item=8 loot=0 search=0 shadowlord=0 trapped=0 contents=30 slot=-1
110: [I][AlphaRuntime] CHEST_INSERT source=authored/hydrated loc=17 floor=-1 world_x=13 world_y=23 object_id=3 type=chest flags=none trap=0 contents=30 collection_count_before=3 after=4
110: [I][AlphaRuntime] U5OBJ APPEND_OBJ index=4 loc=17 floor=-1 x=9 y=9 tile=286 chest=0 prop=1 plot=0 item=8 loot=0 search=0 shadowlord=0 trapped=0 contents=30 slot=-1
110: [I][AlphaRuntime] WORLD_OBJECTS_RESTORE count=6
110: [I][AlphaRuntime] DUNGEON_RESTORE active=0 dungeon=33 depth=0
110: [I][AlphaRuntime] LOAD_TRANSIENT_RESET ui=explore->explore request=0 views=0 questions=0
110: [I][AlphaRuntime] FRONTEND_INTENT intent=continue storage_end=1 ok=1 ms=2 stack_margin=32768
110: [I][AlphaRuntime] INPUT_EDGE raw=00,00,00,00,00 prev=00,00,00,00,00 matrix=0,0 physical=matrix-key edge=press mods=S0,A1,H0 printable=73 base=00 symbol=00 ui=explore emitted=confirm action_char=0 shortcut=save
110: [I][AlphaSave] SD_HEAP operation=release-reserved-dma state=gameplay-save free_internal=67108864 free_dma=67108864 largest_dma=67108864 largest_internal=67108864 requested_dma=8192
110: [I][AlphaSave] SD_HEAP operation=sd-window-open state=gameplay-save free_internal=67108864 free_dma=67108864 largest_dma=67108864 largest_internal=67108864 requested_dma=512
110: [I][AlphaSave] NEWGAME_SAVE stage=create-root-directory result=ok esp_err=ESP_OK errno=0 path=/sd/ultima5 stack_margin=32768
110: [I][AlphaSave] NEWGAME_SAVE stage=create-save-directory result=ok esp_err=ESP_OK errno=0 path=/sd/ultima5/saves stack_margin=32768
110: [I][AlphaSave] SD_HEAP operation=free-space-before state=gameplay-save free_internal=67108864 free_dma=67108864 largest_dma=67108864 largest_internal=67108864 requested_dma=512
110: [I][AlphaSave] SD_HEAP operation=free-space-call-enter state=gameplay-save free_internal=67108864 free_dma=67108864 largest_dma=67108864 largest_internal=67108864 requested_dma=512
110: [I][AlphaSave] SD_HEAP operation=free-space-call-exit state=gameplay-save free_internal=67108864 free_dma=67108864 largest_dma=67108864 largest_internal=67108864 requested_dma=512
110: [I][AlphaSave] SD_HEAP operation=free-space-after state=gameplay-save free_internal=67108864 free_dma=67108864 largest_dma=67108864 largest_internal=67108864 requested_dma=512
110: [I][AlphaSave] SD_SPACE path=/sd api=esp_vfs_fat_info/f_getfree return=ESP_OK(0x0) errno=0 total_bytes=34359738368 free_bytes=8589934592 total_sectors=67108864 free_sectors=16777216 sector_bytes=512
110: [I][AlphaSave] NEWGAME_SAVE stage=free-space-query result=ok esp_err=ESP_OK errno=0 path=/sd stack_margin=32768
110: [I][AlphaSave] NEWGAME_SAVE stage=free-space result=ok esp_err=ESP_OK errno=0 path=/sd stack_margin=32768
110: [I][AlphaSave] SAVE_TARGET save_slot=1 newest=1 accepted=1 slot=0 keep=1 sequence=2
110: [I][AlphaSave] NEWGAME_SAVE stage=gam-encode result=ok esp_err=ESP_OK errno=0 path=INIT.GAM stack_margin=32768
110: [I][AlphaSave] NEWGAME_SAVE stage=ool-encode result=ok esp_err=ESP_OK errno=0 path=INIT.OOL stack_margin=32768
110: [I][AlphaSave] NEWGAME_SAVE stage=json-encode result=ok esp_err=ESP_OK errno=0 path=sidecar stack_margin=32768
110: [I][AlphaSave] SD_HEAP operation=write-gam-temp state=gameplay-save free_internal=67108864 free_dma=67108864 largest_dma=67108864 largest_internal=67108864 requested_dma=512
110: [I][AlphaSave] NEWGAME_SAVE stage=write-gam-temp result=ok esp_err=ESP_OK errno=0 path=/sd/ultima5/saves/alpha1-s2-g0.gam.tmp stack_margin=32768
110: [I][AlphaSave] SD_HEAP operation=write-ool-temp state=gameplay-save free_internal=67108864 free_dma=67108864 largest_dma=67108864 largest_internal=67108864 requested_dma=512
110: [I][AlphaSave] NEWGAME_SAVE stage=write-ool-temp result=ok esp_err=ESP_OK errno=0 path=/sd/ultima5/saves/alpha1-s2-g0.ool.tmp stack_margin=32768
110: [I][AlphaSave] SD_HEAP operation=write-json-temp state=gameplay-save free_internal=67108864 free_dma=67108864 largest_dma=67108864 largest_internal=67108864 requested_dma=512
110: [I][AlphaSave] NEWGAME_SAVE stage=write-json-temp result=ok esp_err=ESP_OK errno=0 path=/sd/ultima5/saves/alpha1-s2-g0.json.tmp stack_margin=32768
110: [I][AlphaSave] SD_HEAP operation=crc-readback state=gameplay-save free_internal=67108864 free_dma=67108864 largest_dma=67108864 largest_internal=67108864 requested_dma=512
110: [I][AlphaSave] NEWGAME_SAVE stage=crc-readback result=ok esp_err=ESP_OK errno=0 path=/sd/ultima5/saves stack_margin=32768
110: [I][AlphaSave] NEWGAME_SAVE stage=rename-gam result=ok esp_err=ESP_OK errno=0 path=/sd/ultima5/saves/alpha1-s2-g0.gam stack_margin=32768
110: [I][AlphaSave] NEWGAME_SAVE stage=rename-ool result=ok esp_err=ESP_OK errno=0 path=/sd/ultima5/saves/alpha1-s2-g0.ool stack_margin=32768
110: [I][AlphaSave] NEWGAME_SAVE stage=rename-json result=ok esp_err=ESP_OK errno=0 path=/sd/ultima5/saves/alpha1-s2-g0.json stack_margin=32768
110: [I][AlphaSave] NEWGAME_SAVE stage=write-commit-temp result=ok esp_err=ESP_OK errno=0 path=/sd/ultima5/saves/alpha1-s2-g0.commit.tmp stack_margin=32768
110: [I][AlphaSave] NEWGAME_SAVE stage=rename-commit result=ok esp_err=ESP_OK errno=0 path=/sd/ultima5/saves/alpha1-s2-g0.commit stack_margin=32768
110: [I][AlphaSave] NEWGAME_SAVE stage=semantic-validation result=ok esp_err=ESP_OK errno=0 path=/sd/ultima5/saves/alpha1-s2-g0.commit stack_margin=32768
110: [I][AlphaSave] NEWGAME_SAVE stage=generation-final result=ok esp_err=ESP_OK errno=0 path=/sd/ultima5/saves/alpha1-s2-g0.commit stack_margin=32768
110: [I][AlphaSave] save generation=2 save_slot=1 slot=0 time=14 ms json=5877
110: [I][AlphaSave] SD_HEAP operation=dma-reserve-restored state=gameplay-save free_internal=67108864 free_dma=67108864 largest_dma=67108864 largest_internal=67108864 requested_dma=8192
110: [I][AlphaRuntime] debug teleport rebind moved=0 prior_dungeon=0 location=17 floor=0 xy=15,20 dungeon=0
110: [I][AlphaRuntime] INPUT_ROUTE action=confirm ui=explore gameplay_command=none
110: [I][AlphaRuntime] INPUT_EDGE raw=00,00,00,00,00 prev=00,00,00,00,00 matrix=0,0 physical=matrix-key edge=press mods=S0,A1,H0 printable=73 base=00 symbol=00 ui=explore emitted=confirm action_char=0 shortcut=save
110: [I][AlphaSave] SD_HEAP operation=release-reserved-dma state=gameplay-save free_internal=67108864 free_dma=67108864 largest_dma=67108864 largest_internal=67108864 requested_dma=8192
110: [I][AlphaSave] SD_HEAP operation=sd-window-open state=gameplay-save free_internal=67108864 free_dma=67108864 largest_dma=67108864 largest_internal=67108864 requested_dma=512
110: [I][AlphaSave] NEWGAME_SAVE stage=create-root-directory result=ok esp_err=ESP_OK errno=0 path=/sd/ultima5 stack_margin=32768
110: [I][AlphaSave] NEWGAME_SAVE stage=create-save-directory result=ok esp_err=ESP_OK errno=0 path=/sd/ultima5/saves stack_margin=32768
110: [I][AlphaSave] SD_HEAP operation=free-space-before state=gameplay-save free_internal=67108864 free_dma=67108864 largest_dma=67108864 largest_internal=67108864 requested_dma=512
110: [I][AlphaSave] SD_HEAP operation=free-space-call-enter state=gameplay-save free_internal=67108864 free_dma=67108864 largest_dma=67108864 largest_internal=67108864 requested_dma=512
110: [I][AlphaSave] SD_HEAP operation=free-space-call-exit state=gameplay-save free_internal=67108864 free_dma=67108864 largest_dma=67108864 largest_internal=67108864 requested_dma=512
110: [I][AlphaSave] SD_HEAP operation=free-space-after state=gameplay-save free_internal=67108864 free_dma=67108864 largest_dma=67108864 largest_internal=67108864 requested_dma=512
110: [I][AlphaSave] SD_SPACE path=/sd api=esp_vfs_fat_info/f_getfree return=ESP_OK(0x0) errno=0 total_bytes=34359738368 free_bytes=8589934592 total_sectors=67108864 free_sectors=16777216 sector_bytes=512
110: [I][AlphaSave] NEWGAME_SAVE stage=free-space-query result=ok esp_err=ESP_OK errno=0 path=/sd stack_margin=32768
110: [I][AlphaSave] NEWGAME_SAVE stage=free-space result=ok esp_err=ESP_OK errno=0 path=/sd stack_margin=32768
110: [I][AlphaSave] SAVE_TARGET save_slot=1 newest=0 accepted=1 slot=1 keep=0 sequence=3
110: [I][AlphaSave] NEWGAME_SAVE stage=gam-encode result=ok esp_err=ESP_OK errno=0 path=INIT.GAM stack_margin=32768
110: [I][AlphaSave] NEWGAME_SAVE stage=ool-encode result=ok esp_err=ESP_OK errno=0 path=INIT.OOL stack_margin=32768
110: [I][AlphaSave] NEWGAME_SAVE stage=json-encode result=ok esp_err=ESP_OK errno=0 path=sidecar stack_margin=32768
110: [I][AlphaSave] SD_HEAP operation=write-gam-temp state=gameplay-save free_internal=67108864 free_dma=67108864 largest_dma=67108864 largest_internal=67108864 requested_dma=512
110: [I][AlphaSave] NEWGAME_SAVE stage=write-gam-temp result=ok esp_err=ESP_OK errno=0 path=/sd/ultima5/saves/alpha1-s2-g1.gam.tmp stack_margin=32768
110: [I][AlphaSave] SD_HEAP operation=write-ool-temp state=gameplay-save free_internal=67108864 free_dma=67108864 largest_dma=67108864 largest_internal=67108864 requested_dma=512
110: [I][AlphaSave] NEWGAME_SAVE stage=write-ool-temp result=ok esp_err=ESP_OK errno=0 path=/sd/ultima5/saves/alpha1-s2-g1.ool.tmp stack_margin=32768
110: [I][AlphaSave] SD_HEAP operation=write-json-temp state=gameplay-save free_internal=67108864 free_dma=67108864 largest_dma=67108864 largest_internal=67108864 requested_dma=512
110: [I][AlphaSave] NEWGAME_SAVE stage=write-json-temp result=ok esp_err=ESP_OK errno=0 path=/sd/ultima5/saves/alpha1-s2-g1.json.tmp stack_margin=32768
110: [I][AlphaSave] SD_HEAP operation=crc-readback state=gameplay-save free_internal=67108864 free_dma=67108864 largest_dma=67108864 largest_internal=67108864 requested_dma=512
110: [I][AlphaSave] NEWGAME_SAVE stage=crc-readback result=ok esp_err=ESP_OK errno=0 path=/sd/ultima5/saves stack_margin=32768
110: [I][AlphaSave] NEWGAME_SAVE stage=rename-gam result=ok esp_err=ESP_OK errno=0 path=/sd/ultima5/saves/alpha1-s2-g1.gam stack_margin=32768
110: [I][AlphaSave] NEWGAME_SAVE stage=rename-ool result=ok esp_err=ESP_OK errno=0 path=/sd/ultima5/saves/alpha1-s2-g1.ool stack_margin=32768
110: [I][AlphaSave] NEWGAME_SAVE stage=rename-json result=ok esp_err=ESP_OK errno=0 path=/sd/ultima5/saves/alpha1-s2-g1.json stack_margin=32768
110: [I][AlphaSave] NEWGAME_SAVE stage=write-commit-temp result=ok esp_err=ESP_OK errno=0 path=/sd/ultima5/saves/alpha1-s2-g1.commit.tmp stack_margin=32768
110: [I][AlphaSave] NEWGAME_SAVE stage=rename-commit result=ok esp_err=ESP_OK errno=0 path=/sd/ultima5/saves/alpha1-s2-g1.commit stack_margin=32768
110: [I][AlphaSave] NEWGAME_SAVE stage=semantic-validation result=ok esp_err=ESP_OK errno=0 path=/sd/ultima5/saves/alpha1-s2-g1.commit stack_margin=32768
110: [I][AlphaSave] NEWGAME_SAVE stage=generation-final result=ok esp_err=ESP_OK errno=0 path=/sd/ultima5/saves/alpha1-s2-g1.commit stack_margin=32768
110: [I][AlphaSave] save generation=3 save_slot=1 slot=1 time=17 ms json=5877
110: [I][AlphaSave] SD_HEAP operation=dma-reserve-restored state=gameplay-save free_internal=67108864 free_dma=67108864 largest_dma=67108864 largest_internal=67108864 requested_dma=8192
110: [I][AlphaRuntime] debug teleport rebind moved=0 prior_dungeon=0 location=17 floor=0 xy=15,20 dungeon=0
110: [I][AlphaRuntime] INPUT_ROUTE action=confirm ui=explore gameplay_command=none
110: [I][AlphaSave] SD_HEAP operation=release-reserved-dma state=save-inspect free_internal=67108864 free_dma=67108864 largest_dma=67108864 largest_internal=67108864 requested_dma=8192
110: [I][AlphaSave] SD_HEAP operation=sd-window-open state=save-inspect free_internal=67108864 free_dma=67108864 largest_dma=67108864 largest_internal=67108864 requested_dma=512
110: [I][AlphaSave] SAVE_SCRATCH psram_bytes=11888
110: [I][AlphaSave] SAVE_INSPECT save_slot=1 slot0=verified slot1=verified bytes=21226 commit_us=263 read_us=367 verify_us=1271 total_us=1937
110: [I][AlphaSave] SD_HEAP operation=dma-reserve-restored state=save-inspect free_internal=67108864 free_dma=67108864 largest_dma=67108864 largest_internal=67108864 requested_dma=8192
110:   GREEN R1    Continue restores the imported slot; two saves rotate its pair like any Native slot, one card-wide sequence
110: [I][AlphaSave] SD_HEAP operation=release-reserved-dma state=save-catalog free_internal=67108864 free_dma=67108864 largest_dma=67108864 largest_internal=67108864 requested_dma=8192
110: [I][AlphaSave] SD_HEAP operation=sd-window-open state=save-catalog free_internal=67108864 free_dma=67108864 largest_dma=67108864 largest_internal=67108864 requested_dma=512
110: [I][AlphaSave] SAVE_SCRATCH psram_bytes=11888
110: [I][AlphaSave] SAVE_CATALOG slot1=empty slot2=recovered slot3=empty staged=2 bytes=18287 commit_us=184 verify_us=6169 total_us=6367
110: [I][AlphaSave] SD_HEAP operation=dma-reserve-restored state=save-catalog free_internal=67108864 free_dma=67108864 largest_dma=67108864 largest_internal=67108864 requested_dma=8192
110: [I][AlphaSave] SD_HEAP operation=release-reserved-dma state=load-slot free_internal=67108864 free_dma=67108864 largest_dma=67108864 largest_internal=67108864 requested_dma=8192
110: [I][AlphaSave] SD_HEAP operation=sd-window-open state=load-slot free_internal=67108864 free_dma=67108864 largest_dma=67108864 largest_internal=67108864 requested_dma=512
110: [I][AlphaSave] SAVE_SCRATCH psram_bytes=11888
110: [I][AlphaSave] load save_slot=1 slot=0 time=2 ms status=0
110: [I][AlphaSave] SD_HEAP operation=dma-reserve-restored state=load-slot free_internal=67108864 free_dma=67108864 largest_dma=67108864 largest_internal=67108864 requested_dma=8192
110:   GREEN R2    its newest generation torn: listed Recovered, and it loads the one before (4321 gold)
110: 
110: [H] card I/O and heap
110: [I][AlphaRuntime] INPUT_EDGE raw=00,00,00,00,00 prev=00,00,00,00,00 matrix=0,0 physical=matrix-key edge=press mods=S0,A1,H0 printable=6d base=00 symbol=00 ui=explore emitted=system-menu action_char=0 shortcut=none
110: [I][AlphaSave] SD_HEAP operation=release-reserved-dma state=save-catalog free_internal=67108864 free_dma=67108864 largest_dma=67108864 largest_internal=67108864 requested_dma=8192
110: [I][AlphaSave] SD_HEAP operation=sd-window-open state=save-catalog free_internal=67108864 free_dma=67108864 largest_dma=67108864 largest_internal=67108864 requested_dma=512
110: [I][AlphaSave] SAVE_CATALOG slot1=empty slot2=empty slot3=empty staged=0 bytes=0 commit_us=160 verify_us=0 total_us=169
110: [I][AlphaSave] SD_HEAP operation=dma-reserve-restored state=save-catalog free_internal=67108864 free_dma=67108864 largest_dma=67108864 largest_internal=67108864 requested_dma=8192
110: [I][AlphaRuntime] SYSTEM_MENU action=toggle open=1 gameplay_command=none
110: [I][AlphaRuntime] SYSTEM_MENU action=direction accepted=1 open=1 gameplay_command=none
110: [I][AlphaRuntime] INPUT_EDGE raw=00,00,00,00,00 prev=00,00,00,00,00 matrix=0,0 physical=matrix-key edge=press mods=S0,A0,H0 printable=0d base=00 symbol=00 ui=inventory emitted=confirm action_char=0 shortcut=none
110: [I][AlphaSave] SD_HEAP operation=release-reserved-dma state=save-catalog free_internal=67108864 free_dma=67108864 largest_dma=67108864 largest_internal=67108864 requested_dma=8192
110: [I][AlphaSave] SD_HEAP operation=sd-window-open state=save-catalog free_internal=67108864 free_dma=67108864 largest_dma=67108864 largest_internal=67108864 requested_dma=512
110: [I][AlphaSave] SAVE_CATALOG slot1=empty slot2=empty slot3=empty staged=0 bytes=0 commit_us=161 verify_us=0 total_us=294
110: [I][AlphaSave] SD_HEAP operation=dma-reserve-restored state=save-catalog free_internal=67108864 free_dma=67108864 largest_dma=67108864 largest_internal=67108864 requested_dma=8192
110: [I][AlphaRuntime] SYSTEM_MENU action=confirm accepted=1 open=0 gameplay_command=none
110: [I][AlphaRuntime] INPUT_EDGE raw=00,00,00,00,00 prev=00,00,00,00,00 matrix=0,0 physical=matrix-key edge=press mods=S0,A0,H0 printable=20 base=00 symbol=00 ui=inventory emitted=character action_char=32 shortcut=none
110: [I][AlphaRuntime] FRONTEND_INPUT raw=keyboard action=character char=32 accepted=1 state=title->menu phase=name->name name=""->""
110: [I][AlphaRuntime] FRONTEND_STATE count=122 from=title to=menu reason=input reconstructed=0
110: [I][AlphaRuntime] INPUT_EDGE raw=00,00,00,00,00 prev=00,00,00,00,00 matrix=0,0 physical=matrix-key edge=press mods=S0,A0,H0 printable=70 base=00 symbol=00 ui=inventory emitted=character action_char=112 shortcut=none
110: [I][AlphaRuntime] FRONTEND_INPUT raw=keyboard action=character char=112 accepted=1 state=menu->error phase=name->name name=""->""
110: [I][AlphaRuntime] FRONTEND_STATE count=123 from=menu to=error reason=input reconstructed=0
110: [I][AlphaRuntime] FRONTEND_INTENT intent=inspect-pc-saves storage_begin=1 phase=name name="" gender=0x0b stack_margin=32768
110: [I][AlphaSave] SD_HEAP operation=release-reserved-dma state=save-catalog free_internal=67108864 free_dma=67108864 largest_dma=67108864 largest_internal=67108864 requested_dma=8192
110: [I][AlphaSave] SD_HEAP operation=sd-window-open state=save-catalog free_internal=67108864 free_dma=67108864 largest_dma=67108864 largest_internal=67108864 requested_dma=512
110: [I][AlphaSave] SAVE_CATALOG slot1=empty slot2=empty slot3=empty staged=0 bytes=0 commit_us=79 verify_us=0 total_us=83
110: [I][AlphaSave] SD_HEAP operation=dma-reserve-restored state=save-catalog free_internal=67108864 free_dma=67108864 largest_dma=67108864 largest_internal=67108864 requested_dma=8192
110: [I][AlphaSave] SD_HEAP operation=release-reserved-dma state=pc-import-read free_internal=67108864 free_dma=67108864 largest_dma=67108864 largest_internal=67108864 requested_dma=8192
110: [I][AlphaSave] SD_HEAP operation=sd-window-open state=pc-import-read free_internal=67108864 free_dma=67108864 largest_dma=67108864 largest_internal=67108864 requested_dma=512
110: [I][AlphaSave] PC_IMPORT_READ gam=4192 ool=512
110: [I][AlphaSave] SD_HEAP operation=dma-reserve-restored state=pc-import-read free_internal=67108864 free_dma=67108864 largest_dma=67108864 largest_internal=67108864 requested_dma=8192
110: [I][AlphaSave] SD_HEAP operation=release-reserved-dma state=pc-import-marker free_internal=67108864 free_dma=67108864 largest_dma=67108864 largest_internal=67108864 requested_dma=8192
110: [I][AlphaSave] SD_HEAP operation=sd-window-open state=pc-import-marker free_internal=67108864 free_dma=67108864 largest_dma=67108864 largest_internal=67108864 requested_dma=512
110: [I][AlphaSave] SD_HEAP operation=dma-reserve-restored state=pc-import-marker free_internal=67108864 free_dma=67108864 largest_dma=67108864 largest_internal=67108864 requested_dma=8192
110: [I][AlphaRuntime] INPUT_EDGE raw=00,00,00,00,00 prev=00,00,00,00,00 matrix=0,0 physical=matrix-key edge=press mods=S0,A0,H0 printable=0d base=00 symbol=00 ui=inventory emitted=confirm action_char=0 shortcut=none
110: [I][AlphaRuntime] FRONTEND_INPUT raw=keyboard action=confirm char=0 accepted=1 state=error->error phase=name->name name=""->""
110: [I][AlphaRuntime] FRONTEND_STATE count=124 from=error to=error reason=input reconstructed=0
110: [I][AlphaRuntime] INPUT_EDGE raw=00,00,00,00,00 prev=00,00,00,00,00 matrix=0,0 physical=matrix-key edge=press mods=S0,A0,H0 printable=0d base=00 symbol=00 ui=inventory emitted=confirm action_char=0 shortcut=none
110: [I][AlphaRuntime] FRONTEND_INPUT raw=keyboard action=confirm char=0 accepted=1 state=error->error phase=name->name name=""->""
110: [I][AlphaRuntime] FRONTEND_INTENT intent=import-pc-save storage_begin=1 phase=name name="" gender=0x0b stack_margin=32768
110: [I][AlphaSave] SD_HEAP operation=release-reserved-dma state=pc-import-read free_internal=67108864 free_dma=67108864 largest_dma=67108864 largest_internal=67108864 requested_dma=8192
110: [I][AlphaSave] SD_HEAP operation=sd-window-open state=pc-import-read free_internal=67108864 free_dma=67108864 largest_dma=67108864 largest_internal=67108864 requested_dma=512
110: [I][AlphaSave] PC_IMPORT_READ gam=4192 ool=512
110: [I][AlphaSave] SD_HEAP operation=dma-reserve-restored state=pc-import-read free_internal=67108864 free_dma=67108864 largest_dma=67108864 largest_internal=67108864 requested_dma=8192
110: [I][AlphaRuntime] U5OBJ CLEAR site=load-restore pool_before=0
110: [I][AlphaRuntime] WORLD_OBJECTS_RESTORE count=0
110: [I][AlphaRuntime] DUNGEON_RESTORE active=0 dungeon=33 depth=0
110: [I][AlphaRuntime] LOAD_TRANSIENT_RESET ui=explore->explore request=0 views=0 questions=0
110: [I][AlphaRuntime] U5OBJ SOURCE loc=17 floor=0 hour=3 table=found table_loc=17 count=32 slots=present tables=32 npc_dead=0x00000000 pool_before=0
110: [I][AlphaRuntime] U5OBJ SRC slot=23 index=23 type=1(0x01) tile=257 dialog=0 x=16,16,16 y=21,21,21 z=255,255,255 schedule=0,0,0,0 ai=0,0,0
110: [I][AlphaRuntime] U5OBJ SRC slot=24 index=24 type=1(0x01) tile=257 dialog=0 x=17,17,17 y=22,22,22 z=255,255,255 schedule=0,0,0,0 ai=0,0,0
110: [I][AlphaRuntime] U5OBJ SRC slot=25 index=25 type=1(0x01) tile=257 dialog=0 x=13,13,13 y=23,23,23 z=255,255,255 schedule=0,0,0,0 ai=0,0,0
110: [I][AlphaRuntime] U5OBJ SRC slot=28 index=28 type=30(0x1e) tile=286 dialog=0 x=9,9,9 y=9,9,9 z=255,255,255 schedule=0,0,0,0 ai=0,0,0
110: [I][AlphaRuntime] U5OBJ RESERVE request=32 current_size=0 current_capacity=33 object_bytes=68 need_bytes=2176 target_bytes=2176 free_internal=67108864 largest_internal=67108864 free_psram=67108864 largest_psram=67108864 free_default=67108864 guard=free_psram>=need+32768 result=1
110: [I][AlphaRuntime] U5OBJ RESERVE_DONE size=0 capacity=33 storage_heap=internal
110: [I][AlphaRuntime] U5OBJ HYDRATE slot=23 index=23 ACCEPT schedule=0 loc=17 floor=-1 x=16 y=21 tile=257 chest=1 prop=0 plot=0 item=8 contents=30 pool_index=1
110: [I][AlphaRuntime] CHEST_INSERT source=authored/hydrated loc=17 floor=-1 world_x=16 world_y=21 object_id=1 type=chest flags=none trap=0 contents=30 collection_count_before=1 after=2
110: [I][AlphaRuntime] U5OBJ HYDRATE slot=24 index=24 ACCEPT schedule=0 loc=17 floor=-1 x=17 y=22 tile=257 chest=1 prop=0 plot=0 item=8 contents=30 pool_index=2
110: [I][AlphaRuntime] CHEST_INSERT source=authored/hydrated loc=17 floor=-1 world_x=17 world_y=22 object_id=2 type=chest flags=none trap=0 contents=30 collection_count_before=2 after=3
110: [I][AlphaRuntime] U5OBJ HYDRATE slot=25 index=25 ACCEPT schedule=0 loc=17 floor=-1 x=13 y=23 tile=257 chest=1 prop=0 plot=0 item=8 contents=30 pool_index=3
110: [I][AlphaRuntime] CHEST_INSERT source=authored/hydrated loc=17 floor=-1 world_x=13 world_y=23 object_id=3 type=chest flags=none trap=0 contents=30 collection_count_before=3 after=4
110: [I][AlphaRuntime] U5OBJ HYDRATE slot=28 index=28 ACCEPT schedule=0 loc=17 floor=-1 x=9 y=9 tile=286 chest=0 prop=1 plot=0 item=8 contents=30 pool_index=4
110: [I][AlphaRuntime] U5OBJ POST_HYDRATE result=1 reason=ok pool_size=6 accepted=6 dropped=26 hydrate_calls=17
110: [I][AlphaRuntime] U5OBJ POST_HYDRATE_OBJ index=1 loc=17 floor=-1 x=16 y=21 tile=257 chest=1 prop=0 plot=0 item=8 loot=0 search=0 shadowlord=0 trapped=0 contents=30 slot=-1
110: [I][AlphaRuntime] U5OBJ POST_HYDRATE_OBJ index=2 loc=17 floor=-1 x=17 y=22 tile=257 chest=1 prop=0 plot=0 item=8 loot=0 search=0 shadowlord=0 trapped=0 contents=30 slot=-1
110: [I][AlphaRuntime] U5OBJ POST_HYDRATE_OBJ index=3 loc=17 floor=-1 x=13 y=23 tile=257 chest=1 prop=0 plot=0 item=8 loot=0 search=0 shadowlord=0 trapped=0 contents=30 slot=-1
110: [I][AlphaRuntime] U5OBJ POST_HYDRATE_OBJ index=4 loc=17 floor=-1 x=9 y=9 tile=286 chest=0 prop=1 plot=0 item=8 loot=0 search=0 shadowlord=0 trapped=0 contents=30 slot=-1
110: [I][AlphaSave] SD_HEAP operation=release-reserved-dma state=gameplay-save free_internal=67108864 free_dma=67108864 largest_dma=67108864 largest_internal=67108864 requested_dma=8192
110: [I][AlphaSave] SD_HEAP operation=sd-window-open state=gameplay-save free_internal=67108864 free_dma=67108864 largest_dma=67108864 largest_internal=67108864 requested_dma=512
110: [I][AlphaSave] NEWGAME_SAVE stage=create-root-directory result=ok esp_err=ESP_OK errno=0 path=/sd/ultima5 stack_margin=32768
110: [I][AlphaSave] NEWGAME_SAVE stage=create-save-directory result=ok esp_err=ESP_OK errno=0 path=/sd/ultima5/saves stack_margin=32768
110: [I][AlphaSave] SD_HEAP operation=free-space-before state=gameplay-save free_internal=67108864 free_dma=67108864 largest_dma=67108864 largest_internal=67108864 requested_dma=512
110: [I][AlphaSave] SD_HEAP operation=free-space-call-enter state=gameplay-save free_internal=67108864 free_dma=67108864 largest_dma=67108864 largest_internal=67108864 requested_dma=512
110: [I][AlphaSave] SD_HEAP operation=free-space-call-exit state=gameplay-save free_internal=67108864 free_dma=67108864 largest_dma=67108864 largest_internal=67108864 requested_dma=512
110: [I][AlphaSave] SD_HEAP operation=free-space-after state=gameplay-save free_internal=67108864 free_dma=67108864 largest_dma=67108864 largest_internal=67108864 requested_dma=512
110: [I][AlphaSave] SD_SPACE path=/sd api=esp_vfs_fat_info/f_getfree return=ESP_OK(0x0) errno=0 total_bytes=34359738368 free_bytes=8589934592 total_sectors=67108864 free_sectors=16777216 sector_bytes=512
110: [I][AlphaSave] NEWGAME_SAVE stage=free-space-query result=ok esp_err=ESP_OK errno=0 path=/sd stack_margin=32768
110: [I][AlphaSave] NEWGAME_SAVE stage=free-space result=ok esp_err=ESP_OK errno=0 path=/sd stack_margin=32768
110: [I][AlphaSave] SAVE_TARGET save_slot=0 newest=-1 accepted=0 slot=1 keep=-1 sequence=1
110: [I][AlphaSave] NEWGAME_SAVE stage=gam-encode result=ok esp_err=ESP_OK errno=0 path=INIT.GAM stack_margin=32768
110: [I][AlphaSave] NEWGAME_SAVE stage=ool-encode result=ok esp_err=ESP_OK errno=0 path=INIT.OOL stack_margin=32768
110: [I][AlphaSave] NEWGAME_SAVE stage=json-encode result=ok esp_err=ESP_OK errno=0 path=sidecar stack_margin=32768
110: [I][AlphaSave] SD_HEAP operation=write-gam-temp state=gameplay-save free_internal=67108864 free_dma=67108864 largest_dma=67108864 largest_internal=67108864 requested_dma=512
110: [I][AlphaSave] NEWGAME_SAVE stage=write-gam-temp result=ok esp_err=ESP_OK errno=0 path=/sd/ultima5/saves/alpha1-g1.gam.tmp stack_margin=32768
110: [I][AlphaSave] SD_HEAP operation=write-ool-temp state=gameplay-save free_internal=67108864 free_dma=67108864 largest_dma=67108864 largest_internal=67108864 requested_dma=512
110: [I][AlphaSave] NEWGAME_SAVE stage=write-ool-temp result=ok esp_err=ESP_OK errno=0 path=/sd/ultima5/saves/alpha1-g1.ool.tmp stack_margin=32768
110: [I][AlphaSave] SD_HEAP operation=write-json-temp state=gameplay-save free_internal=67108864 free_dma=67108864 largest_dma=67108864 largest_internal=67108864 requested_dma=512
110: [I][AlphaSave] NEWGAME_SAVE stage=write-json-temp result=ok esp_err=ESP_OK errno=0 path=/sd/ultima5/saves/alpha1-g1.json.tmp stack_margin=32768
110: [I][AlphaSave] SD_HEAP operation=crc-readback state=gameplay-save free_internal=67108864 free_dma=67108864 largest_dma=67108864 largest_internal=67108864 requested_dma=512
110: [I][AlphaSave] NEWGAME_SAVE stage=crc-readback result=ok esp_err=ESP_OK errno=0 path=/sd/ultima5/saves stack_margin=32768
110: [I][AlphaSave] NEWGAME_SAVE stage=rename-gam result=ok esp_err=ESP_OK errno=0 path=/sd/ultima5/saves/alpha1-g1.gam stack_margin=32768
110: [I][AlphaSave] NEWGAME_SAVE stage=rename-ool result=ok esp_err=ESP_OK errno=0 path=/sd/ultima5/saves/alpha1-g1.ool stack_margin=32768
110: [I][AlphaSave] NEWGAME_SAVE stage=rename-json result=ok esp_err=ESP_OK errno=0 path=/sd/ultima5/saves/alpha1-g1.json stack_margin=32768
110: [I][AlphaSave] NEWGAME_SAVE stage=write-commit-temp result=ok esp_err=ESP_OK errno=0 path=/sd/ultima5/saves/alpha1-g1.commit.tmp stack_margin=32768
110: [I][AlphaSave] NEWGAME_SAVE stage=rename-commit result=ok esp_err=ESP_OK errno=0 path=/sd/ultima5/saves/alpha1-g1.commit stack_margin=32768
110: [I][AlphaSave] NEWGAME_SAVE stage=semantic-validation result=ok esp_err=ESP_OK errno=0 path=/sd/ultima5/saves/alpha1-g1.commit stack_margin=32768
110: [I][AlphaSave] NEWGAME_SAVE stage=generation-final result=ok esp_err=ESP_OK errno=0 path=/sd/ultima5/saves/alpha1-g1.commit stack_margin=32768
110: [I][AlphaSave] save generation=1 save_slot=0 slot=1 time=7 ms json=5877
110: [I][AlphaSave] SD_HEAP operation=dma-reserve-restored state=gameplay-save free_internal=67108864 free_dma=67108864 largest_dma=67108864 largest_internal=67108864 requested_dma=8192
110: [I][AlphaSave] SD_HEAP operation=release-reserved-dma state=save-catalog free_internal=67108864 free_dma=67108864 largest_dma=67108864 largest_internal=67108864 requested_dma=8192
110: [I][AlphaSave] SD_HEAP operation=sd-window-open state=save-catalog free_internal=67108864 free_dma=67108864 largest_dma=67108864 largest_internal=67108864 requested_dma=512
110: [I][AlphaSave] SAVE_CATALOG slot1=cached slot2=empty slot3=empty staged=0 bytes=32 commit_us=204 verify_us=0 total_us=210
110: [I][AlphaSave] SD_HEAP operation=dma-reserve-restored state=save-catalog free_internal=67108864 free_dma=67108864 largest_dma=67108864 largest_internal=67108864 requested_dma=8192
110: [I][AlphaSave] SD_HEAP operation=release-reserved-dma state=pc-import-marker free_internal=67108864 free_dma=67108864 largest_dma=67108864 largest_internal=67108864 requested_dma=8192
110: [I][AlphaSave] SD_HEAP operation=sd-window-open state=pc-import-marker free_internal=67108864 free_dma=67108864 largest_dma=67108864 largest_internal=67108864 requested_dma=512
110: [I][AlphaSave] SD_HEAP operation=dma-reserve-restored state=pc-import-marker free_internal=67108864 free_dma=67108864 largest_dma=67108864 largest_internal=67108864 requested_dma=8192
110: [I][AlphaRuntime] PC_IMPORT slot=0 location=17 frigates=0 horses=0 skiffs=1 search=0 ms=7
110: [I][AlphaSave] SD_HEAP operation=release-reserved-dma state=save-catalog free_internal=67108864 free_dma=67108864 largest_dma=67108864 largest_internal=67108864 requested_dma=8192
110: [I][AlphaSave] SD_HEAP operation=sd-window-open state=save-catalog free_internal=67108864 free_dma=67108864 largest_dma=67108864 largest_internal=67108864 requested_dma=512
110: [I][AlphaSave] SAVE_CATALOG slot1=cached slot2=empty slot3=empty staged=0 bytes=32 commit_us=117 verify_us=0 total_us=122
110: [I][AlphaSave] SD_HEAP operation=dma-reserve-restored state=save-catalog free_internal=67108864 free_dma=67108864 largest_dma=67108864 largest_internal=67108864 requested_dma=8192
110: [I][AlphaSave] SD_HEAP operation=release-reserved-dma state=pc-import-read free_internal=67108864 free_dma=67108864 largest_dma=67108864 largest_internal=67108864 requested_dma=8192
110: [I][AlphaSave] SD_HEAP operation=sd-window-open state=pc-import-read free_internal=67108864 free_dma=67108864 largest_dma=67108864 largest_internal=67108864 requested_dma=512
110: [I][AlphaSave] PC_IMPORT_READ gam=4192 ool=512
110: [I][AlphaSave] SD_HEAP operation=dma-reserve-restored state=pc-import-read free_internal=67108864 free_dma=67108864 largest_dma=67108864 largest_internal=67108864 requested_dma=8192
110: [I][AlphaSave] SD_HEAP operation=release-reserved-dma state=pc-import-marker free_internal=67108864 free_dma=67108864 largest_dma=67108864 largest_internal=67108864 requested_dma=8192
110: [I][AlphaSave] SD_HEAP operation=sd-window-open state=pc-import-marker free_internal=67108864 free_dma=67108864 largest_dma=67108864 largest_internal=67108864 requested_dma=512
110: [I][AlphaSave] SD_HEAP operation=dma-reserve-restored state=pc-import-marker free_internal=67108864 free_dma=67108864 largest_dma=67108864 largest_internal=67108864 requested_dma=8192
110: [I][AlphaRuntime] FRONTEND_INTENT intent=import-pc-save slot=0 ok=1 message="Imported into Slot 1. The PC files are kept"
110:   GREEN H1    an import reads the PC files through the fake card (4 reads) and never holds more than 2 files open (1)
110: [I][AlphaSave] SD_HEAP operation=release-reserved-dma state=load-slot free_internal=67108864 free_dma=67108864 largest_dma=67108864 largest_internal=67108864 requested_dma=8192
110: [I][AlphaSave] SD_HEAP operation=sd-window-open state=load-slot free_internal=67108864 free_dma=67108864 largest_dma=67108864 largest_internal=67108864 requested_dma=512
110: [I][AlphaSave] SAVE_SCRATCH psram_bytes=11888
110: [I][AlphaSave] load save_slot=0 slot=1 time=2 ms status=0
110: [I][AlphaSave] SD_HEAP operation=dma-reserve-restored state=load-slot free_internal=67108864 free_dma=67108864 largest_dma=67108864 largest_internal=67108864 requested_dma=8192
110: [I][AlphaSave] SD_HEAP operation=release-reserved-dma state=pc-export free_internal=67108864 free_dma=67108864 largest_dma=67108864 largest_internal=67108864 requested_dma=8192
110: [I][AlphaSave] SD_HEAP operation=sd-window-open state=pc-export free_internal=67108864 free_dma=67108864 largest_dma=67108864 largest_internal=67108864 requested_dma=512
110: [I][AlphaSave] PC_EXPORT slot=0 generation=1 sequence=1 frigates=0 horses=0 skiffs=1 unplaced=0 town=1 time_us=15158
110: [I][AlphaSave] SD_HEAP operation=dma-reserve-restored state=pc-export free_internal=67108864 free_dma=67108864 largest_dma=67108864 largest_internal=67108864 requested_dma=8192
110:   GREEN H2    export's small-block peak 562836 B vs a load's 562884 B (one document at a time); 0 B kept afterwards
110: 
110: a4_save3_pc_bridge_runtime: 57/57 checks GREEN, 0 RED
1/2 Test #110: a4_save3_pc_bridge_runtime .......   Passed    0.94 sec
test 143
    Start 143: a4_save3_pc_reference

143: Test command: "C:\Program Files\nodejs\node.exe" "--import" "tsx" "<repo>/native/core/tools/check-pc-save.ts" "<repo>/native/core/build-a4-save3/a4_save3_pc_bridge_runtime.exe" "<repo>/native/core/../assets/openu5-alpha1-resources.bin" "<repo>/native/core/../../original/u5/ultima5"
143: Working Directory: <repo>/native/core/../..
143: Test timeout computed to be: 1500
143: [TS] the DOS fixture, as the reference reads it, against Native's import
143:   GREEN TS1   Native's import of the fixture equals the reference's reading: Kojac, Shamino, Iolo; 9200 gold; location 17 (15,20)
143:   GREEN TS2   the bridged cells: wind 4 (0x2EC) and the found-once bitmap (0 found) as the file holds them; no frigate parked
143: [TS] the exported round trip, read by the reference
143:   GREEN TS3   the export is a 4192-byte SAVED.GAM and a 512-byte SAVED.OOL
143:   GREEN TS4   the changes made on Native are in the exported file: 1234 gold, x 16, wind South (0x2EC = 2), search item 20 found
143:   GREEN TS5   apart from gold and x, the reference reads the exported save exactly as it reads the DOS original (differing: none)
143:   GREEN TS6   the frigate docked outside the castle is parked in SAVED.OOL's BRIT block: frigate@0:58,107 hull 61 skiffs 1
143: [TS] vehicles: a DOS layout in, the same layout out
143:   GREEN TS7   the live table's vehicles survive import and export: frigate@0:81,96 hull 77 skiffs 1; horse@0:79,96; skiff@0:82,97
143:   GREEN TS8   UNDER.OOL's parked vehicles survive, the new-game skiff once: frigate@255:32,33 hull 55 skiffs 2; skiff@255:14,242
143:   GREEN TS9   and the reference's own reader sees the same vehicles in both: horse@79,96; ship@81,96; ship@82,97
143:   GREEN TS10  the reference reads the same monster in and out: def 1@72,90
143: 
143: check-pc-save: 10/10 checks GREEN, 0 RED
2/2 Test #143: a4_save3_pc_reference ............   Passed    1.04 sec

The following tests passed:
	a4_save3_pc_bridge_runtime
	a4_save3_pc_reference

100% tests passed out of 2

Total Test time (real) =   1.98 sec
