[1/759] Building CXX object CMakeFiles/quest_search_tests.dir/tests/quest_search_test.cpp.obj
[2/759] Building CXX object CMakeFiles/combat_escape_regression.dir/tests/combat_escape_regression_test.cpp.obj
[3/759] Building CXX object CMakeFiles/combat_loot_open_regression.dir/tests/combat_loot_open_regression_test.cpp.obj
[4/759] Building CXX object CMakeFiles/input_regression.dir/C_/Dev/OpenU5-Native/native/targets/tdeck/host_tests/input_test.cpp.obj
[5/759] Building CXX object CMakeFiles/alpha_runtime_integration_regression.dir/C_/Dev/OpenU5-Native/native/targets/tdeck/host_tests/host_stubs/alpha_save_host_stub.cpp.obj
[6/759] Building CXX object CMakeFiles/alpha_runtime_integration_regression.dir/C_/Dev/OpenU5-Native/native/targets/tdeck/host_tests/host_stubs/device_smoke_tests_host_stub.cpp.obj
[7/759] Building CXX object CMakeFiles/direct_troll_handoff_regression.dir/tests/direct_troll_handoff_test.cpp.obj
[8/759] Building CXX object CMakeFiles/batch21a_dungeon_room_regression.dir/C_/Dev/OpenU5-Native/native/targets/tdeck/host_tests/host_stubs/alpha_save_host_stub.cpp.obj
[9/759] Building CXX object CMakeFiles/presentation_regression.dir/tests/presentation_test.cpp.obj
[10/759] Building CXX object CMakeFiles/action_feedback_regression.dir/tests/action_feedback_test.cpp.obj
[11/759] Building CXX object CMakeFiles/debug_developer_tests.dir/tests/debug_developer_test.cpp.obj
[12/759] Building CXX object CMakeFiles/alpha_runtime_integration_regression.dir/C_/Dev/OpenU5-Native/native/targets/tdeck/host_tests/host_stubs/tdeck_board_host_stub.cpp.obj
[13/759] Building CXX object CMakeFiles/ui_session_tests.dir/tests/ui_session_test.cpp.obj
[14/759] Building CXX object CMakeFiles/frontend_tests.dir/tests/frontend_test.cpp.obj
[15/759] Building CXX object CMakeFiles/batch21b_chest_reset.dir/tests/batch21b_chest_reset_test.cpp.obj
[16/759] Building CXX object CMakeFiles/batch21a_dungeon_room_regression.dir/C_/Dev/OpenU5-Native/native/targets/tdeck/host_tests/host_stubs/tdeck_board_host_stub.cpp.obj
[17/759] Building CXX object CMakeFiles/batch12b_hardware_regression.dir/C_/Dev/OpenU5-Native/native/targets/tdeck/main/dungeon_art_cache.cpp.obj
[18/759] Building CXX object CMakeFiles/alpha_runtime_integration_regression.dir/C_/Dev/OpenU5-Native/native/targets/tdeck/host_tests/alpha_runtime_host_fixture.cpp.obj
[19/759] Building CXX object CMakeFiles/alpha_runtime_integration_regression.dir/C_/Dev/OpenU5-Native/native/targets/tdeck/main/dungeon_art_cache.cpp.obj
[20/759] Building CXX object CMakeFiles/batch21a_dungeon_room_regression.dir/C_/Dev/OpenU5-Native/native/targets/tdeck/host_tests/alpha_runtime_host_fixture.cpp.obj
[21/759] Building CXX object CMakeFiles/batch12b_hardware_regression.dir/C_/Dev/OpenU5-Native/native/targets/tdeck/main/alpha_resources.cpp.obj
[22/759] Building CXX object CMakeFiles/gameplay_integration_tests.dir/tests/gameplay_integration_test.cpp.obj
[23/759] Building CXX object CMakeFiles/alpha_runtime_integration_regression.dir/C_/Dev/OpenU5-Native/native/targets/tdeck/main/native_renderer.cpp.obj
[24/759] Building CXX object CMakeFiles/batch12b_hardware_regression.dir/C_/Dev/OpenU5-Native/native/targets/tdeck/main/native_renderer.cpp.obj
[25/759] Building CXX object CMakeFiles/alpha_runtime_integration_regression.dir/C_/Dev/OpenU5-Native/native/targets/tdeck/main/alpha_resources.cpp.obj
[26/759] Building CXX object CMakeFiles/batch21a_dungeon_room_regression.dir/C_/Dev/OpenU5-Native/native/targets/tdeck/host_tests/host_stubs/device_smoke_tests_host_stub.cpp.obj
[27/759] Building CXX object CMakeFiles/alpha_runtime_integration_regression.dir/C_/Dev/OpenU5-Native/native/targets/tdeck/host_tests/alpha_runtime_integration_test.cpp.obj
[28/759] Building CXX object CMakeFiles/dungeon_input_regression.dir/C_/Dev/OpenU5-Native/native/targets/tdeck/host_tests/dungeon_input_test.cpp.obj
[29/759] Building CXX object CMakeFiles/batch12b_hardware_regression.dir/C_/Dev/OpenU5-Native/native/targets/tdeck/host_tests/batch12b_hardware_test.cpp.obj
[30/759] Building CXX object CMakeFiles/batch22_basement_objects.dir/C_/Dev/OpenU5-Native/native/targets/tdeck/host_tests/host_stubs/alpha_save_host_stub.cpp.obj
[31/759] Building CXX object CMakeFiles/batch22_basement_objects.dir/C_/Dev/OpenU5-Native/native/targets/tdeck/host_tests/host_stubs/tdeck_board_host_stub.cpp.obj
[32/759] Building CXX object CMakeFiles/batch21a_dungeon_room_regression.dir/C_/Dev/OpenU5-Native/native/targets/tdeck/main/dungeon_art_cache.cpp.obj
[33/759] Building CXX object CMakeFiles/batch22_basement_objects.dir/C_/Dev/OpenU5-Native/native/targets/tdeck/host_tests/host_stubs/device_smoke_tests_host_stub.cpp.obj
[34/759] Building CXX object CMakeFiles/batch21a_dungeon_room_regression.dir/C_/Dev/OpenU5-Native/native/targets/tdeck/main/alpha_resources.cpp.obj
[35/759] Building CXX object CMakeFiles/batch23_vault_parity.dir/C_/Dev/OpenU5-Native/native/targets/tdeck/host_tests/host_stubs/alpha_save_host_stub.cpp.obj
[36/759] Building CXX object CMakeFiles/batch22_basement_objects.dir/C_/Dev/OpenU5-Native/native/targets/tdeck/host_tests/alpha_runtime_host_fixture.cpp.obj
[37/759] Building CXX object CMakeFiles/batch21a_dungeon_room_regression.dir/C_/Dev/OpenU5-Native/native/targets/tdeck/main/native_renderer.cpp.obj
[38/759] Building CXX object CMakeFiles/batch23_vault_parity.dir/C_/Dev/OpenU5-Native/native/targets/tdeck/host_tests/host_stubs/tdeck_board_host_stub.cpp.obj
[39/759] Building CXX object CMakeFiles/batch22_basement_objects.dir/C_/Dev/OpenU5-Native/native/targets/tdeck/main/dungeon_art_cache.cpp.obj
[40/759] Building CXX object CMakeFiles/batch23_vault_parity.dir/C_/Dev/OpenU5-Native/native/targets/tdeck/host_tests/alpha_runtime_host_fixture.cpp.obj
[41/759] Building CXX object CMakeFiles/batch22_basement_objects.dir/C_/Dev/OpenU5-Native/native/targets/tdeck/host_tests/batch22_basement_objects_test.cpp.obj
[42/759] Building CXX object CMakeFiles/batch23_vault_parity.dir/C_/Dev/OpenU5-Native/native/targets/tdeck/host_tests/host_stubs/device_smoke_tests_host_stub.cpp.obj
[43/759] Building CXX object CMakeFiles/batch22_basement_objects.dir/C_/Dev/OpenU5-Native/native/targets/tdeck/main/alpha_resources.cpp.obj
[44/759] Building CXX object CMakeFiles/batch22_basement_objects.dir/C_/Dev/OpenU5-Native/native/targets/tdeck/main/native_renderer.cpp.obj
[45/759] Building CXX object CMakeFiles/batch24_reload_parity.dir/C_/Dev/OpenU5-Native/native/targets/tdeck/host_tests/host_stubs/tdeck_board_host_stub.cpp.obj
[46/759] Building CXX object CMakeFiles/batch23_vault_parity.dir/C_/Dev/OpenU5-Native/native/targets/tdeck/main/dungeon_art_cache.cpp.obj
[47/759] Building CXX object CMakeFiles/batch23_vault_parity.dir/C_/Dev/OpenU5-Native/native/targets/tdeck/main/alpha_resources.cpp.obj
[48/759] Building CXX object CMakeFiles/batch24_reload_parity.dir/C_/Dev/OpenU5-Native/native/targets/tdeck/host_tests/host_stubs/device_smoke_tests_host_stub.cpp.obj
[49/759] Building CXX object CMakeFiles/batch24_reload_parity.dir/C_/Dev/OpenU5-Native/native/targets/tdeck/host_tests/alpha_runtime_host_fixture.cpp.obj
[50/759] Building CXX object CMakeFiles/batch24_reload_parity.dir/C_/Dev/OpenU5-Native/native/targets/tdeck/main/alpha_save_generation.cpp.obj
[51/759] Building CXX object CMakeFiles/batch23_vault_parity.dir/C_/Dev/OpenU5-Native/native/targets/tdeck/main/native_renderer.cpp.obj
[52/759] Building CXX object CMakeFiles/batch24_reload_parity.dir/C_/Dev/OpenU5-Native/native/targets/tdeck/host_tests/host_stubs/alpha_save_memory_host_stub.cpp.obj
[53/759] Building CXX object CMakeFiles/batch26_dungeon_save.dir/C_/Dev/OpenU5-Native/native/targets/tdeck/host_tests/host_stubs/tdeck_board_host_stub.cpp.obj
[54/759] Building CXX object CMakeFiles/batch24_reload_parity.dir/C_/Dev/OpenU5-Native/native/targets/tdeck/main/dungeon_art_cache.cpp.obj
[55/759] Building CXX object CMakeFiles/batch26_dungeon_save.dir/C_/Dev/OpenU5-Native/native/targets/tdeck/host_tests/alpha_runtime_host_fixture.cpp.obj
[56/759] Building CXX object CMakeFiles/batch24_reload_parity.dir/C_/Dev/OpenU5-Native/native/targets/tdeck/main/native_renderer.cpp.obj
[57/759] Building CXX object CMakeFiles/batch23_vault_parity.dir/C_/Dev/OpenU5-Native/native/targets/tdeck/host_tests/batch23_vault_parity_test.cpp.obj
[58/759] Building CXX object CMakeFiles/batch26_dungeon_save.dir/C_/Dev/OpenU5-Native/native/targets/tdeck/host_tests/host_stubs/alpha_save_memory_host_stub.cpp.obj
[59/759] Building CXX object CMakeFiles/batch26_dungeon_save.dir/C_/Dev/OpenU5-Native/native/targets/tdeck/host_tests/host_stubs/device_smoke_tests_host_stub.cpp.obj
[60/759] Building CXX object CMakeFiles/batch24_reload_parity.dir/C_/Dev/OpenU5-Native/native/targets/tdeck/main/alpha_resources.cpp.obj
[61/759] Building CXX object CMakeFiles/batch21a_dungeon_room_regression.dir/C_/Dev/OpenU5-Native/native/targets/tdeck/host_tests/batch21a_dungeon_room_test.cpp.obj
[62/759] Building CXX object CMakeFiles/batch26_dungeon_save.dir/C_/Dev/OpenU5-Native/native/targets/tdeck/main/alpha_save_generation.cpp.obj
[63/759] Building CXX object CMakeFiles/batch26_dungeon_save.dir/C_/Dev/OpenU5-Native/native/targets/tdeck/main/dungeon_art_cache.cpp.obj
[64/759] Building CXX object CMakeFiles/batch24_reload_parity.dir/C_/Dev/OpenU5-Native/native/targets/tdeck/host_tests/batch24_reload_parity_test.cpp.obj
[65/759] Building CXX object CMakeFiles/batch26_dungeon_save.dir/C_/Dev/OpenU5-Native/native/targets/tdeck/main/alpha_resources.cpp.obj
[66/759] Building CXX object CMakeFiles/batch27_alt_load.dir/C_/Dev/OpenU5-Native/native/targets/tdeck/host_tests/host_stubs/tdeck_board_host_stub.cpp.obj
[67/759] Building CXX object CMakeFiles/batch27_alt_load.dir/C_/Dev/OpenU5-Native/native/targets/tdeck/host_tests/alpha_runtime_host_fixture.cpp.obj
[68/759] Building CXX object CMakeFiles/batch27_alt_load.dir/C_/Dev/OpenU5-Native/native/targets/tdeck/host_tests/host_stubs/device_smoke_tests_host_stub.cpp.obj
[69/759] Building CXX object CMakeFiles/batch26_dungeon_save.dir/C_/Dev/OpenU5-Native/native/targets/tdeck/main/native_renderer.cpp.obj
[70/759] Building CXX object CMakeFiles/batch27_alt_load.dir/C_/Dev/OpenU5-Native/native/targets/tdeck/main/alpha_save_generation.cpp.obj
[71/759] Building CXX object CMakeFiles/batch27_alt_load.dir/C_/Dev/OpenU5-Native/native/targets/tdeck/host_tests/host_stubs/alpha_save_memory_host_stub.cpp.obj
[72/759] Building CXX object CMakeFiles/batch28_save_validation.dir/C_/Dev/OpenU5-Native/native/targets/tdeck/host_tests/host_stubs/tdeck_board_host_stub.cpp.obj
[73/759] Building CXX object CMakeFiles/batch27_alt_load.dir/C_/Dev/OpenU5-Native/native/targets/tdeck/main/dungeon_art_cache.cpp.obj
[74/759] Building CXX object CMakeFiles/batch28_save_validation.dir/C_/Dev/OpenU5-Native/native/targets/tdeck/host_tests/alpha_runtime_host_fixture.cpp.obj
[75/759] Building CXX object CMakeFiles/batch27_alt_load.dir/C_/Dev/OpenU5-Native/native/targets/tdeck/main/native_renderer.cpp.obj
[76/759] Building CXX object CMakeFiles/batch27_alt_load.dir/C_/Dev/OpenU5-Native/native/targets/tdeck/host_tests/batch27_alt_load_test.cpp.obj
[77/759] Building CXX object CMakeFiles/batch28_save_validation.dir/C_/Dev/OpenU5-Native/native/targets/tdeck/host_tests/host_stubs/device_smoke_tests_host_stub.cpp.obj
[78/759] Building CXX object CMakeFiles/batch28_save_validation.dir/C_/Dev/OpenU5-Native/native/targets/tdeck/host_tests/host_stubs/alpha_save_memory_host_stub.cpp.obj
[79/759] Building CXX object CMakeFiles/batch27_alt_load.dir/C_/Dev/OpenU5-Native/native/targets/tdeck/main/alpha_resources.cpp.obj
[80/759] Building CXX object CMakeFiles/batch26_dungeon_save.dir/C_/Dev/OpenU5-Native/native/targets/tdeck/host_tests/batch26_dungeon_save_test.cpp.obj
[81/759] Building CXX object CMakeFiles/batch28_save_validation.dir/C_/Dev/OpenU5-Native/native/targets/tdeck/main/dungeon_art_cache.cpp.obj
[82/759] Building CXX object CMakeFiles/batch28_save_validation.dir/C_/Dev/OpenU5-Native/native/targets/tdeck/main/alpha_save_generation.cpp.obj
[83/759] Building CXX object CMakeFiles/batch29_rest_wiring.dir/C_/Dev/OpenU5-Native/native/targets/tdeck/host_tests/host_stubs/tdeck_board_host_stub.cpp.obj
[84/759] Building CXX object CMakeFiles/batch28_save_validation.dir/C_/Dev/OpenU5-Native/native/targets/tdeck/main/alpha_resources.cpp.obj
[85/759] Building CXX object CMakeFiles/batch29_rest_wiring.dir/C_/Dev/OpenU5-Native/native/targets/tdeck/host_tests/host_stubs/device_smoke_tests_host_stub.cpp.obj
[86/759] Building CXX object CMakeFiles/batch29_rest_wiring.dir/C_/Dev/OpenU5-Native/native/targets/tdeck/host_tests/alpha_runtime_host_fixture.cpp.obj
[87/759] Building CXX object CMakeFiles/batch29_rest_wiring.dir/C_/Dev/OpenU5-Native/native/targets/tdeck/main/alpha_save_generation.cpp.obj
[88/759] Building CXX object CMakeFiles/batch29_rest_wiring.dir/C_/Dev/OpenU5-Native/native/targets/tdeck/host_tests/host_stubs/alpha_save_memory_host_stub.cpp.obj
[89/759] Building CXX object CMakeFiles/batch28_save_validation.dir/C_/Dev/OpenU5-Native/native/targets/tdeck/main/native_renderer.cpp.obj
[90/759] Building CXX object CMakeFiles/batch29_rest_wiring.dir/C_/Dev/OpenU5-Native/native/targets/tdeck/main/dungeon_art_cache.cpp.obj
[91/759] Building CXX object CMakeFiles/batch30_sleep_parity.dir/C_/Dev/OpenU5-Native/native/targets/tdeck/host_tests/host_stubs/tdeck_board_host_stub.cpp.obj
[92/759] Building CXX object CMakeFiles/batch30_sleep_parity.dir/C_/Dev/OpenU5-Native/native/targets/tdeck/host_tests/alpha_runtime_host_fixture.cpp.obj
[93/759] Building CXX object CMakeFiles/batch30_sleep_parity.dir/C_/Dev/OpenU5-Native/native/targets/tdeck/host_tests/host_stubs/device_smoke_tests_host_stub.cpp.obj
[94/759] Building CXX object CMakeFiles/batch29_rest_wiring.dir/C_/Dev/OpenU5-Native/native/targets/tdeck/main/alpha_resources.cpp.obj
[95/759] Building CXX object CMakeFiles/batch30_sleep_parity.dir/C_/Dev/OpenU5-Native/native/targets/tdeck/main/alpha_save_generation.cpp.obj
[96/759] Building CXX object CMakeFiles/batch30_sleep_parity.dir/C_/Dev/OpenU5-Native/native/targets/tdeck/host_tests/host_stubs/alpha_save_memory_host_stub.cpp.obj
[97/759] Building CXX object CMakeFiles/batch30_sleep_parity.dir/C_/Dev/OpenU5-Native/native/targets/tdeck/host_tests/batch30_sleep_parity_test.cpp.obj
[98/759] Building CXX object CMakeFiles/batch30_sleep_parity.dir/C_/Dev/OpenU5-Native/native/targets/tdeck/main/dungeon_art_cache.cpp.obj
[99/759] Building CXX object CMakeFiles/batch29_rest_wiring.dir/C_/Dev/OpenU5-Native/native/targets/tdeck/host_tests/batch29_rest_wiring_test.cpp.obj
[100/759] Building CXX object CMakeFiles/gameplay_driver.dir/tests/gameplay_driver.cpp.obj
[101/759] Building CXX object CMakeFiles/batch29_rest_wiring.dir/C_/Dev/OpenU5-Native/native/targets/tdeck/main/native_renderer.cpp.obj
[102/759] Building CXX object CMakeFiles/batch31_h165_dungeon_entry.dir/C_/Dev/OpenU5-Native/native/targets/tdeck/host_tests/host_stubs/tdeck_board_host_stub.cpp.obj
[103/759] Building CXX object CMakeFiles/batch31_h165_dungeon_entry.dir/C_/Dev/OpenU5-Native/native/targets/tdeck/host_tests/alpha_runtime_host_fixture.cpp.obj
[104/759] Building CXX object CMakeFiles/batch30_sleep_parity.dir/C_/Dev/OpenU5-Native/native/targets/tdeck/main/alpha_resources.cpp.obj
[105/759] Building CXX object CMakeFiles/batch31_h165_dungeon_entry.dir/C_/Dev/OpenU5-Native/native/targets/tdeck/host_tests/host_stubs/device_smoke_tests_host_stub.cpp.obj
[106/759] Building CXX object CMakeFiles/batch31_h165_dungeon_entry.dir/C_/Dev/OpenU5-Native/native/targets/tdeck/host_tests/batch31_h165_dungeon_entry_test.cpp.obj
[107/759] Building CXX object CMakeFiles/batch31_h165_dungeon_entry.dir/C_/Dev/OpenU5-Native/native/targets/tdeck/main/alpha_save_generation.cpp.obj
[108/759] Building CXX object CMakeFiles/batch30_sleep_parity.dir/C_/Dev/OpenU5-Native/native/targets/tdeck/main/native_renderer.cpp.obj
[109/759] Building CXX object CMakeFiles/batch31_h165_dungeon_entry.dir/C_/Dev/OpenU5-Native/native/targets/tdeck/host_tests/host_stubs/alpha_save_memory_host_stub.cpp.obj
[110/759] Building CXX object CMakeFiles/batch32_camp_watch.dir/C_/Dev/OpenU5-Native/native/targets/tdeck/host_tests/host_stubs/tdeck_board_host_stub.cpp.obj
[111/759] Building CXX object CMakeFiles/batch32_camp_watch.dir/C_/Dev/OpenU5-Native/native/targets/tdeck/host_tests/host_stubs/device_smoke_tests_host_stub.cpp.obj
[112/759] Building CXX object CMakeFiles/batch31_h165_dungeon_entry.dir/C_/Dev/OpenU5-Native/native/targets/tdeck/main/dungeon_art_cache.cpp.obj
[113/759] Building CXX object CMakeFiles/batch32_camp_watch.dir/C_/Dev/OpenU5-Native/native/targets/tdeck/host_tests/alpha_runtime_host_fixture.cpp.obj
[114/759] Building CXX object CMakeFiles/batch28_save_validation.dir/C_/Dev/OpenU5-Native/native/targets/tdeck/host_tests/batch28_save_validation_test.cpp.obj
[115/759] Building CXX object CMakeFiles/batch32_camp_watch.dir/C_/Dev/OpenU5-Native/native/targets/tdeck/main/alpha_save_generation.cpp.obj
[116/759] Building CXX object CMakeFiles/batch31_h165_dungeon_entry.dir/C_/Dev/OpenU5-Native/native/targets/tdeck/main/alpha_resources.cpp.obj
[117/759] Building CXX object CMakeFiles/batch21a_dungeon_room_regression.dir/C_/Dev/OpenU5-Native/native/targets/tdeck/main/alpha_runtime.cpp.obj
[118/759] Building CXX object CMakeFiles/batch32_camp_watch.dir/C_/Dev/OpenU5-Native/native/targets/tdeck/host_tests/host_stubs/alpha_save_memory_host_stub.cpp.obj
[119/759] Building CXX object CMakeFiles/alpha_runtime_integration_regression.dir/C_/Dev/OpenU5-Native/native/targets/tdeck/main/alpha_runtime.cpp.obj
[120/759] Building CXX object CMakeFiles/batch32_camp_watch.dir/C_/Dev/OpenU5-Native/native/targets/tdeck/main/alpha_resources.cpp.obj
[121/759] Building CXX object CMakeFiles/batch31_h165_dungeon_entry.dir/C_/Dev/OpenU5-Native/native/targets/tdeck/main/native_renderer.cpp.obj
[122/759] Building CXX object CMakeFiles/batch32_camp_watch.dir/C_/Dev/OpenU5-Native/native/targets/tdeck/main/dungeon_art_cache.cpp.obj
[123/759] Building CXX object CMakeFiles/batch32_camp_watch.dir/C_/Dev/OpenU5-Native/native/targets/tdeck/host_tests/batch32_camp_watch_test.cpp.obj
[124/759] Building CXX object CMakeFiles/batch33_cannon_npc_death.dir/C_/Dev/OpenU5-Native/native/targets/tdeck/host_tests/host_stubs/tdeck_board_host_stub.cpp.obj
[125/759] Building CXX object CMakeFiles/batch33_cannon_npc_death.dir/C_/Dev/OpenU5-Native/native/targets/tdeck/host_tests/alpha_runtime_host_fixture.cpp.obj
[126/759] Building CXX object CMakeFiles/batch32_camp_watch.dir/C_/Dev/OpenU5-Native/native/targets/tdeck/main/native_renderer.cpp.obj
[127/759] Building CXX object CMakeFiles/batch33_cannon_npc_death.dir/C_/Dev/OpenU5-Native/native/targets/tdeck/main/alpha_save_generation.cpp.obj
[128/759] Building CXX object CMakeFiles/batch22_basement_objects.dir/C_/Dev/OpenU5-Native/native/targets/tdeck/main/alpha_runtime.cpp.obj
[129/759] Building CXX object CMakeFiles/batch33_cannon_npc_death.dir/C_/Dev/OpenU5-Native/native/targets/tdeck/host_tests/batch33_cannon_npc_death_test.cpp.obj
[130/759] Building CXX object CMakeFiles/batch33_cannon_npc_death.dir/C_/Dev/OpenU5-Native/native/targets/tdeck/host_tests/host_stubs/alpha_save_memory_host_stub.cpp.obj
[131/759] Building CXX object CMakeFiles/batch33_cannon_npc_death.dir/C_/Dev/OpenU5-Native/native/targets/tdeck/host_tests/host_stubs/device_smoke_tests_host_stub.cpp.obj
[132/759] Building CXX object CMakeFiles/batch23_vault_parity.dir/C_/Dev/OpenU5-Native/native/targets/tdeck/main/alpha_runtime.cpp.obj
[133/759] Building CXX object CMakeFiles/batch34_pre_sleep_npc.dir/C_/Dev/OpenU5-Native/native/targets/tdeck/host_tests/host_stubs/device_smoke_tests_host_stub.cpp.obj
[134/759] Building CXX object CMakeFiles/batch34_pre_sleep_npc.dir/C_/Dev/OpenU5-Native/native/targets/tdeck/host_tests/host_stubs/tdeck_board_host_stub.cpp.obj
[135/759] Building CXX object CMakeFiles/batch33_cannon_npc_death.dir/C_/Dev/OpenU5-Native/native/targets/tdeck/main/dungeon_art_cache.cpp.obj
[136/759] Building CXX object CMakeFiles/batch34_pre_sleep_npc.dir/C_/Dev/OpenU5-Native/native/targets/tdeck/host_tests/alpha_runtime_host_fixture.cpp.obj
[137/759] Building CXX object CMakeFiles/batch33_cannon_npc_death.dir/C_/Dev/OpenU5-Native/native/targets/tdeck/main/native_renderer.cpp.obj
[138/759] Building CXX object CMakeFiles/batch34_pre_sleep_npc.dir/C_/Dev/OpenU5-Native/native/targets/tdeck/host_tests/host_stubs/alpha_save_memory_host_stub.cpp.obj
[139/759] Building CXX object CMakeFiles/batch33_cannon_npc_death.dir/C_/Dev/OpenU5-Native/native/targets/tdeck/main/alpha_resources.cpp.obj
[140/759] Building CXX object CMakeFiles/batch34_pre_sleep_npc.dir/C_/Dev/OpenU5-Native/native/targets/tdeck/main/dungeon_art_cache.cpp.obj
[141/759] Building CXX object CMakeFiles/batch34_pre_sleep_npc.dir/C_/Dev/OpenU5-Native/native/targets/tdeck/main/alpha_save_generation.cpp.obj
[142/759] Building CXX object CMakeFiles/batch34_pre_sleep_npc.dir/C_/Dev/OpenU5-Native/native/targets/tdeck/host_tests/batch34_pre_sleep_npc_test.cpp.obj
[143/759] Building CXX object CMakeFiles/batch24_reload_parity.dir/C_/Dev/OpenU5-Native/native/targets/tdeck/main/alpha_runtime.cpp.obj
[144/759] Building CXX object CMakeFiles/batch35_q_sleep_target.dir/C_/Dev/OpenU5-Native/native/targets/tdeck/host_tests/host_stubs/tdeck_board_host_stub.cpp.obj
[145/759] Building CXX object CMakeFiles/batch35_q_sleep_target.dir/C_/Dev/OpenU5-Native/native/targets/tdeck/host_tests/alpha_runtime_host_fixture.cpp.obj
[146/759] Building CXX object CMakeFiles/batch34_pre_sleep_npc.dir/C_/Dev/OpenU5-Native/native/targets/tdeck/main/alpha_resources.cpp.obj
[147/759] Building CXX object CMakeFiles/batch34_pre_sleep_npc.dir/C_/Dev/OpenU5-Native/native/targets/tdeck/main/native_renderer.cpp.obj
[148/759] Building CXX object CMakeFiles/batch35_q_sleep_target.dir/C_/Dev/OpenU5-Native/native/targets/tdeck/host_tests/host_stubs/device_smoke_tests_host_stub.cpp.obj
[149/759] Building CXX object CMakeFiles/batch35_q_sleep_target.dir/C_/Dev/OpenU5-Native/native/targets/tdeck/main/alpha_save_generation.cpp.obj
[150/759] Building CXX object CMakeFiles/batch35_q_sleep_target.dir/C_/Dev/OpenU5-Native/native/targets/tdeck/host_tests/batch35_q_sleep_target_test.cpp.obj
[151/759] Building CXX object CMakeFiles/batch35_q_sleep_target.dir/C_/Dev/OpenU5-Native/native/targets/tdeck/host_tests/host_stubs/alpha_save_memory_host_stub.cpp.obj
[152/759] Building CXX object CMakeFiles/batch26_dungeon_save.dir/C_/Dev/OpenU5-Native/native/targets/tdeck/main/alpha_runtime.cpp.obj
[153/759] Building CXX object CMakeFiles/batch27_alt_load.dir/C_/Dev/OpenU5-Native/native/targets/tdeck/main/alpha_runtime.cpp.obj
[154/759] Building CXX object CMakeFiles/batch36_camp_housekeeping.dir/C_/Dev/OpenU5-Native/native/targets/tdeck/host_tests/host_stubs/tdeck_board_host_stub.cpp.obj
[155/759] Building CXX object CMakeFiles/batch35_q_sleep_target.dir/C_/Dev/OpenU5-Native/native/targets/tdeck/main/alpha_resources.cpp.obj
[156/759] Building CXX object CMakeFiles/batch36_camp_housekeeping.dir/C_/Dev/OpenU5-Native/native/targets/tdeck/host_tests/host_stubs/device_smoke_tests_host_stub.cpp.obj
[157/759] Building CXX object CMakeFiles/batch35_q_sleep_target.dir/C_/Dev/OpenU5-Native/native/targets/tdeck/main/dungeon_art_cache.cpp.obj
[158/759] Building CXX object CMakeFiles/batch36_camp_housekeeping.dir/C_/Dev/OpenU5-Native/native/targets/tdeck/host_tests/alpha_runtime_host_fixture.cpp.obj
[159/759] Building CXX object CMakeFiles/batch36_camp_housekeeping.dir/C_/Dev/OpenU5-Native/native/targets/tdeck/main/alpha_save_generation.cpp.obj
[160/759] Building CXX object CMakeFiles/batch35_q_sleep_target.dir/C_/Dev/OpenU5-Native/native/targets/tdeck/main/native_renderer.cpp.obj
[161/759] Building CXX object CMakeFiles/batch36_camp_housekeeping.dir/C_/Dev/OpenU5-Native/native/targets/tdeck/main/dungeon_art_cache.cpp.obj
[162/759] Building CXX object CMakeFiles/batch36_camp_housekeeping.dir/C_/Dev/OpenU5-Native/native/targets/tdeck/host_tests/host_stubs/alpha_save_memory_host_stub.cpp.obj
[163/759] Building CXX object CMakeFiles/batch37_bed_viewport.dir/C_/Dev/OpenU5-Native/native/targets/tdeck/host_tests/host_stubs/device_smoke_tests_host_stub.cpp.obj
[164/759] Building CXX object CMakeFiles/batch36_camp_housekeeping.dir/C_/Dev/OpenU5-Native/native/targets/tdeck/main/alpha_resources.cpp.obj
[165/759] Building CXX object CMakeFiles/batch28_save_validation.dir/C_/Dev/OpenU5-Native/native/targets/tdeck/main/alpha_runtime.cpp.obj
[166/759] Building CXX object CMakeFiles/batch37_bed_viewport.dir/C_/Dev/OpenU5-Native/native/targets/tdeck/host_tests/alpha_runtime_host_fixture.cpp.obj
[167/759] Building CXX object CMakeFiles/batch36_camp_housekeeping.dir/C_/Dev/OpenU5-Native/native/targets/tdeck/main/native_renderer.cpp.obj
[168/759] Building CXX object CMakeFiles/batch36_camp_housekeeping.dir/C_/Dev/OpenU5-Native/native/targets/tdeck/host_tests/batch36_camp_housekeeping_test.cpp.obj
[169/759] Building CXX object CMakeFiles/batch37_bed_viewport.dir/C_/Dev/OpenU5-Native/native/targets/tdeck/host_tests/host_stubs/alpha_save_memory_host_stub.cpp.obj
[170/759] Building CXX object CMakeFiles/batch37_bed_viewport.dir/C_/Dev/OpenU5-Native/native/targets/tdeck/main/alpha_save_generation.cpp.obj
[171/759] Building CXX object CMakeFiles/batch37_bed_viewport.dir/C_/Dev/OpenU5-Native/native/targets/tdeck/main/dungeon_art_cache.cpp.obj
[172/759] Building CXX object CMakeFiles/batch37_bed_viewport.dir/C_/Dev/OpenU5-Native/native/targets/tdeck/host_tests/batch37_bed_viewport_test.cpp.obj
[173/759] Building CXX object CMakeFiles/batch37_bed_viewport.dir/C_/Dev/OpenU5-Native/native/targets/tdeck/host_tests/host_stubs/batch37_board_capture_stub.cpp.obj
[174/759] Building CXX object CMakeFiles/batch29_rest_wiring.dir/C_/Dev/OpenU5-Native/native/targets/tdeck/main/alpha_runtime.cpp.obj
[175/759] Building CXX object CMakeFiles/batch37_bed_viewport.dir/C_/Dev/OpenU5-Native/native/targets/tdeck/main/alpha_resources.cpp.obj
[176/759] Building CXX object CMakeFiles/batch39_party_panel.dir/C_/Dev/OpenU5-Native/native/targets/tdeck/host_tests/alpha_runtime_host_fixture.cpp.obj
[177/759] Building CXX object CMakeFiles/batch37_bed_viewport.dir/C_/Dev/OpenU5-Native/native/targets/tdeck/main/native_renderer.cpp.obj
[178/759] Building CXX object CMakeFiles/batch39_party_panel.dir/C_/Dev/OpenU5-Native/native/targets/tdeck/host_tests/batch39_party_panel_test.cpp.obj
[179/759] Building CXX object CMakeFiles/batch39_party_panel.dir/C_/Dev/OpenU5-Native/native/targets/tdeck/main/alpha_save_generation.cpp.obj
[180/759] Building CXX object CMakeFiles/batch39_party_panel.dir/C_/Dev/OpenU5-Native/native/targets/tdeck/host_tests/host_stubs/device_smoke_tests_host_stub.cpp.obj
[181/759] Building CXX object CMakeFiles/batch39_party_panel.dir/C_/Dev/OpenU5-Native/native/targets/tdeck/main/dungeon_art_cache.cpp.obj
[182/759] Building CXX object CMakeFiles/batch39_party_panel.dir/C_/Dev/OpenU5-Native/native/targets/tdeck/host_tests/host_stubs/alpha_save_memory_host_stub.cpp.obj
[183/759] Building CXX object CMakeFiles/batch30_sleep_parity.dir/C_/Dev/OpenU5-Native/native/targets/tdeck/main/alpha_runtime.cpp.obj
[184/759] Building CXX object CMakeFiles/batch41_raw_key.dir/C_/Dev/OpenU5-Native/native/targets/tdeck/host_tests/host_stubs/device_smoke_tests_host_stub.cpp.obj
[185/759] Building CXX object CMakeFiles/batch39_party_panel.dir/C_/Dev/OpenU5-Native/native/targets/tdeck/main/alpha_resources.cpp.obj
[186/759] Building CXX object CMakeFiles/batch39_party_panel.dir/C_/Dev/OpenU5-Native/native/targets/tdeck/host_tests/host_stubs/batch37_board_capture_stub.cpp.obj
[187/759] Building CXX object CMakeFiles/batch41_raw_key.dir/C_/Dev/OpenU5-Native/native/targets/tdeck/host_tests/alpha_runtime_host_fixture.cpp.obj
[188/759] Building CXX object CMakeFiles/batch39_party_panel.dir/C_/Dev/OpenU5-Native/native/targets/tdeck/main/native_renderer.cpp.obj
[189/759] Building CXX object CMakeFiles/batch41_raw_key.dir/C_/Dev/OpenU5-Native/native/targets/tdeck/main/alpha_save_generation.cpp.obj
[190/759] Building CXX object CMakeFiles/batch41_raw_key.dir/C_/Dev/OpenU5-Native/native/targets/tdeck/host_tests/batch41_raw_key_test.cpp.obj
[191/759] Building CXX object CMakeFiles/batch41_raw_key.dir/C_/Dev/OpenU5-Native/native/targets/tdeck/main/dungeon_art_cache.cpp.obj
[192/759] Building CXX object CMakeFiles/batch41_raw_key.dir/C_/Dev/OpenU5-Native/native/targets/tdeck/main/alpha_resources.cpp.obj
[193/759] Building CXX object CMakeFiles/batch41_raw_key.dir/C_/Dev/OpenU5-Native/native/targets/tdeck/host_tests/host_stubs/alpha_save_memory_host_stub.cpp.obj
[194/759] Building CXX object CMakeFiles/batch42_advancement_flash.dir/C_/Dev/OpenU5-Native/native/targets/tdeck/host_tests/host_stubs/device_smoke_tests_host_stub.cpp.obj
[195/759] Building CXX object CMakeFiles/batch41_raw_key.dir/C_/Dev/OpenU5-Native/native/targets/tdeck/main/native_renderer.cpp.obj
[196/759] Building CXX object CMakeFiles/batch42_advancement_flash.dir/C_/Dev/OpenU5-Native/native/targets/tdeck/host_tests/alpha_runtime_host_fixture.cpp.obj
[197/759] Building CXX object CMakeFiles/batch41_raw_key.dir/C_/Dev/OpenU5-Native/native/targets/tdeck/host_tests/host_stubs/batch37_board_capture_stub.cpp.obj
[198/759] Building CXX object CMakeFiles/batch42_advancement_flash.dir/C_/Dev/OpenU5-Native/native/targets/tdeck/main/alpha_save_generation.cpp.obj
[199/759] Building CXX object CMakeFiles/batch42_advancement_flash.dir/C_/Dev/OpenU5-Native/native/targets/tdeck/host_tests/host_stubs/alpha_save_memory_host_stub.cpp.obj
[200/759] Building CXX object CMakeFiles/batch42_advancement_flash.dir/C_/Dev/OpenU5-Native/native/targets/tdeck/host_tests/batch42_advancement_flash_test.cpp.obj
[201/759] Building CXX object CMakeFiles/batch42_advancement_flash.dir/C_/Dev/OpenU5-Native/native/targets/tdeck/main/dungeon_art_cache.cpp.obj
[202/759] Building CXX object CMakeFiles/batch42_advancement_flash.dir/C_/Dev/OpenU5-Native/native/targets/tdeck/host_tests/host_stubs/batch37_board_capture_stub.cpp.obj
[203/759] Building CXX object CMakeFiles/batch43_sleep_scene.dir/C_/Dev/OpenU5-Native/native/targets/tdeck/host_tests/alpha_runtime_host_fixture.cpp.obj
[204/759] Building CXX object CMakeFiles/batch32_camp_watch.dir/C_/Dev/OpenU5-Native/native/targets/tdeck/main/alpha_runtime.cpp.obj
[205/759] Building CXX object CMakeFiles/batch31_h165_dungeon_entry.dir/C_/Dev/OpenU5-Native/native/targets/tdeck/main/alpha_runtime.cpp.obj
[206/759] Building CXX object CMakeFiles/batch42_advancement_flash.dir/C_/Dev/OpenU5-Native/native/targets/tdeck/main/alpha_resources.cpp.obj
[207/759] Building CXX object CMakeFiles/batch42_advancement_flash.dir/C_/Dev/OpenU5-Native/native/targets/tdeck/main/native_renderer.cpp.obj
[208/759] Building CXX object CMakeFiles/batch43_sleep_scene.dir/C_/Dev/OpenU5-Native/native/targets/tdeck/host_tests/host_stubs/device_smoke_tests_host_stub.cpp.obj
[209/759] Building CXX object CMakeFiles/batch43_sleep_scene.dir/C_/Dev/OpenU5-Native/native/targets/tdeck/host_tests/batch43_sleep_scene_test.cpp.obj
[210/759] Building CXX object CMakeFiles/batch43_sleep_scene.dir/C_/Dev/OpenU5-Native/native/targets/tdeck/main/alpha_save_generation.cpp.obj
[211/759] Building CXX object CMakeFiles/batch43_sleep_scene.dir/C_/Dev/OpenU5-Native/native/targets/tdeck/host_tests/host_stubs/alpha_save_memory_host_stub.cpp.obj
[212/759] Building CXX object CMakeFiles/batch43_sleep_scene.dir/C_/Dev/OpenU5-Native/native/targets/tdeck/main/dungeon_art_cache.cpp.obj
[213/759] Building CXX object CMakeFiles/batch43_sleep_scene.dir/C_/Dev/OpenU5-Native/native/targets/tdeck/host_tests/host_stubs/batch37_board_capture_stub.cpp.obj
[214/759] Building CXX object CMakeFiles/batch46_camp_invisibility.dir/C_/Dev/OpenU5-Native/native/targets/tdeck/host_tests/alpha_runtime_host_fixture.cpp.obj
[215/759] Building CXX object CMakeFiles/batch43_sleep_scene.dir/C_/Dev/OpenU5-Native/native/targets/tdeck/main/alpha_resources.cpp.obj
[216/759] Building CXX object CMakeFiles/batch46_camp_invisibility.dir/C_/Dev/OpenU5-Native/native/targets/tdeck/host_tests/host_stubs/device_smoke_tests_host_stub.cpp.obj
[217/759] Building CXX object CMakeFiles/batch46_camp_invisibility.dir/C_/Dev/OpenU5-Native/native/targets/tdeck/main/alpha_save_generation.cpp.obj
[218/759] Building CXX object CMakeFiles/batch46_camp_invisibility.dir/C_/Dev/OpenU5-Native/native/targets/tdeck/host_tests/host_stubs/batch37_board_capture_stub.cpp.obj
[219/759] Building CXX object CMakeFiles/batch43_sleep_scene.dir/C_/Dev/OpenU5-Native/native/targets/tdeck/main/native_renderer.cpp.obj
[220/759] Building CXX object CMakeFiles/batch46_camp_invisibility.dir/C_/Dev/OpenU5-Native/native/targets/tdeck/main/dungeon_art_cache.cpp.obj
[221/759] Building CXX object CMakeFiles/batch46_camp_invisibility.dir/C_/Dev/OpenU5-Native/native/targets/tdeck/host_tests/host_stubs/alpha_save_memory_host_stub.cpp.obj
[222/759] Building CXX object CMakeFiles/batch46_camp_invisibility.dir/C_/Dev/OpenU5-Native/native/targets/tdeck/host_tests/batch46_camp_invisibility_test.cpp.obj
[223/759] Building CXX object CMakeFiles/batch44_camp_ring_entry.dir/C_/Dev/OpenU5-Native/native/targets/tdeck/host_tests/host_stubs/tdeck_board_host_stub.cpp.obj
[224/759] Building CXX object CMakeFiles/batch33_cannon_npc_death.dir/C_/Dev/OpenU5-Native/native/targets/tdeck/main/alpha_runtime.cpp.obj
[225/759] Building CXX object CMakeFiles/batch46_camp_invisibility.dir/C_/Dev/OpenU5-Native/native/targets/tdeck/main/alpha_resources.cpp.obj
[226/759] Building CXX object CMakeFiles/batch44_camp_ring_entry.dir/C_/Dev/OpenU5-Native/native/targets/tdeck/host_tests/alpha_runtime_host_fixture.cpp.obj
[227/759] Building CXX object CMakeFiles/batch44_camp_ring_entry.dir/C_/Dev/OpenU5-Native/native/targets/tdeck/host_tests/host_stubs/device_smoke_tests_host_stub.cpp.obj
[228/759] Building CXX object CMakeFiles/batch44_camp_ring_entry.dir/C_/Dev/OpenU5-Native/native/targets/tdeck/main/alpha_save_generation.cpp.obj
[229/759] Building CXX object CMakeFiles/batch44_camp_ring_entry.dir/C_/Dev/OpenU5-Native/native/targets/tdeck/host_tests/host_stubs/alpha_save_memory_host_stub.cpp.obj
[230/759] Building CXX object CMakeFiles/batch46_camp_invisibility.dir/C_/Dev/OpenU5-Native/native/targets/tdeck/main/native_renderer.cpp.obj
[231/759] Building CXX object CMakeFiles/batch44_camp_ring_entry.dir/C_/Dev/OpenU5-Native/native/targets/tdeck/host_tests/batch44_camp_ring_entry_test.cpp.obj
[232/759] Building CXX object CMakeFiles/batch44_camp_ring_entry.dir/C_/Dev/OpenU5-Native/native/targets/tdeck/main/dungeon_art_cache.cpp.obj
[233/759] Building CXX object CMakeFiles/batch35_q_sleep_target.dir/C_/Dev/OpenU5-Native/native/targets/tdeck/main/alpha_runtime.cpp.obj
[234/759] Building CXX object CMakeFiles/batch38_camp_duration.dir/C_/Dev/OpenU5-Native/native/targets/tdeck/host_tests/alpha_runtime_host_fixture.cpp.obj
[235/759] Building CXX object CMakeFiles/batch36_camp_housekeeping.dir/C_/Dev/OpenU5-Native/native/targets/tdeck/main/alpha_runtime.cpp.obj
[236/759] Building CXX object CMakeFiles/batch44_camp_ring_entry.dir/C_/Dev/OpenU5-Native/native/targets/tdeck/main/alpha_resources.cpp.obj
[237/759] Building CXX object CMakeFiles/batch38_camp_duration.dir/C_/Dev/OpenU5-Native/native/targets/tdeck/host_tests/host_stubs/device_smoke_tests_host_stub.cpp.obj
[238/759] Building CXX object CMakeFiles/batch38_camp_duration.dir/C_/Dev/OpenU5-Native/native/targets/tdeck/host_tests/host_stubs/tdeck_board_host_stub.cpp.obj
[239/759] Building CXX object CMakeFiles/batch34_pre_sleep_npc.dir/C_/Dev/OpenU5-Native/native/targets/tdeck/main/alpha_runtime.cpp.obj
[240/759] Building CXX object CMakeFiles/batch38_camp_duration.dir/C_/Dev/OpenU5-Native/native/targets/tdeck/main/alpha_save_generation.cpp.obj
[241/759] Building CXX object CMakeFiles/batch44_camp_ring_entry.dir/C_/Dev/OpenU5-Native/native/targets/tdeck/main/native_renderer.cpp.obj
[242/759] Building CXX object CMakeFiles/batch38_camp_duration.dir/C_/Dev/OpenU5-Native/native/targets/tdeck/host_tests/batch38_camp_duration_test.cpp.obj
[243/759] Building CXX object CMakeFiles/batch38_camp_duration.dir/C_/Dev/OpenU5-Native/native/targets/tdeck/host_tests/host_stubs/alpha_save_memory_host_stub.cpp.obj
[244/759] Building CXX object CMakeFiles/batch38_camp_duration.dir/C_/Dev/OpenU5-Native/native/targets/tdeck/main/dungeon_art_cache.cpp.obj
[245/759] Building CXX object CMakeFiles/batch37_bed_viewport.dir/C_/Dev/OpenU5-Native/native/targets/tdeck/main/alpha_runtime.cpp.obj
[246/759] Building CXX object CMakeFiles/batch51_camp_pacing.dir/C_/Dev/OpenU5-Native/native/targets/tdeck/host_tests/alpha_runtime_host_fixture.cpp.obj
[247/759] Building CXX object CMakeFiles/batch51_camp_pacing.dir/C_/Dev/OpenU5-Native/native/targets/tdeck/host_tests/host_stubs/device_smoke_tests_host_stub.cpp.obj
[248/759] Building CXX object CMakeFiles/batch51_camp_pacing.dir/C_/Dev/OpenU5-Native/native/targets/tdeck/host_tests/host_stubs/alpha_save_memory_host_stub.cpp.obj
[249/759] Building CXX object CMakeFiles/batch38_camp_duration.dir/C_/Dev/OpenU5-Native/native/targets/tdeck/main/native_renderer.cpp.obj
[250/759] Building CXX object CMakeFiles/batch38_camp_duration.dir/C_/Dev/OpenU5-Native/native/targets/tdeck/main/alpha_resources.cpp.obj
[251/759] Building CXX object CMakeFiles/batch51_camp_pacing.dir/C_/Dev/OpenU5-Native/native/targets/tdeck/main/alpha_save_generation.cpp.obj
[252/759] Building CXX object CMakeFiles/batch53_release_blockers.dir/C_/Dev/OpenU5-Native/native/targets/tdeck/host_tests/host_stubs/tdeck_board_host_stub.cpp.obj
[253/759] Building CXX object CMakeFiles/batch51_scene_pacing.dir/tests/batch51_scene_pacing_test.cpp.obj
[254/759] Building CXX object CMakeFiles/batch51_camp_pacing.dir/C_/Dev/OpenU5-Native/native/targets/tdeck/host_tests/host_stubs/batch37_board_capture_stub.cpp.obj
[255/759] Building CXX object CMakeFiles/batch39_party_panel.dir/C_/Dev/OpenU5-Native/native/targets/tdeck/main/alpha_runtime.cpp.obj
[256/759] Building CXX object CMakeFiles/batch51_camp_pacing.dir/C_/Dev/OpenU5-Native/native/targets/tdeck/main/dungeon_art_cache.cpp.obj
[257/759] Building CXX object CMakeFiles/batch53_release_blockers.dir/C_/Dev/OpenU5-Native/native/targets/tdeck/host_tests/host_stubs/device_smoke_tests_host_stub.cpp.obj
[258/759] Building CXX object CMakeFiles/batch53_release_blockers.dir/C_/Dev/OpenU5-Native/native/targets/tdeck/host_tests/host_stubs/alpha_save_memory_host_stub.cpp.obj
[259/759] Building CXX object CMakeFiles/batch53_release_blockers.dir/C_/Dev/OpenU5-Native/native/targets/tdeck/host_tests/alpha_runtime_host_fixture.cpp.obj
[260/759] Building CXX object CMakeFiles/batch53_release_blockers.dir/C_/Dev/OpenU5-Native/native/targets/tdeck/main/alpha_save_generation.cpp.obj
[261/759] Building CXX object CMakeFiles/batch51_camp_pacing.dir/C_/Dev/OpenU5-Native/native/targets/tdeck/main/alpha_resources.cpp.obj
[262/759] Building CXX object CMakeFiles/batch51_camp_pacing.dir/C_/Dev/OpenU5-Native/native/targets/tdeck/host_tests/batch51_camp_pacing_test.cpp.obj
[263/759] Building CXX object CMakeFiles/batch51_camp_pacing.dir/C_/Dev/OpenU5-Native/native/targets/tdeck/main/native_renderer.cpp.obj
[264/759] Building CXX object CMakeFiles/batch53_release_blockers.dir/C_/Dev/OpenU5-Native/native/targets/tdeck/main/dungeon_art_cache.cpp.obj
[265/759] Building CXX object CMakeFiles/batch53b_moongate_return.dir/C_/Dev/OpenU5-Native/native/targets/tdeck/host_tests/host_stubs/tdeck_board_host_stub.cpp.obj
[266/759] Building CXX object CMakeFiles/batch53_release_blockers.dir/C_/Dev/OpenU5-Native/native/targets/tdeck/main/alpha_resources.cpp.obj
[267/759] Building CXX object CMakeFiles/batch53b_moongate_return.dir/C_/Dev/OpenU5-Native/native/targets/tdeck/host_tests/alpha_runtime_host_fixture.cpp.obj
[268/759] Building CXX object CMakeFiles/batch53_release_blockers.dir/C_/Dev/OpenU5-Native/native/targets/tdeck/main/native_renderer.cpp.obj
[269/759] Building CXX object CMakeFiles/batch53b_moongate_return.dir/C_/Dev/OpenU5-Native/native/targets/tdeck/host_tests/host_stubs/device_smoke_tests_host_stub.cpp.obj
[270/759] Building CXX object CMakeFiles/batch53b_moongate_return.dir/C_/Dev/OpenU5-Native/native/targets/tdeck/host_tests/host_stubs/alpha_save_memory_host_stub.cpp.obj
[271/759] Building CXX object CMakeFiles/batch53b_moongate_return.dir/C_/Dev/OpenU5-Native/native/targets/tdeck/main/dungeon_art_cache.cpp.obj
[272/759] Building CXX object CMakeFiles/batch53b_moongate_return.dir/C_/Dev/OpenU5-Native/native/targets/tdeck/main/alpha_save_generation.cpp.obj
[273/759] Building CXX object CMakeFiles/batch53b_moongate_return.dir/C_/Dev/OpenU5-Native/native/targets/tdeck/main/alpha_resources.cpp.obj
[274/759] Building CXX object CMakeFiles/a3_01_audio_runtime.dir/C_/Dev/OpenU5-Native/native/targets/tdeck/host_tests/alpha_runtime_host_fixture.cpp.obj
[275/759] Building CXX object CMakeFiles/batch41_raw_key.dir/C_/Dev/OpenU5-Native/native/targets/tdeck/main/alpha_runtime.cpp.obj
[276/759] Building CXX object CMakeFiles/a3_01_audio_runtime.dir/C_/Dev/OpenU5-Native/native/targets/tdeck/main/alpha_save_generation.cpp.obj
[277/759] Building CXX object CMakeFiles/a3_01_audio_runtime.dir/C_/Dev/OpenU5-Native/native/targets/tdeck/host_tests/host_stubs/device_smoke_tests_host_stub.cpp.obj
[278/759] Building CXX object CMakeFiles/batch53b_moongate_return.dir/C_/Dev/OpenU5-Native/native/targets/tdeck/main/native_renderer.cpp.obj
[279/759] Building CXX object CMakeFiles/a3_01_audio_runtime.dir/C_/Dev/OpenU5-Native/native/targets/tdeck/host_tests/host_stubs/alpha_save_memory_host_stub.cpp.obj
[280/759] Building CXX object CMakeFiles/a3_01_audio_runtime.dir/C_/Dev/OpenU5-Native/native/targets/tdeck/main/dungeon_art_cache.cpp.obj
[281/759] Building CXX object CMakeFiles/batch53b_moongate_return.dir/C_/Dev/OpenU5-Native/native/targets/tdeck/host_tests/batch53b_moongate_return_test.cpp.obj
[282/759] Building CXX object CMakeFiles/a3_01_audio_runtime.dir/C_/Dev/OpenU5-Native/native/targets/tdeck/host_tests/host_stubs/batch37_board_capture_stub.cpp.obj
[283/759] Building CXX object CMakeFiles/a3_01_audio_runtime.dir/C_/Dev/OpenU5-Native/native/targets/tdeck/main/alpha_resources.cpp.obj
[284/759] Building CXX object CMakeFiles/a3_02_sfx_runtime.dir/C_/Dev/OpenU5-Native/native/targets/tdeck/host_tests/alpha_runtime_host_fixture.cpp.obj
[285/759] Building CXX object CMakeFiles/batch42_advancement_flash.dir/C_/Dev/OpenU5-Native/native/targets/tdeck/main/alpha_runtime.cpp.obj
[286/759] Building CXX object CMakeFiles/a3_01_audio_runtime.dir/C_/Dev/OpenU5-Native/native/targets/tdeck/main/native_renderer.cpp.obj
[287/759] Building CXX object CMakeFiles/a3_02_sfx_runtime.dir/C_/Dev/OpenU5-Native/native/targets/tdeck/main/alpha_save_generation.cpp.obj
[288/759] Building CXX object CMakeFiles/a3_02_sfx_runtime.dir/C_/Dev/OpenU5-Native/native/targets/tdeck/host_tests/host_stubs/device_smoke_tests_host_stub.cpp.obj
[289/759] Building CXX object CMakeFiles/a3_02_sfx_runtime.dir/C_/Dev/OpenU5-Native/native/targets/tdeck/host_tests/host_stubs/alpha_save_memory_host_stub.cpp.obj
[290/759] Building CXX object CMakeFiles/batch43_sleep_scene.dir/C_/Dev/OpenU5-Native/native/targets/tdeck/main/alpha_runtime.cpp.obj
[291/759] Building CXX object CMakeFiles/a3_02_sfx_runtime.dir/C_/Dev/OpenU5-Native/native/targets/tdeck/main/alpha_resources.cpp.obj
[292/759] Building CXX object CMakeFiles/a3_02_sfx_runtime.dir/C_/Dev/OpenU5-Native/native/targets/tdeck/host_tests/host_stubs/batch37_board_capture_stub.cpp.obj
[293/759] Building CXX object CMakeFiles/a3_02_sfx_runtime.dir/C_/Dev/OpenU5-Native/native/targets/tdeck/main/dungeon_art_cache.cpp.obj
[294/759] Building CXX object CMakeFiles/a3_03_sfx_runtime.dir/C_/Dev/OpenU5-Native/native/targets/tdeck/host_tests/host_stubs/device_smoke_tests_host_stub.cpp.obj
[295/759] Building CXX object CMakeFiles/a3_03_sfx_runtime.dir/C_/Dev/OpenU5-Native/native/targets/tdeck/host_tests/alpha_runtime_host_fixture.cpp.obj
[296/759] Building CXX object CMakeFiles/a3_03_sfx_runtime.dir/C_/Dev/OpenU5-Native/native/targets/tdeck/host_tests/host_stubs/alpha_save_memory_host_stub.cpp.obj
[297/759] Building CXX object CMakeFiles/batch53_release_blockers.dir/C_/Dev/OpenU5-Native/native/targets/tdeck/host_tests/batch53_release_blockers_test.cpp.obj
[298/759] Building CXX object CMakeFiles/a3_03_sfx_runtime.dir/C_/Dev/OpenU5-Native/native/targets/tdeck/main/alpha_save_generation.cpp.obj
[299/759] Building CXX object CMakeFiles/a3_02_sfx_runtime.dir/C_/Dev/OpenU5-Native/native/targets/tdeck/main/native_renderer.cpp.obj
[300/759] Building CXX object CMakeFiles/a3_03_sfx_runtime.dir/C_/Dev/OpenU5-Native/native/targets/tdeck/host_tests/host_stubs/batch37_board_capture_stub.cpp.obj
[301/759] Building CXX object CMakeFiles/batch44_camp_ring_entry.dir/C_/Dev/OpenU5-Native/native/targets/tdeck/main/alpha_runtime.cpp.obj
[302/759] Building CXX object CMakeFiles/a3_03_sfx_runtime.dir/C_/Dev/OpenU5-Native/native/targets/tdeck/main/dungeon_art_cache.cpp.obj
[303/759] Building CXX object CMakeFiles/a3_04_music_runtime.dir/C_/Dev/OpenU5-Native/native/targets/tdeck/host_tests/alpha_runtime_host_fixture.cpp.obj
[304/759] Building CXX object CMakeFiles/a3_03_sfx_runtime.dir/C_/Dev/OpenU5-Native/native/targets/tdeck/main/native_renderer.cpp.obj
[305/759] Building CXX object CMakeFiles/batch46_camp_invisibility.dir/C_/Dev/OpenU5-Native/native/targets/tdeck/main/alpha_runtime.cpp.obj
[306/759] Building CXX object CMakeFiles/a3_03_sfx_runtime.dir/C_/Dev/OpenU5-Native/native/targets/tdeck/main/alpha_resources.cpp.obj
[307/759] Building CXX object CMakeFiles/a3_04_music_runtime.dir/C_/Dev/OpenU5-Native/native/targets/tdeck/host_tests/host_stubs/device_smoke_tests_host_stub.cpp.obj
[308/759] Building CXX object CMakeFiles/a3_01_audio_runtime.dir/C_/Dev/OpenU5-Native/native/targets/tdeck/host_tests/a3_01_audio_runtime_test.cpp.obj
[309/759] Building CXX object CMakeFiles/a3_04_music_runtime.dir/C_/Dev/OpenU5-Native/native/targets/tdeck/host_tests/host_stubs/alpha_save_memory_host_stub.cpp.obj
[310/759] Building CXX object CMakeFiles/a3_04_music_runtime.dir/C_/Dev/OpenU5-Native/native/targets/tdeck/main/alpha_save_generation.cpp.obj
[311/759] Building CXX object CMakeFiles/a3_04_music_runtime.dir/C_/Dev/OpenU5-Native/native/targets/tdeck/main/dungeon_art_cache.cpp.obj
[312/759] Building CXX object CMakeFiles/a3_04_music_runtime.dir/C_/Dev/OpenU5-Native/native/targets/tdeck/host_tests/host_stubs/batch37_board_capture_stub.cpp.obj
[313/759] Building CXX object CMakeFiles/a3_04b_perf_runtime.dir/C_/Dev/OpenU5-Native/native/targets/tdeck/host_tests/alpha_runtime_host_fixture.cpp.obj
[314/759] Building CXX object CMakeFiles/a3_04_music_runtime.dir/C_/Dev/OpenU5-Native/native/targets/tdeck/main/alpha_resources.cpp.obj
[315/759] Building CXX object CMakeFiles/a3_04_music_runtime.dir/C_/Dev/OpenU5-Native/native/targets/tdeck/main/native_renderer.cpp.obj
[316/759] Building CXX object CMakeFiles/a3_04b_perf_runtime.dir/C_/Dev/OpenU5-Native/native/targets/tdeck/host_tests/host_stubs/device_smoke_tests_host_stub.cpp.obj
[317/759] Building CXX object CMakeFiles/a3_04b_perf_runtime.dir/C_/Dev/OpenU5-Native/native/targets/tdeck/host_tests/host_stubs/batch37_board_capture_stub.cpp.obj
[318/759] Building CXX object CMakeFiles/a3_04b_perf_runtime.dir/C_/Dev/OpenU5-Native/native/targets/tdeck/host_tests/host_stubs/alpha_save_memory_host_stub.cpp.obj
[319/759] Building CXX object CMakeFiles/a3_04b_perf_runtime.dir/C_/Dev/OpenU5-Native/native/targets/tdeck/main/alpha_save_generation.cpp.obj
[320/759] Building CXX object CMakeFiles/batch38_camp_duration.dir/C_/Dev/OpenU5-Native/native/targets/tdeck/main/alpha_runtime.cpp.obj
[321/759] Building CXX object CMakeFiles/a3_02_sfx_runtime.dir/C_/Dev/OpenU5-Native/native/targets/tdeck/host_tests/a3_02_sfx_runtime_test.cpp.obj
[322/759] Building CXX object CMakeFiles/a3_04b_perf_runtime.dir/C_/Dev/OpenU5-Native/native/targets/tdeck/main/dungeon_art_cache.cpp.obj
[323/759] Building CXX object CMakeFiles/a3_04_music_runtime.dir/C_/Dev/OpenU5-Native/native/targets/tdeck/host_tests/a3_04_music_runtime_test.cpp.obj
[324/759] Building CXX object CMakeFiles/a3_04b_perf_runtime.dir/C_/Dev/OpenU5-Native/native/targets/tdeck/main/native_renderer.cpp.obj
[325/759] Building CXX object CMakeFiles/a3_04c_contention_runtime.dir/C_/Dev/OpenU5-Native/native/targets/tdeck/main/alpha_save_generation.cpp.obj
[326/759] Building CXX object CMakeFiles/a3_04c_contention_runtime.dir/C_/Dev/OpenU5-Native/native/targets/tdeck/host_tests/host_stubs/alpha_save_memory_host_stub.cpp.obj
[327/759] Building CXX object CMakeFiles/batch51_camp_pacing.dir/C_/Dev/OpenU5-Native/native/targets/tdeck/main/alpha_runtime.cpp.obj
[328/759] Building CXX object CMakeFiles/a3_04c_contention_runtime.dir/C_/Dev/OpenU5-Native/native/targets/tdeck/host_tests/alpha_runtime_host_fixture.cpp.obj
[329/759] Building CXX object CMakeFiles/a3_04c_contention_runtime.dir/C_/Dev/OpenU5-Native/native/targets/tdeck/host_tests/host_stubs/device_smoke_tests_host_stub.cpp.obj
[330/759] Building CXX object CMakeFiles/a3_04b_perf_runtime.dir/C_/Dev/OpenU5-Native/native/targets/tdeck/main/alpha_resources.cpp.obj
[331/759] Building CXX object CMakeFiles/a3_04c_contention_runtime.dir/C_/Dev/OpenU5-Native/native/targets/tdeck/main/dungeon_art_cache.cpp.obj
[332/759] Building CXX object CMakeFiles/a3_04c_contention_runtime.dir/C_/Dev/OpenU5-Native/native/targets/tdeck/host_tests/host_stubs/batch37_board_capture_stub.cpp.obj
[333/759] Building CXX object CMakeFiles/a3_04b_perf_runtime.dir/C_/Dev/OpenU5-Native/native/targets/tdeck/host_tests/a3_04b_perf_runtime_test.cpp.obj
[334/759] Building CXX object CMakeFiles/batch53b_moongate_return.dir/C_/Dev/OpenU5-Native/native/targets/tdeck/main/alpha_runtime.cpp.obj
[335/759] Building CXX object CMakeFiles/a3_04c_contention_runtime.dir/C_/Dev/OpenU5-Native/native/targets/tdeck/main/alpha_resources.cpp.obj
[336/759] Building CXX object CMakeFiles/a3_04c_contention_runtime.dir/C_/Dev/OpenU5-Native/native/targets/tdeck/main/native_renderer.cpp.obj
[337/759] Building CXX object CMakeFiles/a3_04d_sd_log_runtime.dir/C_/Dev/OpenU5-Native/native/targets/tdeck/main/alpha_save_generation.cpp.obj
[338/759] Building CXX object CMakeFiles/a3_04d_sd_log_runtime.dir/C_/Dev/OpenU5-Native/native/targets/tdeck/host_tests/alpha_runtime_host_fixture.cpp.obj
[339/759] Building CXX object CMakeFiles/a3_04d_sd_log_runtime.dir/C_/Dev/OpenU5-Native/native/targets/tdeck/host_tests/host_stubs/device_smoke_tests_host_stub.cpp.obj
[340/759] Building CXX object CMakeFiles/a3_01_audio_runtime.dir/C_/Dev/OpenU5-Native/native/targets/tdeck/main/alpha_runtime.cpp.obj
[341/759] Building CXX object CMakeFiles/a3_04d_sd_log_runtime.dir/C_/Dev/OpenU5-Native/native/targets/tdeck/host_tests/host_stubs/alpha_save_memory_host_stub.cpp.obj
[342/759] Building CXX object CMakeFiles/a3_04d_sd_log_runtime.dir/C_/Dev/OpenU5-Native/native/targets/tdeck/host_tests/host_stubs/batch37_board_capture_stub.cpp.obj
[343/759] Building CXX object CMakeFiles/a3_04d_sd_log_runtime.dir/C_/Dev/OpenU5-Native/native/targets/tdeck/main/dungeon_art_cache.cpp.obj
[344/759] Building CXX object CMakeFiles/a3_04e_pacing_runtime.dir/C_/Dev/OpenU5-Native/native/targets/tdeck/host_tests/alpha_runtime_host_fixture.cpp.obj
[345/759] Building CXX object CMakeFiles/a3_04d_sd_log_runtime.dir/C_/Dev/OpenU5-Native/native/targets/tdeck/main/alpha_resources.cpp.obj
[346/759] Building CXX object CMakeFiles/a3_04c_contention_runtime.dir/C_/Dev/OpenU5-Native/native/targets/tdeck/host_tests/a3_04c_contention_runtime_test.cpp.obj
[347/759] Building CXX object CMakeFiles/batch53_release_blockers.dir/C_/Dev/OpenU5-Native/native/targets/tdeck/main/alpha_runtime.cpp.obj
[348/759] Building CXX object CMakeFiles/a3_04e_pacing_runtime.dir/C_/Dev/OpenU5-Native/native/targets/tdeck/host_tests/host_stubs/alpha_save_memory_host_stub.cpp.obj
[349/759] Building CXX object CMakeFiles/a3_04d_sd_log_runtime.dir/C_/Dev/OpenU5-Native/native/targets/tdeck/main/native_renderer.cpp.obj
[350/759] Building CXX object CMakeFiles/a3_04e_pacing_runtime.dir/C_/Dev/OpenU5-Native/native/targets/tdeck/host_tests/host_stubs/device_smoke_tests_host_stub.cpp.obj
[351/759] Building CXX object CMakeFiles/a3_04e_pacing_runtime.dir/C_/Dev/OpenU5-Native/native/targets/tdeck/main/alpha_save_generation.cpp.obj
[352/759] Building CXX object CMakeFiles/a3_04e_pacing_runtime.dir/C_/Dev/OpenU5-Native/native/targets/tdeck/main/alpha_resources.cpp.obj
[353/759] Building CXX object CMakeFiles/a3_04e_pacing_runtime.dir/C_/Dev/OpenU5-Native/native/targets/tdeck/main/dungeon_art_cache.cpp.obj
[354/759] Building CXX object CMakeFiles/a3_hf1_arena_loot.dir/C_/Dev/OpenU5-Native/native/targets/tdeck/host_tests/alpha_runtime_host_fixture.cpp.obj
[355/759] Building CXX object CMakeFiles/a3_hf1_arena_loot.dir/C_/Dev/OpenU5-Native/native/targets/tdeck/host_tests/host_stubs/alpha_save_memory_host_stub.cpp.obj
[356/759] Building CXX object CMakeFiles/a3_03_sfx_runtime.dir/C_/Dev/OpenU5-Native/native/targets/tdeck/host_tests/a3_03_sfx_runtime_test.cpp.obj
[357/759] Building CXX object CMakeFiles/a3_hf1_arena_loot.dir/C_/Dev/OpenU5-Native/native/targets/tdeck/main/alpha_save_generation.cpp.obj
[358/759] Building CXX object CMakeFiles/a3_04e_pacing_runtime.dir/C_/Dev/OpenU5-Native/native/targets/tdeck/main/native_renderer.cpp.obj
[359/759] Building CXX object CMakeFiles/a3_hf1_arena_loot.dir/C_/Dev/OpenU5-Native/native/targets/tdeck/host_tests/host_stubs/device_smoke_tests_host_stub.cpp.obj
[360/759] Building CXX object CMakeFiles/a3_04d_sd_log_runtime.dir/C_/Dev/OpenU5-Native/native/targets/tdeck/host_tests/a3_04d_sd_log_runtime_test.cpp.obj
[361/759] Building CXX object CMakeFiles/a3_hf1_arena_loot.dir/C_/Dev/OpenU5-Native/native/targets/tdeck/host_tests/host_stubs/batch37_board_capture_stub.cpp.obj
[362/759] Building CXX object CMakeFiles/a3_02_sfx_runtime.dir/C_/Dev/OpenU5-Native/native/targets/tdeck/main/alpha_runtime.cpp.obj
[363/759] Building CXX object CMakeFiles/a3_hf2_ambient_parity.dir/C_/Dev/OpenU5-Native/native/targets/tdeck/host_tests/alpha_runtime_host_fixture.cpp.obj
[364/759] Building CXX object CMakeFiles/a3_hf1_arena_loot.dir/C_/Dev/OpenU5-Native/native/targets/tdeck/main/dungeon_art_cache.cpp.obj
[365/759] Building CXX object CMakeFiles/a3_hf2_ambient_parity.dir/C_/Dev/OpenU5-Native/native/targets/tdeck/host_tests/host_stubs/alpha_save_memory_host_stub.cpp.obj
[366/759] Building CXX object CMakeFiles/a3_hf1_arena_loot.dir/C_/Dev/OpenU5-Native/native/targets/tdeck/main/native_renderer.cpp.obj
[367/759] Building CXX object CMakeFiles/a3_hf1_arena_loot.dir/C_/Dev/OpenU5-Native/native/targets/tdeck/main/alpha_resources.cpp.obj
[368/759] Building CXX object CMakeFiles/a3_hf2_ambient_parity.dir/C_/Dev/OpenU5-Native/native/targets/tdeck/main/alpha_save_generation.cpp.obj
[369/759] Building CXX object CMakeFiles/a3_hf2_ambient_parity.dir/C_/Dev/OpenU5-Native/native/targets/tdeck/host_tests/host_stubs/device_smoke_tests_host_stub.cpp.obj
[370/759] Building CXX object CMakeFiles/a3_hf2_ambient_parity.dir/C_/Dev/OpenU5-Native/native/targets/tdeck/main/dungeon_art_cache.cpp.obj
[371/759] Building CXX object CMakeFiles/a3_hf2_ambient_parity.dir/C_/Dev/OpenU5-Native/native/targets/tdeck/main/alpha_resources.cpp.obj
[372/759] Building CXX object CMakeFiles/a3_03_sfx_inventory.dir/tests/a3_03_sfx_inventory_test.cpp.obj
[373/759] Building CXX object CMakeFiles/a3_hf2_1_dispatch_log.dir/C_/Dev/OpenU5-Native/native/targets/tdeck/host_tests/host_stubs/device_smoke_tests_host_stub.cpp.obj
[374/759] Building CXX object CMakeFiles/a3_hf2_1_dispatch_log.dir/C_/Dev/OpenU5-Native/native/targets/tdeck/host_tests/alpha_runtime_host_fixture.cpp.obj
[375/759] Building CXX object CMakeFiles/a3_hf2_1_dispatch_log.dir/C_/Dev/OpenU5-Native/native/targets/tdeck/host_tests/host_stubs/alpha_save_memory_host_stub.cpp.obj
[376/759] Building CXX object CMakeFiles/a3_hf2_1_dispatch_log.dir/C_/Dev/OpenU5-Native/native/targets/tdeck/main/alpha_save_generation.cpp.obj
[377/759] Building CXX object CMakeFiles/a3_hf2_ambient_parity.dir/C_/Dev/OpenU5-Native/native/targets/tdeck/main/native_renderer.cpp.obj
[378/759] Building CXX object CMakeFiles/a3_hf2_1_dispatch_log.dir/C_/Dev/OpenU5-Native/native/targets/tdeck/host_tests/host_stubs/batch37_board_capture_stub.cpp.obj
[379/759] Building CXX object CMakeFiles/a3_hf2_1_dispatch_log.dir/C_/Dev/OpenU5-Native/native/targets/tdeck/main/dungeon_art_cache.cpp.obj
[380/759] Building CXX object CMakeFiles/a3_04f_render_runtime.dir/C_/Dev/OpenU5-Native/native/targets/tdeck/host_tests/alpha_runtime_host_fixture.cpp.obj
[381/759] Building CXX object CMakeFiles/a3_04_music_runtime.dir/C_/Dev/OpenU5-Native/native/targets/tdeck/main/alpha_runtime.cpp.obj
[382/759] Building CXX object CMakeFiles/a3_hf2_1_dispatch_log.dir/C_/Dev/OpenU5-Native/native/targets/tdeck/main/native_renderer.cpp.obj
[383/759] Building CXX object CMakeFiles/a3_04f_render_runtime.dir/C_/Dev/OpenU5-Native/native/targets/tdeck/host_tests/host_stubs/device_smoke_tests_host_stub.cpp.obj
[384/759] Building CXX object CMakeFiles/a3_hf2_1_dispatch_log.dir/C_/Dev/OpenU5-Native/native/targets/tdeck/main/alpha_resources.cpp.obj
[385/759] Building CXX object CMakeFiles/a3_04e_pacing_runtime.dir/C_/Dev/OpenU5-Native/native/targets/tdeck/host_tests/a3_04e_pacing_runtime_test.cpp.obj
[386/759] Building CXX object CMakeFiles/a3_04e_pacing_runtime.dir/C_/Dev/OpenU5-Native/native/targets/tdeck/main/tdeck_board.cpp.obj
[387/759] Building CXX object CMakeFiles/a3_03_sfx_runtime.dir/C_/Dev/OpenU5-Native/native/targets/tdeck/main/alpha_runtime.cpp.obj
[388/759] Building CXX object CMakeFiles/a3_04f_render_runtime.dir/C_/Dev/OpenU5-Native/native/targets/tdeck/host_tests/host_stubs/alpha_save_memory_host_stub.cpp.obj
[389/759] Building CXX object CMakeFiles/a3_04f_render_runtime.dir/C_/Dev/OpenU5-Native/native/targets/tdeck/main/alpha_save_generation.cpp.obj
[390/759] Building CXX object CMakeFiles/a3_04f_render_runtime.dir/C_/Dev/OpenU5-Native/native/targets/tdeck/main/dungeon_art_cache.cpp.obj
[391/759] Building CXX object CMakeFiles/a4_ui1_chrome_runtime.dir/C_/Dev/OpenU5-Native/native/targets/tdeck/host_tests/alpha_runtime_host_fixture.cpp.obj
[392/759] Building CXX object CMakeFiles/a3_04f_render_runtime.dir/C_/Dev/OpenU5-Native/native/targets/tdeck/main/native_renderer.cpp.obj
[393/759] Building CXX object CMakeFiles/a3_hf1_arena_loot.dir/C_/Dev/OpenU5-Native/native/targets/tdeck/host_tests/a3_hf1_arena_loot_test.cpp.obj
[394/759] Building CXX object CMakeFiles/a3_04f_render_runtime.dir/C_/Dev/OpenU5-Native/native/targets/tdeck/main/alpha_resources.cpp.obj
[395/759] Building CXX object CMakeFiles/a3_04c_contention_runtime.dir/C_/Dev/OpenU5-Native/native/targets/tdeck/main/alpha_runtime.cpp.obj
[396/759] Building CXX object CMakeFiles/a4_ui1_chrome_runtime.dir/C_/Dev/OpenU5-Native/native/targets/tdeck/host_tests/host_stubs/device_smoke_tests_host_stub.cpp.obj
[397/759] Building CXX object CMakeFiles/a4_ui1_chrome_runtime.dir/C_/Dev/OpenU5-Native/native/targets/tdeck/main/alpha_save_generation.cpp.obj
[398/759] Building CXX object CMakeFiles/a4_ui1_chrome_runtime.dir/C_/Dev/OpenU5-Native/native/targets/tdeck/host_tests/host_stubs/alpha_save_memory_host_stub.cpp.obj
[399/759] Building CXX object CMakeFiles/a3_hf2_ambient_parity.dir/C_/Dev/OpenU5-Native/native/targets/tdeck/host_tests/a3_hf2_ambient_parity_test.cpp.obj
[400/759] Building CXX object CMakeFiles/a3_04b_perf_runtime.dir/C_/Dev/OpenU5-Native/native/targets/tdeck/main/alpha_runtime.cpp.obj
[401/759] Building CXX object CMakeFiles/a4_ui1_chrome_runtime.dir/C_/Dev/OpenU5-Native/native/targets/tdeck/main/dungeon_art_cache.cpp.obj
[402/759] Building CXX object CMakeFiles/a3_hf2_1_dispatch_log.dir/C_/Dev/OpenU5-Native/native/targets/tdeck/host_tests/a3_hf2_1_dispatch_log_test.cpp.obj
[403/759] Building CXX object CMakeFiles/a4_ui2_title_runtime.dir/C_/Dev/OpenU5-Native/native/targets/tdeck/host_tests/alpha_runtime_host_fixture.cpp.obj
[404/759] Building CXX object CMakeFiles/a3_04d_sd_log_runtime.dir/C_/Dev/OpenU5-Native/native/targets/tdeck/main/alpha_runtime.cpp.obj
[405/759] Building CXX object CMakeFiles/a4_ui2_title_runtime.dir/C_/Dev/OpenU5-Native/native/targets/tdeck/host_tests/host_stubs/device_smoke_tests_host_stub.cpp.obj
[406/759] Building CXX object CMakeFiles/a3_hf2_ambient_parity.dir/C_/Dev/OpenU5-Native/native/targets/tdeck/main/tdeck_board.cpp.obj
[407/759] Building CXX object CMakeFiles/a4_ui2_title_runtime.dir/C_/Dev/OpenU5-Native/native/targets/tdeck/host_tests/host_stubs/alpha_save_memory_host_stub.cpp.obj
[408/759] Building CXX object CMakeFiles/a4_ui1_chrome_runtime.dir/C_/Dev/OpenU5-Native/native/targets/tdeck/main/alpha_resources.cpp.obj
[409/759] Building CXX object CMakeFiles/a4_ui1_chrome_runtime.dir/C_/Dev/OpenU5-Native/native/targets/tdeck/main/native_renderer.cpp.obj
[410/759] Building CXX object CMakeFiles/a4_ui2_title_runtime.dir/C_/Dev/OpenU5-Native/native/targets/tdeck/main/alpha_save_generation.cpp.obj
[411/759] Building CXX object CMakeFiles/a4_ui2_title_runtime.dir/C_/Dev/OpenU5-Native/native/targets/tdeck/main/dungeon_art_cache.cpp.obj
[412/759] Building CXX object CMakeFiles/a4_ui2_death_music_runtime.dir/C_/Dev/OpenU5-Native/native/targets/tdeck/host_tests/alpha_runtime_host_fixture.cpp.obj
[413/759] Building CXX object CMakeFiles/a4_ui2_title_runtime.dir/C_/Dev/OpenU5-Native/native/targets/tdeck/main/alpha_resources.cpp.obj
[414/759] Building CXX object CMakeFiles/a4_ui2_title_runtime.dir/C_/Dev/OpenU5-Native/native/targets/tdeck/main/native_renderer.cpp.obj
[415/759] Building CXX object CMakeFiles/a4_ui2_death_music_runtime.dir/C_/Dev/OpenU5-Native/native/targets/tdeck/host_tests/host_stubs/device_smoke_tests_host_stub.cpp.obj
[416/759] Building CXX object CMakeFiles/a4_ui2_death_music_runtime.dir/C_/Dev/OpenU5-Native/native/targets/tdeck/host_tests/host_stubs/alpha_save_memory_host_stub.cpp.obj
[417/759] Building CXX object CMakeFiles/a4_ui2_death_music_runtime.dir/C_/Dev/OpenU5-Native/native/targets/tdeck/main/alpha_save_generation.cpp.obj
[418/759] Building CXX object CMakeFiles/a4_ui2_death_music_runtime.dir/C_/Dev/OpenU5-Native/native/targets/tdeck/main/dungeon_art_cache.cpp.obj
[419/759] Building CXX object CMakeFiles/a4_ui2_save_menu_runtime.dir/C_/Dev/OpenU5-Native/native/targets/tdeck/host_tests/alpha_runtime_host_fixture.cpp.obj
[420/759] Building CXX object CMakeFiles/a3_04f_render_runtime.dir/C_/Dev/OpenU5-Native/native/targets/tdeck/main/tdeck_board.cpp.obj
[421/759] Building CXX object CMakeFiles/a4_ui2_death_music_runtime.dir/C_/Dev/OpenU5-Native/native/targets/tdeck/main/alpha_resources.cpp.obj
[422/759] Building CXX object CMakeFiles/a3_04e_pacing_runtime.dir/C_/Dev/OpenU5-Native/native/targets/tdeck/main/alpha_runtime.cpp.obj
[423/759] Building CXX object CMakeFiles/a4_ui2_save_menu_runtime.dir/C_/Dev/OpenU5-Native/native/targets/tdeck/host_tests/host_stubs/alpha_save_memory_host_stub.cpp.obj
[424/759] Building CXX object CMakeFiles/a4_ui2_death_music_runtime.dir/C_/Dev/OpenU5-Native/native/targets/tdeck/main/native_renderer.cpp.obj
[425/759] Building CXX object CMakeFiles/a3_hf1_arena_loot.dir/C_/Dev/OpenU5-Native/native/targets/tdeck/main/alpha_runtime.cpp.obj
[426/759] Building CXX object CMakeFiles/a4_ui2_save_menu_runtime.dir/C_/Dev/OpenU5-Native/native/targets/tdeck/main/alpha_save_generation.cpp.obj
[427/759] Building CXX object CMakeFiles/a4_ui2_save_menu_runtime.dir/C_/Dev/OpenU5-Native/native/targets/tdeck/host_tests/host_stubs/device_smoke_tests_host_stub.cpp.obj
[428/759] Building CXX object CMakeFiles/a4_ui2_save_menu_runtime.dir/C_/Dev/OpenU5-Native/native/targets/tdeck/main/dungeon_art_cache.cpp.obj
[429/759] Building CXX object CMakeFiles/a3_hf3_combat_hit_cue.dir/tests/a3_hf3_combat_hit_cue_test.cpp.obj
[430/759] Building CXX object CMakeFiles/a4_ui2_save_menu_runtime.dir/C_/Dev/OpenU5-Native/native/targets/tdeck/main/alpha_resources.cpp.obj
[431/759] Building CXX object CMakeFiles/a4_ui2_title_runtime.dir/C_/Dev/OpenU5-Native/native/targets/tdeck/host_tests/a4_ui2_title_runtime_test.cpp.obj
[432/759] Building CXX object CMakeFiles/a3_hf2_ambient_parity.dir/C_/Dev/OpenU5-Native/native/targets/tdeck/main/alpha_runtime.cpp.obj
[433/759] Building CXX object CMakeFiles/a4_ui2_save_menu_runtime.dir/C_/Dev/OpenU5-Native/native/targets/tdeck/main/native_renderer.cpp.obj
[434/759] Building CXX object CMakeFiles/a4_ui1_chrome_runtime.dir/C_/Dev/OpenU5-Native/native/targets/tdeck/main/tdeck_board.cpp.obj
[435/759] Building CXX object CMakeFiles/a3_hf3_combat_hit_runtime.dir/C_/Dev/OpenU5-Native/native/targets/tdeck/host_tests/alpha_runtime_host_fixture.cpp.obj
[436/759] Building CXX object CMakeFiles/a4_ui2_death_music_runtime.dir/C_/Dev/OpenU5-Native/native/targets/tdeck/host_tests/a4_ui2_death_music_runtime_test.cpp.obj
[437/759] Building CXX object CMakeFiles/a3_hf3_combat_hit_runtime.dir/C_/Dev/OpenU5-Native/native/targets/tdeck/main/alpha_save_generation.cpp.obj
[438/759] Building CXX object CMakeFiles/a3_hf3_combat_hit_runtime.dir/C_/Dev/OpenU5-Native/native/targets/tdeck/host_tests/host_stubs/alpha_save_memory_host_stub.cpp.obj
[439/759] Building CXX object CMakeFiles/a4_ui1_chrome_runtime.dir/C_/Dev/OpenU5-Native/native/targets/tdeck/host_tests/a4_ui1_chrome_runtime_test.cpp.obj
[440/759] Building CXX object CMakeFiles/a3_hf3_combat_hit_runtime.dir/C_/Dev/OpenU5-Native/native/targets/tdeck/host_tests/host_stubs/device_smoke_tests_host_stub.cpp.obj
[441/759] Building CXX object CMakeFiles/a3_hf2_1_dispatch_log.dir/C_/Dev/OpenU5-Native/native/targets/tdeck/main/alpha_runtime.cpp.obj
[442/759] Building CXX object CMakeFiles/a3_hf3_combat_hit_runtime.dir/C_/Dev/OpenU5-Native/native/targets/tdeck/main/dungeon_art_cache.cpp.obj
[443/759] Building CXX object CMakeFiles/a4_ui2_title_runtime.dir/C_/Dev/OpenU5-Native/native/targets/tdeck/main/tdeck_board.cpp.obj
[444/759] Building CXX object CMakeFiles/a3_hf3_combat_hit_runtime.dir/C_/Dev/OpenU5-Native/native/targets/tdeck/main/alpha_resources.cpp.obj
[445/759] Building CXX object CMakeFiles/a3_04g_storage_runtime.dir/C_/Dev/OpenU5-Native/native/targets/tdeck/host_tests/alpha_runtime_host_fixture.cpp.obj
[446/759] Building CXX object CMakeFiles/a3_04g_storage_runtime.dir/C_/Dev/OpenU5-Native/native/targets/tdeck/host_tests/host_stubs/tdeck_board_host_stub.cpp.obj
[447/759] Building CXX object CMakeFiles/a3_hf3_combat_hit_runtime.dir/C_/Dev/OpenU5-Native/native/targets/tdeck/main/native_renderer.cpp.obj
[448/759] Building CXX object CMakeFiles/a3_04g_storage_runtime.dir/C_/Dev/OpenU5-Native/native/targets/tdeck/host_tests/host_stubs/device_smoke_tests_host_stub.cpp.obj
[449/759] Building CXX object CMakeFiles/a3_04f_render_runtime.dir/C_/Dev/OpenU5-Native/native/targets/tdeck/main/alpha_runtime.cpp.obj
[450/759] Building CXX object CMakeFiles/a3_04g_storage_runtime.dir/C_/Dev/OpenU5-Native/native/targets/tdeck/main/alpha_save_generation.cpp.obj
[451/759] Building CXX object CMakeFiles/a3_hf3_combat_hit_runtime.dir/C_/Dev/OpenU5-Native/native/targets/tdeck/host_tests/a3_hf3_combat_hit_runtime_test.cpp.obj
[452/759] Building CXX object CMakeFiles/a4_save1_recovery_runtime.dir/C_/Dev/OpenU5-Native/native/targets/tdeck/host_tests/host_stubs/tdeck_board_host_stub.cpp.obj
[453/759] Building CXX object CMakeFiles/a3_04f_render_runtime.dir/C_/Dev/OpenU5-Native/native/targets/tdeck/host_tests/a3_04f_render_runtime_test.cpp.obj
[454/759] Building CXX object CMakeFiles/a3_04g_storage_runtime.dir/C_/Dev/OpenU5-Native/native/targets/tdeck/main/alpha_resources.cpp.obj
[455/759] Building CXX object CMakeFiles/a3_04g_storage_runtime.dir/C_/Dev/OpenU5-Native/native/targets/tdeck/main/dungeon_art_cache.cpp.obj
[456/759] Building CXX object CMakeFiles/a4_save1_recovery_runtime.dir/C_/Dev/OpenU5-Native/native/targets/tdeck/host_tests/alpha_runtime_host_fixture.cpp.obj
[457/759] Building CXX object CMakeFiles/a3_04g_storage_runtime.dir/C_/Dev/OpenU5-Native/native/targets/tdeck/main/native_renderer.cpp.obj
[458/759] Building CXX object CMakeFiles/a4_save1_recovery_runtime.dir/C_/Dev/OpenU5-Native/native/targets/tdeck/host_tests/host_stubs/device_smoke_tests_host_stub.cpp.obj
[459/759] Building CXX object CMakeFiles/a4_ui2_save_menu_runtime.dir/C_/Dev/OpenU5-Native/native/targets/tdeck/host_tests/a4_ui2_save_menu_runtime_test.cpp.obj
[460/759] Building CXX object CMakeFiles/a4_save1_recovery_runtime.dir/C_/Dev/OpenU5-Native/native/targets/tdeck/main/alpha_save_generation.cpp.obj
[461/759] Building CXX object CMakeFiles/a4_save1_recovery_runtime.dir/C_/Dev/OpenU5-Native/native/targets/tdeck/main/dungeon_art_cache.cpp.obj
[462/759] Building CXX object CMakeFiles/a4_ui2_death_music_runtime.dir/C_/Dev/OpenU5-Native/native/targets/tdeck/main/tdeck_board.cpp.obj
[463/759] Building CXX object CMakeFiles/a4_save1_recovery_runtime.dir/C_/Dev/OpenU5-Native/native/targets/tdeck/main/alpha_resources.cpp.obj
[464/759] Building CXX object CMakeFiles/a4_save2_slots_runtime.dir/C_/Dev/OpenU5-Native/native/targets/tdeck/host_tests/host_stubs/tdeck_board_host_stub.cpp.obj
[465/759] Building CXX object CMakeFiles/a4_save2_slots_runtime.dir/C_/Dev/OpenU5-Native/native/targets/tdeck/host_tests/alpha_runtime_host_fixture.cpp.obj
[466/759] Building CXX object CMakeFiles/a4_ui2_save_menu_runtime.dir/C_/Dev/OpenU5-Native/native/targets/tdeck/main/tdeck_board.cpp.obj
[467/759] Building CXX object CMakeFiles/a4_ui1_chrome_runtime.dir/C_/Dev/OpenU5-Native/native/targets/tdeck/main/alpha_runtime.cpp.obj
[468/759] Building CXX object CMakeFiles/a4_save1_recovery_runtime.dir/C_/Dev/OpenU5-Native/native/targets/tdeck/main/native_renderer.cpp.obj
[469/759] Building CXX object CMakeFiles/a4_save2_slots_runtime.dir/C_/Dev/OpenU5-Native/native/targets/tdeck/host_tests/host_stubs/device_smoke_tests_host_stub.cpp.obj
[470/759] Building CXX object CMakeFiles/a4_save2_slots_runtime.dir/C_/Dev/OpenU5-Native/native/targets/tdeck/main/alpha_save_generation.cpp.obj
[471/759] Building CXX object CMakeFiles/a4_save2_slots_runtime.dir/C_/Dev/OpenU5-Native/native/targets/tdeck/main/dungeon_art_cache.cpp.obj
[472/759] Building CXX object CMakeFiles/a4_save3_pc_bridge_runtime.dir/C_/Dev/OpenU5-Native/native/targets/tdeck/host_tests/alpha_runtime_host_fixture.cpp.obj
[473/759] Building CXX object CMakeFiles/a4_save3_pc_bridge_runtime.dir/C_/Dev/OpenU5-Native/native/targets/tdeck/host_tests/host_stubs/tdeck_board_host_stub.cpp.obj
[474/759] Building CXX object CMakeFiles/a4_save2_slots_runtime.dir/C_/Dev/OpenU5-Native/native/targets/tdeck/main/native_renderer.cpp.obj
[475/759] Building CXX object CMakeFiles/a4_save2_slots_runtime.dir/C_/Dev/OpenU5-Native/native/targets/tdeck/main/alpha_resources.cpp.obj
[476/759] Building CXX object CMakeFiles/a4_save3_pc_bridge_runtime.dir/C_/Dev/OpenU5-Native/native/targets/tdeck/main/alpha_save_generation.cpp.obj
[477/759] Building CXX object CMakeFiles/a4_save3_pc_bridge_runtime.dir/C_/Dev/OpenU5-Native/native/targets/tdeck/host_tests/host_stubs/device_smoke_tests_host_stub.cpp.obj
[478/759] Building CXX object CMakeFiles/a4_ui2_title_runtime.dir/C_/Dev/OpenU5-Native/native/targets/tdeck/main/alpha_runtime.cpp.obj
[479/759] Building CXX object CMakeFiles/a3_hf3_combat_hit_runtime.dir/C_/Dev/OpenU5-Native/native/targets/tdeck/main/tdeck_board.cpp.obj
[480/759] Building CXX object CMakeFiles/a4_save1_recovery_runtime.dir/C_/Dev/OpenU5-Native/native/targets/tdeck/host_tests/a4_save1_recovery_runtime_test.cpp.obj
[481/759] Building CXX object CMakeFiles/a4_save3_pc_bridge_runtime.dir/C_/Dev/OpenU5-Native/native/targets/tdeck/main/alpha_resources.cpp.obj
[482/759] Building CXX object CMakeFiles/a4_save3_pc_bridge_runtime.dir/C_/Dev/OpenU5-Native/native/targets/tdeck/main/dungeon_art_cache.cpp.obj
[483/759] Building CXX object CMakeFiles/a3_04g_storage_runtime.dir/C_/Dev/OpenU5-Native/native/targets/tdeck/host_tests/a3_04g_storage_runtime_test.cpp.obj
[484/759] Building CXX object CMakeFiles/a4_ui3_save_ux_runtime.dir/C_/Dev/OpenU5-Native/native/targets/tdeck/host_tests/alpha_runtime_host_fixture.cpp.obj
[485/759] Building CXX object CMakeFiles/a3_04g_storage_runtime.dir/C_/Dev/OpenU5-Native/native/targets/tdeck/main/alpha_save.cpp.obj
[486/759] Building CXX object CMakeFiles/a4_ui2_death_music_runtime.dir/C_/Dev/OpenU5-Native/native/targets/tdeck/main/alpha_runtime.cpp.obj
[487/759] Building CXX object CMakeFiles/a4_save1_recovery_runtime.dir/C_/Dev/OpenU5-Native/native/targets/tdeck/main/alpha_save.cpp.obj
[488/759] Building CXX object CMakeFiles/a4_ui3_save_ux_runtime.dir/C_/Dev/OpenU5-Native/native/targets/tdeck/host_tests/host_stubs/device_smoke_tests_host_stub.cpp.obj
[489/759] Building CXX object CMakeFiles/a4_save3_pc_bridge_runtime.dir/C_/Dev/OpenU5-Native/native/targets/tdeck/main/native_renderer.cpp.obj
[490/759] Building CXX object CMakeFiles/a4_ui3_save_ux_runtime.dir/C_/Dev/OpenU5-Native/native/targets/tdeck/main/alpha_save_generation.cpp.obj
[491/759] Building CXX object CMakeFiles/a4_save2_slots_runtime.dir/C_/Dev/OpenU5-Native/native/targets/tdeck/main/alpha_save.cpp.obj
[492/759] Building CXX object CMakeFiles/a4_ui2_save_menu_runtime.dir/C_/Dev/OpenU5-Native/native/targets/tdeck/main/alpha_runtime.cpp.obj
[493/759] Building CXX object CMakeFiles/a4_ui3_save_ux_runtime.dir/C_/Dev/OpenU5-Native/native/targets/tdeck/main/alpha_resources.cpp.obj
[494/759] Building CXX object CMakeFiles/a3_05_audio_controls.dir/C_/Dev/OpenU5-Native/native/targets/tdeck/host_tests/alpha_runtime_host_fixture.cpp.obj
[495/759] Building CXX object CMakeFiles/a4_ui3_save_ux_runtime.dir/C_/Dev/OpenU5-Native/native/targets/tdeck/main/dungeon_art_cache.cpp.obj
[496/759] Building CXX object CMakeFiles/a4_ui3_save_ux_runtime.dir/C_/Dev/OpenU5-Native/native/targets/tdeck/main/native_renderer.cpp.obj
[497/759] Building CXX object CMakeFiles/a3_05_audio_controls.dir/C_/Dev/OpenU5-Native/native/targets/tdeck/main/alpha_save_generation.cpp.obj
[498/759] Building CXX object CMakeFiles/a3_05_audio_controls.dir/C_/Dev/OpenU5-Native/native/targets/tdeck/host_tests/host_stubs/device_smoke_tests_host_stub.cpp.obj
[499/759] Building CXX object CMakeFiles/a3_05_audio_controls.dir/C_/Dev/OpenU5-Native/native/targets/tdeck/host_tests/host_stubs/alpha_save_memory_host_stub.cpp.obj
[500/759] Building CXX object CMakeFiles/a3_05_audio_controls.dir/C_/Dev/OpenU5-Native/native/targets/tdeck/main/dungeon_art_cache.cpp.obj
[501/759] Building CXX object CMakeFiles/a3_hf3_combat_hit_runtime.dir/C_/Dev/OpenU5-Native/native/targets/tdeck/main/alpha_runtime.cpp.obj
[502/759] Building CXX object CMakeFiles/a3_05_audio_controls.dir/C_/Dev/OpenU5-Native/native/targets/tdeck/main/alpha_resources.cpp.obj
[503/759] Building CXX object CMakeFiles/a3_05_audio_controls.dir/C_/Dev/OpenU5-Native/native/targets/tdeck/main/native_renderer.cpp.obj
[504/759] Building CXX object CMakeFiles/a4_save3_pc_bridge_runtime.dir/C_/Dev/OpenU5-Native/native/targets/tdeck/main/alpha_save.cpp.obj
[505/759] Building CXX object CMakeFiles/a3_05_audio_controls.dir/C_/Dev/OpenU5-Native/native/targets/tdeck/host_tests/host_stubs/batch37_board_capture_stub.cpp.obj
[506/759] Building CXX object CMakeFiles/a4_save2_slots_runtime.dir/C_/Dev/OpenU5-Native/native/targets/tdeck/host_tests/a4_save2_slots_runtime_test.cpp.obj
[507/759] Building CXX object CMakeFiles/a3_hf4_load_transient_runtime.dir/C_/Dev/OpenU5-Native/native/targets/tdeck/host_tests/host_stubs/alpha_save_memory_host_stub.cpp.obj
[508/759] Building CXX object CMakeFiles/a3_hf4_load_transient_runtime.dir/C_/Dev/OpenU5-Native/native/targets/tdeck/host_tests/alpha_runtime_host_fixture.cpp.obj
[509/759] Building CXX object CMakeFiles/a3_hf4_load_transient_runtime.dir/C_/Dev/OpenU5-Native/native/targets/tdeck/main/alpha_save_generation.cpp.obj
[510/759] Building CXX object CMakeFiles/a3_hf4_load_transient_runtime.dir/C_/Dev/OpenU5-Native/native/targets/tdeck/host_tests/host_stubs/device_smoke_tests_host_stub.cpp.obj
[511/759] Building CXX object CMakeFiles/a3_hf4_load_transient_runtime.dir/C_/Dev/OpenU5-Native/native/targets/tdeck/host_tests/host_stubs/batch37_board_capture_stub.cpp.obj
[512/759] Building CXX object CMakeFiles/a3_hf4_load_transient_runtime.dir/C_/Dev/OpenU5-Native/native/targets/tdeck/main/dungeon_art_cache.cpp.obj
[513/759] Building CXX object CMakeFiles/a3_hf5_dialogue_pacing_runtime.dir/C_/Dev/OpenU5-Native/native/targets/tdeck/host_tests/alpha_runtime_host_fixture.cpp.obj
[514/759] Building CXX object CMakeFiles/a3_05_audio_controls.dir/C_/Dev/OpenU5-Native/native/targets/tdeck/host_tests/a3_05_audio_controls_test.cpp.obj
[515/759] Building CXX object CMakeFiles/a3_hf4_load_transient_runtime.dir/C_/Dev/OpenU5-Native/native/targets/tdeck/main/alpha_resources.cpp.obj
[516/759] Building CXX object CMakeFiles/a3_04g_storage_runtime.dir/C_/Dev/OpenU5-Native/native/targets/tdeck/main/alpha_runtime.cpp.obj
[517/759] Building CXX object CMakeFiles/a3_hf4_load_transient_runtime.dir/C_/Dev/OpenU5-Native/native/targets/tdeck/main/native_renderer.cpp.obj
[518/759] Building CXX object CMakeFiles/a4_ui3_save_ux_runtime.dir/C_/Dev/OpenU5-Native/native/targets/tdeck/main/alpha_save.cpp.obj
[519/759] Building CXX object CMakeFiles/a3_hf5_dialogue_pacing_runtime.dir/C_/Dev/OpenU5-Native/native/targets/tdeck/host_tests/host_stubs/device_smoke_tests_host_stub.cpp.obj
[520/759] Building CXX object CMakeFiles/a3_hf5_dialogue_pacing_runtime.dir/C_/Dev/OpenU5-Native/native/targets/tdeck/main/alpha_save_generation.cpp.obj
[521/759] Building CXX object CMakeFiles/a4_ui3_save_ux_runtime.dir/C_/Dev/OpenU5-Native/native/targets/tdeck/host_tests/a4_ui3_save_ux_runtime_test.cpp.obj
[522/759] Building CXX object CMakeFiles/a3_hf5_dialogue_pacing_runtime.dir/C_/Dev/OpenU5-Native/native/targets/tdeck/host_tests/host_stubs/alpha_save_memory_host_stub.cpp.obj
[523/759] Building CXX object CMakeFiles/a3_hf4_load_transient_runtime.dir/C_/Dev/OpenU5-Native/native/targets/tdeck/host_tests/a3_hf4_load_transient_runtime_test.cpp.obj
[524/759] Building CXX object CMakeFiles/a3_hf5_dialogue_pacing_runtime.dir/C_/Dev/OpenU5-Native/native/targets/tdeck/main/dungeon_art_cache.cpp.obj
[525/759] Building CXX object CMakeFiles/a3_hf6_shrine_key_wait_runtime.dir/C_/Dev/OpenU5-Native/native/targets/tdeck/host_tests/alpha_runtime_host_fixture.cpp.obj
[526/759] Building CXX object CMakeFiles/a4_ui3_save_ux_runtime.dir/C_/Dev/OpenU5-Native/native/targets/tdeck/main/tdeck_board.cpp.obj
[527/759] Building CXX object CMakeFiles/a3_hf6_shrine_key_wait_runtime.dir/C_/Dev/OpenU5-Native/native/targets/tdeck/host_tests/host_stubs/device_smoke_tests_host_stub.cpp.obj
[528/759] Building CXX object CMakeFiles/a3_hf5_dialogue_pacing_runtime.dir/C_/Dev/OpenU5-Native/native/targets/tdeck/main/native_renderer.cpp.obj
[529/759] Building CXX object CMakeFiles/a3_hf6_shrine_key_wait_runtime.dir/C_/Dev/OpenU5-Native/native/targets/tdeck/host_tests/host_stubs/alpha_save_memory_host_stub.cpp.obj
[530/759] Building CXX object CMakeFiles/a3_hf5_dialogue_pacing_runtime.dir/C_/Dev/OpenU5-Native/native/targets/tdeck/main/alpha_resources.cpp.obj
[531/759] Building CXX object CMakeFiles/a4_save1_recovery_runtime.dir/C_/Dev/OpenU5-Native/native/targets/tdeck/main/alpha_runtime.cpp.obj
[532/759] Building CXX object CMakeFiles/a3_hf6_shrine_key_wait_runtime.dir/C_/Dev/OpenU5-Native/native/targets/tdeck/main/alpha_save_generation.cpp.obj
[533/759] Building CXX object CMakeFiles/a4_save2_slots_runtime.dir/C_/Dev/OpenU5-Native/native/targets/tdeck/main/alpha_runtime.cpp.obj
[534/759] Building CXX object CMakeFiles/a3_hf6_shrine_key_wait_runtime.dir/C_/Dev/OpenU5-Native/native/targets/tdeck/main/dungeon_art_cache.cpp.obj
[535/759] Building CXX object CMakeFiles/a3_hf7_ritual_fx_runtime.dir/C_/Dev/OpenU5-Native/native/targets/tdeck/host_tests/alpha_runtime_host_fixture.cpp.obj
[536/759] Building CXX object CMakeFiles/a4_save3_pc_bridge_runtime.dir/C_/Dev/OpenU5-Native/native/targets/tdeck/main/alpha_runtime.cpp.obj
[537/759] Building CXX object CMakeFiles/a3_hf6_shrine_key_wait_runtime.dir/C_/Dev/OpenU5-Native/native/targets/tdeck/main/alpha_resources.cpp.obj
[538/759] Building CXX object CMakeFiles/a3_hf6_shrine_key_wait_runtime.dir/C_/Dev/OpenU5-Native/native/targets/tdeck/main/native_renderer.cpp.obj
[539/759] Building CXX object CMakeFiles/a3_hf7_ritual_fx_runtime.dir/C_/Dev/OpenU5-Native/native/targets/tdeck/host_tests/host_stubs/alpha_save_memory_host_stub.cpp.obj
[540/759] Building CXX object CMakeFiles/a3_hf7_ritual_fx_runtime.dir/C_/Dev/OpenU5-Native/native/targets/tdeck/host_tests/host_stubs/device_smoke_tests_host_stub.cpp.obj
[541/759] Building CXX object CMakeFiles/a3_hf7_ritual_fx_runtime.dir/C_/Dev/OpenU5-Native/native/targets/tdeck/main/alpha_save_generation.cpp.obj
[542/759] Building CXX object CMakeFiles/a3_hf7_ritual_fx_runtime.dir/C_/Dev/OpenU5-Native/native/targets/tdeck/main/alpha_resources.cpp.obj
[543/759] Building CXX object CMakeFiles/a3_hf8_sacrifice_burst_runtime.dir/C_/Dev/OpenU5-Native/native/targets/tdeck/host_tests/alpha_runtime_host_fixture.cpp.obj
[544/759] Building CXX object CMakeFiles/a3_hf8_sacrifice_burst_runtime.dir/C_/Dev/OpenU5-Native/native/targets/tdeck/host_tests/host_stubs/device_smoke_tests_host_stub.cpp.obj
[545/759] Building CXX object CMakeFiles/a3_hf8_sacrifice_burst_runtime.dir/C_/Dev/OpenU5-Native/native/targets/tdeck/main/alpha_save_generation.cpp.obj
[546/759] Building CXX object CMakeFiles/a4_end1_endgame_scene.dir/tests/a4_end1_endgame_scene_test.cpp.obj
[547/759] Building CXX object CMakeFiles/a3_hf8_sacrifice_burst_runtime.dir/C_/Dev/OpenU5-Native/native/targets/tdeck/host_tests/host_stubs/alpha_save_memory_host_stub.cpp.obj
[548/759] Building CXX object CMakeFiles/a4_save3_pc_bridge_runtime.dir/C_/Dev/OpenU5-Native/native/targets/tdeck/host_tests/a4_save3_pc_bridge_runtime_test.cpp.obj
[549/759] Building CXX object CMakeFiles/a3_hf7_ritual_fx_runtime.dir/C_/Dev/OpenU5-Native/native/targets/tdeck/main/dungeon_art_cache.cpp.obj
[550/759] Building CXX object CMakeFiles/a3_hf7_ritual_fx_runtime.dir/C_/Dev/OpenU5-Native/native/targets/tdeck/main/native_renderer.cpp.obj
[551/759] Building CXX object CMakeFiles/a3_05_audio_controls.dir/C_/Dev/OpenU5-Native/native/targets/tdeck/main/alpha_runtime.cpp.obj
[552/759] Building CXX object CMakeFiles/a3_hf8_sacrifice_burst_runtime.dir/C_/Dev/OpenU5-Native/native/targets/tdeck/main/alpha_resources.cpp.obj
[553/759] Building CXX object CMakeFiles/a3_hf8_sacrifice_burst_runtime.dir/C_/Dev/OpenU5-Native/native/targets/tdeck/main/dungeon_art_cache.cpp.obj
[554/759] Building CXX object CMakeFiles/a3_hf10_mix_parity_runtime.dir/C_/Dev/OpenU5-Native/native/targets/tdeck/host_tests/alpha_runtime_host_fixture.cpp.obj
[555/759] Building CXX object CMakeFiles/a3_hf8_sacrifice_burst_runtime.dir/C_/Dev/OpenU5-Native/native/targets/tdeck/main/native_renderer.cpp.obj
[556/759] Building CXX object CMakeFiles/a4_ui3_save_ux_runtime.dir/C_/Dev/OpenU5-Native/native/targets/tdeck/main/alpha_runtime.cpp.obj
[557/759] Building CXX object CMakeFiles/a3_hf10_mix_parity_runtime.dir/C_/Dev/OpenU5-Native/native/targets/tdeck/host_tests/host_stubs/device_smoke_tests_host_stub.cpp.obj
[558/759] Building CXX object CMakeFiles/a3_hf10_mix_parity_runtime.dir/C_/Dev/OpenU5-Native/native/targets/tdeck/host_tests/host_stubs/alpha_save_memory_host_stub.cpp.obj
[559/759] Building CXX object CMakeFiles/a3_hf6_shrine_key_wait_runtime.dir/C_/Dev/OpenU5-Native/native/targets/tdeck/host_tests/a3_hf6_shrine_key_wait_runtime_test.cpp.obj
[560/759] Building CXX object CMakeFiles/a3_hf5_dialogue_pacing_runtime.dir/C_/Dev/OpenU5-Native/native/targets/tdeck/main/tdeck_board.cpp.obj
[561/759] Building CXX object CMakeFiles/a3_hf5_dialogue_pacing_runtime.dir/C_/Dev/OpenU5-Native/native/targets/tdeck/host_tests/a3_hf5_dialogue_pacing_runtime_test.cpp.obj
[562/759] Building CXX object CMakeFiles/a3_hf10_mix_parity_runtime.dir/C_/Dev/OpenU5-Native/native/targets/tdeck/main/alpha_save_generation.cpp.obj
[563/759] Building CXX object CMakeFiles/batch14_zstats_runtime_regression.dir/C_/Dev/OpenU5-Native/native/targets/tdeck/host_tests/host_stubs/alpha_save_host_stub.cpp.obj
[564/759] Building CXX object CMakeFiles/a3_hf6_shrine_key_wait_runtime.dir/C_/Dev/OpenU5-Native/native/targets/tdeck/main/tdeck_board.cpp.obj
[565/759] Building CXX object CMakeFiles/batch14_zstats_runtime_regression.dir/C_/Dev/OpenU5-Native/native/targets/tdeck/host_tests/host_stubs/tdeck_board_host_stub.cpp.obj
[566/759] Building CXX object CMakeFiles/a3_hf10_mix_parity_runtime.dir/C_/Dev/OpenU5-Native/native/targets/tdeck/main/dungeon_art_cache.cpp.obj
[567/759] Building CXX object CMakeFiles/a3_hf4_load_transient_runtime.dir/C_/Dev/OpenU5-Native/native/targets/tdeck/main/alpha_runtime.cpp.obj
[568/759] Building CXX object CMakeFiles/a3_hf10_mix_parity_runtime.dir/C_/Dev/OpenU5-Native/native/targets/tdeck/main/alpha_resources.cpp.obj
[569/759] Building CXX object CMakeFiles/batch14_zstats_runtime_regression.dir/C_/Dev/OpenU5-Native/native/targets/tdeck/host_tests/alpha_runtime_host_fixture.cpp.obj
[570/759] Building CXX object CMakeFiles/a3_hf10_mix_parity_runtime.dir/C_/Dev/OpenU5-Native/native/targets/tdeck/main/native_renderer.cpp.obj
[571/759] Building CXX object CMakeFiles/a3_hf9_refuge_cadence.dir/tests/a3_hf9_refuge_cadence_test.cpp.obj
[572/759] Building CXX object CMakeFiles/batch14_zstats_runtime_regression.dir/C_/Dev/OpenU5-Native/native/targets/tdeck/host_tests/host_stubs/device_smoke_tests_host_stub.cpp.obj
[573/759] Building CXX object CMakeFiles/a3_hf7_ritual_fx_runtime.dir/C_/Dev/OpenU5-Native/native/targets/tdeck/host_tests/a3_hf7_ritual_fx_runtime_test.cpp.obj
[574/759] Building CXX object CMakeFiles/batch18_well_ceremony_regression.dir/C_/Dev/OpenU5-Native/native/targets/tdeck/host_tests/host_stubs/alpha_save_host_stub.cpp.obj
[575/759] Building CXX object CMakeFiles/batch14_zstats_runtime_regression.dir/C_/Dev/OpenU5-Native/native/targets/tdeck/host_tests/batch14_zstats_runtime_test.cpp.obj
[576/759] Building CXX object CMakeFiles/batch14_zstats_runtime_regression.dir/C_/Dev/OpenU5-Native/native/targets/tdeck/main/dungeon_art_cache.cpp.obj
[577/759] Building CXX object CMakeFiles/batch18_well_ceremony_regression.dir/C_/Dev/OpenU5-Native/native/targets/tdeck/host_tests/host_stubs/tdeck_board_host_stub.cpp.obj
[578/759] Building CXX object CMakeFiles/a3_hf7_ritual_fx_runtime.dir/C_/Dev/OpenU5-Native/native/targets/tdeck/main/tdeck_board.cpp.obj
[579/759] Building CXX object CMakeFiles/batch18_well_ceremony_regression.dir/C_/Dev/OpenU5-Native/native/targets/tdeck/host_tests/host_stubs/device_smoke_tests_host_stub.cpp.obj
[580/759] Building CXX object CMakeFiles/a3_hf7_ritual_fx.dir/tests/a3_hf7_ritual_fx_test.cpp.obj
[581/759] Building CXX object CMakeFiles/batch18_well_ceremony_regression.dir/C_/Dev/OpenU5-Native/native/targets/tdeck/host_tests/alpha_runtime_host_fixture.cpp.obj
[582/759] Building CXX object CMakeFiles/batch14_zstats_runtime_regression.dir/C_/Dev/OpenU5-Native/native/targets/tdeck/main/alpha_resources.cpp.obj
[583/759] Building CXX object CMakeFiles/batch14_zstats_runtime_regression.dir/C_/Dev/OpenU5-Native/native/targets/tdeck/main/native_renderer.cpp.obj
[584/759] Building CXX object CMakeFiles/a3_hf8_sacrifice_burst_runtime.dir/C_/Dev/OpenU5-Native/native/targets/tdeck/host_tests/a3_hf8_sacrifice_burst_runtime_test.cpp.obj
[585/759] Building CXX object CMakeFiles/batch19_command_char_regression.dir/C_/Dev/OpenU5-Native/native/targets/tdeck/host_tests/host_stubs/alpha_save_host_stub.cpp.obj
[586/759] Building CXX object CMakeFiles/a3_hf8_sacrifice_burst_runtime.dir/C_/Dev/OpenU5-Native/native/targets/tdeck/main/tdeck_board.cpp.obj
[587/759] Building CXX object CMakeFiles/batch18_well_ceremony_regression.dir/C_/Dev/OpenU5-Native/native/targets/tdeck/main/dungeon_art_cache.cpp.obj
[588/759] Building CXX object CMakeFiles/batch19_command_char_regression.dir/C_/Dev/OpenU5-Native/native/targets/tdeck/host_tests/host_stubs/tdeck_board_host_stub.cpp.obj
[589/759] Building CXX object CMakeFiles/batch18_well_ceremony_regression.dir/C_/Dev/OpenU5-Native/native/targets/tdeck/host_tests/batch18_well_ceremony_test.cpp.obj
[590/759] Building CXX object CMakeFiles/a3_hf10_mix_parity_runtime.dir/C_/Dev/OpenU5-Native/native/targets/tdeck/host_tests/a3_hf10_mix_parity_runtime_test.cpp.obj
[591/759] Building CXX object CMakeFiles/batch19_command_char_regression.dir/C_/Dev/OpenU5-Native/native/targets/tdeck/host_tests/alpha_runtime_host_fixture.cpp.obj
[592/759] Building CXX object CMakeFiles/batch19_command_char_regression.dir/C_/Dev/OpenU5-Native/native/targets/tdeck/host_tests/host_stubs/device_smoke_tests_host_stub.cpp.obj
[593/759] Building CXX object CMakeFiles/batch18_well_ceremony_regression.dir/C_/Dev/OpenU5-Native/native/targets/tdeck/main/alpha_resources.cpp.obj
[594/759] Building CXX object CMakeFiles/batch18_well_ceremony_regression.dir/C_/Dev/OpenU5-Native/native/targets/tdeck/main/native_renderer.cpp.obj
[595/759] Building CXX object CMakeFiles/batch3_group_a_tests.dir/tests/batch3_group_a_test.cpp.obj
[596/759] Building CXX object CMakeFiles/batch19_command_char_regression.dir/C_/Dev/OpenU5-Native/native/targets/tdeck/host_tests/batch19_command_char_runtime_test.cpp.obj
[597/759] Building CXX object CMakeFiles/batch19_command_char_regression.dir/C_/Dev/OpenU5-Native/native/targets/tdeck/main/dungeon_art_cache.cpp.obj
[598/759] Building CXX object CMakeFiles/batch19_command_char_regression.dir/C_/Dev/OpenU5-Native/native/targets/tdeck/main/alpha_resources.cpp.obj
[599/759] Building CXX object CMakeFiles/batch4_group_b_tests.dir/tests/batch4_group_b_test.cpp.obj
[600/759] Building CXX object CMakeFiles/batch4_group_a_tests.dir/tests/batch4_group_a_test.cpp.obj
[601/759] Linking CXX executable quest_search_tests.exe
[602/759] Linking CXX executable frontend_tests.exe
[603/759] Linking CXX executable ui_session_tests.exe
[604/759] Linking CXX executable display_names_tests.exe
[605/759] Linking CXX executable batch21b_chest_reset.exe
[606/759] Linking CXX executable debug_labels_tests.exe
[607/759] Linking CXX executable ui_host_harness.exe
[608/759] Building CXX object CMakeFiles/batch3_group_c_tests.dir/tests/batch3_group_c_test.cpp.obj
[609/759] Building CXX object CMakeFiles/batch19_command_char_regression.dir/C_/Dev/OpenU5-Native/native/targets/tdeck/main/native_renderer.cpp.obj
[610/759] Linking CXX executable measure_ui_sizes.exe
[611/759] Linking CXX executable ui_debug_menu_tests.exe
[612/759] Linking CXX executable debug_map_picker_tests.exe
[613/759] Building CXX object CMakeFiles/a3_hf10_mix_parity_runtime.dir/C_/Dev/OpenU5-Native/native/targets/tdeck/main/tdeck_board.cpp.obj
[614/759] Building CXX object CMakeFiles/a3_hf5_dialogue_pacing_runtime.dir/C_/Dev/OpenU5-Native/native/targets/tdeck/main/alpha_runtime.cpp.obj
[615/759] Linking CXX executable debug_developer_tests.exe
[616/759] Linking CXX executable gameplay_integration_tests.exe
[617/759] Linking CXX executable gameplay_driver.exe
[618/759] Linking CXX executable movement_flow_parity_tests.exe
[619/759] Linking CXX executable shop_parity_tests.exe
[620/759] Linking CXX executable dialogue_parity_tests.exe
[621/759] Linking CXX executable persistence_driver.exe
[622/759] Building CXX object CMakeFiles/batch5_tests.dir/tests/batch5_test.cpp.obj
[623/759] Linking CXX executable look_sign_tests.exe
[624/759] Linking CXX executable dungeon_parity_tests.exe
[625/759] Building CXX object CMakeFiles/batch45b_tests.dir/tests/batch45b_test.cpp.obj
[626/759] Linking CXX executable dungeon_flow_parity_tests.exe
[627/759] Linking CXX executable world_flow_parity_tests.exe
[628/759] Linking CXX executable world_flow_adapter_tests.exe
[629/759] Building CXX object CMakeFiles/a3_hf6_shrine_key_wait_runtime.dir/C_/Dev/OpenU5-Native/native/targets/tdeck/main/alpha_runtime.cpp.obj
[630/759] Linking CXX executable shop_flow_tests.exe
[631/759] Linking CXX executable shop_adapter_tests.exe
[632/759] Linking CXX executable transport_flow_parity_tests.exe
[633/759] Linking CXX executable dialogue_adapter_tests.exe
[634/759] Linking CXX executable advanced_combat_parity_tests.exe
[635/759] Building CXX object CMakeFiles/batch15_sacrifice_tests.dir/tests/batch15_sacrifice_test.cpp.obj
[636/759] Building CXX object CMakeFiles/batch12_combat_field_tests.dir/tests/batch12_combat_field_test.cpp.obj
[637/759] Building CXX object CMakeFiles/a3_hf7_ritual_fx_runtime.dir/C_/Dev/OpenU5-Native/native/targets/tdeck/main/alpha_runtime.cpp.obj
[638/759] Building CXX object CMakeFiles/blackthorn_scene_tests.dir/tests/blackthorn_scene_test.cpp.obj
[639/759] Linking CXX executable item_parity_tests.exe
[640/759] Linking CXX executable movement_regression.exe
[641/759] Linking CXX executable core_parity_tests.exe
[642/759] Building CXX object CMakeFiles/batch13_tests.dir/tests/batch13_test.cpp.obj
[643/759] Linking CXX executable combat_parity_tests.exe
[644/759] Linking CXX executable magic_parity_tests.exe
[645/759] Linking CXX executable dungeon_view_regression.exe
[646/759] Linking CXX executable input_regression.exe
[647/759] Linking CXX executable dungeon_input_regression.exe
[648/759] Linking CXX executable travel_parity_tests.exe
[649/759] Linking CXX executable command_parity_tests.exe
[650/759] Linking CXX executable ui_mode_regression.exe
[651/759] Linking CXX executable presentation_regression.exe
[652/759] Linking CXX executable alpha_runtime_integration_regression.exe
[653/759] Linking CXX executable batch22_basement_objects.exe
[654/759] Linking CXX executable batch21a_dungeon_room_regression.exe
[655/759] Linking CXX executable direct_troll_handoff_regression.exe
[656/759] Linking CXX executable turn_parity_tests.exe
[657/759] Linking CXX executable combat_loot_open_regression.exe
[658/759] Linking CXX executable batch24_reload_parity.exe
[659/759] Linking CXX executable action_feedback_regression.exe
[660/759] Linking CXX executable batch23_vault_parity.exe
[661/759] Linking CXX executable batch21a3_combat_active_player.exe
[662/759] Linking CXX executable combat_escape_regression.exe
[663/759] Linking CXX executable gem_view_regression.exe
[664/759] Linking CXX executable dungeon_art_regression.exe
[665/759] Linking CXX executable batch26_dungeon_save.exe
[666/759] Linking CXX executable dungeon_combat_regression.exe
[667/759] Linking CXX executable batch12b_hardware_regression.exe
[668/759] Building CXX object CMakeFiles/a3_hf8_sacrifice_burst_runtime.dir/C_/Dev/OpenU5-Native/native/targets/tdeck/main/alpha_runtime.cpp.obj
[669/759] Linking CXX executable batch27_alt_load.exe
[670/759] Linking CXX executable batch29_rest_wiring.exe
[671/759] Linking CXX executable batch28_save_validation.exe
[672/759] Linking CXX executable batch30_sleep_parity.exe
[673/759] Linking CXX executable batch34_pre_sleep_npc.exe
[674/759] Linking CXX executable batch32_camp_watch.exe
[675/759] Linking CXX executable batch31_h165_dungeon_entry.exe
[676/759] Linking CXX executable batch36_camp_housekeeping.exe
[677/759] Linking CXX executable batch37_bed_viewport.exe
[678/759] Linking CXX executable batch33_cannon_npc_death.exe
[679/759] Building CXX object CMakeFiles/a3_hf10_mix_parity_runtime.dir/C_/Dev/OpenU5-Native/native/targets/tdeck/main/alpha_runtime.cpp.obj
[680/759] Linking CXX executable batch42_advancement_flash.exe
[681/759] Linking CXX executable batch43_sleep_scene.exe
[682/759] Linking CXX executable batch46_camp_invisibility.exe
[683/759] Linking CXX executable batch41_raw_key.exe
[684/759] Linking CXX executable batch35_q_sleep_target.exe
[685/759] Linking CXX executable batch39_party_panel.exe
[686/759] Linking CXX executable batch40_advancement.exe
[687/759] Linking CXX executable batch51_scene_pacing.exe
[688/759] Linking CXX executable batch41_staged_advancement.exe
[689/759] Linking CXX executable batch44_camp_ring_entry.exe
[690/759] Linking CXX executable batch51_camp_pacing.exe
[691/759] Linking CXX executable batch38_camp_duration.exe
[692/759] Linking CXX executable batch53b_moongate_return.exe
[693/759] Linking CXX executable a3_02_sfx_synth.exe
[694/759] Linking CXX executable a3_03_sfx_inventory.exe
[695/759] Linking CXX executable a3_01_audio_contract.exe
[696/759] Linking CXX executable a3_04a_audio_stream.exe
[697/759] Linking CXX executable batch53_release_blockers.exe
[698/759] Linking CXX executable a3_04_music_synth.exe
[699/759] Building CXX object CMakeFiles/batch14_zstats_runtime_regression.dir/C_/Dev/OpenU5-Native/native/targets/tdeck/main/alpha_runtime.cpp.obj
[700/759] Linking CXX executable a3_04b_perf.exe
[701/759] Linking CXX executable a3_01_audio_runtime.exe
[702/759] Linking CXX executable a3_04c_contention.exe
[703/759] Linking CXX executable a3_hf1_arena_loot.exe
[704/759] Linking CXX executable a3_04d_sd_log.exe
[705/759] Linking CXX executable a3_hf3_combat_hit_cue.exe
[706/759] Linking CXX executable a3_04_music_runtime.exe
[707/759] Linking CXX executable a3_04b_perf_runtime.exe
[708/759] Linking CXX executable a3_03_sfx_runtime.exe
[709/759] Linking CXX executable a3_04c_contention_runtime.exe
[710/759] Linking CXX executable a3_hf2_ambient_parity.exe
[711/759] Linking CXX executable a4_ui2_death_music_runtime.exe
[712/759] Linking CXX executable a3_04e_pacing.exe
[713/759] Linking CXX executable a3_04f_render_runtime.exe
[714/759] Linking CXX executable a3_04d_sd_log_runtime.exe
[715/759] Linking CXX executable a3_02_sfx_runtime.exe
[716/759] Linking CXX executable a3_04e_pacing_runtime.exe
[717/759] Linking CXX executable a3_hf3_combat_hit_runtime.exe
[718/759] Linking CXX executable a4_ui2_title_runtime.exe
[719/759] Linking CXX executable a4_ui3_slot_rows.exe
[720/759] Linking CXX executable a3_05_audio_mute.exe
[721/759] Linking CXX executable a4_ui1_chrome_runtime.exe
[722/759] Building CXX object CMakeFiles/batch18_well_ceremony_regression.dir/C_/Dev/OpenU5-Native/native/targets/tdeck/main/alpha_runtime.cpp.obj
[723/759] Linking CXX executable a3_hf2_1_dispatch_log.exe
[724/759] Linking CXX executable a4_ui2_save_menu_runtime.exe
[725/759] Linking CXX executable a4_save1_recovery_runtime.exe
[726/759] Linking CXX executable a3_04g_storage_runtime.exe
[727/759] Linking CXX executable a4_end1_endgame_scene.exe
[728/759] Linking CXX executable a4_save2_slots_runtime.exe
[729/759] Linking CXX executable a3_05_audio_controls.exe
[730/759] Linking CXX executable a4_ui3_save_ux_runtime.exe
[731/759] Linking CXX executable a3_hf5_dialogue_pacing_runtime.exe
[732/759] Linking CXX executable a4_save3_pc_bridge_runtime.exe
[733/759] Linking CXX executable a3_hf4_load_transient_runtime.exe
[734/759] Linking CXX executable a3_hf7_ritual_fx_runtime.exe
[735/759] Linking CXX executable a3_hf6_shrine_key_wait_pacer.exe
[736/759] Building CXX object CMakeFiles/batch19_command_char_regression.dir/C_/Dev/OpenU5-Native/native/targets/tdeck/main/alpha_runtime.cpp.obj
[737/759] Linking CXX executable a3_hf7_ritual_fx.exe
[738/759] Linking CXX executable a3_hf9_refuge_cadence.exe
[739/759] Linking CXX executable a3_hf6_shrine_key_wait_runtime.exe
[740/759] Linking CXX executable a3_hf10_mix_parity_runtime.exe
[741/759] Linking CXX executable a3_hf8_sacrifice_burst_runtime.exe
[742/759] Linking CXX executable a3_hf5_dialogue_pacer.exe
[743/759] Linking CXX executable batch3_group_b_tests.exe
[744/759] Linking CXX executable batch4_group_a_tests.exe
[745/759] Linking CXX executable batch3_group_a_tests.exe
[746/759] Linking CXX executable batch14_zstats_model_tests.exe
[747/759] Linking CXX executable batch14_zstats_runtime_regression.exe
[748/759] Linking CXX executable batch18_well_ceremony_regression.exe
[749/759] Linking CXX executable batch19_command_char_regression.exe
[750/759] Linking CXX executable batch13_tests.exe
[751/759] Linking CXX executable batch4_group_b_tests.exe
[752/759] Linking CXX executable batch5_tests.exe
[753/759] Linking CXX executable batch12_combat_field_tests.exe
[754/759] Linking CXX executable batch3_group_c_tests.exe
[755/759] Linking CXX executable batch17_theft_watchdog_tests.exe
[756/759] Linking CXX executable batch15_sacrifice_tests.exe
[757/759] Linking CXX executable blackthorn_scene_tests.exe
[758/759] Linking CXX executable batch19_command_char_tests.exe
[759/759] Linking CXX executable batch45b_tests.exe
