-- The CXX compiler identification is GNU 16.2.0
-- Detecting CXX compiler ABI info
-- Detecting CXX compiler ABI info - done
-- Check for working CXX compiler: C:/Dev/TamaPoke/.build-tools/w64devkit/bin/c++.exe - skipped
-- Detecting CXX compile features
-- Detecting CXX compile features - done
-- Configuring done (3.9s)
-- Generating done (0.5s)
-- Build files have been written to: <repo>/native/core/build-batch55-final
[1/755] Building CXX object CMakeFiles/openu5_core.dir/src/poison_tick.cpp.obj
[2/755] Building CXX object CMakeFiles/openu5_core.dir/src/scene_timing.cpp.obj
[3/755] Building CXX object CMakeFiles/openu5_core.dir/src/dungeon_encounters.cpp.obj
[4/755] Building CXX object CMakeFiles/openu5_core.dir/src/display_names.cpp.obj
[5/755] Building CXX object CMakeFiles/openu5_core.dir/src/hud.cpp.obj
[6/755] Building CXX object CMakeFiles/openu5_core.dir/src/dungeon_view.cpp.obj
[7/755] Building CXX object CMakeFiles/openu5_core.dir/src/system_menu.cpp.obj
[8/755] Building CXX object CMakeFiles/openu5_core.dir/src/command_char.cpp.obj
[9/755] Building CXX object CMakeFiles/openu5_core.dir/src/intro_view.cpp.obj
[10/755] Building CXX object CMakeFiles/openu5_core.dir/src/world_fx.cpp.obj
[11/755] Building CXX object CMakeFiles/openu5_core.dir/src/frontend.cpp.obj
[12/755] Building CXX object CMakeFiles/openu5_core.dir/src/dungeon.cpp.obj
[13/755] Building CXX object CMakeFiles/openu5_core.dir/src/dungeon_art.cpp.obj
[14/755] Building CXX object CMakeFiles/openu5_core.dir/src/narrative_scene.cpp.obj
[15/755] Building CXX object CMakeFiles/openu5_core.dir/src/rng.cpp.obj
[16/755] Building CXX object CMakeFiles/openu5_core.dir/src/world_terrain.cpp.obj
[17/755] Building CXX object CMakeFiles/openu5_core.dir/src/time.cpp.obj
[18/755] Building CXX object CMakeFiles/openu5_core.dir/src/state.cpp.obj
[19/755] Building CXX object CMakeFiles/openu5_core.dir/src/world_magic.cpp.obj
[20/755] Building CXX object CMakeFiles/openu5_core.dir/src/world.cpp.obj
[21/755] Building CXX object CMakeFiles/openu5_core.dir/src/shrine.cpp.obj
[22/755] Building CXX object CMakeFiles/openu5_core.dir/src/blackthorn_scene.cpp.obj
[23/755] Building CXX object CMakeFiles/openu5_core.dir/src/world_commands.cpp.obj
[24/755] Building CXX object CMakeFiles/openu5_core.dir/src/quest_search.cpp.obj
[25/755] Building CXX object CMakeFiles/openu5_core.dir/src/transport.cpp.obj
[26/755] Building CXX object CMakeFiles/openu5_core.dir/src/presentation.cpp.obj
[27/755] Building CXX object CMakeFiles/openu5_core.dir/src/movement.cpp.obj
[28/755] Building CXX object CMakeFiles/openu5_core.dir/src/dungeon_orchestration.cpp.obj
[29/755] Building CXX object CMakeFiles/openu5_core.dir/src/gem_view.cpp.obj
[30/755] Building CXX object CMakeFiles/openu5_core.dir/src/shops.cpp.obj
[31/755] Building CXX object CMakeFiles/openu5_core.dir/src/look.cpp.obj
[32/755] Building CXX object CMakeFiles/openu5_core.dir/src/loot.cpp.obj
[33/755] Building CXX object CMakeFiles/openu5_core.dir/src/inventory_picker.cpp.obj
[34/755] Building CXX object CMakeFiles/openu5_core.dir/src/quest.cpp.obj
[35/755] Building CXX object CMakeFiles/openu5_core.dir/src/scripted_encounter.cpp.obj
[36/755] Building CXX object CMakeFiles/openu5_core.dir/src/transitions.cpp.obj
[37/755] Building CXX object CMakeFiles/openu5_core.dir/src/outdoor.cpp.obj
[38/755] Building CXX object CMakeFiles/openu5_core.dir/src/pathfind.cpp.obj
[39/755] Building CXX object CMakeFiles/openu5_core.dir/src/inventory.cpp.obj
[40/755] Building CXX object CMakeFiles/openu5_core.dir/src/ui_session.cpp.obj
[41/755] Building CXX object CMakeFiles/openu5_core.dir/src/actors.cpp.obj
[42/755] Building CXX object CMakeFiles/openu5_core.dir/src/magic.cpp.obj
[43/755] Building CXX object CMakeFiles/openu5_core.dir/src/blackthorn.cpp.obj
[44/755] Building CXX object CMakeFiles/openu5_core.dir/src/turn.cpp.obj
[45/755] Building CXX object CMakeFiles/openu5_core.dir/src/zstats.cpp.obj
[46/755] Building CXX object CMakeFiles/openu5_core.dir/src/frontend_settings.cpp.obj
[47/755] Building CXX object CMakeFiles/openu5_core.dir/src/npc_path.cpp.obj
[48/755] Building CXX object CMakeFiles/openu5_core.dir/src/quest_world.cpp.obj
[49/755] Building CXX object CMakeFiles/openu5_core.dir/src/debug_labels.cpp.obj
[50/755] Building CXX object CMakeFiles/openu5_core.dir/src/ui_debug_menu.cpp.obj
[51/755] Building CXX object CMakeFiles/openu5_core.dir/src/dialogue_effects.cpp.obj
[52/755] Building CXX object CMakeFiles/openu5_core.dir/src/rest.cpp.obj
[53/755] Building CXX object CMakeFiles/openu5_core.dir/src/debug_map_picker.cpp.obj
[54/755] Building CXX object CMakeFiles/openu5_core.dir/src/shop_orchestration.cpp.obj
[55/755] Building CXX object CMakeFiles/display_names_tests.dir/tests/display_names_test.cpp.obj
[56/755] Building CXX object CMakeFiles/quest_search_tests.dir/tests/quest_search_test.cpp.obj
[57/755] Building CXX object CMakeFiles/measure_ui_sizes.dir/tools/measure-ui-sizes.cpp.obj
[58/755] Building CXX object CMakeFiles/debug_labels_tests.dir/tests/debug_labels_test.cpp.obj
[59/755] Building CXX object CMakeFiles/openu5_core.dir/src/dialogue_orchestration.cpp.obj
[60/755] Building CXX object CMakeFiles/openu5_core.dir/src/save_json.cpp.obj
[61/755] Building CXX object CMakeFiles/openu5_core.dir/src/debug_developer.cpp.obj
[62/755] Building CXX object CMakeFiles/ui_host_harness.dir/tools/ui_host_harness.cpp.obj
[63/755] Building CXX object CMakeFiles/look_sign_tests.dir/tests/look_sign_test.cpp.obj
[64/755] Building CXX object CMakeFiles/ui_debug_menu_tests.dir/tests/ui_debug_menu_test.cpp.obj
[65/755] Building CXX object CMakeFiles/shop_parity_tests.dir/tests/shop_parity_test.cpp.obj
[66/755] Building CXX object CMakeFiles/movement_flow_parity_tests.dir/tests/movement_flow_parity_test.cpp.obj
[67/755] Building CXX object CMakeFiles/debug_map_picker_tests.dir/tests/debug_map_picker_test.cpp.obj
[68/755] Building CXX object CMakeFiles/world_flow_adapter_tests.dir/tests/world_flow_adapter_test.cpp.obj
[69/755] Building CXX object CMakeFiles/dialogue_adapter_tests.dir/tests/dialogue_adapter_test.cpp.obj
[70/755] Building CXX object CMakeFiles/transport_flow_parity_tests.dir/tests/transport_flow_parity_test.cpp.obj
[71/755] Building CXX object CMakeFiles/shop_adapter_tests.dir/tests/shop_adapter_test.cpp.obj
[72/755] Building CXX object CMakeFiles/batch21b_chest_reset.dir/tests/batch21b_chest_reset_test.cpp.obj
[73/755] Building CXX object CMakeFiles/dungeon_parity_tests.dir/tests/dungeon_parity_test.cpp.obj
[74/755] Building CXX object CMakeFiles/shop_flow_tests.dir/tests/shop_flow_test.cpp.obj
[75/755] Building CXX object CMakeFiles/movement_regression.dir/C_/Dev/OpenU5-Native/native/targets/tdeck/host_tests/movement_test.cpp.obj
[76/755] Building CXX object CMakeFiles/frontend_tests.dir/tests/frontend_test.cpp.obj
[77/755] Building CXX object CMakeFiles/openu5_core.dir/src/commands.cpp.obj
[78/755] Building CXX object CMakeFiles/gameplay_integration_tests.dir/tests/gameplay_integration_test.cpp.obj
[79/755] Building CXX object CMakeFiles/debug_developer_tests.dir/tests/debug_developer_test.cpp.obj
[80/755] Building CXX object CMakeFiles/magic_parity_tests.dir/tests/magic_parity_test.cpp.obj
[81/755] Building CXX object CMakeFiles/core_parity_tests.dir/tests/parity_test.cpp.obj
[82/755] Building CXX object CMakeFiles/ui_session_tests.dir/tests/ui_session_test.cpp.obj
[83/755] Building CXX object CMakeFiles/world_flow_parity_tests.dir/tests/world_flow_parity_test.cpp.obj
[84/755] Building CXX object CMakeFiles/batch21a3_combat_active_player.dir/C_/Dev/OpenU5-Native/native/targets/tdeck/main/input_controller.cpp.obj
[85/755] Building CXX object CMakeFiles/batch21a3_combat_active_player.dir/C_/Dev/OpenU5-Native/native/targets/tdeck/main/ui_input_adapter.cpp.obj
[86/755] Building CXX object CMakeFiles/openu5_core.dir/src/dialogue.cpp.obj
[87/755] Building CXX object CMakeFiles/input_regression.dir/C_/Dev/OpenU5-Native/native/targets/tdeck/main/input_controller.cpp.obj
[88/755] Building CXX object CMakeFiles/dungeon_art_regression.dir/tests/dungeon_art_test.cpp.obj
[89/755] Building CXX object CMakeFiles/gem_view_regression.dir/tests/gem_view_test.cpp.obj
[90/755] Building CXX object CMakeFiles/dungeon_flow_parity_tests.dir/tests/dungeon_flow_parity_test.cpp.obj
[91/755] Building CXX object CMakeFiles/dungeon_view_regression.dir/tests/dungeon_view_test.cpp.obj
[92/755] Building CXX object CMakeFiles/combat_escape_regression.dir/tests/combat_escape_regression_test.cpp.obj
[93/755] Building CXX object CMakeFiles/input_regression.dir/C_/Dev/OpenU5-Native/native/targets/tdeck/main/keyboard_matrix.cpp.obj
[94/755] Building CXX object CMakeFiles/dungeon_input_regression.dir/C_/Dev/OpenU5-Native/native/targets/tdeck/main/input_controller.cpp.obj
[95/755] Building CXX object CMakeFiles/command_parity_tests.dir/tests/command_parity_test.cpp.obj
In file included from C:/Dev/TamaPoke/.build-tools/w64devkit/lib/gcc/x86_64-w64-mingw32/16.2.0/include/c++/vector:67,
                 from <repo>/native/core/tests/command_parity_test.cpp:6:
In function '_ForwardIterator std::uninitialized_copy(_InputIterator, _InputIterator, _ForwardIterator) [with _InputIterator = __gnu_cxx::__normal_iterator<const long long int*, vector<long long int> >; _ForwardIterator = long long int*]',
    inlined from 'constexpr _ForwardIterator std::__uninitialized_copy_a(_InputIterator, _Sentinel, _ForwardIterator, allocator<_Tp>&) [with _InputIterator = __gnu_cxx::__normal_iterator<const long long int*, vector<long long int> >; _Sentinel = __gnu_cxx::__normal_iterator<const long long int*, vector<long long int> >; _ForwardIterator = long long int*; _Tp = long long int]' at C:/Dev/TamaPoke/.build-tools/w64devkit/lib/gcc/x86_64-w64-mingw32/16.2.0/include/c++/bits/stl_uninitialized.h:659:32,
    inlined from 'constexpr void std::vector<_Tp, _Alloc>::_M_range_insert(iterator, _ForwardIterator, _ForwardIterator, std::forward_iterator_tag) [with _ForwardIterator = __gnu_cxx::__normal_iterator<const long long int*, std::vector<long long int> >; _Tp = long long int; _Alloc = std::allocator<long long int>]' at C:/Dev/TamaPoke/.build-tools/w64devkit/lib/gcc/x86_64-w64-mingw32/16.2.0/include/c++/bits/vector.tcc:984:34,
    inlined from 'constexpr std::vector<_Tp, _Alloc>::iterator std::vector<_Tp, _Alloc>::insert(const_iterator, _InputIterator, _InputIterator) [with _InputIterator = __gnu_cxx::__normal_iterator<const long long int*, std::vector<long long int> >; <template-parameter-2-2> = void; _Tp = long long int; _Alloc = std::allocator<long long int>]' at C:/Dev/TamaPoke/.build-tools/w64devkit/lib/gcc/x86_64-w64-mingw32/16.2.0/include/c++/bits/stl_vector.h:1611:19,
    inlined from 'V Harness::run(openu5::Command, bool)' at <repo>/native/core/tests/command_parity_test.cpp:240:17,
    inlined from 'int main(int, char**)' at <repo>/native/core/tests/command_parity_test.cpp:270:20:
C:/Dev/TamaPoke/.build-tools/w64devkit/lib/gcc/x86_64-w64-mingw32/16.2.0/include/c++/bits/stl_uninitialized.h:294:31: warning: 'void* __builtin_memcpy(void*, const void*, long long unsigned int)' writing between 1 and 9223372036854775807 bytes into a region of size 0 overflows the destination [-Wstringop-overflow=]
  294 |               __builtin_memcpy(std::__niter_base(__result),
      |               ~~~~~~~~~~~~~~~~^~~~~~~~~~~~~~~~~~~~~~~~~~~~~
  295 |                                std::__niter_base(__first),
      |                                ~~~~~~~~~~~~~~~~~~~~~~~~~~~
  296 |                                __n * sizeof(_ValT));
      |                                ~~~~~~~~~~~~~~~~~~~~
In file included from C:/Dev/TamaPoke/.build-tools/w64devkit/lib/gcc/x86_64-w64-mingw32/16.2.0/include/c++/x86_64-w64-mingw32/bits/c++allocator.h:33,
                 from C:/Dev/TamaPoke/.build-tools/w64devkit/lib/gcc/x86_64-w64-mingw32/16.2.0/include/c++/bits/allocator.h:46,
                 from C:/Dev/TamaPoke/.build-tools/w64devkit/lib/gcc/x86_64-w64-mingw32/16.2.0/include/c++/string:46,
                 from C:/Dev/TamaPoke/.build-tools/w64devkit/lib/gcc/x86_64-w64-mingw32/16.2.0/include/c++/bits/locale_classes.h:43,
                 from C:/Dev/TamaPoke/.build-tools/w64devkit/lib/gcc/x86_64-w64-mingw32/16.2.0/include/c++/bits/ios_base.h:43,
                 from C:/Dev/TamaPoke/.build-tools/w64devkit/lib/gcc/x86_64-w64-mingw32/16.2.0/include/c++/ios:46,
                 from C:/Dev/TamaPoke/.build-tools/w64devkit/lib/gcc/x86_64-w64-mingw32/16.2.0/include/c++/istream:42,
                 from C:/Dev/TamaPoke/.build-tools/w64devkit/lib/gcc/x86_64-w64-mingw32/16.2.0/include/c++/fstream:42,
                 from <repo>/native/core/tests/command_parity_test.cpp:4:
In member function 'constexpr _Tp* std::__new_allocator<_Tp>::allocate(size_type, const void*) [with _Tp = long long int]',
    inlined from 'constexpr _Tp* std::allocator< <template-parameter-1-1> >::allocate(std::size_t) [with _Tp = long long int]' at C:/Dev/TamaPoke/.build-tools/w64devkit/lib/gcc/x86_64-w64-mingw32/16.2.0/include/c++/bits/allocator.h:206:40,
    inlined from 'static constexpr _Tp* std::allocator_traits<std::allocator<_CharT> >::allocate(allocator_type&, size_type) [with _Tp = long long int]' at C:/Dev/TamaPoke/.build-tools/w64devkit/lib/gcc/x86_64-w64-mingw32/16.2.0/include/c++/bits/alloc_traits.h:638:28,
    inlined from 'constexpr std::_Vector_base<_Tp, _Alloc>::pointer std::_Vector_base<_Tp, _Alloc>::_M_allocate(std::size_t) [with _Tp = long long int; _Alloc = std::allocator<long long int>]' at C:/Dev/TamaPoke/.build-tools/w64devkit/lib/gcc/x86_64-w64-mingw32/16.2.0/include/c++/bits/stl_vector.h:389:33,
    inlined from 'constexpr void std::vector<_Tp, _Alloc>::_M_range_initialize_n(_Iterator, _Sentinel, size_type) [with _Iterator = const long long int*; _Sentinel = const long long int*; _Tp = long long int; _Alloc = std::allocator<long long int>]' at C:/Dev/TamaPoke/.build-tools/w64devkit/lib/gcc/x86_64-w64-mingw32/16.2.0/include/c++/bits/stl_vector.h:1975:23,
    inlined from 'constexpr std::vector<_Tp, _Alloc>::vector(std::initializer_list<_Tp>, const allocator_type&) [with _Tp = long long int; _Alloc = std::allocator<long long int>]' at C:/Dev/TamaPoke/.build-tools/w64devkit/lib/gcc/x86_64-w64-mingw32/16.2.0/include/c++/bits/stl_vector.h:702:23,
    inlined from 'V Harness::run(openu5::Command, bool)' at <repo>/native/core/tests/command_parity_test.cpp:239:84,
    inlined from 'int main(int, char**)' at <repo>/native/core/tests/command_parity_test.cpp:270:20:
C:/Dev/TamaPoke/.build-tools/w64devkit/lib/gcc/x86_64-w64-mingw32/16.2.0/include/c++/bits/new_allocator.h:162:75: note: at offset 40 into destination object of size 40 allocated by 'operator new'
  162 |           return static_cast<_Tp*>(_GLIBCXX_OPERATOR_NEW(__n * sizeof(_Tp)));
      |                                                                           ^
[96/755] Building CXX object CMakeFiles/batch21a3_combat_active_player.dir/C_/Dev/OpenU5-Native/native/targets/tdeck/main/keyboard_matrix.cpp.obj
[97/755] Building CXX object CMakeFiles/openu5_core.dir/src/save_core.cpp.obj
[98/755] Building CXX object CMakeFiles/combat_loot_open_regression.dir/tests/combat_loot_open_regression_test.cpp.obj
[99/755] Building CXX object CMakeFiles/dungeon_input_regression.dir/C_/Dev/OpenU5-Native/native/targets/tdeck/main/ui_input_adapter.cpp.obj
[100/755] Building CXX object CMakeFiles/presentation_regression.dir/tests/presentation_test.cpp.obj
[101/755] Building CXX object CMakeFiles/input_regression.dir/C_/Dev/OpenU5-Native/native/targets/tdeck/main/ui_input_adapter.cpp.obj
[102/755] Building CXX object CMakeFiles/openu5_core.dir/src/persistence.cpp.obj
[103/755] Building CXX object CMakeFiles/dungeon_input_regression.dir/C_/Dev/OpenU5-Native/native/targets/tdeck/main/keyboard_matrix.cpp.obj
[104/755] Building CXX object CMakeFiles/dungeon_combat_regression.dir/C_/Dev/OpenU5-Native/native/targets/tdeck/main/ui_input_adapter.cpp.obj
[105/755] Building CXX object CMakeFiles/dungeon_combat_regression.dir/C_/Dev/OpenU5-Native/native/targets/tdeck/main/input_controller.cpp.obj
[106/755] Building CXX object CMakeFiles/input_regression.dir/C_/Dev/OpenU5-Native/native/targets/tdeck/host_tests/input_test.cpp.obj
[107/755] Building CXX object CMakeFiles/direct_troll_handoff_regression.dir/tests/direct_troll_handoff_test.cpp.obj
[108/755] Building CXX object CMakeFiles/batch21a3_combat_active_player.dir/tests/batch21a3_combat_active_player_test.cpp.obj
[109/755] Building CXX object CMakeFiles/item_parity_tests.dir/tests/item_parity_test.cpp.obj
[110/755] Building CXX object CMakeFiles/dungeon_combat_regression.dir/C_/Dev/OpenU5-Native/native/targets/tdeck/main/keyboard_matrix.cpp.obj
[111/755] Building CXX object CMakeFiles/alpha_runtime_integration_regression.dir/C_/Dev/OpenU5-Native/native/targets/tdeck/host_tests/host_stubs/tdeck_input_host_stub.cpp.obj
[112/755] Building CXX object CMakeFiles/travel_parity_tests.dir/tests/travel_parity_test.cpp.obj
[113/755] Building CXX object CMakeFiles/combat_parity_tests.dir/tests/combat_parity_test.cpp.obj
[114/755] Building CXX object CMakeFiles/alpha_runtime_integration_regression.dir/C_/Dev/OpenU5-Native/native/targets/tdeck/main/input_controller.cpp.obj
[115/755] Building CXX object CMakeFiles/alpha_runtime_integration_regression.dir/C_/Dev/OpenU5-Native/native/targets/tdeck/host_tests/host_stubs/tdeck_board_host_stub.cpp.obj
[116/755] Building CXX object CMakeFiles/alpha_runtime_integration_regression.dir/C_/Dev/OpenU5-Native/native/targets/tdeck/main/ui_input_adapter.cpp.obj
[117/755] Building CXX object CMakeFiles/dialogue_parity_tests.dir/tests/dialogue_parity_test.cpp.obj
[118/755] Building CXX object CMakeFiles/alpha_runtime_integration_regression.dir/C_/Dev/OpenU5-Native/native/targets/tdeck/host_tests/host_stubs/alpha_save_host_stub.cpp.obj
[119/755] Building CXX object CMakeFiles/alpha_runtime_integration_regression.dir/C_/Dev/OpenU5-Native/native/targets/tdeck/main/keyboard_matrix.cpp.obj
[120/755] Building CXX object CMakeFiles/batch12b_hardware_regression.dir/C_/Dev/OpenU5-Native/native/targets/tdeck/main/asset_pack.cpp.obj
[121/755] Building CXX object CMakeFiles/persistence_driver.dir/tests/persistence_driver.cpp.obj
[122/755] Building CXX object CMakeFiles/action_feedback_regression.dir/tests/action_feedback_test.cpp.obj
[123/755] Building CXX object CMakeFiles/advanced_combat_parity_tests.dir/tests/advanced_combat_parity_test.cpp.obj
[124/755] Building CXX object CMakeFiles/alpha_runtime_integration_regression.dir/C_/Dev/OpenU5-Native/native/targets/tdeck/host_tests/alpha_runtime_host_fixture.cpp.obj
[125/755] Building CXX object CMakeFiles/batch21a_dungeon_room_regression.dir/C_/Dev/OpenU5-Native/native/targets/tdeck/host_tests/host_stubs/tdeck_board_host_stub.cpp.obj
[126/755] Building CXX object CMakeFiles/batch21a_dungeon_room_regression.dir/C_/Dev/OpenU5-Native/native/targets/tdeck/host_tests/host_stubs/tdeck_input_host_stub.cpp.obj
[127/755] Building CXX object CMakeFiles/batch12b_hardware_regression.dir/C_/Dev/OpenU5-Native/native/targets/tdeck/main/native_renderer.cpp.obj
[128/755] Building CXX object CMakeFiles/ui_mode_regression.dir/C_/Dev/OpenU5-Native/native/targets/tdeck/host_tests/ui_mode_test.cpp.obj
[129/755] Building CXX object CMakeFiles/batch12b_hardware_regression.dir/C_/Dev/OpenU5-Native/native/targets/tdeck/main/alpha_resources.cpp.obj
[130/755] Building CXX object CMakeFiles/openu5_core.dir/src/gameplay_save.cpp.obj
[131/755] Building CXX object CMakeFiles/alpha_runtime_integration_regression.dir/C_/Dev/OpenU5-Native/native/targets/tdeck/main/asset_pack.cpp.obj
[132/755] Building CXX object CMakeFiles/alpha_runtime_integration_regression.dir/C_/Dev/OpenU5-Native/native/targets/tdeck/host_tests/host_stubs/device_smoke_tests_host_stub.cpp.obj
[133/755] Building CXX object CMakeFiles/batch21a_dungeon_room_regression.dir/C_/Dev/OpenU5-Native/native/targets/tdeck/main/ui_input_adapter.cpp.obj
[134/755] Building CXX object CMakeFiles/batch21a_dungeon_room_regression.dir/C_/Dev/OpenU5-Native/native/targets/tdeck/main/input_controller.cpp.obj
[135/755] Building CXX object CMakeFiles/dungeon_input_regression.dir/C_/Dev/OpenU5-Native/native/targets/tdeck/host_tests/dungeon_input_test.cpp.obj
[136/755] Building CXX object CMakeFiles/batch21a_dungeon_room_regression.dir/C_/Dev/OpenU5-Native/native/targets/tdeck/host_tests/host_stubs/alpha_save_host_stub.cpp.obj
[137/755] Building CXX object CMakeFiles/openu5_core.dir/src/combat.cpp.obj
[138/755] Building CXX object CMakeFiles/alpha_runtime_integration_regression.dir/C_/Dev/OpenU5-Native/native/targets/tdeck/host_tests/alpha_runtime_integration_test.cpp.obj
[139/755] Building CXX object CMakeFiles/alpha_runtime_integration_regression.dir/C_/Dev/OpenU5-Native/native/targets/tdeck/main/dungeon_art_cache.cpp.obj
[140/755] Building CXX object CMakeFiles/batch12b_hardware_regression.dir/C_/Dev/OpenU5-Native/native/targets/tdeck/main/dungeon_art_cache.cpp.obj
[141/755] Building CXX object CMakeFiles/batch12b_hardware_regression.dir/C_/Dev/OpenU5-Native/native/targets/tdeck/host_tests/batch12b_hardware_test.cpp.obj
[142/755] Building CXX object CMakeFiles/batch22_basement_objects.dir/C_/Dev/OpenU5-Native/native/targets/tdeck/host_tests/host_stubs/tdeck_input_host_stub.cpp.obj
[143/755] Building CXX object CMakeFiles/batch21a_dungeon_room_regression.dir/C_/Dev/OpenU5-Native/native/targets/tdeck/host_tests/alpha_runtime_host_fixture.cpp.obj
[144/755] Building CXX object CMakeFiles/batch21a_dungeon_room_regression.dir/C_/Dev/OpenU5-Native/native/targets/tdeck/main/keyboard_matrix.cpp.obj
[145/755] Building CXX object CMakeFiles/alpha_runtime_integration_regression.dir/C_/Dev/OpenU5-Native/native/targets/tdeck/main/alpha_dialogue.cpp.obj
[146/755] Building CXX object CMakeFiles/batch22_basement_objects.dir/C_/Dev/OpenU5-Native/native/targets/tdeck/main/ui_input_adapter.cpp.obj
[147/755] Building CXX object CMakeFiles/batch22_basement_objects.dir/C_/Dev/OpenU5-Native/native/targets/tdeck/main/input_controller.cpp.obj
[148/755] Building CXX object CMakeFiles/batch22_basement_objects.dir/C_/Dev/OpenU5-Native/native/targets/tdeck/host_tests/host_stubs/tdeck_board_host_stub.cpp.obj
[149/755] Building CXX object CMakeFiles/alpha_runtime_integration_regression.dir/C_/Dev/OpenU5-Native/native/targets/tdeck/main/native_renderer.cpp.obj
[150/755] Building CXX object CMakeFiles/alpha_runtime_integration_regression.dir/C_/Dev/OpenU5-Native/native/targets/tdeck/main/alpha_resources.cpp.obj
[151/755] Building CXX object CMakeFiles/batch21a_dungeon_room_regression.dir/C_/Dev/OpenU5-Native/native/targets/tdeck/host_tests/host_stubs/device_smoke_tests_host_stub.cpp.obj
[152/755] Building CXX object CMakeFiles/batch22_basement_objects.dir/C_/Dev/OpenU5-Native/native/targets/tdeck/main/keyboard_matrix.cpp.obj
[153/755] Building CXX object CMakeFiles/batch22_basement_objects.dir/C_/Dev/OpenU5-Native/native/targets/tdeck/host_tests/host_stubs/alpha_save_host_stub.cpp.obj
[154/755] Building CXX object CMakeFiles/dungeon_combat_regression.dir/C_/Dev/OpenU5-Native/native/targets/tdeck/host_tests/dungeon_combat_test.cpp.obj
[155/755] Building CXX object CMakeFiles/batch23_vault_parity.dir/C_/Dev/OpenU5-Native/native/targets/tdeck/host_tests/host_stubs/tdeck_input_host_stub.cpp.obj
[156/755] Building CXX object CMakeFiles/batch22_basement_objects.dir/C_/Dev/OpenU5-Native/native/targets/tdeck/host_tests/alpha_runtime_host_fixture.cpp.obj
[157/755] Building CXX object CMakeFiles/batch21a_dungeon_room_regression.dir/C_/Dev/OpenU5-Native/native/targets/tdeck/main/asset_pack.cpp.obj
[158/755] Building CXX object CMakeFiles/batch23_vault_parity.dir/C_/Dev/OpenU5-Native/native/targets/tdeck/host_tests/host_stubs/tdeck_board_host_stub.cpp.obj
[159/755] Building CXX object CMakeFiles/gameplay_driver.dir/tests/gameplay_driver.cpp.obj
[160/755] Building CXX object CMakeFiles/batch23_vault_parity.dir/C_/Dev/OpenU5-Native/native/targets/tdeck/main/input_controller.cpp.obj
[161/755] Building CXX object CMakeFiles/batch22_basement_objects.dir/C_/Dev/OpenU5-Native/native/targets/tdeck/host_tests/host_stubs/device_smoke_tests_host_stub.cpp.obj
[162/755] Building CXX object CMakeFiles/batch21a_dungeon_room_regression.dir/C_/Dev/OpenU5-Native/native/targets/tdeck/main/alpha_resources.cpp.obj
[163/755] Building CXX object CMakeFiles/batch21a_dungeon_room_regression.dir/C_/Dev/OpenU5-Native/native/targets/tdeck/main/native_renderer.cpp.obj
[164/755] Building CXX object CMakeFiles/batch23_vault_parity.dir/C_/Dev/OpenU5-Native/native/targets/tdeck/main/ui_input_adapter.cpp.obj
[165/755] Building CXX object CMakeFiles/batch23_vault_parity.dir/C_/Dev/OpenU5-Native/native/targets/tdeck/main/keyboard_matrix.cpp.obj
[166/755] Building CXX object CMakeFiles/batch21a_dungeon_room_regression.dir/C_/Dev/OpenU5-Native/native/targets/tdeck/main/alpha_dialogue.cpp.obj
[167/755] Building CXX object CMakeFiles/batch21a_dungeon_room_regression.dir/C_/Dev/OpenU5-Native/native/targets/tdeck/main/dungeon_art_cache.cpp.obj
[168/755] Building CXX object CMakeFiles/batch23_vault_parity.dir/C_/Dev/OpenU5-Native/native/targets/tdeck/host_tests/host_stubs/alpha_save_host_stub.cpp.obj
[169/755] Building CXX object CMakeFiles/batch22_basement_objects.dir/C_/Dev/OpenU5-Native/native/targets/tdeck/main/asset_pack.cpp.obj
[170/755] Building CXX object CMakeFiles/batch22_basement_objects.dir/C_/Dev/OpenU5-Native/native/targets/tdeck/host_tests/batch22_basement_objects_test.cpp.obj
[171/755] Building CXX object CMakeFiles/batch24_reload_parity.dir/C_/Dev/OpenU5-Native/native/targets/tdeck/host_tests/host_stubs/tdeck_input_host_stub.cpp.obj
[172/755] Building CXX object CMakeFiles/batch22_basement_objects.dir/C_/Dev/OpenU5-Native/native/targets/tdeck/main/dungeon_art_cache.cpp.obj
[173/755] Building CXX object CMakeFiles/batch23_vault_parity.dir/C_/Dev/OpenU5-Native/native/targets/tdeck/host_tests/alpha_runtime_host_fixture.cpp.obj
[174/755] Linking CXX static library libopenu5_core.a
[175/755] Building CXX object CMakeFiles/batch24_reload_parity.dir/C_/Dev/OpenU5-Native/native/targets/tdeck/host_tests/host_stubs/tdeck_board_host_stub.cpp.obj
[176/755] Building CXX object CMakeFiles/batch23_vault_parity.dir/C_/Dev/OpenU5-Native/native/targets/tdeck/host_tests/host_stubs/device_smoke_tests_host_stub.cpp.obj
[177/755] Building CXX object CMakeFiles/batch22_basement_objects.dir/C_/Dev/OpenU5-Native/native/targets/tdeck/main/alpha_dialogue.cpp.obj
[178/755] Building CXX object CMakeFiles/batch22_basement_objects.dir/C_/Dev/OpenU5-Native/native/targets/tdeck/main/native_renderer.cpp.obj
[179/755] Building CXX object CMakeFiles/batch24_reload_parity.dir/C_/Dev/OpenU5-Native/native/targets/tdeck/main/input_controller.cpp.obj
[180/755] Building CXX object CMakeFiles/batch22_basement_objects.dir/C_/Dev/OpenU5-Native/native/targets/tdeck/main/alpha_resources.cpp.obj
[181/755] Building CXX object CMakeFiles/batch24_reload_parity.dir/C_/Dev/OpenU5-Native/native/targets/tdeck/main/ui_input_adapter.cpp.obj
[182/755] Building CXX object CMakeFiles/batch24_reload_parity.dir/C_/Dev/OpenU5-Native/native/targets/tdeck/main/keyboard_matrix.cpp.obj
[183/755] Building CXX object CMakeFiles/batch23_vault_parity.dir/C_/Dev/OpenU5-Native/native/targets/tdeck/main/asset_pack.cpp.obj
[184/755] Building CXX object CMakeFiles/batch24_reload_parity.dir/C_/Dev/OpenU5-Native/native/targets/tdeck/host_tests/alpha_runtime_host_fixture.cpp.obj
[185/755] Building CXX object CMakeFiles/batch23_vault_parity.dir/C_/Dev/OpenU5-Native/native/targets/tdeck/main/dungeon_art_cache.cpp.obj
[186/755] Building CXX object CMakeFiles/batch25_shard_ritual.dir/C_/Dev/OpenU5-Native/native/targets/tdeck/host_tests/host_stubs/tdeck_input_host_stub.cpp.obj
[187/755] Building CXX object CMakeFiles/batch25_shard_ritual.dir/C_/Dev/OpenU5-Native/native/targets/tdeck/host_tests/host_stubs/tdeck_board_host_stub.cpp.obj
[188/755] Building CXX object CMakeFiles/batch24_reload_parity.dir/C_/Dev/OpenU5-Native/native/targets/tdeck/host_tests/host_stubs/alpha_save_memory_host_stub.cpp.obj
[189/755] Building CXX object CMakeFiles/batch24_reload_parity.dir/C_/Dev/OpenU5-Native/native/targets/tdeck/main/alpha_save_generation.cpp.obj
[190/755] Building CXX object CMakeFiles/batch23_vault_parity.dir/C_/Dev/OpenU5-Native/native/targets/tdeck/main/alpha_dialogue.cpp.obj
[191/755] Building CXX object CMakeFiles/batch23_vault_parity.dir/C_/Dev/OpenU5-Native/native/targets/tdeck/main/alpha_resources.cpp.obj
[192/755] Building CXX object CMakeFiles/batch24_reload_parity.dir/C_/Dev/OpenU5-Native/native/targets/tdeck/host_tests/host_stubs/device_smoke_tests_host_stub.cpp.obj
[193/755] Building CXX object CMakeFiles/batch21a_dungeon_room_regression.dir/C_/Dev/OpenU5-Native/native/targets/tdeck/host_tests/batch21a_dungeon_room_test.cpp.obj
[194/755] Building CXX object CMakeFiles/batch25_shard_ritual.dir/C_/Dev/OpenU5-Native/native/targets/tdeck/main/input_controller.cpp.obj
[195/755] Building CXX object CMakeFiles/batch23_vault_parity.dir/C_/Dev/OpenU5-Native/native/targets/tdeck/main/native_renderer.cpp.obj
[196/755] Building CXX object CMakeFiles/batch25_shard_ritual.dir/C_/Dev/OpenU5-Native/native/targets/tdeck/main/ui_input_adapter.cpp.obj
[197/755] Building CXX object CMakeFiles/batch24_reload_parity.dir/C_/Dev/OpenU5-Native/native/targets/tdeck/main/asset_pack.cpp.obj
[198/755] Building CXX object CMakeFiles/batch25_shard_ritual.dir/C_/Dev/OpenU5-Native/native/targets/tdeck/host_tests/alpha_runtime_host_fixture.cpp.obj
[199/755] Building CXX object CMakeFiles/batch23_vault_parity.dir/C_/Dev/OpenU5-Native/native/targets/tdeck/host_tests/batch23_vault_parity_test.cpp.obj
[200/755] Building CXX object CMakeFiles/batch25_shard_ritual.dir/C_/Dev/OpenU5-Native/native/targets/tdeck/main/keyboard_matrix.cpp.obj
[201/755] Building CXX object CMakeFiles/batch25_shard_ritual.dir/C_/Dev/OpenU5-Native/native/targets/tdeck/main/alpha_save_generation.cpp.obj
[202/755] Building CXX object CMakeFiles/batch24_reload_parity.dir/C_/Dev/OpenU5-Native/native/targets/tdeck/main/native_renderer.cpp.obj
[203/755] Building CXX object CMakeFiles/batch25_shard_ritual.dir/C_/Dev/OpenU5-Native/native/targets/tdeck/host_tests/host_stubs/alpha_save_memory_host_stub.cpp.obj
[204/755] Building CXX object CMakeFiles/batch26_dungeon_save.dir/C_/Dev/OpenU5-Native/native/targets/tdeck/host_tests/host_stubs/tdeck_input_host_stub.cpp.obj
[205/755] Building CXX object CMakeFiles/batch26_dungeon_save.dir/C_/Dev/OpenU5-Native/native/targets/tdeck/host_tests/host_stubs/tdeck_board_host_stub.cpp.obj
[206/755] Building CXX object CMakeFiles/batch25_shard_ritual.dir/C_/Dev/OpenU5-Native/native/targets/tdeck/host_tests/host_stubs/device_smoke_tests_host_stub.cpp.obj
[207/755] Building CXX object CMakeFiles/batch24_reload_parity.dir/C_/Dev/OpenU5-Native/native/targets/tdeck/main/dungeon_art_cache.cpp.obj
[208/755] Building CXX object CMakeFiles/batch25_shard_ritual.dir/C_/Dev/OpenU5-Native/native/targets/tdeck/host_tests/batch25_shard_ritual_test.cpp.obj
[209/755] Building CXX object CMakeFiles/batch24_reload_parity.dir/C_/Dev/OpenU5-Native/native/targets/tdeck/main/alpha_resources.cpp.obj
[210/755] Building CXX object CMakeFiles/batch24_reload_parity.dir/C_/Dev/OpenU5-Native/native/targets/tdeck/main/alpha_dialogue.cpp.obj
[211/755] Building CXX object CMakeFiles/batch26_dungeon_save.dir/C_/Dev/OpenU5-Native/native/targets/tdeck/main/input_controller.cpp.obj
[212/755] Building CXX object CMakeFiles/batch26_dungeon_save.dir/C_/Dev/OpenU5-Native/native/targets/tdeck/main/ui_input_adapter.cpp.obj
[213/755] Building CXX object CMakeFiles/batch24_reload_parity.dir/C_/Dev/OpenU5-Native/native/targets/tdeck/host_tests/batch24_reload_parity_test.cpp.obj
[214/755] Building CXX object CMakeFiles/batch26_dungeon_save.dir/C_/Dev/OpenU5-Native/native/targets/tdeck/main/keyboard_matrix.cpp.obj
[215/755] Building CXX object CMakeFiles/batch26_dungeon_save.dir/C_/Dev/OpenU5-Native/native/targets/tdeck/host_tests/alpha_runtime_host_fixture.cpp.obj
[216/755] Building CXX object CMakeFiles/quest_driver.dir/tests/quest_driver.cpp.obj
[217/755] Building CXX object CMakeFiles/batch25_shard_ritual.dir/C_/Dev/OpenU5-Native/native/targets/tdeck/main/asset_pack.cpp.obj
[218/755] Building CXX object CMakeFiles/batch25_shard_ritual.dir/C_/Dev/OpenU5-Native/native/targets/tdeck/main/dungeon_art_cache.cpp.obj
[219/755] Building CXX object CMakeFiles/batch26_dungeon_save.dir/C_/Dev/OpenU5-Native/native/targets/tdeck/host_tests/host_stubs/device_smoke_tests_host_stub.cpp.obj
[220/755] Building CXX object CMakeFiles/batch27_alt_load.dir/C_/Dev/OpenU5-Native/native/targets/tdeck/host_tests/host_stubs/tdeck_input_host_stub.cpp.obj
[221/755] Building CXX object CMakeFiles/batch25_shard_ritual.dir/C_/Dev/OpenU5-Native/native/targets/tdeck/main/alpha_resources.cpp.obj
[222/755] Building CXX object CMakeFiles/batch25_shard_ritual.dir/C_/Dev/OpenU5-Native/native/targets/tdeck/main/native_renderer.cpp.obj
[223/755] Building CXX object CMakeFiles/batch25_shard_ritual.dir/C_/Dev/OpenU5-Native/native/targets/tdeck/main/alpha_dialogue.cpp.obj
[224/755] Building CXX object CMakeFiles/batch27_alt_load.dir/C_/Dev/OpenU5-Native/native/targets/tdeck/host_tests/host_stubs/tdeck_board_host_stub.cpp.obj
[225/755] Building CXX object CMakeFiles/alpha_runtime_integration_regression.dir/C_/Dev/OpenU5-Native/native/targets/tdeck/main/alpha_runtime.cpp.obj
[226/755] Building CXX object CMakeFiles/batch26_dungeon_save.dir/C_/Dev/OpenU5-Native/native/targets/tdeck/main/alpha_save_generation.cpp.obj
[227/755] Building CXX object CMakeFiles/batch27_alt_load.dir/C_/Dev/OpenU5-Native/native/targets/tdeck/main/ui_input_adapter.cpp.obj
[228/755] Building CXX object CMakeFiles/batch27_alt_load.dir/C_/Dev/OpenU5-Native/native/targets/tdeck/main/input_controller.cpp.obj
[229/755] Building CXX object CMakeFiles/batch26_dungeon_save.dir/C_/Dev/OpenU5-Native/native/targets/tdeck/host_tests/host_stubs/alpha_save_memory_host_stub.cpp.obj
[230/755] Building CXX object CMakeFiles/batch27_alt_load.dir/C_/Dev/OpenU5-Native/native/targets/tdeck/host_tests/alpha_runtime_host_fixture.cpp.obj
[231/755] Building CXX object CMakeFiles/batch27_alt_load.dir/C_/Dev/OpenU5-Native/native/targets/tdeck/main/keyboard_matrix.cpp.obj
[232/755] Building CXX object CMakeFiles/batch26_dungeon_save.dir/C_/Dev/OpenU5-Native/native/targets/tdeck/main/dungeon_art_cache.cpp.obj
[233/755] Building CXX object CMakeFiles/batch26_dungeon_save.dir/C_/Dev/OpenU5-Native/native/targets/tdeck/main/native_renderer.cpp.obj
[234/755] Building CXX object CMakeFiles/batch27_alt_load.dir/C_/Dev/OpenU5-Native/native/targets/tdeck/host_tests/host_stubs/alpha_save_memory_host_stub.cpp.obj
[235/755] Building CXX object CMakeFiles/batch26_dungeon_save.dir/C_/Dev/OpenU5-Native/native/targets/tdeck/main/asset_pack.cpp.obj
[236/755] Building CXX object CMakeFiles/batch27_alt_load.dir/C_/Dev/OpenU5-Native/native/targets/tdeck/main/alpha_save_generation.cpp.obj
[237/755] Building CXX object CMakeFiles/batch28_save_validation.dir/C_/Dev/OpenU5-Native/native/targets/tdeck/host_tests/host_stubs/tdeck_board_host_stub.cpp.obj
[238/755] Building CXX object CMakeFiles/batch28_save_validation.dir/C_/Dev/OpenU5-Native/native/targets/tdeck/host_tests/host_stubs/tdeck_input_host_stub.cpp.obj
[239/755] Building CXX object CMakeFiles/batch27_alt_load.dir/C_/Dev/OpenU5-Native/native/targets/tdeck/host_tests/host_stubs/device_smoke_tests_host_stub.cpp.obj
[240/755] Building CXX object CMakeFiles/batch28_save_validation.dir/C_/Dev/OpenU5-Native/native/targets/tdeck/main/input_controller.cpp.obj
[241/755] Building CXX object CMakeFiles/batch28_save_validation.dir/C_/Dev/OpenU5-Native/native/targets/tdeck/main/ui_input_adapter.cpp.obj
[242/755] Building CXX object CMakeFiles/batch26_dungeon_save.dir/C_/Dev/OpenU5-Native/native/targets/tdeck/main/alpha_dialogue.cpp.obj
[243/755] Building CXX object CMakeFiles/batch26_dungeon_save.dir/C_/Dev/OpenU5-Native/native/targets/tdeck/main/alpha_resources.cpp.obj
[244/755] Building CXX object CMakeFiles/batch28_save_validation.dir/C_/Dev/OpenU5-Native/native/targets/tdeck/main/keyboard_matrix.cpp.obj
[245/755] Building CXX object CMakeFiles/batch28_save_validation.dir/C_/Dev/OpenU5-Native/native/targets/tdeck/host_tests/alpha_runtime_host_fixture.cpp.obj
[246/755] Building CXX object CMakeFiles/batch27_alt_load.dir/C_/Dev/OpenU5-Native/native/targets/tdeck/main/asset_pack.cpp.obj
[247/755] Building CXX object CMakeFiles/batch21a_dungeon_room_regression.dir/C_/Dev/OpenU5-Native/native/targets/tdeck/main/alpha_runtime.cpp.obj
[248/755] Building CXX object CMakeFiles/batch27_alt_load.dir/C_/Dev/OpenU5-Native/native/targets/tdeck/host_tests/batch27_alt_load_test.cpp.obj
[249/755] Building CXX object CMakeFiles/batch27_alt_load.dir/C_/Dev/OpenU5-Native/native/targets/tdeck/main/dungeon_art_cache.cpp.obj
[250/755] Building CXX object CMakeFiles/batch26_dungeon_save.dir/C_/Dev/OpenU5-Native/native/targets/tdeck/host_tests/batch26_dungeon_save_test.cpp.obj
[251/755] Building CXX object CMakeFiles/batch27_alt_load.dir/C_/Dev/OpenU5-Native/native/targets/tdeck/main/alpha_dialogue.cpp.obj
[252/755] Building CXX object CMakeFiles/batch29_rest_wiring.dir/C_/Dev/OpenU5-Native/native/targets/tdeck/host_tests/host_stubs/tdeck_input_host_stub.cpp.obj
[253/755] Building CXX object CMakeFiles/batch27_alt_load.dir/C_/Dev/OpenU5-Native/native/targets/tdeck/main/native_renderer.cpp.obj
[254/755] Building CXX object CMakeFiles/batch28_save_validation.dir/C_/Dev/OpenU5-Native/native/targets/tdeck/host_tests/host_stubs/alpha_save_memory_host_stub.cpp.obj
[255/755] Building CXX object CMakeFiles/batch22_basement_objects.dir/C_/Dev/OpenU5-Native/native/targets/tdeck/main/alpha_runtime.cpp.obj
[256/755] Building CXX object CMakeFiles/batch28_save_validation.dir/C_/Dev/OpenU5-Native/native/targets/tdeck/main/alpha_save_generation.cpp.obj
[257/755] Building CXX object CMakeFiles/batch27_alt_load.dir/C_/Dev/OpenU5-Native/native/targets/tdeck/main/alpha_resources.cpp.obj
[258/755] Building CXX object CMakeFiles/batch28_save_validation.dir/C_/Dev/OpenU5-Native/native/targets/tdeck/host_tests/host_stubs/device_smoke_tests_host_stub.cpp.obj
[259/755] Building CXX object CMakeFiles/batch29_rest_wiring.dir/C_/Dev/OpenU5-Native/native/targets/tdeck/host_tests/host_stubs/tdeck_board_host_stub.cpp.obj
[260/755] Building CXX object CMakeFiles/batch29_rest_wiring.dir/C_/Dev/OpenU5-Native/native/targets/tdeck/main/input_controller.cpp.obj
[261/755] Building CXX object CMakeFiles/batch29_rest_wiring.dir/C_/Dev/OpenU5-Native/native/targets/tdeck/main/ui_input_adapter.cpp.obj
[262/755] Building CXX object CMakeFiles/batch23_vault_parity.dir/C_/Dev/OpenU5-Native/native/targets/tdeck/main/alpha_runtime.cpp.obj
[263/755] Building CXX object CMakeFiles/batch29_rest_wiring.dir/C_/Dev/OpenU5-Native/native/targets/tdeck/main/keyboard_matrix.cpp.obj
[264/755] Building CXX object CMakeFiles/batch30_sleep_parity.dir/C_/Dev/OpenU5-Native/native/targets/tdeck/host_tests/host_stubs/tdeck_input_host_stub.cpp.obj
[265/755] Building CXX object CMakeFiles/batch28_save_validation.dir/C_/Dev/OpenU5-Native/native/targets/tdeck/main/asset_pack.cpp.obj
[266/755] Building CXX object CMakeFiles/batch29_rest_wiring.dir/C_/Dev/OpenU5-Native/native/targets/tdeck/host_tests/alpha_runtime_host_fixture.cpp.obj
[267/755] Building CXX object CMakeFiles/batch28_save_validation.dir/C_/Dev/OpenU5-Native/native/targets/tdeck/main/dungeon_art_cache.cpp.obj
[268/755] Building CXX object CMakeFiles/batch28_save_validation.dir/C_/Dev/OpenU5-Native/native/targets/tdeck/main/native_renderer.cpp.obj
[269/755] Building CXX object CMakeFiles/batch30_sleep_parity.dir/C_/Dev/OpenU5-Native/native/targets/tdeck/host_tests/host_stubs/tdeck_board_host_stub.cpp.obj
[270/755] Building CXX object CMakeFiles/batch28_save_validation.dir/C_/Dev/OpenU5-Native/native/targets/tdeck/main/alpha_dialogue.cpp.obj
[271/755] Building CXX object CMakeFiles/batch28_save_validation.dir/C_/Dev/OpenU5-Native/native/targets/tdeck/main/alpha_resources.cpp.obj
[272/755] Building CXX object CMakeFiles/batch29_rest_wiring.dir/C_/Dev/OpenU5-Native/native/targets/tdeck/host_tests/host_stubs/device_smoke_tests_host_stub.cpp.obj
[273/755] Building CXX object CMakeFiles/batch29_rest_wiring.dir/C_/Dev/OpenU5-Native/native/targets/tdeck/main/alpha_save_generation.cpp.obj
[274/755] Building CXX object CMakeFiles/batch29_rest_wiring.dir/C_/Dev/OpenU5-Native/native/targets/tdeck/host_tests/host_stubs/alpha_save_memory_host_stub.cpp.obj
[275/755] Building CXX object CMakeFiles/batch30_sleep_parity.dir/C_/Dev/OpenU5-Native/native/targets/tdeck/main/input_controller.cpp.obj
[276/755] Building CXX object CMakeFiles/batch30_sleep_parity.dir/C_/Dev/OpenU5-Native/native/targets/tdeck/main/ui_input_adapter.cpp.obj
[277/755] Building CXX object CMakeFiles/batch29_rest_wiring.dir/C_/Dev/OpenU5-Native/native/targets/tdeck/main/asset_pack.cpp.obj
[278/755] Building CXX object CMakeFiles/batch30_sleep_parity.dir/C_/Dev/OpenU5-Native/native/targets/tdeck/host_tests/alpha_runtime_host_fixture.cpp.obj
[279/755] Building CXX object CMakeFiles/batch30_sleep_parity.dir/C_/Dev/OpenU5-Native/native/targets/tdeck/main/keyboard_matrix.cpp.obj
[280/755] Building CXX object CMakeFiles/batch29_rest_wiring.dir/C_/Dev/OpenU5-Native/native/targets/tdeck/main/dungeon_art_cache.cpp.obj
[281/755] Building CXX object CMakeFiles/batch30_sleep_parity.dir/C_/Dev/OpenU5-Native/native/targets/tdeck/main/alpha_save_generation.cpp.obj
[282/755] Building CXX object CMakeFiles/batch30_sleep_parity.dir/C_/Dev/OpenU5-Native/native/targets/tdeck/host_tests/host_stubs/alpha_save_memory_host_stub.cpp.obj
[283/755] Building CXX object CMakeFiles/turn_parity_tests.dir/tests/turn_parity_test.cpp.obj
[284/755] Building CXX object CMakeFiles/batch24_reload_parity.dir/C_/Dev/OpenU5-Native/native/targets/tdeck/main/alpha_runtime.cpp.obj
[285/755] Building CXX object CMakeFiles/batch29_rest_wiring.dir/C_/Dev/OpenU5-Native/native/targets/tdeck/main/native_renderer.cpp.obj
[286/755] Building CXX object CMakeFiles/batch31_h165_dungeon_entry.dir/C_/Dev/OpenU5-Native/native/targets/tdeck/host_tests/host_stubs/tdeck_input_host_stub.cpp.obj
[287/755] Building CXX object CMakeFiles/batch29_rest_wiring.dir/C_/Dev/OpenU5-Native/native/targets/tdeck/main/alpha_dialogue.cpp.obj
[288/755] Building CXX object CMakeFiles/batch31_h165_dungeon_entry.dir/C_/Dev/OpenU5-Native/native/targets/tdeck/host_tests/host_stubs/tdeck_board_host_stub.cpp.obj
[289/755] Building CXX object CMakeFiles/batch29_rest_wiring.dir/C_/Dev/OpenU5-Native/native/targets/tdeck/main/alpha_resources.cpp.obj
[290/755] Building CXX object CMakeFiles/batch30_sleep_parity.dir/C_/Dev/OpenU5-Native/native/targets/tdeck/host_tests/batch30_sleep_parity_test.cpp.obj
[291/755] Building CXX object CMakeFiles/batch30_sleep_parity.dir/C_/Dev/OpenU5-Native/native/targets/tdeck/host_tests/host_stubs/device_smoke_tests_host_stub.cpp.obj
[292/755] Building CXX object CMakeFiles/batch31_h165_dungeon_entry.dir/C_/Dev/OpenU5-Native/native/targets/tdeck/main/input_controller.cpp.obj
[293/755] Building CXX object CMakeFiles/batch31_h165_dungeon_entry.dir/C_/Dev/OpenU5-Native/native/targets/tdeck/main/ui_input_adapter.cpp.obj
[294/755] Building CXX object CMakeFiles/batch31_h165_dungeon_entry.dir/C_/Dev/OpenU5-Native/native/targets/tdeck/main/keyboard_matrix.cpp.obj
[295/755] Building CXX object CMakeFiles/batch29_rest_wiring.dir/C_/Dev/OpenU5-Native/native/targets/tdeck/host_tests/batch29_rest_wiring_test.cpp.obj
[296/755] Building CXX object CMakeFiles/batch30_sleep_parity.dir/C_/Dev/OpenU5-Native/native/targets/tdeck/main/asset_pack.cpp.obj
[297/755] Building CXX object CMakeFiles/batch31_h165_dungeon_entry.dir/C_/Dev/OpenU5-Native/native/targets/tdeck/host_tests/alpha_runtime_host_fixture.cpp.obj
[298/755] Building CXX object CMakeFiles/batch32_camp_watch.dir/C_/Dev/OpenU5-Native/native/targets/tdeck/host_tests/host_stubs/tdeck_input_host_stub.cpp.obj
[299/755] Building CXX object CMakeFiles/batch30_sleep_parity.dir/C_/Dev/OpenU5-Native/native/targets/tdeck/main/dungeon_art_cache.cpp.obj
[300/755] Building CXX object CMakeFiles/batch32_camp_watch.dir/C_/Dev/OpenU5-Native/native/targets/tdeck/host_tests/host_stubs/tdeck_board_host_stub.cpp.obj
[301/755] Building CXX object CMakeFiles/batch25_shard_ritual.dir/C_/Dev/OpenU5-Native/native/targets/tdeck/main/alpha_runtime.cpp.obj
[302/755] Building CXX object CMakeFiles/batch31_h165_dungeon_entry.dir/C_/Dev/OpenU5-Native/native/targets/tdeck/host_tests/host_stubs/device_smoke_tests_host_stub.cpp.obj
[303/755] Building CXX object CMakeFiles/batch31_h165_dungeon_entry.dir/C_/Dev/OpenU5-Native/native/targets/tdeck/host_tests/batch31_h165_dungeon_entry_test.cpp.obj
[304/755] Building CXX object CMakeFiles/batch31_h165_dungeon_entry.dir/C_/Dev/OpenU5-Native/native/targets/tdeck/main/alpha_save_generation.cpp.obj
[305/755] Building CXX object CMakeFiles/batch30_sleep_parity.dir/C_/Dev/OpenU5-Native/native/targets/tdeck/main/native_renderer.cpp.obj
[306/755] Building CXX object CMakeFiles/batch32_camp_watch.dir/C_/Dev/OpenU5-Native/native/targets/tdeck/main/input_controller.cpp.obj
[307/755] Building CXX object CMakeFiles/batch31_h165_dungeon_entry.dir/C_/Dev/OpenU5-Native/native/targets/tdeck/host_tests/host_stubs/alpha_save_memory_host_stub.cpp.obj
[308/755] Building CXX object CMakeFiles/batch30_sleep_parity.dir/C_/Dev/OpenU5-Native/native/targets/tdeck/main/alpha_resources.cpp.obj
[309/755] Building CXX object CMakeFiles/batch32_camp_watch.dir/C_/Dev/OpenU5-Native/native/targets/tdeck/main/ui_input_adapter.cpp.obj
[310/755] Building CXX object CMakeFiles/batch32_camp_watch.dir/C_/Dev/OpenU5-Native/native/targets/tdeck/main/keyboard_matrix.cpp.obj
[311/755] Building CXX object CMakeFiles/batch30_sleep_parity.dir/C_/Dev/OpenU5-Native/native/targets/tdeck/main/alpha_dialogue.cpp.obj
[312/755] Building CXX object CMakeFiles/batch26_dungeon_save.dir/C_/Dev/OpenU5-Native/native/targets/tdeck/main/alpha_runtime.cpp.obj
[313/755] Building CXX object CMakeFiles/batch31_h165_dungeon_entry.dir/C_/Dev/OpenU5-Native/native/targets/tdeck/main/asset_pack.cpp.obj
[314/755] Building CXX object CMakeFiles/batch28_save_validation.dir/C_/Dev/OpenU5-Native/native/targets/tdeck/host_tests/batch28_save_validation_test.cpp.obj
[315/755] Building CXX object CMakeFiles/batch32_camp_watch.dir/C_/Dev/OpenU5-Native/native/targets/tdeck/host_tests/alpha_runtime_host_fixture.cpp.obj
[316/755] Building CXX object CMakeFiles/batch33_cannon_npc_death.dir/C_/Dev/OpenU5-Native/native/targets/tdeck/host_tests/host_stubs/tdeck_input_host_stub.cpp.obj
[317/755] Building CXX object CMakeFiles/batch33_cannon_npc_death.dir/C_/Dev/OpenU5-Native/native/targets/tdeck/host_tests/host_stubs/tdeck_board_host_stub.cpp.obj
[318/755] Building CXX object CMakeFiles/batch33_cannon_npc_death.dir/C_/Dev/OpenU5-Native/native/targets/tdeck/main/input_controller.cpp.obj
[319/755] Building CXX object CMakeFiles/batch31_h165_dungeon_entry.dir/C_/Dev/OpenU5-Native/native/targets/tdeck/main/dungeon_art_cache.cpp.obj
[320/755] Building CXX object CMakeFiles/batch32_camp_watch.dir/C_/Dev/OpenU5-Native/native/targets/tdeck/host_tests/host_stubs/device_smoke_tests_host_stub.cpp.obj
[321/755] Building CXX object CMakeFiles/batch31_h165_dungeon_entry.dir/C_/Dev/OpenU5-Native/native/targets/tdeck/main/native_renderer.cpp.obj
[322/755] Building CXX object CMakeFiles/batch33_cannon_npc_death.dir/C_/Dev/OpenU5-Native/native/targets/tdeck/main/ui_input_adapter.cpp.obj
[323/755] Building CXX object CMakeFiles/batch32_camp_watch.dir/C_/Dev/OpenU5-Native/native/targets/tdeck/main/alpha_save_generation.cpp.obj
[324/755] Building CXX object CMakeFiles/batch31_h165_dungeon_entry.dir/C_/Dev/OpenU5-Native/native/targets/tdeck/main/alpha_dialogue.cpp.obj
[325/755] Building CXX object CMakeFiles/batch32_camp_watch.dir/C_/Dev/OpenU5-Native/native/targets/tdeck/host_tests/host_stubs/alpha_save_memory_host_stub.cpp.obj
[326/755] Building CXX object CMakeFiles/batch31_h165_dungeon_entry.dir/C_/Dev/OpenU5-Native/native/targets/tdeck/main/alpha_resources.cpp.obj
[327/755] Building CXX object CMakeFiles/batch32_camp_watch.dir/C_/Dev/OpenU5-Native/native/targets/tdeck/host_tests/batch32_camp_watch_test.cpp.obj
[328/755] Building CXX object CMakeFiles/batch33_cannon_npc_death.dir/C_/Dev/OpenU5-Native/native/targets/tdeck/host_tests/alpha_runtime_host_fixture.cpp.obj
[329/755] Building CXX object CMakeFiles/batch33_cannon_npc_death.dir/C_/Dev/OpenU5-Native/native/targets/tdeck/main/keyboard_matrix.cpp.obj
[330/755] Building CXX object CMakeFiles/batch34_pre_sleep_npc.dir/C_/Dev/OpenU5-Native/native/targets/tdeck/host_tests/host_stubs/tdeck_input_host_stub.cpp.obj
[331/755] Building CXX object CMakeFiles/batch32_camp_watch.dir/C_/Dev/OpenU5-Native/native/targets/tdeck/main/asset_pack.cpp.obj
[332/755] Building CXX object CMakeFiles/batch34_pre_sleep_npc.dir/C_/Dev/OpenU5-Native/native/targets/tdeck/main/input_controller.cpp.obj
[333/755] Building CXX object CMakeFiles/batch34_pre_sleep_npc.dir/C_/Dev/OpenU5-Native/native/targets/tdeck/host_tests/host_stubs/tdeck_board_host_stub.cpp.obj
[334/755] Building CXX object CMakeFiles/batch33_cannon_npc_death.dir/C_/Dev/OpenU5-Native/native/targets/tdeck/host_tests/host_stubs/device_smoke_tests_host_stub.cpp.obj
[335/755] Building CXX object CMakeFiles/batch32_camp_watch.dir/C_/Dev/OpenU5-Native/native/targets/tdeck/main/native_renderer.cpp.obj
[336/755] Building CXX object CMakeFiles/batch34_pre_sleep_npc.dir/C_/Dev/OpenU5-Native/native/targets/tdeck/main/ui_input_adapter.cpp.obj
[337/755] Building CXX object CMakeFiles/batch33_cannon_npc_death.dir/C_/Dev/OpenU5-Native/native/targets/tdeck/host_tests/batch33_cannon_npc_death_test.cpp.obj
[338/755] Building CXX object CMakeFiles/batch32_camp_watch.dir/C_/Dev/OpenU5-Native/native/targets/tdeck/main/alpha_resources.cpp.obj
[339/755] Building CXX object CMakeFiles/batch27_alt_load.dir/C_/Dev/OpenU5-Native/native/targets/tdeck/main/alpha_runtime.cpp.obj
[340/755] Building CXX object CMakeFiles/batch33_cannon_npc_death.dir/C_/Dev/OpenU5-Native/native/targets/tdeck/main/alpha_save_generation.cpp.obj
[341/755] Building CXX object CMakeFiles/batch32_camp_watch.dir/C_/Dev/OpenU5-Native/native/targets/tdeck/main/dungeon_art_cache.cpp.obj
[342/755] Building CXX object CMakeFiles/batch33_cannon_npc_death.dir/C_/Dev/OpenU5-Native/native/targets/tdeck/host_tests/host_stubs/alpha_save_memory_host_stub.cpp.obj
[343/755] Building CXX object CMakeFiles/batch32_camp_watch.dir/C_/Dev/OpenU5-Native/native/targets/tdeck/main/alpha_dialogue.cpp.obj
[344/755] Building CXX object CMakeFiles/batch34_pre_sleep_npc.dir/C_/Dev/OpenU5-Native/native/targets/tdeck/main/keyboard_matrix.cpp.obj
[345/755] Building CXX object CMakeFiles/batch33_cannon_npc_death.dir/C_/Dev/OpenU5-Native/native/targets/tdeck/main/asset_pack.cpp.obj
[346/755] Building CXX object CMakeFiles/batch34_pre_sleep_npc.dir/C_/Dev/OpenU5-Native/native/targets/tdeck/host_tests/alpha_runtime_host_fixture.cpp.obj
[347/755] Building CXX object CMakeFiles/batch35_q_sleep_target.dir/C_/Dev/OpenU5-Native/native/targets/tdeck/host_tests/host_stubs/tdeck_input_host_stub.cpp.obj
[348/755] Building CXX object CMakeFiles/batch35_q_sleep_target.dir/C_/Dev/OpenU5-Native/native/targets/tdeck/host_tests/host_stubs/tdeck_board_host_stub.cpp.obj
[349/755] Building CXX object CMakeFiles/batch33_cannon_npc_death.dir/C_/Dev/OpenU5-Native/native/targets/tdeck/main/dungeon_art_cache.cpp.obj
[350/755] Building CXX object CMakeFiles/batch35_q_sleep_target.dir/C_/Dev/OpenU5-Native/native/targets/tdeck/main/input_controller.cpp.obj
[351/755] Building CXX object CMakeFiles/batch35_q_sleep_target.dir/C_/Dev/OpenU5-Native/native/targets/tdeck/main/ui_input_adapter.cpp.obj
[352/755] Building CXX object CMakeFiles/batch33_cannon_npc_death.dir/C_/Dev/OpenU5-Native/native/targets/tdeck/main/native_renderer.cpp.obj
[353/755] Building CXX object CMakeFiles/batch34_pre_sleep_npc.dir/C_/Dev/OpenU5-Native/native/targets/tdeck/host_tests/host_stubs/device_smoke_tests_host_stub.cpp.obj
[354/755] Building CXX object CMakeFiles/batch34_pre_sleep_npc.dir/C_/Dev/OpenU5-Native/native/targets/tdeck/host_tests/host_stubs/alpha_save_memory_host_stub.cpp.obj
[355/755] Building CXX object CMakeFiles/batch35_q_sleep_target.dir/C_/Dev/OpenU5-Native/native/targets/tdeck/main/keyboard_matrix.cpp.obj
[356/755] Building CXX object CMakeFiles/batch34_pre_sleep_npc.dir/C_/Dev/OpenU5-Native/native/targets/tdeck/main/alpha_save_generation.cpp.obj
[357/755] Building CXX object CMakeFiles/batch33_cannon_npc_death.dir/C_/Dev/OpenU5-Native/native/targets/tdeck/main/alpha_resources.cpp.obj
[358/755] Building CXX object CMakeFiles/batch34_pre_sleep_npc.dir/C_/Dev/OpenU5-Native/native/targets/tdeck/host_tests/batch34_pre_sleep_npc_test.cpp.obj
[359/755] Building CXX object CMakeFiles/batch33_cannon_npc_death.dir/C_/Dev/OpenU5-Native/native/targets/tdeck/main/alpha_dialogue.cpp.obj
[360/755] Building CXX object CMakeFiles/batch34_pre_sleep_npc.dir/C_/Dev/OpenU5-Native/native/targets/tdeck/main/asset_pack.cpp.obj
[361/755] Building CXX object CMakeFiles/batch35_q_sleep_target.dir/C_/Dev/OpenU5-Native/native/targets/tdeck/host_tests/alpha_runtime_host_fixture.cpp.obj
[362/755] Building CXX object CMakeFiles/batch28_save_validation.dir/C_/Dev/OpenU5-Native/native/targets/tdeck/main/alpha_runtime.cpp.obj
[363/755] Building CXX object CMakeFiles/batch36_camp_housekeeping.dir/C_/Dev/OpenU5-Native/native/targets/tdeck/host_tests/host_stubs/tdeck_input_host_stub.cpp.obj
[364/755] Building CXX object CMakeFiles/batch29_rest_wiring.dir/C_/Dev/OpenU5-Native/native/targets/tdeck/main/alpha_runtime.cpp.obj
[365/755] Building CXX object CMakeFiles/batch34_pre_sleep_npc.dir/C_/Dev/OpenU5-Native/native/targets/tdeck/main/dungeon_art_cache.cpp.obj
[366/755] Building CXX object CMakeFiles/batch34_pre_sleep_npc.dir/C_/Dev/OpenU5-Native/native/targets/tdeck/main/alpha_dialogue.cpp.obj
[367/755] Building CXX object CMakeFiles/batch35_q_sleep_target.dir/C_/Dev/OpenU5-Native/native/targets/tdeck/main/alpha_save_generation.cpp.obj
[368/755] Building CXX object CMakeFiles/batch35_q_sleep_target.dir/C_/Dev/OpenU5-Native/native/targets/tdeck/host_tests/host_stubs/alpha_save_memory_host_stub.cpp.obj
[369/755] Building CXX object CMakeFiles/batch35_q_sleep_target.dir/C_/Dev/OpenU5-Native/native/targets/tdeck/host_tests/host_stubs/device_smoke_tests_host_stub.cpp.obj
[370/755] Building CXX object CMakeFiles/batch36_camp_housekeeping.dir/C_/Dev/OpenU5-Native/native/targets/tdeck/main/input_controller.cpp.obj
[371/755] Building CXX object CMakeFiles/batch34_pre_sleep_npc.dir/C_/Dev/OpenU5-Native/native/targets/tdeck/main/native_renderer.cpp.obj
[372/755] Building CXX object CMakeFiles/batch36_camp_housekeeping.dir/C_/Dev/OpenU5-Native/native/targets/tdeck/host_tests/host_stubs/tdeck_board_host_stub.cpp.obj
[373/755] Building CXX object CMakeFiles/batch35_q_sleep_target.dir/C_/Dev/OpenU5-Native/native/targets/tdeck/host_tests/batch35_q_sleep_target_test.cpp.obj
[374/755] Building CXX object CMakeFiles/batch36_camp_housekeeping.dir/C_/Dev/OpenU5-Native/native/targets/tdeck/main/ui_input_adapter.cpp.obj
[375/755] Building CXX object CMakeFiles/batch34_pre_sleep_npc.dir/C_/Dev/OpenU5-Native/native/targets/tdeck/main/alpha_resources.cpp.obj
[376/755] Building CXX object CMakeFiles/batch36_camp_housekeeping.dir/C_/Dev/OpenU5-Native/native/targets/tdeck/main/keyboard_matrix.cpp.obj
[377/755] Building CXX object CMakeFiles/batch37_bed_viewport.dir/C_/Dev/OpenU5-Native/native/targets/tdeck/host_tests/host_stubs/tdeck_input_host_stub.cpp.obj
[378/755] Building CXX object CMakeFiles/batch35_q_sleep_target.dir/C_/Dev/OpenU5-Native/native/targets/tdeck/main/asset_pack.cpp.obj
[379/755] Building CXX object CMakeFiles/batch35_q_sleep_target.dir/C_/Dev/OpenU5-Native/native/targets/tdeck/main/alpha_resources.cpp.obj
[380/755] Building CXX object CMakeFiles/batch36_camp_housekeeping.dir/C_/Dev/OpenU5-Native/native/targets/tdeck/main/alpha_save_generation.cpp.obj
[381/755] Building CXX object CMakeFiles/batch36_camp_housekeeping.dir/C_/Dev/OpenU5-Native/native/targets/tdeck/host_tests/alpha_runtime_host_fixture.cpp.obj
[382/755] Building CXX object CMakeFiles/batch35_q_sleep_target.dir/C_/Dev/OpenU5-Native/native/targets/tdeck/main/alpha_dialogue.cpp.obj
[383/755] Building CXX object CMakeFiles/batch36_camp_housekeeping.dir/C_/Dev/OpenU5-Native/native/targets/tdeck/host_tests/host_stubs/device_smoke_tests_host_stub.cpp.obj
[384/755] Building CXX object CMakeFiles/batch35_q_sleep_target.dir/C_/Dev/OpenU5-Native/native/targets/tdeck/main/native_renderer.cpp.obj
[385/755] Building CXX object CMakeFiles/batch36_camp_housekeeping.dir/C_/Dev/OpenU5-Native/native/targets/tdeck/host_tests/host_stubs/alpha_save_memory_host_stub.cpp.obj
[386/755] Building CXX object CMakeFiles/batch37_bed_viewport.dir/C_/Dev/OpenU5-Native/native/targets/tdeck/main/ui_input_adapter.cpp.obj
[387/755] Building CXX object CMakeFiles/batch35_q_sleep_target.dir/C_/Dev/OpenU5-Native/native/targets/tdeck/main/dungeon_art_cache.cpp.obj
[388/755] Building CXX object CMakeFiles/batch37_bed_viewport.dir/C_/Dev/OpenU5-Native/native/targets/tdeck/main/keyboard_matrix.cpp.obj
[389/755] Building CXX object CMakeFiles/batch36_camp_housekeeping.dir/C_/Dev/OpenU5-Native/native/targets/tdeck/host_tests/batch36_camp_housekeeping_test.cpp.obj
[390/755] Building CXX object CMakeFiles/batch37_bed_viewport.dir/C_/Dev/OpenU5-Native/native/targets/tdeck/main/input_controller.cpp.obj
[391/755] Building CXX object CMakeFiles/batch36_camp_housekeeping.dir/C_/Dev/OpenU5-Native/native/targets/tdeck/main/asset_pack.cpp.obj
[392/755] Building CXX object CMakeFiles/batch30_sleep_parity.dir/C_/Dev/OpenU5-Native/native/targets/tdeck/main/alpha_runtime.cpp.obj
[393/755] Building CXX object CMakeFiles/batch37_bed_viewport.dir/C_/Dev/OpenU5-Native/native/targets/tdeck/host_tests/alpha_runtime_host_fixture.cpp.obj
[394/755] Building CXX object CMakeFiles/batch37_bed_viewport.dir/C_/Dev/OpenU5-Native/native/targets/tdeck/host_tests/host_stubs/alpha_save_memory_host_stub.cpp.obj
[395/755] Building CXX object CMakeFiles/batch31_h165_dungeon_entry.dir/C_/Dev/OpenU5-Native/native/targets/tdeck/main/alpha_runtime.cpp.obj
[396/755] Building CXX object CMakeFiles/batch36_camp_housekeeping.dir/C_/Dev/OpenU5-Native/native/targets/tdeck/main/alpha_resources.cpp.obj
[397/755] Building CXX object CMakeFiles/batch39_party_panel.dir/C_/Dev/OpenU5-Native/native/targets/tdeck/host_tests/host_stubs/tdeck_input_host_stub.cpp.obj
[398/755] Building CXX object CMakeFiles/batch36_camp_housekeeping.dir/C_/Dev/OpenU5-Native/native/targets/tdeck/main/dungeon_art_cache.cpp.obj
[399/755] Building CXX object CMakeFiles/batch39_party_panel.dir/C_/Dev/OpenU5-Native/native/targets/tdeck/main/input_controller.cpp.obj
[400/755] Building CXX object CMakeFiles/batch37_bed_viewport.dir/C_/Dev/OpenU5-Native/native/targets/tdeck/main/alpha_save_generation.cpp.obj
[401/755] Building CXX object CMakeFiles/batch39_party_panel.dir/C_/Dev/OpenU5-Native/native/targets/tdeck/main/ui_input_adapter.cpp.obj
[402/755] Building CXX object CMakeFiles/batch37_bed_viewport.dir/C_/Dev/OpenU5-Native/native/targets/tdeck/host_tests/host_stubs/batch37_board_capture_stub.cpp.obj
[403/755] Building CXX object CMakeFiles/batch37_bed_viewport.dir/C_/Dev/OpenU5-Native/native/targets/tdeck/host_tests/host_stubs/device_smoke_tests_host_stub.cpp.obj
[404/755] Building CXX object CMakeFiles/batch36_camp_housekeeping.dir/C_/Dev/OpenU5-Native/native/targets/tdeck/main/native_renderer.cpp.obj
[405/755] Building CXX object CMakeFiles/batch37_bed_viewport.dir/C_/Dev/OpenU5-Native/native/targets/tdeck/main/asset_pack.cpp.obj
[406/755] Building CXX object CMakeFiles/batch36_camp_housekeeping.dir/C_/Dev/OpenU5-Native/native/targets/tdeck/main/alpha_dialogue.cpp.obj
[407/755] Building CXX object CMakeFiles/batch37_bed_viewport.dir/C_/Dev/OpenU5-Native/native/targets/tdeck/host_tests/batch37_bed_viewport_test.cpp.obj
[408/755] Building CXX object CMakeFiles/batch39_party_panel.dir/C_/Dev/OpenU5-Native/native/targets/tdeck/main/keyboard_matrix.cpp.obj
[409/755] Building CXX object CMakeFiles/batch39_party_panel.dir/C_/Dev/OpenU5-Native/native/targets/tdeck/host_tests/alpha_runtime_host_fixture.cpp.obj
[410/755] Building CXX object CMakeFiles/batch41_raw_key.dir/C_/Dev/OpenU5-Native/native/targets/tdeck/host_tests/host_stubs/tdeck_input_host_stub.cpp.obj
[411/755] Building CXX object CMakeFiles/batch37_bed_viewport.dir/C_/Dev/OpenU5-Native/native/targets/tdeck/main/dungeon_art_cache.cpp.obj
[412/755] Building CXX object CMakeFiles/batch37_bed_viewport.dir/C_/Dev/OpenU5-Native/native/targets/tdeck/main/native_renderer.cpp.obj
[413/755] Building CXX object CMakeFiles/batch37_bed_viewport.dir/C_/Dev/OpenU5-Native/native/targets/tdeck/main/alpha_resources.cpp.obj
[414/755] Building CXX object CMakeFiles/batch37_bed_viewport.dir/C_/Dev/OpenU5-Native/native/targets/tdeck/main/alpha_dialogue.cpp.obj
[415/755] Building CXX object CMakeFiles/batch39_party_panel.dir/C_/Dev/OpenU5-Native/native/targets/tdeck/host_tests/host_stubs/device_smoke_tests_host_stub.cpp.obj
[416/755] Building CXX object CMakeFiles/batch41_raw_key.dir/C_/Dev/OpenU5-Native/native/targets/tdeck/main/input_controller.cpp.obj
[417/755] Building CXX object CMakeFiles/batch39_party_panel.dir/C_/Dev/OpenU5-Native/native/targets/tdeck/main/alpha_save_generation.cpp.obj
[418/755] Building CXX object CMakeFiles/batch41_raw_key.dir/C_/Dev/OpenU5-Native/native/targets/tdeck/main/ui_input_adapter.cpp.obj
[419/755] Building CXX object CMakeFiles/batch39_party_panel.dir/C_/Dev/OpenU5-Native/native/targets/tdeck/host_tests/batch39_party_panel_test.cpp.obj
[420/755] Building CXX object CMakeFiles/batch32_camp_watch.dir/C_/Dev/OpenU5-Native/native/targets/tdeck/main/alpha_runtime.cpp.obj
[421/755] Building CXX object CMakeFiles/batch39_party_panel.dir/C_/Dev/OpenU5-Native/native/targets/tdeck/host_tests/host_stubs/batch37_board_capture_stub.cpp.obj
[422/755] Building CXX object CMakeFiles/batch41_raw_key.dir/C_/Dev/OpenU5-Native/native/targets/tdeck/main/keyboard_matrix.cpp.obj
[423/755] Building CXX object CMakeFiles/batch39_party_panel.dir/C_/Dev/OpenU5-Native/native/targets/tdeck/main/asset_pack.cpp.obj
[424/755] Building CXX object CMakeFiles/batch39_party_panel.dir/C_/Dev/OpenU5-Native/native/targets/tdeck/host_tests/host_stubs/alpha_save_memory_host_stub.cpp.obj
[425/755] Building CXX object CMakeFiles/batch39_party_panel.dir/C_/Dev/OpenU5-Native/native/targets/tdeck/main/alpha_resources.cpp.obj
[426/755] Building CXX object CMakeFiles/batch39_party_panel.dir/C_/Dev/OpenU5-Native/native/targets/tdeck/main/dungeon_art_cache.cpp.obj
[427/755] Building CXX object CMakeFiles/batch41_raw_key.dir/C_/Dev/OpenU5-Native/native/targets/tdeck/host_tests/alpha_runtime_host_fixture.cpp.obj
[428/755] Building CXX object CMakeFiles/batch41_raw_key.dir/C_/Dev/OpenU5-Native/native/targets/tdeck/host_tests/host_stubs/alpha_save_memory_host_stub.cpp.obj
[429/755] Building CXX object CMakeFiles/batch39_party_panel.dir/C_/Dev/OpenU5-Native/native/targets/tdeck/main/native_renderer.cpp.obj
[430/755] Building CXX object CMakeFiles/batch33_cannon_npc_death.dir/C_/Dev/OpenU5-Native/native/targets/tdeck/main/alpha_runtime.cpp.obj
[431/755] Building CXX object CMakeFiles/batch41_raw_key.dir/C_/Dev/OpenU5-Native/native/targets/tdeck/main/alpha_save_generation.cpp.obj
[432/755] Building CXX object CMakeFiles/batch42_advancement_flash.dir/C_/Dev/OpenU5-Native/native/targets/tdeck/host_tests/host_stubs/tdeck_input_host_stub.cpp.obj
[433/755] Building CXX object CMakeFiles/batch41_raw_key.dir/C_/Dev/OpenU5-Native/native/targets/tdeck/host_tests/host_stubs/device_smoke_tests_host_stub.cpp.obj
[434/755] Building CXX object CMakeFiles/batch42_advancement_flash.dir/C_/Dev/OpenU5-Native/native/targets/tdeck/main/ui_input_adapter.cpp.obj
[435/755] Building CXX object CMakeFiles/batch42_advancement_flash.dir/C_/Dev/OpenU5-Native/native/targets/tdeck/main/input_controller.cpp.obj
[436/755] Building CXX object CMakeFiles/batch39_party_panel.dir/C_/Dev/OpenU5-Native/native/targets/tdeck/main/alpha_dialogue.cpp.obj
[437/755] Building CXX object CMakeFiles/batch41_raw_key.dir/C_/Dev/OpenU5-Native/native/targets/tdeck/host_tests/host_stubs/batch37_board_capture_stub.cpp.obj
[438/755] Building CXX object CMakeFiles/batch41_raw_key.dir/C_/Dev/OpenU5-Native/native/targets/tdeck/host_tests/batch41_raw_key_test.cpp.obj
[439/755] Building CXX object CMakeFiles/batch42_advancement_flash.dir/C_/Dev/OpenU5-Native/native/targets/tdeck/main/keyboard_matrix.cpp.obj
[440/755] Building CXX object CMakeFiles/batch34_pre_sleep_npc.dir/C_/Dev/OpenU5-Native/native/targets/tdeck/main/alpha_runtime.cpp.obj
[441/755] Building CXX object CMakeFiles/batch41_raw_key.dir/C_/Dev/OpenU5-Native/native/targets/tdeck/main/asset_pack.cpp.obj
[442/755] Building CXX object CMakeFiles/batch42_advancement_flash.dir/C_/Dev/OpenU5-Native/native/targets/tdeck/host_tests/alpha_runtime_host_fixture.cpp.obj
[443/755] Building CXX object CMakeFiles/batch43_sleep_scene.dir/C_/Dev/OpenU5-Native/native/targets/tdeck/host_tests/host_stubs/tdeck_input_host_stub.cpp.obj
[444/755] Building CXX object CMakeFiles/batch41_raw_key.dir/C_/Dev/OpenU5-Native/native/targets/tdeck/main/native_renderer.cpp.obj
[445/755] Building CXX object CMakeFiles/batch42_advancement_flash.dir/C_/Dev/OpenU5-Native/native/targets/tdeck/host_tests/host_stubs/alpha_save_memory_host_stub.cpp.obj
[446/755] Building CXX object CMakeFiles/batch41_raw_key.dir/C_/Dev/OpenU5-Native/native/targets/tdeck/main/dungeon_art_cache.cpp.obj
[447/755] Building CXX object CMakeFiles/batch42_advancement_flash.dir/C_/Dev/OpenU5-Native/native/targets/tdeck/host_tests/host_stubs/device_smoke_tests_host_stub.cpp.obj
[448/755] Building CXX object CMakeFiles/batch41_raw_key.dir/C_/Dev/OpenU5-Native/native/targets/tdeck/main/alpha_resources.cpp.obj
[449/755] Building CXX object CMakeFiles/batch43_sleep_scene.dir/C_/Dev/OpenU5-Native/native/targets/tdeck/main/input_controller.cpp.obj
[450/755] Building CXX object CMakeFiles/batch42_advancement_flash.dir/C_/Dev/OpenU5-Native/native/targets/tdeck/host_tests/batch42_advancement_flash_test.cpp.obj
[451/755] Building CXX object CMakeFiles/batch41_raw_key.dir/C_/Dev/OpenU5-Native/native/targets/tdeck/main/alpha_dialogue.cpp.obj
[452/755] Building CXX object CMakeFiles/batch42_advancement_flash.dir/C_/Dev/OpenU5-Native/native/targets/tdeck/main/alpha_save_generation.cpp.obj
[453/755] Building CXX object CMakeFiles/batch43_sleep_scene.dir/C_/Dev/OpenU5-Native/native/targets/tdeck/main/ui_input_adapter.cpp.obj
[454/755] Building CXX object CMakeFiles/batch42_advancement_flash.dir/C_/Dev/OpenU5-Native/native/targets/tdeck/host_tests/host_stubs/batch37_board_capture_stub.cpp.obj
[455/755] Building CXX object CMakeFiles/batch43_sleep_scene.dir/C_/Dev/OpenU5-Native/native/targets/tdeck/main/keyboard_matrix.cpp.obj
[456/755] Building CXX object CMakeFiles/batch43_sleep_scene.dir/C_/Dev/OpenU5-Native/native/targets/tdeck/host_tests/alpha_runtime_host_fixture.cpp.obj
[457/755] Building CXX object CMakeFiles/batch42_advancement_flash.dir/C_/Dev/OpenU5-Native/native/targets/tdeck/main/asset_pack.cpp.obj
[458/755] Building CXX object CMakeFiles/batch46_camp_invisibility.dir/C_/Dev/OpenU5-Native/native/targets/tdeck/host_tests/host_stubs/tdeck_input_host_stub.cpp.obj
[459/755] Building CXX object CMakeFiles/batch42_advancement_flash.dir/C_/Dev/OpenU5-Native/native/targets/tdeck/main/dungeon_art_cache.cpp.obj
[460/755] Building CXX object CMakeFiles/batch43_sleep_scene.dir/C_/Dev/OpenU5-Native/native/targets/tdeck/main/alpha_save_generation.cpp.obj
[461/755] Building CXX object CMakeFiles/batch43_sleep_scene.dir/C_/Dev/OpenU5-Native/native/targets/tdeck/host_tests/host_stubs/alpha_save_memory_host_stub.cpp.obj
[462/755] Building CXX object CMakeFiles/batch42_advancement_flash.dir/C_/Dev/OpenU5-Native/native/targets/tdeck/main/alpha_dialogue.cpp.obj
[463/755] Building CXX object CMakeFiles/batch35_q_sleep_target.dir/C_/Dev/OpenU5-Native/native/targets/tdeck/main/alpha_runtime.cpp.obj
[464/755] Building CXX object CMakeFiles/batch43_sleep_scene.dir/C_/Dev/OpenU5-Native/native/targets/tdeck/host_tests/host_stubs/device_smoke_tests_host_stub.cpp.obj
[465/755] Building CXX object CMakeFiles/batch42_advancement_flash.dir/C_/Dev/OpenU5-Native/native/targets/tdeck/main/alpha_resources.cpp.obj
[466/755] Building CXX object CMakeFiles/batch46_camp_invisibility.dir/C_/Dev/OpenU5-Native/native/targets/tdeck/main/input_controller.cpp.obj
[467/755] Building CXX object CMakeFiles/batch42_advancement_flash.dir/C_/Dev/OpenU5-Native/native/targets/tdeck/main/native_renderer.cpp.obj
[468/755] Building CXX object CMakeFiles/batch46_camp_invisibility.dir/C_/Dev/OpenU5-Native/native/targets/tdeck/main/ui_input_adapter.cpp.obj
[469/755] Building CXX object CMakeFiles/batch46_camp_invisibility.dir/C_/Dev/OpenU5-Native/native/targets/tdeck/main/keyboard_matrix.cpp.obj
[470/755] Building CXX object CMakeFiles/batch43_sleep_scene.dir/C_/Dev/OpenU5-Native/native/targets/tdeck/host_tests/batch43_sleep_scene_test.cpp.obj
[471/755] Building CXX object CMakeFiles/batch46_camp_invisibility.dir/C_/Dev/OpenU5-Native/native/targets/tdeck/host_tests/alpha_runtime_host_fixture.cpp.obj
[472/755] Building CXX object CMakeFiles/batch43_sleep_scene.dir/C_/Dev/OpenU5-Native/native/targets/tdeck/host_tests/host_stubs/batch37_board_capture_stub.cpp.obj
[473/755] Building CXX object CMakeFiles/batch43_sleep_scene.dir/C_/Dev/OpenU5-Native/native/targets/tdeck/main/dungeon_art_cache.cpp.obj
[474/755] Building CXX object CMakeFiles/batch43_sleep_scene.dir/C_/Dev/OpenU5-Native/native/targets/tdeck/main/asset_pack.cpp.obj
[475/755] Building CXX object CMakeFiles/batch44_camp_ring_entry.dir/C_/Dev/OpenU5-Native/native/targets/tdeck/host_tests/host_stubs/tdeck_input_host_stub.cpp.obj
[476/755] Building CXX object CMakeFiles/batch44_camp_ring_entry.dir/C_/Dev/OpenU5-Native/native/targets/tdeck/host_tests/host_stubs/tdeck_board_host_stub.cpp.obj
[477/755] Building CXX object CMakeFiles/batch44_camp_ring_entry.dir/C_/Dev/OpenU5-Native/native/targets/tdeck/main/input_controller.cpp.obj
[478/755] Building CXX object CMakeFiles/batch43_sleep_scene.dir/C_/Dev/OpenU5-Native/native/targets/tdeck/main/native_renderer.cpp.obj
[479/755] Building CXX object CMakeFiles/batch43_sleep_scene.dir/C_/Dev/OpenU5-Native/native/targets/tdeck/main/alpha_dialogue.cpp.obj
[480/755] Building CXX object CMakeFiles/batch46_camp_invisibility.dir/C_/Dev/OpenU5-Native/native/targets/tdeck/host_tests/host_stubs/device_smoke_tests_host_stub.cpp.obj
[481/755] Building CXX object CMakeFiles/batch46_camp_invisibility.dir/C_/Dev/OpenU5-Native/native/targets/tdeck/main/alpha_save_generation.cpp.obj
[482/755] Building CXX object CMakeFiles/batch36_camp_housekeeping.dir/C_/Dev/OpenU5-Native/native/targets/tdeck/main/alpha_runtime.cpp.obj
[483/755] Building CXX object CMakeFiles/batch44_camp_ring_entry.dir/C_/Dev/OpenU5-Native/native/targets/tdeck/main/ui_input_adapter.cpp.obj
[484/755] Building CXX object CMakeFiles/batch46_camp_invisibility.dir/C_/Dev/OpenU5-Native/native/targets/tdeck/host_tests/host_stubs/alpha_save_memory_host_stub.cpp.obj
[485/755] Building CXX object CMakeFiles/batch44_camp_ring_entry.dir/C_/Dev/OpenU5-Native/native/targets/tdeck/main/keyboard_matrix.cpp.obj
[486/755] Building CXX object CMakeFiles/batch43_sleep_scene.dir/C_/Dev/OpenU5-Native/native/targets/tdeck/main/alpha_resources.cpp.obj
[487/755] Building CXX object CMakeFiles/batch46_camp_invisibility.dir/C_/Dev/OpenU5-Native/native/targets/tdeck/host_tests/host_stubs/batch37_board_capture_stub.cpp.obj
[488/755] Building CXX object CMakeFiles/batch46_camp_invisibility.dir/C_/Dev/OpenU5-Native/native/targets/tdeck/host_tests/batch46_camp_invisibility_test.cpp.obj
[489/755] Building CXX object CMakeFiles/batch44_camp_ring_entry.dir/C_/Dev/OpenU5-Native/native/targets/tdeck/host_tests/alpha_runtime_host_fixture.cpp.obj
[490/755] Building CXX object CMakeFiles/batch46_camp_invisibility.dir/C_/Dev/OpenU5-Native/native/targets/tdeck/main/asset_pack.cpp.obj
[491/755] Building CXX object CMakeFiles/batch38_camp_duration.dir/C_/Dev/OpenU5-Native/native/targets/tdeck/host_tests/host_stubs/tdeck_input_host_stub.cpp.obj
[492/755] Building CXX object CMakeFiles/batch44_camp_ring_entry.dir/C_/Dev/OpenU5-Native/native/targets/tdeck/host_tests/host_stubs/device_smoke_tests_host_stub.cpp.obj
[493/755] Building CXX object CMakeFiles/batch38_camp_duration.dir/C_/Dev/OpenU5-Native/native/targets/tdeck/host_tests/host_stubs/tdeck_board_host_stub.cpp.obj
[494/755] Building CXX object CMakeFiles/batch37_bed_viewport.dir/C_/Dev/OpenU5-Native/native/targets/tdeck/main/alpha_runtime.cpp.obj
[495/755] Building CXX object CMakeFiles/batch44_camp_ring_entry.dir/C_/Dev/OpenU5-Native/native/targets/tdeck/host_tests/host_stubs/alpha_save_memory_host_stub.cpp.obj
[496/755] Building CXX object CMakeFiles/batch46_camp_invisibility.dir/C_/Dev/OpenU5-Native/native/targets/tdeck/main/native_renderer.cpp.obj
[497/755] Building CXX object CMakeFiles/batch38_camp_duration.dir/C_/Dev/OpenU5-Native/native/targets/tdeck/main/ui_input_adapter.cpp.obj
[498/755] Building CXX object CMakeFiles/batch38_camp_duration.dir/C_/Dev/OpenU5-Native/native/targets/tdeck/main/input_controller.cpp.obj
[499/755] Building CXX object CMakeFiles/batch46_camp_invisibility.dir/C_/Dev/OpenU5-Native/native/targets/tdeck/main/dungeon_art_cache.cpp.obj
[500/755] Building CXX object CMakeFiles/batch44_camp_ring_entry.dir/C_/Dev/OpenU5-Native/native/targets/tdeck/main/alpha_save_generation.cpp.obj
[501/755] Building CXX object CMakeFiles/batch46_camp_invisibility.dir/C_/Dev/OpenU5-Native/native/targets/tdeck/main/alpha_resources.cpp.obj
[502/755] Building CXX object CMakeFiles/batch38_camp_duration.dir/C_/Dev/OpenU5-Native/native/targets/tdeck/main/keyboard_matrix.cpp.obj
[503/755] Building CXX object CMakeFiles/batch46_camp_invisibility.dir/C_/Dev/OpenU5-Native/native/targets/tdeck/main/alpha_dialogue.cpp.obj
[504/755] Building CXX object CMakeFiles/batch44_camp_ring_entry.dir/C_/Dev/OpenU5-Native/native/targets/tdeck/main/asset_pack.cpp.obj
[505/755] Building CXX object CMakeFiles/batch44_camp_ring_entry.dir/C_/Dev/OpenU5-Native/native/targets/tdeck/host_tests/batch44_camp_ring_entry_test.cpp.obj
[506/755] Building CXX object CMakeFiles/batch38_camp_duration.dir/C_/Dev/OpenU5-Native/native/targets/tdeck/host_tests/alpha_runtime_host_fixture.cpp.obj
[507/755] Building CXX object CMakeFiles/batch39_party_panel.dir/C_/Dev/OpenU5-Native/native/targets/tdeck/main/alpha_runtime.cpp.obj
[508/755] Building CXX object CMakeFiles/batch44_camp_ring_entry.dir/C_/Dev/OpenU5-Native/native/targets/tdeck/main/dungeon_art_cache.cpp.obj
[509/755] Building CXX object CMakeFiles/batch38_camp_duration.dir/C_/Dev/OpenU5-Native/native/targets/tdeck/host_tests/host_stubs/device_smoke_tests_host_stub.cpp.obj
[510/755] Building CXX object CMakeFiles/batch51_camp_pacing.dir/C_/Dev/OpenU5-Native/native/targets/tdeck/host_tests/host_stubs/tdeck_input_host_stub.cpp.obj
[511/755] Building CXX object CMakeFiles/batch44_camp_ring_entry.dir/C_/Dev/OpenU5-Native/native/targets/tdeck/main/native_renderer.cpp.obj
[512/755] Building CXX object CMakeFiles/batch44_camp_ring_entry.dir/C_/Dev/OpenU5-Native/native/targets/tdeck/main/alpha_dialogue.cpp.obj
[513/755] Building CXX object CMakeFiles/batch38_camp_duration.dir/C_/Dev/OpenU5-Native/native/targets/tdeck/host_tests/host_stubs/alpha_save_memory_host_stub.cpp.obj
[514/755] Building CXX object CMakeFiles/batch38_camp_duration.dir/C_/Dev/OpenU5-Native/native/targets/tdeck/main/alpha_save_generation.cpp.obj
[515/755] Building CXX object CMakeFiles/batch51_camp_pacing.dir/C_/Dev/OpenU5-Native/native/targets/tdeck/main/input_controller.cpp.obj
[516/755] Building CXX object CMakeFiles/batch51_camp_pacing.dir/C_/Dev/OpenU5-Native/native/targets/tdeck/main/ui_input_adapter.cpp.obj
[517/755] Building CXX object CMakeFiles/batch38_camp_duration.dir/C_/Dev/OpenU5-Native/native/targets/tdeck/host_tests/batch38_camp_duration_test.cpp.obj
[518/755] Building CXX object CMakeFiles/batch44_camp_ring_entry.dir/C_/Dev/OpenU5-Native/native/targets/tdeck/main/alpha_resources.cpp.obj
[519/755] Building CXX object CMakeFiles/batch41_staged_advancement.dir/tests/batch41_staged_advancement_test.cpp.obj
[520/755] Building CXX object CMakeFiles/batch51_camp_pacing.dir/C_/Dev/OpenU5-Native/native/targets/tdeck/main/keyboard_matrix.cpp.obj
[521/755] Building CXX object CMakeFiles/batch38_camp_duration.dir/C_/Dev/OpenU5-Native/native/targets/tdeck/main/asset_pack.cpp.obj
[522/755] Building CXX object CMakeFiles/batch51_camp_pacing.dir/C_/Dev/OpenU5-Native/native/targets/tdeck/host_tests/alpha_runtime_host_fixture.cpp.obj
[523/755] Building CXX object CMakeFiles/batch38_camp_duration.dir/C_/Dev/OpenU5-Native/native/targets/tdeck/main/dungeon_art_cache.cpp.obj
[524/755] Building CXX object CMakeFiles/batch38_camp_duration.dir/C_/Dev/OpenU5-Native/native/targets/tdeck/main/native_renderer.cpp.obj
[525/755] Building CXX object CMakeFiles/batch53_release_blockers.dir/C_/Dev/OpenU5-Native/native/targets/tdeck/host_tests/host_stubs/tdeck_input_host_stub.cpp.obj
[526/755] Building CXX object CMakeFiles/batch51_camp_pacing.dir/C_/Dev/OpenU5-Native/native/targets/tdeck/main/alpha_save_generation.cpp.obj
[527/755] Building CXX object CMakeFiles/batch51_camp_pacing.dir/C_/Dev/OpenU5-Native/native/targets/tdeck/host_tests/host_stubs/device_smoke_tests_host_stub.cpp.obj
[528/755] Building CXX object CMakeFiles/batch51_camp_pacing.dir/C_/Dev/OpenU5-Native/native/targets/tdeck/host_tests/host_stubs/alpha_save_memory_host_stub.cpp.obj
[529/755] Building CXX object CMakeFiles/batch38_camp_duration.dir/C_/Dev/OpenU5-Native/native/targets/tdeck/main/alpha_dialogue.cpp.obj
[530/755] Building CXX object CMakeFiles/batch53_release_blockers.dir/C_/Dev/OpenU5-Native/native/targets/tdeck/main/input_controller.cpp.obj
[531/755] Building CXX object CMakeFiles/batch38_camp_duration.dir/C_/Dev/OpenU5-Native/native/targets/tdeck/main/alpha_resources.cpp.obj
[532/755] Building CXX object CMakeFiles/batch53_release_blockers.dir/C_/Dev/OpenU5-Native/native/targets/tdeck/host_tests/host_stubs/tdeck_board_host_stub.cpp.obj
[533/755] Building CXX object CMakeFiles/batch53_release_blockers.dir/C_/Dev/OpenU5-Native/native/targets/tdeck/main/ui_input_adapter.cpp.obj
[534/755] Building CXX object CMakeFiles/batch40_advancement.dir/tests/batch40_advancement_test.cpp.obj
[535/755] Building CXX object CMakeFiles/batch41_raw_key.dir/C_/Dev/OpenU5-Native/native/targets/tdeck/main/alpha_runtime.cpp.obj
[536/755] Building CXX object CMakeFiles/batch53_release_blockers.dir/C_/Dev/OpenU5-Native/native/targets/tdeck/main/keyboard_matrix.cpp.obj
[537/755] Building CXX object CMakeFiles/batch51_camp_pacing.dir/C_/Dev/OpenU5-Native/native/targets/tdeck/host_tests/host_stubs/batch37_board_capture_stub.cpp.obj
[538/755] Building CXX object CMakeFiles/batch51_camp_pacing.dir/C_/Dev/OpenU5-Native/native/targets/tdeck/main/asset_pack.cpp.obj
[539/755] Building CXX object CMakeFiles/batch53_release_blockers.dir/C_/Dev/OpenU5-Native/native/targets/tdeck/host_tests/alpha_runtime_host_fixture.cpp.obj
[540/755] Building CXX object CMakeFiles/batch42_advancement_flash.dir/C_/Dev/OpenU5-Native/native/targets/tdeck/main/alpha_runtime.cpp.obj
[541/755] Building CXX object CMakeFiles/batch51_camp_pacing.dir/C_/Dev/OpenU5-Native/native/targets/tdeck/main/dungeon_art_cache.cpp.obj
[542/755] Building CXX object CMakeFiles/batch51_camp_pacing.dir/C_/Dev/OpenU5-Native/native/targets/tdeck/main/native_renderer.cpp.obj
[543/755] Building CXX object CMakeFiles/batch53a_ending_terminal.dir/C_/Dev/OpenU5-Native/native/targets/tdeck/host_tests/host_stubs/tdeck_input_host_stub.cpp.obj
[544/755] Building CXX object CMakeFiles/batch51_scene_pacing.dir/tests/batch51_scene_pacing_test.cpp.obj
[545/755] Building CXX object CMakeFiles/batch51_camp_pacing.dir/C_/Dev/OpenU5-Native/native/targets/tdeck/main/alpha_resources.cpp.obj
[546/755] Building CXX object CMakeFiles/batch53a_ending_terminal.dir/C_/Dev/OpenU5-Native/native/targets/tdeck/main/input_controller.cpp.obj
[547/755] Building CXX object CMakeFiles/batch53_release_blockers.dir/C_/Dev/OpenU5-Native/native/targets/tdeck/main/alpha_save_generation.cpp.obj
[548/755] Building CXX object CMakeFiles/batch53a_ending_terminal.dir/C_/Dev/OpenU5-Native/native/targets/tdeck/host_tests/host_stubs/tdeck_board_host_stub.cpp.obj
[549/755] Building CXX object CMakeFiles/batch53a_ending_terminal.dir/C_/Dev/OpenU5-Native/native/targets/tdeck/main/ui_input_adapter.cpp.obj
[550/755] Building CXX object CMakeFiles/batch51_camp_pacing.dir/C_/Dev/OpenU5-Native/native/targets/tdeck/host_tests/batch51_camp_pacing_test.cpp.obj
[551/755] Building CXX object CMakeFiles/batch53_release_blockers.dir/C_/Dev/OpenU5-Native/native/targets/tdeck/host_tests/host_stubs/device_smoke_tests_host_stub.cpp.obj
[552/755] Building CXX object CMakeFiles/batch53_release_blockers.dir/C_/Dev/OpenU5-Native/native/targets/tdeck/host_tests/host_stubs/alpha_save_memory_host_stub.cpp.obj
[553/755] Building CXX object CMakeFiles/batch51_camp_pacing.dir/C_/Dev/OpenU5-Native/native/targets/tdeck/main/alpha_dialogue.cpp.obj
[554/755] Building CXX object CMakeFiles/batch53a_ending_terminal.dir/C_/Dev/OpenU5-Native/native/targets/tdeck/main/keyboard_matrix.cpp.obj
[555/755] Building CXX object CMakeFiles/batch53b_moongate_return.dir/C_/Dev/OpenU5-Native/native/targets/tdeck/host_tests/host_stubs/tdeck_input_host_stub.cpp.obj
[556/755] Building CXX object CMakeFiles/batch43_sleep_scene.dir/C_/Dev/OpenU5-Native/native/targets/tdeck/main/alpha_runtime.cpp.obj
[557/755] Building CXX object CMakeFiles/batch53_release_blockers.dir/C_/Dev/OpenU5-Native/native/targets/tdeck/main/asset_pack.cpp.obj
[558/755] Building CXX object CMakeFiles/batch53a_ending_terminal.dir/C_/Dev/OpenU5-Native/native/targets/tdeck/host_tests/alpha_runtime_host_fixture.cpp.obj
[559/755] Building CXX object CMakeFiles/batch53b_moongate_return.dir/C_/Dev/OpenU5-Native/native/targets/tdeck/host_tests/host_stubs/tdeck_board_host_stub.cpp.obj
[560/755] Building CXX object CMakeFiles/batch53_release_blockers.dir/C_/Dev/OpenU5-Native/native/targets/tdeck/main/dungeon_art_cache.cpp.obj
[561/755] Building CXX object CMakeFiles/batch53b_moongate_return.dir/C_/Dev/OpenU5-Native/native/targets/tdeck/main/input_controller.cpp.obj
[562/755] Building CXX object CMakeFiles/batch53_release_blockers.dir/C_/Dev/OpenU5-Native/native/targets/tdeck/main/native_renderer.cpp.obj
[563/755] Building CXX object CMakeFiles/batch53a_ending_terminal.dir/C_/Dev/OpenU5-Native/native/targets/tdeck/main/alpha_save_generation.cpp.obj
[564/755] Building CXX object CMakeFiles/batch53_release_blockers.dir/C_/Dev/OpenU5-Native/native/targets/tdeck/main/alpha_dialogue.cpp.obj
[565/755] Building CXX object CMakeFiles/batch53a_ending_terminal.dir/C_/Dev/OpenU5-Native/native/targets/tdeck/host_tests/host_stubs/device_smoke_tests_host_stub.cpp.obj
[566/755] Building CXX object CMakeFiles/batch53a_ending_terminal.dir/C_/Dev/OpenU5-Native/native/targets/tdeck/host_tests/host_stubs/alpha_save_memory_host_stub.cpp.obj
[567/755] Building CXX object CMakeFiles/batch53_release_blockers.dir/C_/Dev/OpenU5-Native/native/targets/tdeck/main/alpha_resources.cpp.obj
[568/755] Building CXX object CMakeFiles/batch53b_moongate_return.dir/C_/Dev/OpenU5-Native/native/targets/tdeck/main/ui_input_adapter.cpp.obj
[569/755] Building CXX object CMakeFiles/batch53a_ending_terminal.dir/C_/Dev/OpenU5-Native/native/targets/tdeck/main/asset_pack.cpp.obj
[570/755] Building CXX object CMakeFiles/batch53b_moongate_return.dir/C_/Dev/OpenU5-Native/native/targets/tdeck/main/keyboard_matrix.cpp.obj
[571/755] Building CXX object CMakeFiles/batch53b_moongate_return.dir/C_/Dev/OpenU5-Native/native/targets/tdeck/host_tests/alpha_runtime_host_fixture.cpp.obj
[572/755] Building CXX object CMakeFiles/batch14_zstats_runtime_regression.dir/C_/Dev/OpenU5-Native/native/targets/tdeck/host_tests/host_stubs/tdeck_input_host_stub.cpp.obj
[573/755] Building CXX object CMakeFiles/batch46_camp_invisibility.dir/C_/Dev/OpenU5-Native/native/targets/tdeck/main/alpha_runtime.cpp.obj
[574/755] Building CXX object CMakeFiles/batch14_zstats_runtime_regression.dir/C_/Dev/OpenU5-Native/native/targets/tdeck/main/input_controller.cpp.obj
[575/755] Building CXX object CMakeFiles/batch53a_ending_terminal.dir/C_/Dev/OpenU5-Native/native/targets/tdeck/main/alpha_resources.cpp.obj
[576/755] Building CXX object CMakeFiles/batch53a_ending_terminal.dir/C_/Dev/OpenU5-Native/native/targets/tdeck/main/dungeon_art_cache.cpp.obj
[577/755] Building CXX object CMakeFiles/batch14_zstats_runtime_regression.dir/C_/Dev/OpenU5-Native/native/targets/tdeck/host_tests/host_stubs/tdeck_board_host_stub.cpp.obj
[578/755] Building CXX object CMakeFiles/batch53b_moongate_return.dir/C_/Dev/OpenU5-Native/native/targets/tdeck/main/alpha_save_generation.cpp.obj
[579/755] Building CXX object CMakeFiles/batch14_zstats_runtime_regression.dir/C_/Dev/OpenU5-Native/native/targets/tdeck/main/ui_input_adapter.cpp.obj
[580/755] Building CXX object CMakeFiles/batch53b_moongate_return.dir/C_/Dev/OpenU5-Native/native/targets/tdeck/host_tests/host_stubs/device_smoke_tests_host_stub.cpp.obj
[581/755] Building CXX object CMakeFiles/batch53a_ending_terminal.dir/C_/Dev/OpenU5-Native/native/targets/tdeck/main/alpha_dialogue.cpp.obj
[582/755] Building CXX object CMakeFiles/batch53b_moongate_return.dir/C_/Dev/OpenU5-Native/native/targets/tdeck/host_tests/host_stubs/alpha_save_memory_host_stub.cpp.obj
[583/755] Building CXX object CMakeFiles/batch53a_ending_terminal.dir/C_/Dev/OpenU5-Native/native/targets/tdeck/main/native_renderer.cpp.obj
[584/755] Building CXX object CMakeFiles/batch14_zstats_runtime_regression.dir/C_/Dev/OpenU5-Native/native/targets/tdeck/main/keyboard_matrix.cpp.obj
[585/755] Building CXX object CMakeFiles/batch18_well_ceremony_regression.dir/C_/Dev/OpenU5-Native/native/targets/tdeck/host_tests/host_stubs/tdeck_input_host_stub.cpp.obj
[586/755] Building CXX object CMakeFiles/batch14_zstats_runtime_regression.dir/C_/Dev/OpenU5-Native/native/targets/tdeck/host_tests/host_stubs/alpha_save_host_stub.cpp.obj
[587/755] Building CXX object CMakeFiles/batch53b_moongate_return.dir/C_/Dev/OpenU5-Native/native/targets/tdeck/main/asset_pack.cpp.obj
[588/755] Building CXX object CMakeFiles/batch44_camp_ring_entry.dir/C_/Dev/OpenU5-Native/native/targets/tdeck/main/alpha_runtime.cpp.obj
[589/755] Building CXX object CMakeFiles/batch18_well_ceremony_regression.dir/C_/Dev/OpenU5-Native/native/targets/tdeck/main/input_controller.cpp.obj
[590/755] Building CXX object CMakeFiles/batch18_well_ceremony_regression.dir/C_/Dev/OpenU5-Native/native/targets/tdeck/host_tests/host_stubs/tdeck_board_host_stub.cpp.obj
[591/755] Building CXX object CMakeFiles/batch53a_ending_terminal.dir/C_/Dev/OpenU5-Native/native/targets/tdeck/host_tests/batch53a_ending_terminal_test.cpp.obj
[592/755] Building CXX object CMakeFiles/batch14_zstats_runtime_regression.dir/C_/Dev/OpenU5-Native/native/targets/tdeck/host_tests/alpha_runtime_host_fixture.cpp.obj
[593/755] Building CXX object CMakeFiles/batch53b_moongate_return.dir/C_/Dev/OpenU5-Native/native/targets/tdeck/main/dungeon_art_cache.cpp.obj
[594/755] Building CXX object CMakeFiles/batch14_zstats_runtime_regression.dir/C_/Dev/OpenU5-Native/native/targets/tdeck/host_tests/host_stubs/device_smoke_tests_host_stub.cpp.obj
[595/755] Building CXX object CMakeFiles/batch18_well_ceremony_regression.dir/C_/Dev/OpenU5-Native/native/targets/tdeck/main/ui_input_adapter.cpp.obj
[596/755] Building CXX object CMakeFiles/batch18_well_ceremony_regression.dir/C_/Dev/OpenU5-Native/native/targets/tdeck/host_tests/host_stubs/alpha_save_host_stub.cpp.obj
[597/755] Building CXX object CMakeFiles/batch53b_moongate_return.dir/C_/Dev/OpenU5-Native/native/targets/tdeck/main/native_renderer.cpp.obj
[598/755] Building CXX object CMakeFiles/batch18_well_ceremony_regression.dir/C_/Dev/OpenU5-Native/native/targets/tdeck/main/keyboard_matrix.cpp.obj
[599/755] Building CXX object CMakeFiles/batch14_zstats_runtime_regression.dir/C_/Dev/OpenU5-Native/native/targets/tdeck/main/asset_pack.cpp.obj
[600/755] Building CXX object CMakeFiles/batch53b_moongate_return.dir/C_/Dev/OpenU5-Native/native/targets/tdeck/main/alpha_resources.cpp.obj
[601/755] Building CXX object CMakeFiles/batch18_well_ceremony_regression.dir/C_/Dev/OpenU5-Native/native/targets/tdeck/host_tests/alpha_runtime_host_fixture.cpp.obj
[602/755] Building CXX object CMakeFiles/batch53b_moongate_return.dir/C_/Dev/OpenU5-Native/native/targets/tdeck/main/alpha_dialogue.cpp.obj
[603/755] Building CXX object CMakeFiles/batch19_command_char_regression.dir/C_/Dev/OpenU5-Native/native/targets/tdeck/host_tests/host_stubs/tdeck_input_host_stub.cpp.obj
[604/755] Building CXX object CMakeFiles/batch53b_moongate_return.dir/C_/Dev/OpenU5-Native/native/targets/tdeck/host_tests/batch53b_moongate_return_test.cpp.obj
[605/755] Building CXX object CMakeFiles/batch14_zstats_runtime_regression.dir/C_/Dev/OpenU5-Native/native/targets/tdeck/host_tests/batch14_zstats_runtime_test.cpp.obj
[606/755] Building CXX object CMakeFiles/batch19_command_char_regression.dir/C_/Dev/OpenU5-Native/native/targets/tdeck/main/input_controller.cpp.obj
[607/755] Building CXX object CMakeFiles/batch18_well_ceremony_regression.dir/C_/Dev/OpenU5-Native/native/targets/tdeck/host_tests/host_stubs/device_smoke_tests_host_stub.cpp.obj
[608/755] Building CXX object CMakeFiles/batch19_command_char_regression.dir/C_/Dev/OpenU5-Native/native/targets/tdeck/host_tests/host_stubs/tdeck_board_host_stub.cpp.obj
[609/755] Building CXX object CMakeFiles/batch14_zstats_runtime_regression.dir/C_/Dev/OpenU5-Native/native/targets/tdeck/main/dungeon_art_cache.cpp.obj
[610/755] Building CXX object CMakeFiles/batch14_zstats_runtime_regression.dir/C_/Dev/OpenU5-Native/native/targets/tdeck/main/alpha_dialogue.cpp.obj
[611/755] Building CXX object CMakeFiles/batch19_command_char_regression.dir/C_/Dev/OpenU5-Native/native/targets/tdeck/main/ui_input_adapter.cpp.obj
[612/755] Building CXX object CMakeFiles/batch14_zstats_runtime_regression.dir/C_/Dev/OpenU5-Native/native/targets/tdeck/main/native_renderer.cpp.obj
[613/755] Building CXX object CMakeFiles/batch38_camp_duration.dir/C_/Dev/OpenU5-Native/native/targets/tdeck/main/alpha_runtime.cpp.obj
[614/755] Building CXX object CMakeFiles/batch19_command_char_regression.dir/C_/Dev/OpenU5-Native/native/targets/tdeck/main/keyboard_matrix.cpp.obj
[615/755] Building CXX object CMakeFiles/batch14_zstats_runtime_regression.dir/C_/Dev/OpenU5-Native/native/targets/tdeck/main/alpha_resources.cpp.obj
[616/755] Building CXX object CMakeFiles/batch19_command_char_regression.dir/C_/Dev/OpenU5-Native/native/targets/tdeck/host_tests/host_stubs/alpha_save_host_stub.cpp.obj
[617/755] Building CXX object CMakeFiles/batch18_well_ceremony_regression.dir/C_/Dev/OpenU5-Native/native/targets/tdeck/host_tests/batch18_well_ceremony_test.cpp.obj
[618/755] Building CXX object CMakeFiles/batch19_command_char_regression.dir/C_/Dev/OpenU5-Native/native/targets/tdeck/host_tests/alpha_runtime_host_fixture.cpp.obj
[619/755] Building CXX object CMakeFiles/batch18_well_ceremony_regression.dir/C_/Dev/OpenU5-Native/native/targets/tdeck/main/asset_pack.cpp.obj
[620/755] Building CXX object CMakeFiles/batch18_well_ceremony_regression.dir/C_/Dev/OpenU5-Native/native/targets/tdeck/main/native_renderer.cpp.obj
[621/755] Building CXX object CMakeFiles/batch18_well_ceremony_regression.dir/C_/Dev/OpenU5-Native/native/targets/tdeck/main/alpha_resources.cpp.obj
[622/755] Building CXX object CMakeFiles/batch18_well_ceremony_regression.dir/C_/Dev/OpenU5-Native/native/targets/tdeck/main/dungeon_art_cache.cpp.obj
[623/755] Building CXX object CMakeFiles/batch53_release_blockers.dir/C_/Dev/OpenU5-Native/native/targets/tdeck/host_tests/batch53_release_blockers_test.cpp.obj
[624/755] Building CXX object CMakeFiles/batch19_command_char_regression.dir/C_/Dev/OpenU5-Native/native/targets/tdeck/host_tests/host_stubs/device_smoke_tests_host_stub.cpp.obj
[625/755] Building CXX object CMakeFiles/batch18_well_ceremony_regression.dir/C_/Dev/OpenU5-Native/native/targets/tdeck/main/alpha_dialogue.cpp.obj
[626/755] Building CXX object CMakeFiles/batch14_zstats_model_tests.dir/tests/batch14_zstats_model_test.cpp.obj
[627/755] Building CXX object CMakeFiles/alpha_resource_capacity_tests.dir/tests/alpha_resource_capacity_test.cpp.obj
[628/755] Building CXX object CMakeFiles/batch51_camp_pacing.dir/C_/Dev/OpenU5-Native/native/targets/tdeck/main/alpha_runtime.cpp.obj
[629/755] Building CXX object CMakeFiles/batch19_command_char_regression.dir/C_/Dev/OpenU5-Native/native/targets/tdeck/main/asset_pack.cpp.obj
[630/755] Building CXX object CMakeFiles/batch19_command_char_regression.dir/C_/Dev/OpenU5-Native/native/targets/tdeck/host_tests/batch19_command_char_runtime_test.cpp.obj
[631/755] Building CXX object CMakeFiles/batch3_group_a_tests.dir/tests/batch3_group_a_test.cpp.obj
[632/755] Building CXX object CMakeFiles/batch19_command_char_regression.dir/C_/Dev/OpenU5-Native/native/targets/tdeck/main/dungeon_art_cache.cpp.obj
[633/755] Building CXX object CMakeFiles/batch3_group_b_tests.dir/tests/batch3_group_b_test.cpp.obj
[634/755] Building CXX object CMakeFiles/batch53_release_blockers.dir/C_/Dev/OpenU5-Native/native/targets/tdeck/main/alpha_runtime.cpp.obj
[635/755] Building CXX object CMakeFiles/batch19_command_char_regression.dir/C_/Dev/OpenU5-Native/native/targets/tdeck/main/native_renderer.cpp.obj
[636/755] Building CXX object CMakeFiles/batch4_group_b_tests.dir/tests/batch4_group_b_test.cpp.obj
[637/755] Building CXX object CMakeFiles/batch4_group_a_tests.dir/tests/batch4_group_a_test.cpp.obj
[638/755] Building CXX object CMakeFiles/batch19_command_char_regression.dir/C_/Dev/OpenU5-Native/native/targets/tdeck/main/alpha_resources.cpp.obj
[639/755] Building CXX object CMakeFiles/batch3_group_c_tests.dir/tests/batch3_group_c_test.cpp.obj
[640/755] Building CXX object CMakeFiles/batch19_command_char_regression.dir/C_/Dev/OpenU5-Native/native/targets/tdeck/main/alpha_dialogue.cpp.obj
[641/755] Linking CXX executable ui_session_tests.exe
[642/755] Linking CXX executable debug_labels_tests.exe
[643/755] Building CXX object CMakeFiles/batch7b_tests.dir/tests/batch7b_test.cpp.obj
[644/755] Linking CXX executable ui_host_harness.exe
[645/755] Linking CXX executable display_names_tests.exe
[646/755] Linking CXX executable quest_search_tests.exe
[647/755] Linking CXX executable batch21b_chest_reset.exe
[648/755] Linking CXX executable frontend_tests.exe
[649/755] Linking CXX executable ui_debug_menu_tests.exe
[650/755] Linking CXX executable measure_ui_sizes.exe
[651/755] Linking CXX executable debug_map_picker_tests.exe
[652/755] Linking CXX executable debug_developer_tests.exe
[653/755] Linking CXX executable look_sign_tests.exe
[654/755] Linking CXX executable gameplay_integration_tests.exe
[655/755] Linking CXX executable movement_flow_parity_tests.exe
[656/755] Linking CXX executable gameplay_driver.exe
[657/755] Building CXX object CMakeFiles/batch53a_ending_terminal.dir/C_/Dev/OpenU5-Native/native/targets/tdeck/main/alpha_runtime.cpp.obj
[658/755] Building CXX object CMakeFiles/batch15_sacrifice_tests.dir/tests/batch15_sacrifice_test.cpp.obj
[659/755] Building CXX object CMakeFiles/batch19_command_char_tests.dir/tests/batch19_command_char_test.cpp.obj
[660/755] Linking CXX executable shop_parity_tests.exe
[661/755] Linking CXX executable core_parity_tests.exe
[662/755] Building CXX object CMakeFiles/batch17_theft_watchdog_tests.dir/tests/batch17_theft_watchdog_test.cpp.obj
[663/755] Linking CXX executable quest_driver.exe
[664/755] Linking CXX executable shop_flow_tests.exe
[665/755] Building CXX object CMakeFiles/batch5_tests.dir/tests/batch5_test.cpp.obj
[666/755] Linking CXX executable dialogue_parity_tests.exe
[667/755] Linking CXX executable dungeon_flow_parity_tests.exe
[668/755] Linking CXX executable transport_flow_parity_tests.exe
[669/755] Linking CXX executable dialogue_adapter_tests.exe
[670/755] Linking CXX executable shop_adapter_tests.exe
[671/755] Linking CXX executable persistence_driver.exe
[672/755] Linking CXX executable world_flow_adapter_tests.exe
[673/755] Building CXX object CMakeFiles/batch45b_tests.dir/tests/batch45b_test.cpp.obj
[674/755] Linking CXX executable world_flow_parity_tests.exe
[675/755] Building CXX object CMakeFiles/batch12_combat_field_tests.dir/tests/batch12_combat_field_test.cpp.obj
[676/755] Linking CXX executable advanced_combat_parity_tests.exe
[677/755] Linking CXX executable movement_regression.exe
[678/755] Linking CXX executable dungeon_parity_tests.exe
[679/755] Linking CXX executable command_parity_tests.exe
[680/755] Linking CXX executable combat_parity_tests.exe
[681/755] Linking CXX executable magic_parity_tests.exe
[682/755] Linking CXX executable turn_parity_tests.exe
[683/755] Linking CXX executable item_parity_tests.exe
[684/755] Linking CXX executable input_regression.exe
[685/755] Linking CXX executable dungeon_input_regression.exe
[686/755] Linking CXX executable travel_parity_tests.exe
[687/755] Linking CXX executable dungeon_art_regression.exe
[688/755] Linking CXX executable ui_mode_regression.exe
[689/755] Linking CXX executable alpha_runtime_integration_regression.exe
[690/755] Linking CXX executable batch22_basement_objects.exe
[691/755] Linking CXX executable batch21a_dungeon_room_regression.exe
[692/755] Linking CXX executable gem_view_regression.exe
[693/755] Building CXX object CMakeFiles/batch53b_moongate_return.dir/C_/Dev/OpenU5-Native/native/targets/tdeck/main/alpha_runtime.cpp.obj
[694/755] Linking CXX executable dungeon_combat_regression.exe
[695/755] Linking CXX executable combat_loot_open_regression.exe
[696/755] Linking CXX executable presentation_regression.exe
[697/755] Linking CXX executable combat_escape_regression.exe
[698/755] Linking CXX executable direct_troll_handoff_regression.exe
[699/755] Linking CXX executable dungeon_view_regression.exe
[700/755] Linking CXX executable batch23_vault_parity.exe
[701/755] Linking CXX executable batch21a3_combat_active_player.exe
[702/755] Linking CXX executable batch12b_hardware_regression.exe
[703/755] Linking CXX executable batch24_reload_parity.exe
[704/755] Linking CXX executable action_feedback_regression.exe
[705/755] Linking CXX executable batch25_shard_ritual.exe
[706/755] Linking CXX executable batch26_dungeon_save.exe
[707/755] Linking CXX executable batch30_sleep_parity.exe
[708/755] Building CXX object CMakeFiles/blackthorn_scene_tests.dir/tests/blackthorn_scene_test.cpp.obj
[709/755] Linking CXX executable batch31_h165_dungeon_entry.exe
[710/755] Linking CXX executable batch27_alt_load.exe
[711/755] Linking CXX executable batch29_rest_wiring.exe
[712/755] Linking CXX executable batch28_save_validation.exe
[713/755] Linking CXX executable batch32_camp_watch.exe
[714/755] Building CXX object CMakeFiles/batch13_tests.dir/tests/batch13_test.cpp.obj
[715/755] Building CXX object CMakeFiles/batch14_zstats_runtime_regression.dir/C_/Dev/OpenU5-Native/native/targets/tdeck/main/alpha_runtime.cpp.obj
[716/755] Linking CXX executable batch33_cannon_npc_death.exe
[717/755] Linking CXX executable batch34_pre_sleep_npc.exe
[718/755] Linking CXX executable batch36_camp_housekeeping.exe
[719/755] Linking CXX executable batch46_camp_invisibility.exe
[720/755] Linking CXX executable batch42_advancement_flash.exe
[721/755] Linking CXX executable batch41_raw_key.exe
[722/755] Linking CXX executable batch35_q_sleep_target.exe
[723/755] Linking CXX executable batch43_sleep_scene.exe
[724/755] Linking CXX executable batch51_scene_pacing.exe
[725/755] Linking CXX executable batch39_party_panel.exe
[726/755] Linking CXX executable batch40_advancement.exe
[727/755] Linking CXX executable batch41_staged_advancement.exe
[728/755] Linking CXX executable batch37_bed_viewport.exe
[729/755] Linking CXX executable batch44_camp_ring_entry.exe
[730/755] Linking CXX executable batch38_camp_duration.exe
[731/755] Linking CXX executable batch51_camp_pacing.exe
[732/755] Linking CXX executable batch53b_moongate_return.exe
[733/755] Linking CXX executable batch53a_ending_terminal.exe
[734/755] Linking CXX executable batch14_zstats_model_tests.exe
[735/755] Linking CXX executable alpha_resource_capacity_tests.exe
[736/755] Linking CXX executable batch14_zstats_runtime_regression.exe
[737/755] Linking CXX executable batch3_group_b_tests.exe
[738/755] Linking CXX executable batch3_group_c_tests.exe
[739/755] Linking CXX executable batch3_group_a_tests.exe
[740/755] Building CXX object CMakeFiles/batch18_well_ceremony_regression.dir/C_/Dev/OpenU5-Native/native/targets/tdeck/main/alpha_runtime.cpp.obj
[741/755] Linking CXX executable batch53_release_blockers.exe
[742/755] Linking CXX executable batch12_combat_field_tests.exe
[743/755] Linking CXX executable batch4_group_b_tests.exe
[744/755] Linking CXX executable batch7b_tests.exe
[745/755] Linking CXX executable batch4_group_a_tests.exe
[746/755] Linking CXX executable batch5_tests.exe
[747/755] Linking CXX executable batch15_sacrifice_tests.exe
[748/755] Linking CXX executable batch13_tests.exe
[749/755] Linking CXX executable batch17_theft_watchdog_tests.exe
[750/755] Linking CXX executable batch19_command_char_tests.exe
[751/755] Linking CXX executable batch45b_tests.exe
[752/755] Linking CXX executable blackthorn_scene_tests.exe
[753/755] Linking CXX executable batch18_well_ceremony_regression.exe
[754/755] Building CXX object CMakeFiles/batch19_command_char_regression.dir/C_/Dev/OpenU5-Native/native/targets/tdeck/main/alpha_runtime.cpp.obj
[755/755] Linking CXX executable batch19_command_char_regression.exe
exit=0 elapsed=65s
