0 0 0 623181028 2231218327 3556703997 2909918663
0 0 1 4259972004 3906590313 4253187237 3295088695
0 0 2 2755453860 192963467 359074672 3493456956
0 0 3 3260299128 3629772322 2990912366 102547222
0 0 4 2066303784 1714339194 1203401111 2719658753
0 0 5 2551614248 1351704137 3539368946 1083315915
0 0 6 1421646636 3584219258 3529673902 2717020639
0 0 7 1754088912 4006841548 1171489757 2409306669
0 0 8 2807487599 1690944390 0 3390970052
0 0 9 1360650171 750711290 2280742527 3121769621
0 0 10 3134118496 517958305 1239459593 260673247
0 1 0 3483730279 551931148 699755696 2304318550
0 1 1 2747048022 3332702899 3166378057 1041904386
0 1 2 2745575751 2244965779 712735740 1327403486
0 1 3 2379310839 893789836 581473030 3811373681
0 1 4 3576875639 3392956546 1747559330 1896966593
0 1 5 2914679739 3291165222 2448369943 4116153952
0 1 6 3387912587 1170731398 3773231440 2129510002
0 1 7 11320694 2183823782 990559381 1829508563
0 1 8 633847158 3794989488 420295636 1389806918
0 1 9 2925983462 144433627 335605131 4161557136
0 1 10 2688378518 2131008762 3482208109 3152865230
0 2 0 1917112277 2032389015 442888986 1320991512
0 2 1 310655649 161254080 3005936379 2762587388
0 2 2 2288653701 1762687229 3786797438 2823693639
0 2 3 4045195845 633451395 1437536434 1372435480
0 2 4 2896204293 2476338248 3147447241 4054889453
0 2 5 3356403749 4247965049 68019449 868076667
0 2 6 635218662 2838723132 1035338101 981075963
0 2 7 427713178 1128704328 2952333017 2728594632
0 2 8 3005040177 271844670 3909939551 3579068861
0 2 9 938074906 1965395308 2453995222 83351877
0 2 10 3271041493 4193511731 3099027833 3018593191
0 3 0 757862658 242085900 965639241 1196543563
0 3 1 1345023838 1177538043 1959792372 2432837609
0 3 2 1818507102 1334844241 2225294267 2083007241
0 3 3 443233874 598383176 3277574938 4055244043
0 3 4 1345295442 88989822 568725906 2518397430
0 3 5 343260340 2002825118 1125446377 1910798141
0 3 6 2567414452 134854294 3996146826 1491483029
0 3 7 3926965324 4201553637 796024814 2293027122
0 3 8 3853055820 4213798382 2776308295 2042301145
0 3 9 1813931404 2263350367 1578860656 2371432063
0 3 10 851863180 2212360555 1759447479 636029437
0 4 0 1916371294 2860425495 855316887 3949042816
0 4 1 2297297255 2146081183 3579092576 394848846
0 4 2 3031167252 4154998590 1099930720 1309597594
0 4 3 4034568208 452739856 2030851066 2342542375
0 4 4 4227076455 3917924122 3673091984 2258691341
0 4 5 3802963519 722004159 1275501688 1941970257
0 4 6 1018573408 2917675983 1877472233 1943088939
0 4 7 1651471044 2817125443 4061103642 1972134135
0 4 8 1226885924 3971287074 3427127578 1263871896
0 4 9 235904868 468880173 346833403 1743967029
0 4 10 3871411804 2167068337 1888982510 4278637232
0 5 0 3855178951 1252772807 1868611088 3597253577
0 5 1 2445593359 803855821 840460398 3967339927
0 5 2 919831055 1905076454 2210741159 2216363253
0 5 3 2090162137 1343831857 3028277098 2188919744
0 5 4 2542652633 3726867687 3948543801 2101819257
0 5 5 1715687085 3502877383 3212756786 4011169942
0 5 6 2619971501 3924554231 3022569742 3132921880
0 5 7 3504977085 4146905143 2709825717 2653404263
0 5 8 1389457597 2254592697 2180035334 2809349132
0 5 9 3393455873 2713267315 277543758 1132845718
0 5 10 2161020417 2567467441 707541937 922275343
0 6 0 120713578 2525500511 3027199122 125239239
0 6 1 1754714986 72211607 1488232746 2464187360
0 6 2 331228682 1673159066 1230428815 495659029
0 6 3 1372255794 1191582218 1378886062 1686376551
0 6 4 3712020986 3875913174 1502927497 958814392
0 6 5 1632385298 2774156745 210884311 3750745182
0 6 6 2442598730 3561790513 282299072 1726375866
0 6 7 1797652850 2945874149 2172087052 3260559573
0 6 8 1557873626 3148947526 2812152547 1664510218
0 6 9 2517239826 3367524245 1279151518 2965231598
0 6 10 560733079 421840577 3088995482 1328255244
0 7 0 2521739850 4056920978 2215543702 2618880971
0 7 1 502834540 2934482399 3131930385 471144779
0 7 2 757886828 1864254393 459461784 3643251079
0 7 3 3964770620 869233868 3749827355 2719703460
0 7 4 1653075004 1155849642 123395765 1135972530
0 7 5 4089466364 1424694100 10404074 2965659152
0 7 6 272299516 4270283372 1595022295 1577654168
0 7 7 30690676 208175683 1522853119 2462299319
0 7 8 5962100 1018401444 2554033970 1001320044
0 7 9 327152692 1114129241 0 1446981322
0 7 10 1549745460 215682890 789174966 2225502493
0 8 0 619618955 177384378 1153992762 376169825
0 8 1 403008791 38675606 1513116942 667315067
0 8 2 197968160 1632458395 2213151530 29559742
0 8 3 1228097575 3382839794 918443918 2186333649
0 8 4 3774647292 2092770344 720312350 359607092
0 8 5 1008982000 4214028786 1912768035 751308968
0 8 6 1146936740 2084387325 3110123135 2332031210
0 8 7 1560224503 2938134807 346118072 1940071604
0 8 8 455140388 949920271 0 2332747104
0 8 9 2765467136 1501142960 3400928509 2239463400
0 8 10 687637692 4021186256 194952547 2375513169
0 9 0 1683172785 2146241523 2610751802 3478436414
0 9 1 747706681 2105695040 171130590 1703300574
0 9 2 4088020013 1153897593 311210867 2397316215
0 9 3 237423745 2392588297 516421742 2517435001
0 9 4 2718587469 2117310502 4264773274 2842497660
0 9 5 3064417901 3620017439 548465858 3510071920
0 9 6 1887246177 3954944480 1665017008 2939956102
0 9 7 2825629141 994683115 402462810 2684650859
0 9 8 3817958357 3651686912 2747388431 3707510985
0 9 9 2749209774 1000825415 1436807177 4105245121
0 9 10 3188351253 2435028048 4199467785 1454419877
0 10 0 2141505093 2911762996 2392492619 90436481
0 10 1 1311365742 3354922122 2754310201 2397639186
0 10 2 1165928446 3984171695 2228546591 3782980258
0 10 3 811532914 2799410534 3469602916 1425388021
0 10 4 1241024386 1249625555 1675649747 2468775152
0 10 5 4280063854 1183045638 1093576852 1955565726
0 10 6 1939244127 90841727 3942182911 1797380195
0 10 7 3669482447 2137058295 532527359 3971259841
0 10 8 2943458511 3365387540 1848505534 1415927572
0 10 9 3609412917 2796354675 2113188603 3634839608
0 10 10 994798039 1171489604 227210818 2738883383
0 11 0 2320522372 2739329281 4024312942 2799856414
0 11 1 3926965324 1057997363 796024814 616166714
0 11 2 962937479 2694499466 3111932117 3718640429
0 11 3 767994668 4254805169 3819626068 2343970336
0 11 4 2763128012 1923716262 1471148836 2373775966
0 11 5 1009347092 660955194 292565199 838241781
0 11 6 911435716 70420 449535413 1098797139
0 11 7 3201680084 1502511466 3851808304 1848337538
0 11 8 2753132644 3228414433 580226090 48834203
0 11 9 2439883928 4174657975 3805111896 3360358789
0 11 10 1092566168 1832945198 1106392688 1309974385
0 12 0 713810852 4002564353 2881440855 978712212
0 12 1 3678508388 839850585 4002830367 3057884871
0 12 2 3288542492 1446150618 708920074 1630099557
0 12 3 2769735855 3299575670 841615150 1641981172
0 12 4 2349919380 1488661963 2417596207 2706748388
0 12 5 1529603540 505642896 3621643863 4036783286
0 12 6 3123607920 2348977026 780711447 71691818
0 12 7 383637300 1444308930 2419333631 1360463232
0 12 8 3446196468 1151954346 3296212715 19026570
0 12 9 2622964596 3675324117 681449538 481338946
0 12 10 1529354655 388875007 3514745053 3709148202
0 13 0 803526845 4203229236 2972809317 1684158748
0 13 1 991960833 544118049 3863899033 953025088
0 13 2 1434336257 2116209835 310995354 3915023856
0 13 3 2079846473 2255138628 1145378496 1511956412
0 13 4 1198555209 48767082 2285025393 2329524820
0 13 5 2128219989 3775131786 505113030 787582121
0 13 6 2163752021 2964388898 16532745 2664982703
0 13 7 56621125 3868973976 2333021023 2179385357
0 13 8 2751214917 50469448 560762193 3627048539
0 13 9 434131377 2216114642 245627128 815606009
0 13 10 766967217 130497220 1736433372 4173950577
0 14 0 566088026 34009962 890184131 2065477267
0 14 1 3801531426 674956987 4200113103 1061593431
0 14 2 2064342871 1641397550 3882742443 3852254593
0 14 3 1819713879 4153367786 1093799932 3355629690
0 14 4 2605305302 1027038640 1434122881 3039906846
0 14 5 3248572118 1384103883 2988138079 958231508
0 14 6 2975904590 1526464126 1139559792 3009714208
0 14 7 1020023886 4104939628 2602615443 3182363135
0 14 8 3080664423 2093335721 2806239024 4223787631
0 14 9 916850738 3161609725 1632135145 3646263602
0 14 10 621127714 71617685 852454982 3052064494
0 15 0 1199750260 3568413822 3350116150 662722853
0 15 1 380685876 872835167 2945167782 1850632274
0 15 2 2663000372 438349022 3158187056 504389591
0 15 3 1560728756 3206341139 2474820772 3702864565
0 15 4 1673694132 2484106076 3786082822 1838654248
0 15 5 1673359444 672196269 243723054 1819035874
0 15 6 1186480468 2641516095 30188217 3839055134
0 15 7 1978005244 2315263524 3656280827 3899701040
0 15 8 2722565628 4144240720 1761333508 4257160110
0 15 9 676399444 2538975673 0 1762142242
0 15 10 2089528452 251748593 3982096775 4009827705
0 16 0 1307897404 266078451 1169946121 3162583870
0 16 1 2772087056 2889126796 1889204381 2462005058
0 16 2 362634836 2790906123 3497749486 1310872646
0 16 3 3485339708 4112973391 2009548163 3673541894
0 16 4 3036077488 1602278718 1945691554 904460954
0 16 5 1374996028 3015519938 3306997683 2791855494
0 16 6 1424224775 382071389 401905799 918315094
0 16 7 1073937200 834862708 1571414317 3436328032
0 16 8 936041671 807849874 0 2419685092
0 16 9 3589763783 1087767532 2446276931 1692650910
0 16 10 3206345735 4071347765 3421210855 3838839170
0 17 0 1112669281 2822340118 954346648 2969338203
0 17 1 1785371246 96457186 1393453785 2748192156
0 17 2 532525205 600890927 3885080822 3885262240
0 17 3 2981777129 4287551712 1667826382 4137229555
0 17 4 1263124793 3293063838 4110556497 3693444874
0 17 5 816678601 285790779 3446226276 3730293799
0 17 6 3482459097 818018225 689001134 4182512616
0 17 7 576335109 1678033169 2442594081 2054785092
0 17 8 1731614725 2676121547 2511393673 858582414
0 17 9 1668827549 3261940183 1835105084 3895488241
0 17 10 2460072605 721299979 3809764207 2310240986
0 18 0 380622439 517476744 4200008325 1444235791
0 18 1 551739093 1267510285 1661307624 395634624
0 18 2 1692088929 3279759912 3693062097 2082378160
0 18 3 3940655881 3808374663 2094707499 294238546
0 18 4 2453275543 4039893135 2076127002 950134356
0 18 5 3937798045 2151806421 643010441 2082015495
0 18 6 3073038625 894178559 692711522 999927039
0 18 7 3114698313 2616765074 838140875 4267719932
0 18 8 317037157 106445226 2399436909 2057309203
0 18 9 1737728993 3932718719 4047910628 4035898547
0 18 10 1574954793 3306684985 408317620 906781671
0 19 0 1030961364 639598031 2751688512 3985683720
0 19 1 2767937220 1799030075 3338211367 94597991
0 19 2 2359643092 2651704565 2842688613 924718087
0 19 3 1123983268 2197965031 3823629610 2529613508
0 19 4 2589888468 3206679429 1517846184 1885510520
0 19 5 129542880 412964372 720094055 2760797360
0 19 6 2126573272 2732206140 4047105698 3156876667
0 19 7 2256286112 3422706822 353076518 604563801
0 19 8 2011458888 3270369585 3874832330 4155412868
0 19 9 1405096992 2244944403 1270068020 2758055880
0 19 10 609961624 399286929 4142089454 4228747476
0 20 0 1028081206 3186633769 3058704951 3741422731
0 20 1 2759338298 2057677418 1812943066 2192905503
0 20 2 3958090759 1582328244 3291237866 3075194622
0 20 3 135883834 4139084211 2091837991 1120450300
0 20 4 3832610599 1450434724 1554550958 2852797007
0 20 5 2796577447 2319951783 3525725884 3497580421
0 20 6 1979859368 3098254051 3586575690 1767715543
0 20 7 2091023680 1656107886 2181278411 1403075699
0 20 8 3401741459 4160752430 993603504 3715413023
0 20 9 3159158883 2296556130 1641040993 2527859133
0 20 10 1841783983 1756405244 1752216124 4048402025
0 21 0 1335897269 2661055584 93728153 262211283
0 21 1 2174367797 1941254484 3122760479 2105508149
0 21 2 428414737 944699929 2759544866 3721522599
0 21 3 1601921605 4148345052 2537137605 953393484
0 21 4 357831717 1229610907 1220920258 3081678925
0 21 5 907963281 690094906 3869442147 287629711
0 21 6 1346567349 3589905596 3922596551 848360359
0 21 7 1156696161 3064553171 579030284 3090822185
0 21 8 3047418601 767177375 84801673 3206697703
0 21 9 1918860441 1323706793 1168254256 1462691415
0 21 10 356488289 3716147443 4110266195 1849820399
0 22 0 2905497726 2821802894 1737945680 4281264067
0 22 1 2321703390 1673629532 785697467 3147813557
0 22 2 4292441982 3809128215 1437860963 4082832506
0 22 3 2378077054 1062717993 2476433404 707406390
0 22 4 892756726 3171816578 3643204260 3062416923
0 22 5 812866038 1474044873 911218879 2437751910
0 22 6 664314798 1925588352 641225880 1349240991
0 22 7 4161821102 791884206 1914119890 2037605869
0 22 8 174282798 157758728 3426636220 2962197456
0 22 9 4165055534 4074485395 3871728821 1889278289
0 22 10 1318507700 2304673596 3353125035 1498567413
0 23 0 2111596108 1731093999 2523774238 2872095401
0 23 1 4233459204 2135528676 2515332963 3960147577
0 23 2 3612814724 3132187426 1226391484 651989453
0 23 3 1176315044 806864765 1379435162 1980172145
0 23 4 3579595556 3743177459 3366596483 3633327700
0 23 5 2645518308 4153885817 191428127 756465054
0 23 6 19614756 2113500965 1750478259 3299014326
0 23 7 3958913028 2682290976 4124056095 4290152456
0 23 8 68656004 560784747 811379913 2216460172
0 23 9 1900622864 3564630553 0 1652759482
0 23 10 4180346640 4153413648 757152101 2982064808
0 24 0 462720327 1450716076 1170538007 3081632309
0 24 1 3668055111 2808976338 2893520555 103878558
0 24 2 2270433031 787657866 2295433575 3708781051
0 24 3 2971277647 3540310102 1387786177 677409169
0 24 4 125933188 3904728698 2620373270 1612578398
0 24 5 3884588108 2207726094 984257490 4203943363
0 24 6 526820652 2905412875 2507738928 61172236
0 24 7 591171067 1323254991 1264440961 3055864779
0 24 8 1930784796 2151166511 0 882892116
0 24 9 2210532132 3515389392 1364297443 170667071
0 24 10 3115229772 1449130958 3066191845 3291095512
0 25 0 1745394693 3546777474 2692867809 1128923698
0 25 1 124224925 924361891 1131289977 1142402861
0 25 2 2837887133 569148845 452450434 209249633
0 25 3 2799390409 470331250 3463012007 3621762467
0 25 4 2045246921 2087968140 75433572 3830320660
0 25 5 309823841 1026056712 1741513893 1959446098
0 25 6 1273122401 3520952460 1096367528 1727616059
0 25 7 4130763761 2725105472 3800668234 3013662890
0 25 8 281006737 2069832183 1554079909 1719115050
0 25 9 33634432 1093611164 2252850915 2805036081
0 25 10 4126603232 2553374803 965521134 216863657
0 26 0 3508614918 2620836571 1229031867 89001601
0 26 1 2633688782 3579967335 4257823638 2461251653
0 26 2 3949561894 535453705 597987668 3646318926
0 26 3 961731934 177854731 2019868346 3168194751
0 26 4 4076091718 4176944687 3277194713 904138236
0 26 5 4244085294 76768888 3837624659 305470502
0 26 6 2602086260 3873870014 1667235642 3396511277
0 26 7 2696338844 3659385240 102640136 11059469
0 26 8 172048996 3656665649 2830176618 426866310
0 26 9 4026365308 1112369044 3057103636 609873662
0 26 10 1801903540 3568800865 4211711710 3319157271
0 27 0 2488768372 3107566865 2327050216 3088319021
0 27 1 580394356 63279992 20182086 88072088
0 27 2 2875217023 3968403266 1936617124 3128095600
0 27 3 509523124 2576995792 2959928394 2909104175
0 27 4 3294863108 4080443097 595332819 1469032910
0 27 5 841596629 2930284334 760836576 1672491226
0 27 6 1749497405 3749433666 2002553763 2366248966
0 27 7 2357677269 1010480560 1195648880 740411589
0 27 8 1078792845 3865037917 3769110506 3370124566
0 27 9 483727589 216891886 3252090794 3607403577
0 27 10 1780877844 2460958912 578910401 956553371
0 28 0 3118568695 1943784215 2253588615 2514142531
0 28 1 3549028087 3121616995 1005126102 3214139042
0 28 2 2990136095 568317682 25246998 3861371695
0 28 3 1265280031 1162080974 1033793386 2931138313
0 28 4 4157217653 918040041 2187516591 2899312856
0 28 5 3243603573 1915205522 1664200537 556670042
0 28 6 2320369881 3397620429 3705119682 839718137
0 28 7 1019674073 1606044462 1261454057 3898392496
0 28 8 3657326085 1207372323 4131839999 2845924386
0 28 9 2384896261 316703498 4267136220 3526463481
0 28 10 2456149553 4083659563 1311907910 2804721412
0 29 0 2124039889 3769087060 1981246838 2907990193
0 29 1 2419257561 2634741392 1579843431 1675895196
0 29 2 3384473557 4158329195 205630768 1661043905
0 29 3 2649747728 1207749097 747633207 4056070948
0 29 4 1045456708 2655753978 2836373862 2778119685
0 29 5 1645823813 2555477841 867662748 3289636779
0 29 6 2220516541 487154502 432588618 631480435
0 29 7 3749569580 199535412 1112998859 3942103149
0 29 8 498382616 167745882 3446622735 4248895869
0 29 9 2519715548 3889174460 2273411259 314361405
0 29 10 947310508 3966013683 578094216 1957415103
0 30 0 1350970958 1222043413 2622770658 487957058
0 30 1 2998725198 4129310353 2726086012 3924984564
0 30 2 508693004 3738922966 2788098812 4143920519
0 30 3 1376781580 2864243498 3721668305 2557575869
0 30 4 2842832520 3222756017 4293886774 2876507362
0 30 5 2468703880 2913452746 3333267140 104620260
0 30 6 3450518004 3738332807 864539033 1937404328
0 30 7 3183965428 2755967287 2759337810 1656708303
0 30 8 531410840 2707730313 4142661120 939875156
0 30 9 2091158168 3843215950 3957733304 2448179176
0 30 10 1776062238 4078356343 857405826 4270443077
0 31 0 2819243028 3693946377 89202795 4134707312
0 31 1 3396779076 1247963983 614524106 1246916813
0 31 2 2807791428 2788851277 3887641459 1651336892
0 31 3 4086117869 2445801514 3695333526 4139906387
0 31 4 4206916845 1583514000 1704845697 1365753107
0 31 5 855527969 2853916236 61603712 812157105
0 31 6 3916257008 4120539022 3974659541 3019565691
0 31 7 2482710824 3821866183 3006965150 1102632410
0 31 8 846214173 1718346775 295794634 3941145185
0 31 9 3293213588 738387033 0 3949156818
0 31 10 2896763252 144405389 1108263620 1241802900
1 0 0 2645550425 1439304284 3376862466 2617410963
1 0 1 1549334632 56940886 527244476 3141940082
1 0 2 1533497896 1685193211 1295800599 1043533177
1 0 3 2257409161 1639899615 156665221 927859672
1 0 4 327953321 1340437837 4184402043 3083671293
1 0 5 2771904648 947424757 417952220 931886905
1 0 6 502854536 1727888141 3300258775 960160799
1 0 7 3156180328 2129530016 4142231366 2657333786
1 0 8 1834790248 346848868 0 3084786069
1 0 9 621988456 3089866362 3654936346 2555372831
1 0 10 2963459688 2947589577 1988186069 2285446951
1 1 0 1853949453 3791164563 3162918273 3146064539
1 1 1 2351075777 1020312902 881119618 1538011401
1 1 2 200199588 2804070888 1436844295 1287119492
1 1 3 2393141048 3010941754 3699825689 1463360385
1 1 4 887362530 3581291839 1777532903 2712118436
1 1 5 757237298 2784696764 994767616 1873948618
1 1 6 246922722 3734173584 3288040521 1710789569
1 1 7 2643398634 671592499 2068657214 3338924603
1 1 8 2296896785 699650600 2989502355 3084036507
1 1 9 3651162125 1163146436 4291502299 2871157786
1 1 10 3522937394 2650201069 104325428 2029945556
1 2 0 1458340536 1899260932 1519408434 446860946
1 2 1 2122316856 1322846724 1865855161 1121581605
1 2 2 208341240 2443596150 1344673374 4083534142
1 2 3 547039029 1107640865 2447398682 3080960484
1 2 4 3532271157 1855285993 3491254859 4116398312
1 2 5 676184201 2298188681 365862487 1939464917
1 2 6 4225460873 2418617333 1124154443 3538756191
1 2 7 859790073 2034980270 1702212281 1893363294
1 2 8 366788601 3606058709 449342970 1639369748
1 2 9 206826477 1404416003 1585855853 2341292903
1 2 10 2821198829 3105690248 3764169283 4222153998
1 3 0 1892839957 967610835 1137525465 1144813331
1 3 1 2895609837 3018911451 2596336041 622478013
1 3 2 3576185071 218923095 2467250574 4218036516
1 3 3 307594719 3461599845 522256263 830209218
1 3 4 2841999775 291485735 733503165 2937489103
1 3 5 3213432495 3373978664 2655548838 2859837069
1 3 6 2042172271 984980352 1396875358 665558209
1 3 7 3726865151 218446394 2009951553 3206754406
1 3 8 1228238207 2818417725 3321579265 2708581741
1 3 9 1654569071 4026691726 3313394649 2653481521
1 3 10 1756371475 1945828431 1340338970 221782982
1 4 0 3305980873 2355120144 2390285827 2101048948
1 4 1 17075096 2460327436 2835898223 2670308595
1 4 2 3841880296 2264934892 3834048931 677297699
1 4 3 4248732152 113359008 363373736 663313528
1 4 4 2405709896 1611859964 3873578402 2567415006
1 4 5 1970817528 3657769107 1256918285 76316937
1 4 6 3690700840 3387759679 2688978813 2330644039
1 4 7 2289165144 4266628664 1337911434 1273456015
1 4 8 90576200 2461353308 1682281032 4261777749
1 4 9 3865188365 1010768000 3628093153 260161735
1 4 10 806384648 1382714170 788258218 1351949527
1 5 0 3081200110 3036658759 170798219 706734788
1 5 1 656972650 4294874050 136430539 2673329875
1 5 2 339432346 3180534562 58917160 3448242193
1 5 3 1236221582 3464009717 4086128889 913076593
1 5 4 2046366914 2229835070 4195142585 3960636725
1 5 5 3299826346 1051353807 901751976 3190707470
1 5 6 3551319426 4176820553 66555362 3941697095
1 5 7 2126798350 3706653957 2076259445 4157402319
1 5 8 1147914114 2511778861 760521603 3556090900
1 5 9 920861938 2458163686 3594307452 300184158
1 5 10 769142210 3116173425 988643339 3783058056
1 6 0 3618613049 1250047086 961178553 2403814654
1 6 1 799993125 2178752040 169098262 1270145466
1 6 2 291465593 3186008086 3748061818 4241495405
1 6 3 1523838473 3001265431 682471179 3351206787
1 6 4 250791817 4027927735 364940455 3095976424
1 6 5 742779817 1225264218 282630676 4269990078
1 6 6 2664555353 28513945 3988299996 4147613362
1 6 7 3305864529 2014187605 1261774221 1272038134
1 6 8 2277317229 3365461664 1907141233 3197593369
1 6 9 1422636104 1481403948 1465009055 1742273464
1 6 10 4232697413 556115068 195455033 3774263165
1 7 0 3002059323 1706992296 1499267643 3398110669
1 7 1 2263417583 476725741 2415614356 1377805229
1 7 2 4026721375 1075030444 3708435021 2659452641
1 7 3 2545182219 3293842487 18116509 1884629841
1 7 4 1637040671 2698796218 1024133830 2875288664
1 7 5 1095252591 2732883500 2658069955 2773719382
1 7 6 2917131012 408395564 287918673 3741224262
1 7 7 1046553412 3623781258 1384496473 1800279259
1 7 8 3490583523 4029963665 3345396611 1148022382
1 7 9 754108291 3060137066 0 2483267323
1 7 10 3274191075 4273885716 3286664606 3252920534
1 8 0 2133276136 2583784152 453415071 1079198815
1 8 1 1164389944 4007502288 1732686363 1718151241
1 8 2 1463932888 2270319265 323982800 968493610
1 8 3 1111810776 3506499567 1979152845 2377584129
1 8 4 2217657336 2290633894 4244738413 4203869043
1 8 5 3151662041 470865608 3097668325 2776493888
1 8 6 1201594133 3768667547 525662046 3301664724
1 8 7 1448190256 2481249998 3811275098 2036535282
1 8 8 1044684360 89941340 0 100665141
1 8 9 3522716068 3904308948 460164376 1156233960
1 8 10 4045446160 915276722 3505276098 2964793629
1 9 0 617557281 2980397817 835143419 4143137033
1 9 1 3078682750 3767433660 2738846123 4068653946
1 9 2 360933630 1562657644 4208410831 935926703
1 9 3 3154392834 3906123449 163851290 947175273
1 9 4 2657186058 3555003431 2542055085 4094266815
1 9 5 2561679098 4225128860 1673757587 1492792004
1 9 6 3513484490 2385388504 506645079 3938222569
1 9 7 323287418 2407709657 3202862138 3328334695
1 9 8 3957008394 1257323218 1388652925 759438988
1 9 9 3105842138 1228079918 814106491 3828159677
1 9 10 4191650570 2683189140 1087983027 3097167313
1 10 0 378793545 2080512216 3134690493 3395174143
1 10 1 78062777 535783019 1184377200 1065946156
1 10 2 1773169145 1014430401 2319463672 3164260735
1 10 3 606921920 227038019 267975932 61081551
1 10 4 1014574184 50826969 1851080074 2380742760
1 10 5 2134304477 1112608099 632485036 1298128674
1 10 6 1404445000 1776736790 2908925428 3033385324
1 10 7 1665124449 3850468349 722839925 922987105
1 10 8 2491311048 92685362 1157968118 1623936908
1 10 9 1720520057 768856262 3447261189 4187247924
1 10 10 2722798856 180823656 3202854219 500703178
1 11 0 1139188023 3793290405 3982578259 900262772
1 11 1 3370077143 1245891679 2020468529 1663047585
1 11 2 2550013343 3618643137 611249979 3989155740
1 11 3 258851487 4066248775 1728144961 331621928
1 11 4 16239459 2797005050 3295476810 1314988177
1 11 5 842123875 3473248930 1370662628 910079764
1 11 6 4004468631 3050288316 3797097291 2495384003
1 11 7 3292680343 2988635242 2588046087 196956688
1 11 8 2966716939 925455324 3584734406 3929679091
1 11 9 3241620491 3391094015 3743719991 2811971620
1 11 10 1593916655 3840194506 1563856476 1532421577
1 12 0 3721869144 3070981663 781258322 3466983982
1 12 1 133273620 3612417258 3697393367 212523331
1 12 2 348946580 855539792 393571870 251791665
1 12 3 1285246865 2116186309 2741799502 2760194082
1 12 4 4170942108 3980396756 501881219 4024134888
1 12 5 4025376745 2824481336 627725557 4165985903
1 12 6 3846987588 549763843 300302557 1664442858
1 12 7 2792746208 3526950115 2794574480 2427832536
1 12 8 1246503164 272889163 101463557 2384611808
1 12 9 863644580 385678565 498551115 2472235075
1 12 10 1848348004 2850096435 3933891328 361427979
1 13 0 3452662634 2476746601 1048740046 4006939004
1 13 1 3044765290 914439957 2985421174 1162113788
1 13 2 29537826 197563766 3977118190 1801551672
1 13 3 1906720546 388668778 1968235195 750408850
1 13 4 1553983254 2156490621 4284374592 2073580269
1 13 5 449125654 1675355830 257973689 689373966
1 13 6 959753878 4135549205 1174735743 1586329763
1 13 7 2408160406 4114428290 493144404 1067416473
1 13 8 4002397578 2287482645 2503717552 1755148975
1 13 9 4005893738 2936719318 2804291345 1488713856
1 13 10 4091933578 4268847492 419333412 425624475
1 14 0 2552090029 3287797547 556308270 828083595
1 14 1 1672436968 2915120089 492287533 3695671189
1 14 2 395938280 1383700395 3888968280 982853408
1 14 3 2945563988 2399639984 2156930885 2952213559
1 14 4 4226956453 4033241193 855235338 2241113097
1 14 5 1192887585 2526587669 1253566003 360939252
1 14 6 31473212 2204858696 1741218214 403343402
1 14 7 1573006133 1369480738 879222303 929027405
1 14 8 1343737053 1074268411 1737425357 156530013
1 14 9 34859957 3827742499 580246163 1012097067
1 14 10 3455964397 938993697 2123629649 1510705146
1 15 0 1891341963 2470307604 837936926 1821860847
1 15 1 2729733387 280154868 813791602 3698618756
1 15 2 1985164551 2727688389 2478707652 4283110622
1 15 3 1756378543 1017375624 3400953035 3601072581
1 15 4 762858567 295664066 3522595639 1721643636
1 15 5 3695709511 3196831673 335484801 495715720
1 15 6 3403174811 198608517 1344251211 1362882190
1 15 7 2903094039 3685398089 3584966958 2409965769
1 15 8 2179159027 2673243868 2950298819 1986340517
1 15 9 2567747291 618618424 0 3810431503
1 15 10 2504228503 1730637838 3901852519 651322062
1 16 0 1534077269 1655721536 1974936123 98423515
1 16 1 3260388689 3334037699 2869996036 2334262539
1 16 2 205751053 3352690921 3426731210 546623259
1 16 3 1467299908 3208705580 2968753238 1941238367
1 16 4 129074853 3435623998 2383826439 1447965403
1 16 5 2421091064 93635120 2676490449 2901392283
1 16 6 2044018744 3725311837 1281668338 219118203
1 16 7 3473758208 3587495574 876857365 1669446769
1 16 8 695105720 1678302546 0 1675645441
1 16 9 2570050560 605569165 2637510012 2916555235
1 16 10 2878035680 3455839817 2625543495 29901947
1 17 0 2667305858 2457865615 525236030 3765342851
1 17 1 1736747130 332220674 343022701 2434138509
1 17 2 3608335958 4169429720 1184813890 1175837583
1 17 3 720500370 1248196400 215343666 3727354173
1 17 4 667994854 2973049173 806476189 2623786231
1 17 5 1788508926 3689094362 2189602100 4003611228
1 17 6 3486562266 1081119303 1901094754 4064638040
1 17 7 629531122 1958346842 12117042 740846088
1 17 8 1432215462 2483873254 3436264014 4241895503
1 17 9 2134636889 2553891783 4123385115 1968062576
1 17 10 3130546918 3155533279 1411848569 3007087452
1 18 0 617460929 1043156069 2575868600 2777573999
1 18 1 3817089625 3060678756 2013993559 2771875860
1 18 2 2553075385 3773893443 1311854322 4060848788
1 18 3 3556267661 2346073514 1223218384 3619453811
1 18 4 2563408877 2241495530 272341408 3887011796
1 18 5 1970698225 728641967 816127420 1450474106
1 18 6 2874677933 436484037 4251934874 455025074
1 18 7 887907121 211541348 1762797787 2241845005
1 18 8 2143297681 2521396611 1997777033 4280998770
1 18 9 3343602129 2540533954 3369571143 962122558
1 18 10 2447081901 3954474150 2243116224 2332546450
1 19 0 3488745967 2632232214 1641131260 4261471697
1 19 1 2117792847 3146436654 1998662949 613794027
1 19 2 4237665160 3989788311 2003895600 383989953
1 19 3 3949313475 3612017118 3472027287 3003593889
1 19 4 3564902419 2172479742 20572263 34584336
1 19 5 4125193955 1440796079 3209200055 3533142058
1 19 6 3269392144 1336705968 2951680731 706199761
1 19 7 244429616 3272613635 620191914 1993481292
1 19 8 1596755243 220123445 206552668 4089105869
1 19 9 917320707 3027540810 704332493 3174547626
1 19 10 3798899136 4217538802 2635186992 633173509
1 20 0 462504516 1340050177 2233385840 4224890539
1 20 1 2496298104 4113800922 3905629734 2363443923
1 20 2 719595236 321499699 1339771994 2195065046
1 20 3 3575015524 3984211309 2284714378 2092875186
1 20 4 235433168 2769743698 763697053 3448106521
1 20 5 2249616136 99973395 99873697 1902908970
1 20 6 3456814028 646416632 1941779910 1690473625
1 20 7 2065271984 879375213 958219116 1954724836
1 20 8 2358529104 1983113169 2714507223 338862665
1 20 9 58473482 3737413027 2687279260 599990319
1 20 10 3727019542 3403954854 332445177 1125851701
1 21 0 2783226394 3406729434 1285886755 2994379938
1 21 1 3920758106 2565166670 3560453955 2043061924
1 21 2 1078548962 3080112101 1096693601 3901588782
1 21 3 2213705722 3479065026 343601250 436549516
1 21 4 943452242 2701392039 3943435228 2379480513
1 21 5 2588848010 672729735 3604473398 510843647
1 21 6 2919966034 2220179128 2830778634 2423230203
1 21 7 1677245050 3306253412 2739512526 789521749
1 21 8 1549010738 1556358938 118875454 4137606104
1 21 9 1767830067 3436068681 1912600557 2426403333
1 21 10 878440514 1604592307 992135471 2701887220
1 22 0 3484039857 3422856391 4167625841 2413940590
1 22 1 3703510273 1120247422 3647211433 1000033949
1 22 2 4146549489 785847693 793808887 3618627196
1 22 3 3986843809 3162690580 3242512496 2689133468
1 22 4 1845730241 2947103556 3497231887 377698969
1 22 5 1121292801 1708363103 3935665199 3032185162
1 22 6 1165246065 3481067188 3751386241 1363722329
1 22 7 2139362339 4116851163 19513538 2482883364
1 22 8 3060270275 1165052824 2530593141 1412160711
1 22 9 3925277319 746037356 1199341185 727706643
1 22 10 2247155715 2697717088 947823716 3636526083
1 23 0 3882255763 3355843444 3259036794 950848122
1 23 1 2485230267 3235216264 1089436896 2855336039
1 23 2 258026519 3856207472 822812402 3573292708
1 23 3 1799145715 37801793 949615162 2317318458
1 23 4 2277313047 3124072396 1317020740 1754847230
1 23 5 3630463931 814417775 3474028264 4054280236
1 23 6 778892962 3792976265 394368264 1234002264
1 23 7 1928431038 3218642127 2924542596 1313045582
1 23 8 799742183 1813114399 1974356297 3872507628
1 23 9 2832337551 2239921640 0 4094700771
1 23 10 4057017570 2825510220 264000516 1485201328
1 24 0 788464408 2993890674 2206430543 682711319
1 24 1 2045293600 703643004 676518845 1894911451
1 24 2 2725706752 1193604406 3687296904 3865814291
1 24 3 1552962876 623090102 1683322754 4205116464
1 24 4 2137440152 3247057838 4202530503 2995207558
1 24 5 3519984626 3841919661 3697290859 661576663
1 24 6 70532082 2478906108 57517311 4281805635
1 24 7 2963695326 231458220 2500855325 412891828
1 24 8 1648455794 3163041427 0 186622569
1 24 9 862731534 3984896243 2837160636 2475872511
1 24 10 3138623886 3273680718 469029653 2949176279
1 25 0 3236306694 4293240976 1099994071 1161394560
1 25 1 3325894278 2840493581 3265973368 1032192273
1 25 2 434567494 3193023551 850903893 1834339366
1 25 3 70867434 3192833975 2425574983 2508040137
1 25 4 2533558777 1375475001 2289850788 2230833899
1 25 5 3939201550 1357187876 2129831272 2229295563
1 25 6 2999452354 1996963631 4050954644 502332423
1 25 7 2990544106 1810454607 4157857202 1859596453
1 25 8 955220426 2220982890 3463203909 2250202239
1 25 9 795739639 957871819 2296819978 576877033
1 25 10 4072769607 3786576179 1313940271 3114003315
1 26 0 3141866789 338673275 2107868644 4228329146
1 26 1 1394349293 2732636719 1193182264 1341280605
1 26 2 2034801109 3233465433 3949614440 629571895
1 26 3 2437218651 3248813177 2281226467 348449993
1 26 4 1514160659 3130256421 3788455258 4055729792
1 26 5 2052383771 2328815850 1946364283 3044230080
1 26 6 335688099 1991286974 575609660 2043355952
1 26 7 1663299771 794260476 813520494 2519528923
1 26 8 182563827 266776163 1178313596 1333993524
1 26 9 3869498555 2030837956 2080994922 3153592984
1 26 10 1311857891 579492737 3726490752 1108478103
1 27 0 3460399131 1338615606 418391426 4075917824
1 27 1 3605286819 1179702776 2902334866 3279561243
1 27 2 3645119479 1087008014 4201949813 2881321054
1 27 3 442227410 3733119483 1447268206 3112762281
1 27 4 476918523 571723255 4168872295 2649842597
1 27 5 680702971 2350169820 3405475594 2278404271
1 27 6 1392811715 312527497 1601494725 2542039187
1 27 7 1443049923 2593648113 4153633571 847500020
1 27 8 2746483362 3371338364 3190145316 2422564393
1 27 9 838119586 1184754305 1070179693 3986317308
1 27 10 4086555915 2127817856 3773754432 2977968394
1 28 0 110291972 2891874744 2103101101 1346171737
1 28 1 1208874398 256277929 2375613450 955242148
1 28 2 2630628510 1299218821 4003677343 587468112
1 28 3 2156231174 2911465384 1469581027 2487189429
1 28 4 53058566 1243341224 2362594916 1155925704
1 28 5 3223251298 3109344870 3319454132 1063524808
1 28 6 2412091234 155924750 3116195379 2010710228
1 28 7 728602978 118265282 1188260203 3798001934
1 28 8 1850560354 3702961786 2495546161 722204358
1 28 9 1281773004 2950438056 606751356 2607111120
1 28 10 2149291468 185901693 1705289050 4134642755
1 29 0 3309836785 1096468441 338032334 1861474737
1 29 1 3053362539 2705111684 4209324956 894660060
1 29 2 3400148843 4047025906 322073949 3863953520
1 29 3 38314871 1014221320 4278932678 88879284
1 29 4 3492197825 2923383423 1677580342 3650502650
1 29 5 3425112939 3410793598 3683195455 4165963476
1 29 6 3578886371 4257921066 3389834537 1691760437
1 29 7 4271759511 2815395721 476978955 2141270239
1 29 8 1329960562 3363546273 889466230 4090834579
1 29 9 2884459246 89203382 3770594272 2118649327
1 29 10 2619640230 1067001274 3520741681 800600059
1 30 0 255266311 702730702 2554528611 4080922273
1 30 1 2334363431 2413885296 999861111 2578093287
1 30 2 1390178631 3970366248 2962405558 2653829439
1 30 3 2537550523 3130404137 777320128 3983243805
1 30 4 2156962267 158717569 447033505 1379271546
1 30 5 2297666823 4027033979 283739119 2984755284
1 30 6 3579419803 676469306 4133001108 3260432124
1 30 7 2391124389 1220268049 2182451880 1031198602
1 30 8 3684968005 2870521234 1556195151 3848259205
1 30 9 1302669650 3592099991 3600923159 3928378542
1 30 10 2895601477 385405863 1307881089 1721374925
1 31 0 1016778122 2426969742 3901362800 4294715237
1 31 1 2627851390 2678800044 1566816303 184542046
1 31 2 353896504 376247485 44981367 2947984766
1 31 3 2415542874 1628836635 3698322208 2317433910
1 31 4 2506532946 3919591305 2971190628 855844620
1 31 5 3159605954 1532134072 2842488388 3937047425
1 31 6 3573574791 1807346186 3087332539 1110458757
1 31 7 2851016923 4224248376 2067540558 1161271102
1 31 8 3298387307 368270168 3873686481 3011353419
1 31 9 3876086360 679787880 0 4264292191
1 31 10 3135299812 608150435 428278536 450838488
2 0 0 2973587263 416072782 385309642 2475371826
2 0 1 3009047690 2606242239 1361382983 602631743
2 0 2 423442075 1886420573 522994776 4037407156
2 0 3 2588144112 961735777 2437048613 761392976
2 0 4 2038979867 3388885306 267351535 3540853611
2 0 5 147577447 809272555 1332750244 1465095707
2 0 6 493876640 3806170395 3767767663 3897050565
2 0 7 244042680 1564301233 152163923 1434632531
2 0 8 3417148559 2382556244 0 3770971297
2 0 9 678495775 796281067 2855892615 1985229207
2 0 10 862165746 3507538336 2931959623 1892213369
2 1 0 4005385527 1135191487 3117389948 758054203
2 1 1 732319549 31567294 3746234748 1841369679
2 1 2 3372143713 3928216902 2423487397 3263408401
2 1 3 669223565 2918829592 2584067616 2638647882
2 1 4 887634693 4183097772 1239790172 3629566901
2 1 5 848105501 2091245511 3398690500 1614587748
2 1 6 788950109 4231948442 1668353258 2688889414
2 1 7 2992646157 3595284006 2152669487 2379113268
2 1 8 4157047125 1300834028 966202649 2579120491
2 1 9 1570342409 2190762900 3027512124 1220735191
2 1 10 1492617765 317583523 4081400359 1087526626
2 2 0 1169058142 1770387229 3617771184 530034477
2 2 1 1113520354 270019857 1745652604 3494282663
2 2 2 2315284534 3968404797 3702057230 3489558798
2 2 3 2947220834 4209626435 486119000 91255990
2 2 4 3743828618 4103264688 3598625497 2830258589
2 2 5 1162915002 1963719493 855048344 2183195500
2 2 6 391960586 2605703797 684494069 1350890837
2 2 7 3636536314 822748830 279711492 2816245750
2 2 8 287955206 2010962523 4039421824 2702153366
2 2 9 3906198654 119135512 1372083127 1238360017
2 2 10 1850936342 198907782 318816706 4480220
2 3 0 305727011 620397324 532735903 158055163
2 3 1 1578362540 1163908223 274398936 2224296934
2 3 2 187563896 3507280847 1810200447 3962395050
2 3 3 1529008784 2883976538 3873323618 3527653028
2 3 4 4108091440 3286958807 3545280718 529150841
2 3 5 3415512216 2479612251 3898634155 3534726147
2 3 6 641355208 3965869976 3387708549 2309159695
2 3 7 1119036824 3382358185 1614161596 465743547
2 3 8 1762013208 3685974906 2470160104 120152358
2 3 9 4199930939 2609053656 3328973840 399043888
2 3 10 2616377251 3057179554 2887497816 1600912240
2 4 0 3633359335 3055683264 3136007816 2810186283
2 4 1 3092251191 3947045501 3639867422 3087788949
2 4 2 3942082636 3629877874 4033876602 2166651818
2 4 3 319114144 4218780949 4250940862 1493255932
2 4 4 1708322731 798138711 3834611438 342653199
2 4 5 981266879 1147084824 2142176105 3949295378
2 4 6 3000834119 2409221757 3449604706 474657709
2 4 7 1205680516 3954150834 3959478195 1293566553
2 4 8 3408214296 4065406137 183210656 77846431
2 4 9 1177037150 657614914 1478008267 1864280825
2 4 10 1768419803 926737820 1981959742 2521680988
2 5 0 436423325 2198055748 1883690117 3805297125
2 5 1 896668941 593014888 872681741 987581610
2 5 2 3777432173 290883060 803803374 2853733589
2 5 3 2615923325 662484936 2929022858 4280718168
2 5 4 2898012733 682904826 1517620059 1517653126
2 5 5 2494157566 2926496846 2162988561 565098108
2 5 6 104871029 3327284183 780204197 718429542
2 5 7 1552324058 3299597256 3665704480 45864006
2 5 8 1584131522 2806227957 731908883 1986584944
2 5 9 2878514549 922432388 3460733623 1292857854
2 5 10 1617207605 3789594895 1270585664 2982786850
2 6 0 3937152646 2440676005 1572836237 3907150800
2 6 1 893594046 1089670107 4248609622 4049369524
2 6 2 2131863510 3935195887 4257475056 2786794867
2 6 3 3896997214 3124970229 641592329 93114637
2 6 4 4273438459 4057981305 274712596 751982308
2 6 5 51040982 3150213995 1914083258 2465261631
2 6 6 2487534330 1177040764 347797981 841369511
2 6 7 1030458827 1649338313 3507903593 1514973117
2 6 8 2237039698 682359737 7441233 3429922546
2 6 9 650890835 3674415466 1151826387 1084677546
2 6 10 3572472238 3514649686 250084165 1916886543
2 7 0 3380231775 2474548328 3462840310 1263255357
2 7 1 867860248 812838734 612216557 273908696
2 7 2 3745265804 65428847 2281467236 3845226237
2 7 3 3782411440 1859484149 3188235003 1022252439
2 7 4 1960766096 3473271685 742881339 3840334243
2 7 5 2350291456 853629399 2070108942 1255630450
2 7 6 2253127664 2122374305 2672050927 920843116
2 7 7 2633997972 4079958837 1743758575 1009944677
2 7 8 3807432056 4086945696 1649427991 2894718086
2 7 9 970066040 2982689744 0 841300123
2 7 10 1461584148 1849848034 941701051 4209634182
2 8 0 3799375983 1156781651 657994215 1436529135
2 8 1 3029343927 3424788915 170397551 4216510541
2 8 2 1661266491 967552838 3635288909 1206431241
2 8 3 699667374 4244420389 2193431340 973806931
2 8 4 623461283 4065161082 6558803 2797526895
2 8 5 2022911762 2924502891 3731316923 1879434140
2 8 6 391529422 762243720 3583507491 2458672645
2 8 7 4050460819 3517749984 3495793921 1809103078
2 8 8 3961630738 713740693 0 1097470169
2 8 9 1445702710 3992608445 1211674061 2105116819
2 8 10 2662621739 1319710736 2643689804 4202311212
2 9 0 2803923833 4256987804 8469200 3317528211
2 9 1 2747039321 258803032 1842157138 2042141331
2 9 2 1233718277 1538091594 1700711587 4115914926
2 9 3 3231208121 2014353820 4232902721 3562539260
2 9 4 2223799513 561530006 3029199714 576900093
2 9 5 1350047353 113939734 76520280 4216523527
2 9 6 902284390 2370307592 1958910610 842507339
2 9 7 2146652745 2378354690 1347465209 471263353
2 9 8 2464831289 2526777945 747491873 2135426319
2 9 9 3764765945 370469110 3221018257 4221866320
2 9 10 267039521 139925118 2065727037 621161858
2 10 0 34362691 2620356168 1160364991 181914508
2 10 1 1123033531 654775809 2635024637 3459372083
2 10 2 4081624979 425335228 4152819237 2282591743
2 10 3 1590022211 2496061292 120605681 3195099463
2 10 4 1891806097 2604948238 2363469953 1182735123
2 10 5 2096579610 2428356735 915640682 2708284241
2 10 6 1583883193 3887993451 148227389 1238450742
2 10 7 3709018179 1369077126 3106294684 3470732951
2 10 8 4285385074 582393769 2338567122 1008739797
2 10 9 3382943826 627879776 3833271466 3891689392
2 10 10 2436832666 2660200023 1881590531 32214976
2 11 0 3701156424 4030861297 3270732436 2027912509
2 11 1 2205758064 2169989429 4134360001 1970679888
2 11 2 2571266680 275055285 658271379 561365679
2 11 3 1754626736 3237221415 3543710584 227027682
2 11 4 2804499240 4256103493 1610367159 1005334457
2 11 5 1737618960 810098146 3301870283 2446843979
2 11 6 2636208568 296651630 160575665 145302091
2 11 7 546018744 4039751678 2627687415 2822393539
2 11 8 991390208 821766691 1850854612 1874293157
2 11 9 1057131208 1194476814 136121292 3608888309
2 11 10 715899648 1472732772 4083800059 1284918330
2 12 0 1851327752 4210549658 1866068801 257593876
2 12 1 1738193938 1335239488 57834584 609806512
2 12 2 4012467291 3104642951 816774688 3988574019
2 12 3 702538771 2218141492 2933874715 3058220865
2 12 4 1310599819 3055979510 1348366455 1602127250
2 12 5 2360355058 464126356 1956846285 1455724312
2 12 6 449900779 2409966915 1837054105 924619801
2 12 7 2717020875 3741664679 671700873 3568114303
2 12 8 3568174923 2065806287 2077308690 1384600177
2 12 9 1303364863 2308764892 3362477660 3295511121
2 12 10 686118076 2084806078 3118132214 2311448468
2 13 0 2458793585 3035674816 4045369880 1402568391
2 13 1 3914083049 1296635202 2547628331 4237887325
2 13 2 3099730625 1086688590 1360124160 1820131442
2 13 3 2679309097 682027422 1666802218 1591699062
2 13 4 2610028785 529324716 2015598214 3002263879
2 13 5 2725898142 2265270722 3203244611 1817432233
2 13 6 2207682014 1883975946 4222276141 919480195
2 13 7 3243514057 2967774394 1803741547 3851932629
2 13 8 1171631413 3868602208 1845956709 1157641649
2 13 9 3836943518 390827571 1893618808 952904865
2 13 10 3044178761 1691524650 580487118 3529949027
2 14 0 1137737059 88795156 3308849640 1331943429
2 14 1 261570786 1238060263 1811973314 1983933163
2 14 2 2818357878 1229197467 2114466495 507470773
2 14 3 642653955 2737305703 3983266277 3041214567
2 14 4 2537130090 3259983110 1785645383 3314790214
2 14 5 4015889474 3830998986 1737870109 3692025712
2 14 6 3141613546 3830951860 1609983894 4043601845
2 14 7 895570370 2186718273 2740440228 3129841630
2 14 8 1196851326 2876256425 1347903049 3260509496
2 14 9 219799930 140043361 3843131859 2766573436
2 14 10 4281694274 707449111 1396585842 2232780049
2 15 0 3597068120 2440017385 2509770261 1630010469
2 15 1 1202947296 2212696831 3239812040 1404950370
2 15 2 3142096564 1555458154 3142995239 4119477059
2 15 3 564098688 268338299 2933204465 2736402374
2 15 4 4259390520 1612742765 2153167766 4021823219
2 15 5 741173664 1661811942 3258475737 396396913
2 15 6 3425476776 3047643271 3706086980 4257626357
2 15 7 1621591712 2007036032 4201959561 1025468931
2 15 8 2108915352 827556550 700589845 1860411517
2 15 9 3289314560 2911067760 0 1502379591
2 15 10 3974400232 2842053717 716815036 30228909
2 16 0 2667038958 2408358667 3536660753 2423508899
2 16 1 1241726515 1940806304 745744127 214925159
2 16 2 3530834335 3939765183 4084321603 2367543267
2 16 3 3187638935 1444729057 4177621953 3642877803
2 16 4 98539503 1218614106 2167279584 2153005871
2 16 5 2991791447 4015605601 276078260 944412747
2 16 6 1763862591 3824726776 2638616334 2422945587
2 16 7 3320843863 1554918166 393985129 1204654873
2 16 8 3441085999 392422654 0 692132113
2 16 9 3266515607 4046872123 3049401406 363517475
2 16 10 2534656457 1198384473 1929639815 1493283459
2 17 0 3845088225 3014212353 1113509097 2859168614
2 17 1 1037881433 2873918747 3790599756 3650754385
2 17 2 608069121 4189957731 1174832034 3140548025
2 17 3 48921969 248694949 1075116916 1148915801
2 17 4 52622521 518491703 2257130449 3678811945
2 17 5 671835381 3962005235 101071704 3961883379
2 17 6 618878573 632588307 2056392530 3463051322
2 17 7 3838516757 3661037712 3353256063 2358084442
2 17 8 624453621 3335390997 1284680735 226364414
2 17 9 2855114477 4275954343 107945726 3886607367
2 17 10 2098176893 3455788889 172611675 1463261070
2 18 0 83124502 910152992 928633651 778111377
2 18 1 568533366 1924977948 2039966282 3105974572
2 18 2 603824358 2547644074 70571524 4088843143
2 18 3 715735238 568681930 585702642 885325973
2 18 4 597179862 4014287798 616008390 2712314450
2 18 5 779137270 755529961 2385259432 915625876
2 18 6 3165794438 919559057 469220749 2861622352
2 18 7 2008394918 2393265093 1704721954 2275156383
2 18 8 1739713668 771519492 3941149873 2156438267
2 18 9 3690534932 5456635 2782471155 1931336223
2 18 10 3014608356 1080312818 3988133331 837516519
2 19 0 348642472 608086573 3289878541 2212436801
2 19 1 909988864 1348973357 1278960782 2249745339
2 19 2 1636461032 3682668083 4234814228 2565985999
2 19 3 2106732272 1426890633 3605605052 1853935553
2 19 4 2323034472 1430067403 2049573738 489313960
2 19 5 4147288096 25595580 3059674924 4019939802
2 19 6 4192276136 1506747132 3923758662 1178302962
2 19 7 1956067832 2904791733 3180375630 886199127
2 19 8 2595344632 180105854 1061821518 881606507
2 19 9 255338577 3490208447 3973426666 3548243872
2 19 10 4069558865 2877793666 1290398556 3347421571
2 20 0 453385347 2659545106 4270081106 3470005465
2 20 1 3743136387 914489648 1479496761 524935767
2 20 2 4036885491 1136274981 1280433422 3145073304
2 20 3 2551266291 516425411 2231081820 3860393702
2 20 4 2066402423 2750680868 3263470476 3743214357
2 20 5 3196434551 4278936615 1523485734 1215625263
2 20 6 1941900693 1938048428 3549017138 3784491501
2 20 7 162069653 602622857 1659096029 3811474271
2 20 8 3158318677 1364738555 2131927897 509872567
2 20 9 2189747029 968667605 1881919071 3125779149
2 20 10 4080078401 626421316 514496877 3854773991
2 21 0 2935453489 2070775683 1383633249 2486460916
2 21 1 3810187597 3779510380 901385218 4252107134
2 21 2 2934808653 2715620456 3359094589 93388276
2 21 3 1306892105 3357405919 4293678618 3940146542
2 21 4 36749129 1195632977 4216848547 404301483
2 21 5 3008535101 669916453 3233685037 3123522290
2 21 6 2730684700 900774168 2593691391 2308460827
2 21 7 3250780604 3862253281 2805583016 1831429389
2 21 8 385621468 86271613 3745029493 2341405187
2 21 9 3047030385 4036126030 3227179614 683420746
2 21 10 273686688 662582356 2066979940 3144703127
2 22 0 2735008261 4246901249 2683783758 2208489912
2 22 1 2761765893 2191716555 3741823361 3868646181
2 22 2 3041413570 1161375819 2170286645 4024798656
2 22 3 197210857 2765109627 41222664 2075477146
2 22 4 2244619752 1501861997 2315603842 869926371
2 22 5 2823237188 91780657 2838183042 3608989441
2 22 6 136761508 2795035502 1591262843 3686080556
2 22 7 2330020312 1554931648 1683502726 1914332068
2 22 8 32207456 324689775 2854373953 3854110131
2 22 9 1306629472 2230008266 1197589535 800381035
2 22 10 825988809 3032404175 1925433953 785893359
2 23 0 891043160 3726913735 2536393475 1253472965
2 23 1 2935258816 3191328181 2425933417 46994155
2 23 2 2392624100 3821661177 2229852792 1768160734
2 23 3 644285744 2981538316 2565320704 2532601144
2 23 4 2138986717 2069456780 2024659985 2331603461
2 23 5 187983464 3225068443 1882989423 1364951245
2 23 6 4236350329 3570457240 715266788 244425744
2 23 7 3039353300 3390496208 1840681546 1132087260
2 23 8 1658157837 2152323257 745730553 1742469307
2 23 9 46712769 2098151584 0 2035371919
2 23 10 4233884201 1330629297 3268710678 3015911142
2 24 0 2044754015 1499227314 2611839610 1882764275
2 24 1 1789632179 1154917859 2170186267 114431947
2 24 2 511436317 426607815 3806068540 4151807238
2 24 3 1890838625 1378884583 1579014909 3502000586
2 24 4 2013714997 1069197964 1030724688 2860717493
2 24 5 809233209 2138517516 3221313786 2861845779
2 24 6 1791069476 554325708 1436490965 180644606
2 24 7 1430697892 176569009 915758942 2733530416
2 24 8 409179989 4021910675 0 2015973849
2 24 9 3307683653 4021757838 3893405704 4201053441
2 24 10 515741247 2760278707 1943773961 3822310689
2 25 0 2409352457 2187601635 3202661486 3262829216
2 25 1 3152233381 1849139158 2218076370 1200644328
2 25 2 644650661 2515143080 593898890 3792818428
2 25 3 780925584 3213328490 3676577312 150236058
2 25 4 684975617 420321645 3366792918 45807563
2 25 5 662544616 4122721926 3515994761 277929617
2 25 6 3668671865 995143055 1316321202 2088586699
2 25 7 855453549 693921825 186561573 4273526387
2 25 8 189337704 3463016089 1946517885 2608269831
2 25 9 1351631073 3492060384 1806742647 3688436847
2 25 10 83495929 2950811392 2163889952 3181501791
2 26 0 2961025876 4149706489 1863025110 145879661
2 26 1 3574225876 1083891793 1834705422 1855592918
2 26 2 3727972260 1975719111 68537034 1844531881
2 26 3 2228710084 3197785285 3675047697 2136269137
2 26 4 2604707892 711594393 2547893712 2070940340
2 26 5 3185668916 1248826318 2892641932 3119031555
2 26 6 2836767396 2173181298 4251883277 1121292064
2 26 7 3424805444 1241540732 2465575410 2330063783
2 26 8 640905518 3289377906 3944124506 3248646604
2 26 9 1739078894 810219914 3447772532 3835158870
2 26 10 2753735710 1073087509 3323331511 3618768884
2 27 0 2514376232 3114015079 1902945807 4294299800
2 27 1 2938014136 2844093401 174312347 3666314941
2 27 2 4186974712 1116032575 2950204088 3054096088
2 27 3 100406368 3107483537 56658831 1089081774
2 27 4 1817475793 1691395796 842967426 4115739006
2 27 5 3333080372 4278400929 3187467482 3264308693
2 27 6 915185929 114752470 640965231 3276179904
2 27 7 636758568 1846784349 3204727710 1049586383
2 27 8 2149022320 2319085564 2738587328 3604010683
2 27 9 3802372184 1322014480 836661870 2151604624
2 27 10 3498659232 1424837546 4075967718 4036790416
2 28 0 89995545 1835322444 859824341 745053237
2 28 1 3021002945 53917568 1621592452 2371815441
2 28 2 1094469961 1034211056 3802323977 1356177243
2 28 3 2674859905 3375853372 2334777608 3697360333
2 28 4 1632123513 2163382152 235745600 2156276416
2 28 5 1672526433 63936263 4284405379 331061486
2 28 6 3876002131 3151971789 2561257763 1803369504
2 28 7 1476518003 2109277598 3829433930 3329436829
2 28 8 884559907 439330634 3600017310 2652322611
2 28 9 2518760931 2150823620 652496763 3787321706
2 28 10 1211919059 700052579 2257972275 1214043506
2 29 0 248367742 1662392366 1468868959 571776439
2 29 1 3044944700 572828547 694930867 3280666724
2 29 2 4220113217 3097988139 1106612067 3459879380
2 29 3 972616324 1229136935 3175924939 3608753924
2 29 4 3511560713 3281082200 1736904853 1144015115
2 29 5 626909633 964230867 2071389983 2832700109
2 29 6 1095249562 1264887304 2501342820 1798648796
2 29 7 2751087589 3619861989 2877200304 1471734701
2 29 8 3472454493 537804013 3550994427 3741466148
2 29 9 3051169161 1775147078 1549299182 2798727701
2 29 10 1180599777 3888296400 565404458 2882936909
2 30 0 270965728 3044938904 539957988 2602905627
2 30 1 1788351456 2700007299 1996048459 2172049713
2 30 2 2927744116 816012511 4185361022 4063530213
2 30 3 765183092 2482306089 4237676293 1482393119
2 30 4 1345925578 2722564942 1390702527 2048733397
2 30 5 2976927434 3239246395 656988124 4179476641
2 30 6 1793537258 1858872366 3703310194 2877746635
2 30 7 490461674 3018626464 1508553011 2842828764
2 30 8 1335512986 814235400 2079761039 539432283
2 30 9 805400474 1261927408 3462224863 255602301
2 30 10 695596882 3354180961 2713119530 1470150907
2 31 0 3778258337 3343212417 4038264763 2944521983
2 31 1 43516516 3570488798 3467221077 3118074786
2 31 2 894956900 4082128799 2812429011 2451054684
2 31 3 1912897172 3854827338 4173160840 2836737824
2 31 4 3135108708 3954610725 2443379477 3337751693
2 31 5 4196669412 2642987388 1745455679 2834993093
2 31 6 2232342740 3539261490 2283200095 627962697
2 31 7 2606436564 133626627 1833009799 187423670
2 31 8 3250166788 2459942161 1211909528 1615744897
2 31 9 197814788 1782678210 0 3505126555
2 31 10 1708225044 3982560275 3413119723 2856013850
3 0 0 3926801701 2980526183 1559717654 1403903507
3 0 1 4099528966 2733573719 2063208216 64614865
3 0 2 1947773909 421442570 3015731700 2502224784
3 0 3 4101694086 1878568977 3943003483 2124484398
3 0 4 2545735206 677718000 1348476529 2932298249
3 0 5 889114534 1595577854 1173365882 3458445499
3 0 6 2237169322 513603294 2239027923 3008834625
3 0 7 4541263 1457141355 277368323 187257328
3 0 8 644305402 2873446254 0 1081295267
3 0 9 622533407 1506483194 581630228 1552662053
3 0 10 1469135498 1513070019 2581252942 2094283762
3 1 0 3268753947 2484252088 3365833606 4167843566
3 1 1 3967283220 662122015 101353466 2142039899
3 1 2 2067554324 3420003767 935983248 1251136215
3 1 3 984867220 2164418753 4022353952 3849860979
3 1 4 2606250044 54122110 2280254243 2853960173
3 1 5 499296444 434639040 2979025917 1331738717
3 1 6 3678339816 2402278724 2509403930 4037759971
3 1 7 2947995920 520332881 1431688532 3120416515
3 1 8 744900952 4153899248 2033334890 1141714077
3 1 9 585080304 1800910010 1450617984 1795249900
3 1 10 3148741320 4238753973 906938649 3399090510
3 2 0 3718517627 3034965912 1909796293 1451992526
3 2 1 966107292 1698736238 3266803578 1107265385
3 2 2 833300380 2123692988 1229629307 1686350836
3 2 3 3073345668 1510939497 599989648 2761048784
3 2 4 4026018459 63441520 2495388288 1118609959
3 2 5 364149588 3317324397 545776409 57137213
3 2 6 1576855380 3860266201 893365762 1423767809
3 2 7 4150077808 1736217987 3676187014 2099806100
3 2 8 3634074592 2488229645 1770848905 3191095569
3 2 9 610622016 3627827666 3250358851 3195823643
3 2 10 455558400 2824205187 1997945915 1362055201
3 3 0 3167639589 885876127 1532394361 1897987313
3 3 1 2683398565 2020674947 2962127988 2302366351
3 3 2 1156791809 4210907636 657223905 3267545100
3 3 3 2066780881 4241801272 322377039 2200830974
3 3 4 1868561973 394537083 236753690 1886092840
3 3 5 4108923074 1668394590 3051934286 790861642
3 3 6 3890758842 3074205221 910688076 1981366522
3 3 7 3046467686 4227576923 3698608150 594167273
3 3 8 3952065141 1916764037 3234933579 718518058
3 3 9 927391093 3921340646 587217730 411527650
3 3 10 3724424005 3986070039 786638763 387132682
3 4 0 2290995409 3051735323 180237944 3256884532
3 4 1 406534710 3216681855 3660490350 783652492
3 4 2 4018612689 3828599300 1404652516 2151681663
3 4 3 3430293581 3087033918 3213277384 2792206938
3 4 4 3603256629 239520234 356777177 2917977707
3 4 5 777949237 3142503224 2836748637 2671047211
3 4 6 3367531007 2297725158 1166339782 474308828
3 4 7 2940047471 2011321710 256427818 1032107759
3 4 8 4122298966 415027490 1559627228 2728758493
3 4 9 4282521866 3990309208 3506824402 2435631373
3 4 10 1810551157 4169561525 4265195140 2099805599
3 5 0 386413212 4206111646 1066480010 1772911611
3 5 1 4019385892 4227388726 1241815312 2250685578
3 5 2 380729940 3971961794 2841563101 3784514297
3 5 3 775183443 1972025781 3987201179 958093000
3 5 4 1166155284 3565591008 1755777879 1799070640
3 5 5 973714676 749855523 1437358635 1703933452
3 5 6 96555580 1379494660 2426802263 1317089641
3 5 7 3985630292 510975588 274515377 908980005
3 5 8 1344495612 1082804809 2726279987 2808122656
3 5 9 217366620 3192480358 2164445943 1520702261
3 5 10 3427048644 140719749 2579363376 1116939624
3 6 0 3196837404 1860490064 3412649184 4273801986
3 6 1 3456939084 1618344142 151920341 3950843877
3 6 2 2611573732 2402185320 3492874362 2356542150
3 6 3 3426205732 588163289 3838285022 2563737884
3 6 4 3928562916 2412567914 3061339799 3675448091
3 6 5 3235664012 3658200044 3150096818 2329222553
3 6 6 3808477996 1215643705 1167878860 1978981281
3 6 7 1423907340 69246770 3595833036 1850270918
3 6 8 1563935012 3668086319 4022892350 3383892945
3 6 9 1664527511 3956877230 2500793330 4196351692
3 6 10 1341207975 2173287220 3983710872 2039719496
3 7 0 2281836101 87706816 103051689 3391995873
3 7 1 1634654578 68391916 1093878788 1358335845
3 7 2 1737552325 707460246 3086443095 3432209617
3 7 3 2094015429 2858288064 1239281133 1749689175
3 7 4 3968577553 2185044291 1848678572 3003642134
3 7 5 844067993 1295056946 96409042 326797650
3 7 6 1852293585 4266338587 2825777184 1216987194
3 7 7 4282514065 700982112 4102467117 1800418145
3 7 8 619686453 3252737896 1477139814 1545761915
3 7 9 653230869 2046756002 0 10587945
3 7 10 3150821125 1717726196 1293866579 1786959303
3 8 0 3949587830 2109846743 330127938 2035969359
3 8 1 2489398415 2151951215 422665237 2283396955
3 8 2 1359448639 410285663 2795056779 3849479461
3 8 3 334877999 1056979140 1558704290 2905188233
3 8 4 1850195606 576954457 2180256881 1722271758
3 8 5 2129622218 2845387905 3835288429 3366126376
3 8 6 861924845 383063495 2464790778 4124224342
3 8 7 3668206494 1208552125 2236717124 370800079
3 8 8 522761277 2007504571 0 633802903
3 8 9 1873341433 3896457356 1227874989 229111444
3 8 10 2177745522 774409526 5143480 2839048841
3 9 0 1783280372 146802907 2794108835 278485538
3 9 1 257932820 4136498015 717185309 1736228825
3 9 2 104270828 2974077884 2084244604 3890699456
3 9 3 2355047564 2863880852 2801115676 1565563294
3 9 4 4086618924 4234481514 1441727669 2420192923
3 9 5 1564902412 1378254004 1947213311 3886462135
3 9 6 3824848068 3418067794 1926428222 1498088648
3 9 7 2027939471 3028028415 3631605381 2929331643
3 9 8 666939060 3161256576 1113672590 2089564552
3 9 9 2242280964 1603660588 1411854730 4263737992
3 9 10 251100492 679173416 1460783261 864481292
3 10 0 630275130 1108612530 4210940834 1285631156
3 10 1 959615672 2963066103 547935958 84058601
3 10 2 1042809532 2479806872 1550264718 2852896921
3 10 3 1772110776 594912249 103127559 2315782735
3 10 4 1388816948 2761960855 2799372108 2463354399
3 10 5 1715883315 836523142 1136939796 620505248
3 10 6 2264495408 302688526 500714833 2464385150
3 10 7 2769479720 1131742973 401914339 1497497545
3 10 8 3693940564 2268514600 2194553107 290405358
3 10 9 876742556 606155787 2078037097 539849480
3 10 10 797033684 1574069986 3662934890 181809681
3 11 0 590504801 2070302894 2187699020 738335812
3 11 1 2062111625 1716084353 301413172 792182104
3 11 2 4042659617 3651595458 868121826 2580038656
3 11 3 4015734881 1284871206 375217011 3291089734
3 11 4 1913073877 1018513171 4018873753 735462711
3 11 5 2300170634 3044087332 606820554 1326644033
3 11 6 1769268965 3846644477 2430579347 867975117
3 11 7 226781557 517165670 4089519571 1973345995
3 11 8 2980376609 3409900160 1159041467 462174501
3 11 9 3198547957 2706661505 1471382911 979011778
3 11 10 1174623201 4058649778 2874685350 2060080560
3 12 0 891433837 3195933087 936658730 2015493538
3 12 1 488047642 735658387 4002408382 350753830
3 12 2 18391761 656595086 3922947426 2795408825
3 12 3 1589761870 4264754201 3607148158 3857272470
3 12 4 2922270670 1114070735 4184057792 1564220061
3 12 5 3579862265 3993677253 680284903 679312102
3 12 6 3155108217 2678601771 1862544341 1741470206
3 12 7 765090573 1598714441 1835850016 125999056
3 12 8 2421499313 1564557554 4144085895 1687527434
3 12 9 1756585141 2896686540 3334691711 3079241998
3 12 10 1851767109 3905230448 718138573 3684503190
3 13 0 2679695988 2627722608 3507198558 2461790131
3 13 1 2110773316 504328222 2073388778 4228569928
3 13 2 1074838928 1435910795 385326250 1317708408
3 13 3 903448068 1859556099 1107756870 2355729680
3 13 4 1316998580 3509270699 785439916 3355673955
3 13 5 4040457984 3523861934 3912439268 528931717
3 13 6 1757390271 2090131754 2499806097 756406627
3 13 7 4063091915 1463625368 2615271898 1174163105
3 13 8 2116094295 534587141 953404028 3528389305
3 13 9 716758548 1300899770 4259580723 659405813
3 13 10 2759377413 1692796409 4073469542 2911292045
3 14 0 127904943 2056792029 111751944 118508311
3 14 1 1024485251 968112073 3258143414 149775686
3 14 2 2263495331 2227151699 2291427781 355115361
3 14 3 294445423 825954880 2265064696 95437849
3 14 4 4205590243 3556224750 2678337139 1911135462
3 14 5 2260682499 219524469 2123570853 1597632424
3 14 6 1964510883 2224420649 3737285229 155043993
3 14 7 362030595 1605244469 2738155647 469785314
3 14 8 3105375252 255210573 1237482988 275817464
3 14 9 3315318844 3595535951 4008047053 1830212709
3 14 10 1415536408 2418191678 2460280123 684111238
3 15 0 1922691541 254302416 1085832262 2625458377
3 15 1 1773665378 1154387665 74534287 2450821268
3 15 2 3606266245 2886209387 4290408667 4121937896
3 15 3 443725781 603430210 42897431 3896202970
3 15 4 3001850705 3711701466 694724688 1979540723
3 15 5 80620990 4063102208 2999463267 3026365527
3 15 6 1525416977 1572880490 545304803 1849172265
3 15 7 3760794453 1949012446 2655052391 2297856761
3 15 8 1541661349 3975108779 15399037 2624705268
3 15 9 160599997 3171565640 0 2827461685
3 15 10 3273579733 3022719357 2681047445 1410294378
3 16 0 4105520174 3539776602 1225297641 410166501
3 16 1 4243049893 3894665270 3325992014 134057561
3 16 2 4285310746 892877397 3267333513 1345500261
3 16 3 3416632413 487506423 1080181251 4161228189
3 16 4 4029798830 2347554859 72302924 1476280021
3 16 5 360798449 3954714281 930051824 1058437857
3 16 6 2417673386 1397961562 1830456570 3791181073
3 16 7 1361609713 3726137202 1967613004 2598132179
3 16 8 473718449 3922204425 0 2504036343
3 16 9 4180885169 1368744882 1605724184 3718123477
3 16 10 4086051853 1327926391 3012195900 591323085
3 17 0 2565667156 3324930742 3630956705 4189205331
3 17 1 3548452852 400462722 380432361 517999513
3 17 2 1999700356 2565812625 4276228789 935938765
3 17 3 3846531044 1450302309 2496442670 616065396
3 17 4 1404392116 3275786504 904340039 336548630
3 17 5 585575316 2770122671 179180637 65487012
3 17 6 3183419049 2793578503 96200004 4128406519
3 17 7 551735721 660761876 1056308955 1253978588
3 17 8 2710603780 3442144740 671307741 3173728352
3 17 9 3581662468 1594872921 3649320637 4253118876
3 17 10 3051191268 2177774407 3972763083 3999569396
3 18 0 841215347 577359052 3375249837 748143258
3 18 1 1012882659 2041603490 67397033 569334257
3 18 2 401792643 3847743392 3099190858 4074409661
3 18 3 100865011 2956287812 1657100663 639149971
3 18 4 2999012467 3740549816 1024624834 196070444
3 18 5 2260993269 930898909 2752390201 3881887317
3 18 6 3784753941 1823825589 2854155692 340352609
3 18 7 736721061 1984944641 901097302 2625271522
3 18 8 1668239205 3745560258 1481459155 2718598705
3 18 9 1224785461 1705260585 1032779543 1885088121
3 18 10 790426389 1643034804 3635799267 2325916013
3 19 0 2264947625 2111728704 741494857 4260616382
3 19 1 1623025841 766070894 1728154792 3489977033
3 19 2 3444179733 3465951729 2489209638 1797017147
3 19 3 2906519381 381306380 3569013538 2169009853
3 19 4 3927952681 547376603 2259415179 1628210726
3 19 5 3502667968 1782117784 1011673475 2200383360
3 19 6 2526494593 3094591411 1477932189 1309894172
3 19 7 1087810257 1961498729 4282236037 747151369
3 19 8 3207807446 518827996 3010069049 2941240390
3 19 9 1145275425 965260260 3130976310 3540717698
3 19 10 4246554280 3923743208 3337486263 1671216116
3 20 0 754575742 1429502380 482672912 1940101164
3 20 1 3516650266 2117717877 241257833 3555900246
3 20 2 3568192794 3797347999 1860899625 3879430937
3 20 3 163571972 3722009951 1192599068 2924723520
3 20 4 486844840 2138624406 1125265429 2236442885
3 20 5 2713976488 307174765 3597982901 876434227
3 20 6 3263419196 2227044085 1462089067 1113751827
3 20 7 829404124 2379811110 3994765074 3456616930
3 20 8 4013503080 2393287848 2099023427 438793835
3 20 9 1884589008 3840667200 305298270 662498171
3 20 10 798581764 971254974 1765115995 1685262407
3 21 0 2835301096 2671891973 2644604003 2226447594
3 21 1 1005504744 3100378465 3551836009 2865912532
3 21 2 481687736 2629982021 639940671 3486162597
3 21 3 1565262296 3628144763 1455036290 1487683303
3 21 4 2339356344 1934555949 3535771066 58050346
3 21 5 20939288 3557787030 3915485192 818879124
3 21 6 1511945428 4216741627 3810627884 4025843188
3 21 7 3619444436 2242351224 438159241 1217954734
3 21 8 1738437844 575836952 3800893263 2724559892
3 21 9 2740243141 2328288555 1139187521 3237065708
3 21 10 575196440 1043046427 3210694822 2229773909
3 22 0 1870179847 3853979891 2116453470 4062914918
3 22 1 1918711540 2847472862 59343472 288962989
3 22 2 1085491572 916053860 4239097626 1743033840
3 22 3 3206435348 1057542781 854355860 117356895
3 22 4 1404917489 1904301084 361694631 3933963203
3 22 5 4263770117 190685846 334333290 2821341335
3 22 6 452435145 2129829725 3638101900 2247278619
3 22 7 3049399505 2925835174 4097859368 1273476910
3 22 8 1003806089 2297098139 335144375 2234292335
3 22 9 1515450764 512166150 899395883 1973094938
3 22 10 1443370892 1943235345 3277151591 2724375381
3 23 0 3149611681 3414708064 223041745 2253724377
3 23 1 350099901 2323335214 161762132 2413083338
3 23 2 833784856 2683081505 1903382228 1783027508
3 23 3 3399988500 4193772055 1145360970 4156618508
3 23 4 3766199353 2346120720 2460607800 1446434456
3 23 5 1074636836 766414808 1639281156 1003337482
3 23 6 2688299641 555238768 1735909176 707325274
3 23 7 2694236601 750581389 2251213482 59631218
3 23 8 1379210453 2403044153 845870510 1818509040
3 23 9 2670678085 2137771512 0 1017240593
3 23 10 3539094729 3064189506 2012608100 988199046
3 24 0 3376066917 816077317 2305077129 364844244
3 24 1 1816962153 724991450 447389276 4252104976
3 24 2 1749372881 3601900161 1599636430 2054157875
3 24 3 2537195589 3945901694 2488761383 671203769
3 24 4 794003048 2720128881 1590997204 728703619
3 24 5 3838374504 455671706 1315069755 927274525
3 24 6 1770085385 528376507 231605784 1183564688
3 24 7 3959400325 4146588789 3142757186 3223262394
3 24 8 217998885 3259493820 0 52153235
3 24 9 56012285 947862944 3206988895 2893397716
3 24 10 3379835497 1524893138 3979512218 1476392480
3 25 0 875417540 3442316757 3498223712 2099092854
3 25 1 2678578884 667923253 2020391456 2502741783
3 25 2 507856420 3165096904 1247234967 2980192036
3 25 3 432122660 2477486040 55206568 1994560367
3 25 4 3954574505 2821034216 2837443952 475331361
3 25 5 328981929 3476256787 1417843699 2806805116
3 25 6 1616827604 3333048574 2222816560 3353041779
3 25 7 436457860 941806855 4204316999 1120144159
3 25 8 1764282484 3078238849 2531244237 537046261
3 25 9 547495332 1200697828 3486018970 1852376872
3 25 10 565053812 3786650942 4284880072 3763026979
3 26 0 2729020745 773352239 3463503886 4119936882
3 26 1 3613816741 3359122942 11222290 3659848420
3 26 2 1108904696 3427467828 1400502631 1308894530
3 26 3 738286708 3781877193 3405867711 843070292
3 26 4 2042254945 4059183620 3179108327 987197533
3 26 5 763023812 2955671084 625893560 1940219460
3 26 6 2888131311 1731955355 3558404587 2848973514
3 26 7 4214568328 2493507591 2233537543 939172772
3 26 8 812736983 924752422 3152586267 4205863904
3 26 9 1751840320 2207559917 1809411892 3100786796
3 26 10 2305713223 2302679043 3714042160 2861131330
3 27 0 1404967621 3342249478 2649324731 1756379658
3 27 1 3526968261 890337282 434527343 3440159880
3 27 2 4122204612 1786774016 802717535 2836886451
3 27 3 1253648068 77666824 2559380082 1528399893
3 27 4 4166100621 1801430028 2696638624 927272332
3 27 5 2872775749 1542791755 3772617542 4158687107
3 27 6 2228746381 1158593063 4127438805 4047909402
3 27 7 1478678389 987306543 4224886552 2702844573
3 27 8 1137912717 4066529668 2146475829 2713661386
3 27 9 2399323013 1141761369 1662107379 1009879941
3 27 10 3651376461 1473969912 1745827163 2846728414
3 28 0 972430132 2713157110 4155818072 1712630480
3 28 1 1041415732 3952388258 3052737153 1609490617
3 28 2 3751116164 1088949781 3346222078 4128949133
3 28 3 1991000958 136755741 1185635850 3213060150
3 28 4 4176036670 3679524222 658315109 3344802462
3 28 5 1501546302 1481141813 1020095798 1572739917
3 28 6 1180842802 1668376360 2428967989 952468767
3 28 7 76664954 721364421 3785584254 2163719948
3 28 8 3455615938 1107186405 2765418960 3904437643
3 28 9 2238998722 912029591 2388044637 819500738
3 28 10 473312894 1588047809 1172752971 2019100470
3 29 0 3316036177 116660479 342597389 1603033309
3 29 1 1852072872 2497704750 2306781422 876220433
3 29 2 2127685172 2497360617 1323572998 2612220734
3 29 3 1249256948 3121576673 3157035144 1268744328
3 29 4 460801220 198086994 2660245740 3424407107
3 29 5 2020957060 4066337025 1703410413 2942782208
3 29 6 662155340 3441340695 3612231743 2492328773
3 29 7 3661268808 4160064466 1359861519 774040029
3 29 8 3043834676 3221114902 763515157 104418389
3 29 9 4128983940 918625659 1178012961 1571360472
3 29 10 4204881145 1729403931 3696355866 237228674
3 30 0 1770518857 3417419161 1191827587 943174985
3 30 1 1447030643 3090040509 1113802007 188121857
3 30 2 3141070983 2270197212 640439292 249033370
3 30 3 3097100935 3029982596 807173607 2843938288
3 30 4 2608953363 3927587757 1724740596 4004612227
3 30 5 2794936659 3795192986 3815612957 2634006529
3 30 6 3403293431 3574951961 1916181458 3471243133
3 30 7 1087829495 3090227257 1665832654 2166228766
3 30 8 2188544115 676082165 3810976884 3396875285
3 30 9 3124632251 1111934774 3191497936 1784997930
3 30 10 1569664375 3856327047 3087785977 716939370
3 31 0 1274664081 900239663 1756221758 2867858405
3 31 1 645682149 741442650 3024276917 3099781923
3 31 2 605955081 1684291359 3141959164 1975177477
3 31 3 4202845221 232674173 2909080226 2924460172
3 31 4 1616938245 4141969886 152611749 633439202
3 31 5 3007641429 3594858329 33512381 4019215552
3 31 6 99721481 2692107889 4272520851 4014832719
3 31 7 2176946117 2272038744 1054013658 845042800
3 31 8 1498711776 1719500771 4113741878 3492284225
3 31 9 3543985901 4229482352 0 1349993257
3 31 10 4130424701 2305801001 2296081023 3169340249
4 0 0 29282089 3480052948 1733789791 1936121523
4 0 1 2896682521 3433934686 2114615394 4144489419
4 0 2 3595869609 3534659217 542044493 2583758792
4 0 3 3725821241 55616968 3372032688 2011466850
4 0 4 3289942352 2290154474 642685059 1026362827
4 0 5 991355740 3853146622 842395390 146886065
4 0 6 1967957917 3323747576 2394512349 2707582108
4 0 7 3354338137 2669770611 1860188099 1472851655
4 0 8 1774667689 2817379124 0 3009682222
4 0 9 1597367548 3033701027 4205208627 2680816829
4 0 10 3766389244 1670699772 2041673894 3209510973
4 1 0 564506324 2725461355 4225565088 542183036
4 1 1 2748598772 3994511061 3617349395 2411306445
4 1 2 812099444 1312132181 2518357063 2866687139
4 1 3 3767353519 2483502889 1643615853 383062089
4 1 4 1380107475 3684655898 4015903052 3632279054
4 1 5 2067336243 2924396979 2115287550 519365103
4 1 6 2123394452 4086563936 535868879 4022838098
4 1 7 1910672188 2449566226 1201617134 794359524
4 1 8 1027070396 843412833 1421982207 1295994828
4 1 9 3603246508 3290533865 21331195 4131363620
4 1 10 3850490379 2290940207 2875013374 1421617296
4 2 0 2528124096 1681128551 1210817026 3739997621
4 2 1 251828295 1293493498 853053413 739606224
4 2 2 1887724059 3201917510 15329973 3546013317
4 2 3 3604516699 84138962 1110047758 4248116847
4 2 4 2333401431 380341856 204350922 1293480696
4 2 5 3437289659 218988214 2934656645 2909252271
4 2 6 418938495 2934742895 249599523 1813621486
4 2 7 317009527 4162803654 2062891936 3726311770
4 2 8 2558938519 3793075048 2974066180 1799551941
4 2 9 1694933823 1592321942 3074515175 4092992248
4 2 10 2880373259 1626003697 792953855 1236805603
4 3 0 2766921793 1825000935 4135700998 4002346400
4 3 1 3668895989 2460697142 3702066031 3909990581
4 3 2 1082494814 2943640397 4170100590 2812733313
4 3 3 2396313886 3468877280 2334798552 3439821591
4 3 4 850025073 714363441 2906069575 285049262
4 3 5 3901317577 3063730871 1075864189 4167776360
4 3 6 2008366921 1113116335 1125885599 2241579012
4 3 7 3070208913 636332379 2378916102 1991313531
4 3 8 745164021 3553910534 3338550105 4052223696
4 3 9 3419914521 3424261160 3299100010 2925647396
4 3 10 4181901401 3445009214 2310478877 2260918832
4 4 0 4064431226 3737431460 4092652413 3204957942
4 4 1 2364215738 497595906 959404121 201082999
4 4 2 1460051010 1326685694 3452072893 2354730650
4 4 3 3732095184 339145774 3430094198 3753678214
4 4 4 859719572 3065405307 3164789131 1602172291
4 4 5 1807656853 2807643434 1512212129 2281654561
4 4 6 4145585794 2908895477 3891822629 1328612505
4 4 7 1128735942 2763846843 3706224376 3321951813
4 4 8 3329746938 746718576 2791185266 463099870
4 4 9 4108377210 3066870971 15022568 2727683413
4 4 10 1631671718 2062728835 2200218236 1208113992
4 5 0 3860312799 3476977401 1773614680 4077100283
4 5 1 584426395 4255168821 4236308674 251274050
4 5 2 175759396 1923062344 1342907138 1016700462
4 5 3 2224240036 1577568043 2464255691 2701704755
4 5 4 2686226468 1220054590 637988916 2243550906
4 5 5 2542712596 3922657785 3475738798 3004585596
4 5 6 3394151044 1929770515 4151491285 981440673
4 5 7 3069459711 2912848431 405062218 1797623306
4 5 8 1284599807 3222162731 2159796420 2427012042
4 5 9 1559650463 2399156925 2412064136 2821608940
4 5 10 2181435872 3684336480 3839764390 2111589402
4 6 0 2342858233 757847074 2037081362 3414924678
4 6 1 3108860933 3481792450 2145005735 748649014
4 6 2 3820500420 3234446770 944301390 1198151932
4 6 3 2350535513 1807508198 2801973731 4184776831
4 6 4 2222760679 1687488247 2468074871 2120243973
4 6 5 1242268247 3326902122 4294647045 3640733475
4 6 6 3791731079 4093387137 4142510689 2327847303
4 6 7 1976249895 110641288 60914275 3404706868
4 6 8 3737687020 2330637297 2686825473 3999487198
4 6 9 743924304 1541713980 1427592949 275896298
4 6 10 2115977703 1734846241 3497810938 1968248115
4 7 0 4273701089 2136185355 379609360 2179580706
4 7 1 403107221 3125359780 2500234742 3064182683
4 7 2 708103253 90603132 2219110761 279571273
4 7 3 835971153 3987136182 1135757613 2388022467
4 7 4 2225355638 1410628233 1404246364 418652514
4 7 5 195131302 3115707445 455630974 2373811664
4 7 6 3679888806 2663216782 1528817665 83946658
4 7 7 3196458906 1553984554 3367076647 165088506
4 7 8 816635886 259088596 1697562816 1106588612
4 7 9 3936400014 3079104855 0 1663245324
4 7 10 2644657718 3352915194 1586900413 3149510921
4 8 0 2968073766 1432592070 2906796025 1339221375
4 8 1 3278785062 685110722 1262318835 331167041
4 8 2 9127702 139781242 1474957902 3167185053
4 8 3 1715887082 699410316 200278604 1111732767
4 8 4 3080396262 1450879006 364411760 2632722316
4 8 5 3343982489 4118334283 218467566 4104139583
4 8 6 3366566758 2534556678 3915074801 1335950814
4 8 7 489653109 979842702 3123350923 94907868
4 8 8 1552270054 2993668510 0 2571538950
4 8 9 3343338918 1350961240 2858246956 1449755740
4 8 10 2584595046 2019870554 1428765042 2238837776
4 9 0 1311236028 1382387879 2839756974 716175619
4 9 1 3733585980 3834924462 1981080763 1600091359
4 9 2 3653745679 88078490 3907016105 1875599750
4 9 3 1777873487 399690530 303124679 1695027461
4 9 4 3467446479 3688215935 2911948208 3197615772
4 9 5 121026895 187541579 4271792538 3338366290
4 9 6 3158030407 4274210133 375392928 2773017806
4 9 7 2719250735 2964235720 3473597422 1076927544
4 9 8 2314776415 460411993 4238695784 1467443690
4 9 9 4006695075 1081789373 3594769642 554544638
4 9 10 3192924027 2322021974 970845316 4061345834
4 10 0 634785484 622497674 212246297 3823297002
4 10 1 230961729 4146062383 3487389248 3194852036
4 10 2 1928182448 2449997572 1131601475 4091459539
4 10 3 2828431204 2350260111 1532320038 4214338465
4 10 4 918988132 1546764831 2352425666 803502508
4 10 5 3116882488 1316918816 3387539774 3339835572
4 10 6 1749116744 693617197 3133858884 338739972
4 10 7 3498584244 1756158316 1709011410 43802929
4 10 8 2061637044 609804955 1028494053 1154842250
4 10 9 1185227696 211737087 353693373 3765228272
4 10 10 1884530794 3728131517 1155140977 2325676474
4 11 0 4093787054 4064063368 87577926 697901938
4 11 1 2436563150 2691467891 766050344 153232561
4 11 2 2251525862 2161283673 1937504227 3685235358
4 11 3 359867950 3204607019 2399682984 3885655951
4 11 4 1652333462 2475383057 2153840829 4139043943
4 11 5 3777758222 3556403406 3786972035 2787401511
4 11 6 3190557958 498538170 4847706 259985303
4 11 7 3651381934 71369580 2476436632 2419677038
4 11 8 2204220246 3041160215 3288435228 3204445921
4 11 9 3232206163 2427309521 3090279252 2045388559
4 11 10 1340687814 2571404092 3116813931 3894388815
4 12 0 4176977321 3244586704 3173113142 995397474
4 12 1 3999843881 1751479131 4186560471 1954896432
4 12 2 2035410025 3872276715 2943660296 3995346006
4 12 3 2207203945 3820036393 2602551266 60419992
4 12 4 774167913 1813547837 1555430320 540582407
4 12 5 4206574249 2355059090 3463933311 17532361
4 12 6 2127900393 3097753230 3930153188 1379790313
4 12 7 3288514601 2389951863 4128486170 1591890619
4 12 8 1480786327 2833514137 1582356350 3671975436
4 12 9 2419691383 1522171822 1639030815 2836692398
4 12 10 562636743 62751127 754459702 2315616638
4 13 0 2016732927 2909322703 293285269 1912582867
4 13 1 2175387555 481775495 2212822258 191862412
4 13 2 2199099836 1845735647 3322255712 2403789065
4 13 3 705298548 1120479602 3874147078 2097571790
4 13 4 3728929460 187102996 4214125401 4017879781
4 13 5 1569575003 2207041356 2278634475 3111247449
4 13 6 2727194747 4045073142 392633604 3989988798
4 13 7 853177616 3095074319 4130352095 2335024629
4 13 8 671142032 915031467 3330669806 1879021505
4 13 9 4128971696 1613333842 2885562588 1319964374
4 13 10 4267432990 1268462839 3813244084 1690216377
4 14 0 1882891532 3380447031 2634522072 151797810
4 14 1 2222648927 1015334620 538217943 1946231298
4 14 2 3981792255 3787748041 2104476540 416751281
4 14 3 3598136447 2709803175 248973106 3829524349
4 14 4 3698793471 880559511 2482516411 3241539234
4 14 5 3686126151 2032649404 1590231942 2911827746
4 14 6 33411751 1800076281 363215982 3930439202
4 14 7 288944919 1615163946 1484723710 3691058460
4 14 8 2266097911 732185896 4171004252 2190424944
4 14 9 2281636418 4235085612 2686577293 1627313594
4 14 10 588340651 211486056 997114794 4204877402
4 15 0 3586637090 878721605 691068183 3169191836
4 15 1 299993322 3706268300 3092409668 1565167601
4 15 2 3256668938 1531456240 744229633 3076643820
4 15 3 2876574282 3052217452 1418853303 4151113186
4 15 4 3325912714 47970161 4097218246 3377978605
4 15 5 3736265269 3410222531 148368581 2820524389
4 15 6 2642710581 790722187 3086211355 1752928077
4 15 7 1392988122 1627847233 1211757380 2195609108
4 15 8 1241218119 3501021549 1200396637 3279150799
4 15 9 1567283858 3870568069 0 1858096104
4 15 10 2359086039 1496448524 2700137574 1955284835
4 16 0 1898931094 2548499432 2143134837 460731272
4 16 1 2991874102 2321709111 3548481617 4229530708
4 16 2 2863633654 649904743 602545191 3177913020
4 16 3 3688229693 4003928018 455213869 504006404
4 16 4 1774405459 3215137467 2192980688 2018329320
4 16 5 3400470555 865363212 1575797816 3709495512
4 16 6 519833599 3959737183 2500623128 3027646124
4 16 7 1802208342 2613631664 929545048 240762726
4 16 8 1440331030 648357607 0 3014227270
4 16 9 2534992710 3785197175 4006634158 2471620084
4 16 10 791604751 2245558749 920122508 3732665004
4 17 0 2560468884 2952302262 576703298 1174533707
4 17 1 2385917204 94106892 381493121 3301077523
4 17 2 3011698719 58868243 2062770531 3337872975
4 17 3 1323073758 12955777 1052932939 1545595629
4 17 4 211203459 4229460302 3981570847 675665277
4 17 5 1458039850 4191537587 166164918 1166918854
4 17 6 2772514420 708932329 3004939640 4107970396
4 17 7 4273231412 3380558601 3127087232 1359668628
4 17 8 257711924 3627028096 2878355857 392778918
4 17 9 3262047467 2605802459 1269319507 711373834
4 17 10 3308153103 2578145729 3710811287 4144143870
4 18 0 1039780655 539184027 1755189687 1048786977
4 18 1 1224880695 3276334764 1219074223 3264354717
4 18 2 1729878071 2976925130 1180344674 927617598
4 18 3 2954819319 2282180870 3754666288 2544401340
4 18 4 218990907 1672069208 3111940340 2776559903
4 18 5 140743503 3710145916 9014735 3635405765
4 18 6 2743187031 442259045 2830475064 2334538553
4 18 7 3176366651 4135514228 1676398021 1150562886
4 18 8 734275735 4198346578 2515024560 4262128681
4 18 9 3509230187 1632887474 2348912351 1916013725
4 18 10 3970442632 248744376 2612934577 428686202
4 19 0 1021679249 3225181302 1197014111 412419207
4 19 1 1695292741 1544121246 3311456766 1846202870
4 19 2 2095030853 2360165182 3531372600 3755728119
4 19 3 3723039553 1796986840 1284196907 1120581284
4 19 4 3803245698 982703406 400824715 1424238178
4 19 5 2744034155 3568225376 1277886978 3664759564
4 19 6 3202344210 1153852913 2224600130 1406298120
4 19 7 3197155889 2944687249 798726122 386403253
4 19 8 1999535993 883147823 1933635214 288567500
4 19 9 3969664650 4208944732 4070310268 2953063418
4 19 10 3508236390 1479098543 1019886319 3641432249
4 20 0 325985318 2458545547 2835764268 337358683
4 20 1 795891110 1122138083 3349608933 3308036612
4 20 2 935533234 589462853 2366945350 1468440466
4 20 3 3268227158 2088778117 1673294443 487052646
4 20 4 111073966 1655286536 2691707627 3759671812
4 20 5 2444957414 1145589212 1461857579 234357760
4 20 6 3766498818 3981421413 1505826644 2919153301
4 20 7 4023307594 720263540 616744491 4198003020
4 20 8 3577183129 1571681689 3296783664 3950663918
4 20 9 25672089 1790042002 2815802038 1638062071
4 20 10 923153034 2979536233 1960566616 1381531434
4 21 0 3610740880 2429292830 3312275833 1246966248
4 21 1 2758765296 3455602002 1123295570 24907112
4 21 2 2052795527 804067480 2802877122 3607033051
4 21 3 750901006 1097211121 3494691756 2759286528
4 21 4 3652735703 3100251910 2695136222 3533780476
4 21 5 705154114 2337498218 923981032 2604645443
4 21 6 2873192692 3377957728 1185003174 3235419832
4 21 7 3809961860 1192891863 385318968 1127024838
4 21 8 748139499 1057327119 2709009709 3480519023
4 21 9 2998165604 1261489050 3248681585 3379435748
4 21 10 2276768560 3140152998 351354538 4257577768
4 22 0 430349738 4053083054 3198503268 775443851
4 22 1 85679750 3828309447 1979785380 4123315271
4 22 2 3814376958 854705987 1633393688 1959574039
4 22 3 3753362450 616865242 2998243338 4138081779
4 22 4 2303904018 3070642730 3715221383 1506765450
4 22 5 922205062 3268162256 3538109668 1013412867
4 22 6 3717992060 2756272142 4257740795 3245320517
4 22 7 1394269324 2724236369 1740259598 635142564
4 22 8 1750424204 338135086 2320937966 1927191817
4 22 9 3289336908 2740599698 2718664870 850895953
4 22 10 2600303108 3170337848 994903582 1321871754
4 23 0 3585847915 3613940601 1017665366 2529689283
4 23 1 4136384387 1916218875 1711219820 2663143581
4 23 2 2873229311 962249557 1984193987 3930411278
4 23 3 4189152410 888016586 847766007 1104151564
4 23 4 1238649139 2073106336 4120574547 2698506810
4 23 5 192889598 2802977062 1528860777 3357335042
4 23 6 3602220806 2499787549 715748208 441675357
4 23 7 2487371870 3694438759 2257136348 3758324807
4 23 8 2460826966 3886351467 337569492 4174766833
4 23 9 1432741598 2692852605 0 1731588820
4 23 10 1433375206 1417049686 1878873543 930523496
4 24 0 1299771955 2914438908 1549585139 725585597
4 24 1 838055823 1181490033 1435938984 1844935791
4 24 2 4292432527 3811749652 2503408111 1125732134
4 24 3 4055606671 3521377924 2082566657 1068649400
4 24 4 710726269 2311036976 1194059054 307916591
4 24 5 3138504405 3223782416 2453518992 4282841537
4 24 6 495603157 4179215100 4046635146 935688741
4 24 7 1370171609 2756877466 3232341663 1183944855
4 24 8 4052677337 4167777888 0 3654059030
4 24 9 1770804721 3722703740 1195354030 3253096493
4 24 10 4045279729 1595989407 3078561459 4159701397
4 25 0 606288724 3926907961 1886608040 411739404
4 25 1 2305913744 3776912157 798357153 3304063970
4 25 2 1512430064 617423459 2752905716 3983821294
4 25 3 3429324772 980206066 1385024438 1092376842
4 25 4 2010934771 2004432069 1315663776 3780636166
4 25 5 3194321460 1907148053 1447202770 3314025883
4 25 6 263540619 3624666604 3934152904 2981021148
4 25 7 2131768768 2089007533 333162973 2739744403
4 25 8 3269175632 2581906664 2628063049 2779586903
4 25 9 533652256 1587197267 2632846980 13744529
4 25 10 66860964 1115334223 2671147326 2848541558
4 26 0 3093397842 3735903818 2482902328 3343677622
4 26 1 3437187275 3795478618 2589181578 2827896545
4 26 2 172612328 416966896 1185825004 2361448214
4 26 3 1133752040 3120149408 482428487 1111987989
4 26 4 2784600523 4086004144 939162109 3926168943
4 26 5 3927311231 3835394212 235463651 638804888
4 26 6 872160560 327756069 819153300 3731674420
4 26 7 3389186820 2857631332 2029392711 2589463662
4 26 8 1799188171 3832775128 1776249208 4072816562
4 26 9 2850668027 280681424 2199045005 1344174350
4 26 10 441979188 762222609 3830633978 12408051
4 27 0 3540589530 2367298318 3456247208 470062148
4 27 1 199671686 679912040 2800412435 2061657543
4 27 2 2856066454 2848939193 1807484058 1435440337
4 27 3 3913988750 50778031 1494289458 2922350227
4 27 4 1686166762 2893250968 1884704987 2982091814
4 27 5 1571539234 15198664 3061528739 2345615224
4 27 6 1038459630 1890537395 1509180406 1663569468
4 27 7 406407226 2788536207 2458963378 478113035
4 27 8 2535539406 3883934812 1424794468 3567766944
4 27 9 4034132549 2618705763 3204812163 1385967179
4 27 10 147729078 721698422 3868001919 3315811539
4 28 0 234071833 2252897288 1553409931 1796185685
4 28 1 2395591961 3756622458 4012970066 3337346711
4 28 2 1987296150 1600477822 1462866793 2573405745
4 28 3 4255645238 3084716637 2918913747 1054557040
4 28 4 423721510 2924340290 1226234640 196416024
4 28 5 837976438 1574924388 386125989 4103163700
4 28 6 3909598614 813952941 2310964430 119014191
4 28 7 3031808038 3905205053 336633535 3153743720
4 28 8 804577597 1385271951 3764287880 879834424
4 28 9 531798845 3225340548 1459103174 3169855644
4 28 10 3433659905 1656519283 570421830 507636432
4 29 0 2924327999 1974041241 4155405130 3793495868
4 29 1 2868956463 3276713696 3338173779 1572967634
4 29 2 2137442863 688978989 904564935 3161359422
4 29 3 982808115 810043970 806859187 3638568446
4 29 4 2174248243 1153673516 2791738019 2194927409
4 29 5 3614570971 3692273824 1837798755 2759233147
4 29 6 3684427739 2686338812 3412818369 1245605021
4 29 7 1934459306 1990104555 3364384639 80372809
4 29 8 823832650 1371714307 1543357953 541157811
4 29 9 3361338666 2926662160 802428109 2004882124
4 29 10 555200650 2280810045 594975910 4093985597
4 30 0 252801356 3263223923 3872264236 1023894879
4 30 1 3973718844 2722443518 2779458484 1439362383
4 30 2 1348304900 538627583 3735215353 2921998656
4 30 3 3096901687 4229706444 1574591901 3763015465
4 30 4 3696520135 1107215046 2874208732 2410036994
4 30 5 2825487932 372042015 3642545361 2950208859
4 30 6 904208436 1038628936 3102349028 2804602600
4 30 7 3505182620 3249707474 521849911 2837262327
4 30 8 3002296020 3833968045 3856278674 2922001332
4 30 9 1452112812 28230862 885871931 490890160
4 30 10 458559668 3252929621 2449526807 4257084480
4 31 0 2680220470 4055230041 3950745117 4191590595
4 31 1 2095927386 1955996987 4054310088 3625196956
4 31 2 1594863450 3332004948 1749503587 2907893820
4 31 3 2037351898 2923127048 393068616 2036577273
4 31 4 1935276762 2034742630 3365191204 269555825
4 31 5 2708292423 219321883 1252384269 704735243
4 31 6 2606886759 394868115 684433358 2726973653
4 31 7 2018435010 280069517 2128841492 1605046082
4 31 8 4142992930 3772094915 3376912243 3115919773
4 31 9 1936831487 1944454489 0 492796932
4 31 10 1391107135 1104386930 3728620388 2348639325
5 0 0 4194220798 3813795688 3497133930 2874442695
5 0 1 2713480986 2762471076 3342642825 1840304294
5 0 2 538003902 1746350436 3581931545 1550059895
5 0 3 3264696047 576213298 1576139932 3374109126
5 0 4 3395671054 1029736584 2830755717 1948264216
5 0 5 3137407855 356281634 3960328088 3998783503
5 0 6 401941443 2800428960 255440770 3418180747
5 0 7 940099411 2850963184 2699875523 1429029166
5 0 8 3938956302 3725109192 0 4042586897
5 0 9 1984475714 1896478895 3419042012 3914825147
5 0 10 1588652866 544263377 388248916 3184053413
5 1 0 2038370096 481634959 865472049 1862311367
5 1 1 2741319120 1547206289 3652772086 2131228512
5 1 2 3607669776 1928174987 1924336506 3045102957
5 1 3 3693165179 2740237032 378447882 1304951948
5 1 4 1121163876 2107600185 3020168689 2015713618
5 1 5 1108606867 278020817 1338794613 1713309752
5 1 6 630865416 594156911 3898710441 1027400335
5 1 7 4259211248 2585572737 1997183434 1452366578
5 1 8 3946086320 714171549 778425853 2710687546
5 1 9 1836978472 2375990490 993591161 190599336
5 1 10 1568728704 2906662407 3755032632 588794480
5 2 0 1230971251 1908090727 1172823590 492246850
5 2 1 2336449023 2237284248 4013060263 519012725
5 2 2 3837855355 2240318361 1436356205 3476588016
5 2 3 1174131682 3142742720 1035983240 2216395300
5 2 4 1238549379 4024721307 3919969597 2114010345
5 2 5 2505841278 876541605 1511550100 2418570117
5 2 6 942328091 3463835720 3248504877 4166579363
5 2 7 4091703983 1095603693 816174253 2094935378
5 2 8 309751407 2941474966 1362965912 2595580695
5 2 9 2223901135 3866646354 2664476624 1458865987
5 2 10 2394218095 3086664778 3304297094 2417636653
5 3 0 1717800057 3104992261 3684276873 2834509676
5 3 1 3705295537 1981783644 2123775957 2608628352
5 3 2 2306854909 3661001130 834023883 1345887673
5 3 3 399643697 1198174351 1380210001 3601988271
5 3 4 2970967985 3386203082 1998904902 3646730538
5 3 5 144659001 2549364210 4293345478 1395496096
5 3 6 1399346217 2520413322 3282433510 2087314169
5 3 7 2329861545 3544324636 2353262329 627850434
5 3 8 1811097497 1992665839 366805946 1530404105
5 3 9 2128636697 4124005668 2336429155 3134798797
5 3 10 3737226570 2470732030 726806360 3818867004
5 4 0 4246321775 2563984250 1853746470 2299568523
5 4 1 2614999495 3054204764 3101813315 3624746545
5 4 2 1121013082 2341945620 2288843814 3384917766
5 4 3 1423425114 159821412 2103217219 2078328273
5 4 4 4241719699 1433556244 1940473431 2181996797
5 4 5 366647778 1204952679 4013590103 4115468463
5 4 6 1730284058 4226878427 3337121576 1632541073
5 4 7 3125172082 4237309876 2840218036 3647733701
5 4 8 1985896570 3398728343 4284593762 1341156691
5 4 9 2583926626 2959758159 1521340414 4009889473
5 4 10 2550919642 3433946724 1984762191 819683367
5 5 0 400847440 662111410 3915372106 355047800
5 5 1 1779148380 4151272381 730065552 95613344
5 5 2 2763237212 3344077946 1519847377 1958606713
5 5 3 1127397568 2162646557 3225089377 1043671565
5 5 4 279024204 3251458896 232829546 3277597866
5 5 5 2959710584 204071772 2441188559 4045922018
5 5 6 3206253296 3696841257 451896431 3702981632
5 5 7 3725364427 1709186453 3093823584 3909521760
5 5 8 3223970927 1097673124 1002140249 2719222440
5 5 9 2704425035 4152964830 347228962 885920712
5 5 10 3745640591 2773026792 2511597808 3528370379
5 6 0 1747087646 2536745953 2098738401 4253853810
5 6 1 2982362854 3121775599 391263183 1960672650
5 6 2 2144615090 1526831585 3876551581 2605193085
5 6 3 3743532876 3832253270 3418228584 1358593598
5 6 4 3955424403 1438994729 2059262606 4221563108
5 6 5 3393309343 1626386975 3290513662 1739802674
5 6 6 3477057855 1815605655 1730326076 2169128262
5 6 7 3100857975 845025939 1628360863 238468641
5 6 8 2865048847 2576484450 2886381578 2169836830
5 6 9 3051702687 3715311159 4167037914 1498432198
5 6 10 1539734463 3985407486 3660639185 588498626
5 7 0 54276809 2459834427 1571540697 3495798120
5 7 1 3085542481 3025479117 1188087294 28417472
5 7 2 3818391745 562630765 986824635 1637254645
5 7 3 2776039993 3175195849 1457945466 3777071249
5 7 4 3208835001 779247022 3636383608 3454064108
5 7 5 129595009 2561442062 61288084 2732303780
5 7 6 3611229102 2455762967 1590407832 835783504
5 7 7 3941460474 3212398326 1229109208 3188436575
5 7 8 126578758 3864656240 2528327750 3251735920
5 7 9 593193761 2035731122 0 1902896687
5 7 10 2909052677 106102420 3912989349 1390997456
5 8 0 4102582126 3328108274 3303340082 3242883751
5 8 1 3741201526 308944812 1222029142 2654437735
5 8 2 1335327758 4056989628 1800668103 3947506096
5 8 3 2252193078 675915759 226487824 3374116177
5 8 4 122656414 674641791 2354262877 1073455044
5 8 5 849844822 1660917841 1488773169 1835782502
5 8 6 3236387886 227250797 2752070916 3290345480
5 8 7 993092310 1612560002 2317508841 3164019140
5 8 8 3634879518 2456385237 0 3314783005
5 8 9 3190757320 2754900213 2341604776 3840127572
5 8 10 2284753784 1208061786 4058296787 4160265511
5 9 0 1740453576 3379599592 3981374689 1473131545
5 9 1 3629049152 1378628816 58113062 458126463
5 9 2 2179137091 3640947397 1484524131 4069182974
5 9 3 3218703587 2504151676 905291498 2679189556
5 9 4 4210419144 4039211424 3465276846 935037796
5 9 5 1352552412 2599685938 1133451046 964921462
5 9 6 2031669035 470085516 3335645103 1281985631
5 9 7 2138990595 1443665268 1613671111 2336485089
5 9 8 2406541364 2640902716 1556901270 1691957455
5 9 9 840839811 317773682 4279211190 618346396
5 9 10 989663747 2974590545 2896255861 2051723311
5 10 0 2820068887 2805950035 2063921628 3393856990
5 10 1 3577238531 2898264294 4093171638 3496897068
5 10 2 3658214659 1598848620 1539309162 4181814761
5 10 3 645367 2871621569 1734160253 1176643559
5 10 4 3123176695 1647669353 1029458938 272253780
5 10 5 1540100291 1048269877 1412501422 1284766948
5 10 6 3918789315 278831193 2899744800 3465101486
5 10 7 1394395421 4273919408 3825539475 1021020825
5 10 8 1332711965 1661871911 895227877 236061818
5 10 9 3943388165 3371757893 4048383708 3120505106
5 10 10 514989573 2254366773 3502062760 694250362
5 11 0 3876609529 295988832 1798016682 2054483851
5 11 1 1777795306 1594979277 606847256 2802395200
5 11 2 1569596106 3202923482 2664084426 799264130
5 11 3 4074299822 2502434448 746908943 3398257624
5 11 4 3472573589 1852296918 551655536 2655128095
5 11 5 2664702089 3556069274 1904303246 2857186267
5 11 6 782441338 3643099903 4238186537 756485981
5 11 7 426284252 1800065597 3260289207 1388769834
5 11 8 2392820396 566538339 3971858812 2364630347
5 11 9 2284711438 3992609032 3025623135 4221893277
5 11 10 2084830186 4053708523 1529227396 10385228
5 12 0 3463929290 1436798163 3327571456 2212651325
5 12 1 1562521145 620507801 474152681 3019365456
5 12 2 2197927922 2872303038 410945785 3539516698
5 12 3 2373133217 126364149 4146353235 1489357977
5 12 4 2078826266 1944080118 2523751548 983297627
5 12 5 2272190528 2969107376 467791217 4092415862
5 12 6 3029230628 3221297846 1651408484 2115217078
5 12 7 1870482484 3827814572 3665126194 2389040748
5 12 8 3671139988 3752153239 571772886 2345444918
5 12 9 1990260316 3153514285 3674063278 1383305332
5 12 10 807706212 2249965935 3227043737 1839468398
5 13 0 2380492008 2943454639 3979978919 2655067043
5 13 1 3928325608 1181777993 2433050289 2228566801
5 13 2 3435848212 187469198 1938605406 372381531
5 13 3 3497025300 1762000010 1997521232 1281050890
5 13 4 3249559304 878838307 4124515579 1087723245
5 13 5 4098705113 1484533913 4239119422 4197059760
5 13 6 1836290425 169111941 65396934 767836729
5 13 7 2325815705 2731390546 3598425171 1114819473
5 13 8 216684776 2129542886 1082609087 1382008386
5 13 9 863056249 3801212980 3876161252 3413381593
5 13 10 2012115897 1388464891 2815168964 2789828059
5 14 0 4178953647 3545473313 2237983004 1526962611
5 14 1 711516795 690500241 3645689664 3530132802
5 14 2 3437615127 3814257535 31626722 1562337623
5 14 3 689339165 3376812566 1962094153 509189166
5 14 4 1097149141 3581259944 562930022 3516097648
5 14 5 2970181581 4204343149 2667198367 3949727795
5 14 6 1878331981 313881082 2531157093 1007032282
5 14 7 206600145 1346141744 1330899762 729325935
5 14 8 2475355813 1609787015 3501035736 1867497836
5 14 9 2476856741 2657392030 1298872897 1558390675
5 14 10 1522226597 2508998949 296699492 3529509476
5 15 0 2730810033 3427250868 3013127559 4143516291
5 15 1 1524176049 775660602 729879433 251946843
5 15 2 228805712 2772672413 1046190876 1350112300
5 15 3 1827088080 3977116955 1449025926 2457553498
5 15 4 3723981392 1760502029 1489966967 3283055651
5 15 5 3461653025 2911607466 1721342948 3882566736
5 15 6 2458939824 4145018431 126218142 2843226269
5 15 7 2883228688 18163896 87127708 1618903281
5 15 8 1132935856 2843673492 3312125790 2534109413
5 15 9 4053034369 1865524478 0 1222542199
5 15 10 2936954009 147168679 692456188 3077933457
5 16 0 3923987966 2368153180 1720065990 2579764659
5 16 1 3845889832 465601198 2192026916 2629149863
5 16 2 3992442920 1405897108 1976436715 2170275679
5 16 3 625060388 2867029940 2257834525 3931375575
5 16 4 3495918884 1259016212 1893047006 784702715
5 16 5 4137879636 3081890710 2459616888 288337475
5 16 6 2710852692 2473037134 3103658565 793120927
5 16 7 99075024 1121904055 1617392461 4178329189
5 16 8 1669896656 245811419 0 1161223581
5 16 9 588970434 2420804045 2046255962 3257817759
5 16 10 4251161794 3083141614 302373923 1654932007
5 17 0 1046157428 514559869 1084206541 2428709841
5 17 1 3232376692 2751907273 3180904990 3559569727
5 17 2 1581114817 2518594271 2113443177 143316017
5 17 3 1015234241 1584077993 865467139 2600953397
5 17 4 742707797 1307105670 2754101886 2042815510
5 17 5 851729876 3080864492 1217178748 1833520756
5 17 6 1129534448 3979836851 1487093547 136323328
5 17 7 2335926437 1057933091 244726438 3965729586
5 17 8 1417142088 1138339550 3033756894 2017357542
5 17 9 874235728 510820195 2319380768 2097020552
5 17 10 3637985880 3051777977 2120992373 1308903954
5 18 0 2537538761 285689122 2910959971 639579883
5 18 1 1154655569 1579633308 594943871 3424395523
5 18 2 3257850201 881076450 3206555773 2872469920
5 18 3 422952529 2889467490 1286672618 3181123770
5 18 4 3116583657 478908454 2490049180 2419614357
5 18 5 548637361 3338789169 2692624746 2838859639
5 18 6 1480759321 2179180577 391654563 1271716083
5 18 7 1833404287 3109048191 2631916479 380512953
5 18 8 220428231 873641052 2725312395 1293636538
5 18 9 795722031 3860449947 1456474690 4049218124
5 18 10 337051751 2806770660 876816984 1353798298
5 19 0 2990957236 517471804 3439605994 1024123060
5 19 1 4120972309 3354466103 4056385501 4041031988
5 19 2 1542154025 3409057118 4137603607 1222439119
5 19 3 3352401001 1919310010 3095307983 383938587
5 19 4 4143473592 3417109629 2999111061 1120937554
5 19 5 1618338985 98927559 506529251 1936866952
5 19 6 2510755717 3723658142 3259572140 738820852
5 19 7 3896971397 15289828 4233365728 3511692893
5 19 8 1247787657 889339566 2232960605 3567339890
5 19 9 3632174217 1990729401 2156336564 3910011436
5 19 10 176580225 3777471975 3523081277 2443341244
5 20 0 1035199688 1798167077 2942611054 3940119453
5 20 1 3539560832 1930955123 474525875 4043004757
5 20 2 2914155656 3763042367 2075161928 981925400
5 20 3 937657648 2903669869 3280279109 2760131340
5 20 4 581938984 3153027737 590117992 2942995721
5 20 5 367642734 3348717924 786876021 799928793
5 20 6 2410058958 2819501884 2954702117 1344914511
5 20 7 1163611342 1253995633 679445840 521860223
5 20 8 1200486638 3052207435 2798072157 3130759959
5 20 9 3140438318 648938634 1195161431 2509176697
5 20 10 2830059598 2746680434 2636932107 4121017881
5 21 0 823600645 3628499745 1901309759 1965133363
5 21 1 2484397488 4088497656 4008598521 1547774278
5 21 2 2594804708 2115729507 2576370383 787162275
5 21 3 58761584 2407494146 4152738636 1150706321
5 21 4 1243571347 1805273450 3431296795 278434874
5 21 5 2404665427 2596603937 2548178781 2410185760
5 21 6 1413451864 3373425425 1012171241 2923358891
5 21 7 1880505744 371534717 2067832725 2964371757
5 21 8 2432059600 2046071819 4144735784 2195619175
5 21 9 1382840911 2234287420 2124103747 1449311220
5 21 10 2294971368 3503762293 4140560572 1046694275
5 22 0 3030119309 3773001047 2406469050 795539195
5 22 1 1743354373 1189278382 4053708296 3063372889
5 22 2 496326669 1380334429 48195531 2120810850
5 22 3 366826711 2469894816 3455296378 826246448
5 22 4 2442344311 2227975008 3450315078 2244012285
5 22 5 2744160576 3930602844 2425575705 2628451191
5 22 6 522144503 558796411 3259483411 2154133769
5 22 7 2219066275 1993539280 2161667392 1830528456
5 22 8 98943747 1031489383 4070801098 2234746015
5 22 9 412174967 3600015147 3407374198 2719216697
5 22 10 727905399 3906730784 1689917482 3982188529
5 23 0 2626750292 4146737115 2728058733 1700762939
5 23 1 1375997704 2488138251 3330885737 1725984935
5 23 2 1867420649 398189032 2385964276 526756962
5 23 3 3379108154 4256157466 3297932773 2141366603
5 23 4 3380582533 1007615991 4282339315 736109247
5 23 5 2576533289 37102455 550645339 3312288445
5 23 6 3652393629 297598405 479008230 3138080814
5 23 7 3714616502 2105941481 1755524545 2819022673
5 23 8 3806879457 925202726 1145082187 2487703521
5 23 9 325267289 3761175412 0 1476514263
5 23 10 3854431324 705259018 2321617217 3707277367
5 24 0 1808047480 3483723718 1836153384 900120473
5 24 1 803433462 2699416418 1601188732 2146626013
5 24 2 4189140366 472938474 1290096683 2408440666
5 24 3 2271016990 4010056514 4067159041 2291905228
5 24 4 336758078 2102660314 2253399764 2476601139
5 24 5 84287970 439029688 990285348 3669760039
5 24 6 2248055630 3652215194 4261827102 2978786501
5 24 7 2502752770 4224618100 1425797909 1403796595
5 24 8 3684749134 3944024527 0 3867060141
5 24 9 3003602321 1918943401 2094486778 366751806
5 24 10 1805546769 1424187588 1768027283 1496566782
5 25 0 1466551624 928248770 2988894234 1618814794
5 25 1 987774168 2698710758 87322315 921566266
5 25 2 314986876 3719334062 1809440437 572038913
5 25 3 2517603836 1700425474 1730380207 1154638914
5 25 4 3581465784 3822114000 936127996 3067703854
5 25 5 3526807448 37085406 3563970002 3863416880
5 25 6 637377680 817392789 2867628932 1136963171
5 25 7 3332029724 491864896 3587033778 1457154504
5 25 8 3964161093 126543081 2724389572 1775040859
5 25 9 2996160784 2154578289 3012249943 2087572021
5 25 10 1821948977 2479436141 1377054151 3121961727
5 26 0 3554834895 1794260777 2311972699 1845112584
5 26 1 3331229120 3925615620 206741899 2830138676
5 26 2 2960883068 1697424883 582247756 1562321654
5 26 3 1277849947 67885906 2365835552 4090020965
5 26 4 2753748515 1063734220 1975609673 1942203833
5 26 5 128796523 2902118393 3077483590 246322498
5 26 6 814610547 3825172891 2096141832 4023967350
5 26 7 4074934859 1940650311 2729672143 2752973363
5 26 8 608937243 883193829 4096241030 3601598085
5 26 9 256391787 1605009478 234447902 1476261610
5 26 10 3730132987 3034215541 2635619633 1581706465
5 27 0 4203742706 3463265603 483587076 141465891
5 27 1 1026927902 3760316534 2946406486 2024581019
5 27 2 3924543273 1877892464 336053059 3008244161
5 27 3 4254284073 604170965 1431033459 725308739
5 27 4 4016455022 2849139117 1668908887 3631235425
5 27 5 2018177921 3678701770 2745128210 3497161848
5 27 6 4063463060 3510790688 311644571 543495686
5 27 7 1567687248 3998897071 1235898021 697277889
5 27 8 4214538786 1393013610 3337255646 79817867
5 27 9 3572059090 3568450930 4038633363 3341081743
5 27 10 2102524249 3519145802 1012874098 2552322687
5 28 0 1948321534 3873310682 2803193357 2120654179
5 28 1 4106278590 1322473356 1805399038 2887915774
5 28 2 1971079246 4250790770 907947404 2516765205
5 28 3 3286460814 3301468010 249013027 2726324271
5 28 4 2505721374 1939606606 3747442973 3659623942
5 28 5 290850354 3234873531 150221280 3471926651
5 28 6 1639744530 514169035 1597487488 2651991420
5 28 7 1087172854 3236239990 3445150137 3388699574
5 28 8 2057681426 3756592877 2439344379 3261036618
5 28 9 1684039786 269168029 646999969 3709692514
5 28 10 789789258 1808772459 2096813320 173636212
5 29 0 760308920 1183937795 1155508300 3972559689
5 29 1 141881520 3605597601 2581411383 147358265
5 29 2 390984104 3014546855 859587107 3667643930
5 29 3 3879642608 37615445 1393113159 3147209624
5 29 4 3788242852 1784813000 581487389 3072765447
5 29 5 207082148 3818981251 3919950300 1568743147
5 29 6 3262020321 3789012005 3299637583 4052491627
5 29 7 4147600865 621381986 1254373787 2276669924
5 29 8 2052673293 2450127105 3173966098 290895599
5 29 9 1654083597 858981956 2461931110 2087868741
5 29 10 2184334240 3650657308 1991067524 1936064633
5 30 0 879117091 2584696006 2262206765 465307646
5 30 1 2282273327 1139490703 225653577 172970592
5 30 2 2075906263 3671428831 3232726415 325928968
5 30 3 3319008931 34137718 3192126116 323316229
5 30 4 1025814403 3667099142 2859433265 519559178
5 30 5 3834274687 3148049746 1289716406 3938890552
5 30 6 1249364419 2389658057 2953689686 2148345756
5 30 7 2145188599 2600731628 858727843 2047920915
5 30 8 2594744087 2554661461 1300440686 3414093410
5 30 9 2123889867 4260631871 896036656 2963353676
5 30 10 731120279 3411588373 2736646778 2532692684
5 31 0 2299590813 2572771107 3483877019 1934548233
5 31 1 2473921437 1483086539 3868525845 2369330772
5 31 2 4264516832 455680071 1820263927 483923716
5 31 3 4078517333 3953473542 3755129379 2269803010
5 31 4 1560519957 3100128512 4091768840 4030734119
5 31 5 519835349 877532858 72860702 169235401
5 31 6 345543100 3129003899 3991172395 141182657
5 31 7 4061464124 1584903420 1070185700 2295922538
5 31 8 4269506748 1174975752 2992202510 2249333835
5 31 9 1047130573 3255312366 0 2315885983
5 31 10 1191114401 2271438566 3246787373 1616792035
6 0 0 4188857627 1396340186 1118179357 4200252324
6 0 1 3794475822 1333522902 1682426447 2843677629
6 0 2 2307394851 3876664807 878830719 2145992923
6 0 3 3044524899 2763998216 1153517954 319769923
6 0 4 3343897971 1399628095 328925069 1602323122
6 0 5 1312976110 3641497852 660002319 416876587
6 0 6 2078234131 3061436039 1838678778 3167556177
6 0 7 3507749779 2999174767 99871801 2644739278
6 0 8 2829769299 96787700 0 2661932510
6 0 9 3584036051 3592224883 2302619416 2781258023
6 0 10 1255059783 1731111393 1607363071 3854761037
6 1 0 1365060585 4017342426 1700204241 1042898635
6 1 1 3877009985 1846315799 1479238288 1114379187
6 1 2 2519792625 3490825279 1592931547 645661541
6 1 3 3492581057 1564338441 2882418305 3684494825
6 1 4 1413414273 3830219327 1445662711 1558478630
6 1 5 3277300489 338323799 1086357997 3527665464
6 1 6 90623933 1550235803 2117751297 312043664
6 1 7 2750959877 3928803335 1335573480 3637758620
6 1 8 1547725385 33205316 2072946602 445518404
6 1 9 200105425 932598466 3653623996 3951950900
6 1 10 1815864345 2171195823 3526792429 4271375156
6 2 0 1618163063 455579684 419356717 1539012139
6 2 1 3900801655 2522250146 255631363 1332746329
6 2 2 2217332682 1229233130 600173263 1330720314
6 2 3 3471235530 2010873638 2484203293 2026303553
6 2 4 28849726 1191547191 2823385427 838223657
6 2 5 979784846 3096727552 1681406829 3516364291
6 2 6 177320622 1967730544 3176111543 1928613470
6 2 7 3369253214 2269167674 3520004925 2969384810
6 2 8 2653705758 411082669 2361633129 1619695275
6 2 9 3244067854 2144054246 1235688468 2632081973
6 2 10 3703580142 3997048190 4060881867 147159179
6 3 0 3864974968 276557537 1484482654 3856654360
6 3 1 3161948844 3532977975 240688005 2731595033
6 3 2 3396681580 2744150349 3221392245 2062658001
6 3 3 3381598792 556689246 1853661193 2990666634
6 3 4 480484712 2996686175 373357961 2505480247
6 3 5 1428536760 4115582567 2641571496 2373097909
6 3 6 3086172104 1492225544 700315566 1695247385
6 3 7 2671632696 12788218 785234791 827179086
6 3 8 2544975327 3853802485 2963264640 2132344216
6 3 9 2674894687 3699528768 594191560 606049496
6 3 10 985094888 3129438565 2396995068 2239342805
6 4 0 1423297954 2392213521 1526626059 894425693
6 4 1 3185678774 741548181 1398908415 3222245303
6 4 2 2118612639 1288385106 1283723898 2354954636
6 4 3 4292048351 1626692027 1570775230 3832869150
6 4 4 488884439 1357476354 3240613881 280031189
6 4 5 1665327507 1177795683 4036956733 2708925217
6 4 6 1267295287 4026879488 1477441920 1426811723
6 4 7 3769154995 2773874897 2275575915 429948899
6 4 8 372739367 3904271666 273188862 1467668887
6 4 9 2909679759 221540123 554638828 1790204486
6 4 10 3666094581 2129610766 1537582445 1931700968
6 5 0 3297685697 824913683 1007045434 3960109127
6 5 1 3806947201 2321914628 2383736294 1350441750
6 5 2 2665115193 1366203910 1084733145 519734528
6 5 3 1282089505 3832006185 1560369991 699847068
6 5 4 2279295445 121773637 3615538172 1494295327
6 5 5 341493941 305553330 2096842075 1940560418
6 5 6 2353243805 1012769103 3742524219 3588490682
6 5 7 1329626685 3932699180 4056047248 1399085459
6 5 8 3220648869 734690043 1335894839 2236998568
6 5 9 854887477 1246407794 2601201436 4067417808
6 5 10 1825328784 3433909102 1516834767 3387723954
6 6 0 146958206 568699703 473079372 1970410855
6 6 1 118088126 257381025 1752084889 3531776690
6 6 2 3880894466 1092272807 2976105627 1562112865
6 6 3 3183084670 1024130555 2740371459 2208494979
6 6 4 1309291254 560637164 2432864386 2969187328
6 6 5 383264246 3803382719 1339318135 1602748918
6 6 6 1122352810 1909252365 2126568161 3067487166
6 6 7 869311998 9569130 2225897481 3958509513
6 6 8 647416720 1874777456 1213998742 1142836973
6 6 9 338438768 3530279963 1932050205 2588953121
6 6 10 3949871972 2531344756 253946401 547429045
6 7 0 887775280 1007231686 2714602756 2733768378
6 7 1 2656704952 2150262522 1148189714 1175868761
6 7 2 694853872 2469206650 3457088226 836385593
6 7 3 192030504 1911181850 1165284653 242834704
6 7 4 399991312 55824010 2643922731 519560878
6 7 5 1147167608 456414425 2240655432 2837329526
6 7 6 2407546000 1508975005 1019929500 3279617222
6 7 7 1903786700 3422362368 1890407540 2899423995
6 7 8 3328841169 1309797251 584370546 391164704
6 7 9 245386361 192794965 0 3946443496
6 7 10 1126678792 4280231654 3398561030 3487194856
6 8 0 3565719051 1438209009 1494318547 1905099289
6 8 1 2042146867 3245654481 4134239110 1723588272
6 8 2 3468857767 4008719393 4224530900 2765150189
6 8 3 1612535623 2413276975 1817124198 4052145905
6 8 4 1317781435 4198198013 900527323 1629933768
6 8 5 3286231091 1061973856 1488683896 3629071758
6 8 6 746335213 1956445407 3227264977 3931232326
6 8 7 3993838957 585540105 3219378973 1385063964
6 8 8 1149217061 3415485827 0 2740218294
6 8 9 4075550253 1422928843 641407202 1822651680
6 8 10 3876412221 2655163262 2081559395 2301283386
6 9 0 3608313913 2501173571 1371336139 458451974
6 9 1 1824593226 29066720 419421663 3844693290
6 9 2 3911209189 3053180390 1585561278 3144398955
6 9 3 4055408477 714428115 1266834343 43116953
6 9 4 1124788409 2959482655 3503866331 3126078652
6 9 5 4114986022 4025985996 3671462566 1989917824
6 9 6 1025160324 2347244282 3169216518 3748030104
6 9 7 3809347530 625504910 2108361824 1648132817
6 9 8 3477552773 2220468143 2749947157 860304763
6 9 9 1849510814 1687837264 861177229 449918683
6 9 10 2697691117 1027678546 3445864454 3514698305
6 10 0 18452478 650360156 3707897513 3374373691
6 10 1 1296433454 2596894724 4214877971 107361671
6 10 2 3982686270 2569331974 1429806413 2265958557
6 10 3 3886054542 2657665606 1711648941 1143132771
6 10 4 135371376 351297864 1936545925 1593422104
6 10 5 2920768216 3846663783 4011015740 553989528
6 10 6 4106895328 1893581147 4237088789 117523548
6 10 7 1895668696 3431392759 4017580341 756058533
6 10 8 3143998128 184545029 3601754610 763700554
6 10 9 48143544 1353108847 1723822944 4233622492
6 10 10 515604416 3981261449 319706516 3279007396
6 11 0 3380233432 3688928722 188949255 2496995533
6 11 1 575130384 1978576874 2815142132 4035769555
6 11 2 3911792400 1579874357 1950634897 615967687
6 11 3 3255483435 246998735 1277625432 3623324442
6 11 4 2827820024 3780305363 2484993244 1233011193
6 11 5 3128307951 2541797771 1390288518 3659051813
6 11 6 3869727156 1962181721 585719435 4262911665
6 11 7 1357450857 2408590495 565508463 402013632
6 11 8 159593573 1501633329 3612884857 4202594827
6 11 9 4191129356 2920613154 364782916 2710395649
6 11 10 2655909120 2882037696 1825110085 805712852
6 12 0 465215407 1556358795 826703649 3350553978
6 12 1 2928365539 1020976600 1352986139 2426095504
6 12 2 3544230153 1712406774 1006624544 1276388653
6 12 3 2877170693 1406973857 2416763415 2174897823
6 12 4 3878657285 3615535849 2824736481 1759747184
6 12 5 273906469 1964854627 565889152 3043907830
6 12 6 4108930645 1226383255 4000955969 932878838
6 12 7 3376243345 2357563585 1153134509 455124316
6 12 8 56667537 955042916 1260219648 1352154272
6 12 9 1440721417 1669213349 1205669700 2180499606
6 12 10 3361308835 4007741877 1909205189 2948464999
6 13 0 486701385 1382892217 1707357934 1494428332
6 13 1 1352396886 737228037 2195748073 910296015
6 13 2 4016934233 2329399757 1892189967 3366299910
6 13 3 3872608478 2602533963 568504891 2293388249
6 13 4 3473414404 2214565085 2662130385 341507965
6 13 5 750942794 4005200416 3923185210 1768270324
6 13 6 1067811092 507563874 4101980561 3224862515
6 13 7 2136147178 453437686 216839025 2064247049
6 13 8 985026000 1059266384 1526499439 1236647025
6 13 9 2642334906 1714192767 584843381 2131343921
6 13 10 2647902397 3304738886 1759680239 1936189301
6 14 0 212180296 1745592408 2084787905 2658552485
6 14 1 1125541496 176925504 106887637 3915157314
6 14 2 280270616 3690289818 2278718824 2565029689
6 14 3 3323836712 2329140506 239604066 2959740235
6 14 4 2512162056 2503083582 2749676897 3922339942
6 14 5 94887768 3620119921 1034726421 1897659338
6 14 6 229902008 65477281 2281558024 2144109072
6 14 7 936333800 1558817737 3844120205 1044512905
6 14 8 3914964950 47117548 4138191652 966129416
6 14 9 3984368078 2301821307 1277735014 1577391626
6 14 10 2862338582 2809038335 1513826071 872156274
6 15 0 1916918388 516438860 2209807909 915495045
6 15 1 1227374385 578513365 2225159316 1198045534
6 15 2 1708889845 4021529201 2027574829 3955518250
6 15 3 610637220 185439622 884126927 2736012793
6 15 4 2587051920 3028562358 2417492054 3176246742
6 15 5 1790137608 2784307925 4029239458 789354276
6 15 6 2533096496 319247276 1672912399 3216126266
6 15 7 2538183604 3109629329 3533526883 3324399617
6 15 8 1437376704 1603648178 685198906 1382465915
6 15 9 3151416576 4290533089 0 2987269072
6 15 10 3394110708 4245814117 4020104123 61384247
6 16 0 3871603693 890259942 1386530468 789115740
6 16 1 2890444845 870792647 12947180 623920624
6 16 2 3684905757 1416748900 796039443 1575943948
6 16 3 2520919165 2508510052 3790600613 942572620
6 16 4 3886922320 3141735487 1208565589 297816704
6 16 5 882402173 1929453187 1877402914 1501129532
6 16 6 3780040631 2268258245 3121192367 2771405120
6 16 7 795821911 4092882882 1537822451 3678516758
6 16 8 926242363 3270074524 0 80201470
6 16 9 3411508119 3827526341 2595524235 1200369956
6 16 10 1983148371 434066610 3501022806 3937792024
6 17 0 1892278389 1563767483 3308185031 3389121407
6 17 1 3756506425 1097167664 3714317635 1669075951
6 17 2 2688264825 908708700 2686122836 4113265484
6 17 3 2496444729 2051251412 2458149195 2912235633
6 17 4 1323924040 1664888075 2581759127 2955711290
6 17 5 4061805241 2193593214 1075711279 3803499580
6 17 6 2077257913 3151432246 3712087854 3529102370
6 17 7 98371585 2890545398 624105885 287533936
6 17 8 539414785 1727753489 2821525355 4057230638
6 17 9 1727464165 4097628642 4031858270 1064803212
6 17 10 2384144357 2180787877 1593070454 3468394547
6 18 0 33591496 2773690567 3464839311 2075192559
6 18 1 2872970672 3209288277 4142362288 2230146339
6 18 2 4217142776 226260629 983206487 275397456
6 18 3 2497961968 2680245711 570853159 87122506
6 18 4 4280419806 3088500929 1242102556 3542466480
6 18 5 2606131838 3213130534 3847832556 2261392046
6 18 6 4191276366 2235879450 2298683530 46227778
6 18 7 3652529230 712384804 3170414000 2728280473
6 18 8 3946590110 762168439 1913517544 193501650
6 18 9 1449827646 2712713856 1440662982 2680003890
6 18 10 1709105006 3365059824 4071750011 2222620774
6 19 0 1346964048 3072668934 1688621597 3136489123
6 19 1 129518617 1932750970 3534548097 3362476126
6 19 2 1431226612 4102304595 1433550103 3490949408
6 19 3 1988254128 3104881883 2591872911 216648885
6 19 4 2818500456 1838739049 3293554726 3582761253
6 19 5 757182800 1933495718 2991730879 4172697919
6 19 6 2550902264 4063937282 2114452187 4182318821
6 19 7 3613718416 406439388 315818386 305188653
6 19 8 2737660936 2560856815 755426045 668338328
6 19 9 1087724592 4011111952 1940310170 3631195224
6 19 10 3478884024 2958672231 2088495413 894581911
6 20 0 446204733 2044596776 4286044783 892034655
6 20 1 3231112957 2726606254 3489220826 3302152861
6 20 2 2551314031 3544990683 1677282982 565750712
6 20 3 1710919327 1489018902 3508174290 1623833708
6 20 4 1847663939 1488105435 1793245629 2430769715
6 20 5 2662363251 1512059508 2894549546 830657295
6 20 6 578676607 3652408827 19167507 1719164859
6 20 7 652572191 3907613358 3571545404 3897924381
6 20 8 4227545907 212691369 3672686057 3925363965
6 20 9 1792527903 2904056039 903450181 4261936743
6 20 10 855722879 3690277542 1346462921 3024036628
6 21 0 2728557048 2078846901 672094020 2997616731
6 21 1 135062465 1736702733 899217625 2929536564
6 21 2 247226045 519488972 475875957 2824076662
6 21 3 3344529953 581206471 2534275215 1908170744
6 21 4 3338287545 2133838795 584894119 4119252805
6 21 5 1803283417 474220222 3885066378 1035412003
6 21 6 3479048077 615115741 3573365612 2094587747
6 21 7 794179289 3467107639 1357161578 509492913
6 21 8 3776048329 989930072 2909794235 2363424611
6 21 9 4004522392 2906045843 2735585622 1368227725
6 21 10 2767543420 2997309744 3278521158 945659205
6 22 0 2319556850 1017044701 1779978447 2109763242
6 22 1 375163570 2529131418 711264979 3267982577
6 22 2 3922788834 1029655841 3899540954 1154369570
6 22 3 3220633678 4023032233 2439978956 1389378536
6 22 4 3765694282 3514989499 3435581078 742851619
6 22 5 1907647154 2047831419 3384928537 1899460481
6 22 6 3634456162 3423790120 4149303492 2092790425
6 22 7 2060724850 2137798747 2606011415 2172259472
6 22 8 1730520462 1822229410 4066152790 1125144631
6 22 9 3806922986 60565122 3181189551 2210821205
6 22 10 1373443062 1500467256 2277457264 2160846769
6 23 0 3350028360 2938649713 3468851910 742176571
6 23 1 1152216159 3331627841 409427940 1112924621
6 23 2 3735270464 2691077076 2094183863 2820632326
6 23 3 854067924 3962649096 2859525631 2548180748
6 23 4 2046786976 3125989931 603906895 2817792022
6 23 5 3016608675 2336613946 325321987 1767594284
6 23 6 4244162195 3656073610 3830761728 3749075985
6 23 7 3250556016 2942802928 594521234 2324176889
6 23 8 2809867987 3565549314 1533304336 789588141
6 23 9 2656173099 3858603071 0 2746927812
6 23 10 3511522300 2469188106 4023378893 408214454
6 24 0 3521772087 3707893787 3835613841 4195522862
6 24 1 528752819 529951094 3899644243 258264908
6 24 2 564488235 3917881248 1196114276 2699538958
6 24 3 1574616415 1421646823 1142954720 3023414900
6 24 4 2102532247 3527956813 1962188383 1908667803
6 24 5 2506418015 138901300 454279784 3091136401
6 24 6 4143139007 3608227143 2118159792 3942762735
6 24 7 2457874455 1517948953 3672397471 1256094340
6 24 8 344299967 2226810165 0 2395083854
6 24 9 3615849127 4214547544 581082118 3374098573
6 24 10 3434413439 1141697542 2428510960 1469789139
6 25 0 966852169 3255658545 803815759 2355506031
6 25 1 3848050273 1914206060 1438053404 2396154829
6 25 2 2443178593 2665727988 763783925 1587705590
6 25 3 842922521 1160358193 2590892254 3354093818
6 25 4 1586000153 3059771535 2376475574 2678411848
6 25 5 1049139672 1074630363 2681124874 3432015340
6 25 6 221453176 1381420491 681851689 1851144821
6 25 7 59151676 2742021721 899590313 1953131737
6 25 8 1196790492 334974747 3162107988 3824721100
6 25 9 2223624764 906350738 3332152424 2949971376
6 25 10 1214892925 398382156 3291901162 2546754625
6 26 0 746298154 801959261 2612560368 614396823
6 26 1 2040810962 2382435725 2313827702 3717719899
6 26 2 656527306 1410630323 2016245617 1517252555
6 26 3 3337196034 1430909025 3241099877 1347132438
6 26 4 699974874 3376738942 2055192819 1616289118
6 26 5 386008314 1421279253 2101417017 3170643752
6 26 6 1202501394 3257202046 2683274054 3211496456
6 26 7 3497942290 1725044876 3077810561 636573918
6 26 8 1770187498 4205364246 1479160570 2443316854
6 26 9 39360082 3880859913 2815510107 2821558419
6 26 10 1587854074 2172895565 3092944655 3354249671
6 27 0 2560040488 1533346288 719697987 1918841984
6 27 1 1195295360 3786472314 2066277661 1096085072
6 27 2 2014774472 2037707182 986828808 1750544105
6 27 3 1688780953 4253570206 3182599771 1612236537
6 27 4 2542031096 2767344649 309348552 2703811789
6 27 5 3878947324 3261740007 3205800214 4021517519
6 27 6 501980540 2029851811 2329798103 1840479539
6 27 7 3553455133 3955084769 1857515613 3210410693
6 27 8 3115996957 893135328 3791625194 3713831816
6 27 9 37899772 2006003293 3369631669 301145772
6 27 10 2356259521 3388023823 2426781278 1954252690
6 28 0 2811703059 233574972 2741114003 4052360315
6 28 1 330354879 2519965333 1139536497 448774290
6 28 2 3381471303 339233191 4054272826 3632471508
6 28 3 960821387 865458416 676526565 312101011
6 28 4 2319840907 582839154 3816946061 2455968372
6 28 5 4024050335 2911223928 2196671654 2324016322
6 28 6 322100499 3491151415 1662991949 2631674881
6 28 7 1712930719 794197901 3618233429 3471444818
6 28 8 2126851335 3757223901 4054326548 1014918499
6 28 9 748250059 1363973131 1868397959 2199404642
6 28 10 3290893311 2235298683 1351554338 938594918
6 29 0 3454276029 1159888257 3661708531 1446322889
6 29 1 2236435800 3881131462 4155094550 3133438576
6 29 2 599815897 3046555959 3668541133 832048978
6 29 3 3984091661 3948993012 43641890 1481540156
6 29 4 3794679901 2597752270 3829125513 3281329807
6 29 5 3254891448 192446299 2411757903 3759233149
6 29 6 3254269880 527518843 1194771367 3924778893
6 29 7 2994953985 2546453060 1392424868 505208762
6 29 8 3609005340 305240275 3805046344 461882967
6 29 9 4043149917 416403548 705249092 1686937455
6 29 10 3296562229 1471912772 1092091068 618423367
6 30 0 3773088054 694186792 3918479797 2745700984
6 30 1 3312544150 155048686 3183416986 1720174807
6 30 2 3677207254 80822396 2912707064 474513275
6 30 3 3248313590 2126128168 4134230403 3174935125
6 30 4 4096476150 460581668 3768994224 3963445234
6 30 5 490621590 4223451787 3474559607 3533603460
6 30 6 4198110166 2863411271 2620141938 3708759892
6 30 7 2053102262 4087534767 1834140371 1049078883
6 30 8 3522479850 1695765300 259459285 1328838082
6 30 9 121470562 4033727694 2010440252 1051066794
6 30 10 3061765834 1422376185 2279053063 2408140613
6 31 0 1842789435 392448414 3590534967 3706660642
6 31 1 1527320331 3539676006 949624850 3692341550
6 31 2 365336657 3005520177 3733958919 3017713610
6 31 3 3918911992 2181385427 2723396717 533905568
6 31 4 3275087621 2935322018 3758133284 2302074479
6 31 5 1348107056 3288316864 2253976643 1470001427
6 31 6 4049985117 2673016830 396762487 415691293
6 31 7 1697256648 3304265094 1985321529 3853926447
6 31 8 3258180920 3033085419 3155805492 1877005587
6 31 9 3364822315 2687155999 0 975748568
6 31 10 1511714800 4023711341 220443116 1671444275
7 0 0 2712073831 3880888473 1192879519 651063430
7 0 1 791431698 1787170977 4007716419 1929405649
7 0 2 105986066 3140487466 2182605805 165896655
7 0 3 336447446 2553211980 1578212193 1513879144
7 0 4 2066397222 3128153708 3790888742 674279939
7 0 5 3776086758 2132661710 1304102168 2524335197
7 0 6 55693846 372896914 3799395834 3026504417
7 0 7 881886486 2851702074 286298225 3553826336
7 0 8 3841016774 1115783017 748107856 2385051109
7 0 9 418510086 1903321472 728603962 475951949
7 0 10 4279994070 3871961209 3445347345 2343343197
7 1 0 1798684469 2087513596 3165979676 2887827729
7 1 1 1810224133 1527137576 1400662084 3339181999
7 1 2 3206929822 1851789852 1196107576 274428173
7 1 3 3833281234 434970642 4086785271 1533761449
7 1 4 163323637 502073922 1865986126 1690860490
7 1 5 1763743558 1043857666 644623935 1124728906
7 1 6 2475592565 3056315065 19069268 565705955
7 1 7 4143824674 3413082816 1038564668 2819303238
7 1 8 2517438786 503252555 3965393741 2548040594
7 1 9 1936292638 646247901 432839308 3197169600
7 1 10 2465200234 276176093 723669530 1393461476
7 2 0 2761829791 3269388041 4043270941 673160631
7 2 1 3359293327 2873770905 2595732818 2375215070
7 2 2 1652465403 1692573088 1822969586 3327936125
7 2 3 3051623643 1107264408 2258108272 2227000108
7 2 4 1484706815 3533334189 4072079820 2261282099
7 2 5 1317805771 488721191 1755824945 3330053626
7 2 6 855445115 2636591867 3239267422 332276993
7 2 7 3248405019 3030303203 3641758475 2717499167
7 2 8 1673748111 2985104782 1310177986 3484773532
7 2 9 470746361 1676118398 2611201742 3204426638
7 2 10 1655636261 1422698966 371901136 44782044
7 3 0 4233407104 2404910489 2283785631 3596355182
7 3 1 522782200 4140033939 2723080802 4270206124
7 3 2 767459572 2858049281 2013585652 2341158913
7 3 3 3050066124 3410975357 2165324611 1712992179
7 3 4 3361353492 3033532885 3789169682 3407028858
7 3 5 2093592048 759199019 632215638 2495581656
7 3 6 3417478768 1247617307 3707013687 3891524352
7 3 7 2711428160 3058367045 2436414305 286451719
7 3 8 2176526111 2031068772 485504946 1318856161
7 3 9 2826318879 3438750660 2779652459 180342961
7 3 10 1868784781 3875112825 2705113388 1090024306
7 4 0 4250030442 3365411811 2468985175 3749282417
7 4 1 972881834 1534367461 1986466214 3094060625
7 4 2 2718858762 4268729744 3219460373 4142783697
7 4 3 421076738 1607137824 794200474 4063939700
7 4 4 1674271466 3262831999 1771180489 2021498477
7 4 5 1985620138 258268116 326135271 2855810433
7 4 6 1666673194 825661552 2986767925 3599283129
7 4 7 2371215796 3273103359 2865823432 429049466
7 4 8 3269986708 1487840711 1832672858 834911553
7 4 9 572350212 1927622350 766736487 1567630863
7 4 10 3078738884 2709558012 2075161928 225673127
7 5 0 1137044557 105503817 772605006 2077668432
7 5 1 3350586293 1924276032 183661159 648261557
7 5 2 97217781 3039204720 1098369454 2060866621
7 5 3 1230057709 3787378275 3669714125 3669912852
7 5 4 2504236877 1517337325 3079672992 1421196074
7 5 5 916104685 3943857358 3663815256 92805478
7 5 6 2381829412 1006938201 3336178666 1531026183
7 5 7 2204681820 2829282647 3987028021 577405782
7 5 8 1689411117 1585533314 2191658431 534347984
7 5 9 2742408021 2475817396 2289745950 2809174860
7 5 10 3969653390 1788704953 2249062915 1266457604
7 6 0 877167251 3329207554 1651541750 55567288
7 6 1 1824195119 2806048723 2628915833 4228024668
7 6 2 3865396295 659785751 825296428 1828191495
7 6 3 4156772775 2440499201 2628980648 3199552109
7 6 4 4099094855 969611113 1205790209 4183803666
7 6 5 1431726977 2487982109 2428878652 2380092851
7 6 6 1064643081 4079018453 1124340613 3873164231
7 6 7 1004741449 3618454674 1522593004 3684800012
7 6 8 1749227593 414082340 3070223413 3443371615
7 6 9 1638459057 880439107 2673462253 4246689319
7 6 10 387383305 2250681190 2945350854 3231137987
7 7 0 822715704 3144937421 1541276074 2342368129
7 7 1 741975600 1476508217 2005618324 1249200248
7 7 2 3476652152 3824627687 1691958814 119114165
7 7 3 431002112 2195167061 1248149286 822634509
7 7 4 2240131260 2446826711 453969440 320926850
7 7 5 1820691949 2657159549 3034394624 960035006
7 7 6 2116474369 2333126548 197310848 2344227776
7 7 7 16601417 3063342646 2571003633 3087756815
7 7 8 1514635508 980018458 44221179 3920890024
7 7 9 1229917940 672581274 3186604551 4145050341
7 7 10 142960085 352910989 1040526339 3011916016
7 8 0 344933734 3375819525 2015283082 2824937641
7 8 1 3060078934 3092484015 3691376656 1960915791
7 8 2 694842662 3493618458 1599585889 1786472261
7 8 3 1073793708 1766606643 365799252 1935470947
7 8 4 1434601676 1871541027 2447734640 4136155740
7 8 5 4193786828 2440067977 2034631543 2618412972
7 8 6 2506854764 1227803041 3585159466 2770292768
7 8 7 1896614700 698013111 1405350031 1396875680
7 8 8 8257100 603499514 1800900944 1644416648
7 8 9 4220130188 2198193971 2599093217 950631466
7 8 10 3950595116 1811950778 1475111190 1016362704
7 9 0 1805236117 2760411901 4116150319 2927692828
7 9 1 908580501 3275976193 2581872509 145268027
7 9 2 4064946552 4100982393 1452555958 3077770936
7 9 3 2622903096 1583126039 1313879736 1335196594
7 9 4 1156860676 1543202548 4274537337 2160280223
7 9 5 3055988388 2769107281 1189442017 2993963345
7 9 6 2172011780 1927319391 2841893165 466294449
7 9 7 666666741 557388671 2702736515 823892202
7 9 8 3056400425 2664676011 4208110674 2251041380
7 9 9 891815608 4169326954 423091747 870845217
7 9 10 4148332125 3235319151 2683554049 3167771693
7 10 0 2273500971 1326926833 1666105920 1384986203
7 10 1 2360858873 3610194703 3355110572 3482487543
7 10 2 2849907193 3502210396 2559720010 324009655
7 10 3 2711635673 1044909701 889482436 1085281251
7 10 4 1453475201 1693517889 929509546 3816849336
7 10 5 145310937 3914994677 2657516464 1794982102
7 10 6 1419268825 2368375897 1559858285 1617501671
7 10 7 57065921 1161587390 3238960657 2300274449
7 10 8 1563254209 928200544 1787904683 3327910934
7 10 9 1452730727 2752953293 2489595869 1307697720
7 10 10 3429876583 764240269 669524083 1546676786
7 11 0 4017534425 1560745679 2401186770 2283096330
7 11 1 3224762009 4023138929 865715291 3991294753
7 11 2 2998145037 1174604056 2761738549 2002179672
7 11 3 676851917 2335384472 2365125720 1524200874
7 11 4 916438605 1151144326 654758231 360930961
7 11 5 3261608796 4052555177 3335930942 1990804031
7 11 6 1982561561 1260271228 815829777 1835211561
7 11 7 3663226201 319370538 1185383819 3836329258
7 11 8 1793190940 1352087689 3778033703 778444421
7 11 9 66646044 1597684489 1040250320 1257082568
7 11 10 2574777840 204267485 2635410418 3273907917
7 12 0 1804947128 4272368832 1652262070 738969119
7 12 1 1671840768 1253121593 3087620033 2933954545
7 12 2 2164613192 4082349681 592961635 3224449875
7 12 3 2002807368 3049501871 1208975714 3826801113
7 12 4 1585019224 425614997 2561663316 48942202
7 12 5 1640006608 1309009833 1603288585 3033631708
7 12 6 3326249824 3631547317 667897919 926850276
7 12 7 2792773102 3094648775 2743175737 456938043
7 12 8 428320482 1062128041 2092577675 2811675369
7 12 9 2534167518 3862793587 2705063239 3075687929
7 12 10 674476290 1730233723 2794718945 768732513
7 13 0 1862458161 1717223628 2032699825 1078991633
7 13 1 856875505 2812150262 392098553 3469830401
7 13 2 634070040 3680496116 2526307178 1988188008
7 13 3 1654727917 2453655341 3814662198 1666673066
7 13 4 2347638164 804652207 3172476178 632261093
7 13 5 1137179028 1228442036 369853374 307559751
7 13 6 791637573 3832074248 66471181 2042893886
7 13 7 3299536613 2484234805 370933726 2573462909
7 13 8 4082823989 412834544 1967691404 2680653483
7 13 9 661290229 3995569428 275058921 2817261457
7 13 10 283734501 3789276991 3868042829 1082270790
7 14 0 1191967057 3102904354 2383977883 4165033927
7 14 1 4141412049 428630886 3108826360 1867226579
7 14 2 448018421 3536822869 3040234773 1674250361
7 14 3 776672305 539313865 1304801852 1293766622
7 14 4 1678882149 3228128614 4034150329 3847490529
7 14 5 2076078579 349940440 2623434720 3865189357
7 14 6 3255961551 3621269755 4218863778 3920909292
7 14 7 275024531 1980022410 3504527661 2371964249
7 14 8 1164487367 2264689350 3196854731 3806004210
7 14 9 123313599 2610167121 1657865193 2107509042
7 14 10 2547379407 3864367085 3644802820 1083721030
7 15 0 3912574861 258969724 2676086185 1912843466
7 15 1 1588553153 3021079804 1941703607 1504025083
7 15 2 1161619773 2674926687 1452401584 1027273390
7 15 3 4075699056 874481679 157352735 2172615925
7 15 4 1934594580 1189615896 930585037 1789914573
7 15 5 2017949248 932778234 3867677630 1428592715
7 15 6 3277318332 3443223796 2267529226 1300329827
7 15 7 613834936 2587775232 3464838913 1401777716
7 15 8 1452715728 3966416156 4262968140 1171636763
7 15 9 3941366400 956444802 1449474983 556252979
7 15 10 956692324 717613105 3373762521 3544656639
7 16 0 613984084 4074931983 146346311 26551155
7 16 1 1360014068 3830097010 228592583 1847307099
7 16 2 243872884 3632736902 3869346180 957702583
7 16 3 780182582 1470534084 2225755470 22975951
7 16 4 2025698774 2254265144 2887771053 2483359227
7 16 5 1101852390 2706288743 3819902837 1643865227
7 16 6 4004887014 2661312579 639209268 46984015
7 16 7 3202640054 634194852 2307534254 1532568985
7 16 8 3925573718 801603083 1339869658 933097971
7 16 9 4086612486 2317016207 1315789228 2762808407
7 16 10 3196828230 2480826224 4122056691 415142223
7 17 0 836911657 78394867 1579514716 306929321
7 17 1 798158121 3124084451 3124251756 3573759521
7 17 2 347687517 1873498463 1934731820 3532489595
7 17 3 1764755037 66917153 2775167946 2967862533
7 17 4 4249566993 3541746986 2640257023 3356353933
7 17 5 1127145225 3640358517 1016007244 4131345922
7 17 6 2785405953 1489569714 3419400960 1713098146
7 17 7 1035619073 457911475 1210436798 1290601360
7 17 8 3232733877 2429178631 1792056514 1260821892
7 17 9 1497497525 265137031 414173875 3889616905
7 17 10 2189758232 3843716317 2431270324 732581321
7 18 0 2767421873 3026230071 1315983852 4253826893
7 18 1 445992787 426048075 3085083357 1807407936
7 18 2 3536757619 2120816143 667040083 2304662511
7 18 3 925608755 1072378645 2484416563 1911980325
7 18 4 3441066963 2726092353 3425990276 894519502
7 18 5 2694456115 3652956718 2264445027 1954157788
7 18 6 1078876947 2412871330 1317109774 1553327716
7 18 7 3864721491 2577715576 1744132122 3347327743
7 18 8 194718387 421810234 1484545099 2343507056
7 18 9 443901879 3859164474 2305632494 3665256579
7 18 10 1131427255 2719732882 3311380735 788055035
7 19 0 2768096284 1010477418 2852856418 1061607011
7 19 1 3704581148 3887788315 185030691 952354435
7 19 2 2485322224 967042254 1843140970 3092986447
7 19 3 1875946856 318206118 2030824197 3242992090
7 19 4 2947039988 1263649983 4200760780 2742245318
7 19 5 3779276276 3653539748 4258437547 1274079182
7 19 6 1660068760 1667671397 3355178488 2196972257
7 19 7 2923066008 124966349 1326225105 2010236726
7 19 8 3306407736 2725911969 3625755699 1041415081
7 19 9 3337286520 2220118865 3717237782 3892297040
7 19 10 639384289 2448834455 125999057 1192945982
7 20 0 1731264122 2795503858 2637720220 1812469730
7 20 1 1112687018 1208585722 3756451190 1409840402
7 20 2 158217546 3413095866 1631045633 3205995553
7 20 3 540383386 573568018 1715697983 1552264928
7 20 4 4055418778 903539942 1575210595 3866526767
7 20 5 1394441962 3959490265 1570495812 886676033
7 20 6 2675097930 866816593 1991976690 163194331
7 20 7 746975858 3236251867 595775519 3485112724
7 20 8 3375224586 4196402346 1506644825 2773249089
7 20 9 1925481970 4240193198 105222683 3690087605
7 20 10 1359479258 3079587188 1634146194 663188690
7 21 0 1276609557 2052175056 1446428323 3308484702
7 21 1 3120557093 2588957386 2162300725 750257266
7 21 2 4131552405 4259781486 471946149 2625123627
7 21 3 1574669125 2571612358 2041324970 3800387317
7 21 4 1093175797 2252591004 1545429878 481569604
7 21 5 2660152421 2142819739 3852045526 702669478
7 21 6 941316780 2496384091 4035249087 1841192492
7 21 7 4064044716 2386573868 3964642892 2498903182
7 21 8 2668565212 2985464598 389377361 4251420772
7 21 9 3259290140 3119578706 355750943 206564892
7 21 10 4148693289 2564797384 1362611691 1138865781
7 22 0 560632103 2048518823 3227113334 1711444009
7 22 1 1628737263 53104323 184256349 942232844
7 22 2 2284063095 760012901 4156541474 3124990252
7 22 3 2333540239 2681920087 901621838 282540356
7 22 4 2099862151 1157792435 600482239 1296449935
7 22 5 35954003 3334756173 2890356530 1984709247
7 22 6 3893455267 742045053 343543609 4122509405
7 22 7 1162571395 987215249 2216794375 2777378317
7 22 8 3876042579 2955996197 1951383223 3359565681
7 22 9 3254390611 1236599185 2516869938 734179872
7 22 10 763311427 2882152014 2112350300 1985135075
7 23 0 3795250060 2974959959 3350134295 517269063
7 23 1 2813541964 2304091016 66069889 421668274
7 23 2 1565048752 2600780436 108062571 999801099
7 23 3 2080090484 573906329 1843392509 2752363615
7 23 4 1822508028 1095288679 2021184398 3306610200
7 23 5 478261345 367313082 283968571 2260059129
7 23 6 2824404589 512257156 2825429860 1992600148
7 23 7 426528956 3902566179 2859101489 2695360245
7 23 8 3376704877 3147245964 57118491 2830028841
7 23 9 1442314540 2214464443 2680085402 1790715954
7 23 10 3125635772 97851698 88312105 4225814283
7 24 0 1919717350 2255244283 162818022 3369018332
7 24 1 22759042 999751281 1464542992 2539635210
7 24 2 3394771406 1982347754 3358191029 285073240
7 24 3 462151874 1006398927 4281004337 2935773992
7 24 4 1280469546 434005325 1631971521 414907181
7 24 5 933414034 358573238 1262571549 1222396437
7 24 6 1217848230 663880584 1776448357 1728063033
7 24 7 3465456370 2412174496 2876678636 2820273630
7 24 8 113643138 1867485562 3962839684 1961030503
7 24 9 1392228810 2584613788 166737856 2662910205
7 24 10 3661438286 3225192804 3133622879 2035069189
7 25 0 1095427473 2420180599 687944432 514621585
7 25 1 486210153 2907078773 834544588 2586001557
7 25 2 1621220212 2061094516 1426499743 4221646048
7 25 3 92494853 4108670637 2169617047 4085934806
7 25 4 1511759001 1899553334 1928046646 1271669895
7 25 5 848591065 36425049 4185311186 3505078591
7 25 6 369243317 940284014 3631262775 4074366667
7 25 7 4199854256 289964912 2980936153 833716963
7 25 8 4155604849 2290429619 546329071 1023252737
7 25 9 3981025372 2547521834 3339828869 858198079
7 25 10 122306441 2345278997 1195908999 542238834
7 26 0 3928127279 2091457430 1457826154 2904989521
7 26 1 1313492839 1706966237 95982580 87520705
7 26 2 2883753175 316891691 1108900389 1979272643
7 26 3 3786322487 3076574985 1985465757 1277470903
7 26 4 943310151 1143086757 1045716319 2263918985
7 26 5 1233650407 1618505890 1482646393 4033199848
7 26 6 880580279 1470589598 2657285140 470098864
7 26 7 2883021207 399864336 754069530 4217622759
7 26 8 2426095239 992476342 3763161340 1802442892
7 26 9 3523016275 2490521132 12979607 1560898038
7 26 10 2901246079 1006527179 1494683181 2371389429
7 27 0 3831707445 1472919952 2866383679 2946413971
7 27 1 409111044 2868082330 3029940212 2385831750
7 27 2 3740990220 2819074233 2064494889 2177343527
7 27 3 566919445 448476691 3771925611 1987142116
7 27 4 2933489493 2992612977 1875191771 1122736529
7 27 5 2361791588 1740353536 3024671663 3172598657
7 27 6 257339617 2231388206 995114586 3280050871
7 27 7 4290098944 1222385851 2254376625 2502905005
7 27 8 3817582900 243714082 2720668707 771589319
7 27 9 1618316584 1334278656 1360179901 402423235
7 27 10 433217772 1367989351 1230806077 3345788935
7 28 0 2885521842 3267291158 45654240 1900603062
7 28 1 1255805946 985575076 563790014 2078008057
7 28 2 1054485858 729175212 3424850959 1202153161
7 28 3 1080260058 3679045632 3983342047 3263220371
7 28 4 10949426 4205740228 3428582562 1094414600
7 28 5 3132323354 1327490763 3836027979 1915609149
7 28 6 825674114 1696509687 3996574777 2836060708
7 28 7 367336598 1868957238 825000332 4220208250
7 28 8 3611362454 2546637689 3738287868 1852954651
7 28 9 3334602938 164684808 845022350 1527105679
7 28 10 3207936210 3740444609 2591412557 3529965596
7 29 0 4206445468 3543809344 3436792606 3456698913
7 29 1 56551516 1214549530 556075214 2168924781
7 29 2 4270007529 3747953600 1740902645 2308369868
7 29 3 3229560809 356582024 2666366279 4277774900
7 29 4 421795460 1437544154 3328909090 2567826979
7 29 5 3379771529 3375303288 2987334234 3102506739
7 29 6 297642957 276372602 1912323630 3688167165
7 29 7 3663663917 967168799 2510376021 223188796
7 29 8 233876573 3557419682 2940121617 2897625021
7 29 9 1051355421 1410639478 2402946248 1030396387
7 29 10 2215166253 1982395141 2154561691 333887887
7 30 0 3489508787 2355469573 1827994770 1079974723
7 30 1 3579066115 73171087 793507822 4266725761
7 30 2 3938278419 530162065 2661326089 1237735305
7 30 3 3799937987 3656520867 1297313173 3007641923
7 30 4 1241498099 2033907783 3539684610 1558968920
7 30 5 1800785799 2025606219 2011647534 2135418419
7 30 6 1219811335 728609871 709650130 2202337199
7 30 7 4019581111 2179318119 602597500 2600053984
7 30 8 1245631383 1664585015 353455547 1582910027
7 30 9 4005963431 2453083187 340621221 2431122259
7 30 10 3799342759 2825716075 3059602799 2406205823
7 31 0 1828466473 2089245440 1794457637 665985531
7 31 1 1044563165 3509597668 1790028102 1456430276
7 31 2 3288387852 1981543448 3588815074 2652030746
7 31 3 345234204 3856390597 4068329879 1922020679
7 31 4 4289384848 2058213067 3796553381 3950097063
7 31 5 3676330400 267564615 3753604302 63588643
7 31 6 915391776 1664221610 2955962457 531581498
7 31 7 321957520 2972200950 805590394 2803287583
7 31 8 3289649768 3904760639 476234431 3512769049
7 31 9 1727859439 310432576 542147379 3110348701
7 31 10 840385920 2271443911 3423642832 4107313332
