0 0 0 0 2 3759837365 3161883392 382751620 1779735179 1298349295 2235975504 1231653662 271871161 926897792 2385323292 3963806791 2081656696 1548161505
0 0 1 313 2 2367943721 2502739300 3806850872 257324783 4227433031 1054582346 2344106763 3501649638 995677421 3700980479 2907312108 3230382657 2243686646
0 0 2 626 2 3789205232 1035298367 2493856829 1438337544 2652070697 1093310995 2786783500 3689445368 3546944299 2816147258 3167350161 4030332114 1982272359
0 0 3 939 2 1296547469 2549742770 3592690404 1083875497 3986693849 3073034418 2710333316 4275152886 1281987035 3591996916 1698732236 4180165978 2966541293
0 0 4 1252 2 2163269646 2219611773 2344163311 3894826234 1816386406 1400632619 3521191037 2721119151 1242239324 3174335523 1444902097 3111401869 1359535573
0 0 5 1565 2 950080745 2580515856 707203448 3492389531 1474580028 336774604 1257289305 1899531439 1391505956 3917845585 2693465264 2335946430 1268560645
0 0 6 1878 2 3297920336 561861917 3785932681 2730455738 1760427932 3036082242 3167976255 2614459937 415971881 566704401 481613586 3369958245 4086009514
0 0 7 2191 2 2976711710 127173045 2723763219 4172790594 1149003910 1447398914 2409267806 2026395982 4036343123 3911608352 2127316765 936743941 1391005037
0 1 0 7103 1 2835220279 642284628 3306528415 1509105258 3587774689 500192821 3908235318 554837276 169625012 2424883839 959505748 3856100141 3090743588
0 1 1 7416 1 1564750869 2768165944 2849692029 1232993822 983258107 3435176892 1972274668 443540739 2247836122 2512773479 2215080443 3657941141 2587187384
0 1 2 7729 1 3243553368 2095121795 3462301076 3425377049 3309938534 2741196715 4291302249 3637133885 3650589181 806642005 1721881954 3444285919 2300914764
0 1 3 8042 1 22177382 843361435 2702501674 26590433 991399704 3590293301 1375591186 2370845159 2421295548 2232030814 1912419636 4018104940 3219084280
0 1 4 8355 1 3282101452 3491026979 1394833456 367596729 2312839910 2452468870 3293970135 166091668 448096910 4184020894 2469645934 2999942174 1810084038
0 1 5 8668 1 3117896752 1258939389 2974695640 314638447 2268148408 3729070405 2296823307 1808438609 746786357 877605868 557485893 2416137672 3294496517
0 1 6 8981 1 1445353181 441573764 756610333 177336986 1234173351 58862944 197223180 940774447 2972907640 3556795741 1358597684 3435722215 2281513941
0 1 7 9294 1 2892994287 211489202 1980194679 837567388 1682041743 72107402 3180550823 2496639992 4121206950 199582028 3337922693 990628973 2327372035
0 2 0 14206 3 3146670778 2241420165 1520074201 875235732 1607145776 296454529 3965340590 2125943337 2539434781 2676679521 3619765888 3217189141 846925143
0 2 1 14519 3 614546937 2365637924 2154373278 3499107721 2835758417 1544243902 1723194647 272340540 2431376959 2754994265 860256454 3558236797 1635710022
0 2 2 14832 3 1432028368 3208150973 2212050483 1205396668 3287491878 2760714305 6846410 2529060979 3338730448 1354494747 2624651385 3855731529 3035184147
0 2 3 15145 3 4185622299 1028287280 3644648968 2327119125 515672905 2416215100 3439229523 126576488 3481721465 2002404877 1218161304 416363883 3122468859
0 2 4 15458 3 164287063 1915212226 254302784 69680351 1638646843 2630067408 2292500156 2410390742 3082911259 3644082062 1901487693 2839728670 1976025063
0 2 5 15771 3 3567625722 1444677169 1180293681 447101984 1539514614 3858717426 3945202965 1407102219 3426364165 897260929 3443999493 3272955533 2865363678
0 2 6 16084 3 1801270973 3786125958 2391140306 2496477587 1682195779 2518866976 531455305 3523925020 1724868263 1746277208 276159876 2384039828 4126419958
0 2 7 16397 3 3027958630 765440581 3869411865 1986921012 2912416812 1861862795 323801843 2598291140 2053300607 3388959282 1369689331 3146404862 1547427839
0 3 0 21309 0 979759296 347418601 1876997686 2783692901 3029122085 1731217980 1141642118 1994316304 190242629 2994391096 1051371015 1870571632 4008508354
0 3 1 21622 0 1592741505 2925403272 4011077955 1046791136 1801729682 3214528665 4246399530 195650605 893108866 4024340371 57213601 1661871587 1735025424
0 3 2 21935 0 3612472948 4224333209 2303012002 2929375797 3579836061 4028733703 971262224 95827425 508056631 2943039779 2467692994 3610063361 139573550
0 3 3 22248 0 836547392 1225997239 1114403378 2105276723 291527726 1824342686 885685198 2567747478 3112937563 4234926836 3205390701 227350953 469751987
0 3 4 22561 0 960004719 298870682 3994166045 3997813906 2266069798 789222608 3629841187 246893916 3908116509 3087958589 2936428657 129891434 1197963730
0 3 5 22874 0 2345703769 1528243936 3577691011 3289356232 897505138 2771861218 2966509608 3265982708 512721688 3192169883 1738010365 328208495 3440164679
0 3 6 23187 0 1201677489 953135496 4193934083 950065088 498872714 870265315 2136858562 3569964671 3765217908 80852415 3809288475 1691835138 3421376667
0 3 7 23500 0 3853623269 1667536538 1381352871 2465007570 2032038557 2923314341 2458386248 3498588306 3406414288 3511094115 1655163140 3699144754 4168196646
1 0 0 811 2 3451825025 879838436 3544887426 943845860 1790239061 3367789 3227185480 4214411269 1562424850 1712579591 3568152322 957732158 4136800696
1 0 1 1124 2 4069350175 1498040282 299868806 3780343870 3434035417 3688420137 1003223722 684379043 683798142 3198131383 2431980404 3466840903 771396220
1 0 2 1437 2 2898807721 1518699084 763960524 1518160524 3186466479 2101094185 375325058 1241863417 28119482 4292474347 3688533798 3198002651 644169021
1 0 3 1750 2 3314937242 3148013095 274325973 4254122362 1614989104 1217270254 2620701093 1316831180 2882486965 3936507596 4036998803 1065216456 3386994705
1 0 4 2063 2 3881256274 1551747577 3202006407 725370624 903477258 349745164 3119152561 2201190890 1569449233 1984564184 3643398227 268245267 3938466523
1 0 5 2376 2 1316303482 4018892499 123509883 2124015447 3447374098 4138176936 1902847553 2110251300 4157403853 189996532 3122205065 3303741964 317019165
1 0 6 2689 2 911908088 2662253065 616884137 1236205366 3704319646 1508445376 1939267857 30841750 3436431795 2827937992 4067706371 4096183287 2595150706
1 0 7 3002 2 4219543592 698387353 3765827047 2271666464 1204094114 1160054004 3296386653 1121329120 236324757 1306759822 920242117 3532032295 2994908463
1 1 0 7914 1 342193519 1328167196 133122655 717846997 47497861 1321197661 3735117298 2993614525 198388646 908142213 83990108 4105316761 3073068592
1 1 1 8227 1 2725387638 343080641 3333925202 288523169 4291202492 2160793998 190426737 3670458708 3639574885 4253928588 247464768 3381019725 3805761336
1 1 2 8540 1 2814687204 2786197531 224789822 2871378486 3924629074 1650534244 2348931509 767190120 116945844 3332076194 2893361424 2450749749 1948345342
1 1 3 8853 1 4067975222 1045014529 1375902460 1167417511 2331983056 1054495182 2271001537 893784134 3144627261 4141644554 3567822831 420354722 1959071565
1 1 4 9166 1 2309179209 508085478 942319347 2447118225 3655290321 1045152121 1731751476 1208729105 195934908 1935715301 471698286 1043487461 4094746990
1 1 5 9479 1 2984315500 1046259999 3062505570 4236733016 1474072164 2716765048 1065171713 1395072469 879908473 2985416352 472782939 1980601764 327412685
1 1 6 9792 1 2764966924 1308261925 1583346980 2619594724 1271608556 3017761730 577952459 404984448 2796434891 1744670601 1432054850 4279706223 1989646933
1 1 7 10105 1 2327734762 383190393 492574116 3240931119 4292905924 1817350694 546965289 1676185518 1362600781 1989114628 1780038603 853579799 1899023341
1 2 0 15017 3 96229988 2424420101 374093389 4290038440 3395852120 2899923128 371201581 423271336 4126302801 1399310026 1342412593 1102863205 1699503120
1 2 1 15330 3 2725949642 471295677 3572879723 3662581991 207808930 2636683068 3242529677 2928440066 36998361 404876690 3117619417 655535114 289565239
1 2 2 15643 3 1644451072 3664819627 2325098593 4005145917 2403380542 3414082802 3188656411 3769896588 2182404657 791080328 317399517 2264657144 1048434402
1 2 3 15956 3 943110419 3964175404 493138902 4098926638 2037271717 1121075719 87075324 2667496079 2495638994 1100769899 3733862663 908522779 1054130794
1 2 4 16269 3 1313680578 92464235 2157126209 1789209181 277936638 3861493784 242295771 1752442024 3114302129 761499656 1845630173 4263311224 2513780287
1 2 5 16582 3 135353900 2048349655 3569389383 2037316157 948107958 674658044 3487326575 1884170776 3738454359 3698961056 2985039572 1107610574 4069850870
1 2 6 16895 3 484011954 1780108375 271351213 605759241 262694056 3487396408 878751865 2198713330 2600689287 3893325087 3009573173 3541442177 3843494964
1 2 7 17208 3 1033255301 3525097276 4011763654 544502782 2126144501 3797010689 69564096 2403759493 151213904 1443935561 94062656 1957953995 1728908748
1 3 0 22120 0 2532477453 1695244098 1743119651 3937943720 1368985704 3472797254 2965864643 140222230 2860789001 42649509 49173083 2643040818 2008057561
1 3 1 22433 0 1756824485 3276904358 3215231797 3337488881 2598257428 11261226 3248744175 2112133004 3187568891 1559917906 2052166119 2209630298 3416975649
1 3 2 22746 0 2730310621 90068660 1575909891 3786415743 154417464 1133019940 3546431639 872453772 115611479 2110875852 1288557875 1124845854 1982257329
1 3 3 23059 0 2814109901 2609111946 2901095645 1369023938 2757017332 130732498 1500309025 1734303354 2031882765 2091932434 3063203521 504386058 1620688089
1 3 4 23372 0 1304376808 4048223629 2689468198 2238658765 343757785 2730282381 58742734 2310826521 2055656976 2720064505 3641389020 2669195943 765897121
1 3 5 23685 0 1926329165 638529590 1632688389 3889426401 1221165316 1894490330 3249127139 3299153166 1699727941 3007799180 2483091499 2246991831 1165778630
1 3 6 23998 0 142676787 3503246572 3751461201 3642518611 1329601944 3639209942 4239259243 2405077734 2008565421 270234386 3219505779 82694204 1948793755
1 3 7 24311 0 579834071 2271519790 2428743053 2449521705 731151512 3164883702 1684044621 2302115376 1070971141 1585826796 180924425 3841672516 1329616424
2 0 0 1622 2 4099134066 1120709909 1116985083 3184431628 4025474806 420788008 877859791 3525012088 2703443915 131484100 3079000354 2901749516 1512752865
2 0 1 1935 2 971937965 696185130 717178916 3875463087 1644275227 15340745 3638451672 1075013323 2430716736 797671520 2610777672 4179712043 317203910
2 0 2 2248 2 2563893842 258021571 2093755051 4035273639 3006124864 2261177198 3550193959 2326431860 1909168901 2499781368 3008079091 2948369811 229730843
2 0 3 2561 2 2548243207 1528918492 1817821480 4051321723 661362327 623288691 3247216056 3693238923 621349704 2449953043 1725751984 3924803323 3388834944
2 0 4 2874 2 3400260415 3403080078 2258508866 130367217 3345377257 2503368669 1367352766 1995681427 2541237750 1050568341 564012520 255521830 4141960593
2 0 5 3187 2 454941238 304063385 4133769151 1375559825 1644641812 1367814914 2182934554 2890572660 2851439210 1764161603 575333628 3455581131 2780019116
2 0 6 3500 2 698647302 3214379787 3756345315 1390971039 4104357766 1066507230 2799735533 953144112 2800502109 1460953135 2880143161 1791243067 3711802178
2 0 7 3813 2 40079102 1393963529 3009156319 2111423330 4170825024 2974011254 7869755 1820233370 255728741 2610630059 2246510950 1035431627 2815943408
2 1 0 8725 1 3014197347 3942883318 2160369859 1327790452 2419619261 415940737 4099234874 408418931 2246628220 1873392782 1090000178 900018991 2776088186
2 1 1 9038 1 3609590136 3317909301 2315400382 2678573063 3219510326 3950576112 176748247 1017743072 3202084659 3180188542 227751089 901139969 2861223507
2 1 2 9351 1 1584171142 1488885457 1410197356 1680461282 52754796 1841260058 126906815 2289832130 3153887611 2206938370 3252776041 280112630 2793463580
2 1 3 9664 1 2179156246 3303595777 70474256 867867712 3421186520 1772314026 3466786511 1048344688 1404421413 4022276652 276170881 4111492516 3977438594
2 1 4 9977 1 3345117996 2894510585 1926638116 2570334639 1739053000 2363480206 673912587 3215924746 3344016121 3189091358 1162729452 2968080533 3154867393
2 1 5 10290 1 4189254590 2286432143 3698958568 1456118715 2995083536 3745908410 2319964287 2083499194 2371927354 3755019950 684492648 1936500223 2675933494
2 1 6 10603 1 2711267830 760805473 1336897968 886492192 3311246392 1873358410 2877424563 2276172462 1861943509 2106260874 1046041103 2157218598 1273067324
2 1 7 10916 1 1870030325 285632616 1947700229 2888649441 1883006027 3242057107 2101573008 1357841527 2574002292 4197496655 1799249164 1884016147 2392494097
2 2 0 15828 3 723956257 1479692006 2494388488 1224935832 2722297291 3988876371 3965891894 4011179533 2956427464 3900079033 3704416979 1199175963 2268947781
2 2 1 16141 3 2685801878 2990506235 423647813 3001185546 334197460 1341477186 2814982091 739165048 694888269 3983834444 1098563711 2902815243 3108570766
2 2 2 16454 3 3402230417 947313418 1020462728 1872134105 189683587 1900966299 630519416 1611674671 1993032120 1578573347 3486738762 888742091 1938452959
2 2 3 16767 3 2761751744 578919751 4155495223 2382848269 1523354438 3475884776 407290745 91481544 4168590493 2042349945 1043016167 2971157845 2276606716
2 2 4 17080 3 1665413456 3102128185 3721376583 3179656963 3617783758 1686040618 914981007 1841752402 1155886851 547537034 1822771167 1247040796 4133446167
2 2 5 17393 3 3632657732 2861944197 3628092739 2983545919 1254652638 291595524 1630444163 3671880264 2106806459 3440478816 786772627 171928624 104694600
2 2 6 17706 3 1383189400 3443128359 578487445 2048285071 968704166 3591510092 1521106137 3658469908 4064864539 2280092288 816558503 2867748442 3368333829
2 2 7 18019 3 3526479469 3664131544 3297523026 3795412490 97871457 3340598233 1822272766 1516845313 4072144682 1929890381 1391331062 276799279 2218234423
2 3 0 22931 0 2197065657 557305286 4106846185 215589366 382743732 1594586842 1668713455 638351938 2607974985 1818619787 3471778519 599966219 1269727760
2 3 1 23244 0 3626670008 3379926719 605404744 1792845275 3082106481 936450517 1909282964 4183276049 2708111516 329299877 990262460 2023987321 137381924
2 3 2 23557 0 3210231534 3662373363 1579056204 2470880268 1259659619 3823996043 2544571110 125552387 1615802016 897327647 4094960316 2842148555 2968377600
2 3 3 23870 0 3253879307 2298156088 3211186823 3821488835 3923652922 2293918612 1231375813 3982397704 574831187 3795518932 1982337967 3678124696 642293066
2 3 4 24183 0 1883821075 847566692 179073235 1295523759 490305152 2633969582 445958663 1054561420 3175168801 2349299472 309601221 2517868804 3073417439
2 3 5 24496 0 3841682002 1007286035 3411175020 983802860 1419048851 1545089479 2296274018 771908647 608557710 3448142711 4176388754 73423255 2967748919
2 3 6 24809 0 3392771818 4172137039 2813929632 2373654078 1091427659 4252712599 744335070 2242377457 2772741234 1997677141 2688593728 3292488940 1004985934
2 3 7 25122 0 2390751205 762050022 2314475797 2753090833 1166599124 2605396 905020379 1726921048 1981164095 3116805478 315222748 2950314614 3942646720
3 0 0 2433 2 2149269520 2696375675 907743539 4233812815 4272064619 3140817375 3744192158 3289856629 765383816 3097294673 743714471 3021237921 3802200704
3 0 1 2746 2 656189485 2943648492 3891186756 2911617167 985136504 2777171400 1183600711 3917918870 3121614784 4205629063 2224998828 3467914937 4111728746
3 0 2 3059 2 597298561 2124177614 3245853068 391860674 3328666158 1400357408 865538725 1769972662 2997553057 1540492026 53028521 2842588898 3946895625
3 0 3 3372 2 3028343193 3539135240 2013307112 2887598392 3735046596 1535299780 1485445683 3868537292 3906515905 3913871208 3692295140 3827816193 3433192796
3 0 4 3685 2 2797082821 1037539034 2511057876 137847722 3984832950 1314388024 3253484591 3617221174 3220960941 3411226243 1838599946 2342495251 2034789581
3 0 5 3998 2 427161471 2902329294 1926066524 974009701 2802593904 1224806490 1835948531 2206446684 2700472974 2435934000 2865460547 2509545232 3621236885
3 0 6 4311 2 726519173 3704917776 3013811968 2829985040 4269939980 3006651744 3177872185 3397278514 2906699976 520240125 1805559757 1746961063 2181928939
3 0 7 4624 2 1941197145 802767430 3872265282 2304184218 274264196 4110321954 2148327761 807701482 856960261 953806940 2515288817 3011928482 102822029
3 1 0 9536 1 6443794 1787638715 3003354470 260083294 3064140042 2342334948 3793357909 2798037720 3267192813 2325603368 254390877 665404760 655158210
3 1 1 9849 1 2853787257 307489872 910623705 1879745734 3185048355 2920239025 3992543380 2216884049 3890543804 2465509003 1182663200 4071172643 607611334
3 1 2 10162 1 2786942184 949271189 975102636 2754086840 50150956 3104604652 2947028031 2282315340 3757082675 892639706 1514261893 2818971677 3803397041
3 1 3 10475 1 2884484901 1157452326 3059943663 1638030571 2151084673 1461574413 3226006356 43789169 2077534716 3969138933 3023164802 265372201 1511132098
3 1 4 10788 1 1325206906 1320189579 1582373046 2214334286 2358325412 4185457122 3472123215 253606968 1906370067 1822545564 3149860089 544159044 3726186633
3 1 5 11101 1 3838481128 3243125439 1318184204 2870610242 1360091748 1627893316 3509412787 403800776 406783675 444059455 69888624 3850920163 459977947
3 1 6 11414 1 3963311289 2750827746 1027941651 2457610916 4146920157 191146773 84774160 3774751285 3425749920 2492934243 4197620677 3880208449 3013977104
3 1 7 11727 1 3935194820 945041299 2293957486 3948526534 3743768304 4186851170 2017441313 1794512038 1347088035 1762969774 838265409 1621465061 2405436095
3 2 0 16639 3 3618929270 2861243453 1685280295 3540923082 2272875250 1405862440 2620248131 4266525672 3328286901 76564572 2594289768 1718718320 4159689133
3 2 1 16952 3 3888962579 997375482 3240255380 3157619444 935955591 1888918271 2327814198 2762933563 1926570238 4156820167 2728388450 539665245 3811442079
3 2 2 17265 3 3802964733 2103573826 3460274410 2642819547 1304149557 4048905025 32100782 3934054827 1476964298 215930083 1399570142 3834753083 305318076
3 2 3 17578 3 3832932182 291329821 1781076089 2005180601 2063132204 4196606348 1724040041 351828646 524361059 1277084382 365831778 2469928476 752150499
3 2 4 17891 3 3966870425 2564087530 4191074340 3310404324 2626396023 4054747375 589057126 4272763691 1500943750 1315233647 3139726894 2024639897 2796237500
3 2 5 18204 3 1688737922 3023884859 1138382857 850757445 301877740 573775554 211749433 118189122 1367365081 2541131560 269597857 103179820 751585712
3 2 6 18517 3 3171173769 1939470918 864386572 479809815 3719348911 2254123547 789328976 2611477371 721489184 3634839847 3366510594 4007458210 2763252495
3 2 7 18830 3 1835318653 3353879984 3008968218 502989481 259672177 3953003173 2822140120 1293766511 1068283812 2903356615 2885829122 528122761 646269290
3 3 0 23742 0 96619693 371820892 441352579 219606527 3818989566 1676738966 68800741 200631718 1106685879 2423118462 3851895271 873599019 3285834591
3 3 1 24055 0 3701046328 1297704885 3564801206 1114170190 92436077 3050018215 1104458446 1299646529 2245425890 2827422493 132343288 978828519 1124259355
3 3 2 24368 0 2327553464 2264806009 1142367210 2825587906 2632782405 2531092105 2744713442 2366562937 2140361006 1108198087 1641381494 2248650457 2794204285
3 3 3 24681 0 382405317 7819348 786239569 2542541442 3209276438 2461761036 2232239911 4141438710 879389542 3269140316 556727480 491396007 1340904588
3 3 4 24994 0 1704798215 140249208 2034431087 3765978152 1938990534 4254613292 925238519 3534038436 1311640347 3244238952 3935330449 523532596 2197965287
3 3 5 25307 0 2195448333 1948258598 1893719325 627678169 4002609762 3725193386 2973204817 285242338 1609194129 556211457 1788234615 4245563086 2852373751
3 3 6 25620 0 3959614940 1923669851 686105324 1772241004 2154404739 2052384267 217887922 4061664765 3488428902 2059046841 2348771804 3968414233 3274400880
3 3 7 25933 0 2981135433 97427238 966447445 2997609722 841620300 2073612362 2694035513 1270285154 2549339491 1214288110 3945037539 2216746574 661474113
4 0 0 3244 2 913082217 2621494182 2619549210 628121554 3905064352 512606068 978179535 1759960905 1368020269 641399755 4220485913 3200248005 702578260
4 0 1 3557 2 3536388296 3529773379 3486253337 168390988 938321541 2877435561 647000532 616942577 1854926440 3464864497 3665211358 400871236 3322710886
4 0 2 3870 2 3695791685 1027461360 3481721530 4066487036 1277860316 2063959544 3873882945 1648840354 2865705005 2685927337 4209005709 4008509889 1373871574
4 0 3 4183 2 1101061912 1528047957 3384013737 3223436837 4286672029 3587065303 51898170 974954075 3079538816 593374197 39023222 225148616 1229826771
4 0 4 4496 2 398129657 151906734 624004082 1120717802 2994287528 3480459350 2910046063 1207731498 1650191807 3177003842 358209783 1775629314 834649912
4 0 5 4809 2 3683298344 3946033413 2613399361 4277051171 2537677319 376535747 154836888 2760830507 1629258792 545549517 182095527 2090604013 2474245306
4 0 6 5122 2 3820881216 1814185805 3217126369 1311987342 2686599825 1487160655 3142409916 2307492299 2490799232 3177390840 1137064380 2597068042 910920579
4 0 7 5435 2 2993630111 1834759288 195098512 3219048896 2956172480 3166074110 902613975 2212390898 261348231 2145459678 3582774525 2622987998 13101653
4 1 0 10347 1 1323244499 1978474374 2041736669 520974739 2890526455 3373425645 53564910 1494090027 3197657784 1680536289 2087715396 2748405253 1339890780
4 1 1 10660 1 3004572932 3814837453 3981251900 2679384092 3689578754 1267256488 2666381333 2852386042 1259263721 93109614 834795069 2040951852 1530821633
4 1 2 10973 1 685576261 1203200804 628918779 2778175515 156971611 1002238787 640160230 1208877789 1024794603 3519874075 3809217918 2207991203 3132782140
4 1 3 11286 1 2226549201 3104267228 3037138201 1828743814 1487570851 92284683 2163923334 701362781 2586719622 2228702841 1515411026 2375437549 3852727790
4 1 4 11599 1 1182712466 1646493245 705578988 2905341292 53362596 4182184506 973103939 4127532316 4276730735 1291643246 128839317 713215774 3067655605
4 1 5 11912 1 563454946 329223867 491672094 2067687207 558115776 1301494956 1943927817 2532418836 3434582205 2486067488 3172098182 3720838531 1759403668
4 1 6 12225 1 469445955 1271295140 1193960977 2595557662 790634631 796401875 490126282 1608072127 1538868890 3093000307 1948328626 3581978855 1553329788
4 1 7 12538 1 421534483 4112831744 423824397 3594075305 684848585 1783869707 3588201608 4011810031 1899227510 3466716512 3494100612 1652105052 1954315045
4 2 0 17450 3 1818276560 1418821557 3789880155 3343281017 1716631954 3442279360 3269582533 965812072 1370244349 3185511700 3807668422 1402686476 1658007805
4 2 1 17763 3 19170513 877712472 409622322 1226036138 518841793 2111530205 1791966550 2044977257 258785514 2818059265 3177207438 346201298 944999679
4 2 2 18076 3 2337693741 500191786 3373645356 3515245612 276978415 1485123339 3906476888 3864819425 2555620074 852917741 1275382838 832212015 4214309195
4 2 3 18389 3 632776593 3693431968 301017758 410544965 3170992205 1918372849 3760399114 2151339367 3770465267 1691699716 2208331521 2680429238 154527905
4 2 4 18702 3 1830363769 1046075330 835239724 1843325303 499267663 3508112283 765954306 987650811 3504320214 1401548767 259322214 1146450331 4061628102
4 2 5 19015 3 2150409453 3745529534 728756944 1074781568 191897667 3721813643 2555082 2285285491 2450858672 1834471001 4185064828 3471048729 2696544064
4 2 6 19328 3 4230061216 1097944897 2171530091 1350699420 95019282 4225198440 924095017 429092122 4130426993 3893737272 884791463 3510877946 3879601263
4 2 7 19641 3 2509436267 4006666578 491208316 420015143 285387807 3109703343 769850182 1993643845 689454886 3826285441 857169089 4135491951 3913063756
4 3 0 24553 0 1243124017 1761578094 587935333 3130682559 792314590 1467655154 1329623175 4143937754 3545554547 3444885990 821921877 2572776739 1037801527
4 3 1 24866 0 2940497571 3993033372 4178587075 2759548532 1894351636 3636063874 1602509943 659943690 1346681427 2800823886 1963865336 155477356 1804021328
4 3 2 25179 0 1155518103 1800201572 223457363 302428975 118615870 32017812 224333867 1254334218 3693089027 1049758154 3786110721 941814803 1918676461
4 3 3 25492 0 3527880722 1090628311 1232654064 1120658144 3892236047 684416809 180588922 1317525957 3078896042 2279989895 955995948 112023617 1786793262
4 3 4 25805 0 4001381495 1137952888 41324743 629479360 918308022 2999685290 746574981 3093676938 1350133017 1000721090 430992036 99966452 4031338358
4 3 5 26118 0 996228841 2946199428 3037526643 1005944335 2118148846 1409845708 2765862311 3017752674 3143381223 96102830 4185190179 3324247150 3058517665
4 3 6 26431 0 2703764101 1028019132 983189179 3332272407 1668616166 830363152 184101589 1937065230 4050230333 2153298246 216426805 2207734900 4222337613
4 3 7 26744 0 3028970754 1864572775 2620468608 3472116112 1273298111 3668778423 2291758408 2226920093 3682531366 213935848 4282338886 1530953459 1530133356
5 0 0 4055 2 2075504304 3874666813 2716921297 1015928205 4102029603 341147853 2258742462 792873219 3659387134 4033727255 4105029018 3955518043 989916231
5 0 1 4368 2 3639883543 1871406492 4060830436 1728052004 3566966434 1576638296 2482686539 1931946936 1463408199 964370922 631055755 3059256088 2812564707
5 0 2 4681 2 2129540876 885812043 3132811405 2086207237 1576240867 1025897739 3206940646 1657074511 1187068841 860268073 2501333124 14625635 467430299
5 0 3 4994 2 3353044361 2285232050 2930663654 1324100109 1689980474 70055884 2687311221 2283569530 2485102207 3839864838 1624829934 1868301456 298210296
5 0 4 5307 2 1501661750 1040822775 3400215719 1242103971 2560268653 1740968957 1554420432 3377328357 51304966 1859207201 791096543 3750523963 745647905
5 0 5 5620 2 4037578160 607502831 4110677647 257199435 1031249567 4059032983 461368872 1821699615 2683587084 1233089725 284308030 4208358956 1095082592
5 0 6 5933 2 1379011238 664230581 1555656173 3396887794 1969369855 378349943 2846955890 1478275415 1310774802 4276245 2004863200 2123904004 3665669156
5 0 7 6246 2 2724994506 3288659141 1826964927 661948917 3543278875 2686734915 280082314 2651522119 2683498914 2021873893 1595466785 658827447 3278768759
5 1 0 11158 1 3162909470 1920484027 3321259582 2820468261 3631251230 3081514512 2356674037 260953862 2258214488 3854693018 3370270798 2737951644 1657377575
5 1 1 11471 1 2463897773 2312278616 2371923477 335446545 1146111123 3232017309 3977004862 2205321617 4121459954 3958696053 3134933376 4218526746 177134378
5 1 2 11784 1 3647687694 1227250281 3661398896 3269104558 1775480852 3195117402 217235739 2946367532 169965351 2978718576 121616411 3585045630 1079356681
5 1 3 12097 1 33678602 4015767721 4254232936 2290986043 1846336784 1054283666 2501515643 2241525694 731281685 2721544402 3326250855 2781250522 3580495461
5 1 4 12410 1 1456069141 1842391024 2631476029 4048419897 3766914945 2343971961 2218260844 3604115515 1408055138 1507839147 1750006427 992549349 72080540
5 1 5 12723 1 1026754406 96654899 356664054 971507982 1568804762 2258645200 4197240343 1016624218 338672825 3663408102 2738987331 809459208 1825231358
5 1 6 13036 1 3016447207 1462991462 513925459 469966180 1577976465 1814717265 763747220 2569188049 1586495622 1540486273 2005110039 894551403 943960773
5 1 7 13349 1 2384996140 3691560337 1992485782 1948514848 4005169920 970413430 3414822861 3846089650 389170297 3830221302 4238294272 2301557174 481957372
5 2 0 18261 3 1208015064 2593297583 119988569 2212821062 26350416 200018414 1721883507 182051786 1118681355 3120007836 1796955863 3992065956 1678514487
5 2 1 18574 3 1061117935 560846490 2043355636 929447135 2241648587 1535919013 1275238576 1161216685 1909797708 3280890401 3794502696 427049128 482777178
5 2 2 18887 3 2608671734 2957706885 3558155363 466628383 38030794 3223689938 3234120993 1679228998 1394728687 2916697038 3107796759 4133077708 2307457310
5 2 3 19200 3 3864167125 3805519332 3113326114 935447057 3861005289 47788765 2215868990 1402572919 441301398 4063489551 3500031116 1858337543 367348416
5 2 4 19513 3 4062433333 3071368924 1017805610 3996727257 510521345 224700693 3296786422 3557290061 3437511924 903687765 2445614070 1866866237 2926502054
5 2 5 19826 3 106307882 800007941 1612554787 802902623 2974081972 58845194 1933649801 1785603893 252710307 3887723346 2041226117 2748988110 3417423776
5 2 6 20139 3 2017812861 1714162982 2581409188 3179743023 780559771 647771015 4139515868 1338384153 2574563914 2591191905 2814698894 3513026460 2068201714
5 2 7 20452 3 3850139284 873929561 991714833 2946795268 3330615088 1956847390 2579160727 4278109874 1220088459 490884401 386532193 217334601 3190936675
5 3 0 25364 0 1680904523 1565138058 653603405 1511080338 2117449716 3713428754 2121227691 192647038 350580859 2589229330 1018162571 2138290971 521340290
5 3 1 25677 0 525414247 1344774742 2132341305 3744307174 3603555312 845003470 1105725189 3467562 697692315 1532063026 1179388823 1984819826 3690338887
5 3 2 25990 0 1642744875 132811400 3226579191 2210494099 3082382554 1110926484 1992168433 4158531996 4194221071 1541427472 382314923 1950464150 2217298434
5 3 3 26303 0 2156959371 1917461506 3493343009 2287018365 692905944 1636918168 1780076821 3236967874 4078321403 3895182843 1315816507 2794946111 2742161717
5 3 4 26616 0 2912505355 3471698336 3562243359 3789877435 1041037938 322268762 1166401185 876479140 3942123127 2905568226 1024878715 712309822 199893171
5 3 5 26929 0 3703935002 1614113583 220197572 2006995770 3965956031 1996467723 383202898 2090712669 2882803010 193403659 1272155236 1370809133 399722987
5 3 6 27242 0 2833422297 2724920142 3727645549 623062345 3381613708 2823868006 1763311837 867569186 4285715161 262639220 2121897442 201546903 803527054
5 3 7 27555 0 3121079651 1532488534 2138686735 308518151 1716123790 293665872 1631487510 607395302 2659281340 2584572708 3831136 1637698035 1497080046
6 0 0 4866 2 361289999 3844233344 1197828072 472345275 4081841374 357555908 2800543327 903139732 3265902929 4192389800 3087465629 3632626168 1882713119
6 0 1 5179 2 1923530814 3379102445 1040747889 2237000045 201989165 2124925583 3166833108 2361409128 2452717054 2167358731 84756176 508392693 3387919356
6 0 2 5492 2 1081245155 1460716406 1403409130 2546860994 635788348 3510243100 4129770689 4145022948 427325765 1931266924 1973831559 679235139 1255327453
6 0 3 5805 2 40475207 4265861782 3447777630 2739109509 663729784 3584719158 2691169375 3080180978 37926119 3809882686 2110494653 2335327854 2849563853
6 0 4 6118 2 2365118457 1459078530 720885672 2630096697 559825128 3423325686 2066957295 3362084702 3839352444 3761666222 2981778732 1421842487 3153380273
6 0 5 6431 2 2352300495 3156121778 3066930502 798182270 3268634192 1463558734 3289509349 4280138622 866460949 590101256 2359318365 1504036888 3803665887
6 0 6 6744 2 511957028 1096686697 247386349 2121952969 1299778181 1890891377 2058297136 2522278557 4215152174 3934166371 250148666 933695215 867349381
6 0 7 7057 2 3301745239 68137268 1796569468 1492291548 3900590050 1640279258 599204303 528206946 1807707751 144873842 3380157064 3217984008 1546196042
6 1 0 11969 1 3956704435 2411524954 3349777491 2443161700 2362416511 2973915279 3882800042 3144025867 504081844 3560407293 2578334763 4076057961 1859093063
6 1 1 12282 1 3681415401 3640395732 558215889 3244176013 1572905437 3093930517 2850190144 587906607 4032044266 1060485475 1360832858 463285087 3958584805
6 1 2 12595 1 2839876552 3149430821 147665860 3953557316 2811764748 2613076034 2316181547 904945358 3324818643 2081168698 1245662955 3406144782 328488089
6 1 3 12908 1 1098496991 1170824120 4067447337 3651992502 2471749747 296886335 3407191862 2504932403 245428794 813202947 964800774 1360969435 2185726534
6 1 4 13221 1 2320750323 2340573438 45978185 1668025385 628380567 599747403 1067390974 3043692097 3131263476 951016376 3923454136 744107672 3614578616
6 1 5 13534 1 1954901620 2122484601 1344285272 3578805640 813522006 4242444106 487492271 3935163512 1808427279 2510864070 1018067947 1377534294 4249890442
6 1 6 13847 1 3269597444 3585726801 1523691744 1153452208 1954643544 3357250216 1358162515 426234564 4087211159 1378921516 3257870173 2871291636 239398791
6 1 7 14160 1 3605680495 3289730662 3694345215 3241285557 1998382213 211031037 4187006872 2496753237 2649094784 1892155439 190015396 1916654339 1475062372
6 2 0 19072 3 69813950 2791674185 3012846083 2870887220 2486140180 3647305050 1079295675 483285024 3269956399 3858269258 3691182763 160965262 1071175789
6 2 1 19385 3 1805569291 3421441408 2135358334 2051915493 543492769 1376055221 482559350 1431250680 2565279604 2252316546 2890054718 3126967508 2693486361
6 2 2 19698 3 2642718205 1472400838 2808834952 181848088 707442503 4033000201 3031078536 1509367615 2800682132 1328737637 1362145911 2797007348 1805465968
6 2 3 20011 3 3090984379 2747882650 217027848 3949636891 4075515853 2429291461 3011133072 3143704781 2005045224 645430369 1854531328 2957322891 624621625
6 2 4 20324 3 2203214066 2765961827 1974399039 325495925 2625294782 676522004 1364762051 2176392000 3459686747 932720614 1061828848 506297158 3236027414
6 2 5 20637 3 989376240 641893269 3932207027 4020882895 630951080 634025338 1777183147 1873809406 2298406253 3071151933 1110226059 162770629 277957985
6 2 6 20950 3 2139706012 1914269985 2247842463 1711023163 974309560 966307454 3600537741 2179738142 1830169749 4115220880 4083443134 1101694377 2755908029
6 2 7 21263 3 2362517575 2568277704 1694093930 324671308 1786110349 1090561791 1797607124 1145476463 1926438334 709429309 3550260452 1336057879 3616876470
6 3 0 26175 0 3011178835 3941152748 3167460555 3131133447 3283789974 3146052544 3366794087 2323509320 4060463965 4141657972 3692257945 2619164455 506219187
6 3 1 26488 0 3570905072 503044149 1681076946 2422502689 3053892309 4190442693 2325682156 3254112579 2804316424 3333523379 4090703592 1593197796 1491219564
6 3 2 26801 0 552793139 3303866646 3213036619 313081654 3793523754 3132693308 3905126437 2787852036 2047301017 3705909061 3656951979 1038758220 3845057915
6 3 3 27114 0 3658792351 1360845140 1502426499 1465844223 2274460606 1226172744 1122272123 1707137224 2862733893 1880539214 2711209279 1071245096 2107365347
6 3 4 27427 0 4121438038 778098159 2534102906 97619004 2878545441 1582818529 1880577762 2951197313 683061006 587947079 2793654507 1582573727 2623306001
6 3 5 27740 0 1519571824 3459042385 3709095260 2838639666 46542519 662978895 3221038712 1630419139 4023439136 3225808341 1730077111 1094419522 4245922385
6 3 6 28053 0 1537291381 2316805388 2597383211 1491360039 2323391288 3508231894 1147615723 1403372186 612871839 3764380156 3809965487 300469295 2887518215
6 3 7 28366 0 4194615150 100768535 3134428208 3611870880 690854685 3893775797 4243173600 3651197949 1906197352 1986313079 1494278970 484977151 2309755923
7 0 0 5677 2 1006316163 2352747990 3204345182 1825563269 2992144091 2259460679 285663406 3483309803 3736859632 786813739 3636788216 1895452869 967073455
7 0 1 5990 2 1821222540 539375043 127293237 2995959535 1437084600 789748008 67929787 3653213640 4197070342 2003174372 3775627266 4003944048 2410572510
7 0 2 6303 2 860891506 1170064101 3490908857 2471108245 1628273966 1837368770 1725263987 2171129932 306658729 226148016 4101475445 2862401035 665183357
7 0 3 6616 2 260357144 36829353 848649421 1169588713 1904531632 3217456264 438260797 3342891576 157878213 3170737006 2433801481 437773983 3132192713
7 0 4 6929 2 354880868 1522655991 2343879815 4012321987 2467244706 169830104 3331691997 868857248 3150894051 1255441496 2102993164 1347114278 596644776
7 0 5 7242 2 3231187856 3313864505 882119483 2537760987 3506754586 989977036 972620099 2728975624 247128027 1973486322 4064039207 2599084072 2378128302
7 0 6 7555 2 1256735974 3763613809 1193066909 869830146 4225143260 3510465122 646692433 1271978230 497153385 3814642565 3263108175 3300112318 572070573
7 0 7 7868 2 959047780 1693586097 3144571205 1577321889 2416126040 3572982750 237876175 2239609418 3080682475 2026661336 397955137 3991568812 1923897719
7 1 0 12780 1 4281289404 3619369185 338223876 2909129679 3509509442 1913712408 457189981 3486945296 2782200870 1648138031 4150148654 3283097769 3998961505
7 1 1 13093 1 71071030 1281874651 117110224 360597582 2655478936 4293668790 280643939 2683691752 1866011163 1034910585 1097762665 3529929761 3466611310
7 1 2 13406 1 1013597294 963626015 2806867994 115741138 3169680946 4057303784 3708609129 618084274 1242587031 1623356734 3349570727 1194270806 3129824124
7 1 3 13719 1 2227202253 1425603892 2908824473 883345205 4246078837 3788345477 969455428 3912294881 3713798860 4143993011 60644144 608791921 2886849995
7 1 4 14032 1 509848964 834906093 1151303884 2151483637 645081988 1250442114 2650055321 3432793760 3753965913 3554655954 524927685 4079550586 1425315975
7 1 5 14345 1 3698569412 3002212275 2592831762 1441463508 2996709310 3539061808 4253098083 3916175060 4099756791 3393792618 1206012101 2697194260 532702514
7 1 6 14658 1 686068986 3620854889 2092366384 2116123808 4003114136 54108126 420137127 2132626224 803887061 3610963986 1537470279 913632457 849266682
7 1 7 14971 1 248212598 3110370197 4111927004 671765116 536332862 96475876 2217376399 4289895912 2214507651 549406460 3895855707 3875688793 569254747
7 2 0 19883 3 921301370 2018152905 2858311887 4213595659 1393056294 2739471984 709782229 771370394 762567567 2373890614 1544817095 427431746 1052879639
7 2 1 20196 3 4180774023 318291600 3861412564 2706781629 3107729701 1542411037 115296888 2238556631 1112709490 2149091355 3117897052 4131062244 525430388
7 2 2 20509 3 1154819905 1710873742 1623042680 1372188904 3428278119 516561283 2225144348 3638754379 3310015838 1753665453 2499669398 3193011055 2410785245
7 2 3 20822 3 3599433623 3197231998 3907829640 3842276376 3079310967 2029214483 3734351848 4273679825 1962582027 2603017957 3359385996 388650723 822683430
7 2 4 21135 3 875758046 1831848565 3586080897 2079828001 52684468 3456920980 1838936021 1020825040 1425431695 2363731736 1968637413 1126982530 3820430220
7 2 5 21448 3 2037560124 1224613141 3015840639 197506357 156204718 132334644 4115458725 3518242904 1594241304 4121967314 924894903 2214427464 3159071483
7 2 6 21761 3 2870646666 175412191 167807805 3669500985 4144084672 1665086182 968921867 3752754956 890313789 3963462708 2850364057 2934545788 3728919108
7 2 7 22074 3 4265167210 1369744161 496253847 1148605299 881755568 2910335962 1445530529 2305558642 2204047169 1997542854 2061856789 2294677508 3571688399
7 3 0 26986 0 489504739 4239237592 628640751 488753131 3695751058 1163457736 960244961 921806290 164301875 1764315713 3444805077 816644781 3818901386
7 3 1 27299 0 1164387569 2873148104 2408214587 837443035 2468307890 713712532 1062423179 272777774 3001286058 2319649270 1749030810 700641358 1148802455
7 3 2 27612 0 58472170 633928263 1987260280 1669476764 1540007075 2563941777 1110158696 1855356841 4097942575 1842884839 2159423675 1083719386 3969231973
7 3 3 27925 0 3157892442 3169760437 630323174 1883130125 1444694265 3124984851 2482940656 2155167893 755855234 3782094006 886626008 3960604168 2786783174
7 3 4 28238 0 876123394 3422947291 4146955596 101328140 2656599427 2070567375 2077556428 371657071 2829995124 2451916243 1330126652 2961203147 1961398066
7 3 5 28551 0 1533793416 1703358725 192790308 1389901741 1488544347 988342775 1164454404 3871108929 3304562268 1864307898 3221253830 3254153841 3073424133
7 3 6 28864 0 1664424311 737153058 1475203299 3822447956 756339624 2831783182 1469798795 1664879886 902645299 2291642890 559911753 1129170364 3083366577
7 3 7 29177 0 926728542 1061284945 3690131698 2665269482 4240582527 2530625623 3278349586 1250834369 3123411172 2615977325 447140308 1767005949 510443428
8 0 0 6488 2 29759689 3805962912 4071933192 3509065112 42517387 4074831123 2885409266 3946804145 4156264200 2883026533 3321900134 4139718025 564701264
8 0 1 6801 2 1757453665 1786526250 4243714254 864403942 4141723531 607314641 106794492 3879144113 4113043070 3554726119 1538381429 2044433581 2929237337
8 0 2 7114 2 4182169555 3849863942 1133255414 309508416 21348479 3187995095 4255737094 3069703079 2837333885 3551141826 1355506829 2340974774 2761004883
8 0 3 7427 2 3277656059 1241149836 3241472836 2598351556 3234405527 2670505007 962799252 1785436515 1684352738 1108952717 1660224065 2880511819 3839227894
8 0 4 7740 2 1723587129 190387594 3405535982 1547270470 1793431117 2375376115 743265134 2440396393 1216447458 2961337066 393975703 4055837326 2022179319
8 0 5 8053 2 2899424498 2953753529 3371179069 560852281 2889338368 219690474 2691088307 2535793741 92492633 2447562349 493879765 1642624295 4019639685
8 0 6 8366 2 2891810075 3471734840 2003335872 2915661521 3733731215 2889081955 2926725344 4156611249 3739332130 2783469317 1207687022 4156962823 3489390129
8 0 7 8679 2 16953767 1802874732 1869040740 4272179876 3131511863 850949561 4078016916 2934576199 3344750252 220652353 2438502081 3709915163 3638278209
8 1 0 13591 1 2161111558 3035750413 1101884132 1383959332 2890682540 3001280652 3363582577 1580849456 716236579 2947391210 3744925807 3436009594 1433899632
8 1 1 13904 1 3881020454 3086133327 2768259474 332099412 3785541406 2154880624 2211067189 4148133040 3580316707 1637293955 622741299 1490081067 937262745
8 1 2 14217 1 4162273693 3262031792 3443155265 1400530516 4199458815 3342579037 4224453190 781868725 755462454 4247382755 1517434224 2301930864 583937123
8 1 3 14530 1 1178952942 3683398033 3767068168 3781815960 153986432 1329011124 1012781929 955768844 24826293 205548556 987765729 1053179812 2461555679
8 1 4 14843 1 4118001195 1932200818 2233414331 779418903 253489237 3932396489 3904163872 2171316435 3502460178 4075483099 3214937862 2757873667 2465302308
8 1 5 15156 1 2537032071 1132927586 2041714923 1033558631 344783981 1435553945 2228763152 2546294737 2581879420 3573130571 3283967684 140577956 2686854960
8 1 6 15469 1 3176133501 3129991972 1891725529 2625726918 1811209571 1713880815 1831188684 2714244099 1279499242 972021779 4134504184 3936905871 837265536
8 1 7 15782 1 2117155731 3890435776 1580807775 833900770 3803106541 2282830181 535008300 3314071335 2910210126 4002163207 2977695355 434274533 3751957779
8 2 0 20694 3 1331377871 3122794312 2016141178 1963223154 1320127963 3669384211 2236087890 979306660 1271853830 3805087046 4091239161 994840300 3560519093
8 2 1 21007 3 118520515 2494291542 1016630072 415290710 2783551135 1475506539 1987437734 2692535485 72311526 1620515769 2693412626 3955678027 1980613622
8 2 2 21320 3 3800724779 2498495142 1654372960 2688601136 3251429171 3443283941 2917318548 2938176487 4036498965 2460455219 2277069532 2330058547 3488309812
8 2 3 21633 3 3255257522 1069987807 3245010557 4014401017 503995264 2954374930 4257746701 748766434 2726652827 2488140238 3656729861 2522443739 1016233553
8 2 4 21946 3 921066467 353752036 2901395926 2826407470 925754235 646810535 2266439598 1232509967 1262110660 3235948195 1404232472 2361752747 914268808
8 2 5 22259 3 2393721540 1806320563 363449157 3152748042 2519673920 3782978274 856154295 283414650 227775869 2450618912 746792251 4249953155 2892283408
8 2 6 22572 3 2448837091 2628987384 1062199658 153919042 1666618825 418273553 2667605198 2617017613 1005913218 3613929588 4230684078 3634102175 1341745134
8 2 7 22885 3 887594909 58488974 1461105912 3222888808 1292417883 762520867 1416341250 3190390109 1710216310 892497841 516112892 2730523621 163253606
8 3 0 27797 0 296641082 84256817 3946372762 4230069033 1770081805 4274204453 3500000926 1988371035 1709568914 2433762037 1236503665 1419960347 2563860959
8 3 1 28110 0 2761973060 2763482591 1358083248 1200895776 2461030109 3600592505 1432542906 4285424153 2672913092 1910140173 3910372994 152252318 631145172
8 3 2 28423 0 1154170104 2754430585 1852797052 679821074 1530422615 2686434647 3423991672 1584742259 718645955 2345342201 345645735 3243828215 1535800728
8 3 3 28736 0 372856592 2086432749 2365937228 3159070679 2232958471 1231000761 1904378812 15087923 2515332440 1704894307 3886733304 1014187979 1888150856
8 3 4 29049 0 4209196262 2997713041 1229786706 2589734666 2567703763 811898271 3665833500 1455034967 849768134 269558333 1420396062 4274854794 2332059075
8 3 5 29362 0 3775765159 71188268 1282339169 627917838 3337013790 3614839906 3357516999 2010135504 2649816707 3918570346 3992449029 708747124 3499585346
8 3 6 29675 0 2261936409 925542750 2568396313 4179927760 1666206726 1200848252 3021456463 1751247930 2304413932 134519990 2363640875 2874010218 2810443996
8 3 7 29988 0 2341003296 3814525859 4092093176 532777110 3713218791 2401735911 913489580 1235876507 1841410522 3189512057 1388153434 1987940123 3369234633
9 0 0 7299 2 3888986743 372405882 1787412081 2767527935 158367030 3323051689 1253629424 3893072991 166255651 2504613962 1825091491 3124911757 2822140840
9 0 1 7612 2 903534493 3224295172 3763690043 3753612225 2593624548 3728445959 1032808630 4179378857 2278541013 814342164 3386384109 305374859 1488005150
9 0 2 7925 2 1452751265 1338058152 1525625511 1795697093 1157876744 1107307051 638986434 130049213 496328097 149784120 1095106777 708820135 2772317178
9 0 3 8238 2 769123588 3285349269 1079019492 3806714748 3998686763 1879352466 2851698771 2642351772 2650843200 1526885777 1365542144 2323847798 2143249291
9 0 4 8551 2 3192491680 33357217 1934734584 2435312312 565802055 872693006 2089615639 1390845848 3057063860 2323260605 3939496868 2745098042 3905322575
9 0 5 8864 2 608936450 852288647 581936518 3480148854 2024503465 1901694104 575295929 628689990 555091482 2837167115 3585578626 105341332 2055899633
9 0 6 9177 2 4270920920 3399882169 2484320784 3372213024 1668593951 758929110 2878137631 4255426992 466863084 3599208373 3140504620 3978361202 2939844967
9 0 7 9490 2 2220015540 4086087333 2576983988 255355244 1041152091 1319065794 3045863939 4050245516 1512407152 2480218945 1684175344 3795000998 3496162107
9 1 0 14402 1 366578388 2075096517 2646914435 2063513273 827005565 1201993004 2457703717 2573692666 1113385142 4085867887 1087419022 2289230560 3245378941
9 1 1 14715 1 3017807171 3143210758 3129993078 2409092486 3891888664 1064092859 986429650 2262349453 911811025 3173144840 1613176745 2086856567 3815556618
9 1 2 15028 1 2304581786 432585439 1342558813 3141591987 965180399 2498521062 1075304623 1340815104 3635838172 3024322821 2243430844 2186024322 2382922743
9 1 3 15341 1 1784394965 68676252 47688324 2626661596 4126159494 2799576569 2471263808 822047471 1369128083 459236186 501415475 2240333917 1032658680
9 1 4 15654 1 2326969585 2238880728 1920966296 1272959768 2830887570 2241523957 423926468 3833763435 3361092999 3619923590 1571079959 1334986401 923083964
9 1 5 15967 1 587808870 3264025595 1857923473 3476925407 1300354459 1381219714 201066371 2806863308 407469648 3973054145 2703829744 3065155302 2626784891
9 1 6 16280 1 1638570341 2382570380 2752776756 3606318892 1743889814 1189998345 4170859664 3469584319 22199395 3821602794 3802189251 2795243629 2993932424
9 1 7 16593 1 477685385 3121682000 3145005456 2847412192 1515363274 2425546653 1180045932 3994208291 2217652383 1011410142 3234638783 3853179705 590538932
9 2 0 21505 3 1214229632 801436433 2940513638 282194198 3597330591 745299078 1338491295 3387668880 1477837564 274051925 2203269228 1251692098 2672627175
9 2 1 21818 3 593351688 1283001849 2727212270 2036823694 867100151 3635356814 681027655 3899948456 4226688660 2973062093 252830036 624682522 1153566527
9 2 2 22131 3 1629348819 3324029894 3485453463 3570129749 3133750746 1828124829 1709617596 913717907 4131089503 1302193230 3113358031 2262304345 4006422084
9 2 3 22444 3 4293135638 4154141211 496875476 1293022412 1123829301 579019332 528272205 1149228722 1623877374 2521225511 2311631094 3824967528 3328209333
9 2 4 22757 3 222372242 1510126215 3002452328 2201511560 3685487217 1362479136 1376114737 3543030734 1579205522 3598275379 1591729082 1997789964 2327595449
9 2 5 23070 3 1817315392 1802616017 1396747686 1493356246 3116148959 1075505094 2809960671 37773008 2093964604 2206468245 3116215212 472768642 3770572839
9 2 6 23383 3 2210011308 2048532621 3143227178 3794656962 268610219 483174882 2651166419 984281084 4078573680 1015378353 2677662144 2983163302 1432181259
9 2 7 23696 3 2165097190 3579673419 3877436804 3083465692 1374130181 1568934420 315838557 806080194 884847886 3809969655 3434616006 3622527800 4105708805
9 3 0 28608 0 1672890555 2820319598 2902842048 2028514416 1132838253 4055585388 744208917 3053264138 2550010870 3664589087 454751646 2541258912 1526036013
9 3 1 28921 0 2538804910 40019923 3335271707 674590497 1725771074 2213974933 704779508 995975483 3664418727 2311884278 1619465191 3423148481 1753245548
9 3 2 29234 0 147105776 3206971937 1868649717 1232928315 2232651348 300948295 1005381414 4045801657 2604486517 3300082948 1899152317 1462971851 442107086
9 3 3 29547 0 1386943055 2895190274 1994955484 2167719236 1727815449 3038182712 533919529 1574019606 3380719450 941740475 329489042 2360349364 3428276001
9 3 4 29860 0 3646547184 1824388897 1300839413 381553467 3605015892 3608174663 17640486 3058060729 1616745589 2312342020 911411389 475230923 3749333454
9 3 5 30173 0 150459977 4016221664 1600912542 179370526 542497931 2191439618 1921169715 1874725596 2751884880 2692388849 2230550400 2473649894 3305243435
9 3 6 30486 0 4113087549 1196915668 4029118122 237376642 3029749127 739719614 356981335 1765146168 2823690052 3024238013 3943079108 3169022378 4269465935
9 3 7 30799 0 593260116 1827485941 3226111297 573230127 943592480 2787334115 739792042 3026852277 4082021193 1599153712 3040364961 4242601135 1138146098
10 0 0 8110 2 3310160261 1818311064 1108110296 682701897 3247574400 1121804176 3711029301 4133027177 3358581823 272286615 1756120405 3554326369 4018281314
10 0 1 8423 2 718096862 1749270613 736359847 3234711593 2632808093 2533438371 1355617880 2569231499 2972755864 1616706512 456050314 3333520989 1461399508
10 0 2 8736 2 2417641199 3734258786 3249711118 673179558 1323864298 1699617330 207300839 3899219578 1962921565 2025302831 441002757 3777055757 82775930
10 0 3 9049 2 3827195530 2090340393 317724741 638651553 1488435803 1103168579 2049540642 1926472311 2376432604 3085962887 2611814908 2516938583 1902037268
10 0 4 9362 2 1884218207 2734204856 2556068554 2091776441 2135508946 1059133220 2541958967 118447349 238328097 1845867493 66720351 500241957 2754563731
10 0 5 9675 2 456761610 3523981683 680316203 438301223 913100149 4078154625 2846640276 3103323996 3346747976 1321286380 766824038 623018354 29851129
10 0 6 9988 2 1308754805 3482607258 3839354070 98898222 3030474236 819295426 2286438267 206297600 698049387 436554550 3259719758 3132120620 1597999501
10 0 7 10301 2 2851765636 4229452605 997909113 1336294869 1612396047 288674607 2433222116 1879889727 2316481952 302988043 3522819169 1249501197 1899579035
10 1 0 15213 1 1415945939 646292154 1684268623 3596078536 1527374129 1589205797 4014825148 981290927 173558084 474193309 3914962580 2275169867 3219560520
10 1 1 15526 1 74517824 221102695 2830571906 157630554 783056406 2358117408 3814326777 2424901406 357522957 1755414454 94933829 395589142 3274410153
10 1 2 15839 1 696703327 3242414032 3370543167 256802306 1878057393 3637631341 1604111272 540798875 2089668136 4117229932 1250135339 1287476712 1675417761
10 1 3 16152 1 2284754632 3967616791 1986927602 1844501482 751620518 3911386920 1683969181 1338434168 1427933075 3004666364 4171816889 591444382 140999693
10 1 4 16465 1 2413340933 501612904 3971131037 1216776537 1894044055 3612954117 1833846664 1508066701 3142756174 533359963 1815431064 3000940388 2102890793
10 1 5 16778 1 1766953817 1638366962 3889845407 218245879 100315921 2193677171 3169395890 984642871 80778142 903386535 3279715840 3969498760 2739524555
10 1 6 17091 1 2102732399 3612933118 2160190343 388797379 1101960073 2730771627 320726416 1222975463 1009112198 2319924883 2539827992 2347755333 2052104009
10 1 7 17404 1 631554147 2155866354 2428322523 396699255 3202107453 176979451 565339062 961245235 3514407130 3586032099 2788798416 1347330163 3968927971
10 2 0 22316 3 2587944541 1417097924 2655952798 3987732549 2342619319 1243629743 1095370 3403423311 1678079946 320506637 1129582431 2827175831 2842692175
10 2 1 22629 3 2371116649 1923384050 1812803956 2600942100 1775706655 3706365879 2748168670 535829179 5840482 702045825 2522422880 1388910629 2702924656
10 2 2 22942 3 1413195080 1444185475 2946377529 411338005 1940311124 3699220778 1902368883 1426637960 2635695017 3239334862 3313270162 3674130128 1583964021
10 2 3 23255 3 608157421 697905074 1814946352 4142627348 867208019 377497275 270932500 2634686217 4209383152 1556592293 1740578476 3079577339 4284640044
10 2 4 23568 3 3714954090 896691131 2422941045 284972975 1650252824 3214568410 284139379 1331651158 2407679935 223690299 1322606077 2967342993 3214007975
10 2 5 23881 3 1898625283 2025624764 3187504086 2066966574 883018893 387417551 71959060 3592835747 4060583770 1775052067 408948287 1300683941 4018176866
10 2 6 24194 3 2197401090 397472933 1135655803 3654935180 337282398 574632592 3167745109 666423040 2084355207 518652462 459366320 344907684 2836209426
10 2 7 24507 3 2958686513 263696460 2616708614 292352958 391976339 4228870533 4012299550 3965422725 3279176614 3154285309 2432740670 4099267907 3071559620
10 3 0 29419 0 2466881974 2424402139 3378958812 427803464 3051368043 320678913 4087198966 540246461 3142611494 4062787443 1462033701 292858011 3156723564
10 3 1 29732 0 3820636186 3337551705 3333641622 3443299360 1716673719 3339989591 2949245852 4106611503 3928265674 1161203931 3593975481 1264583861 2334296256
10 3 2 30045 0 1170190123 2652677226 613924561 1513152141 15318840 2354099400 3301609637 2247809160 185328285 1071742347 187849027 2097100232 66998865
10 3 3 30358 0 428109499 1342496830 3983884567 1000577456 3452240712 256650780 4089824745 1018465198 1739011415 3506912512 1089723003 773693051 2089325683
10 3 4 30671 0 3074128703 1519438882 4184328639 620026754 1260485478 3049891052 3174583967 398142082 733861545 4127092377 2592840694 2998416497 3916712076
10 3 5 30984 0 3097643461 2605668252 2395647843 2773721631 3867809320 2489057222 3877197647 2559491122 342712611 1587220526 1499470125 1866507012 3648023127
10 3 6 31297 0 1454305385 3333455404 740006131 1860946063 2261673406 492080456 606265729 2719110748 1796645427 3835985192 3535180131 136359432 1076411465
10 3 7 31610 0 3953105312 1918802943 3272351584 2244462896 498620733 2557645917 1246641060 434764189 3758378980 3789803145 1704804755 1361091571 108274627
11 0 0 8921 2 1095765555 1276115334 3355524590 1239172362 2826515012 2996928019 3165460605 1526545269 2769267611 2402864904 1906635983 3644631797 3149097039
11 0 1 9234 2 890990325 4105494396 1665924632 3489470860 624897999 3550461216 1398979021 519246337 1766247237 327643786 1416789283 3240501759 669148192
11 0 2 9547 2 518054322 2169947059 334406951 209849601 1349030281 617996183 4052751096 1430364661 486171638 203791240 3077624982 437723454 2297767796
11 0 3 9860 2 1996921502 403939175 796521155 3005166889 4272936855 2948839500 4084606278 2740923030 4025840483 389419996 3137528504 1284582896 33154210
11 0 4 10173 2 503049821 1692178530 2443946736 4212165876 3408856708 3603363349 1798604889 1571723715 3555219544 1704592325 1844771094 610746164 2731018878
11 0 5 10486 2 2071133562 3535020339 2316196791 3183214511 3510776922 3653235000 605593449 3689867589 722323618 1291101247 1610462841 3717837589 2378940292
11 0 6 10799 2 773534191 1546392120 2717303638 1696702612 2300875165 1712107476 2063422724 2243779163 933206494 2734978233 3536032966 2814532373 3760151074
11 0 7 11112 2 2676831693 3942837056 282383268 3369509058 294763758 2431651989 2561507115 2631418968 3776952329 3819531332 3757920278 3380601390 1628536819
11 1 0 16024 1 2555878764 1625647611 3330311244 409499356 190596588 71233301 961527702 3107438391 1305156562 3508723793 2557436216 3814076907 3457768189
11 1 1 16337 1 3787676206 3046689499 3759966134 2137227312 2879266176 3223680526 2807393134 3047224696 1565853604 2745288885 2792873709 1004090717 3093539194
11 1 2 16650 1 393003032 3743897965 421021940 636346512 1869603390 3046387269 2058519265 719733712 3074621183 281487101 1580973128 347664280 3912845263
11 1 3 16963 1 3150044282 3165375819 3803475014 4106405320 1777475849 9958604 1303598468 518487747 857693554 687010213 2446363872 3100740104 2380973080
11 1 4 17276 1 1604041690 3697213605 2193642186 1920445482 3292752688 1347813964 3215841451 2679107241 4018766715 2075750787 23708687 851405328 3650565111
11 1 5 17589 1 3251690562 2121543593 1000687342 1285797658 2674607668 2431370035 999309177 2796491543 2692833031 3386834466 4277398228 2653060140 557619063
11 1 6 17902 1 1995732595 1404385824 669231275 1898229441 3315546894 1198101155 144983462 2860299863 176509154 1250535198 2035756904 331706833 3079944356
11 1 7 18215 1 3004849821 1025726272 1018080053 999467265 2437130660 3065617010 3636057877 2051628978 1255651050 3381963234 1868103139 518417285 3940777071
11 2 0 23127 3 3032321183 3718336206 1398816700 2233865232 234023653 1411022462 2404492805 648162954 88415843 3042258136 2653907367 4154223237 1045345909
11 2 1 23440 3 1761798604 3780218487 4234584227 2373128599 363972870 2615315770 3713585128 3184901596 2988750992 1557794680 1851313191 3292576006 2311097890
11 2 2 23753 3 2851991034 540897319 3178572089 681583097 569246317 306467314 4177144201 25204490 1857316696 343775596 154055517 569778626 1097813724
11 2 3 24066 3 2958375864 1324363887 1643620195 397325603 2283508639 3342324278 2989061709 499012688 982759762 2458740315 4132600246 1654998405 830829626
11 2 4 24379 3 960207708 1401420675 2067773863 662524375 3587757468 2467729015 3231693211 2717125769 2438519314 1063484769 2757723297 3300605425 622513229
11 2 5 24692 3 2361242453 4123931048 3185094442 668779336 775299177 646199526 17937571 944359048 2300793378 1282548240 1482056904 3858713298 2420917381
11 2 6 25005 3 844389527 1804297352 2125072316 2884774682 4089695028 1277199427 2512423495 2153546520 1842603933 2420098916 1053739477 4178329330 4182818765
11 2 7 25318 3 410723492 4218888395 3159764923 1558307029 3002258430 1097175448 2672005598 3831409292 4263001181 2572265086 4095867761 3317935391 2552442576
11 3 0 30230 0 1715668849 3945711560 437587771 2679464675 3019331754 3142684633 1940725650 340554605 402531713 2424793705 3608071821 1978390347 3362265353
11 3 1 30543 0 3650080419 4240811544 3809254249 4267357427 1613931975 3977595894 2606683252 55435633 4260667078 4005949802 178234077 2849472298 931344995
11 3 2 30856 0 3564000175 2521353494 1043288249 419715435 2402132288 1726231591 2501386529 2693032537 1193015939 2003083032 1004255980 3452723264 295612586
11 3 3 31169 0 4014127637 3684578324 3313082083 2313082053 1124059232 2924721662 4216825349 2693216861 2710293145 4176830872 1773508640 4107075286 149999132
11 3 4 31482 0 4260307312 1777743043 2304955850 1566282786 2317331793 3014009799 1104882127 2192089773 3079289252 769335790 3862089889 3965293366 2159100720
11 3 5 31795 0 273390774 2502775297 3927213428 1221189748 154709235 120296978 3697997719 2510480066 3507548329 377345460 1424032381 1009377053 1708959248
11 3 6 32108 0 1720064283 2990476402 3819455865 3014618041 1300047946 2540218476 3621138249 3602678551 1704614459 2879352502 2383020043 2438390900 2837650957
11 3 7 32421 0 3275406395 792684650 166559525 3439790739 4155012440 1552617210 446858082 1531339889 4112509594 3867246901 496484982 328003194 1272527563
12 0 0 9732 2 3495338826 1594677601 1614652631 2687441771 3947478570 2823735971 1459463922 324416355 369672962 2898315800 3586676560 3314357271 623242406
12 0 1 10045 2 1957575316 1794401587 980021289 3651208033 1417174115 2608510505 1634846886 3964078509 3449776910 3985259656 2309456891 4184414888 4016423791
12 0 2 10358 2 2961961330 1830099543 365236167 2864126745 1808015713 2161149244 1522231384 1290563075 2203991630 4213149999 2045107837 3016898085 3014954173
12 0 3 10671 2 599678242 3451091567 317585815 3846217353 1212423987 478667272 328147515 402483382 1221805879 2508476405 3116070447 482597515 3146966872
12 0 4 10984 2 118064645 270216530 4256917752 3452254148 1916108760 1664057799 1516831166 3705708480 3589743433 1279357854 1487647364 3845131280 4024806006
12 0 5 11297 2 1417781532 2455584523 2662296457 3243495293 8765968 844847632 4037841213 119597689 880559629 2387536089 335491028 3022730954 2336722798
12 0 6 11610 2 277788577 900567380 2878836564 2410115020 3313306460 506221743 1788456832 837901533 2917914115 2381458465 572096001 4252257875 3056403038
12 0 7 11923 2 2202857379 3181755570 3265918866 3811060294 495325996 269568464 2510381369 81622943 2896234787 4131278729 967555211 3972147801 3558980736
12 1 0 16835 1 2543928395 2636560198 1691258599 2763555435 1928073454 2960441159 3660988596 3418635511 3643104420 3403736615 292871523 117461180 939255047
12 1 1 17148 1 978050603 2224083084 719131559 3210309939 2291717532 2723430692 3767912357 331388555 1749551544 4051033423 1427208514 409658368 1130506768
12 1 2 17461 1 900916933 1754465164 2754285265 2225722793 1829341251 20612902 2269501964 4161523643 302789054 2291756311 1343880552 1552505901 3007174544
12 1 3 17774 1 1274677677 3309621966 3534162193 3545768895 3442411845 3164937651 1204953431 2577335183 3512188615 3600072958 2672146098 1041793084 1528191688
12 1 4 18087 1 385287867 821434686 2174585467 2094705979 2729557770 3945206764 4016901689 1209308584 291201736 1876935728 605743144 845348241 3315206506
12 1 5 18400 1 2489315661 1081602346 751517957 3651129345 98899018 201320198 2135966702 3198296738 286599903 114241608 2181852887 2520292810 4286364760
12 1 6 18713 1 2923495814 3132946049 3083508738 3040533570 1365093562 1216427024 1558873124 2101370089 3342645790 1702663573 2591343735 3134291809 1442579399
12 1 7 19026 1 3839098964 942289919 14351960 2168671964 4214477318 1276899885 2506672970 3475289114 3388525190 112806137 3391786100 77214899 1772233046
12 2 0 23938 3 2133690283 3655116676 2164556472 44653016 427083941 2819194787 3835894106 1332155522 3791480386 1454094619 310760631 1298729191 3470025711
12 2 1 24251 3 3041359364 2790689931 2446399327 1986709629 2457368081 3407451186 1962249660 1288201892 3069739314 544883847 461441778 2663031769 3297316148
12 2 2 24564 3 3893985607 3994670840 1125490104 2902089860 1096474234 1545334153 1836637913 3939997597 900780781 3573847756 1531877151 3330061962 270695305
12 2 3 24877 3 1225517730 3828533823 2950060257 4264877947 2885898705 1244774592 4227005571 215969676 4256800877 1611315671 3643438141 1271270994 1673617973
12 2 4 25190 3 1155563365 1080371708 3021364018 956456964 765634312 935006543 4152664497 2460020331 2016145693 1282573640 1291636025 1043027378 2570813133
12 2 5 25503 3 2630782719 1052579752 4285608156 3809471334 3487177052 939091792 2933301980 853501034 1800384721 2795475833 1964009083 2897120032 2471418603
12 2 6 25816 3 165821646 2939849489 3934026509 3401403745 3664373519 259971976 2872404281 1724889832 958816089 3973271002 2412900718 3888141165 3123020788
12 2 7 26129 3 398648873 3850443994 856235758 29367174 3617204446 1032713439 2356918120 3943414828 3184507498 3190916853 2682744402 2049130187 2667446574
12 3 0 31041 0 160853846 726102569 4175944628 361743144 719872851 2559292597 1685584016 4244086764 3166559425 2441402416 2238129338 1330200776 3197927238
12 3 1 31354 0 1926851188 2912145749 2746937682 2427632466 391696546 3214995353 1518530249 3667419330 4067614915 1750160576 3052314878 1778419508 2449025208
12 3 2 31667 0 1563229836 3774736351 1116064486 3915206400 691285298 2577258221 3213683498 4030623255 143417061 2419059536 244861854 2035311841 2900911405
12 3 3 31980 0 3205241892 555885893 2111526730 447939662 2810210848 1375110669 3888986853 1626812518 557809863 4043897291 1975782925 2002359463 2915239626
12 3 4 32293 0 3102195450 3852952807 658106732 1683886404 3435713840 1591372095 283511344 341647965 1663932272 3461508386 1476631960 134179851 1612049088
12 3 5 32606 0 124875294 3636507401 631817044 442404636 677318328 4082084933 1852958525 130952620 3334931503 462733853 1116773359 2803758977 648036263
12 3 6 32919 0 2388405936 606538767 824431598 292599688 1116133052 657142609 2832649743 3686498194 3359918991 2344801618 1873963440 3900804662 2557598353
12 3 7 33232 0 2698221186 1747524665 2065784064 3062517926 1526761167 3165016123 3654734220 1581109162 2625715272 217500424 996351853 2824140066 2446211781
13 0 0 10543 2 3107677428 2382411755 694303203 3208604319 2727310271 1428423895 1279953950 2265587355 2066756916 4238778999 3493023870 271269579 4241482795
13 0 1 10856 2 3933651819 1782236668 2454554396 1152796476 781828850 2132566836 801798729 4262280332 2239339431 1154013050 3488071376 3803862211 63080426
13 0 2 11169 2 1037521218 518159229 2797897853 3037101858 2048590969 1809778125 611170772 104318617 262678470 3254428729 2861327602 985770605 446612814
13 0 3 11482 2 2313971235 2513031976 2194407832 1458823179 1548940820 4252047042 3628340951 3349440346 2756234461 1482981328 3944485572 348545608 1856491893
13 0 4 11795 2 1105163066 1458115841 1705135053 2709076201 1603167265 694103757 2583625376 821906461 2240606478 2361906843 2461989285 3379092786 480088497
13 0 5 12108 2 1261966059 601511062 1045167638 629531677 2516503156 2567177238 3831904107 416124358 630658335 4018647908 1191523588 1726272581 1679051208
13 0 6 12421 2 596724832 2223762683 2089400389 812006879 3612024183 291044975 1757139182 1857182967 4011280676 4045091576 4264665336 1661208616 1599983504
13 0 7 12734 2 73436847 3877839518 1800102522 2238452594 696357720 2181704448 1605792417 3789370226 2443143039 1703629319 2333625225 2332124911 3628503626
13 1 0 17646 1 402043665 2363017560 1264828181 563855418 177830873 206652897 2468575208 2897058079 331131796 1481517919 49073930 4237213797 771043491
13 1 1 17959 1 1293859211 3701552350 2897297047 135233139 4171245785 2692069601 1155878810 3090711873 3058204770 111372985 2613444218 2755689417 1933492034
13 1 2 18272 1 2806320968 3242846167 2807805026 3939554810 2442948694 3569410534 1120017039 1472452528 600699209 2445793115 3973453045 1300192173 772278959
13 1 3 18585 1 3004209474 1525130285 1604996496 2549555331 3003742856 346184400 1272915749 675926842 3027897441 4181287156 1512774188 2651624383 4103258326
13 1 4 18898 1 1868936168 1529991481 1948188224 4132484304 484203570 3020545544 2150529979 3887323880 1514939347 2510304734 163644227 1096046094 764178517
13 1 5 19211 1 3008020435 4188916970 2319892739 3514133887 87888053 4151386241 585595744 3873458373 1870060080 2031328337 2208189638 2544295817 390799218
13 1 6 19524 1 3544991781 236414306 3525428939 1891739655 3696488319 4278842731 1825228274 4023906109 834690684 286921913 1307511821 1429231160 3853335405
13 1 7 19837 1 1950168205 234810858 4173364457 1951768075 2418556325 2955017777 1339854600 3654123035 3364508816 381310122 201551324 1817974171 2849659438
13 2 0 24749 3 3655477075 1313774236 2449564954 4235131305 1593487737 2739636559 309817616 2700721315 1592216066 1873505202 932204869 316485554 3580792267
13 2 1 25062 3 462064856 2005586741 1639877923 3216450911 2623148818 1632868122 1620258865 2865653178 3679999775 1167112552 3520397059 4239745965 2685393033
13 2 2 25375 3 1147279247 3809410842 4282146476 99282092 1101490295 1795273195 2977921186 923477541 2151186502 1540133217 598869936 1232981642 540990458
13 2 3 25688 3 471515536 2983945543 2044901485 1717527113 3117389896 1527121902 4018306719 3064758970 3053997343 3855316134 2923557183 85625550 2025948457
13 2 4 26001 3 2780708224 3792047135 3577534341 467486432 2783610716 2655799258 341532427 17483630 4120680463 148422530 1000776567 1156814026 482024725
13 2 5 26314 3 3248457319 1932026548 2055368670 3034925462 2797035157 4008142881 897852288 511222119 3061074612 3031165235 299386120 133604165 239691922
13 2 6 26627 3 2525936317 2743000340 1045871454 2154216726 2363619285 1811780321 4218234560 855121019 3023267582 2603876385 4240234234 1189335125 3991194026
13 2 7 26940 3 2153060305 3539539356 301086504 3226142188 1088645519 789089429 1335678052 1432479223 1925524268 2457834465 34943845 327390345 2635551916
13 3 0 31852 0 2521390923 2847672712 3929100255 1900743931 2089086626 2665867164 1818104717 2956701616 4217719619 3750358122 3113595999 3583946176 1390946117
13 3 1 32165 0 2395219722 3462594631 31470696 1596971704 108690679 1960428623 1967740970 325247013 3483017768 583296114 966881396 1186023101 1361539370
13 3 2 32478 0 1814680316 3338604735 1264070128 3359738336 429274671 1254406375 3821227424 3354152357 2428957070 3560006339 2543861274 2217259359 780943096
13 3 3 32791 0 1766261191 4272952620 2962303931 3130122137 49250526 484228080 2540822421 2214040432 3497460865 3549435844 1541718539 4102902996 3118951540
13 3 4 33104 0 3393448034 2153379003 1521711424 561704350 192719323 1584853491 2573585584 2186434347 1165127790 3884444567 384612690 4046911248 240681240
13 3 5 33417 0 3835216411 3481039678 1416426981 3434590849 2621772292 3911696628 3603184247 3390634618 682616831 2764340944 4098717603 826138570 2098765406
13 3 6 33730 0 2552595427 2651483284 217511499 3525457287 498850032 3927083022 75582605 251950760 1157568077 1790040626 3704388897 989929716 4125534543
13 3 7 34043 0 4133291620 1543819389 186069706 3158264230 2651088185 525999829 2895314750 3765907303 2676597152 2990992722 703051578 2992301601 3080646498
14 0 0 11354 2 1370134063 451874508 4097219214 3325862926 4138553985 1729787922 4270873468 2907122004 1639788778 1897770189 2797288583 3271136832 3544747151
14 0 1 11667 2 1682589169 970615424 612704392 4099874596 1745681881 4024190154 2856873082 370215702 2806206072 354758690 4238313958 4225761953 3891247805
14 0 2 11980 2 2996436274 1689749285 1433015303 2764006245 417767813 1045194671 2347406034 353594515 1953007705 3430150753 2251169203 1364782665 3684409232
14 0 3 12293 2 415145268 2590901853 879722309 2476104255 1688297128 2693057084 2539564932 1388125605 280854115 1921068441 2071371860 3905314183 4130533204
14 0 4 12606 2 35553750 3384054233 632951651 1538790145 3818194220 3718892117 1829082853 3583405852 4178185823 2788012607 2923155985 3671081026 4001223605
14 0 5 12919 2 3883010492 874404417 2696387337 1248307937 1571485087 1716430481 922279995 3000270240 1797388139 1993152043 2967459719 2678843971 1963902211
14 0 6 13232 2 3304640114 553487295 2524388331 812571387 1435609694 1787597232 2065397912 3792108590 3974809624 4161078646 1589348254 781892099 3277850845
14 0 7 13545 2 4051017782 3914374789 683429711 428136363 1597420634 3585067925 3220406090 4002178386 369835030 779282073 3653315240 1129990221 4151274454
14 1 0 18457 1 1898442623 1149413768 1813805415 2942167037 2887305617 971737077 2564953279 3120542967 2898474779 255950374 837898655 2181906436 1353997855
14 1 1 18770 1 836617399 3113703654 3143970955 1318313497 2822488085 3604746941 2470759606 232637032 2887441730 2438542314 499809773 2999143566 2135094248
14 1 2 19083 1 2514008886 3451485051 2395759614 2657573954 2973343813 3431940218 2624579200 3119920719 3522085674 1348095537 1536661480 2841406371 4099225010
14 1 3 19396 1 3282931189 1480406980 4278458109 2592487177 3067144940 1226407411 911093770 3604120921 3687691422 1003439894 179482766 674450790 406238546
14 1 4 19709 1 2446737903 1639773904 3586346875 879773353 3338955057 3705845515 2443014014 2225477769 2047486944 4215932994 2107200331 907949316 167453527
14 1 5 20022 1 1031021988 1644527735 2802096152 366893500 3954964361 2628738140 735726912 1281322253 2858191528 1312375471 1790625967 1388011524 950070951
14 1 6 20335 1 1583344827 1520846690 931163811 3186484955 2286322065 3716607505 4144207706 3143443748 853028361 3857063113 3922060215 1031880606 3571967539
14 1 7 20648 1 2279305279 3023653642 3589672079 4171966595 3123926770 2663237702 104807972 3372095834 1281081252 2466813049 438543428 4138758176 1945057318
14 2 0 25560 3 2791002687 983360698 1246451888 1101119772 1448077032 2198801072 3357329307 2206441506 1093372770 3149289895 553975861 1257559307 3932650925
14 2 1 25873 3 1817444425 331889056 4030638982 2690559030 2068774860 3926312488 3281503640 2362143606 1723767131 3739928422 1772483218 4029052798 1942276963
14 2 2 26186 3 1583239481 948241590 2081317998 3896025178 4239634976 1414673591 928980933 2451566678 1180193042 3159518100 3996559834 1229111338 3333059767
14 2 3 26499 3 2714168281 3029749946 1755659090 1639289382 2974953920 546409807 2519095399 632313447 2425565176 531972215 4190725967 3714569164 2873148391
14 2 4 26812 3 861400541 1433858802 3937796494 3778910480 4208227007 3249666193 1404528754 822889337 2027327283 2800948305 2434794908 297181978 4205056188
14 2 5 27125 3 3259660643 450880520 582223872 2736292378 1516604446 2386351815 1765775376 800067831 3615405787 1932488719 1065909911 1957241573 1408408201
14 2 6 27438 3 2909927106 3704512383 4164408293 3656097453 3984519178 2476273526 1990770099 600247492 3029717975 3749173386 3726401654 401568764 386648965
14 2 7 27751 3 1132769188 683625773 1013684427 2063554911 3128037895 2852589336 3584107640 3538565381 2392959326 2042203501 3178756713 4174146875 1097352037
14 3 0 32663 0 3226862238 282820293 1430806656 467410388 466285072 1950570856 2152845999 2032919272 3037049955 3385657472 929813836 2684956492 2834800138
14 3 1 32976 0 1265639 4115790784 3130667641 865937467 3653174087 3709848073 1951001844 920765563 1707478954 12094577 1619162731 3078786389 1829352211
14 3 2 33289 0 3221576132 109225145 4236667962 2614995972 4210979940 664313868 2600702335 998646301 470827095 724745712 3269712777 363438655 525650220
14 3 3 33602 0 2948899741 3730512732 306232803 863028167 3058593243 1514460986 2746053684 3090044732 1325355364 1145357881 3127314617 3209357991 1894171165
14 3 4 33915 0 526313345 3316387272 3446141307 4257612493 207499121 213541504 1813778369 3486317118 2879983137 275936898 1173729012 1590443564 1088379072
14 3 5 34228 0 2818078382 102888711 2371246836 2771077278 1364024666 1666372665 2901295869 924377784 3794652248 539253408 1581783456 2299574793 3390103318
14 3 6 34541 0 2677693207 2340967314 790840873 209788779 669551571 2622939352 2098575581 1935401235 469388239 1366882237 3430966145 4227266676 2104584783
14 3 7 34854 0 1131698924 2570141979 7073522 1815988250 3666605872 258799905 2942235117 3774833083 2381939935 1419443411 184833309 2871740443 444539243
15 0 0 12165 2 1856275650 2816933745 2642579867 3741928475 533513801 4089533058 3278320839 1737105590 2476770782 2165400193 46534412 693911677 3077693095
15 0 1 12478 2 3582305196 1694047785 1748411829 1990843335 504520371 2527777645 441753610 1818016439 3682681628 359791157 1814600377 178010145 896087938
15 0 2 12791 2 2858975388 780058239 3822188765 3437986281 3935475162 4196295001 1986355055 2297394531 738913818 3445200853 2944336140 3113044794 1853814308
15 0 3 13104 2 1248463367 3817118044 2306857530 3992197938 2697753070 127188435 2311516093 286347779 3010924327 3157800151 2420055343 3602000426 3999641531
15 0 4 13417 2 1588750001 10025290 2048967972 3061629116 1634660433 116923435 4091844898 185593178 551119854 275696538 421313493 555388526 1918982097
15 0 5 13730 2 432182694 123921891 2305006251 1796817777 3605848064 4246532380 4135252929 3322295768 1743652406 504144040 2679547965 2394438355 38226700
15 0 6 14043 2 2286912789 2049703138 2161458036 520934916 3261989471 955343995 3991044594 850542690 435028513 4254499742 3022891442 972902732 4170504324
15 0 7 14356 2 1458804438 3793760307 1705064819 127843471 446915592 109270958 3990485159 627129109 3672797001 3025318752 2329729005 2556661627 2029589409
15 1 0 19268 1 905935696 1154084071 1887532528 1961933438 4136331901 4034551496 3214043110 2429875865 3366993504 2151354561 1858051888 2664408867 2514656512
15 1 1 19581 1 731682678 4266494517 4134686162 3644594256 3952627942 205971302 50097358 2456511628 2438306920 911202003 4280195771 285307641 3009624703
15 1 2 19894 1 1355158004 3590425421 4126519492 2921944292 2527323354 1987588531 1610132647 4048003947 1147425666 3508262981 3295640434 2087573460 4026228556
15 1 3 20207 1 3583146736 1057677825 3677153428 2624986030 3976278915 1543688630 786365428 2629246734 3344825292 2392009991 3537988479 1192462899 1681364858
15 1 4 20520 1 1046728245 2809671936 1385024649 1172529679 2593530425 709158611 2446554992 1510557233 1395971477 693742593 2419582772 870171201 1960926716
15 1 5 20833 1 2697173036 287090781 1163935272 2077051524 3998996944 3390937686 2943245925 3947753616 941514919 3022355515 3800634061 66922873 1528541514
15 1 6 21146 1 1711741381 1410650702 3413417473 3300907805 3499138550 2943538915 3189623901 1268924771 696026582 603992282 987775706 1908403868 1063798174
15 1 7 21459 1 2807291630 3584557519 3251980810 401934170 1740314168 4052079860 3296420018 3206329638 4191413535 2464981224 1277904190 1628685608 2728386573
15 2 0 26371 3 1799329768 4110528699 1289360939 1518710355 1561063454 1961410610 1951197155 1339882943 4188811429 4143774047 4235066722 3937104484 1380702814
15 2 1 26684 3 2145629237 2479411122 2523374066 1286755694 2302106691 1725207390 1312491586 1215142320 3507561590 1828632739 749370654 800501933 2827345882
15 2 2 26997 3 541295026 1262026731 2628381553 3343744437 3805266931 592375194 2468365469 2905177954 1535761371 1883309737 3417201233 4186964793 807110040
15 2 3 27310 3 577632833 3593224076 2631816854 2709095012 2750722635 3952886903 3503986683 3426720925 2498252612 2693926479 2449235020 996270411 1697634319
15 2 4 27623 3 101909371 1121960434 31348060 3056662378 818570035 993874281 3983300514 3832731385 2149079612 2962284833 2074979800 3208666001 765562326
15 2 5 27936 3 1555402078 3786232125 436210877 627288301 664300126 880627760 1462759082 97287470 1532258788 125626058 456379773 3786020721 3098580615
15 2 6 28249 3 822515924 1110962769 3347327015 2199959753 3484210326 2778881222 603979153 2663266836 3634540610 3650106108 2857738410 535294501 3570666369
15 2 7 28562 3 2297948837 2408613868 1844492086 2888393990 344412045 2394161254 3438207682 2005920308 157630600 737928854 1612909347 3603714979 2130705494
15 3 0 33474 0 2210079058 3302852709 530897132 2930653688 4270318573 3484918593 2163515134 278837984 1272566722 169554973 3355855655 2450642815 108326737
15 3 1 33787 0 677798026 3152747967 3608499516 4075870756 2084543053 4228906926 1693793045 3842298913 2920771209 1344270291 2691541092 3492569477 2242904679
15 3 2 34100 0 1313537511 1090739174 3769918821 2037208777 899065397 2400756642 2807422731 3299406402 3797502333 1094718394 2680778641 765239560 2711096578
15 3 3 34413 0 2983153300 3561676969 1099309226 1151904538 3748433169 1242014865 4039680174 2693366857 2700422358 403270151 360064896 974146892 3189124390
15 3 4 34726 0 1857582603 3890926472 484154293 1554184381 206328942 1201625496 2535160301 755318820 1321794790 3464187836 3875295690 1053405973 299813082
15 3 5 35039 0 3806068859 3539056914 1620325217 3116045971 2545223609 3204284441 862569892 797060346 2550464777 1680570096 1227814000 1195317230 57369571
15 3 6 35352 0 2828031880 2411399897 903973958 2650649930 1210673559 3433819526 2392503460 1096339322 1360500796 663757789 570499540 2829534195 1129529465
15 3 7 35665 0 1500238478 3763639935 3245522376 203628100 3210141252 4273209948 4025125544 164067682 2921087906 565585402 3300395916 3696247714 2537009359
16 0 0 12976 3 41324377 1462545542 2579357184 3276549136 2172214831 1837405108 696998710 3569642959 1816578225 1036757196 1378909446 1728770312 2683026474
16 0 1 13289 3 339716608 38691945 191076681 1025358597 3328914991 1873381811 3537124879 1563673559 3221529656 870679034 690578993 4293954617 2319354935
16 0 2 13602 3 1294230392 827213783 3933010295 1160032531 2150963531 4181985788 1981213597 2885591288 3302448311 1466651718 3464434319 1045221971 776365118
16 0 3 13915 3 1779724440 1334540775 1787743239 1012496451 2988446749 3727301184 2565125609 4023224958 525863137 459326482 4128903345 1018370292 1316306068
16 0 4 14228 3 1600270796 2626609885 2067533081 724997813 3160587850 2707148416 786443570 566408940 2025534653 790993817 3759343281 1419322334 388971270
16 0 5 14541 3 912252395 3222184244 1255265366 3112686766 1949179634 3913864098 2092975017 680942599 4030767997 258841716 74692473 2558061959 865008955
16 0 6 14854 3 577907470 3120598377 160578127 3070989195 3968941270 2667090858 2505759282 1554845243 3891904693 1684642545 4258672103 2651872596 640413929
16 0 7 15167 3 3741822137 2455696324 2636154380 2410328652 3636876766 886545641 4069372621 2098492510 3739222528 1963859746 3575159442 1607581598 23122310
16 1 0 20079 3 1508274048 3404131307 392370456 2889541064 2872865275 670014080 935670496 4042919363 2814937108 2845223097 1271622403 1507672489 1054826037
16 1 1 20392 3 3549859551 4001262300 767620447 2273831547 1817858732 3486049307 1216639180 1088345849 2591466395 2018683060 3963910533 1014152897 211403122
16 1 2 20705 3 4024333772 3178060571 3752243678 1476721558 1376272426 2163353031 752412519 176716111 3818702144 1366981671 2123582563 1528469483 2954319092
16 1 3 21018 3 3330414275 447228710 254727639 2638414131 2621992063 957116168 2324867698 1161053172 343873154 1458209979 3868890498 2421754755 3488957368
16 1 4 21331 3 520325983 800697004 10770933 2679157297 1272455074 2902353969 945263370 888248116 2539194996 852821623 980329916 183044776 3960296386
16 1 5 21644 3 569399202 1012887975 3571255686 3811370814 1555263162 305416351 3620874170 1262943559 1044460868 2002088420 1197796696 795280575 1639804124
16 1 6 21957 3 4260216502 2968341567 4158931618 4212488122 2308387547 2992162388 3007204866 1941932349 3088055216 38551055 2522130561 228997277 478985406
16 1 7 22270 3 1200368622 945497799 3929453146 3248525202 1138819732 3147399341 3023668673 1807048679 4122644669 1159816015 885786199 1804697039 2630761423
16 2 0 27182 3 3366919254 598322349 1747819091 2085539119 2003963425 687933123 680290641 220543034 1192557087 3035962951 3213475132 1509733417 1256460449
16 2 1 27495 3 1996130856 1891731697 2744956327 779813283 3231974447 1919716744 1169430528 2348892653 54238314 4091828537 1678087063 764627457 553204675
16 2 2 27808 3 3242928144 2970469641 150754767 3690621707 3535085172 2589579950 2295515651 298541395 2616728211 3029749228 2535424166 2339493854 1517395950
16 2 3 28121 3 1813541528 1516000675 1918305729 3321083357 2811133986 933714730 2242346444 4022037674 1186276703 599474463 1880124488 21045965 4284043013
16 2 4 28434 3 3868232110 3840190567 168935205 4142359361 4237485010 3478274786 983776096 2789134468 3681631064 3311623460 1370604211 4126889330 3052243380
16 2 5 28747 3 1819478123 563100692 3171203334 508872382 2984005118 2269224947 4140118973 754433910 3821545742 1911561357 2970600296 3128741054 1531283156
16 2 6 29060 3 895264942 4216852505 2596666383 765066443 756787520 338168950 4197663294 4153987503 2283512705 2312932442 1545830031 4128009862 3827243555
16 2 7 29373 3 3996919826 4066049303 3840031061 207021265 1389653780 1243478727 674125040 1806966753 3788629099 2983005208 3081266187 2421414214 3986944588
16 3 0 34285 3 1144720817 4289483792 2489205999 1054390507 3876267381 3860322116 2308234813 2312497077 2137133964 3894521204 1939043 3186965430 1347236126
16 3 1 34598 3 670583175 1512651742 2277703133 2217938713 3925428926 3767731553 3460751149 267574754 1130469536 3744810222 63739297 2839765844 2835932704
16 3 2 34911 3 34536710 744747907 1987876284 2488365724 2952214426 2815794976 1489717418 669892705 3362063445 1569871282 2103478616 2281651236 4046103920
16 3 3 35224 3 976326643 1397656270 2971481021 875914937 2994791154 1454799320 1620384460 2175706644 3183030786 390933066 2989424849 2023471947 1235722268
16 3 4 35537 3 2159133264 94413475 2111746572 1516273228 3535116143 338333984 2504720700 3173570166 632945120 90314128 3458046125 3666114222 3867236508
16 3 5 35850 3 4061717054 3172935741 927431606 2683017806 2109209367 2811509385 4081744391 3200628746 3805468630 2482117187 2496981710 1156824804 3288494598
16 3 6 36163 3 3537769534 666397705 979000306 2569739242 303522680 2539911 2441881646 2386912906 709753053 281677999 1010271787 3220305232 3981657757
16 3 7 36476 3 2124544607 1115348054 3898684745 55277317 304105577 3391863503 3179740014 3600094289 3027703214 2906570259 4236884029 1721934198 2991167488
17 0 0 13787 2 2721661074 611360826 1028892401 3157029046 574596418 1820401130 4024426905 3158379013 3594890311 3383530519 3880547445 4155119940 2029977043
17 0 1 14100 2 267863769 1111415895 735056806 2540202041 3284412779 3529289293 2655527125 1042458827 2322880350 2315205479 1442516037 4003667356 3119965103
17 0 2 14413 2 643391865 1001517843 1144390526 3283245574 3680874357 4247697928 1258953567 2812596682 1082051351 104612805 2213696748 1335657517 764499133
17 0 3 14726 2 3213333985 97550037 3162046454 536136338 1648937926 24489228 2247872847 3477688616 877479558 3169625896 3914752371 2759115962 1748303550
17 0 4 15039 2 1590858630 2922371286 90323261 3036688999 3077971042 3655281320 4284889230 1809745532 615162023 2684738468 2971862947 3923980436 3021455475
17 0 5 15352 2 1629396518 2979014408 2545954485 1561630593 1260672878 161489622 1139091291 3799880046 2676798657 2885911772 3053565751 3915889952 1546815882
17 0 6 15665 2 2246205670 4249065386 391174393 3945515081 4022865290 2513921686 2771547965 2154074446 602800688 2472914230 293123238 2169219381 1907934071
17 0 7 15978 2 289215675 2769450277 2408538152 2311700802 627943475 740663792 2871096852 428556159 745711307 396371034 627851504 3675646567 2391625701
17 1 0 20890 1 468953744 1276200408 1402431726 794710489 4107471970 2242393400 2824795852 2600391781 601876434 3847786304 375118340 4211481837 1303059290
17 1 1 21203 1 1533926529 4000605973 1676157955 3463197780 1915842332 4241877831 1118613644 3376207453 1721210092 3371234694 4039309356 1853031112 2153222287
17 1 2 21516 1 72161982 3553600568 1834944824 3362580337 2984412717 4181477087 1479830044 2614704447 2156623682 1827975133 3019216834 1650386364 3987796983
17 1 3 21829 1 285514047 1927128505 877065045 3573260444 2161941396 535875035 1050689953 545319764 2934017077 3035138719 621372521 3718376613 327804206
17 1 4 22142 1 590530444 385348372 4094102654 1171621961 2820390145 615257537 1125862816 3210758630 2377643162 2545424666 239449149 54696083 2529095012
17 1 5 22455 1 3973859126 1913953960 2221333248 930384170 1246277581 3067309966 3377196419 1799855133 1155140082 4002237210 493671040 3883308209 121023761
17 1 6 22768 1 551161827 410089899 2635357837 4082926875 2012373109 1117079621 3943724813 1507967650 2290179949 704330022 2382124270 3281167853 2201167313
17 1 7 23081 1 1291136849 4110447045 441643251 4275644010 1080421966 2345250087 2594681773 825714476 2379270571 2655165114 3405192266 2383452984 1772021167
17 2 0 27993 3 844023507 3896584597 3700408070 204401865 1345706891 421069067 1471686656 274737908 3055423824 2649585872 2965805030 4233717788 3530252321
17 2 1 28306 3 206898217 2824589731 618041288 1049037286 2989227601 1335922776 3541377802 3728805762 818261957 3470370678 1507364829 1924156806 2313829157
17 2 2 28619 3 1950525275 3531882281 3972076478 2254622990 4100216973 2782865143 4079708685 3707912634 1540017227 2091382620 4201476126 2290217833 3469497651
17 2 3 28932 3 307349928 1194052356 3346755885 4134875257 3976574326 1731935000 485051687 1432296418 3460607375 3935137395 1909016724 1351163621 1141274937
17 2 4 29245 3 1550008565 3814069603 1361809416 3566273126 1265675467 964644088 1902807230 3669994332 3083955874 1661437348 3887291006 2341373493 2807003325
17 2 5 29558 3 1112822504 1533958904 717187777 3525620962 3357780472 1894690538 4207284533 422378855 3712318896 2404588560 789956442 3561703678 3691339113
17 2 6 29871 3 2069903400 948029544 978101797 1971029748 4081170584 1252251429 760602918 656192082 2067142467 3686078291 1750388874 3499456512 1930564071
17 2 7 30184 3 2212036404 1804706794 889134729 392904910 3012038511 1512310520 20517042 2143134420 2037514460 1108404307 2833702646 1965793715 3004144216
17 3 0 35096 0 1769018469 2011074481 2753765129 3335497767 464376936 3427936879 3574065139 1291684165 856431620 293284851 1928219918 1638176414 2532575337
17 3 1 35409 0 191998716 1132578608 3396190348 1687747354 2531521407 1247924140 3730891213 2175529609 2912026284 563095563 960317230 2869292259 2905601612
17 3 2 35722 0 2616951657 1658328001 3706565749 643195431 3541597428 665849183 4046149865 4098485688 3999946864 639090484 2509680514 314957343 1608725595
17 3 3 36035 0 2809834784 1001151156 1605978452 3254436700 386490888 1123867944 1944946966 3477842182 3501515529 2681265668 878467657 288089826 2596436008
17 3 4 36348 0 4081843540 270604914 4116392720 1709595901 2304702513 377826174 3484532401 91040577 4200805099 1811440651 2395980510 3572132314 3612223561
17 3 5 36661 0 4255883849 1090149943 1203763721 2222141332 2183708031 910659827 2178627811 659929663 2367782681 1033076162 524137793 4056071739 815060936
17 3 6 36974 0 3445202853 4116797895 796508609 2039181147 3407265060 4211427975 3282187075 860374865 2555897967 245205027 547223929 443384464 3368389808
17 3 7 37287 0 1977737772 3344369024 1001826984 4093881507 1929345653 411790216 3351809040 3400015587 3504752970 3190337726 2171499986 79903769 1316712470
18 0 0 14598 2 2835331323 2717957254 1418989996 1094386069 1381566493 2565705241 524666039 1012187610 4236079134 309573328 1395119807 2451155600 2911847941
18 0 1 14911 2 1760915684 12116057 3514827667 3973504830 2516676400 4155062247 1719566344 1010520923 3404757983 2625498593 3378793414 809910503 736882949
18 0 2 15224 2 1637855993 2814705508 1850485860 424290980 1486902176 3643642640 2326379156 1494617774 1490349943 90307302 3661479512 979771767 1480734900
18 0 3 15537 2 3009312202 3578982565 4018378443 536639403 2926501783 28116132 806304172 671966175 3675991957 3730847006 579959053 1232928867 2825331378
18 0 4 15850 2 3575495898 1431678131 1251363441 4224009892 938662245 2216185212 2302684731 2385270976 3193964140 88449175 2945249247 2945553940 3858501304
18 0 5 16163 2 1655959308 3293483121 497986949 359929953 572580839 1580162846 1633534109 107080239 780285652 2433353327 295039438 2353423720 3348473792
18 0 6 16476 2 4054229701 2545030976 3405928810 1462145627 1695205710 3469875902 3713946012 4285416900 1889708925 1306603310 2643146906 3114181021 2804795580
18 0 7 16789 2 3970007276 1757600719 2168308947 3757429679 4262373267 3659290746 1883227214 2538662671 3258354055 170405324 2143501129 3569963019 424969307
18 1 0 21701 2 246052454 3295664019 563503990 594753934 957177689 2921278548 2524027116 2954261400 457512073 1331154290 614266659 2335985858 1288338546
18 1 1 22014 2 1804218366 3351835189 4128678792 711082008 267697987 891042060 3128974775 3566057204 271132576 1258091287 102328866 3014941087 3304600615
18 1 2 22327 2 186986897 303997398 2726151021 1705115385 1679842861 4210458312 1040945945 2141317740 782140746 2091472894 1817629154 3681745373 1853491947
18 1 3 22640 2 1548483331 3694787308 3004253415 1413968295 653487756 1769284415 1066823393 863471790 397331424 2797826440 333669737 3073178996 4006654588
18 1 4 22953 2 2775903713 2532958604 3985203189 800163887 752741261 1361761727 1465183881 2226715165 2796790058 2286149941 2660043557 4186360042 1902924283
18 1 5 23266 2 75585340 2365234945 1691709764 242139332 3173694608 563788681 3404081523 4171980714 2753504689 170720948 1086976953 2795825351 1881470114
18 1 6 23579 2 1763735006 3253619553 3128171262 548105160 1706113222 1212581260 2348434673 1729778618 1737699996 739218879 1233495764 3543439470 2694017377
18 1 7 23892 2 614635388 860326581 3633853138 4217468193 3506362432 3133818605 3968858086 2503744700 3877739833 4049834146 1258432237 476641683 1598228043
18 2 0 28804 3 174983022 4167144195 1787130641 2287714963 4260811647 3192416561 1739681768 2364643094 4049536363 2642898549 3565826514 1187564754 1619490029
18 2 1 29117 3 278716488 3296408833 824697879 1127154163 2199716677 119413422 2749755903 1323933760 4179818047 3436592071 2425301070 1217807310 2328448900
18 2 2 29430 3 1465334890 1669390773 1382510645 4044588785 3015922141 4015324148 2927102156 769736987 748279208 2051378832 361848894 1689939860 3384291651
18 2 3 29743 3 1358768065 2709159322 2341825522 3584156602 325254930 311888701 22335859 1503476428 187458294 69853525 2837477596 4111321048 213455066
18 2 4 30056 3 3328320285 4261452258 2784497990 3314825898 3167389354 1564524690 2647884398 3150020243 620147365 2088035271 3336613052 391180660 3558630333
18 2 5 30369 3 800177746 1847978619 3993003531 3879142921 2768882791 298042718 4186318612 4237429861 2180780346 1633585861 108814551 1721183850 276063382
18 2 6 30682 3 959326936 2127221907 1886519583 1028266773 1505048153 260337040 3419009316 27690957 848212175 3405157264 2517608862 3328261415 4053525527
18 2 7 30995 3 1335387524 2028476337 2897022927 618175304 1397479226 336059509 2138141239 2972752643 329105128 4284548483 3785570588 1343670601 4229434149
18 3 0 35907 2 4236389372 1403252993 1853672230 2847078862 2298948111 4172956260 1866858892 2109967403 3342811497 2992463278 3061887263 2269548818 1193016231
18 3 1 36220 2 3513233603 3717350976 1706975049 2159894187 1514035567 691691856 3811561203 1310784884 312683138 1022192338 1919647817 4268151309 3244487685
18 3 2 36533 2 3707175421 3716109194 705533099 2691585351 2370838977 1955700621 1986169053 3398016810 3892034996 714951358 548487509 3702708945 4032601974
18 3 3 36846 2 1290032806 1397512507 2333066860 3703440364 4097349464 1891461305 431856234 1484302387 2846034556 3444065164 3215065077 642825381 3243590567
18 3 4 37159 2 2452624403 2308025366 4112683513 518988679 616017223 2166883370 2775553644 1280955693 2372225559 3835751691 1793810343 4049946712 3870135829
18 3 5 37472 2 2667641050 2047346361 4024163874 1990185489 4058139392 188721205 2613294497 3178307438 4077556885 2751365263 3007843664 1638879604 4160621882
18 3 6 37785 2 2688812869 2805040422 3616075939 952507199 2545021844 2326750799 1719344071 1214850626 409557812 1417898334 3919628965 727554856 140965034
18 3 7 38098 2 1247235261 1090185442 1258384715 2982950023 2661782651 1206762572 1869872549 418424299 3266260504 1786264200 2048345474 3436608904 2303085919
19 0 0 15409 2 4181525949 1189678244 1704691851 696360337 2595129935 1016211510 1223261807 3200983648 4111037132 1887318245 2976613820 2044558482 2618138807
19 0 1 15722 2 2916469639 197354378 2412192817 2952172319 794415721 2105923784 3502602777 679783174 2816775242 580826379 4011096098 164800516 404668177
19 0 2 16035 2 2502630030 277445635 4238759162 139896914 478872106 478862125 455376108 3276101379 3692276751 814046590 2351203903 1589962377 1564830004
19 0 3 16348 2 3046048284 3044244397 790665580 2397983252 3620823696 2220782739 1179674938 1819020229 3945115865 2316959392 2345071569 693292319 1807290626
19 0 4 16661 2 2387586672 4105853825 523715288 596485944 3536955708 1050916799 2559865598 3990061025 1252196253 3515097036 224256245 1680506675 2116167446
19 0 5 16974 2 3229494062 2380061027 3315114842 1268519090 3973330058 1696242317 1654212940 3377914339 4093069935 1665446878 2692746911 365992297 2795496724
19 0 6 17287 2 152361652 36424709 2479240772 976998908 2090581080 1636707755 2926926514 1482727245 2722583585 2623405320 813336329 3132027239 308468330
19 0 7 17600 2 2277929323 871773406 1798624845 3148331043 2515966901 233055076 128440557 1176780114 2818548350 2701725959 3034540758 3377671592 2923024021
19 1 0 22512 1 705692959 4021249170 1663598106 1287558098 219073480 3033892523 3205371298 2366702973 1566085281 229841016 4276159097 2644683655 1531770586
19 1 1 22825 1 301783698 1577782007 714713797 576057387 2123724019 4161582282 4134831947 3576859396 2026591944 671783737 570295160 4292897406 1774347091
19 1 2 23138 1 2221854525 1780617780 200084988 3796242020 3474291378 2427696213 3956053060 3892726411 3434278023 3394469350 1132886871 630768737 2911947004
19 1 3 23451 1 4115723678 2437461187 1754377081 1685507191 533326471 1180353870 2375248311 882946904 1145271092 4057137725 3616320708 3331601754 809638255
19 1 4 23764 1 4051319050 857144335 2152575773 1289196851 757583531 741319666 1473659059 1065886876 3867937888 751357457 4050616096 740117430 3515333099
19 1 5 24077 1 3551788737 663429768 1213640280 1264500120 2544159710 3111756897 2472866344 2696552199 4104324011 4104561138 669068123 3254855253 3608471856
19 1 6 24390 1 4025580581 993580508 1485959748 456910812 1100210746 2279453421 3813047996 3039877971 566207887 325807822 101266895 3348358953 4004979524
19 1 7 24703 1 3588918409 3810949808 365499456 204875376 2439836678 1891220121 63867808 570351599 552209619 2649701082 2511724307 1675183325 417695128
19 2 0 29615 3 1321478772 3200852469 1004339554 826291370 1653988480 1232435187 3875854634 4046609205 1275734169 19423568 3675152769 4093185055 1986928114
19 2 1 29928 3 3693467441 2059981400 879045493 2606124443 1935577587 1614425354 965819083 633443524 4218735848 1219909625 1837508216 3607250174 1874165715
19 2 2 30241 3 4119853326 2156774931 3772381660 1582969956 580591074 3658235461 1303577652 1440205435 4246385367 1985729494 2177587335 1679080913 2874023276
19 2 3 30554 3 44139899 423077822 2081424047 3833190269 3024833581 1257141884 302343477 3149396522 1228239814 3915801887 2030388190 818571536 4111046029
19 2 4 30867 3 803843890 1070134743 4235240664 4125380664 4161645742 3140559793 2546782712 11714839 1429825627 3008267842 4004786475 3424148261 468497472
19 2 5 31180 3 1462691059 2529643734 3314205127 1642539717 3294776037 2283720132 1302941469 2579177218 4263387070 2464020727 2404431622 1903318184 121684037
19 2 6 31493 3 1170662063 3379581570 4024298875 3238994145 837837881 2048579304 2735981353 3959183510 3132324106 109904923 891086770 3285523588 4057710689
19 2 7 31806 3 3382671113 757632944 2514092781 2803425603 940260683 3984408018 855619667 3974268924 1646702880 2192577521 1962620480 3762179158 1262082571
19 3 0 36718 0 1980483439 789314930 3186438892 478856308 1973994720 259909795 3873569674 3144176469 237110729 3446429872 1199514785 221496047 561977810
19 3 1 37031 0 2067762155 4281133278 1565310880 654075216 4164816164 1420480983 3936016406 1823845609 1107842949 3780172116 3045822733 1576216347 716803070
19 3 2 37344 0 2420801834 1962396799 1746403759 1811429277 400779907 1152381994 619209179 1506042196 676966792 1444001801 2056358344 2740645054 1833059299
19 3 3 37657 0 1851839571 3461880102 587951624 2444304104 2421337244 946981983 1715559454 2880283457 285078493 2061076204 1007270677 1979254291 298139638
19 3 4 37970 0 920542629 172113068 2187358114 863001162 3687500242 4010779429 640787940 3316179627 3435056439 299122374 246403127 3011407121 570065820
19 3 5 38283 0 3996074961 3780966504 3416328694 3815267526 4264726806 3854150233 3533697392 1852816575 4202252211 2766521386 767416547 1348932157 1602531240
19 3 6 38596 0 4118032165 271988780 3256209442 3362980810 2504550994 1829297829 1023475556 1306829867 3254278327 2009069638 2672110519 3687831697 153805596
19 3 7 38909 0 415991219 311741510 3288502440 1523429000 3898504508 3535628287 843327166 3311988705 2142474621 951896460 1596477237 643041971 331298198
20 0 0 16220 2 463217210 2985966033 3285889175 3149221854 1631569766 1787876034 3866259320 1535299984 3757159515 738809939 1486895704 1379849443 2358854537
20 0 1 16533 2 2900745267 3053079086 685558134 1902694101 3087824126 377362748 3751709292 2050544032 22326039 2312642325 1939044458 1325751981 2405784063
20 0 2 16846 2 4001933334 3734233925 648620391 618161730 2319002905 865611122 264966344 3595873279 2818593918 4027944927 595073468 1269828759 1485923101
20 0 3 17159 2 81224248 1621670265 95436461 3215706646 1952230350 2572489832 2915749440 3522738846 3913707579 2514320052 2062478555 3812334804 2185476750
20 0 4 17472 2 1681923143 2222700096 3773563442 3352933784 2696651069 1911539114 455674283 651909620 1387963538 1783008115 3540682048 400984687 1200272574
20 0 5 17785 2 1734371212 63161711 622130277 1637933352 3649873203 786679843 4181723391 4275685442 494323628 2746358575 3192559918 3538994582 3533389407
20 0 6 18098 2 642251696 354316691 3929720189 2589528460 1130245092 1988859340 126681327 122983707 2839185282 3467119895 3835151164 3568574613 239049871
20 0 7 18411 2 3767588612 1505819235 782529745 2942588764 3206550381 427383097 1101380311 2504723402 2181941032 2970439702 1093654166 941671017 207123209
20 1 0 23323 1 3889649909 3239119932 3173013705 3769158991 98849602 3438086240 1304650081 1833006370 191961596 3776005375 2197031681 4212102430 3820368468
20 1 1 23636 1 895349361 3394945158 3980640273 113262175 467648045 1169629726 3166578885 3888410755 2573075643 2879882668 427842170 4181155273 4219893511
20 1 2 23949 1 4146222560 4075518773 529521856 1432390250 1255482004 1652715477 1460409260 1978263960 3183989627 1128725246 1129585776 4104146847 2696431849
20 1 3 24262 1 1751793644 1628419525 4019897068 473292119 3731419700 2902249779 178312141 3376527761 1544217412 2554404857 3695794606 3195917025 1151770563
20 1 4 24575 1 723955714 2421055473 575601634 3621873490 4262332127 1535313605 1909570809 2087015114 2291815004 1276741896 2018157754 4214170797 1171481882
20 1 5 24888 1 1178444219 1866581758 1876986075 1136730792 384050249 1686227795 1528930596 1577251559 1011578226 7093333 297806907 1801497305 1871025943
20 1 6 25201 1 1446226841 3382770654 294014049 2048016232 3650906162 1173414601 1760522503 2888397944 1532648368 3249307138 4252561121 900939758 1738320623
20 1 7 25514 1 2705723866 2071949695 128244794 1013709060 168324835 3073106779 245950638 2104503790 37221410 1842654446 2110636613 739026013 44406959
20 2 0 30426 2 1540552231 2923737042 3915329984 1098420879 3083205208 2562538843 3029078299 133094978 1758758211 575630971 962508324 579335899 4094163945
20 2 1 30739 2 434079336 3388593511 2461965931 3755578958 965457884 1490255670 381404078 1352928240 2554164675 2267466649 2232141455 3795299801 2550646819
20 2 2 31052 2 3318060067 3655020928 2320582636 755260357 3599023349 926467227 2109694740 1244652693 3637279131 3882678155 795718384 3135559595 1627481497
20 2 3 31365 2 32946952 1640583755 2579940443 1206768930 3435574937 2175800060 4263024533 3838539636 3886087381 3695256353 3378584450 1086426601 1392749619
20 2 4 31678 2 1777364092 4100330235 2950709059 2548106514 429066359 1866100578 3545196937 3302863307 827670436 897714566 2615537641 3015266327 1978383878
20 2 5 31991 2 1483519284 3514305903 4245780247 2962736614 2357348814 3926558298 800163369 1147060311 2800508426 260232989 2328167451 3027479421 2948850728
20 2 6 32304 2 3730563110 2929162999 3576077157 2749657007 1003666986 1411280359 2119966211 364188742 996521137 3726041789 4112140470 2421089554 4023554714
20 2 7 32617 2 3394530061 1193243394 843437754 1831598335 410912098 2461943843 2847375979 303041807 872618336 2670369322 2667618254 2728833143 246576662
20 3 0 37529 2 3071880733 670597100 3850272771 3459334068 987461706 3587038836 3575248185 766188792 4218980525 4079225373 3528111066 1783583509 468978223
20 3 1 37842 2 3681327634 4128630831 820787524 2792849115 3545071479 2872424516 3661947352 364598554 2593797614 663169264 111732351 3280600992 2076397386
20 3 2 38155 2 1418295920 2171609003 3074761334 1648305367 3343108514 3029313085 3390214586 42148126 1175997967 2347137327 29892428 2550845599 26599701
20 3 3 38468 2 97581308 979573755 1226409374 2990189575 1083117561 3929418484 2611858769 684344825 1310813397 1490694371 1204958 3111920646 184406408
20 3 4 38781 2 441691544 232389055 3435471330 3595799659 1807027678 1979808578 735100000 3333803901 1683538647 4160407239 2940422598 1687737092 3929700318
20 3 5 39094 2 2974114669 3796879046 2495731799 2936329278 1173996982 1655609388 953245609 252378870 341317263 3783981967 3339028386 3829070494 3816782323
20 3 6 39407 2 2591052849 1035370502 248701807 4088402942 4159481024 3165064590 814794412 2506176442 3049281088 547865639 1283747090 340005355 3223665679
20 3 7 39720 2 2605121737 4236975024 1685503443 2580933432 3414588091 2167387736 1653306356 1199388593 1649190586 3979105857 794239107 2907560767 731903569
21 0 0 17031 2 639144772 3784268496 738233620 3571631495 3602168757 1306824120 1789327451 2784886179 3824944124 3537042897 2760126589 2755918118 3773168243
21 0 1 17344 2 2267716207 1134364449 1372162205 3226847187 1281998574 3282580821 314415039 1449360 2733919090 1141844025 29591337 3480073578 1465895931
21 0 2 17657 2 3997778391 145398481 1000502783 3570230547 1347188840 404433049 425047421 2248329274 397181169 2477980886 3812093216 2424467249 932878172
21 0 3 17970 2 3768481241 3370503237 1320196137 3100856127 2726322582 4067000466 2235318577 3761818718 3288003089 2146231980 465027728 3197703611 1324232806
21 0 4 18283 2 1859832899 2352598235 498687649 4077782791 3629701048 97225 1244089969 473686546 968726334 310208567 2398060073 2172712200 2590590859
21 0 5 18596 2 4004945399 3541490217 2964738605 119813123 1651487118 1793005247 2043384959 2952155340 868797581 3317255914 1475734812 1161018487 2575137206
21 0 6 18909 2 1033888851 3901712203 3107137267 3630297845 3834734502 1796783057 1072641255 2752765418 808463333 3786581688 2260122432 1850961675 2442957381
21 0 7 19222 2 1137227908 1271194360 2850055086 790466948 145965227 2550832504 4125632562 4268675949 865173914 1594970083 3714254919 4103889570 680830611
21 1 0 24134 2 1987325915 279035007 1141605034 1919845135 1128582021 1128599214 3017377086 3154892515 2352155234 1689024949 1124123865 3296713698 4222735224
21 1 1 24447 2 1280450841 1840115563 1133638160 2970258405 4140865317 1725675100 3537793129 577285764 63979835 2057794566 1174091346 3273404175 3745988620
21 1 2 24760 2 2975789987 1540779017 2797929816 918620010 2747327725 3180281416 3386100254 329537996 1398557028 1178377310 1742237450 1900970017 3866095576
21 1 3 25073 2 4007204997 860162209 1125526436 461279481 2157894331 3927438021 2872049582 3826404828 347701002 8199844 3390669510 1592590819 3978582678
21 1 4 25386 2 1084863524 3611499120 707841111 249522683 2637562952 415054053 1242593488 3536911166 2146705563 3107682060 2842011688 736029707 4222751380
21 1 5 25699 2 2226344330 4282168958 1348457211 2197273103 1953749220 1474412215 173042567 1743456842 1374222263 1312287351 226323173 2262142652 3946350225
21 1 6 26012 2 3978840032 2264626582 4252854609 2009104664 480546014 2950362156 2024001055 3516263381 882886532 2527031799 3339049099 1160278790 2840779587
21 1 7 26325 2 1783146224 2635050546 2257431751 2458811019 200922304 2042118392 206675586 3122387723 2293787506 2216715111 516158095 3204564856 3966164889
21 2 0 31237 2 1079689931 1744658663 1985719193 3254237214 3618126612 2496321503 2854762619 1026930279 1486097336 166607545 643426243 325701564 1331098665
21 2 1 31550 2 2382388647 533126405 1582889033 3839878943 1156003320 20456159 567531134 673971468 1856564420 2076738079 1921800395 1482240298 2841691455
21 2 2 31863 2 4025621859 2908826917 3372116061 4084760083 1234667902 4286812021 2426837268 597923642 2285076979 2645028945 113187883 462766790 1287243999
21 2 3 32176 2 1018412977 3094758281 2857984415 2151190362 320932026 2609987971 1375242814 413782832 4108771902 698113675 3766744833 351621064 2413524974
21 2 4 32489 2 1124771273 559079285 2735244485 2637290076 2400664850 1000131135 4015045267 3724121262 3945602527 3627539711 3643603297 2989340548 2691629207
21 2 5 32802 2 1143202537 4043585179 3164402861 2780020867 1700101208 2480697281 1080076377 1265431921 3104231660 4229924755 3679259471 3720991592 3166722191
21 2 6 33115 2 2789062659 955144139 1851743185 2679329239 860602208 2120682336 1507717502 245813649 66844890 446647273 1724517019 784419664 2159635493
21 2 7 33428 2 3665325372 3747612998 2477246040 2387902570 3751684907 2954085835 954122089 1505524066 2793673719 2003507464 3443492192 809884771 2475601532
21 3 0 38340 2 1555502558 1812062138 3242094601 319202976 78150904 3340304551 1725671631 1612371305 4098487294 2341734195 858616719 2225495590 161108967
21 3 1 38653 2 2953647391 582763593 90334024 80755024 1054591499 3314075949 3094395874 2282094112 1612755304 645516455 354134491 3588160348 179563722
21 3 2 38966 2 458051981 1168141519 1128109830 3612082284 2678452931 3684298836 1577228341 4084881786 577540782 2374574923 3498867299 3468094398 1546872247
21 3 3 39279 2 1194601138 64340912 3021860145 297360789 2219460514 905600807 2954939227 482031173 2034206055 4279212796 3740178184 396115317 1358558416
21 3 4 39592 2 3093807005 2158610931 2294856464 9173426 434491589 2925168096 1501364553 2266038839 907595979 274816883 2044258903 3911891256 2245834153
21 3 5 39905 2 3142661109 3303269561 4023150902 3793017660 2689390397 547326894 1745422735 3899427891 3476841022 2853705393 282043283 4214574780 333319433
21 3 6 40218 2 1588727739 1697113275 3411524942 2496976126 2261894865 886193675 559567272 1816152396 404404151 1692612536 2777934384 1718718239 3165863989
21 3 7 40531 2 641717203 3740664429 2027084700 3537506049 2797469417 119203089 1470362372 3667298929 3225754717 2362552576 3742368188 3239496803 3238944306
22 0 0 17842 2 2787272130 357485713 3773743343 2469033362 2077694536 3411420803 3068942412 105211409 777730823 2974101092 425005446 1165402019 3170247522
22 0 1 18155 2 788584316 273795919 1193780495 3839040971 3603329854 904178345 1411143718 3467549227 2161098769 1439872331 3773583597 2827669486 1226031963
22 0 2 18468 2 1469275857 965614056 1962373504 1418947984 940487521 727882107 3713920770 1387419532 186635643 276371862 1834349326 4276786196 1979348756
22 0 3 18781 2 644215577 3107910164 419426922 3599185740 1221130424 2665781170 2434434408 679401396 1609720050 785402566 977940645 3127353299 2059935775
22 0 4 19094 2 3577388777 42474904 860627056 1602643040 4002340050 1794644161 3597842083 3752121535 892127143 909288816 3555636769 376223010 2046661089
22 0 5 19407 2 2729335457 1689736278 166737386 3256159938 1400865441 1320599223 824140537 743693245 1777873952 1059702548 2874742934 3145886175 2611804433
22 0 6 19720 2 3627099984 630965949 577494273 583920029 27173081 971985551 1920999736 49152875 512917442 3731218038 437058567 2863478303 67045823
22 0 7 20033 2 1793260076 1836345851 2586463947 3818647559 2466438120 1788659398 3251115751 2062235576 4032013434 762865832 2137199985 1481291849 1914390863
22 1 0 24945 2 1785314757 4146500242 794314829 4214869160 2292028746 3450975389 2305048395 4177444893 2308460415 3146098936 1676404264 1739601496 3350255427
22 1 1 25258 2 1209793888 2510038297 617225656 910752936 2674076813 3202067450 2956420920 2968261721 3491928005 4147244881 3990352778 2073223480 1850753534
22 1 2 25571 2 4052243788 1945604181 2553992372 1278831060 4128125932 2989606578 3477127002 2121417504 551279378 2998008321 575934786 1880230705 1478411896
22 1 3 25884 2 3847286598 1651189923 4053770006 2997384942 3833343662 627022726 481754349 4003941027 283737106 2985718715 231091945 2850190804 3381186608
22 1 4 26197 2 4099884744 2999081135 1526722122 2680766265 2417588906 1416201296 1281521394 50637844 435480475 2201203785 2774829124 2006491802 833742327
22 1 5 26510 2 2536941967 966606002 1183100115 2636348335 1215999887 1642477165 2154013975 3358567588 1473624335 3879053732 1399444143 4248628496 4037881940
22 1 6 26823 2 2643687971 2417285474 3572294723 3882380095 1957291175 2765349864 3139134249 2163863568 3425430996 2902576834 2778889997 757011459 3676783579
22 1 7 27136 2 248901044 428470835 252814198 1848582077 2244746879 3645688334 2586739173 779646511 2688912675 3158936814 1063820529 2863706687 1573993534
22 2 0 32048 3 2855214746 2131961613 3151215895 1537653677 2806733939 247216772 1911071234 1155590905 2387406976 2944339216 4004580424 1556289087 2178639296
22 2 1 32361 3 220059829 173236026 2998757732 4177346468 3452771043 2816895799 2120866554 3822590795 1966968835 2795351844 719478610 4096688108 525331888
22 2 2 32674 3 1412087429 2934739590 1271362672 1348343904 127446213 2969225217 63143407 3688969685 292569398 546887955 3415752487 709542079 2421099023
22 2 3 32987 3 1279772078 4083542339 1199263595 2562837547 3118791098 4091749206 1156636330 3519212894 954113840 2090000154 3434394672 691103545 1330475019
22 2 4 33300 3 3968432437 2565127418 431963676 2670716935 2609477189 2166357564 160566139 4285222248 2711118216 4041856368 3789091292 1240299260 4266620832
22 2 5 33613 3 1446614834 2172488205 983438083 3252399999 1825202833 180191586 3377991106 4264805206 3866838502 16195713 3968256113 59546325 1256025476
22 2 6 33926 3 1395730200 1577842437 3708252875 2265117703 1508351904 566469425 2746834258 383017400 573913903 813050186 1069048136 52719475 3606447334
22 2 7 34239 3 20929031 2594804016 3660370006 3845277149 2720253675 3440220683 1109341214 2974954395 4024738923 2546677614 3790400401 4065772589 2659056348
22 3 0 39151 2 2462915459 567770620 3446883837 3805234935 1200157552 305313521 999447579 1875448937 2687091168 4207687887 532373535 961398653 246372459
22 3 1 39464 2 3902468350 274992015 2958623464 1319637816 3669518357 3757537386 4196074288 1619220536 2361566923 4058533443 1332852461 287414040 544376418
22 3 2 39777 2 2659065832 1273656319 4151993688 787931272 1795552448 1096993227 619257972 2774252938 590027557 215069436 4280185389 53065058 4160209788
22 3 3 40090 2 471770868 3274046423 1033596480 551396560 2348704790 2749451924 1712227472 1748618229 663991500 1980329077 3159418106 276671217 3377847324
22 3 4 40403 2 1011141595 110617234 888672165 1348437546 2102855224 3638301261 3559852821 2936056274 3159758155 92010935 3796434685 3522323260 4076318696
22 3 5 40716 2 1982030391 1105774500 1632910315 3352913436 3280212072 2565057606 2484798295 1082028396 2377239439 513583686 2755010617 3025147382 602257814
22 3 6 41029 2 4027989425 908054646 1723246837 479578417 2311009466 2452030172 506491445 3203938533 2277754547 3566426321 2460222576 1032635121 445378676
22 3 7 41342 2 1821768615 3768113266 123081969 191570157 699001062 2217322064 2149793096 1072415462 726564127 3413870523 1626671877 885030226 1726987217
23 0 0 18653 2 3333256592 8260156 2037969103 4145193599 712798571 1234632946 4078540547 2170567446 1245443972 2903288068 4292037208 1187372637 2357341396
23 0 1 18966 2 1208265817 3769290823 827294122 743477272 4012021708 3685191181 2860937745 2677053601 454995091 984586062 3884292773 1941582622 2122044393
23 0 2 19279 2 3443867295 1654554431 2311100724 3759793408 1823644052 2326909541 3436361533 1341174088 2676278958 2561638701 1413744141 3026579135 3604685893
23 0 3 19592 2 224391762 3215242966 2936958293 3740957909 613361579 740906854 1836313328 3933739449 143762511 529656617 3946686225 516251390 1848384219
23 0 4 19905 2 2219923742 595805322 2834740797 2705877369 1827328209 2707018064 2919009613 2087636744 1897466986 2208489572 2973705012 1265982525 1671090494
23 0 5 20218 2 2686517779 3527781205 1024996352 2699664586 46384687 3840897027 765859620 4282723645 211330190 2021901595 1801319638 2963155735 3642937066
23 0 6 20531 2 3865586287 1848445655 2246059232 966713448 4144707460 2283851263 3407820100 4098088655 1052986078 556915449 2636186616 1919703966 3186828402
23 0 7 20844 2 2101917462 149405638 3120577349 3429522853 2514951181 823430000 2765609796 3713499570 914326389 1439272480 3010543612 427198933 3263687927
23 1 0 25756 2 1046806067 1996361505 3321141809 1935618715 1748005071 2334053614 3743798887 389092562 3356668871 1497437164 2075904691 1887843780 3591807392
23 1 1 26069 2 2946749659 731066601 4228238125 3839011475 3115562927 1781083886 1767147582 219569564 611424024 1687679582 1357584041 1373609500 946623921
23 1 2 26382 2 2526454899 709616767 3151992349 477327245 276313311 3898911084 3302460968 2110423237 801256940 2394793707 3399822055 3185461901 4015778379
23 1 3 26695 2 1992596297 465217657 3623720167 3864498627 3814819373 3100733798 3858369227 3135931036 3991969625 1428322255 2205719154 4287698634 1611309454
23 1 4 27008 2 1730642631 1473500029 2894412933 425343239 1428965325 64934828 1069043850 1812818188 1726013103 16747858 653375147 175907850 2016802415
23 1 5 27321 2 3883428510 2575029808 3032877252 2700676302 1265978356 2740473319 3404722092 2828118130 455874151 3674711475 649383413 2682110984 1305762161
23 1 6 27634 2 692634393 3168376169 1793173067 2134525459 3684918353 317273074 1014194771 940854485 2326199750 2188341454 3112699931 1143170827 2270190419
23 1 7 27947 2 343069108 3170065882 1750137586 1094189804 1109436994 3811774277 1611528165 713117946 4261332755 1668441032 1726170810 2345589129 1543775641
23 2 0 32859 2 970628682 1192468096 3396556411 3294490669 2513448637 3170193064 3231000245 1227122850 487892959 2359047259 2168039184 2360035785 3381439472
23 2 1 33172 2 1438394404 4169606570 2745175041 2704785263 2865059891 2494844243 210348534 1481108669 783744742 2281669633 1845792257 3752300241 447639728
23 2 2 33485 2 688201869 3920306209 1348302812 122405144 2040523984 3288304421 3953558613 1398793632 3681128956 3481578198 1040492523 291267228 2149404289
23 2 3 33798 2 255028644 1279738010 4196481225 3381016863 3582228519 3195802420 2165894350 867263597 3259260494 1569403382 1991508466 2255189570 2684164100
23 2 4 34111 2 4183036143 3780994299 1792434426 724720586 3725544900 2580917547 1317581496 4133890975 4243189473 2865720922 3552139757 1752244882 447825910
23 2 5 34424 2 3671235057 2888233411 2529600296 261037602 825724400 886798275 2254858621 2651139557 445131618 2304935329 3878642936 841975578 1335472470
23 2 6 34737 2 1246900480 4055359072 1651145761 3563053741 915293543 986540612 316765813 408486608 3278036415 775134943 1710730755 2912220510 1155163698
23 2 7 35050 2 1876837519 1064713481 2029078058 4208539792 947965002 1217548677 1930278400 2148027365 3137844099 2451201223 3175373026 1551953966 611008134
23 3 0 39962 0 3721990305 4112662405 705172329 81467689 361643683 3871682122 3770367369 1531437252 2290604126 129689276 3765758474 539735528 1986110551
23 3 1 40275 0 305625504 3615103758 115110376 3707796974 2468250304 155068711 3320519365 701812579 3760886108 3095882963 214372814 1963072016 1202402313
23 3 2 40588 0 1011482592 3105305550 3778953092 3863994734 2367442240 534110297 1722641961 3865627978 653254117 3664267278 310525718 716430204 3723489311
23 3 3 40901 0 3759456239 4157683985 2809368703 1671156373 2570616339 3966072836 692687474 128926957 2730419154 2435229372 812499877 3473802991 759593438
23 3 4 41214 0 3242120670 2242921872 1580478826 1811299152 1360374780 3846972705 3611534639 3381910569 3705372944 3111545871 353995160 43671670 2144921840
23 3 5 41527 0 3770591569 3206236589 3192006877 4180219105 3986604583 1538884990 1344595198 1397029024 3746421379 77711432 3582010477 4169469796 119584941
23 3 6 41840 0 3632999608 1192408084 1697711464 1158427572 785552404 3252878595 1626992966 3277573445 3138074222 906412040 255703386 4009984460 1087482354
23 3 7 42153 0 2791470910 2041459864 4134141998 3427531496 2953053836 714730553 743904541 1503014571 302680121 2196332480 2637802229 1855445928 1583996980
24 0 0 19464 3 1305442287 3201636426 3919218938 2498738794 3565132272 4203347846 3036119226 1344350200 1953545659 589963858 212174378 147886212 274684052
24 0 1 19777 3 1545436406 243781141 380237393 1170957045 1668960978 847341484 2893577893 1361586995 450779894 3043754489 1409587840 1583779229 3398262960
24 0 2 20090 3 2124907803 2570850314 1209047394 973912345 1218976686 2026026974 1366394688 378867484 3267085591 565498780 1146313300 1437561823 2101869316
24 0 3 20403 3 281676536 2385678015 3366678239 762381936 4069638688 932508690 558478202 2319434408 366330167 1536324344 2553290867 1833698854 2105412759
24 0 4 20716 3 2426530765 2338783912 2729751914 1638114385 4187005837 1470756249 3122403254 3359179970 2959586557 1884682414 2003217177 831033295 1101587558
24 0 5 21029 3 22809619 4128778312 2689907566 816396254 2927584669 3084543207 2390413353 4192737481 813728946 2446452635 1467332210 1154613479 3222109956
24 0 6 21342 3 4095492418 206408527 1991026455 2701689147 2941072840 2617547753 1744320889 2333117937 2674320072 2411145855 3863230530 3608268287 3439979140
24 0 7 21655 3 409940893 961890808 1905955310 1060960909 3623895825 4179730247 1573812001 2298398349 4247502460 3483194309 2675375562 1873389038 783559899
24 1 0 26567 1 3863099841 2353083714 2211724049 3016316213 1252463488 3833315422 1893175196 3758186692 3414096139 3275496206 1022993867 2090520254 1803588581
24 1 1 26880 1 2881359068 201671715 3366053648 1107217480 1154865607 1090483752 45582267 1902382451 2788208784 675145241 2661912896 2035988976 1667589533
24 1 2 27193 1 2562662726 2226285913 1559949342 576742813 3009201061 3409647418 2102433445 1217716863 1965040864 2293453003 790478508 715091488 2283905513
24 1 3 27506 1 1970701340 277998379 232986600 1877615408 1264306421 440551839 1111138759 2952647543 1599105652 1442008773 1250655660 1882528560 3644235526
24 1 4 27819 1 4237642058 2834012775 2783175362 3420899692 3881776002 3350726291 3026029922 2758807122 2891279893 3216106194 1729124560 2556309200 3756198612
24 1 5 28132 1 2846393180 916779885 4261641924 3541400332 927293865 2694352703 613861976 1412692552 2122240701 3547067322 2161033827 3723012319 884871094
24 1 6 28445 1 1632702964 3051562101 955474974 117718048 4000035795 233002331 3915969573 2016506277 1151350398 386143057 1298685706 1076778279 3856313844
24 1 7 28758 1 1066856647 2520117160 710419151 510594563 2453898500 2649041764 832608543 2534951407 2555676676 4282208577 3032423528 4127831999 3898729676
24 2 0 33670 3 2222300195 1706024126 1463773382 1121334421 838777243 563155324 2269964732 1025229700 529745991 1016528388 715213527 1609585105 1751602080
24 2 1 33983 3 828909037 82047092 2352085298 3228643634 3834494987 1372313469 2923993697 4205383857 2923178280 2592058843 2935344094 1554826355 3576293112
24 2 2 34296 3 2483635835 3130781128 2057117280 3612290360 2052424344 2384210323 1183434463 3112884351 1574441860 2345048977 2581281265 431790043 1442340521
24 2 3 34609 3 1845155295 813016148 4136908702 93393646 853770743 3598826945 3025430738 389658466 329401327 557057888 3033575149 1134987636 3839230142
24 2 4 34922 3 803672246 2392823373 494243337 739022365 2531934300 2534014014 2278665486 1430476078 1157612961 682215476 1249094669 870731480 2524716092
24 2 5 35235 3 3428763646 3558037243 2489218661 2748016329 1807086662 4054546933 1170922367 2615681929 1706101518 2984506364 2619879002 804533795 3435752103
24 2 6 35548 3 1520040003 1520863142 2002952770 440912866 1448835739 4140927199 1584142021 4283027231 2501261504 1527871349 583322184 2026066713 4141772106
24 2 7 35861 3 3017266910 2859062687 4010932811 3878407758 3718573894 3401063136 1048749742 2480162904 3031443223 1189531962 2967393195 2642436137 2635777060
24 3 0 40773 0 3464899715 245687480 4253537143 2466663003 3025340868 568014368 2054062755 1399910117 949132348 2818058955 3119001198 3872076842 2458072272
24 3 1 41086 0 3065359065 974352112 2576655981 1490022912 4053682942 1656619130 3567986536 2145485036 4221641617 934436592 2806132730 877164020 1468527452
24 3 2 41399 0 1679214549 1856072366 2537453319 1953355 481145508 181918402 4037264838 488700154 3177456265 3185087380 890821793 1243831084 2660398529
24 3 3 41712 0 13056053 280037578 3821249349 3502110441 1943663658 3983489900 3463316039 3592646803 74792414 908570125 3432723536 624054497 2226300171
24 3 4 42025 0 3768409436 2446036897 2668518980 573265036 2235591569 2251225684 3240068944 2418493316 3692551343 3605990278 1783466275 43135706 3320157458
24 3 5 42338 0 1147914057 735219502 1368474949 3687977746 589989430 2925259428 1437216927 2114292869 3547558762 3856539901 3557541798 1843139019 1210157027
24 3 6 42651 0 2969319139 2851667070 1403684801 1157637 3989699934 1652623205 3449329019 1706012191 2647486390 915033509 220143640 1004236350 2348049331
24 3 7 42964 0 2306009559 1969424362 1382609075 2467202252 2923817420 1177056156 1295169134 3338850992 1468084259 587218783 4070879118 285125856 1150527525
25 0 0 20275 1 2486660918 3600860938 1178556549 1435427870 174547930 2772227840 4178615785 2517412490 3822741847 2692868595 2802378216 564473827 42145179
25 0 1 20588 1 3268999585 2149770109 1341030154 4151692134 2830857929 3903461678 1189218252 3570918180 3426156943 3443048204 1885310012 1773403417 1068647962
25 0 2 20901 1 895319415 128561463 547015723 1023883559 1513309076 2538835450 4010297260 2650823564 2933895305 725663922 1895596790 110926885 3864080000
25 0 3 21214 1 4209229699 3603560493 3272933196 3659983618 3158304179 1114385599 1182753641 3691237151 3949818871 1896754071 1409636263 2868028843 4253015223
25 0 4 21527 1 3325435511 4153623453 3471125289 3940797622 3697525369 4070310276 780177686 311004073 123200508 1040555866 1182552954 4043101632 3909547218
25 0 5 21840 1 661210992 718124056 2504514239 824194805 2362020894 2592086129 4155795974 2862064093 1702584948 1614256216 2766815487 4011037248 4040370486
25 0 6 22153 1 2335250108 1990699520 1490849020 2280032604 2475478647 2458777020 4056818783 38610120 482607277 165063747 831880054 303516059 653401948
25 0 7 22466 1 2017307790 2339387760 3408539019 1837581835 814698082 451191966 4166122784 3232201068 568619054 2343554018 220099785 3042230362 2066241532
25 1 0 27378 1 3436882103 3042617153 131805810 3071900778 2458322848 2630474177 698678121 648168595 1893974729 1923610456 2356819168 475881253 1040148114
25 1 1 27691 1 3769799000 937749402 3395211837 114520889 3253581131 3982134819 3835249714 2136160200 3313469930 2941815755 245114398 3044999057 3644879366
25 1 2 28004 1 4199816929 3697553183 4192672690 420280257 2974394127 2557610065 884859214 3602902206 1953210257 4164569548 3595098387 1902457857 2052846251
25 1 3 28317 1 3516678682 725423238 3743084984 1220569835 3886692135 15637500 1563255851 2989396999 3923409619 3856034516 2983727078 3640380569 2631078916
25 1 4 28630 1 1378826637 985016593 2446684465 2317537197 118174051 3756625257 1510820257 857679771 2084921847 1968794820 3467161943 3031991951 239386266
25 1 5 28943 1 2347970952 1285983176 4265698638 2124775864 3517057147 1817980857 2466972207 3350876811 1415778396 4173510032 4022951266 3425848812 2363861271
25 1 6 29256 1 1968990483 618877979 1926883967 613772994 295770271 719049666 1678141807 1836322965 626746185 1452392655 1004220866 1932707115 89324438
25 1 7 29569 1 1170244607 2308960949 1540856606 2126801448 2983022856 1133891466 368852732 2182319537 755423144 1536913606 1801617554 1480427414 3193343292
25 2 0 34481 1 750220986 2308686082 113313378 329229342 2295294926 2581337154 660439491 3907186731 1101344783 468479217 437948853 1870412583 3109455925
25 2 1 34794 1 371241839 4006713177 2902038373 332025345 2925567880 2985512219 3819672489 375975316 3403474552 3517041632 2352591632 2114617444 2656783535
25 2 2 35107 1 2662427303 718749607 3275521482 478404653 3020613083 1489899414 78068080 3807371433 2606538970 2309813701 2180223410 2235730577 1733423955
25 2 3 35420 1 2194073790 1120791816 2453206201 2011070124 3960294518 773029725 2454798814 1559201055 1714617970 2137593102 1477950210 193346038 461349119
25 2 4 35733 1 3971754117 2202041417 244848152 1047716552 3694107469 380724517 1166035071 4140419212 544544956 483975000 1857625057 2419190136 34853895
25 2 5 36046 1 445207214 424286374 3118573905 2102109965 2946223048 1136267433 1513593773 2234881656 3522149880 4023244066 1699203196 2870488320 2164110423
25 2 6 36359 1 2686150533 4059773241 2341786073 3367535302 668367968 1751071641 1762920200 644199687 3511623285 4250142919 910210626 1328896381 1337941820
25 2 7 36672 1 3528758278 3303213678 3783296523 2788672172 93267469 2637630985 1155544853 3908267915 755668720 737680561 2979131892 694299900 4260641687
25 3 0 41584 1 3333077539 736815293 2178610799 3360878506 2564720995 1291841371 3381659288 2074850275 1202665392 1677994596 2385073443 1877883060 2972740486
25 3 1 41897 1 946576107 665116961 1308569988 136352378 4117052 345883046 2631333828 253118528 2469038030 2721828559 1462091489 1287925872 2662120137
25 3 2 42210 1 1938842224 3000599842 1089226458 1387124754 2868173944 1805960312 4181244210 2075261313 2199870009 864501432 4077460758 3069915962 2637670114
25 3 3 42523 1 561064474 2413589386 1629357651 378002020 2181806215 1465345347 4209930342 3228123515 1722614074 2574253115 3781479730 1954324069 3113622066
25 3 4 42836 1 2051534108 2392024226 417996067 1685023982 3374545093 2671316044 2356231578 1506238500 387346971 424214804 1681275521 628038369 3109612299
25 3 5 43149 1 1704522502 983716098 52847717 73954049 3009048456 2525170208 580465150 1727882864 1781117752 1774889972 3804293745 1433753731 545799347
25 3 6 43462 1 4175054244 4020440500 3532676942 1944600678 2204239800 3094528992 2857144762 994453068 3951397012 3121107563 505758974 2711693038 486013784
25 3 7 43775 1 620958882 515008322 2377338742 2917461344 1310771496 1446251582 2648477498 472150626 1476061439 3233619715 2702305051 906373394 314262318
26 0 0 21086 2 3266317069 924946164 906354760 935448202 502461192 1865448781 3403305556 2612216502 1412337804 3032147107 1154469044 2726702815 2166540247
26 0 1 21399 2 885040898 3063871965 4252299475 2923371893 120565948 442130171 1667692100 866804375 1682867086 1916897673 3982496927 59846242 3971977393
26 0 2 21712 2 984443087 2041469662 3429950826 4236107320 182509728 4001338882 497914042 1095986466 424767443 1335124848 3954441302 374987621 3633288165
26 0 3 22025 2 2084075859 4279489416 542757894 1548815986 796593912 4203732232 212561160 1214699225 584577930 3509452705 3465976207 1159948115 1780283950
26 0 4 22338 2 2259637571 197573522 1013228342 3230428548 1630363157 3154097122 639453042 2273332154 466250692 627551697 3202929286 3703482322 836308161
26 0 5 22651 2 3057759665 2814101948 66324024 2287025024 417308952 3661449767 1111915160 1219293202 2741054791 539472944 2442598830 2108322986 4144626123
26 0 6 22964 2 2337627218 1234137551 2376947435 3969718551 173735921 2776891364 377298891 409865742 3567045281 3627999532 428234433 3029960335 3325180500
26 0 7 23277 2 2515005988 39543959 3092227777 349898607 1181536149 3520994679 1437505836 4051829592 3215105312 3589836167 2286129154 2019260940 1354582107
26 1 0 28189 2 3915463200 2171515409 711088616 4148141814 3523144759 4186587239 3218693107 807170476 3638727166 2940149977 3186171472 1902781874 315533673
26 1 1 28502 2 3426324198 2055511567 3435790170 2414434722 4177627332 2790869963 4037330514 1791828910 2373646093 3059461866 1074974828 890362982 3860853633
26 1 2 28815 2 3328631393 2543263024 4194286005 2591284457 3154461895 261911473 1495464016 1051312191 3140568651 2871121876 1405621385 3718393423 1273688660
26 1 3 29128 2 3129215408 2969798483 1609006284 3612155686 176078463 2656594226 981727601 3915324735 2277126755 860847120 2197655977 1656050915 3173845556
26 1 4 29441 2 3508944464 1497409387 260154168 1008104292 2475041981 2134222353 3617975871 2185915375 852694965 2331065502 85924675 4242467125 3223718490
26 1 5 29754 2 2482865814 789385459 3121623070 821920242 3632217053 1364029012 1475899030 3559133193 1510629923 2416104108 1511157722 3679274912 3580014160
26 1 6 30067 2 1227692785 538969350 3999049509 868356161 3529246551 4127945002 4204595800 337227275 3683261344 1105665701 950815168 1969288238 2354621881
26 1 7 30380 2 606452799 1627100424 3284780291 1517688843 1968850661 799665402 1229708592 562721000 3841650706 3826975417 2177332164 3340636018 4007265165
26 2 0 35292 3 3926665157 1938468930 3227487790 2024472418 492657621 3997489749 879877190 1836544873 1171564852 3239168839 3752336073 1992163618 126041454
26 2 1 35605 3 571270142 2675234237 3267582965 1028619297 137780197 1253731150 1849487355 2749079015 3644689028 3829164657 2852070384 995443689 71234789
26 2 2 35918 3 2071996382 2363547231 2394703833 2897291063 2985443797 2439415414 1058304337 3754800374 2580368221 2840420348 2933449891 573700663 1055324036
26 2 3 36231 3 2231212697 773222874 2093507530 4214679538 3746245608 1968035629 4225747941 3333621247 2231242510 3781262953 1848577267 4249996920 612856148
26 2 4 36544 3 3399426988 925084589 2081002119 2818685597 3560170416 2964764858 910064881 1070626188 3769506144 3560705663 2261452537 3699303033 3914445604
26 2 5 36857 3 1860346621 16144318 3089716382 3418260910 1784767653 53952424 1907210021 1503866071 988855645 3889305110 3444495131 2332986397 3263306594
26 2 6 37170 3 3136895318 452659229 1592154097 3770408465 2815739632 1695755292 2341942544 4015836228 2874650567 3123467316 2233154226 276401860 2735277812
26 2 7 37483 3 1860845857 1790853486 1110181758 1967843574 479936688 1123780166 4098107429 563182620 1113708613 1920659982 483472236 3856298565 432547632
26 3 0 42395 2 3892891696 3182810035 3675188766 969686686 1890481029 2570748031 2498058338 3077964217 992058497 3116927368 1153501477 3979729259 2614508636
26 3 1 42708 2 140241383 3787833946 72098885 2049673083 951541021 3145465052 2148594345 1248772801 2597761403 1192933476 3769149497 2117484156 184267968
26 3 2 43021 2 1756276244 2225452609 2897581858 1122475090 2051539261 2138588285 287167463 1611173688 3054132802 3113035597 1782355712 1635244526 1869177853
26 3 3 43334 2 3755083328 3439997963 2892186754 3389633910 3215775011 2521616584 1412487077 2364793003 2534102281 2265932642 312724583 2454985929 402408790
26 3 4 43647 2 3240765233 3504455838 3591419631 2143622817 2489882787 677281844 2560613070 766451755 1893282497 3573181482 338133908 608887008 546747725
26 3 5 43960 2 3824378686 3119281889 878760164 1136589598 1666714124 888420361 69276216 2960366301 2981954058 3994706141 3707738431 132619636 1834116728
26 3 6 44273 2 3398399073 3789841982 2069059779 1554875951 1865819830 272694196 3621531008 2602069294 2293976225 1480898566 262872236 4177890495 2439533385
26 3 7 44586 2 401734319 1983138478 4125704913 2084028801 3248576916 2712780676 1185679918 2128482804 1923161081 1239103062 1667087272 1968943505 3067115784
27 0 0 21897 2 591254803 3925916641 3942515457 1450852001 974528782 1697555088 2667464497 1411435376 1118739315 2221085080 3573324978 3589090405 743964208
27 0 1 22210 2 4205757487 1585528641 3245721851 2732104336 3684571856 3370929718 1596468759 303771568 4215023084 3912415316 2079078706 4128819223 3163410876
27 0 2 22523 2 1795034507 1879564629 681202303 2125275908 2850372334 674588323 2614885982 2826850340 593507126 1161935128 4258512377 64275112 1287584683
27 0 3 22836 2 2456692318 2303792626 1905580844 3524791857 1906149801 2499584892 1112281265 2579847533 2427644551 393880807 3004927156 396759997 1288625247
27 0 4 23149 2 295093422 887318636 952302306 1359247064 2456107267 4001506626 3461909864 3877383052 2697968603 164494353 2082689322 47258370 3455615398
27 0 5 23462 2 928892491 1713996321 1080706785 3676397633 2741035984 3517409014 1043445017 3028846764 1735603956 2101166318 337009392 432953039 3577110646
27 0 6 23775 2 1447912764 3295479986 546001828 3549985017 1335348379 2443383163 881642009 4042991519 856933369 936297476 3803473127 3471492243 3142948508
27 0 7 24088 2 1918658260 2804310916 522581874 3462117198 823394311 315884127 215249384 2931582632 1586318435 4176803266 1756445185 2960649348 670859385
27 1 0 29000 2 100259827 2843719615 2819716894 3824571666 3072516187 2809192259 4042323543 2103414731 1197238303 3735728755 759887650 1339809945 3582093242
27 1 1 29313 2 1539836536 3925198740 1827703523 2872203752 1954672268 934698383 2254679017 1007896462 219720048 46450789 1069913926 1784573913 4171219121
27 1 2 29626 2 3262591771 853681681 828225200 3282359847 1121371687 133269109 814298671 3456097427 1734527820 3250028532 787896736 953091175 4236098322
27 1 3 29939 2 1783094954 3979856894 282788605 1329972629 3411520866 4148527956 3691538079 940855263 2215267809 2282457604 4196999865 1870161500 3145801385
27 1 4 30252 2 591200104 98436836 2010897127 672566236 592405852 1306336717 1154732085 3734179656 3350199762 137063253 4171496278 290382889 2818070434
27 1 5 30565 2 2414185110 1288486950 4222862931 1524969784 1367064664 4228308862 2584213905 405558349 4018143657 1252470025 4164897459 1069246586 4242395185
27 1 6 30878 2 1561688528 2400004798 963492311 1486469359 506307340 27008064 1267289594 2077678170 1756286532 2985328682 3390991313 3768101293 4241082535
27 1 7 31191 2 3583847791 3969987263 3321173420 1278123518 300421055 401917986 615629867 3919647162 2852545815 3769775083 1910466276 2740035453 1853942571
27 2 0 36103 3 513228577 2583899731 4192017087 337012823 1828308950 3148769564 1208982099 3307353946 428814800 1110265182 2450235213 2477735442 1991999811
27 2 1 36416 3 917297764 3139874690 2503654284 2409726494 4167684127 1207640048 1269702572 103614295 852603125 306154124 3591716015 1748517474 1738881338
27 2 2 36729 3 2293188500 3271219986 2626335690 3371008678 2211606737 2465858150 2246118810 2723379854 2451692073 135663257 176704017 4071655006 2435866481
27 2 3 37042 3 486033363 1239985091 281595169 1939436801 198405000 3485905782 2634340143 2693369198 3395884196 3230456853 3235050966 2128133155 257048078
27 2 4 37355 3 2928431045 122248713 84333855 3602408823 4284279626 2679737264 706333534 1173931876 2642839021 1283358924 1906006457 3523652930 4095023089
27 2 5 37668 3 1620552190 323361416 2485216908 1384210835 444224775 3763564471 1633062898 792449978 1926828720 654559984 3757058907 2210810070 1340551309
27 2 6 37981 3 1217860293 3562644431 262335581 674594485 1241408252 2196593868 2143492697 1680343998 3051083836 3139033440 3392866143 3848977404 107976697
27 2 7 38294 3 934980764 2183492070 570818658 3811855902 2515040707 2118103303 74610538 2310019911 3281609513 2550478422 1251973053 3837015610 956765315
27 3 0 43206 0 589620285 531892505 4287857578 3680934797 4113491465 2214537919 3373833183 600208005 1179240318 19405999 4250890239 2738792324 405456943
27 3 1 43519 0 2987763050 3931793328 1958073257 3174832319 396253138 237319449 2545547422 589333851 1146185735 3842883486 2029492272 1826301659 4056104668
27 3 2 43832 0 3883702498 898528182 1539694373 1130218102 3024825198 2299221104 1341151849 3583284291 3961172481 1616636835 1050888174 662779755 678874040
27 3 3 44145 0 368747962 3545407346 588070911 2962352407 555018116 3326851224 1241328950 573911713 77353505 2230400849 1017310369 50257518 1790758903
27 3 4 44458 0 1080859205 3291512343 1748882940 3317860067 835163987 559332045 3118439351 692349879 2187572897 854410623 1049652882 3008221857 2154238521
27 3 5 44771 0 2791723136 2445885824 880709533 1836601973 2558726418 2809447952 3954276496 1303625854 1351313337 3546389583 3801160958 1672290981 1629984023
27 3 6 45084 0 2247421978 1154140434 118386169 2709985337 1322013958 3397716120 1634904266 849322034 1809162710 3364324346 4110347671 873364388 655016863
27 3 7 45397 0 1182222496 1545032824 3689596907 3833909419 947865464 2323427302 1111415391 4087957505 1890814168 3977848104 3006800857 1281634722 1177147801
28 0 0 22708 2 1755852169 66204970 1395063768 669419639 3832483548 125936099 557280958 991530828 4023425790 3794105439 1438564172 2513328641 1593767976
28 0 1 23021 2 3608217152 2572869227 2708353421 3463681606 3942053250 2953856035 3721127350 1859768935 3390799746 998651855 3597354959 959740377 2827736338
28 0 2 23334 2 3619464301 1738577126 1933404146 2110179306 249306004 3440477320 4149468399 838729137 4195886436 1431049757 645090390 1426277999 3927595713
28 0 3 23647 2 2825277080 2794806839 3667433891 937726288 3459389383 250556943 131080544 1551607399 2964280788 3218922485 2466284064 1075089912 941226391
28 0 4 23960 2 2810842193 563155392 2974063806 2890268153 2337462300 3870277068 1645540077 953848724 3188562091 3304841671 3834711729 607606892 4133681337
28 0 5 24273 2 2337372156 2517230703 715993725 486226973 3387738398 3479536825 404980487 995874458 2530366010 1351040681 1336808859 1528685667 2588021527
28 0 6 24586 2 2703032901 3713487950 2810047912 2466511148 2260407799 710993745 1559386530 2253721529 418765608 2884990639 1543063784 2528137406 655234036
28 0 7 24899 2 4121978162 508952787 312752971 2548503175 1351274041 1954647543 3821899616 2486871814 2715884090 3066642348 2406155442 1579915952 1180471755
28 1 0 29811 1 1866328886 1092968795 3536737200 631268559 607937186 3998249852 2150006661 3760327605 2812661719 1878060369 53032013 4029368862 2210359833
28 1 1 30124 1 1984501963 2408502620 635394015 3289434699 1184386361 1029417729 45705180 3996442710 395749288 1334272035 2271094792 3200876698 626776092
28 1 2 30437 1 2398635221 2457251928 3903754881 2119300381 2099508814 3064550239 1643341980 3253970705 3440278035 2923378993 1541210274 3034817971 3649742546
28 1 3 30750 1 3533313647 167522690 1676503147 2585047015 1425610385 2965574239 1818548290 1719453120 2216325198 3477987243 4210342810 4150311806 2111955044
28 1 4 31063 1 3560533046 2930118181 1353444720 3398745615 415518198 1006353774 4147186818 2097646726 1400568035 4286298144 1357633547 4035834188 2018123589
28 1 5 31376 1 3881495161 15047168 1754085561 182630219 2290093150 39189511 3055811728 1780889604 1885414138 166710476 147937162 2386752873 3061763980
28 1 6 31689 1 331505992 2391012195 4269820960 1330701168 2974978268 1765566534 2016988193 1876284752 2837716282 1558803480 1630782780 614088565 3699416628
28 1 7 32002 1 3185995815 3619868718 3430109127 2374238249 1701104648 2768745301 4005053936 3693223053 3882880467 2174694831 1694491482 2713065039 3290908034
28 2 0 36914 3 2233604839 3688928318 616537004 1470103980 910054302 1034699503 4030473820 3702674772 2103497849 619995902 665345519 1076608484 671117849
28 2 1 37227 3 451717457 173329940 2985880278 1135757606 2594346171 2458681914 2002438091 270197061 2133982819 1367887682 2502576707 1352719813 1249631392
28 2 2 37540 3 1619884254 1463157361 966832647 2661563364 1247586740 1478748704 1070818444 2270107708 709538732 38227239 766369395 4127264501 177509960
28 2 3 37853 3 262431190 630300997 2176783653 3254338349 2248621671 2149294840 1786059008 2465312935 1120581533 3636403733 4033176749 2471333066 1820618783
28 2 4 38166 3 4189117879 3723196670 1930295340 1344556588 3964730459 1576218179 690845693 721005627 608568628 3907930043 2215653862 1264025067 3752396176
28 2 5 38479 3 992721411 3172024750 1140441100 2146009898 2111894852 2814728627 2965448325 2569922834 2325641243 2424967975 3787711800 57446015 1768421269
28 2 6 38792 3 3837095718 473828423 3540344495 4189897612 984248260 211854684 3241232092 1089888296 2966189754 2821736088 3079445677 851435982 2854384036
28 2 7 39105 3 418369515 163151914 4070954386 3946555149 4144920563 2639130814 882011333 2951654506 3921778256 3965264398 804982812 1889600963 2260294964
28 3 0 44017 0 1046448377 371588082 1350436967 128867635 3538783460 939147592 438235770 1672044628 4035083682 1209222125 1703617300 1383587566 2781924090
28 3 1 44330 0 4234285431 4198478320 1022865039 499969452 2537118917 2499071732 3838305009 3976172548 2776095251 1471092568 970361970 2193173191 3502221292
28 3 2 44643 0 2941733797 2802579690 3251601859 216800959 2905821899 1237351160 996608869 1050128683 3187340634 3092746709 2035924720 1661532257 995068486
28 3 3 44956 0 1920954208 2504095769 3691552234 1278354212 1983535803 4091341310 723484756 1064025735 3234910201 1511438921 1564288609 3940049663 1181846560
28 3 4 45269 0 1057834767 2517046082 1428659001 2257403215 1779554432 546616502 3857465800 3810640224 1037519930 843766117 942255754 2822223979 4047040725
28 3 5 45582 0 2866452951 2546949644 2215151045 1425983134 1211504085 3611324540 945987889 2874332168 2341824910 2640258458 2845830130 1636177913 2254157056
28 3 6 45895 0 2650776933 687842494 2291649107 3744169263 1762438675 4006528348 118367955 3320496226 3684545633 1062905698 1144293104 3962920259 1439684912
28 3 7 46208 0 3315293720 3217678775 1307599994 807162616 1946138903 2366421074 2120718921 2148397845 2687437907 2173865440 2010732197 2478973450 250251709
29 0 0 23519 2 1312623365 3399235237 1113277930 697522095 39368215 65852902 2140328450 2247747341 2272285764 3694572096 2038614605 1948814731 742502363
29 0 1 23832 2 1079986534 3984999364 1140501533 2251551948 2634188532 3377716850 1636105427 1327406452 239535295 3493633465 3979881882 2518020581 3451196364
29 0 2 24145 2 2347942129 3051676151 1610124966 2781224968 1393515050 1808340638 1035534757 2593509685 1124920357 216816826 1414165629 3121631353 3277946351
29 0 3 24458 2 4283610166 2615049994 2963285849 3670012434 1733150902 3877366908 387511893 226177794 3778744421 4124631404 36918554 1971316775 4016264772
29 0 4 24771 2 1414201877 731856643 669675510 2704175432 1958189668 1970853998 3401035114 1669828794 1497347592 3720131475 2421468624 2793104029 4009974914
29 0 5 25084 2 3979512481 3547114761 2412680768 2566331782 1966502744 2902942017 3335080174 1283578468 2177442406 55557740 1427433835 3010398184 3851413203
29 0 6 25397 2 2630263994 1685264130 906610605 1800055380 3007240306 4241231368 1784520721 1855400140 765085721 2781607166 806341477 1176382305 433578380
29 0 7 25710 2 1454527608 2096453222 3297332175 2120800882 3164542548 1054191997 838911522 3725642216 1163531186 1671356970 2557202171 1393143956 3670025727
29 1 0 30622 2 4223890684 4198496098 201782936 4008235022 4112381424 1775507135 4215152045 115311019 2813388149 397391863 2772612662 3872851359 2580219420
29 1 1 30935 2 157261637 3788484647 1122682147 3909757289 15803423 2493606074 3428354868 425165810 3702134802 1818194481 1047156994 4180748501 2991446760
29 1 2 31248 2 4278961496 1199618984 358115226 980048901 1326645235 769421641 2268063952 1280758690 573106121 3618103530 3059862675 3034906118 4170380449
29 1 3 31561 2 2592012115 3375971767 2926511924 1913291474 1486191307 4088542053 3615073186 140554248 1570588208 2446203188 4022436821 1976929738 1698909979
29 1 4 31874 2 300949602 3277237082 419335832 3487934478 663311382 3185209761 1391367634 2264534255 2011935573 427663328 3448676753 2225936304 3419490357
29 1 5 32187 2 175433156 4212202364 3378227622 3180500659 3149194972 1853313101 1055909201 1876882650 2421266245 1147840817 1607197538 1905708686 3616445012
29 1 6 32500 2 3513805779 1177897691 1945286493 2864774223 3383039813 885387790 2184854413 3121514667 49426139 202274652 1894480388 3651713762 1168914461
29 1 7 32813 2 399649573 2827858761 988091804 862201276 4192453195 3283143189 2870380337 766845930 2907583805 884537929 1812480959 874789409 1461129806
29 2 0 37725 3 2278515218 3317873758 1054663961 3623948819 801109785 1968281320 2732610908 2620593344 1978632102 137629110 4052180998 2925456618 2792803951
29 2 1 38038 3 1341547089 2219957791 3769135610 1896573170 1435164984 3936931148 703191518 628797247 1921796093 810072142 526371351 2096186620 29579143
29 2 2 38351 3 587326937 1484216585 2202300884 1508804774 4286222 878457121 1684980852 3347828415 685543376 3205762105 1387869736 4286327252 1465510329
29 2 3 38664 3 589079080 1900809092 687839233 1670190983 2092501010 3060483895 2169866575 3101484854 2392261599 1547347028 2696538891 3861495731 1020407473
29 2 4 38977 3 1495518458 1691476188 4288143851 2591800823 1331059742 2540544319 1402629475 3785761946 1847087170 3020713197 2821386952 3817780855 1977585743
29 2 5 39290 3 698231789 1275095367 3483635542 1860597678 695456080 2228875736 253735668 1000445409 2045456239 419717240 104377949 133767159 2502039976
29 2 6 39603 3 1194660361 4035426931 1371388064 1559348390 3809934944 1086643171 3988452589 3177797099 665822399 2224364704 453103760 180642609 2937262700
29 2 7 39916 3 3796543258 2800931406 894586007 1944703097 1980930868 4171748010 1072723654 4024463429 3864694886 3258947925 1635115365 2456123274 625897928
29 3 0 44828 0 2934030700 1362817688 2106167412 2254736200 2380982098 2121678735 3540484138 2591407891 584548396 2766006001 2623996263 4145768880 1098237481
29 3 1 45141 0 909611400 1332010878 289615240 2921023582 511160286 3896261989 3291468876 573208852 1739392254 1231205961 721895040 2174010247 995373188
29 3 2 45454 0 1397766078 2800677446 4204415884 3871737338 3035855698 2228144669 2429531789 2758399169 493010733 1961887731 3037532427 2843577895 2811000488
29 3 3 45767 0 573481803 2405788315 4242819837 1486363257 2682285634 865126513 1056142990 2864457711 24739017 3741316812 1620455438 3225520446 4047479599
29 3 4 46080 0 845686467 4002351283 3138590823 2622274884 3991950179 2584562803 2403283387 3168545263 309362262 2459951113 1251689168 4207324398 1555024321
29 3 5 46393 0 2524904540 2184662052 1732266509 1542753695 39977612 1435715911 950319864 977416746 124828423 2313556346 3656055863 960668336 592883875
29 3 6 46706 0 809510163 2153358205 828693759 18714459 3457668500 2917118242 1989161306 1197667401 1135292569 2500380196 3201176135 2661438455 1821845217
29 3 7 47019 0 3995940540 100976580 1810178900 2068948146 2991388234 3828506055 4258426591 2103670699 1554964242 1775076829 3538619467 427653354 2530450025
30 0 0 24330 2 3398631188 454274098 3696914768 297952718 826383646 947614744 239985613 3660540036 4184839945 807839333 2101761273 103698749 2439402616
30 0 1 24643 2 2769391337 2084309449 1929946319 3715450952 403067899 1639197081 388893150 4240351541 2044530860 2093748813 1713158410 1868690970 2039068072
30 0 2 24956 2 1770625165 1247337711 1875647749 3104046666 3314199013 4174740553 4286601378 2675700473 1222729722 4206546901 3812559090 2612613643 2849679462
30 0 3 25269 2 3472732517 587066977 3798211639 2478739728 281343265 1795087123 1680303472 947961575 3710996016 1269362251 3730279700 1016938477 3927794749
30 0 4 25582 2 3995893790 1454440012 645642222 1853589365 4137927246 634061472 1550314649 2186944203 3863138957 3894336803 3133517525 662400500 1936972645
30 0 5 25895 2 1117272691 1556474711 3234221693 2450691362 2796724821 144131989 1992093824 4257153319 3706567880 3772850877 1447238822 3085637368 1563328252
30 0 6 26208 2 1530621290 2276002360 3896783762 659206753 3137000064 63045014 1815332293 277717658 2706402423 2304175338 1666848281 656882934 1563243288
30 0 7 26521 2 735115865 1857408607 2230777653 1054715546 2763248181 3497619481 4162448538 3553717929 3030053276 1209382203 4084648008 1778780628 2526650330
30 1 0 31433 1 1170590411 2134075029 215723166 2304531781 1961747975 3915935337 4199656372 197213673 483248814 175500571 1493591581 2103599239 3185103267
30 1 1 31746 1 37055646 3598176668 3457237461 1020183063 2675729194 1383280748 72969793 574990953 4017729939 3552468566 1694957329 3373879832 2024513616
30 1 2 32059 1 3722195716 3407310136 1924058427 2500492806 3271838540 1477181482 2643515423 2124556274 914190341 17631888 145049881 2744185337 1757437769
30 1 3 32372 1 2233661360 700394784 1397690351 1901539752 3905208292 1338125762 2747593433 961296224 382335001 3315928463 723763189 1690821330 1151949749
30 1 4 32685 1 642492867 2774533579 2921950700 4258590135 2020854625 1007149265 63031420 3333304735 758366868 3540378427 4177726368 3378674967 4080177982
30 1 5 32998 1 2100705947 1253002417 2091590178 4240438801 817804443 833836999 493873904 2160652877 1172470572 3999979877 461856576 47295351 3769593813
30 1 6 33311 1 3979055860 4209903358 796802405 2342021482 621773744 2548503216 1595706091 2100955266 3352966235 1040301972 435975418 3680270738 3338543927
30 1 7 33624 1 1736444253 4142286825 2119635338 3092889849 1323512787 3906190335 4278678748 3805088735 2984592740 553620409 1898534776 3422572029 14018392
30 2 0 38536 3 3797823061 623934517 2350284195 2325250926 1389201024 2317627044 1780358805 782198274 1550303059 3334817056 240331455 477779648 1481201872
30 2 1 38849 3 3782219803 1194279805 2247886955 2241461916 3900926988 2554572966 2028774421 232328042 820281457 2000549998 687907429 2172502256 4188301845
30 2 2 39162 3 1601082441 3764102113 2362900911 3730462597 973485908 3470452322 1809841883 4195744878 1485809491 2439495028 3647303146 690435854 1571354629
30 2 3 39475 3 1560615689 3479593863 2723905809 3722679326 2441456418 379509114 3574415071 3229805890 3417300051 1844937178 2598452335 3762595314 3202489733
30 2 4 39788 3 3488002574 2634421250 3587743812 2856187023 3662742345 1824100573 2894808286 526690611 671550064 2007057401 1328875196 2128747639 3757168467
30 2 5 40101 3 3962581922 1664499512 932990306 4024843985 3863152059 109359751 1932834372 2889695799 2685901916 3680330055 1735029468 3908440855 3828945766
30 2 6 40414 3 2906993493 3050660991 982406383 94244520 983765358 989496064 1437111781 2383272320 4007461873 2836914698 147766745 3059363232 2438202990
30 2 7 40727 3 1928298831 2139438139 3132162287 3712535621 4173506828 419577290 1046122555 1411696526 3838888389 1847828820 3313295897 1311467042 504018764
30 3 0 45639 0 992115721 262925839 2361698468 1002498607 4096433447 3884871011 3541846972 273243581 4232521854 2482626825 3873469942 1874034967 4229102005
30 3 1 45952 0 3709302068 438551932 1042628287 1339059287 438691050 749568688 194828165 2146806433 2697191751 3873976197 78328738 333895495 675918836
30 3 2 46265 0 2774187504 3266915094 1394186417 2908315518 4059149220 1277858840 1812922763 3028221948 2396897271 3501273884 2543247742 3711135471 2180521312
30 3 3 46578 0 4108384105 1285112869 2430291422 2511225093 3141339529 19769131 1559148422 1004626755 2603530946 2075683309 1873933439 1485986889 3499665667
30 3 4 46891 0 1042758940 1931832102 2514783549 2964687799 966949392 3371094768 1493191927 2964230056 749264132 372843911 3409168062 1155675456 3233500026
30 3 5 47204 0 2273091170 172758206 1068955399 3424769917 4136836582 2568235126 4270442547 324350714 694560419 1814687622 2483043376 3814003789 2689954389
30 3 6 47517 0 442933123 2965887579 2783685666 1493323358 2930634459 3997223135 2791583796 625413295 3449980152 1575110641 539673324 1780377710 2307329222
30 3 7 47830 0 3353854123 2376712197 1066075472 773144327 1514230177 4012148385 1612828404 2341470129 1851059660 1818930331 3005265281 1720728989 2093020042
31 0 0 25141 2 1908028153 1952683081 4145462082 2443486153 2924325712 4076616891 3294244641 2594308488 3899644013 1163346199 973711776 3239018531 139667535
31 0 1 25454 2 3796303101 1974661057 193752374 1792721471 2984232590 2308864016 2277379811 2082097507 897911005 565217474 3015624673 198277943 3782403858
31 0 2 25767 2 1905833544 547962066 180340954 2227481451 3879166112 1572963057 3273133075 1109742322 3154638543 1879851760 2969987069 974436515 1823479431
31 0 3 26080 2 1750253595 403299581 39487441 3169315652 3960720104 2798808965 723707757 4101521778 4106381095 1158311509 1392752432 145885356 4002797423
31 0 4 26393 2 1015130295 2353719929 2739265904 3792540798 2061824133 4152019541 659489261 3083913236 4097884575 2087158758 3536352710 3836883771 4170739327
31 0 5 26706 2 3998649897 3474741739 2890590750 4184841639 1193162415 3176462327 132878706 933230039 3861937221 238095062 3160023090 3882729411 2034322182
31 0 6 27019 2 3404878278 3958056354 2910359045 2871986913 3267187826 1139042363 1106888795 378271781 2175437604 878061948 534499250 3298601309 1430206013
31 0 7 27332 2 2946799778 2388232132 3008082629 2570803871 1842497191 3880219506 2746710865 3148323512 1002396991 1655548862 4090723871 3491630097 3517329229
31 1 0 32244 2 1341621623 1876005659 140081829 3683344260 3607762733 349572289 2882340048 3168853462 2516940692 1401364596 386502332 2629836822 305556964
31 1 1 32557 2 2295309782 1973803464 7924964 2342454861 3108532394 217367154 758825062 479521351 2681820657 756945652 1893374985 1041494370 3859712493
31 1 2 32870 2 2939760363 1090823751 1915465861 1705993565 2014010895 2817248716 610953790 1762742861 2170284675 3826869485 1590683628 798697564 2698296709
31 1 3 33183 2 1943018753 1872473099 2038471953 2556431876 1986038429 3611339465 1118971856 764553037 139823346 1660691044 2271354160 2138410805 3936508478
31 1 4 33496 2 397714311 36300115 3322418513 2899913230 1999307623 3295446247 3192308085 2408564924 1459584147 2909491222 3426714747 3965622624 1066181287
31 1 5 33809 2 3597862566 3638187284 1021493494 2675822122 452198584 4219567259 4053669589 2797767788 522699491 2327015327 1967795913 2378528447 2947649864
31 1 6 34122 2 3240913272 2524149966 3719684049 76438289 3448584834 2517639803 4190222124 4016114618 3660671191 2846068288 2895091536 2640314283 2749735
31 1 7 34435 2 2215859765 2195507033 2154902977 4287454177 1506646573 1419519312 3664347481 628271068 3343440703 2677924817 1678926705 802474764 3204351073
31 2 0 39347 3 1919978040 1624620850 3277890482 2523129347 3075309272 473015154 2126224005 2900266884 3089661973 116605586 1254270034 2094033891 2434447089
31 2 1 39660 3 772073380 1614750958 1685428001 1544777473 2891872164 1942440259 2460027633 784418227 1873939861 2710408335 4032431678 1202274998 3696546371
31 2 2 39973 3 1119378873 4021455959 2369439571 241762419 4245359467 550174200 87411994 2795674548 937459910 553426874 421974218 348147149 584256012
31 2 3 40286 3 4258559710 877424918 536929641 895085577 2132703250 4119986103 2123594449 3009137930 350781421 1111913648 1553896250 3706341924 2304250967
31 2 4 40599 3 775334176 382477420 2064122752 3193296913 2298338641 2456608902 3030099798 3519864791 260526439 4150978747 1519669859 3081319382 537376353
31 2 5 40912 3 1847151315 2900159369 3950893587 1363730878 482673597 2669514254 959791042 1791310261 1250173646 3000341151 1124850499 1018327854 2841722990
31 2 6 41225 3 938962985 172298915 979304857 2325045196 3424240690 567979791 2548101149 4157676488 744145083 1833644803 302017179 1504469773 2686799947
31 2 7 41538 3 295070859 257284955 327791176 3190981145 3056788937 4226505661 4167040083 145432903 3007089308 1036792372 3411651513 1390238494 1162909752
31 3 0 46450 2 3772649102 740640518 2660932734 777581659 3707826852 1136076903 104263287 2471124667 1846198450 4222204527 3761221013 1827924079 524044741
31 3 1 46763 2 2900464322 1111531842 3602346313 2754552348 129722766 410494726 787733725 2537681824 3138715484 2975753307 2089659843 1598882502 469543953
31 3 2 47076 2 3585610728 4030972316 2192437335 2196479258 3440936285 2313078968 4225011614 2019475807 2249063873 2555238715 2867343265 2933975656 1873353900
31 3 3 47389 2 2232377628 1870894882 1339746619 3419585030 1660003264 38558950 645803869 4190684320 4122774007 2147575972 914142316 2945474362 4262977587
31 3 4 47702 2 2050152024 2818320376 833196148 1499128737 107829371 1776699726 2952513364 3472249803 2612104611 1026583586 2835852543 3084328162 1085478362
31 3 5 48015 2 3027254084 1871267724 727838904 3349735838 1206736346 1062941779 2998752569 1392132604 3961473025 3599728241 2016555119 1544379745 908117390
31 3 6 48328 2 2136391562 2968073612 1403005599 543003298 1254508435 2141515500 1283223710 2518161321 3585226538 3771313824 1528953418 768619158 2620907654
31 3 7 48641 2 978019581 3538446627 3856536777 2893585065 2279344051 3811026142 3605939660 2386093794 3838146488 1822540356 2301932254 3079711745 367995198
32 0 0 25952 2 2264914894 262141578 3514437485 1119234703 1696000066 2166658522 3312931013 262676432 1707583663 3116261058 4002480981 966660115 3832314123
32 0 1 26265 2 424084749 1148016533 3580887310 1098671822 622859110 2571158627 776629967 2138131232 1150177571 2408244891 1229652444 775425766 3947982859
32 0 2 26578 2 3718802649 2441804347 3815668018 1289923783 3010183753 1734794187 791675484 2295681138 2656586268 906763045 3920827616 1457584822 4018419947
32 0 3 26891 2 353582694 1964027020 3781300313 1939600909 2933561728 1475179417 2423066866 3439662393 42542207 1583781778 3507298097 208982287 2435817180
32 0 4 27204 2 2300372353 1898025069 231516046 3869269439 508646200 2421128034 2021600538 2208903665 3262022420 725823418 3947646816 902043855 1120970107
32 0 5 27517 2 415626510 1623442116 1101857921 3840983493 80815353 2358078470 82723992 224602693 4203375829 263228205 2357348352 2752511447 3468065497
32 0 6 27830 2 3375456526 76457214 1832352365 1832017142 3247514092 3680540538 237543864 189858980 463555852 3163976410 2564864429 4190250581 3476993964
32 0 7 28143 2 1643345090 3683328952 2855450561 2548116416 2928963759 1933581169 734288581 224865389 2994675951 1219735022 2407577232 1696153143 1191747252
32 1 0 33055 2 113723480 1034306108 2288080926 669100442 3550192116 3942141768 1467413098 3398366974 753929059 1475368278 3879642146 170378984 1042126349
32 1 1 33368 2 1567019898 3944002466 1910489572 202066052 2298433587 1793574097 686684095 616612626 4142988995 1053493623 2586650672 476535094 912889184
32 1 2 33681 2 3466790425 3507325623 3840959667 3593667229 4082115818 4267568816 4197340675 2544136387 253915754 2068059814 3148755051 1065733533 4248463293
32 1 3 33994 2 65734884 1425477602 2443886666 3435748958 758825120 121839211 2385799077 3250987954 2951748628 4253724542 3579279383 3534881349 457152339
32 1 4 34307 2 937714490 1227697742 3573435284 3818607332 516255630 3226685074 273505430 4203077706 3571793682 4012062515 2078636255 584174697 90503802
32 1 5 34620 2 1984541221 579134377 29959143 1040209637 3840533175 1813064698 2097961690 3552863087 3469284341 3209286510 4110234299 3683727520 3067764970
32 1 6 34933 2 2150088703 3007879065 4088319289 485327577 590651007 4253103535 2980862747 2163946645 1131796967 3695574933 1534459647 1641416171 3704488017
32 1 7 35246 2 336239385 2277404119 3644561859 1989447219 734138165 2552764773 4005727715 3276757703 3284602508 544545687 1261646489 3268441616 3200081333
32 2 0 40158 2 961374792 2399828830 324665561 2589039825 1249127409 3769210239 1959005414 910577698 2822181110 4130471257 3822224678 1341809314 2633427607
32 2 1 40471 2 137920992 4245804704 522574001 1155791196 2848846425 1117327006 1239910747 1778056143 2280413265 1606238569 1438264877 1441451785 328850641
32 2 2 40784 2 2176256149 3813826605 287726084 3931309217 343518216 492251079 2747299910 2733659151 3475865621 260223496 1592376782 1415744164 1377895481
32 2 3 41097 2 4168330629 4244557315 4174430432 1400688846 1185904516 1458962276 1472246234 1777238341 3289030686 2023336524 845830445 3821636789 3116295296
32 2 4 41410 2 1685725029 3114035009 1522713128 444334050 836440437 939532375 2064095919 4045874396 1996397232 229739223 999905507 546294777 4157213668
32 2 5 41723 2 1377383760 3666036846 1172403601 269966156 3630971772 3037438437 2508420310 737538434 3886640049 2326389174 1871523665 3671058578 1801883207
32 2 6 42036 2 4020305178 2758539210 1518713939 3830384448 1918579635 3128482429 3532015347 3573925114 3758257799 1720331980 2902782399 2326636851 3973315240
32 2 7 42349 2 23140928 1417301660 2394110993 1168812298 1335311271 2818509096 1326265750 3537332416 820224769 3929747238 4108846039 932403556 3531665674
32 3 0 47261 2 10916220 4118470958 3009828224 175003451 2818968652 2795406321 776425922 1359816024 3690361973 3619294619 3798168599 3364001973 3045947472
32 3 1 47574 2 1561252042 2408986928 1558730834 2676553441 4179576647 3003432514 2165992485 31306993 3036723689 3122689108 3397450452 3594464072 3540406236
32 3 2 47887 2 3428800452 882194008 1887911272 3462451565 2296720325 2709945107 2680374621 474900638 3103099339 3696953146 3156285395 2632616215 2283486822
32 3 3 48200 2 650234106 3834430920 2601226942 832283084 350340660 2015161917 3880240168 3659939690 3446672930 1297852479 4190122527 612306566 1101983638
32 3 4 48513 2 945338267 2670695731 2958787559 1848843284 1958287571 3538141560 3251072595 1698077565 3286157865 3409428342 3077170476 2348376348 101704890
32 3 5 48826 2 3075364681 3191856611 461919053 3082203070 2571317209 4222035447 1995278244 2181834558 1156137041 1310851984 2677126446 2748793162 1729649203
32 3 6 49139 2 1279150003 3096590561 3527827599 2460937600 697625089 986978868 1091342305 2523181889 3223545749 3002369688 1557249849 4061198483 1262456418
32 3 7 49452 2 465921676 3011414744 665299424 4067230821 3319415692 1356759599 1265926428 971174630 1176485428 490299173 2855769276 4065703177 2095921905
33 0 0 26763 2 2992088079 4152457161 3609172616 2179270117 3985873451 1423633052 3404460553 4108248555 853702411 183262225 973916305 2339714816 1720290254
33 0 1 27076 2 1826418046 3687574676 744395885 639108055 3001230727 1686487497 2267468395 3942576753 448927725 1244674826 537018310 683079678 2451798803
33 0 2 27389 2 3455825321 3173586505 1553641438 4054828550 944770251 852299308 4135551822 926543794 951183111 3145860457 2127693392 315591431 2799795798
33 0 3 27702 2 4038653210 448361170 480084753 1784566769 2906939260 3868143342 739361398 2932756818 1055310995 2025963798 700636785 3606837601 3991601527
33 0 4 28015 2 3649973501 2449020807 3614714646 2748198436 4044013829 1590104437 3557388600 2375747281 3893178245 1909117899 1802306598 3729228664 1966992790
33 0 5 28328 2 2620346738 2064898180 3145014321 292038935 2462534876 660206880 879429334 569261585 2758779680 245230087 2506928852 1318961347 8186740
33 0 6 28641 2 1660105324 3256359926 736932647 833735115 1751922742 3504432839 485419409 2271439246 3171776486 3089232438 3468874057 533594861 3249622341
33 0 7 28954 2 546746531 3739852815 1834004348 1311970082 859069049 232391774 2298354749 1098216808 696451214 2145881656 1405029102 65752040 1296175078
33 1 0 33866 2 435156842 4149189226 3473042888 773411074 2013073112 2308993661 2408329768 330112562 2180521612 1859061046 611684998 1778121876 2115891013
33 1 1 34179 2 2149288215 512378715 3845046945 959575793 3509348606 955153328 1737076512 1027644057 398740735 4235396519 1069594752 3786462572 1960813331
33 1 2 34492 2 827886625 3523719653 2961902907 1723039695 3691920750 446275692 101896033 2879086648 590967749 4211806672 2023952163 167716882 4045928548
33 1 3 34805 2 2407702508 3137529024 2245583354 501561080 3026450559 4148413588 1913911171 212339693 2483678605 732537139 1998656617 658536370 3176302872
33 1 4 35118 2 336655592 4087164558 637678202 364314300 676165206 2602676058 3112282448 2720798003 1905037795 2911388668 849008788 2090841168 2016247734
33 1 5 35431 2 4174133916 3516686826 716138458 2610870042 973077041 3907957271 913278229 940497393 3191270001 3496974953 2583192332 3990673065 3642957168
33 1 6 35744 2 1847069615 232361365 2623218713 2275144634 2261507655 3788686692 3693063218 2559764179 1989889684 2583391503 1998786838 2262728707 2576209324
33 1 7 36057 2 2281272162 1792702398 2507530824 3663590616 1809810737 1549254258 3096620645 380785466 795800795 648921099 82583796 2998267650 2768939307
33 2 0 40969 2 3557389046 2543734698 2751963035 500616474 3343140299 3882668105 1534016825 2058212148 4027613180 2652176231 1746812196 524107835 3573814977
33 2 1 41282 2 2663266617 3028652795 3398888824 1669667482 3535199831 1005008348 71678668 2923254184 3458275690 1872307938 592930508 68506400 1689461585
33 2 2 41595 2 1770387731 3421409925 903271038 3067817260 3010095682 3303227992 2603586816 250501288 1759951827 1458817381 2015282738 1050217291 2994180301
33 2 3 41908 2 3673617052 3464521676 3264278429 2777030233 2998464033 2778298412 3269263607 239754672 2605681159 1400097701 3407242925 3555092359 3955407801
33 2 4 42221 2 2034586529 1634667867 167993948 4271871778 2602593927 2456321156 2443619904 3605200008 2388050955 1786736552 1391649341 1386178951 3531257145
33 2 5 42534 2 2155902068 2961723442 3065755901 1425510135 1231181736 474437907 2080577412 2345025179 2736256942 2333119834 4100954994 3464932786 3996794284
33 2 6 42847 2 2164762432 342997920 2752918841 3659357613 4253770474 4166070752 2760151486 3431933630 3107570669 1229423330 2120810278 769913833 1409915900
33 2 7 43160 2 3139323650 1241954768 3658966643 1626882383 1898055422 1880438913 273801709 2668489980 2796700194 166460664 540526822 3111248272 2046457540
33 3 0 48072 2 2487512942 1785087064 4108074238 4033021436 3363578737 2406551624 545964194 867454068 1264616781 144671609 338698117 2480551631 247005319
33 3 1 48385 2 3603142886 2672668256 3170777042 4148298130 1607348209 4036270027 3730409327 3836658340 4117909676 1388793884 2706290480 1671604116 2010014462
33 3 2 48698 2 3504367624 3431237538 13706392 1649887178 3787122783 3861123802 3468182517 3713199101 1846145360 3622727065 4069484968 4032542712 1724789271
33 3 3 49011 2 1356487342 4052158216 3259741898 3533997052 1842539424 1433591997 1058396389 2972106296 2935244893 1762495803 1755063959 2830520765 2889565672
33 3 4 49324 2 2140147546 904604704 2803538646 1336997466 3627459857 3062182898 1316268442 3461375906 273295851 3618718256 3869831133 1727710183 2532714461
33 3 5 49637 2 501894122 2787414280 3707927714 943417120 3309152271 580992330 142130365 107491103 2821335600 2823696135 2916895788 2336060637 603553501
33 3 6 49950 2 233476338 1671509018 639500162 3543953588 2650079227 3362277624 1867777135 3314977696 1846976402 2893748432 1121197844 3807557244 3439344088
33 3 7 50263 2 1060796866 286603254 4128943662 3090846872 3879666779 3127423509 3279053625 2724182205 3850857836 3912499397 413327144 3197260785 2522728687
34 0 0 27574 2 2638142860 4271472845 3044961089 60852595 2974148533 3819371417 3397027011 1867576330 818836479 1929066180 3736379219 3428452271 158854142
34 0 1 27887 2 359876098 2849653107 3990627091 83748659 1466693208 2326225188 2066345664 1677667569 1348650503 233732713 1354709607 3172465097 140448232
34 0 2 28200 2 1090088035 2313517088 3959052762 3297144972 2807453677 1907327893 3116433388 4058859540 3825693335 2229466703 833486200 1895601488 525270399
34 0 3 28513 2 2910154857 1016498844 3200199780 945631806 1224478520 1383936684 774046133 1426890865 1499598787 2198598838 2141503318 3155306849 2806898963
34 0 4 28826 2 1402123080 2767088563 52072021 461218893 1255847195 3372336834 1621945413 2668136636 3213595075 4164818250 2802868516 849738247 2692874871
34 0 5 29139 2 1381711634 3346118259 1305964203 2642195749 1483038433 8947995 1635955097 2596826509 3710458758 771839254 2369735425 2696943623 1153008147
34 0 6 29452 2 3097187582 1145698981 2155630579 2300074753 3501193387 630644175 2603062586 2327681214 2110316303 1190883623 229271272 1178724553 1504672927
34 0 7 29765 2 3324002228 1201370211 3203333909 2687981769 1414978193 702694534 2595913864 1443048797 707929375 1750344211 3023466808 2745731088 280030203
34 1 0 34677 1 3002529828 4219896139 505518448 2384900020 2135813229 1200127781 3168331167 763572014 3348564543 4142769593 3026737716 284952956 3991489935
34 1 1 34990 1 3608267417 1663298966 270544729 3119448777 475268613 3795490357 1422279174 3598577356 3334381863 1715745623 3591794626 1602798755 1122353193
34 1 2 35303 1 514687971 2139147228 1980137635 654015989 3859164032 1507518538 7225562 1869666738 1244156920 3315696370 4241887600 1972843023 2998821820
34 1 3 35616 1 3820341127 2049347554 1949391191 2793690725 3250416196 1488694837 3361147431 3518310169 3769048010 3155719791 447550679 1325321799 2779323761
34 1 4 35929 1 313646410 2659458957 1472210114 2350221308 3124763018 1343534148 1700933076 1323249097 778802900 1908169666 2720790231 3320190949 4102333173
34 1 5 36242 1 1207948092 91713361 3077678904 998730062 1931622418 545891736 1233534506 2115212536 27112078 3871405535 4100079856 2619204432 554319089
34 1 6 36555 1 614863449 3771259698 779178561 3302091921 4241083636 3408061628 2815888784 1404231740 4127390183 2032208738 3208198221 3446896669 3793974566
34 1 7 36868 1 3843153154 1896326815 269549678 4205279776 4017566298 1204150058 1578482617 2809537995 3411342939 295199416 3985848888 632911352 2645421742
34 2 0 41780 3 2425207374 2011299487 2859219229 2347760561 971366163 1970917216 1307530771 1117122065 21978720 3151590216 2436656833 3247011186 2879794860
34 2 1 42093 3 1712717136 107998527 1302989423 4041678609 1122618737 48741974 153642839 1042805689 2899221964 45599465 3209416842 601241991 3793609877
34 2 2 42406 3 2624313948 2011466565 1370696927 1387277333 3543497321 930819408 1599811003 1968948871 3572369547 121007897 2261557716 3217694236 1427677001
34 2 3 42719 3 4095582219 3735746096 757804656 1782681674 1029087177 3001595617 358583663 3227187720 118184715 1659385833 3407693132 1423150071 273656789
34 2 4 43032 3 2975779736 3649483235 3572434907 3498797385 3807513250 3112712748 2345233276 2260209078 4218068629 1323947040 4116458223 3757959687 1978831808
34 2 5 43345 3 1490782285 1530551840 551510598 1385787522 3207884602 3593684022 592566049 3393180298 1196479347 3377377842 712493340 138176727 1684481287
34 2 6 43658 3 3167096359 3726387722 1199719712 3385166708 1447421295 3543499769 1211887751 240831748 3309673783 1851520039 1997407932 413693588 207488157
34 2 7 43971 3 3082859079 1173867550 1008671380 2025431084 3068803672 2440456759 1071260328 2753411850 2174172242 3958707500 3947874685 3595958509 3239768352
34 3 0 48883 0 2898433192 3070477295 1311269918 1216561262 3225502254 2163278901 3724401000 3457182036 2859913728 1640135488 4220485282 728459388 2077520511
34 3 1 49196 0 43723444 2578119459 2667580086 1681883400 2844365386 480745042 2434967204 1173836474 484605775 669060015 3071486470 3961377030 2727984161
34 3 2 49509 0 178565976 2124626827 866434330 2401071970 3426509940 1773944968 2659138540 452875615 3352452136 3558403877 318992387 615853406 23259117
34 3 3 49822 0 3871035746 3075930909 1774029684 141011360 2758274178 2959497281 1833991813 3345277790 2775698516 535343524 1291359312 2130578699 2286733930
34 3 4 50135 0 1137663369 2306391372 2106339371 2619434549 790789643 970060775 3280541611 1072001075 3500317831 3630154511 1350483650 2956793938 2022135893
34 3 5 50448 0 2262347559 1048892248 1703993197 2194856987 1485101513 1039859903 2749306046 2932956697 452111675 724032901 3517565901 2820803396 3092140446
34 3 6 50761 0 1182642898 1356435781 1287256196 1800614672 2351054185 2210062087 1347820410 2347549681 2311268131 1789521589 2665741993 2304142800 32821090
34 3 7 51074 0 2328211994 2067997249 1149207536 2432425512 3038127297 2914095684 477538936 2566757287 1734570221 4059066109 438239031 105551516 934214139
35 0 0 28385 2 3959564110 2782935223 3300769899 2819033152 3466111741 752320213 4216787285 1817095899 2179444651 1459352677 2425596954 1352551391 1011540810
35 0 1 28698 2 3916820328 3607659123 2426653857 296535531 2735193605 2829829962 2454039605 4048433413 65296710 2470450219 383754578 991556482 3392459698
35 0 2 29011 2 3580462287 901407458 2649346174 349171833 1502108472 2018828200 621794855 2353957021 3367297345 2676173568 431879885 3097163804 4263799507
35 0 3 29324 2 986958252 2677268781 3238808901 1177544505 3663555801 2890338425 3905068313 2575187002 3248369117 988486598 1153046886 2535252553 3928729216
35 0 4 29637 2 1844781015 3925182436 1801542794 932384212 3688901362 179639295 1120739127 3079369051 1007874723 1470191656 383689347 418635654 3965694985
35 0 5 29950 2 2034404677 374404082 3458542716 3489318921 2592827716 3607750840 2181846857 4160267999 4134971264 4033720615 932722702 368401544 3781238367
35 0 6 30263 2 2797681014 2401666263 825414447 1543273389 2734846857 204013444 192014428 4073002907 1700265065 1833878697 3678819193 3853329578 2605647155
35 0 7 30576 2 1237591268 94100199 2698128113 3613878544 3744871175 3608671380 4268521819 1794159579 1166375827 760710498 2581079481 1248861512 1392793107
35 1 0 35488 1 2808728069 4070433154 3953205093 9669975 2326903773 3731843762 1062726517 1448808417 2949332505 1106296941 3650194498 4285825924 167096032
35 1 1 35801 1 3235301367 3852545160 1591302435 2876824590 1173353757 2403523478 1147984462 2964929704 1956574348 848367064 2025028916 817162859 3006396391
35 1 2 36114 1 1925182488 1939826515 3399033508 2905688814 3196891730 4197036703 3263399661 596858379 3142611839 2781839490 1029368213 1591600906 1215784948
35 1 3 36427 1 1702759894 2743443189 1826610258 1989913438 1125354470 2431892625 4176260472 1940647078 502595554 3289169590 662666443 701227312 3263695822
35 1 4 36740 1 56075013 1776887038 1324533377 631141113 4002572447 909424601 2729429679 1124863276 1971334687 4005257504 2672466773 1903831500 207763350
35 1 5 37053 1 2051949508 2528809291 3933354304 3840856008 2830630796 1811051806 3795993259 3903184171 1318624866 4063864835 525841400 2174265391 4196055221
35 1 6 37366 1 4098368829 1284826332 212750277 708672018 3851835883 1342413472 2887495226 59443028 1879744827 1072079376 3586776459 159272728 4263848281
35 1 7 37679 1 1610018110 2206451909 3802197078 4064999738 774572050 3618529598 2421788013 2140888808 1121048159 4271925944 3849359039 1821660038 140756101
35 2 0 42591 3 4043130946 1565726043 1600236849 3241294687 2851544949 1364050005 886183862 3832064571 1093426298 546617771 3735723372 2696904951 1935739178
35 2 1 42904 3 4286557094 2361521697 1484126389 2645439557 3668559899 3504530503 1079442699 3654756952 1367168615 1677980376 2468373821 235935252 1776626700
35 2 2 43217 3 1893951418 2413319613 198623021 2354413059 2647049699 911892230 2234838695 822992828 2203918023 3128745576 2673467739 239605570 870215703
35 2 3 43530 3 4239020976 2374595537 1589440115 1374121567 1329115355 3926688301 531138290 688472413 316396700 1296140645 514071333 4170908556 787436363
35 2 4 43843 3 605934693 472488302 1170817722 1691632075 19786860 125622278 4132425714 582703732 1540112143 2422951074 218472821 954627582 1450810587
35 2 5 44156 3 1386362098 789703571 954160501 1657757793 830590125 1185239355 1104264166 1873107167 1678383826 4110885061 914851551 564509061 2978122736
35 2 6 44469 3 2648218789 1159965556 2428125834 3802142262 3315823680 3987044054 2604718491 1596730958 2867757461 1771663826 1569332555 2079699591 264380553
35 2 7 44782 3 3877319044 2976540033 3051425387 3516972015 1587860059 1300710659 3762483813 1919075497 1047585896 1151850451 4215099846 1955313953 3714987382
35 3 0 49694 0 569144660 2420771345 904451570 3385356837 873611828 3681513300 3302738113 1843563637 3622027638 99688510 2087782816 597706726 3029674358
35 3 1 50007 0 4128993063 2209253568 3287865489 2368447269 2829607971 1545583506 1501069693 2344663517 2373883168 2170738919 338355098 1937518245 3852474673
35 3 2 50320 0 1349490622 989715053 1328941120 188964548 1634869208 4257518671 3367322059 1765544085 406947543 3184675427 4163574173 2450620172 1577400267
35 3 3 50633 0 318902996 2946512273 3644391858 3464821957 1490008724 3988975687 3731274584 3647462376 3529906819 4228625328 2987138449 2014810494 2798107114
35 3 4 50946 0 538516255 2660944172 3157009821 3597607473 570576407 2909918927 1245262165 4155493836 1789314461 3453377303 3934436104 3121291957 3075052640
35 3 5 51259 0 40499556 158207131 3311601286 1288456774 1258862902 2075681480 2994257342 641400525 1786953978 2840574371 4246516694 2165896479 3977164602
35 3 6 51572 0 2770882532 1789559949 370266018 3189305320 1480560018 3839328411 1092118832 907965928 3087118770 272963078 3925769286 309885011 572569838
35 3 7 51885 0 2415938530 1818886023 1872088772 2933071211 336985941 3147489688 2479724054 2359204945 3377542765 3047054665 1355197153 290619473 2496681618
36 0 0 29196 2 833538624 3258126989 2918605443 2237810887 3147247905 1631856450 3715540263 2521937466 1267358323 2889834794 581880280 2174659389 2929657731
36 0 1 29509 2 3078757364 1321892933 618852829 2947470545 4672853 711006764 1361075241 3579471070 1866642127 2080658369 2884438847 3812994113 3994535780
36 0 2 29822 2 1267652006 2870733567 1457648185 1024778285 1118446208 159124035 2088119696 1942740161 2160038156 1670902378 1526848229 1899984780 1836993787
36 0 3 30135 2 934839762 92206267 399053553 17482150 3250739749 1550227680 1670340695 4085199525 3057409718 2195347501 3555253890 2450964302 833609332
36 0 4 30448 2 3110565909 2964872642 136141036 3807809700 1962342570 1121150925 3703545530 3684416299 3511172769 955366879 2462120371 2405821648 738817505
36 0 5 30761 2 4184630582 1797466535 2242193733 2622084882 4109555437 3948309256 3746309065 1989058842 2119756276 1589061556 2867715629 2329980991 3733556988
36 0 6 31074 2 3040711533 3830814328 3260847490 2206864249 1649350068 2877644459 397709022 1756558771 3079890174 1523907738 609431081 2451864933 2436787344
36 0 7 31387 2 1270124077 850230002 89589914 2231276362 857904933 1654054066 3247544175 238081504 422421304 3951531032 1856034899 1790038658 3188133227
36 1 0 36299 2 1664344691 1212778956 4277664037 4121928969 3550205252 3381460337 1148493464 3578322025 197281994 877804525 315184361 1497265742 1654425161
36 1 1 36612 2 1107360147 3663881740 2027269403 268068079 1530195899 2900122558 3841961229 1152535428 4162554183 1140021730 440839589 2070566101 4226770185
36 1 2 36925 2 2550563584 1201431925 438596026 1519965098 3318405719 1869811126 2049003749 3371226828 2686633706 328125884 3742102159 3365622452 1867276077
36 1 3 37238 2 1417629562 3608937337 2551652550 1200237717 1530754120 2998901297 796771338 1865793913 717775737 4082129108 203358131 3285223133 735427437
36 1 4 37551 2 2131497155 3445997964 2748231265 187551478 2275017442 3974544781 87532660 197312669 1279717616 4069367110 2816304388 3016003141 4015865307
36 1 5 37864 2 3502607999 82041838 3221591635 1971290231 175986881 2166266532 3496810641 3571837258 837025927 3410008796 3303515912 784358732 2362180491
36 1 6 38177 2 184367244 2450186481 744519590 2700154165 3961096262 984069081 1179563360 4020458567 3965141228 2747121814 1320225854 2617934650 2236954967
36 1 7 38490 2 2791069998 3288713365 2158761932 3501431695 1819548749 3985224296 2552943413 1172770810 850471761 1089602113 272097176 4106426646 425509415
36 2 0 43402 3 2493519582 1578336061 2524709381 2570714409 1438500489 3471133700 1915791399 1334554072 18753779 1448064773 3509526689 1064734349 1270441872
36 2 1 43715 3 1966357172 2165160351 3927445993 492834877 3935908894 174987675 562706354 1893290373 944647043 1833619249 3935346466 3692126264 1694679045
36 2 2 44028 3 147505854 1917384591 2054601349 2251451817 900587669 3194163240 2843642861 1261347510 606645359 146228317 1064618013 3767702944 3683464352
36 2 3 44341 3 1236251476 1400233843 2454408929 4177225590 18100390 1145646681 881936572 2985545575 2045255716 1465735305 2867825281 4165113573 1735034667
36 2 4 44654 3 4243471805 3652424210 4080275134 598371534 3736429216 2776061047 2980452212 2371223205 3191282100 197553818 2267943718 3179303678 2410147676
36 2 5 44967 3 4170951124 3450573085 1918455539 2701118551 2713435951 4000504526 1601816671 813105382 128422491 3624148500 473814759 3673492773 2780261638
36 2 6 45280 3 4070006081 1185514904 2474621962 1096148058 978549508 4066178499 1224488482 1487470217 321262464 1775228854 1170133756 1485171282 3069928653
36 2 7 45593 3 3390286505 199232508 822432834 3362156002 660344028 3324389491 1401487150 4201860905 640109376 1355136316 3255408729 4209419223 1040126965
36 3 0 50505 2 2084167132 245674417 495388756 3903935303 2746900758 1412185327 1769778736 85961140 4283692566 3700649802 4197753748 1075831106 2250764756
36 3 1 50818 2 3885010850 1522004507 2853363078 2637460693 734267405 2548868294 4129437549 3799280054 2359289419 4010665163 2874524505 3024883890 3892308818
36 3 2 51131 2 751925387 3195481462 3215641587 4165017943 3850280643 3143717868 1862449557 312236800 439423019 400660185 1970033791 606466211 2327911336
36 3 3 51444 2 4171790145 137100788 692813381 1147880466 4242945429 2224672302 2471221503 1117075172 4278255935 3415149347 2269593725 685723453 2046759695
36 3 4 51757 2 3566862375 270802182 2423590729 3058106077 4075146837 3040310400 15734793 436508110 1522937261 2933222953 3997350932 1496245581 3513892610
36 3 5 52070 2 1762782188 2715414221 1795888350 1276360878 2416575898 996164645 772742064 1136919325 1248154269 376196337 4267730005 686990450 731869452
36 3 6 52383 2 2921695977 1255201820 3647723023 389985219 2223706906 618809535 240795170 900059715 2507027897 2366695017 2949016016 4018184863 3679744754
36 3 7 52696 2 1226326861 1513899076 4022398905 2118276094 3217871927 4263665968 3964379447 189220362 1809574001 2196679146 3761003810 3493681813 3444045448
37 0 0 30007 3 1388613352 2071158521 1742050541 2051176739 82264532 3723223979 4108513832 1647406414 1047762424 3255955235 383227738 298909582 217426002
37 0 1 30320 3 2933583282 2906650559 2322437247 2163223609 3233775685 1622524675 227921987 1034593547 2147631394 557963450 98000724 492364384 231161702
37 0 2 30633 3 2912598340 2723114833 1690261533 2778787079 2137642777 207101960 193526887 4186961176 1483281540 1172024980 1725625618 3437228135 1607505052
37 0 3 30946 3 1042490971 273483492 2688333654 4182334880 1882898088 4162034376 3231826814 638876218 80040046 2045189186 1947043406 3782336206 1571808118
37 0 4 31259 3 3049189605 32181034 779912684 3231049998 3622669941 3543100002 1615155526 1807402873 3534543113 2402976525 793272134 1210398670 4123133277
37 0 5 31572 3 3128020334 1142868907 3618770731 1947854839 1380204007 355645556 3488331744 3791799199 3737660344 613472504 2329319335 2130489139 2599993139
37 0 6 31885 3 122399020 2758761859 1201592173 2914919641 600005302 971129504 793010173 2200612491 2468050256 4030186473 1182016088 434056561 715980510
37 0 7 32198 3 2737351518 3831857699 944311363 3888247839 3456977601 2693281751 1289859299 1854933657 616231485 1617211344 1765000773 4085139336 107275116
37 1 0 37110 3 3265209015 2884621184 831216951 944884439 518728074 3899643334 2075885406 3177716420 524651782 947939074 59420583 593562015 428572481
37 1 1 37423 3 298485602 3712324775 17551850 3225265484 1120421599 4139260143 1008664531 2096855239 3154132586 3811380937 2210344944 366859624 1346254547
37 1 2 37736 3 219116661 1515316814 3469522601 1087367975 3836155720 1446154179 507584128 3990771882 1281276124 3310818154 2769766788 4163544228 3917362133
37 1 3 38049 3 200142777 3926818424 2737695885 1713789969 1443777045 368438761 1346738130 2287274471 2814432632 3976627079 1305486810 2099835963 787721489
37 1 4 38362 3 794004685 383222964 1454856601 2349640251 2124232516 1090489264 566780543 1769688239 1077713347 2358418329 2752714097 2385262564 1977332975
37 1 5 38675 3 1020771278 3018636801 1712872786 554880810 1772648719 1731478727 993017713 3997190837 2482305286 4251824857 3616841244 1372735845 1018260031
37 1 6 38988 3 4160890793 4263888828 3717275413 469157487 2137871885 3540758199 527955818 3415818439 106070606 164421202 261902833 1473459973 1559295578
37 1 7 39301 3 2482821731 98119936 554709963 488648719 341277422 2545536867 1202224249 1354227686 112069834 1551836382 3039492865 2584446362 3742915714
37 2 0 44213 3 284093156 1234420739 3982960083 4050906289 4045000232 3134693391 3508039543 3458136638 3400947531 4085751173 456507369 1280164991 963773933
37 2 1 44526 3 3253528488 3676105421 3254120703 3291152285 2163511504 136918324 2032347230 2183810753 1276779129 1696376180 1360723609 903357036 1208092460
37 2 2 44839 3 959157958 593822823 1716390601 2731385483 1273498650 3724770693 2354112428 28346655 2876220148 1836512155 766006493 3182649366 3514264115
37 2 3 45152 3 1889548403 1285598874 1191077984 3316439456 1413947143 2814254910 1976725593 2436160060 3980007177 2252320665 1237853731 507712635 1909314012
37 2 4 45465 3 1077099824 1442889379 3856051863 3894069311 1673643696 1783541317 2894949291 1556143902 885285229 1061564493 455319058 2586207061 4188022330
37 2 5 45778 3 3650238656 2668803067 1696724663 1928307217 3308547677 1616725857 581611446 4392044 593893931 2340446614 1909409009 2767068418 2271922716
37 2 6 46091 3 1891575585 1209925244 2170707974 1914202908 1323322754 2122418363 3168013983 1986912442 1389676403 4154588863 3247288746 3881410008 3128888887
37 2 7 46404 3 1432655196 2322933051 1023866347 3015306697 1727230295 3957411241 860338136 1569312845 2393581887 3549429622 983470380 165584205 1542439494
37 3 0 51316 0 904708451 3347271096 1714940057 189599797 1914026993 4109291023 3525591115 2700421483 2184159135 3381126754 220590764 3271828986 158135670
37 3 1 51629 0 1921145388 1657336849 4033826962 470964248 1333796323 465469737 2164684259 1227812607 2191035616 2192102163 2710757639 3664140622 121760921
37 3 2 51942 0 3014972474 3047240517 4258481892 787177640 969004279 1413288622 1058209234 3530033854 2074826961 945455124 3857374594 1492027176 3618392052
37 3 3 52255 0 719634431 880986352 2206205033 78903025 1408645568 745419324 1474415262 1694593445 774222932 73575297 1937455361 3357614808 4235284156
37 3 4 52568 0 483515770 622158889 1750020672 3976444550 1672424219 1112698870 2950046109 750602267 3921558373 553256496 329688224 1457286670 1389382973
37 3 5 52881 0 1531537116 2899549243 3479023022 1526894536 808707765 672613694 917673337 3457697233 3228365568 1456815103 2416193204 196613228 3394715322
37 3 6 53194 0 3049914875 2455662106 847813409 2942760109 1045199 463759956 1899009809 1657999296 3143463583 371025457 2693396250 3819160984 1089637280
37 3 7 53507 0 2310334760 1643744181 260553434 808683594 2136709577 4163432790 2524684586 3743194774 3149820527 792079768 2596076438 1651494429 1960074522
38 0 0 30818 2 1290403869 2951658712 437488834 2559729843 4156238695 2487140365 1459662867 1941350390 2253061708 296611416 1141671443 3215922889 1195530057
38 0 1 31131 2 2614541405 1930469650 3720704962 1148438206 4047786561 3286177539 1601294003 3157898812 1944908620 2112881687 3687082600 249435261 1606500608
38 0 2 31444 2 3731162910 2878451197 807464999 3528604765 2964346446 1450797759 3480285562 3101522062 1940657312 480416463 708875583 517065680 580323790
38 0 3 31757 2 1102206092 4124631847 2233013869 2058838280 3664095954 2132262299 2769418038 1373529727 3802680249 3403681023 1958655901 3821120747 2580247241
38 0 4 32070 2 1847788785 658742356 739384440 470957590 2353934061 2417752989 611695481 2876900185 3492429743 4172328553 1381625642 2312409350 1658935517
38 0 5 32383 2 3136156197 849531158 3846210316 3956474037 590645447 1969050826 489498011 1770532756 891336425 2481807876 349178153 3693601007 1435021748
38 0 6 32696 2 1310323170 3174471835 1454470907 4222441616 703832328 1304389121 2929728250 2669568120 3349479764 1475126335 3802507634 1352711660 2770454278
38 0 7 33009 2 4282128560 2123404591 1102525393 3158968019 626471128 1576802419 2365025716 835217170 7395393 1532056450 3768422611 4137535945 3839013760
38 1 0 37921 1 3081384274 1872219501 25057704 1758588710 2380419008 2590806042 1708371346 3494686447 1830992990 160274293 2987189916 1264842955 358657225
38 1 1 38234 1 3880566974 1168802089 1632320162 1291771588 2060149456 2262354308 3100224426 1415495637 1639912790 4037869296 551009743 376960527 4031830629
38 1 2 38547 1 241710821 4249081646 3042185297 1068532563 3070148170 1203262754 4274471741 1225651825 1306792337 881867635 2340462735 1125089829 1124854014
38 1 3 38860 1 868534636 4095700395 2044066040 672591510 1324966830 3590001502 2459084038 3333200045 2268446279 2031218418 2423206147 2453589783 3081705746
38 1 4 39173 1 2454174570 321152261 1191025494 1147797344 2192792700 2529884934 2948909386 3334748432 324313670 375069648 4117103169 1929449841 431882227
38 1 5 39486 1 2518256191 2649830488 1085418133 3287601039 1306215645 3040963911 4219895047 2248645372 629845820 2472695002 3030248585 2100892447 3999130276
38 1 6 39799 1 3886358846 2674131117 2382672702 4124990599 815304356 2095902918 3249920316 3512037593 373798221 1919099731 3283135314 585601269 2005217567
38 1 7 40112 1 673353799 3102702288 3181939663 1420881667 3217313714 2042299042 3134744674 1792036269 1569372316 2808908570 1433990238 898429919 2766504413
38 2 0 45024 2 2636011658 566761205 1620424801 2723753524 96354668 4013090367 3267956586 4097189097 559438592 129645813 1403254537 738844086 1534815288
38 2 1 45337 2 1978885309 241371258 114011140 1134781147 972593171 240204525 1814004679 4222615906 2808207987 1880415253 1847454408 4076348510 2096527963
38 2 2 45650 2 1083021556 4113455055 1184049433 2772873625 1598594740 2846363102 1109516004 1895762408 286188931 2953652779 1872449930 2138313887 68782157
38 2 3 45963 2 1304282170 3847070723 202844439 2569521069 3574347374 3284718906 2831446314 4106181461 1757891651 1644050514 3196895069 995443652 2353382410
38 2 4 46276 2 3786623241 3278398594 856140108 2388641026 3109479715 2200473081 3060223687 3987217582 643312167 1618034479 348635761 1659582738 410523454
38 2 5 46589 2 3256935456 1991268551 74612993 3937204323 27723524 1438524502 2106895998 1443345029 3032605428 2532647295 993420356 2388790410 2762734913
38 2 6 46902 2 138546031 2647223154 291267892 2715969504 216798205 1592100959 3088896631 1739944746 593544088 1925471059 636807138 409801035 2868622407
38 2 7 47215 2 875991144 108323645 4259182675 962280241 2126341544 3840050662 2643071330 1636605412 174350986 3556800374 4214119747 1194900525 3908268378
38 3 0 52127 2 120112243 3816192878 3877593097 3528071147 2597712012 3633002464 1588115776 1209067161 2662990034 3197880486 1525735463 4121518238 1512751186
38 3 1 52440 2 907141912 2648313823 429620942 3899987768 3775658993 2090324673 1390847819 3642366842 1579467101 2968235208 676709004 1400790977 721210479
38 3 2 52753 2 1604858158 3005606837 3379784590 3579236535 3286018041 3357360277 2425459273 1207384876 3899016921 4034664883 2306689314 3418532727 2948412179
38 3 3 53066 2 1873909192 3263298825 3054730626 2912687844 1716225655 116437197 14575957 2462500394 2801675352 160587828 307899892 896433314 228024614
38 3 4 53379 2 2142204207 1553323498 472525175 2336385997 1676795661 968898768 2361880856 22558567 3728497245 2426768571 3498515670 3198243943 1239371367
38 3 5 53692 2 464167041 3098590518 2520087941 1842666399 2302009920 143616084 3798567530 3124291925 2441188094 3500511437 1732113296 4235382207 1537650627
38 3 6 54005 2 1927526795 3003035948 4250755215 24140581 712748594 4120332763 2447394662 207046009 3648480449 606571775 3080192018 2874404732 3977688482
38 3 7 54318 2 2004665270 3472496833 1262642298 2498725117 2299836417 3426328071 3978988457 3091327239 1719138654 2101172285 1715240728 1106227389 1960274060
39 0 0 31629 0 415991864 2777699962 2427286947 3568419610 3947462862 548252177 1938702859 1367997207 3447541234 3601672419 1145136706 3162579149 2673443499
39 0 1 31942 0 1183751310 2826612020 2471811961 3630733001 2237056450 885350687 752132866 3172181488 3287668816 2758746241 476499889 344336321 34100803
39 0 2 32255 0 117646465 3889126145 544387506 2935448748 2385671329 1481244762 3721974424 2327621099 3943205919 440907372 2807040056 3809192001 3723773389
39 0 3 32568 0 2703271377 159630541 1392639598 2197844760 2080080023 4008479374 1710328464 745899066 5058218 737038428 960854382 3836842441 2438415429
39 0 4 32881 0 1048560114 968685698 966746645 3483190769 334565944 3249854231 2912874358 1592067093 169690357 1169032896 340475800 3460939284 2015028585
39 0 5 33194 0 3230875120 2983424864 1492979355 3716621081 2240933160 1828769991 150208360 2500298152 1822991934 779330661 612434485 3825213271 4168165012
39 0 6 33507 0 2462440650 584365974 2976344953 120570863 304549576 3149571775 2048088642 3135930071 1374925495 732002218 12083384 373548766 3067406280
39 0 7 33820 0 751705576 895072630 4052485899 3421188222 1807956064 1184043109 1098315383 858306012 982237823 2297513545 3221901435 786427440 881810757
39 1 0 38732 0 2554890146 2914275592 998490052 3321258404 3694143111 272016689 1418789066 264533911 3663639229 3880135640 3769067926 2944839637 3579768108
39 1 1 39045 0 61311065 1951755237 2148840311 3003970093 384929528 1054719058 3762977758 3007020959 1141829378 4013992494 2505394051 2049093644 361493554
39 1 2 39358 0 1591662989 2095468649 933972483 3248841549 1315819894 138669524 3408769075 938873164 4221418358 3604762230 1199830008 1984511192 504323837
39 1 3 39671 0 3885437376 3462662492 504609850 992620228 3003441647 3365338943 388032069 3191102945 4212285683 3451602659 741791453 4062728167 1655667899
39 1 4 39984 0 3302645672 3909844726 1597833834 3880630795 1965565021 512355578 3046900592 2866070811 4273209068 2695712177 1779713734 1283010033 2642059645
39 1 5 40297 0 1807998016 1790023378 4048807538 3467055396 3229418689 1007883461 3171452261 231874881 3463393183 1273165338 3327576910 399637124 3821986333
39 1 6 40610 0 3977950177 2912270265 2690187951 675284923 1067382456 3075436237 3094719300 1993939567 257882271 337420329 1810628928 384904988 964699443
39 1 7 40923 0 3299106253 2422074353 2877851635 17926981 2121025162 1792748494 2332565197 3729220786 3318702015 407532735 1268473177 4162463652 2353184369
39 2 0 45835 0 2555438868 1974440230 4077503397 714569517 3805672266 978219063 1660582277 2665838890 1871793754 2289822404 3693372894 2116234334 889637702
39 2 1 46148 0 3672786133 3173385985 2599643464 1475790581 3713037505 2909368738 4000003808 1429755423 3943734650 730180567 778166869 4288753142 4270001345
39 2 2 46461 0 323091065 2263132755 194709812 3500327990 2346123764 1989882633 388713965 1864892462 3504442369 1451480143 2839899171 2356251130 2702772452
39 2 3 46774 0 3937535905 1925016805 2278790512 1152496154 267118755 3739318303 38814170 1495105315 3535877354 999073692 1226697634 2181951743 3153449797
39 2 4 47087 0 3769614525 3498848623 601873980 1564930042 977675971 1284190687 431512330 1655283283 860158371 1642979815 931476189 3797410700 3441453335
39 2 5 47400 0 3766871657 1981970887 892739432 1111966086 1410836257 1026057461 2772437329 2147793280 2281619944 3899015084 916117309 1573813585 3908785015
39 2 6 47713 0 3315530563 2926083271 910207226 3019885170 1621238407 3279483064 1190415401 3438329429 1099322578 2622978701 961193772 2269676782 3212693104
39 2 7 48026 0 1584298238 4020858454 228134619 2308271406 482442096 3201032191 1285484929 2936225400 160242886 3076219204 568391469 3844125157 141289046
39 3 0 52938 0 3419339789 1049959647 3484760569 4201785017 1914270380 2255692789 1538804361 1318292531 4222736050 93402554 1290007810 412360164 1940122206
39 3 1 53251 0 512034908 3044903106 2278355960 2722160242 2122795633 3959024148 516360455 1653645014 3188264019 3160725044 2679002436 3098730862 2932752964
39 3 2 53564 0 892635327 2821088571 3466286963 3649003869 2279693546 3912215500 1852468187 320924185 2625340085 1062887412 3461677898 78273928 4002659254
39 3 3 53877 0 221706254 2766278802 1044408510 1264148460 2803000637 662903194 738866270 2435810641 240422437 3767963357 3831013100 3246010184 2563384000
39 3 4 54190 0 2442439569 3422073631 1025675801 1753221929 546303090 772011755 3778013475 1616509859 2828290208 3320673819 3976698666 3751520610 821296674
39 3 5 54503 0 3306705353 2767528725 930976669 1721991796 1526521008 1034622587 3803614525 1881841740 2248418754 3113286982 2408038928 1448282784 3547698028
39 3 6 54816 0 2101184227 3382420393 1665623927 49476753 4247002810 576128340 3405489608 2524081337 4051246239 1600967084 3308632150 2681944174 2228139588
39 3 7 55129 0 3448957195 1116012049 2610220979 1838021528 2166452472 398759445 3254389799 774957658 1620492251 3858187502 742071000 1124960771 3759908895
40 0 0 32440 3 3540152719 1736263647 2922173876 2509149699 2549647893 2023408188 3646411804 2644792576 3206309511 161307476 1300606959 11764528 3502032651
40 0 1 32753 3 196560317 2489943589 2892643254 1360524765 466313331 345815824 1869140930 1592680798 3046438271 390575290 2267293295 1457062968 1758250334
40 0 2 33066 3 3497920748 345206522 1162996179 1734863824 3122390640 227105647 1861225579 234941051 2973590732 2827180753 94312868 3844459334 2808212985
40 0 3 33379 3 1623620653 161339471 4231138486 306171406 1118569539 604535728 4004626666 3311416227 2996764676 686194251 1540588324 229627503 3945947380
40 0 4 33692 3 1294170513 1932476583 1171489182 3555534987 4193381134 1072155260 153255929 2393875186 1814492105 1767074814 309649486 3575938221 565493200
40 0 5 34005 3 498751753 3295789943 2334104106 1388437415 2687769513 654545358 2219376837 1520922685 1188790189 1929779796 3089582707 3837178586 83094329
40 0 6 34318 3 1414919310 88548432 2745581933 3207246754 3587707922 24593176 503374443 3922326118 3245428280 3596291102 540266404 726744474 3386059363
40 0 7 34631 3 854264056 1869732194 3620233363 3282789171 1771344114 3948728125 37675234 2871236203 2089818576 4029012254 1092892089 78583064 435191127
40 1 0 39543 1 3538668316 2829133436 474839006 1094212540 1528461599 3325716872 1631618806 29030854 354798637 1380413330 1813872633 2594209825 4272925949
40 1 1 39856 1 833218361 3113991 3018092831 1833735886 470294606 56623410 4022500502 3484980393 3463226130 3384020001 3761326642 3652793006 1740728278
40 1 2 40169 1 1066634907 1842353385 1582738413 1264989898 1888510538 411246590 844296762 3630354062 1874486666 508762845 3259104862 570745274 3672188438
40 1 3 40482 1 3401841035 4132738785 1795169337 2512022358 2169844716 3198390316 2489678873 2558007817 114252245 2794472178 2294124093 368120930 919071342
40 1 4 40795 1 4071928927 1309390495 2185296689 3099009615 1690457636 3811025639 3281179182 2140787779 2829731823 4208582631 826305470 3876916145 3083189896
40 1 5 41108 1 3809348179 3209897873 1359749893 2081147157 2889235872 4287146146 1232877557 109032747 885362322 2188144115 2158416072 2303310873 2538960667
40 1 6 41421 1 212870564 89100196 258136530 4112703155 2094938021 4242895999 2782748303 4023346344 2909222352 759614097 3622618922 592316185 4100722859
40 1 7 41734 1 1123109207 1349960705 4119771237 3611403413 2118396294 3306542247 3708603690 2921930092 755444032 340118738 3010709915 4257908342 1160487310
40 2 0 46646 3 3899332316 394679024 4126031021 1261980576 3904290206 2155977669 56466468 78683080 1766020742 4147429158 3592074285 2478087476 3303240542
40 2 1 46959 3 1926052913 4163879015 1565115188 1471968542 885596241 2369268306 3481829264 1552299513 1621087228 4157434494 1108810873 2375877366 3070944518
40 2 2 47272 3 3720899682 3019538026 2555640063 2767345605 4238977188 4202564668 3408189541 1650962874 1099828585 4020688322 2212565707 512165084 3288933092
40 2 3 47585 3 3112080484 276630756 1201112473 4067168596 2953654245 3817976032 4102629997 1471966747 1989707183 4027298024 1115949541 3098835054 3437239037
40 2 4 47898 3 2126366787 4277207065 1755678074 1291740911 865037853 1004253801 1968929605 338296403 1797898089 1040342111 354035756 2866847487 1713591407
40 2 5 48211 3 898747763 2137537379 3194862638 4188533544 3338940847 1277864256 2382302756 2687585726 660158908 1497460249 1340971192 783948009 4056031709
40 2 6 48524 3 3487366779 2662452897 1106538666 3335086072 1686033622 1709742172 1405336939 1245698392 355216499 3555648819 1522097489 1830488501 3274113383
40 2 7 48837 3 833086606 1883238948 751776955 12504887 838789264 1679379529 2533954329 1232942265 1215822746 3606268368 1129195767 3502112628 52928982
40 3 0 53749 3 777873783 1187252085 1661599999 791876860 983383963 3604781017 640079995 1926293672 3944239586 1285219951 3871384998 238279983 3904459920
40 3 1 54062 3 3454006553 4116748169 1389738433 488278809 2429436201 4246556797 3266542935 2382317522 3553988675 781498879 4208141449 3421724728 3923498822
40 3 2 54375 3 2009346138 1473339980 1810727542 1427413495 1627953945 534092557 4131084296 1698066384 3203145097 80893472 1169261280 3195141994 2591333647
40 3 3 54688 3 3634614568 2466285168 2109766328 2594683929 382528445 3281247849 2467431808 4144644889 2174361477 3626997403 698955441 2215602707 857288865
40 3 4 55001 3 3292349228 966752862 4106966936 1393802493 1638647840 3602199520 573975628 3520106754 2820554263 2279904240 390860347 3940878261 1654739732
40 3 5 55314 3 1610218892 2101701700 470256620 1481580781 1822302368 3189102760 4283432609 758001738 1997801029 2332132560 2917956282 2706327037 580603787
40 3 6 55627 3 696342011 3406895415 3361513275 793443045 2933875230 2380200705 312420909 1627687549 2519505760 616706929 1334199890 3683733236 42104620
40 3 7 55940 3 594621369 373122929 2028610053 2381116726 2304241250 1731117483 2605619232 2206775094 873383257 2739198924 3692085995 840589216 673148326
41 0 0 33251 2 3456392474 563780892 2331012701 100753087 3522051151 784401999 35069340 253769795 2030741820 1792580831 3100479605 226043317 3553960435
41 0 1 33564 2 1029148994 296569652 3835140353 2552647207 1213128465 4147571638 419259786 927935683 320893752 2404547995 2914962906 3934069013 3617872272
41 0 2 33877 2 3732489281 1345927239 3343042422 4070923672 452460074 2355801524 970462448 462098890 2676420362 612220546 2267606861 2542175970 2532761426
41 0 3 34190 2 1355428470 2408896904 2482714837 2957842555 3374889555 1485233788 2160227724 1393223808 2374760095 875645040 683430101 476541442 3185764653
41 0 4 34503 2 1765148069 1421477731 566030354 1178875380 3966975944 509920793 3024206814 3766643235 2402831401 4190877815 3070781287 2709996007 2684306100
41 0 5 34816 2 2057598182 199899836 1421067173 2083030751 2130128429 2195668678 1442724218 2310988375 1669029968 1264224721 1172003458 607145612 2761313603
41 0 6 35129 2 1301945731 1330860571 2416509132 4094007772 3827578588 2507309953 1102794101 952144642 319202087 4217485078 2422892094 750102956 4130172001
41 0 7 35442 2 3101284899 1643557539 2203084500 3915034868 1827279906 152430529 957648348 318916611 2588215196 2192664687 3794146256 1219014955 1271814073
41 1 0 40354 2 3988905522 1155672834 2791526624 318491044 4008238022 495480766 3859998759 1679893536 826160320 3947703586 3840641682 343741512 4172808844
41 1 1 40667 2 3273675916 611282554 2525155690 1815542412 1010542396 2270483865 257457708 279592770 2549936682 749892612 1160363958 3442232436 895991949
41 1 2 40980 2 2716924147 1183579203 3542242549 160617393 1976139887 1570592576 950459306 3148038826 3574497495 2865571649 408084918 3562488523 4032668400
41 1 3 41293 2 1199625362 1770002654 950356352 361039552 1279556316 1701105479 1542518173 670350812 2841015658 1181781316 502823495 2852412318 4242635173
41 1 4 41606 2 2153465895 158770717 2763702497 463352039 972548353 2351028494 3043973682 1741502080 2944473031 2554150634 263580209 489797242 3123249181
41 1 5 41919 2 4251533189 4137251713 2545537683 2804312507 2615266207 489641257 974920526 4157378231 1447963126 536004691 2394093796 2205634474 3597042236
41 1 6 42232 2 738398696 3794229080 1665905314 2485705510 2149871480 1074000619 3908285083 4053415016 293995411 482138150 3443962699 3517306288 2609396359
41 1 7 42545 2 2103094034 3378673894 3792641580 2992638424 476176148 604947871 136348913 1800214071 3448398211 3332155176 1902800717 2972210809 1996356971
41 2 0 47457 2 3302900560 299782686 3559844529 2830483491 3718762069 989961406 987525567 236966136 63312910 4119181126 2733167788 2086987190 4292733532
41 2 1 47770 2 403510125 1434488577 3448564364 3265083448 2910082410 2550051502 1087200701 3630660372 2875059494 2290880359 579587371 3328322707 2888847571
41 2 2 48083 2 3099716108 1950643836 65458857 3856382633 938080855 1369007061 2492521964 2153766673 164840708 2111925171 2810788606 4108232228 781978656
41 2 3 48396 2 3727078099 2220830167 505561662 4235537926 2445587252 2038166778 570687630 990404193 1572225590 2814312906 3407341132 287109169 798462175
41 2 4 48709 2 3265588467 3348962221 1349644770 4182190788 1234840146 1010002246 2789910697 844927294 235118131 3857526648 2323744392 1697684026 2392058054
41 2 5 49022 2 426065802 3735988624 1486462835 3556600669 2805166693 2550776208 1976542873 3073022906 3091035105 59748932 2503518708 1994519946 4257600106
41 2 6 49335 2 4074502463 3583185595 1948680498 149121162 2364264230 1948285775 2920257897 3180219849 1027797673 2927708268 177227155 4005048239 4237849558
41 2 7 49648 2 1748689667 4028511517 3436808602 3816198708 3980194572 945037509 747713581 838191638 172967489 1259549962 3073600570 2373171534 4136687254
41 3 0 54560 2 958462774 181453546 1098266194 925051594 2586406348 1802914813 2475798666 3885572213 2252919826 1818322655 493415738 4059140460 260044935
41 3 1 54873 2 4222718533 1375749297 977865265 3216193365 499379021 2364712940 3351432368 3285945886 93758715 1940749024 2956255665 1366457429 2485463016
41 3 2 55186 2 4002009198 9368804 206296490 3869605348 2643979818 2168630065 3361704144 1513913241 476843579 2751499512 1914098011 429465006 624653406
41 3 3 55499 2 1638486737 492639899 4014405081 4050010639 4154255877 4281422594 2979678113 621676773 393365367 1155820269 418721909 493002873 811778106
41 3 4 55812 2 4195439170 1499229856 627284326 142242816 3671130880 839261815 17281781 3698805944 3508072441 342171117 2425647290 2634910747 3944558609
41 3 5 56125 2 3034425167 873022655 31739363 3738723587 1189784559 4066510346 1053015880 2760165432 4210889463 2113686220 3029952106 622174515 939114804
41 3 6 56438 2 806700379 2830812465 4156081547 2937978485 47812107 2786870960 582732432 1696497686 1149844199 4045514938 1383070033 2274405100 1821665767
41 3 7 56751 2 3267193152 930692118 1344412584 3800509542 627651600 409724417 3428522495 1370371386 3244264987 3312718799 812878639 1683954591 3701720277
42 0 0 34062 2 3234817025 1555370674 2945480606 2445920214 255662906 1817945116 3595056970 3422502775 3411357833 3726706651 2802261404 2313753060 3654982305
42 0 1 34375 2 3869997735 1935797906 474278530 801277617 4167611034 3699413958 3845832865 1739994871 2598741223 3389629023 2588288439 1893248443 1043340578
42 0 2 34688 2 2433222563 2116644434 2942715694 1916332597 1195449846 334758696 3888724882 2602124428 783824214 4003255495 3173196069 530401079 4051040414
42 0 3 35001 2 1931675340 2412181089 321346221 2634210313 641940441 3518848077 757978697 4273327926 345561597 1461310194 1956826902 1668444056 1123030145
42 0 4 35314 2 2990820738 3949040887 4006839263 3715801339 4167479065 1254946821 1141442796 2913640037 1563645310 3103574020 3735180602 561582092 2440514301
42 0 5 35627 2 667351719 1847503320 694262196 2512457802 2769346924 1991781178 1757458443 545080851 1876052424 1137419867 2464692022 437458170 2679983215
42 0 6 35940 2 566782740 2186756975 4108490001 2966770835 2830088819 1125985439 1650313948 2553819708 3491901260 1282349777 282358541 2597835527 2491725458
42 0 7 36253 2 3520080374 1411089345 314458669 2466934665 3938714673 1383061593 3018979230 3893500554 31737116 3276053608 701277747 3070718263 1983257994
42 1 0 41165 1 4055447555 399283428 1584987193 1821798933 273031649 4047537215 95327562 357218703 4207058583 220061296 2973550537 781160013 859338296
42 1 1 41478 1 3278806658 3884639441 1852693416 1679066488 3256556194 1283489340 3065495725 885810320 3588367221 1871077814 2833517512 3592939052 898232497
42 1 2 41791 1 2252061660 3729487947 3326738058 2347042297 3984931004 2409557306 3989971137 589010121 2004429631 2741049543 740491634 2907183978 672553655
42 1 3 42104 1 1493731426 496931319 3698604010 2133436697 1720903532 810370506 4174960121 1049914004 924360283 3965932215 3720711577 405183947 613345418
42 1 4 42417 1 2569336531 2300956948 1231469545 2280699877 1443609671 3814622267 591811028 1704572345 517514965 2106206140 3819865331 1389759415 3177291506
42 1 5 42730 1 2632039604 3856357883 3356218262 2720580462 3843598200 1744502046 4220440911 2426441716 3174221410 2052634491 2175366570 3321484286 1334242043
42 1 6 43043 1 3764098671 620998512 2807967423 888859381 944552691 1938848151 1837768348 171295590 1505605631 907181301 1887667671 3396882805 635463648
42 1 7 43356 1 3460960178 4202293685 1115039972 3798342042 2436926270 2837815344 3116312245 1884548008 1395210369 1359293383 1070442366 3398909766 2368098115
42 2 0 48268 3 3087933485 1814319394 2130805792 2549118910 235371162 4083968124 1206374625 1348720969 405810011 557829567 2657500094 1761354324 1333145129
42 2 1 48581 3 2549744026 565576029 1707472291 323782623 64729699 590939021 1644032550 4289816995 1559683532 3280966277 542038403 2624430697 1480071996
42 2 2 48894 3 2614170256 2996899495 167590949 3681728577 118507989 1401856375 128982644 2571787751 1728653100 1585884664 1499691921 2367087301 1087519816
42 2 3 49207 3 3945792377 3380269430 2427677462 4284770208 2578744456 412542702 3687492575 3542102982 430592613 2099912162 3868984488 834625284 1309948697
42 2 4 49520 3 607168527 1964911774 1750448152 639225032 1097887408 2802270508 3846041534 3433985921 2129049496 3996348001 1160612633 3992017919 2645819558
42 2 5 49833 3 1297110581 427598306 3183165516 1223182348 3013466462 897473576 150921665 2855906876 3745490945 1145855527 3966546506 2378404514 251854263
42 2 6 50146 3 315524079 1994621610 2933763310 326479362 2112428482 940974129 3732347417 2993779965 1161421959 1978170144 1623529289 2704303937 2204261504
42 2 7 50459 3 2178146609 3437113388 2618894694 1049019280 1402217532 3411480346 554195459 2392254318 2551437990 3563657684 2861481479 3728915095 2378872790
42 3 0 55371 0 1049964020 3320197013 92101342 2194349206 2887417224 2245127004 1901424879 3161552680 2696796547 3148102156 3201405251 2051295291 2557635282
42 3 1 55684 0 3650998436 1214445285 2566046190 3523471430 3397761720 2144398442 1429619412 4069020510 1671610451 2599149214 383185167 2868926985 676006104
42 3 2 55997 0 1206551352 1774312247 820463634 52359905 1026411834 22382052 3300879257 3015833590 2225636360 1980098871 1570915324 319926006 3124685827
42 3 3 56310 0 1151163165 1164601326 1721605967 1511292616 3225382361 3606220685 1982877327 946416204 1521794189 4074443244 2213442955 3887097051 3497708702
42 3 4 56623 0 1807973871 3700944990 3154693693 970100537 4105626879 618818967 3941091704 1924188945 2914693995 2688916987 2640356096 2332839010 2319043027
42 3 5 56936 0 1001554180 2564829879 3999916404 3598836841 1336372169 1052832047 3342214564 1513569539 2599274556 2698349991 4047593024 2876202982 3768701163
42 3 6 57249 0 461004814 1663264097 2310993242 3258645138 2755595670 284654848 3002381869 379760337 1132212924 3848748101 3063763300 485995820 2875199737
42 3 7 57562 0 1989062270 1053849455 2529332312 1733627784 1353590082 4090207214 2590708071 1177103948 4283062544 4258107138 1722832263 1452500399 2291332366
43 0 0 34873 1 2287114251 3276398696 2590371824 907983840 932720597 3786672212 680816483 1116275564 783025558 103263731 555799528 2802382871 3906014378
43 0 1 35186 1 693437285 2270026370 413607382 23136814 396650589 3056470138 2258297403 4001454112 264404251 3886327821 765446025 3951549287 2466219539
43 0 2 35499 1 1565037084 1201618891 1457213649 3965155189 910657994 3056226561 2290897946 1743793411 2652644651 3622511587 1090085095 2255208802 305615011
43 0 3 35812 1 4164484003 2862382330 123346080 3613658850 88361459 694838914 2318640389 1043732976 1942256950 2207140810 2195593046 2714313264 2183086703
43 0 4 36125 1 4260771648 4007227229 3042992097 3305015485 1532701730 1904131356 3324897890 1950192589 3207264856 2914427360 4180046799 3179556319 1571375135
43 0 5 36438 1 4116416265 2329311186 2612304390 3622068158 3458922875 1658659308 2031649383 3552116516 1429153901 2235799127 4189472999 1724814401 3514420350
43 0 6 36751 1 2069765177 3937534188 3609991278 3042206039 2242594838 2589296266 1315343133 3393932324 1028219136 1545194056 4132845867 3025275166 4237193644
43 0 7 37064 1 1273856152 3450779051 3005057389 187237895 2891091817 3286526346 2480360612 3687314832 2574630724 1024946980 805901707 1567398600 1062818691
43 1 0 41976 1 27572121 2087980154 4099464915 1586598116 2375922651 1051380715 3158745391 1140098533 3559137 1462658773 2164241383 1672939574 3871141241
43 1 1 42289 1 1774986399 107649548 1275499257 2997231701 2243189898 2031886905 1547284901 1258870910 1299718577 1360080946 3338194429 235990226 2040038117
43 1 2 42602 1 2472651458 2730474297 2530358760 905965112 4217637169 3996756599 675747335 3548607034 655465743 731266185 1897562603 3184623220 1106351701
43 1 3 42915 1 4243501048 3342775731 2852051610 2145125547 1582070124 1308617511 3351762902 3466369482 774696650 3582559499 3387657215 2799749394 1865285445
43 1 4 43228 1 2535205624 3806275855 2726413718 1549539082 2711195874 3593970068 2058880591 1815971184 355043208 935016401 2774389179 742566133 3106922801
43 1 5 43541 1 387736214 1404810137 2593638984 1570765912 2872971162 2535008005 1149778144 3332324691 1970934574 1223834292 3742542436 776386195 1622070203
43 1 6 43854 1 3706514975 4064044162 1588415587 1412765471 2553556423 3401867980 2403665730 3465615711 3694447826 2380041322 431267325 2251498618 2978122221
43 1 7 44167 1 1246071117 115264086 3364014499 3461928547 1008383094 771991092 1794649144 2470288846 981853915 2214109741 4209883254 4015693740 2409454387
43 2 0 49079 1 3652678279 467701714 3286411542 983878794 4140980017 2731523259 2039103284 3082729560 768033935 2209654062 2208072837 1785221081 1679136588
43 2 1 49392 1 630774948 2212788561 3067640567 398815379 1074783381 4061814042 2294890138 2605188436 2792003068 2638137206 2672893488 4245914955 2506043954
43 2 2 49705 1 3589247110 530201489 212445271 3721436595 1064810102 3420883803 3845087858 1487676380 2667957115 2022091454 2947150175 3263357464 1348534251
43 2 3 50018 1 2604688113 722600966 2897209776 1803387936 3206222721 3807475836 1600043805 2466340377 2152493747 4019468382 1157743151 339695788 3648665388
43 2 4 50331 1 2942922953 1295756844 330976884 1397938592 1234092475 1752852393 3626749490 1044989460 3507545328 2677676775 1066057536 3761676274 1357245952
43 2 5 50644 1 1463580802 3650943271 2078805383 2293962496 744860360 1942602617 1060665603 3766978921 27490620 2160354951 3320192121 2244669309 1604662089
43 2 6 50957 1 423093664 4256536549 316296955 1782625239 2736644540 1394560406 539410967 3653094286 2863822423 2033746202 2519425441 826782170 2270880987
43 2 7 51270 1 2203281716 1726438661 4193878875 2747170039 4069140501 2254832531 307046599 57154246 1493331165 372833002 1364255483 358613090 3908198946
43 3 0 56182 1 64963442 846125131 2436492574 4053537733 2529197702 1470540760 2597054139 3827401916 3788004518 1694870401 209562398 3601502267 3016647050
43 3 1 56495 1 2585117016 1151206061 1186738694 1383151550 535481499 3041944293 1967101425 2656265411 3173910795 3305834015 902361090 3550092944 421721386
43 3 2 56808 1 3221677821 4179399538 380149799 427846749 4287190101 2174892884 900034566 3559268075 3444456059 289141591 475140219 685297193 478835578
43 3 3 57121 1 2139504338 3728380623 849003640 2349710056 2600774616 4110348518 2262838371 346085398 3681248355 3073020014 634252653 885242090 2027058965
43 3 4 57434 1 2562548612 589275651 3247207980 304176172 3824069429 1521593804 691808450 1636641029 3173864832 3610267003 497259228 2814953714 4267095863
43 3 5 57747 1 3154467065 2874355840 1306345813 2857293050 1855878136 3851331109 2081605147 532156946 783370616 516612249 1530084246 383238151 2560694446
43 3 6 58060 1 3207983321 1983999130 663110931 4165749412 293042716 1398187649 488743584 827724742 2352349419 4252802268 2019410359 1909093033 31832918
43 3 7 58373 1 1085921316 919695133 1563415158 3485364366 3326649213 1079715516 3654621841 2839172747 968780605 2818881946 3435455934 1933773439 3655090673
44 0 0 35684 2 4032136855 2738027835 2114483802 3535929814 3075239721 2009093945 3248841288 2341429010 1391859085 4156036401 2680882947 3979892909 1351429947
44 0 1 35997 2 2155811344 865423348 1228702341 2394020320 908061460 1682899727 1569362795 511187771 684406382 120585306 3086062673 1592188115 385110387
44 0 2 36310 2 1210848350 2946696026 4050959032 3527309929 3283456185 640067710 1881464144 111268852 1311591181 4190716578 4127535158 3725202392 4208396479
44 0 3 36623 2 45691466 2560973866 1947527823 2906981106 2906804924 2452458435 911068113 1162596678 1444186748 3854334541 1462026936 1663920568 1568410662
44 0 4 36936 2 1449490330 462797244 3277837536 629348273 3341677053 1485236432 2513385098 2710537981 851780484 496307671 3896904957 3016981496 1464385096
44 0 5 37249 2 2758988918 1644237522 867668449 2362348353 2176295338 2798840482 1786473472 3871461018 3042338468 3638725864 1731439642 3980520310 2410717479
44 0 6 37562 2 2018104874 2646389138 2912849091 2793119811 279066886 2720198911 3126096259 166661532 2144564048 1655849774 2797870808 2522878928 1572981818
44 0 7 37875 2 4194611896 2497423870 1102555888 4174383713 2304542102 4284732527 1741879384 3197967309 3807584693 2837303064 2856941801 3858925473 1115053108
44 1 0 42787 1 3791721466 331370678 3010652400 1110693985 3234826675 1272536906 3923055945 2171197814 3233701286 4210065740 2848284825 1587128409 4215803728
44 1 1 43100 1 2937481877 40711965 2005283903 433121794 3256757604 163115821 2696527793 3074052915 2702904268 558445300 2710038071 1246987736 4220960252
44 1 2 43413 1 2498998222 3181891602 938489550 2430386722 1314062775 2178731257 1969111403 1122979953 495275732 1637241580 427873284 3932681385 1196770111
44 1 3 43726 1 3028219995 1876551607 1490329179 312451899 2950629856 861206266 2429200808 2861592440 323049038 1345012536 603371891 1726552712 656173007
44 1 4 44039 1 1105964590 3488985484 442711254 2962143946 1028293599 2687605637 568254428 3030773216 1401268854 301749774 334410294 3753849694 768850395
44 1 5 44352 1 3757000502 785818666 2111695601 1151041828 3782985932 2665570033 642819133 3878309165 2589764043 516445154 3354337315 3330174044 3278387320
44 1 6 44665 1 3023307090 3269318508 3993245566 1248012210 1900116321 1350415472 811011160 1194430036 4055409518 2091945756 2490973718 1532649996 3246334718
44 1 7 44978 1 3751261559 1587486593 583753227 43197814 3466016592 1498103036 37569631 57375115 3172302776 4043521442 3356446406 2085099444 3208573279
44 2 0 49890 3 2723523618 1091254000 2701244677 3948468701 3178871276 3053493278 1907931752 4137691194 3512268938 3695043214 2051662538 3570809597 3293756134
44 2 1 50203 3 1229732736 1005922160 271522299 2600577051 90031138 98762594 3050990635 933950389 2345793077 3457628533 1361317397 2027719772 3992183037
44 2 2 50516 3 1912559566 317791812 894282350 2791498583 3831968919 249906890 3768538241 1094481517 816676968 3350503430 2444472148 3125931946 916870744
44 2 3 50829 3 2564551579 897137921 114919083 2053098198 426382812 2544416771 3706543572 1615057192 1113821118 675296655 268634139 4010656317 4251931591
44 2 4 51142 3 3829569193 3847553591 1840323593 3341827676 88235198 312819825 4227234446 4151745998 243960294 130087523 3413303535 401880421 2645843601
44 2 5 51455 3 871388320 200116300 2589841336 902983529 2623373117 684298324 3159984980 3039102308 3120803449 739750151 845614565 689841237 1942036965
44 2 6 51768 3 2988604147 1980088365 1507437089 3778157940 2466891212 2930162468 179477632 4285593400 1572657568 2551405213 991292730 4079908944 1243259756
44 2 7 52081 3 622902762 3830420090 2829881330 3219087043 554539843 2733749264 316082268 611656593 336832717 817665805 2831370363 3776562229 2923378631
44 3 0 56993 0 2885863653 207742845 596489647 2613080551 681038248 757524258 515256066 304504646 2056967226 3224226704 997373574 4232581308 4200503197
44 3 1 57306 0 2613584204 2356540322 769000757 1060337648 1925232529 2575051045 884369574 3129845202 343990586 2531538855 1061279750 3704901422 321427771
44 3 2 57619 0 953000591 83011665 2948539210 739609851 1170935615 4243688242 4151982143 1875490899 3169591773 1094391696 4265802740 2714528732 3514788354
44 3 3 57932 0 1864476571 2542825781 39790022 1652260527 948409427 333048050 3866474896 2850758317 214908426 1518883161 3601278515 1664557564 2332540484
44 3 4 58245 0 1587493658 3001757322 1558047065 2094798604 1663115370 2882910258 3567578207 3095068363 3454903797 478623941 127190336 3876721797 2009018368
44 3 5 58558 0 1619176095 3364306781 3947707818 2359706907 3878148855 3435806404 2585710909 3853025001 2904845287 62765158 2867490437 3324414752 3257672584
44 3 6 58871 0 3792843249 198889847 4081785607 2719518531 3495003080 2371598969 1685643498 4108191885 1464707931 1311322377 3742621298 1631862690 2912178948
44 3 7 59184 0 3261727660 3239188064 996095125 1293938192 3286705870 3175558483 1359935667 1785743191 2916534337 1121902020 433789809 921214481 318087036
45 0 0 36495 2 1712004452 2270921682 48792610 651542483 2702456971 718392144 1279846730 1471852445 4156407876 966410 3664490466 1675476744 651459510
45 0 1 36808 2 2580751607 3737882257 3475952025 1520611276 2311580949 2476573616 1147563208 3265330676 3570158661 3427609254 2535496644 1666750740 2290779788
45 0 2 37121 2 24248730 3729301466 2913280784 1679636929 2950207261 2603399160 1228617220 3563456152 528560204 3188650614 848077659 838663289 2396563045
45 0 3 37434 2 2781147247 686575479 3248022189 3467551432 839053266 2389652271 247164881 798468217 1171968416 3595419374 1217459860 1264971752 2292766302
45 0 4 37747 2 4238424051 3534884433 3165748431 3016710578 1812840542 2749656044 1121689263 1584575577 513396462 778666613 3439440746 1482685184 1305256676
45 0 5 38060 2 882302760 3393058468 2100993554 4055236259 706817467 3332274136 3871272631 1964327054 419553314 840068027 1018179271 230462043 2947304143
45 0 6 38373 2 3714953457 3434315209 2065289047 1458160666 4079122920 609457045 1488250158 202744034 4117174282 3243745189 2226592268 1401713902 559450778
45 0 7 38686 2 1808608507 1871766145 542889929 4051469737 3878514811 3897623249 3365041485 1522685366 1271719699 3317940441 1036535262 3381252562 496491328
45 1 0 43598 1 1523583664 2136448298 2735112496 402678036 3093314819 510111708 3193644334 3137144391 1018749497 719051117 3923494201 1256351839 1617616020
45 1 1 43911 1 3736758120 958950946 1684095468 2236135032 450691605 2070823313 1197412587 2782741840 1174816642 2716802914 2210423130 121466948 1639574767
45 1 2 44224 1 1868760531 1909056819 1178545996 3695280501 4031704347 381950582 428717234 833600426 3404043611 797954389 1896401103 877026685 3371953357
45 1 3 44537 1 2933833820 4105706768 2047636898 2393219411 2944573022 3949971022 2499797030 3473847205 1509913277 1318665310 3915520181 868535383 1889024980
45 1 4 44850 1 1237814878 1075593752 2942957121 3763016532 4169259520 1589254047 3530874739 2229850050 3170334624 3270623990 3442817115 661706905 2223100921
45 1 5 45163 1 1609123500 1077938014 935659660 4108429516 1950602475 1235015711 953485294 1009181345 1718290931 1167829010 2115289273 795812983 3559905820
45 1 6 45476 1 526610009 2813342825 4137786741 1405380781 1249263378 3981558382 3209760894 2865732303 1569457693 946757255 2892215658 3074681690 2096876972
45 1 7 45789 1 1730201561 226610641 328976889 1494651961 950411918 1316350404 3298713784 3444407150 2964551372 2378398482 1978030905 3793937330 3449736581
45 2 0 50701 3 2313590328 3443328170 2877870074 3980318153 3447338964 4219961574 2985663777 917388241 2973738227 482958767 2233121952 520213761 456989225
45 2 1 51014 3 2803706726 1997695312 2247099728 224988355 1005151229 611173664 829124328 3968975547 1662873995 3806322133 4191773210 2892213528 527335781
45 2 2 51327 3 2351100461 4162897023 2984250854 4102901178 3406120385 574540624 2949285756 3702931820 1047970910 734682704 3580615231 2992101670 1387642258
45 2 3 51640 3 330589806 2899048742 3690374491 3863690924 958777030 1725889168 675906957 1895234041 2253025202 1545388714 2338076313 4166837637 1344449454
45 2 4 51953 3 123144903 471124943 1768616291 2727180206 3601016574 4279892665 1939459229 2245523349 3153145776 2297870462 1862423868 1863903444 2374352228
45 2 5 52266 3 3576488309 4276309029 3003582578 3470494531 3902594635 4263966075 3678203271 3026230347 816616847 3885083259 718931440 2403777368 1544774930
45 2 6 52579 3 3626760532 1179221052 3301290626 2694963443 2279423893 3366102143 4122713613 205587991 1382544456 1634925043 1018865560 399491914 4038902390
45 2 7 52892 3 276487241 537113827 2633405702 3569369882 3542088081 1494128902 2967700644 3016770720 3408053176 2351630278 1230721401 2892310254 780343236
45 3 0 57804 0 1702325722 2293626518 1044087144 2041890988 3584247069 1477650508 3606886022 335698522 3198524481 1509574909 131602646 2802892935 819325019
45 3 1 58117 0 4047316084 1799321666 2260575473 2911169316 844519924 2241547453 3267935263 3002862502 1582416757 639755574 1862013950 268475902 2427830691
45 3 2 58430 0 878336151 3084579105 2965172954 4254336363 438472965 955702866 1271679362 2413731936 3428326587 3140227003 639232310 1641097516 1795214972
45 3 3 58743 0 209120086 2006029498 1455750368 3550237924 1743905033 498198894 2930648652 2764135486 680850927 2220076181 2381548949 3274433633 2017694267
45 3 4 59056 0 2803535134 2675723988 4294472771 699069646 3353273286 1021325578 3629617946 1993750168 1560670105 3920635213 749635519 213829444 542814026
45 3 5 59369 0 1160037705 1339331981 1499642325 2860833146 545438842 1920967687 4092445161 273218547 3291868745 1573859058 1296221451 2824640191 1941286606
45 3 6 59682 0 895363511 3550456065 2453146798 545240343 1350089934 4113164109 1231166373 1062010529 837925775 749620670 1820059747 439056805 2135757221
45 3 7 59995 0 1294545158 1702608536 927050500 2037710928 3333458873 2209272052 253156600 3652992620 3458934986 1500660280 352291916 3013822776 3013645952
46 0 0 37306 2 2284701401 1858814587 3723522332 3129424136 558962197 1960033874 799592860 4135088900 2982254716 3220682946 1042661301 419876132 1541890320
46 0 1 37619 2 1637041933 2341054795 3554276777 895932348 459216180 2200268146 2807311895 945839010 1346693794 20789087 244933640 248300458 403729046
46 0 2 37932 2 2414825259 2344636173 3105181138 3142925550 2144560115 3582219568 2850595947 1638399145 3460576913 240288209 3722461633 395487251 1483069784
46 0 3 38245 2 3836196067 3287546791 3992117985 606539395 3480116075 4248121793 3308110465 2000163857 1662106163 1294735383 1598765576 1253850521 1599741418
46 0 4 38558 2 571898178 648775566 489043068 3363134405 485489741 937359124 2495750286 854066039 3639289080 3936968500 1565494057 4129454285 1560454065
46 0 5 38871 2 3054025499 2250617155 4019232187 823735942 258532052 2640561108 405629844 2327511198 2821562057 2698178084 1619752323 1479975049 1723293133
46 0 6 39184 2 3949906297 3530096431 3372318879 3721967778 158633468 1935764037 2730107380 2684226504 2800270877 3880425795 2331263737 2032960897 2551199961
46 0 7 39497 2 2599060300 205501598 1784618709 3321558989 1274902160 1711739041 729299611 2523752535 1916537559 1669302669 1496627617 2233451341 653203591
46 1 0 44409 1 1435789194 627392932 427014005 3172283053 2211326903 371521010 843133189 3733368417 75573010 207560604 3503658606 3859096379 4085005463
46 1 1 44722 1 768411673 2305736739 3495298061 3016477829 3840112332 2698041975 26528222 3343978322 2801582482 1788859374 1513989182 2914570847 2300845367
46 1 2 45035 1 570368947 1179469125 111155452 1053794885 858909753 188904974 1164419424 3914890994 3515577385 1687586039 3938076513 3419149455 3999710000
46 1 3 45348 1 787964050 1317862296 1412325143 811980122 2079196806 97612260 3779437865 2140531571 662389092 2771082369 1260770098 2032445592 1180893860
46 1 4 45661 1 2299317714 2138390368 193975900 517419621 3963976996 2736583427 764578738 2101521509 3057212093 673277169 3881673689 3689130395 2045101526
46 1 5 45974 1 237149821 808461269 2923050313 3017791273 1568490184 2456558366 1628872828 600479994 254824363 416007892 3736506406 3986177602 1239808549
46 1 6 46287 1 985722880 1604901908 2481410751 3708083330 3084591587 3172044665 3020691 523622803 1602244782 1960633987 1311540768 13246273 2747429787
46 1 7 46600 1 395823486 2025632500 1067980245 2342179663 731723869 1005143856 1734685552 4117832110 2605332686 2924234835 3027915233 3502626908 1077267042
46 2 0 51512 3 2009271064 3744444376 1568366714 3655929803 2980367702 4068211600 3167850222 141978288 1870995762 3433598600 1286600585 648662043 2360243276
46 2 1 51825 3 1334365002 4051528458 3425953106 4078013283 991638625 1147682434 3890153614 1733653491 90308031 2773646055 3540365929 2604837015 346257805
46 2 2 52138 3 978567679 2647658637 4041610523 331938982 2941698442 1581257191 1551201710 3409756674 2549830622 4288431048 4071062685 219640551 1469643299
46 2 3 52451 3 2738262250 2440389574 2959365492 2273913373 488829747 996713117 605746668 3411604432 2194012260 602381569 3365342522 1497368400 1444427240
46 2 4 52764 3 1906562769 2782124489 1181610922 1825425734 2140020743 2983070983 125606797 484782581 4720369 2463812373 3038959619 2569846231 1465266432
46 2 5 53077 3 610676052 204742704 4259813766 2952144367 214429057 3945634347 477789074 3222092330 2903333947 2654322420 130910046 3206075214 4070276947
46 2 6 53390 3 537267381 4125336553 3941035526 278074394 372841507 1114672236 1202609769 86398349 2501581487 2485981013 4151909135 938418642 1238795161
46 2 7 53703 3 1664803285 3428161475 1013832673 423631284 1273337424 3286872503 981728976 3681723380 1377870114 2219104735 1968424395 4173021625 2626264293
46 3 0 58615 0 1184890462 3768826140 95183372 1699773656 3508418371 3404410034 2164337200 1454235887 3278057573 451718502 3815677304 3300370554 1577916240
46 3 1 58928 0 3369230557 2278705209 2673326160 3917007233 104711545 1891237502 919943126 3472055442 3499246468 3189407649 2073774548 4059758228 4150400265
46 3 2 59241 0 314084521 600250459 3956648331 1771823627 1029588536 1874559097 2083191433 1592090691 1137437497 1792743369 551701782 2565397575 3142523499
46 3 3 59554 0 540967574 794564362 42850641 4014449860 188742155 393172901 2858537070 555666436 4012948575 1246951396 763862697 3389884955 3951922865
46 3 4 59867 0 3264592431 1355761915 393509206 3714117151 2607156287 2244057092 4182554880 1227734916 2816947294 3447896908 40555169 3860733005 1043076721
46 3 5 60180 0 2140888762 1939742652 485886701 1348404616 1442106743 2781967515 2051597018 1615038038 3683888780 1251617204 3548971881 2055528392 3339750562
46 3 6 60493 0 2117022135 3460868929 473274674 25256835 2425420140 1196346161 1585711323 1859767911 668013911 1646881302 293134807 3813063853 2041656337
46 3 7 60806 0 1777983818 1799136430 652782201 3061246649 1173335999 723892236 2019204819 1654669815 243515277 1347022959 1070305749 3865291424 1269205964
47 0 0 38117 2 1034769670 3364564602 983291746 1068300497 1536457901 1921209351 3685096228 3391426487 368932406 2118399283 170686548 3799209671 4018939903
47 0 1 38430 2 1441442775 4090488127 2368788478 3881593206 729572564 3312263687 3733785567 1464589031 2680194285 1618854076 2961604375 725283638 8488719
47 0 2 38743 2 3496827724 162018276 709355198 2241388552 82775647 571825843 734549306 2427712111 1444757109 2120205063 2480657884 2092228195 792869403
47 0 3 39056 2 2116044592 4275656740 964986050 2374342835 42480500 3456468737 158070447 2434130790 1029103704 3456900358 3465896495 3069184624 1789208818
47 0 4 39369 2 4078235282 1926091930 1981002167 3324489939 835692769 1945407720 3159406970 3734667764 2939709685 3815803383 2706186964 857030448 2005387820
47 0 5 39682 2 197691775 3749157811 1326684808 997815257 952107517 2222612838 994219993 2411306960 2074241879 387713071 2592826910 958984174 291570325
47 0 6 39995 2 1994288569 3821863063 3770919909 1913858026 1674693928 4163539613 1219476646 2471664678 235040323 3823364404 3316389842 1906758872 485822469
47 0 7 40308 2 1139023647 3669289891 2977225185 1650199694 1539456059 3041324870 3073981365 2702806741 56689476 77117987 4139177162 54124232 3085013418
47 1 0 45220 1 4211509116 2978715414 1867083007 2421995330 3331134333 2566383059 2858719855 3720831600 3276738615 3268244674 2552867201 1801073270 3526095644
47 1 1 45533 1 4055528369 978901777 716371135 2828857943 1771179946 4115761620 3327773223 551229054 1676449773 2794221198 368962774 3942573010 1492954580
47 1 2 45846 1 2788523523 740102945 1703856246 752715456 4281721276 2304107485 3278833016 1589443334 1483716396 1652824301 4180152806 979242955 1112279002
47 1 3 46159 1 2451895763 81735645 3278242247 983101827 3850373810 1099946947 3805173064 3848333215 1155395562 3930485002 1040074337 1782532280 2144161765
47 1 4 46472 1 1937058050 1081976488 483506884 600454018 2082786968 4229883507 4186918789 2959569417 1807141244 460030495 345450019 1246677342 480488327
47 1 5 46785 1 746765327 3640009751 1684078625 1995592526 521854924 530840962 1018078607 4060732257 942478181 1911630827 1099981082 321782616 2766629565
47 1 6 47098 1 481186676 3970561336 2348048737 2087145268 3468337333 426888583 1914032813 466575760 2431715374 3658931259 1656636035 117863124 893068482
47 1 7 47411 1 1216722815 2183214145 3122369171 2888983791 1192126552 520790287 4041077536 300620044 1593068735 2950926419 734786232 1489067742 3417968771
47 2 0 52323 3 2480412133 2961955703 859179251 3885996883 1205398710 2738574975 3333560633 1144462821 1985573519 2907341431 2156277781 3547948325 3425889488
47 2 1 52636 3 699017951 2801923 657509927 3408682208 2452007834 1485922524 3232216078 4180600510 2247566622 866420606 1997982102 1057658696 2831732409
47 2 2 52949 3 1562432600 3027062102 1759744874 1059421275 1047819239 1469646497 1135499840 1275395160 420500152 3672913930 2606577774 2679257992 4231117427
47 2 3 53262 3 1120937859 2931013741 327501363 2798733444 3414003214 1909163263 117405790 1876957361 2050859107 1944217879 985141368 4085104311 4124935472
47 2 4 53575 3 2695415101 1264201477 2500479077 1226726506 1594647979 259612307 3819810589 353756429 2704220621 3297740677 2070746870 1177511123 767121289
47 2 5 53888 3 2166160650 3543940446 250094522 2549528841 2618475345 1720523213 3125267664 1048919145 3924699474 3150810613 3097003532 2874993514 3037677075
47 2 6 54201 3 1068911941 2717921417 3090534348 2434863447 352849870 927713859 3666409318 780187996 4262470999 4087485119 2697577252 2169562254 1356381115
47 2 7 54514 3 3623184376 3950679492 821360489 3740827275 2630389501 770437904 1424125084 3927037300 522055619 2961048081 1114169636 804800994 3033421519
47 3 0 59426 0 2747145443 1362397311 1244824472 198355702 3893937484 305721892 2918353234 1632916296 3171253472 2762957844 4263377650 2978986720 1779902793
47 3 1 59739 0 2464896179 1803380739 2010802965 987109137 1500459974 1084475778 823492789 1308087130 3547747903 3095970117 2726610798 2697237986 1686438718
47 3 2 60052 0 1982775464 3163500796 1367029447 461070506 526953326 4127419838 3487080653 1521942049 832665969 2283530226 2856359092 665049324 1409583373
47 3 3 60365 0 2676525652 2056595106 1970475817 1851815094 4040825222 2325944520 202114001 1043258810 2305597746 1062253644 3597444619 2962586615 1871654179
47 3 4 60678 0 2172303491 3735011925 1781035392 2097630675 3308559884 1640466946 876962118 1104172015 884071871 1260508056 341309893 407267201 4126283946
47 3 5 60991 0 1935260095 2709974507 398173960 3436013464 390624106 1028979291 868396656 3857742278 1038009179 1243848362 1616215983 362975342 2744510286
47 3 6 61304 0 2714092659 886783431 136821354 3488509762 3016792252 187852233 856155065 3406964500 1309018067 135069719 1896134886 3385127001 3105862618
47 3 7 61617 0 3548858961 3969381235 4129234981 2636586015 2636852315 3359770636 373204924 3805137757 816042642 3241760849 1885874397 4043529560 3361567777
48 0 0 38928 2 1561718701 491703030 1938438452 849636942 466052543 471421220 2013667704 1770189890 1490749483 702114860 2180049850 1606731383 106226812
48 0 1 39241 2 230302661 4200488588 3178102040 2433156918 2659602217 3757852524 2601535382 3439774487 1544035209 3680279934 2325647128 1061743687 2052014233
48 0 2 39554 2 2186261954 3811271803 719624443 3845500391 3480555660 932104324 436050811 2831129608 260185278 3055892457 2956667663 2884684584 2770353050
48 0 3 39867 2 2169655535 2902940976 2517493014 2523879830 1988456541 4202007959 298694098 4089304849 284850613 3818693062 888970272 1892413045 2905011338
48 0 4 40180 2 402704185 2123849752 3061244532 756554974 3379691962 2292107757 4458399 2856334030 3210296730 503399133 2824358771 1569154474 3231285177
48 0 5 40493 2 972138648 2605122297 2651984281 1002499537 2131507782 3915743234 398749801 2914819812 2393849571 1928064328 3381402086 2000178591 4134573828
48 0 6 40806 2 2388581446 4287966007 2017958011 2452479809 2735425747 2340196102 2711153459 2959785070 1332457945 3340168388 2079723490 3886799331 3671865122
48 0 7 41119 2 2501385627 3357498000 2634188822 2433914483 2747370559 2471169082 3676224203 4066011706 4285297581 3038234261 3155818350 4079197597 984957999
48 1 0 46031 1 2948388822 3145422953 3567589274 3988994986 418984583 3799595593 2446415828 2131294883 458815106 3642218689 3133888855 725273260 3454817384
48 1 1 46344 1 1916536767 2623192622 3775405735 2519121751 2157288766 1544380185 2149397868 2290969339 45274035 497352100 3881422754 4240780091 217050500
48 1 2 46657 1 1884635942 189959237 4215783562 46527960 1120848075 2278205208 3543737640 1328798539 835727222 2192810445 1334942067 840477696 2062283222
48 1 3 46970 1 819143205 1233221598 4018151345 2275115744 746629111 3895398895 3379168111 783160509 3544374066 418377042 258551569 3273281146 2404229696
48 1 4 47283 1 971345454 3060899501 3542400130 543853002 3081775795 336151116 2858457012 559674503 356515550 1527739893 3880311947 1279928504 3103000084
48 1 5 47596 1 3732569079 462598224 1142028935 764918446 1047008692 2479280062 1819334308 3391331273 463650166 3219903486 75438909 3924987078 2349820092
48 1 6 47909 1 3346892162 978535647 1954456530 1901737996 3243576413 3390459723 3552810213 1203911890 27221291 3338745868 3484547242 1207825717 389071171
48 1 7 48222 1 323222489 1344224126 439795569 3618769869 1650988859 3740875408 2252049889 2686665715 412684870 2245733273 1986372559 2844828394 471928945
48 2 0 53134 3 393868399 3206483204 2700646088 2378494369 2775354625 3846574118 3691687906 3422481260 3766557321 2142999617 2425713786 558350329 1142359939
48 2 1 53447 3 2322514585 1277704042 1690406638 2929658230 2565192451 624602024 252859482 531803637 107751883 1902411746 2948550300 2051289721 124016326
48 2 2 53760 3 2330072768 2305421075 744379699 3402388359 3061294930 3254274343 3765021721 4049513177 4129770376 2714788623 4052087249 3455859372 379103987
48 2 3 54073 3 189246292 1158637267 4189336179 2719697135 889319948 1591033621 2542782483 3504089850 2316216941 1509825958 989772592 172704907 803949249
48 2 4 54386 3 2978841118 2563089347 853473993 113539714 708616877 1632213912 2805104410 1658323944 2628384813 3191322509 3607074298 2426176325 1166738271
48 2 5 54699 3 2789792167 895541256 3340754496 3831546677 4079392352 1656113295 2376698576 2256236544 3083276561 517642153 4213112442 88580129 3823512395
48 2 6 55012 3 637634314 2403908503 1704886213 4187650677 2840019731 1651975360 1387166220 3878253407 2158497443 3652640532 1504460306 1724274187 1840033780
48 2 7 55325 3 1151969996 1387301191 501973339 1289312957 2061881120 94720433 887133564 2985454271 4265515364 2260691129 1682518223 1753648682 3770180913
48 3 0 60237 0 2792085847 2269909022 1488678977 2785554926 605379008 3939475392 3564893190 1447645784 2613769695 331944871 1492978496 1171312951 3650416373
48 3 1 60550 0 1552688687 1573056618 1730416977 4137341603 3707189050 2303679269 244737500 3602177586 2290217561 2268465450 3375146644 2296598245 1558832942
48 3 2 60863 0 527929950 3446654877 1778708032 1739795216 2641834515 1899757141 1597428379 3359906306 1077618037 3142906122 537758388 4015878281 535229958
48 3 3 61176 0 697087178 1742634451 3009353320 1204571406 2070006697 3559080801 3903012735 2779388684 4076707558 483823359 1403060577 3232332184 4036640937
48 3 4 61489 0 3647648764 1015394421 4144829550 3696886489 592322260 2220375499 884407958 3959113151 1476804788 868073260 3963193443 3107353692 3975325750
48 3 5 61802 0 2227145042 4164861379 2772261788 1017124871 1621835279 2683937957 3183560697 3725388349 3495062276 1399600852 2072969347 1414482708 309906262
48 3 6 62115 0 213370071 1255874252 247024529 2242018449 1184297524 3463191423 3708853032 313102223 9294346 1218405109 4289031035 3266321950 491625517
48 3 7 62428 0 630030712 3810529955 2672596602 503753354 3088357689 3521364940 4189428006 2786924797 2121779269 3946755882 235290196 603556025 941197188
49 0 0 39739 2 2258506448 3589388912 1804022582 1700745678 727793316 4146098831 8649422 548949744 943867726 3707069656 167965649 793840278 1674867203
49 0 1 40052 2 1214677339 1552843243 1849456748 928092406 1877082357 1873870107 1105865105 1283795353 2264135919 3398114259 1279350551 2876553911 1461990531
49 0 2 40365 2 1140390281 4193049417 3017471162 13262830 2671415915 4074848942 1669326973 670576133 137339667 475778990 1561791090 1963744813 4235395872
49 0 3 40678 2 3890100186 219146722 633047750 2293661438 3350988720 4159960725 3640345624 1393374459 3344579842 3047501424 4226505021 330907861 1970008413
49 0 4 40991 2 3826678976 743305288 838760787 2289013575 2353499918 1156014235 3129011560 3376575338 2236658249 2433406388 222369715 958548515 720090258
49 0 5 41304 2 2774794430 3446723214 3917807721 942673497 1836882711 1732563595 1356242535 444687263 2150376263 1764636769 305632618 3269338214 1715452592
49 0 6 41617 2 1372403319 994985993 3141974373 759282301 2017398369 3341021517 3900152287 292519131 1374320524 4045641618 2231766899 1986494233 2955096527
49 0 7 41930 2 428609820 2633045114 3646357503 1884712855 1412827282 472138283 3784152297 2635658423 298307309 1932357614 3901998668 2165680737 1196227002
49 1 0 46842 2 1965304763 4102392899 1658693510 1559434558 3476188142 247416128 1373727959 724269679 3338151370 2839651745 4092968616 1243632010 1063605726
49 1 1 47155 2 1365699542 1805298280 3221557972 877100171 4044467543 2812065695 441972745 3146815423 1327315343 1223728695 388234379 473517904 423401086
49 1 2 47468 2 242388259 1658263335 430900669 1346845686 3340783371 99158386 3485424672 1548775535 539014816 485809757 3891505188 4027959938 4272949458
49 1 3 47781 2 1431839602 625458534 3147519239 2655942979 4117591805 3236728950 1946671709 34062731 2972499976 3711714210 204036620 3261561912 1933551304
49 1 4 48094 2 2651520586 308002732 2977437944 222648042 783799723 2263400903 1803256455 1811418002 1274530858 1900180703 1461963761 3371735927 3637014531
49 1 5 48407 2 3952087927 3528001867 1752044577 2001281939 4119131984 1944454618 198794122 3895517179 2276312571 2813567414 3922351905 2440050947 2471268407
49 1 6 48720 2 4286409194 1830419652 1598933356 3591080562 1349854108 4179653686 1477988739 3250262365 734063843 2438237976 3427273052 3936051408 3174701304
49 1 7 49033 2 2858750079 2527342387 373782385 1292244262 2799844564 1101961254 3356162206 4018973143 1219002878 3820694230 1067564764 1081328431 2259266491
49 2 0 53945 2 3471940006 1496568450 1963600744 3981383227 3997991692 2358018598 240703470 3495463045 3121408726 1739456479 115755633 3458552329 3848761398
49 2 1 54258 2 1207966537 1852226937 3873633415 3880988138 3422044071 1262859610 1662581395 2739296937 2915122666 1927534737 1802384165 130898850 1122818700
49 2 2 54571 2 2697932787 392952583 1518754190 3180687883 664041776 3688120355 2721012148 1025368677 1850437299 2116079242 1611149138 757070911 3526740988
49 2 3 54884 2 2140782991 2864241657 3274353167 2232400587 3541164400 406360669 2275698548 2817515515 2530821535 3387808422 3177483872 3866287259 3885975860
49 2 4 55197 2 624472487 2435136929 2000053254 4057960184 95409827 3103653698 4048396638 3983576947 4189842817 4234402535 3719333072 815428848 1073419408
49 2 5 55510 2 2693937574 596888480 2245323515 485208347 630120237 3229406710 2737888461 1364489647 2663059898 2169695923 212298475 2767643266 4277587831
49 2 6 55823 2 2069111247 2114621009 2268214350 2156163721 616459749 2567873218 3441965419 1655445119 1626631916 1615668839 832095843 2912883829 1261258061
49 2 7 56136 2 3530239530 2680139800 57863611 2143768458 4288541979 522332344 4251490768 269037527 2089145623 3366848747 879456120 3913814799 3216657170
49 3 0 61048 2 56341249 2884880077 840733526 3486899118 3782323954 4041248059 2770078973 2052622746 3866670212 1400326742 3546718886 4278462062 2059002699
49 3 1 61361 2 3660286972 3299732412 2303012332 1985699833 1180717083 3651946385 1800241424 3837458890 4073128333 4262778605 1002429232 4129756933 610746442
49 3 2 61674 2 3761269535 3833021123 2070178742 1981482687 705257647 1769208681 2991288995 2064502798 885136213 4012688411 1351980851 858366076 1495386466
49 3 3 61987 2 652273268 1460171834 1380813033 640295670 1713972135 1488761527 945255309 2400565049 274080746 1943249034 147781918 2148277559 252605330
49 3 4 62300 2 2976077273 1015555795 1238990857 3596485112 131967384 20601669 3899859840 4230568771 1779279255 2034103971 3278646228 3989516838 3175714321
49 3 5 62613 2 154675873 2390935415 351547706 958523965 52287452 1180303977 1131526067 3830009535 3595116041 1599756923 2950076610 3052933964 698185884
49 3 6 62926 2 970151153 1328658841 1125656929 4108536625 1019423689 3478611589 4158962992 4206456015 3074461870 632228857 2014359150 3671706678 3260152448
49 3 7 63239 2 646964744 2778025056 3874888828 1949145850 2417105105 2501079805 2615125543 2656099175 76141195 816163035 196608123 2457009025 2600072577
50 0 0 40550 2 4202874650 3184496627 1316574147 468771007 3121237914 965149059 2548298709 4179113778 2872738609 311149751 3704363626 3431213489 1233669926
50 0 1 40863 2 2070957041 3568943770 3021635940 2240526137 1351006007 1939874339 518312215 2326882759 1149572960 4193860023 2994915966 885830182 1627363620
50 0 2 41176 2 1921220712 4257966243 1158818531 2618750804 991643288 56964571 1811455276 1595971096 3156876423 3586547198 1456690839 2726884583 710455350
50 0 3 41489 2 3118226813 1520657408 1388343264 4196825998 3457310377 1437830315 2296164976 1811705010 3964729796 1427460434 3649681132 1773223736 3855111027
50 0 4 41802 2 530519477 1807611632 3536726260 2898921564 378432190 1982946473 65553179 1275851434 2144934396 2844888326 1151637343 1830548272 929165981
50 0 5 42115 2 1217657912 2319892399 534153021 4182717879 829082972 1969886889 1926669111 303707777 3445017909 3701671683 740429936 925134764 4010599049
50 0 6 42428 2 537588601 1335177194 2040973848 42684425 2307910053 1522352984 1002653353 878462046 2657864137 2172867641 2075886362 2540003255 380445094
50 0 7 42741 2 1238818084 660403807 61320309 1601821875 4166285364 31057085 2487090172 1402534163 2461095530 304014063 584777839 1341439241 4266196327
50 1 0 47653 1 2861858569 1878782482 1472220619 1976252167 988342256 2270267288 536488605 267352740 548109096 2975738420 1897459947 3945981472 3099929993
50 1 1 47966 1 1479187724 1324197613 3289880128 421588824 2925590398 4229599849 411126768 2008312032 3540704616 4000462839 3730834092 2811626996 891491809
50 1 2 48279 1 654774394 583374287 2535807728 2273974226 2847720053 1719811282 3298692850 2505044181 1067918609 994955541 2009448408 3484182696 2986754125
50 1 3 48592 1 1453806385 3164982038 1990031525 238850041 1142491089 890957400 3491280187 1553787498 2651204147 1742582324 1415488722 1702566361 967955344
50 1 4 48905 1 1629412008 3337519211 1552590040 3522445698 1437572884 3570666973 4128610866 2081430075 1422603716 54110035 515875298 390381091 4087981942
50 1 5 49218 1 3978733964 3663393193 3216328016 4112038755 1081107169 4222787110 1045570821 391644305 2590735737 140147121 3640112738 3601585221 822375669
50 1 6 49531 1 2759091238 591380337 1224795846 3742758831 2667753697 2992806390 2885522607 4050492528 3570066552 164652198 3407961655 2827536730 2023751433
50 1 7 49844 1 3430195275 1490969378 3775040359 4020857987 608393901 3569456912 1140706175 75244014 1127786949 609993562 2154582306 3580465169 668957017
50 2 0 54756 3 4099109977 3739702678 3532122808 78651816 1672175507 2014625408 2862157172 4059365011 1515620260 10257836 1987872459 2793545056 1335525603
50 2 1 55069 3 2247343696 1043510529 71588539 1848536535 266782148 1071985573 3229898995 392828312 2499338737 2559722038 3475789064 109476314 2679034170
50 2 2 55382 3 934525594 661553157 1391429825 392993695 2108090429 452509233 1728415444 2951088617 3737434028 1934858799 1266120125 247676360 834601250
50 2 3 55695 3 4135703458 1128570943 2750577825 3630799479 3426261335 1693226911 943613963 2487285828 3428662379 2820076807 1475554742 2157496480 2028164539
50 2 4 56008 3 2308250336 2453703477 4031927615 3009843415 1905565118 2032877609 3951408923 4053910333 955121237 4166540891 2369582944 2736401076 3624975527
50 2 5 56321 3 1670533324 2623998467 2020218631 185397821 386186979 39882012 3843979623 2097299728 1958142191 280912916 2576975221 2590734964 1537821700
50 2 6 56634 3 1493619758 3550345007 3707208901 3286601376 4062521094 1208303084 2328719779 1470840644 1760314961 3896954007 173986060 4040790119 2988692174
50 2 7 56947 3 502497169 3640898630 3070103834 3238458636 778270488 2101302096 180904039 2042081111 2722732856 1738451555 231451055 295315233 2240511338
50 3 0 61859 0 1531194827 1633333760 3296020255 4013302459 157551485 3085286950 3455272389 1308561174 626025013 90296219 3989060324 2092702527 4057249018
50 3 1 62172 0 2430634720 649537355 298151700 2435303615 185222624 108329677 1970528687 177373072 1876930641 2919682813 470830812 839037808 1728682309
50 3 2 62485 0 813280917 1438146448 754021599 1704355621 100278648 2034196398 3265329822 4190824097 12757667 3732596813 1947132717 1600664224 4246138587
50 3 3 62798 0 1863482034 3609492533 4001824776 3179997498 4039969808 3375728778 201766649 1993993988 2591834575 3965361321 376086673 1247455211 329673056
50 3 4 63111 0 3783150551 1406052374 2268265619 3885612529 1815046829 1766171488 3029475521 2338248220 1007964031 2466060115 884962982 403458242 3978199229
50 3 5 63424 0 3791105283 3382714906 1387085537 681870514 1009008463 2202376922 3998723588 3074943289 2019353276 2097290446 479320040 1636813110 3412855411
50 3 6 63737 0 2419101865 123855864 40878599 3016703555 1092471365 2265769886 3987230560 3157229413 345281597 1964494065 4237300738 1334962729 2548712620
50 3 7 64050 0 4118829831 3747198224 3945874981 3038288357 505344103 3242673424 886003727 3412828434 1256560217 565893468 923837628 3626879211 1285251093
51 0 0 41361 2 3885508080 1213772119 2891062441 513460603 3535525672 3364256190 1623176055 62774793 3511254735 4244731014 3819888937 3435198794 1582397757
51 0 1 41674 2 3985254362 1063717951 458667771 872880835 3951892839 2045435964 1912276657 3245400765 1106822538 793975166 3586600037 3446425872 3589907775
51 0 2 41987 2 3333666747 3874933668 3402092070 4091363564 1653412375 2486296613 1815757725 2202396777 2313609078 1238722866 2274915343 611578189 1654944309
51 0 3 42300 2 289101205 2061154886 2325518240 723991281 1189698034 4056472576 1967522015 2071388127 3660868152 896655325 829963262 614857029 922878746
51 0 4 42613 2 1492551360 2561229103 349743801 1824205639 1775556567 2940522209 3586175500 3868666257 20238320 2760353875 2335866683 2527877075 206488751
51 0 5 42926 2 2359963815 2614112692 2927241970 2397566002 3392004712 2177102286 3970354397 1831800554 924870641 483348611 1596962697 3444423394 544169482
51 0 6 43239 2 790547643 2610190572 941710796 1152630261 3251902566 1781774915 129353988 274189156 3330904881 164879102 2621888341 1899384311 3961067333
51 0 7 43552 2 3031011900 2248543155 21887703 3932074479 2252531883 2216670729 66209219 3665942653 3215472148 3173263481 1169113236 3684945899 1804387043
51 1 0 48464 1 695679142 1679646313 2821085634 984463396 3227119832 717847593 2420989459 177837122 1766578804 4171218873 1246473886 2665879535 4215684772
51 1 1 48777 1 4208215658 2053044623 3901946918 2912525664 1893019832 2351880233 2290678151 3398706201 3550219185 3504517193 934425019 212627986 3096532813
51 1 2 49090 1 2873150496 631737793 2184081340 2184896552 2528603261 3571900779 35990643 806588973 1739242924 1528396879 4282820167 3975265663 4029742736
51 1 3 49403 1 3210207358 3843522145 2953922266 2268903787 2497099152 3021675997 597007592 809841106 1575649739 1141581814 1025194271 4292093619 2057753818
51 1 4 49716 1 3859610858 5792201 2672100258 2977209346 1147526327 169825753 475374474 927677250 2116252570 3202100569 4221793188 1096027214 546851341
51 1 5 50029 1 472702749 2027849964 2900340637 2498725825 4178046311 437300707 208365006 2591637170 2360500630 1961055715 535411673 4225980370 1506778770
51 1 6 50342 1 207821437 3400660528 1582481009 343419505 549239141 415941947 2003232398 625735500 1657503265 2068052114 2894299893 873843210 2506422877
51 1 7 50655 1 127399447 490462714 3705211571 315158483 503875516 3916600925 2977702825 4018744323 1560437158 614842061 311691721 3553364402 1612635424
51 2 0 55567 3 3635662798 2904945563 1663016785 2763459021 3608013945 3205751851 3244738845 1705750764 3610836285 1479826143 3751853573 3769275971 3658906778
51 2 1 55880 3 1920631385 4173124506 516267150 2776091982 3879560638 2364932123 3631267765 2825857547 492012773 3953553364 47418689 2284607667 4210680559
51 2 2 56193 3 4113279683 1654046850 3570283604 1219564742 289769177 2554758291 1203104398 1907841129 1812494024 1033317912 2166810743 1842492767 3910646044
51 2 3 56506 3 854319698 3288490007 1945695365 2800499680 1069318774 3054815298 1908065538 2354074460 188625209 2138605334 961148926 3149597527 3347238052
51 2 4 56819 3 631759885 1211975116 951642258 700755014 2319164931 2778273861 1785971206 3889734276 3249859694 2402266548 2754723455 4201809276 2575842302
51 2 5 57132 3 2237375223 2307075670 394737572 4276188062 781499598 371567961 1491827579 3059994316 545579050 3608763965 4058101227 679731464 3568278851
51 2 6 57445 3 287079417 2961351874 2024096568 1530285289 394483631 225817061 446975827 2805572403 915646048 2740040406 1808991504 3063658918 3102753168
51 2 7 57758 3 1452976356 753432091 2996430111 3621232879 1550962586 785457771 1306779159 1995837023 3908576601 83826336 593229542 3393179933 989961935
51 3 0 62670 0 1643767431 819715970 3422269869 1338429087 3101708560 1909362972 1668776144 804405225 3388714718 1765522445 69673286 3654700088 3157820633
51 3 1 62983 0 849452352 2782601179 2197871162 817193014 2906511952 3521381565 1397645305 1333171528 1141419257 2186427292 3993056394 3710869904 1300458964
51 3 2 63296 0 1462471684 418024281 2319582358 1957559792 2497826717 2807293188 3026864687 2213557133 2778003995 304957960 1238121576 3687610254 998405433
51 3 3 63609 0 1098041531 2496020184 3511564307 3189332147 3002533329 35761632 825289139 514644621 1332435248 3730593857 3235799432 1144515886 2745672014
51 3 4 63922 0 542295495 4100925790 3048185897 875288899 2693474933 2249079433 970731129 787941819 2818724312 2341241677 3890549251 2472553311 1732570002
51 3 5 64235 0 3965378095 1791538840 1106232529 1217425459 1660050463 582709031 4132014947 1000542666 559592837 211959212 3524174982 2167039589 621939410
51 3 6 64548 0 2218410220 41386829 1119881042 2517415534 3297242796 2387720511 1884527524 2780003016 2145948583 3807658860 1029503217 2217467773 3803510999
51 3 7 64861 0 1001101701 1256900406 1994675779 2240864763 2129570595 4101167305 3970800157 2287963542 3157922405 2236579798 1968324688 3786107271 3451774173
52 0 0 42172 1 1810984123 855409026 82543750 2521103344 2251621820 2717698282 2301397231 1122865202 3245322009 1942948087 1722637718 1457598731 2216543700
52 0 1 42485 1 541582308 3834756183 4049359695 3026035851 1690389687 3965776489 3593519977 3109533279 1964738795 893085360 1238986494 1690956009 3955406060
52 0 2 42798 1 3822382376 1932042515 2152527339 354586471 1595894311 1284466651 367227659 382852353 2284526304 2819575551 2895654680 644891567 2100563250
52 0 3 43111 1 4149943372 4054778339 4131505623 4232472560 869626859 2512190831 3808658276 3877290175 57429308 1849707253 699085837 640917063 1221960881
52 0 4 43424 1 3606962639 2106541926 545419472 2744956483 2822377076 3786262258 2015293759 2872642024 3225008084 2081167877 2211328824 2253651852 1236994558
52 0 5 43737 1 2835675274 4109150257 3003709773 2664152681 2686001341 2189714269 1468805470 2748733163 27334897 1612842840 1544529440 2969946155 4128667886
52 0 6 44050 1 765690243 1003822020 2091218212 2774357988 4227669040 2763948730 3991018208 3828357032 1379514793 1660988366 1964038595 566827954 2884704812
52 0 7 44363 1 1442398939 1792171796 2127240752 2354821445 2972363097 1667886501 2988964050 3142223904 924859089 2838909720 1784267350 1479828680 4184646565
52 1 0 49275 1 3934848471 1221053884 1138807529 4074226699 1601990063 1231447551 4037573452 2715648129 2740381277 1522516889 3952976660 3431891369 114037875
52 1 1 49588 1 970927239 1413546820 908515929 587186805 894156747 2021343877 4163263667 1483614001 2335504220 2486122299 4200397766 56085001 689421953
52 1 2 49901 1 1386157231 1906077338 4161959907 3819976863 511955785 974123461 4183136363 122181863 3240962972 2207024375 774385321 3449875986 2871718087
52 1 3 50214 1 1006639819 1289074032 2741259251 1985105041 1586980125 1464052821 3616461549 467131958 852628013 3262268203 200056264 2361167591 4217094155
52 1 4 50527 1 2563813535 410829838 3336134989 2229352594 4165048743 3147596052 1302592627 851259171 2550665864 127993637 1979319042 243248832 615798157
52 1 5 50840 1 689433715 3242497972 700613875 2931562436 1377432479 3787054083 2226091415 1146352548 1816129116 3369265851 2245597543 3413302286 374357281
52 1 6 51153 1 3477334535 593607806 4165372071 3635838115 2805463095 1635191316 1668919953 1347104447 632877932 1558597355 4083251942 1778638350 68257592
52 1 7 51466 1 3537611074 374552033 1897311864 888526056 4255738700 1409938260 330625565 219323503 3992286140 2054240987 3540372454 4136465729 3987140120
52 2 0 56378 1 1325786037 1117181456 3113958944 2544659123 1742031652 2123607938 3632297725 3568897614 1589829061 529330593 3775093862 2015948765 1255315355
52 2 1 56691 1 3081924120 424286939 1176302145 2904324701 4158991043 1983475761 4111158822 3301371044 26550591 1600659184 2073187877 514761518 846469924
52 2 2 57004 1 1240975845 3007517068 3641420660 2407158367 90104054 3867461112 1331594939 2307611729 165670716 3427523673 3121494833 4279242332 1412003331
52 2 3 57317 1 1127824175 3966028966 3341997016 3147590920 616975260 3827444954 3043218003 3571955830 2040927704 2202425346 458481849 1568413019 3249168133
52 2 4 57630 1 2431567986 1475807297 3947816239 1749763243 219735517 1046444425 2561932107 2048121235 4235478134 2086432993 1346254780 772288433 1113408829
52 2 5 57943 1 2868680057 1983320222 1754377888 1374100976 1315828442 1964305541 554109524 3080305532 3828677265 2783273286 2108120481 601003371 764323023
52 2 6 58256 1 4228218557 551837824 3932635232 4293685794 614294484 2912715792 1973541119 3179910631 3655011930 1413698639 3921018414 1538998145 3032741390
52 2 7 58569 1 3422029459 2706918914 678287260 1004583235 3004542730 2716893024 3142450379 2902606238 810876407 357322514 3352640866 2697073491 2209211919
52 3 0 63481 1 640548246 2464482697 3000641486 3654623509 3153021170 1083873392 3615466977 141890332 1944668337 3951618505 2335399701 1576089372 1303373604
52 3 1 63794 1 435899655 4219483614 2796940207 3778246631 3221462829 3528701953 475131352 3777033977 2279909246 3881460814 2137169210 1700587751 2328794854
52 3 2 64107 1 1005001845 4210486850 3532792781 4200354025 1157655743 2134112615 2506960290 2497597606 238102577 4037901984 2963429317 483793784 1481653563
52 3 3 64420 1 2516004031 2256435738 3853177385 490844325 1309970071 207419339 1669160136 3454257043 1467815404 3943971205 3534241145 676922086 1819506526
52 3 4 64733 1 3687239451 2070089628 1795574275 3452268159 2905641417 3825006277 1006572304 1174221037 4249341548 3070064212 3712782584 95609147 1984315454
52 3 5 65046 1 1035884831 3116522834 918205331 3793442084 3292868319 2414694576 3144488105 1279872005 1790934450 2404709599 2843269838 613034758 2086268139
52 3 6 65359 1 1079275335 2279912280 1107337973 1901178330 670446789 3655667665 1343681414 1984410986 442829657 916889476 4117739621 2431834906 1253946885
52 3 7 136 1 63590820 1272138475 1309693308 2661518300 4146064158 657897204 2856052167 2216429937 2902633693 280369220 1791057698 857362499 2892788902
53 0 0 42983 0 4162737970 486924922 1024985462 583013897 3084461071 3359341366 496364315 162974933 108740944 2171411452 4006756500 1405933515 3094438905
53 0 1 43296 0 1941831410 3597304898 1249961558 2193002025 350308266 3051893819 453811487 3976910745 1776599492 890041997 1134461798 1780153526 3043826646
53 0 2 43609 0 1763771879 2317053621 2283467868 3953704466 471378335 2289770091 272333631 3014617554 3273792382 861722448 3145503116 261732263 2592106710
53 0 3 43922 0 3059878414 1060352328 220492873 439996138 1853636952 3337032332 3287455403 78056343 745020173 2854880035 1212563995 4064696909 1027585121
53 0 4 44235 0 391189245 1804710479 859078410 107162615 3629027611 738416492 460982052 3169107538 3776755020 2060782500 4178095135 3700253064 360097127
53 0 5 44548 0 1001713971 1608806295 2841847648 2048578649 1269736129 3067351556 3687259290 2757690419 1070531599 499483252 2644777163 487070672 4197278512
53 0 6 44861 0 1907738800 2211869294 1923640829 2008759795 603614114 786398117 1240333995 4234494003 1856733149 592288394 1418806427 2899984900 3230298236
53 0 7 45174 0 532116626 3209739502 2984034009 2736412555 635083694 1885598056 4237541632 4052973314 3432096730 1897257645 3359586074 726928624 2158653520
53 1 0 50086 0 3076858048 1911694160 42558113 2213354113 3277000369 4127975384 60920189 2724579073 3616888344 264492447 1671176644 454177474 1202001266
53 1 1 50399 0 2445963469 2625329927 1312754419 1931654330 2015451384 227951287 142193114 774582046 2796885347 1923229240 594521738 3353819875 3653154294
53 1 2 50712 0 2420673737 1131954531 3098996127 3529826016 3973214886 2388590386 3953735014 118159190 2722281593 900687473 1450526190 3149467028 800530552
53 1 3 51025 0 3230722979 413656835 4157860701 3578902862 432160472 1406131006 3544911508 1569496968 713126008 774576177 4289878599 480974980 316067281
53 1 4 51338 0 276628048 2958344764 3438174654 3043012199 1103329575 1005971329 2528510967 917470189 1298559592 4159469117 3991790377 1386670268 1171244044
53 1 5 51651 0 97845544 2425269750 4026579438 2462858581 92943987 3833263013 3811816410 2210922612 3998396554 686259519 3898495624 2888667216 4076394786
53 1 6 51964 0 4092287112 1282515132 2251842061 3728063109 2520857479 469102427 1976785181 2090837333 3832274604 809539363 1473284683 1649988243 3939519482
53 1 7 52277 0 3213001960 1444641502 1380112334 1594457373 869664964 2464552177 3313454030 3602025749 1045074576 4017614674 4127312694 177598787 1842149291
53 2 0 57189 0 1937183845 199083283 1961332120 3411416188 883067073 277367280 2800640317 2476917134 2883646210 494163213 4138812120 2847235406 1617546843
53 2 1 57502 0 2706241879 985104843 4250724206 3618037479 1218030303 2369278992 275403370 4050814504 1704426973 2642732132 209489193 2489113300 3332991399
53 2 2 57815 0 3360306322 3873910822 3919521547 4052559130 1676261800 4134076722 3457720492 4107595563 3466944470 664350266 754640927 2768874639 736273671
53 2 3 58128 0 3217096655 4112220389 3270460390 170598558 178302697 3990644450 2185920324 2511080782 1545451162 2218326285 3972802005 2218782074 1076883899
53 2 4 58441 0 860585592 3985686180 2835386817 2437747718 2011983058 4062654376 2975644803 2976275520 2039548181 4095786338 2282651456 2273977055 2878307224
53 2 5 58754 0 422287181 1322038615 3000848532 3089420101 3684420695 642988523 743274008 2212559050 3864018007 383654738 2930749416 2030534773 2299045216
53 2 6 59067 0 1584959064 1861586636 2072509282 623684952 2319303452 3556917985 2581238434 3137758189 1897617065 334907694 3156490679 4103220493 907459838
53 2 7 59380 0 2530724685 1208367943 3532886352 629713066 3836267253 2076374520 418974182 250201150 2513466608 1553028946 96689833 3985915829 3716087046
53 3 0 64292 0 72357138 667756010 2727639333 777708733 3797394238 2642437115 4070650943 2219677719 2291702542 4070778096 594629789 2657780564 1217059826
53 3 1 64605 0 418071958 966286140 2944952546 1380308400 1037444049 3800128279 1630103881 422857710 391892728 3247128403 702098816 2397180584 3549067810
53 3 2 64918 0 2467999278 3004244358 1049167586 2732764894 319964597 325505979 832335753 700651587 204109158 2509051680 1716823493 2660275682 1092229914
53 3 3 65231 0 1289566482 3391246062 2734794410 790885338 3982068151 3938379821 718979049 1601932543 1656084009 2396210802 80331751 360508952 2574424312
53 3 4 8 0 3271001167 3027160889 2487382379 2579967633 573012590 1918363187 1877147571 1009906122 339072062 2276480052 2003063293 1752589363 1640521630
53 3 5 321 0 4198336275 2489056523 329652271 3023052349 2089827348 3478700304 3751266346 4294960851 4125337922 61030395 3650041588 3118462242 3195548681
53 3 6 634 0 1618342415 1709192769 235562176 1595179780 2501935229 2753481124 3004667210 319406688 149589495 1336243081 860750675 2350342481 2002114322
53 3 7 947 0 3164377719 3755758399 613468595 851494393 1912876870 4173087262 75066888 3164503081 478258184 2127402376 679196499 874944176 1668527777
54 0 0 43794 1 167923355 93324276 1255525878 3743392124 3631490461 976443950 2627305483 2344613412 2163162137 3451158941 83446519 3476278594 784507930
54 0 1 44107 1 466660060 2841845973 3249291259 2753263418 4000484774 1138182478 2204216339 832590810 776909043 2066696632 3661171137 3627223229 2031216160
54 0 2 44420 1 3445027202 3076743551 818730787 2248921429 1442495498 2822141171 1684064568 3294608750 4030647209 28717669 4124104727 2467152804 251160209
54 0 3 44733 1 2654961523 63254896 3397745016 3658380054 1094502684 2013697971 3304965238 279864077 420570293 251650820 1496237979 4161934139 3368357626
54 0 4 45046 1 3774895682 449536769 3170159321 713949882 154810778 2116340888 2390099601 4165108811 288323967 90495459 1209467873 2422881101 2011188929
54 0 5 45359 1 2948739096 3224958573 1872424069 2293342863 2890931483 2185506270 3550585460 3547592707 3783210421 1337630973 883000169 2628133078 1714781763
54 0 6 45672 1 750264017 1492030250 3735228058 1751453536 1518717794 778041495 3394434212 244538502 2551164647 3885632856 2725200989 2437037639 1713501572
54 0 7 45985 1 2718722742 1497111823 1700153877 1546924858 2597373874 3857988568 775793460 1211035441 3566516782 1104247727 4142352255 3206809995 4231394436
54 1 0 50897 1 3728854187 708310150 880712937 1718404732 3516780933 1642811816 2222472200 1296235177 649920923 11686818 909460103 1053613811 96012808
54 1 1 51210 1 4206228083 303807638 4252179725 588082260 3919190100 4122512867 1453537702 1686172939 1177311420 2625767452 4247709074 3939502418 3642678035
54 1 2 51523 1 1653168073 1022125260 2583775217 3674076289 1379131876 3342304271 538793944 3039059632 3818899139 3293404411 3990611916 33818427 1466454471
54 1 3 51836 1 1719923864 519762317 1600534350 1443317397 1905348017 3676005806 2970737503 3175640838 2608308611 3090300539 524371726 20073311 3471860498
54 1 4 52149 1 474422043 1237412092 1716655123 1009255263 2661926421 2523558424 4091106771 2645613567 1029783866 3515404447 834834586 2600951653 2902162613
54 1 5 52462 1 2305817045 1045554422 3152337817 3203455994 1278729055 3746348793 436891113 661303168 595890261 3223595028 3847576419 147931878 2622643544
54 1 6 52775 1 1662501959 1779590406 3999347157 3954807162 2895982736 1813144459 201325655 1369389011 4169991966 2906761841 2486094921 2110540361 2449465152
54 1 7 53088 1 3761309871 2895583244 1498003899 1426269516 3388227377 2832509699 451935757 956415372 2407930672 1651112251 4292542349 2685358226 2659181275
54 2 0 58000 1 2123777673 1035206796 2989620418 3603482558 117428282 4194858305 1024532975 2321097399 1590143883 2564137398 2319035931 3025048830 2349844260
54 2 1 58313 1 4272954985 1069943238 879675738 2133658784 793429375 2996879698 3427752401 759925592 3026465151 2220629908 910112181 3433507757 1552566823
54 2 2 58626 1 2659675813 3124949784 1094838770 4036461744 1163470146 2503053510 1626298343 2483791218 1713472370 127317891 6125026 2098099673 2667522208
54 2 3 58939 1 68036211 1106569238 3595552778 631031673 3605143604 2199864559 2900773623 3363421699 3117370461 3804174336 3786831916 1507944260 3573235926
54 2 4 59252 1 2765001419 930636024 4039321164 3391016976 2492567386 3609785682 3082582264 805042614 945004232 737514191 3778252866 1130306958 2310791141
54 2 5 59565 1 2380064683 258625578 3452964632 3288999679 506133687 424522542 2768069260 1452118618 2490821778 2974101710 3186625452 1039035617 1891619680
54 2 6 59878 1 614590156 3393876643 1030835527 1647574592 2859574491 137858446 2714113129 2719793360 1261793008 4149838227 2002855002 676177610 758354040
54 2 7 60191 1 3934455110 2008596953 649180717 3169286147 2518735132 2581575951 1495689657 571454261 106068262 3934634654 256587378 4028751471 8334129
54 3 0 65103 1 612454874 3915819855 2399210452 3856804926 3423729181 875835222 3837479367 3374902475 3316269197 4229384312 3333029033 3435068275 3982448675
54 3 1 65416 1 3488074347 2507936072 4151816009 2611750431 2322141880 245957649 2187161375 1696433543 2226527621 614156004 2469568994 1929461534 1377161178
54 3 2 193 1 193387444 2972607285 3544741020 2012884547 2149401489 903690661 3278083387 579867563 2360339198 463188365 573191817 650463294 3609310009
54 3 3 506 1 1691434472 113681115 2427918918 3388577325 1210660626 3627880241 3878021969 1166841144 1518614210 2246886105 870544778 483713617 1044616046
54 3 4 819 1 2087128628 111082793 668845886 1440609522 2775815126 3515739063 2041091464 1382480898 2572987012 208351162 3565557471 1095771759 3065422940
54 3 5 1132 1 3244298808 2297055497 3080749468 2668955726 246996438 2910722920 2763564674 908762324 4107645699 2415176235 3091930940 3097604616 1688095110
54 3 6 1445 1 938338624 1095913083 3401698796 1579222974 52342449 1524689056 3179803833 2992438502 1086793271 2028244403 1743493819 460550492 3891018205
54 3 7 1758 1 1522233314 1835365975 2784976610 88066323 1445225072 3556095998 2294572982 865865945 1971723319 1091017467 1075743801 3952278045 3604810741
55 0 0 44605 2 2053118930 2106519010 512400852 3323210432 2145920379 664967867 4171138087 962189194 194930639 705228310 715146139 4282774614 1605238337
55 0 1 44918 2 438353214 1764587316 1399344556 3675562924 1458603642 1731265490 2628651228 1867682252 2993100665 834103819 2420646836 3189681984 499941422
55 0 2 45231 2 2626133122 3930192518 700356578 2398675834 3189024428 3308339310 505557035 2766900032 1767871546 197051532 1301808981 2364964082 485612914
55 0 3 45544 2 2680311730 3354575052 977397138 1528638292 4231062643 121139636 2854169620 3568821172 2548911401 1604026308 1880290513 1021027306 1112007538
55 0 4 45857 2 2898369011 4198178985 923107855 1631889416 1103485746 1747437697 3941556464 1925109229 2319273601 3817842215 3792333108 557337650 1377243000
55 0 5 46170 2 221255540 1906356292 1420226948 3488673924 2411801781 2683209537 2696018063 3501745388 2195551301 3833305175 54987451 946821565 85965501
55 0 6 46483 2 1892234953 630101509 1407941449 385617157 1144895493 2563916017 4133728389 590008351 627596406 4211546005 1250118591 1855395891 1723906688
55 0 7 46796 2 1624706088 752269120 1360048284 3813502706 1646979646 2647589412 3875953723 2257441072 2945800371 771732827 1092952242 100324504 1750287671
55 1 0 51708 2 558358054 226858716 2780375947 2908937340 3955390603 828723570 2014773716 2765197325 4112952004 2309128686 83806106 1559280478 3118176877
55 1 1 52021 2 1018339072 2261387930 4006312681 3292136694 1945431189 887063841 4105255260 1229618563 1363434190 2503336905 1860828589 1728898511 3185588242
55 1 2 52334 2 3938679796 3731852762 1464398227 3775269871 1055555129 1325830359 1227208978 1444299754 824126961 1273464938 756701880 3564110960 3132998672
55 1 3 52647 2 1507376585 1793393861 421260948 2427963892 2427957863 3990784495 2466942216 1456512283 608178964 3023232367 3597549654 3937650635 3446852660
55 1 4 52960 2 1484689971 2828598205 3938918300 3118030780 1429194254 3765699681 858279137 2603400022 1590645415 1802463564 862648944 3112866311 3559514081
55 1 5 53273 2 1744048905 4035725127 879283688 2904563899 535233634 3084362352 1828577785 1580936403 2938258697 2358476800 1637313798 1685926551 1153368114
55 1 6 53586 2 2486827083 465600677 3288284658 390634996 2592646475 2206016507 2800934673 1341808752 2213978426 855693952 1423784006 3787800848 3283206223
55 1 7 53899 2 2385096241 1688520241 437835064 3269126696 1133686655 629414865 4012263263 433751772 2832693614 2388019547 2955692975 2681741295 23940187
55 2 0 58811 2 4032730079 3476176375 4179726621 3571232729 1320271937 2167771143 691733514 2533985152 2941707803 279479552 1629532979 1071691824 1870805641
55 2 1 59124 2 128644603 3742038865 2729481245 2400915586 1337011206 4051042941 373546053 76547198 1808200034 275914090 1658926037 2796377088 1238308005
55 2 2 59437 2 2851566885 2905387675 3095680705 248069853 1400339889 3474828102 3127805782 1521109354 1071664574 2669540129 2983013082 4152555413 1158964114
55 2 3 59750 2 3519378534 1900761110 326622304 1686199856 1383351899 1962322626 1862922427 2903340161 4186711814 1858899299 3269290626 1025559965 29717190
55 2 4 60063 2 1897367617 1621977029 3745203579 19400791 190187880 1047289213 4136906097 3267474667 1263487151 328080942 276816758 630876586 1972607283
55 2 5 60376 2 2537752277 2788779771 1079701691 118350924 3221962408 1693027151 789083407 699256188 2674710908 4112969768 3662463463 2295937033 2042755628
55 2 6 60689 2 2872817623 3816050965 3910487309 1205048295 1997568738 69693060 2089380341 3476995655 2628089615 2047415541 2955677067 357490069 2552542420
55 2 7 61002 2 3914560046 1338780844 1489427190 2434563967 2618457437 3969077103 2198167938 720004190 117563628 1597214581 1867468648 3244416472 1095592493
55 3 0 378 2 3000409326 3282588224 1316125501 1001909858 3868593528 307267041 3728519049 2699144913 3053733194 1208132649 1640225587 1922964619 3947779592
55 3 1 691 2 3129391179 3672692169 570643626 873915419 3799567673 2896559481 1967999561 3402477883 264004840 2456016567 3450984875 1912482597 3455364241
55 3 2 1004 2 799196263 1431914745 1119493898 4278268322 965703162 1483460287 2775146575 3501194080 822029722 2127099929 196669378 2573927433 510628719
55 3 3 1317 2 2282393963 710257605 720194686 3871706614 2696110211 3851984793 2213139883 2168391559 936893899 2263030583 3109665941 4242179899 2082163647
55 3 4 1630 2 1607800339 933382887 2468588610 4037693169 3363444809 2927205971 258661837 3638679513 1666415485 1670832656 1308381257 1585675859 1196761134
55 3 5 1943 2 1976075043 869522653 3684310460 2686782439 2333496093 3852798782 3631978947 2194187901 93806530 1385465401 4259617138 2720744 1650831329
55 3 6 2256 2 3562923306 356209602 1532363521 2047303581 113687701 1798299450 1563932047 2599936870 4256931816 3819179277 2933607580 2185887397 1957624331
55 3 7 2569 2 760400269 3530339545 180763762 4142695540 2576451234 4141948566 2165976186 2790875167 3099170353 1487564422 2655594240 3332381619 4142595132
56 0 0 45416 2 3045848976 1568383395 381464767 2359169988 833640142 2198871451 3563390131 177097339 1372635288 2436128587 2789681379 3044463776 1004415459
56 0 1 45729 2 2982270667 4259628280 2031916556 4074577683 404428556 2954580451 455838754 3134485371 3738609882 2127148223 776531875 412289066 952546107
56 0 2 46042 2 3446888076 2332590983 1129455715 3423707043 2350798898 880358313 1084050505 3352578524 974674088 2600572033 1081192598 2569747795 3171015902
56 0 3 46355 2 3784634154 3135776725 3638806753 1381782081 614430639 1886001917 2631387304 926886783 531027032 1532339746 3715113780 931246461 310723740
56 0 4 46668 2 3463125515 787190064 1785691764 3294792096 2800368876 3731909338 4289283236 305925865 2040154191 2248621791 407533986 204710899 708838814
56 0 5 46981 2 2915930192 3368963625 2342685765 3934640214 3473781354 1296637258 2284214681 3025110314 4109576897 776277065 732467879 862489956 4018313636
56 0 6 47294 2 1302269155 498964142 3003114766 774177506 2498709073 878283571 997316724 1699066376 1907624117 3030509304 4077430129 526716847 2662377946
56 0 7 47607 2 1239638334 1612529147 2789929011 3991640851 3020503749 1706384719 3769754962 1569609076 410161361 1177849365 421348380 4007561011 819507509
56 1 0 52519 2 2177308592 1682211371 1872767118 4106668642 1133339780 4175701258 2525888351 2470026342 1535338039 4017768366 1020533083 537659298 2261027620
56 1 1 52832 2 1417913532 410620607 235459838 2001010497 1223598018 779608424 2643211994 3483191922 2410580075 2640111713 1163108970 611579825 3333707159
56 1 2 53145 2 3756568273 1044743204 966336149 2929076422 3575904308 2117699058 1765580334 1424560832 2166987238 3954084382 1096918224 289017738 4284465821
56 1 3 53458 2 2890887060 155471047 2331583300 2427887771 990288373 2467484517 1795180591 1237884297 2492615936 1622842164 1386803546 3166284254 2382763291
56 1 4 53771 2 3814888829 3465656740 3937097293 327638085 3153100727 3194365227 2650636958 3248773281 3946158858 2343868513 2677759020 3964994285 3927909945
56 1 5 54084 2 1052560941 3144274218 564414135 719872783 3152487518 2774726993 363309611 2318658044 3877478635 375288699 3354982148 839111814 3344924868
56 1 6 54397 2 515986183 2253532766 2752194167 239491404 1711075 225134666 2775766946 339978132 3097950851 120934602 3122594649 103534387 2955285780
56 1 7 54710 2 1141655736 3079737573 2070784488 1017312556 2823843154 1888316908 27036821 558281403 2364560897 482908332 1951907880 74397466 16421990
56 2 0 59622 2 2342161203 255437208 953071436 1796123288 3084313437 3548075984 3621195772 3099250346 225707330 4207776189 1753971977 197178870 416514173
56 2 1 59935 2 1416825044 2799941349 4053658759 3476482111 996446656 636295181 656123821 2688706910 2108580779 3016670616 1579382082 818968840 2835538792
56 2 2 60248 2 2894468786 2829296495 1882075715 228367880 2709417305 5270827 608827772 583988540 1680464976 1637678642 2968470343 1713222190 2899939869
56 2 3 60561 2 1225850285 124330826 3052193490 3784420846 2288537568 1958579463 719427787 3355333047 2546126216 4282219944 306238841 337205932 2254478299
56 2 4 60874 2 1780519469 4686678 3591430256 3356341460 2380380297 4167511423 2609498259 3999255288 2197311315 1418203616 2458500981 4002375615 3564185948
56 2 5 61187 2 3327538997 3185452062 3118682230 2570723754 794513548 3958465767 1469412946 426421063 1325307223 1346180595 684824566 2484625771 120984978
56 2 6 61500 2 1202465488 2058292343 1616164073 2225823625 729046466 3207400467 581727493 3771806925 1628299602 275261057 390991050 3019508753 1815682509
56 2 7 61813 2 601235882 3292485609 1833582197 3818767718 4115345228 4228953502 1663271207 1257040192 3085739080 2846422392 3931571236 3725496592 2476090987
56 3 0 1189 2 543887890 1708671617 1028800460 1519915800 2913348592 1596394597 1860093854 990196015 3699665456 2755321283 3047016750 1407342158 2014899577
56 3 1 1502 2 3721186376 616537729 411443716 709273819 3008916446 539461571 1686048104 789310112 2384252355 3629912002 2556034545 956099790 801809319
56 3 2 1815 2 2412913852 1859965737 169675664 3853224116 3803346923 2149651686 3706958008 1557926064 173165507 1446879322 3692274842 94963607 3061727276
56 3 3 2128 2 2453960231 3400446508 1777357511 2324224511 2584791164 3848918255 2330480444 929154597 3561402898 1006851797 4082403548 4233162711 1815585796
56 3 4 2441 2 159534714 3832700345 4228566902 697231530 951170423 485111630 2871130094 763304648 2341487227 1790256589 549521705 258095583 1819059385
56 3 5 2754 2 682342807 4107634526 3654530141 1738933941 2847382967 2150635309 630494658 2295312961 611815139 233478067 2571562070 3339607329 392074553
56 3 6 3067 2 324156534 169246069 811192254 3002531186 64011695 3271187139 2679706547 2178863195 763500471 4255418730 466498551 2787484701 4214338555
56 3 7 3380 2 4069018422 804860337 1558642450 3023365806 1058267116 888504172 4243376476 3434347790 3301798300 125759981 2509833448 1101757972 199622028
57 0 0 46227 2 1207880912 1418353238 2072452858 729050610 2537925141 1952397240 547394154 4235843094 3302674086 1137495073 1830993354 134141082 1430072336
57 0 1 46540 2 3803565537 2383947775 526185587 2996316945 733439523 1014046153 1061673931 4245156084 3565790110 734091288 180223535 2505050407 1758946817
57 0 2 46853 2 3015604328 1941367188 1844156882 1111107822 1777971486 2889360368 3096339010 106447244 297677311 3008284218 3099875921 255172679 629042583
57 0 3 47166 2 2176425249 798241923 4195303451 1061166391 1468865683 2637675698 2087571771 1371937977 3220568914 3212692230 97374076 3626003460 1400998478
57 0 4 47479 2 387169039 1544726713 1568115989 3566184721 3331212468 1829126070 140277068 1006363072 1512019691 2690409382 200313637 2364491174 2394537959
57 0 5 47792 2 2244775201 2040550977 3854332389 940643840 2457142386 3254543577 3230282111 1056797373 333316204 3788187341 4141613736 784262240 3558385767
57 0 6 48105 2 3654410356 758509242 3603511776 3022551550 2888054951 2569998373 371127605 2918063477 1212405890 2317934778 3350091688 3383230279 2214628084
57 0 7 48418 2 3890049197 3723160231 834924583 1671834659 1926690746 3723103246 2269555919 919779497 1745778959 664983103 3785527673 144273126 326882999
57 1 0 53330 2 878659255 3315408319 1356498724 1948829530 4096107063 3236818362 232559351 1689083819 3609751846 3953411935 2717204732 1245449876 1712652654
57 1 1 53643 2 4039222603 3032939971 2461713886 2042589078 2178492394 3811950897 2444457954 2811314501 1310027044 920955948 382835086 375200230 3206691456
57 1 2 53956 2 3377372667 2429285999 548378626 203369178 1901551093 3797784738 1308148222 3223351760 4093587589 1050291727 3986940588 457604928 1408664226
57 1 3 54269 2 2489465747 1991945751 1470513784 1889561387 1961772837 1507046829 3588450692 4288671730 1869615861 905973683 1098732553 3927894423 2275124158
57 1 4 54582 2 915274002 3084667854 215729645 3654941938 1705201398 791738940 153453153 1300351141 1930126564 1415531696 3919235573 2769343940 51795567
57 1 5 54895 2 1522038580 3873763528 438501029 3307829953 2711532726 3462916294 2290249416 262682735 354320838 4031958180 2727993579 2325624058 4124733925
57 1 6 55208 2 2311940980 3065149204 3236043673 3911843637 3059533814 2288373856 225061225 1439175459 632289057 1971723176 1259258573 2407159928 63073622
57 1 7 55521 2 3356394280 577521118 1300727225 3416308539 3377533398 3036324505 4075366874 189437810 2602777732 1372365646 1200955089 3417218371 2448679824
57 2 0 60433 2 2159838200 4142346406 1656993062 4065250256 3582512117 3282678226 689798197 4248977638 3194316321 1800570216 211562807 3050401509 2367503695
57 2 1 60746 2 3398551644 4000278696 831725640 2587295769 4101703701 955341124 132271611 2813326976 3925093041 4078370742 2302250288 2101807358 3983332296
57 2 2 61059 2 1400455280 886810490 2340867332 3904907268 1109799023 164243536 513868015 417755335 2459108487 27688947 1572140542 998276779 451584720
57 2 3 61372 2 514330408 2439724954 1346610572 75439564 2971377369 116032827 1705479611 2544176482 1331158807 503118685 2148309042 1062271160 2327735254
57 2 4 61685 2 927426140 418044588 487639930 733620041 1254841516 3585273578 115164671 1704441337 3463971339 2230850321 1994828394 3077045478 3851533937
57 2 5 61998 2 1575145385 2670398323 2039180165 167495882 1347734279 2242870674 1731731336 1261440331 1093334371 3879767305 1335233259 3990678452 1253458219
57 2 6 62311 2 3509517938 1049689432 3841419730 3943797898 3068028610 3819583705 3343756112 2222957429 1460262614 105816283 704868359 956839311 518093640
57 2 7 62624 2 73057339 3303728365 1969014467 3113286591 314515629 3923995956 3706523097 3808624166 139862848 1663035497 250355866 704614990 2994800922
57 3 0 2000 2 3869537327 3884125245 4222423430 1764929342 1772832205 233681000 3689863515 3261285717 2846940014 3434147351 1783360374 211799058 3092391562
57 3 1 2313 2 3679148590 3355062998 2725572909 4093175433 1625733428 901851295 587370951 1030573183 2614403484 102362951 3201863356 924067447 3605414388
57 3 2 2626 2 4020027535 638294879 1099001480 2119656603 1293817216 2926034651 3183813381 3002270896 991333511 1299158207 1150286856 4017388321 1235463631
57 3 3 2939 2 475610726 1174115902 98351317 2460212305 312204136 1665607265 401617410 3058701311 3843061507 2862040820 240198823 1814529852 1796020327
57 3 4 3252 2 1246283144 3015214162 2666874681 3476727061 3990610375 2147414520 3356773055 3196224841 3700032038 29791674 2018803102 4255352659 2107651673
57 3 5 3565 2 4073315345 2706486135 4175847532 40781367 2823651740 4052313056 1491296211 2422645685 2055777904 4176989815 705559848 3304616483 1825309090
57 3 6 3878 2 513208097 1634069611 256835066 3057274556 1553713067 3162635735 138417360 3535971073 1280919065 3765900493 2307020286 1653131169 1205478875
57 3 7 4191 2 558961409 2609350999 2764638400 1128755536 1091904203 3475228761 227148619 642540726 2694990362 3527274244 2835612341 1343941929 4237389530
58 0 0 47038 2 417461068 2789146638 3183399682 596823514 2333807985 297754060 2380412675 547062860 1683837743 872527179 3117781765 2343489888 3017900661
58 0 1 47351 2 1928781718 846467310 3686095754 1184664098 2266861289 3464086967 3734571707 2197854087 1294125305 2625429169 2384015767 240046459 3153670697
58 0 2 47664 2 801855369 1882642157 2035019623 1901386269 4033991871 478408817 3434075550 376145761 2934013691 3533962618 896839141 1420302623 2457851212
58 0 3 47977 2 2705239604 399016532 987086004 3004895700 3278646541 686825936 3587428185 1591984712 3656044786 2788816220 2956771668 2273126945 546729014
58 0 4 48290 2 305619543 4262373707 3409560627 2186032719 1218261582 1151961083 3240911797 4012495735 1972430393 432975218 2498578834 4044205879 1758497500
58 0 5 48603 2 4157523090 3874655926 3392320194 1125701299 451985326 3036394382 1771612759 137050992 784989837 3000115556 97464019 2808695269 1337388736
58 0 6 48916 2 445686174 152623244 2753658118 3584997485 1008286012 1227850744 2069463349 3119810911 4090674775 3930010199 823410715 411741817 2341272996
58 0 7 49229 2 211046616 2542693894 1900256682 2100139522 4004135385 3098703548 577280214 2113435237 956331959 215402446 4062822337 2286805724 1243257565
58 1 0 54141 1 2301208618 1556234402 3023203501 1836095943 1327295313 3890844959 3287233060 1733120844 1543274736 538722455 3458144062 1557220194 2801712554
58 1 1 54454 1 332811969 956665841 1154392578 3172936241 4088675589 3326001839 3268097118 156507183 2913079631 3637240096 3836547591 3572380488 3872230568
58 1 2 54767 1 2998451427 2015204279 1374574530 1247021850 1630901803 443468284 1829238231 1863800550 2350800119 372014623 749856810 663994809 805051585
58 1 3 55080 1 1457602982 548517994 1709086619 960489143 857432518 37319075 3635332062 3579111740 1679595239 2623297342 2231497826 705714935 2494165776
58 1 4 55393 1 2450914345 3968240981 2246352208 3845842115 969226508 122671393 103417413 325975740 2477102964 3078519274 4079918099 3214045028 3129782704
58 1 5 55706 1 3588810219 3996992143 3294572496 3412901187 3738485080 377052969 3101423652 2932747887 1170844032 2364658665 34303262 3951858827 2094614710
58 1 6 56019 1 2702656921 1711187361 2027204544 1508712528 1528014302 4231637748 1963256009 116565692 1312458691 866074698 4294813573 4287287944 2640766555
58 1 7 56332 1 3256287664 3700337034 1404249043 3318839983 4146802354 4198674032 3416370041 1387957435 3597683673 3229863692 4147262002 3609569825 634135187
58 2 0 61244 3 4068772555 2737328425 4280721111 918110771 2901432985 3633375051 316376899 2668150977 769218823 4287569947 4183267601 521193163 3159810042
58 2 1 61557 3 532103929 3125814081 92987187 371382660 43166373 3706076079 2296286066 3838215566 2423045786 64708394 3820717395 1956825706 3457744008
58 2 2 61870 3 2628186126 351736824 1091810266 2346423017 3468881123 3771135122 1437077528 2673307792 3087503730 75503938 1386768573 3947050997 1403882625
58 2 3 62183 3 3648504916 1408101942 1121565872 1798897440 2079503875 2100609514 1722865411 2035307393 2282850062 3921296077 691573978 1716245479 3525585279
58 2 4 62496 3 3292365809 2511312185 1922214431 1314172347 3959081766 3757139982 1610536987 849404404 2316040403 1431920419 1869411515 211878999 4205528839
58 2 5 62809 3 1487781291 2422507345 1141866415 4052654379 554441132 1626926 4133607655 2813679121 916529466 3338804831 930362329 2042589743 2860772148
58 2 6 63122 3 340133461 3859028773 155363567 2730302866 2149704862 3053551931 3241182717 2544110002 3231803419 170626181 2564002485 2517930281 1816325013
58 2 7 63435 3 2399323022 2023307320 1859444866 1105465178 1571979857 2981306811 1306797322 2780064592 1707159056 2842997667 1413748511 261859020 1129414749
58 3 0 2811 0 701703463 1659653139 2507913820 545629180 4179421771 3000507833 3770331152 235173019 966466355 836979473 2911524200 1010420461 242210755
58 3 1 3124 0 446064114 2796894914 768864329 1202100741 3018450416 1646259144 108874197 4186136976 736762998 2050154080 1775126234 1252978823 3857826131
58 3 2 3437 0 4268655702 3493403302 2180562729 1900134582 3010820059 1908291572 3959407448 3197640132 2074842153 4147189223 3551140999 2562940161 2237350277
58 3 3 3750 0 1678205309 4014796503 2662780954 4034254891 4060221218 1852747583 2173837763 143271332 2142647361 2258754901 3720030596 2587620093 3297201802
58 3 4 4063 0 332103878 2126497950 3050438981 3447221665 1069701272 2636185371 2601619432 3065171279 3231116389 116631196 1206781630 3072240673 3960669290
58 3 5 4376 0 1468201281 4279068905 3220137250 3439744570 871718412 339026055 1016391497 77674600 831019699 1635992451 1751107519 1406505225 346459010
58 3 6 4689 0 3392090252 2192398388 3083189699 3343219457 1714371140 4154581989 2710570644 1568749575 4245997478 1260889544 2779415101 621390177 3458041563
58 3 7 5002 0 1834234809 1121091943 4122995956 693624850 4196741046 2135466416 2266269679 24990755 2540178517 572438192 4006600673 336952437 4108767508
59 0 0 47849 2 183720038 861840656 1968552873 3654925397 2514831499 242709746 1462573831 1201425387 1176015180 2714221864 455747033 2120810467 1466430764
59 0 1 48162 2 896402666 1358862960 1314617761 3062769151 3426724992 1262576409 214455367 501037951 3159921408 472218986 3295590130 892635212 3238702966
59 0 2 48475 2 3801846777 4199250967 853247574 1969159663 297604038 3459303216 3747656062 1204677341 539126159 1649785896 3884453869 2874877171 3305506172
59 0 3 48788 2 1211170956 3287226786 3707564315 4219544866 2607981594 669433751 163441609 2829000593 1792946248 1969807047 401035426 3190659500 76827070
59 0 4 49101 2 3996199636 324629706 1819940463 3145118106 710963990 4097080677 899457931 4156012715 3020624826 4287065565 2401852352 1009450510 192906742
59 0 5 49414 2 3731305255 3992184205 218077436 1144774694 2811463929 3148145366 447114101 408683237 2186128719 4261095277 2331843349 1590279483 562854644
59 0 6 49727 2 849073018 2403019730 3051756713 876678505 424712127 2240880562 2735176798 3723035958 1762676389 1074589673 4186422404 3356609385 3249522068
59 0 7 50040 2 3251921461 2306648657 3962414470 3914420136 2328161086 4015115330 529387713 989812191 2094004868 1329427374 1172427511 651328942 3696069359
59 1 0 54952 1 4251147919 267769377 1598312557 914203671 324460067 608863598 719111065 1435702387 3611985540 3723874520 3244968467 2762306588 1996517657
59 1 1 55265 1 2937576804 1052738336 3143848526 3745251384 2534071940 2400748048 283312677 916979741 1617259758 1065851034 535284775 3164874797 4225837974
59 1 2 55578 1 2643565609 727884403 1997506631 4229918089 1946004320 1835131436 586164446 1655397519 925486488 2056504558 488390327 2303985170 2108919320
59 1 3 55891 1 4085237594 1922219898 2978483872 3186732008 3346879687 310446921 3122169733 1568563443 3178435272 1828695034 2161087675 1409254304 334162566
59 1 4 56204 1 2981792590 3025887398 180289964 998016794 2346733558 2173117372 2707974863 2204661235 1246319080 3666826108 3815286451 2144470684 2440743929
59 1 5 56517 1 1259062958 113253792 1832561568 2554014637 3161581752 2287337704 3503892131 1741668858 2570648277 2861390219 456293658 1258114162 1104229131
59 1 6 56830 1 2632292639 1419879889 1366305233 2470541927 333680510 348372213 3478953593 221982570 2249448310 612409394 1609549241 1132098825 883093971
59 1 7 57143 1 331841416 2578417132 2039514894 2125837920 2894294380 792501913 141477514 664887463 2388552212 1685057910 676517047 3433147502 3179326511
59 2 0 62055 3 4061638747 1083689269 2169666542 1342938018 3388277007 2890797315 342470595 3205056602 603451865 2915063786 3527126108 131749042 1253428434
59 2 1 62368 3 3404175140 3999757442 2436631529 1623790364 997796314 3333467741 1720042463 601643591 423245464 3447301029 122268204 2934735748 3225056584
59 2 2 62681 3 2003728649 1390527851 3869108772 2271632925 3242853889 2833136414 2246247624 779510544 1674051655 3213917778 875895717 2864447635 2294447260
59 2 3 62994 3 1296670459 195732087 1191013526 3356161372 3254044777 4257795876 3955963170 3251094665 755613318 224542604 235564068 4134327534 203806685
59 2 4 63307 3 2198050168 2314326036 2772089385 410907662 50985427 1177740609 583495668 1090722814 452029009 142553844 3180946236 2375516997 2141246817
59 2 5 63620 3 2910208051 249850169 1570641810 2956369491 2632223177 3750912550 980805473 966447926 3078081919 416951218 1586249733 3509741259 3921432004
59 2 6 63933 3 1456239977 2491117675 2075357884 3649487614 4053473843 292925961 2144673398 3959532026 2958017501 29077569 3896237938 1562027344 3041668504
59 2 7 64246 3 615885361 2948397873 2412166368 1161040682 3839113165 140813221 4206537867 3607866328 4253425870 790592940 3068344676 3794095694 1394473637
59 3 0 3622 0 760224531 237369385 32747735 3488509721 4190856110 2482141576 930279987 3264974475 1852630228 1210166558 3089772582 2974572864 3773998255
59 3 1 3935 0 4014272728 3639551878 1210368656 3880491751 954346938 509916837 2621676397 3452335180 1467961751 2530552820 1009943554 1453766891 98905309
59 3 2 4248 0 114190125 2300190171 390282385 267443844 2411174760 260817753 307913521 2860645297 1418378806 2284241579 2101903052 1309270298 477988989
59 3 3 4561 0 3790971502 4238015646 1887253902 1618492252 2488413070 3264362058 3488669164 3461508311 3234728116 472492652 3996457695 1141405074 3636307784
59 3 4 4874 0 3517940791 3961998379 365360043 4173004727 3086801220 4258197329 3215438096 101611852 2742868235 331506388 3524109906 748225988 3113832716
59 3 5 5187 0 964853189 3132501983 2120699557 1782461970 1376832430 3413651042 2957986890 2940178683 2314745040 2836207427 4230582125 1417067172 471560176
59 3 6 5500 0 605024208 192167396 3227301104 3769287091 1944519702 753205365 3024375447 2435973103 1498533300 2160463529 2745339109 1987692211 740177227
59 3 7 5813 0 2106667033 2839375207 3487180821 2112582666 4177714738 1428552771 1714538294 1968223094 595747258 524828181 4167729672 276879990 1518636777
60 0 0 48660 2 3087158714 417683125 2009255267 1965783651 3367956762 1996028697 256077931 4016997076 1877398566 3044582909 1958117840 4058229118 2724153041
60 0 1 48973 2 2321415373 800092902 1446400952 3182996760 2237892457 139562112 84619293 3103556333 2084109829 1732717034 978404871 1759932457 182292870
60 0 2 49286 2 2456615903 2561229522 1851992370 3279834254 1138370534 2320950068 2461276258 828533258 1817930096 496306079 2574890050 1608413996 2953116103
60 0 3 49599 2 3803318728 3595411303 2469876345 3213281327 487163554 4069496775 2801007214 1061492529 3190885195 830085384 1750585950 2295715018 1505082535
60 0 4 49912 2 38231740 214920181 3778163441 3323738691 1701229210 1390758457 3351728727 4097879193 1989596756 876720055 789927041 824035018 3482218210
60 0 5 50225 2 2550868324 2506760243 1044552493 1247430945 4094757770 2177387666 3050893602 4134497445 2609169263 2756243924 1379002058 2438647100 3271004048
60 0 6 50538 2 819193515 3950542830 1119774978 2114424558 950747775 3443268340 2067219735 2565513236 4008605993 3338249734 4246456944 3728388898 2306663117
60 0 7 50851 2 4076160764 2486616447 2844499905 749337665 203831299 2715732922 1249341163 3688910213 1938768580 4263343575 3831394693 3473332508 461002429
60 1 0 55763 1 3740980668 878564125 1489035208 3865673010 3426488641 1247785736 2117160458 2739802264 886721611 2322219748 3366073370 4194098166 2556205232
60 1 1 56076 1 3281454231 3733889802 2019592839 2731395887 1274392452 3272463465 2254794255 2797383923 949041808 1988560383 460056153 1756410323 1594383003
60 1 2 56389 1 1336201490 977784401 442598782 932759979 546143235 3572988740 2073476888 124113846 2481743403 993727243 3520819216 2637902747 1263928265
60 1 3 56702 1 2582950385 1071426558 2577605153 1183610757 127242488 1173725269 392359610 1346371043 3915836861 455859058 3408887220 135105140 2246324797
60 1 4 57015 1 563581046 4213010467 3681897358 2781158872 3174516311 1917051600 1371191456 2169691374 1839293277 2884066198 4241311224 4016538259 2493010147
60 1 5 57328 1 635529499 3497160052 3671890787 1014141 245352459 3798692654 3852993550 1982527204 3058093015 1871001548 4051980482 1204114346 1666474187
60 1 6 57641 1 2684522287 2792576400 2729942007 1711937901 783142464 2555486633 3027277992 2230711968 1376193379 2062421528 3073513902 2620408098 2790640303
60 1 7 57954 1 1211593277 3955847992 3397996501 4077144897 1490930046 2538524998 1521458230 3040170758 1701238043 2869020332 584840890 1485403787 519091070
60 2 0 62866 3 1537653965 1602974384 1651242826 2907978952 2243247058 2018933459 1292551883 980329592 904545927 2877971044 2685560570 2274882249 4286031993
60 2 1 63179 3 3312785009 267460466 1428390530 1489256630 4255216582 4246590840 877936963 3295018667 1715373163 2505767108 1916773341 28074772 123944552
60 2 2 63492 3 2106498301 4173066412 3870286538 821427852 2756185242 617687265 50103686 3306697350 2266663902 1968236877 2027653362 1490525285 64330553
60 2 3 63805 3 389592569 3521436298 3145036486 3257144606 2589945327 220375749 3582266020 106475692 1153443075 1556458730 3233661541 4043555977 1591504870
60 2 4 64118 3 2877065631 1941825622 873991424 4093585442 4108149400 2862716754 1479724286 2894636857 3494191139 3615106100 1113456186 987321066 3861099223
60 2 5 64431 3 2040852569 4253668512 2651947226 2545886688 2244008316 2602281553 2721196549 2091236363 3695874486 3924322801 2062043671 2378368462 1950029991
60 2 6 64744 3 1524002124 23674195 609499755 3449189047 98300642 3736225835 47355967 3651281294 410872367 1482533408 4273229074 3560497929 1753078327
60 2 7 65057 3 3347619896 1766890783 1763927391 2067077103 3496946910 460282132 3621749251 3541037972 2930989190 2154179141 3651208896 1326613550 2843273657
60 3 0 4433 0 1279971001 2598339648 1327884963 4284396881 1472308182 2692715103 585448187 3882080008 352189247 3501775936 2176975334 2990902126 3639838299
60 3 1 4746 0 1692986246 1079423977 1636233948 347965376 1643742312 1498427692 2983532641 1880194631 1517670310 654258849 3049310983 3696297218 4220882319
60 3 2 5059 0 1241994251 3344438126 3828077793 4240563371 127883853 4045237446 3051250295 3412335291 2335409724 2156245731 2361996109 1212571052 698347007
60 3 3 5372 0 4134518006 3518147523 21610252 928876110 3838544824 2336942300 4202363173 2461652741 560935129 810011454 1707945841 878079173 692317774
60 3 4 5685 0 1310243906 1645764143 1240772508 2995646820 4039976013 3344251235 4124942246 1753729350 1480891935 1787852564 3981040185 350862892 496944240
60 3 5 5998 0 1850093901 448155706 3110001891 1901538577 716558932 2121361444 2751810896 791814591 595806981 2515049334 3375877247 1433448525 4036265194
60 3 6 6311 0 57255436 2376525989 2538915338 2354656948 3431297021 3000487519 4225778909 2885067796 2922772263 627800216 1248575198 2105893447 579444204
60 3 7 6624 0 603124753 233543448 416990059 3840375159 3420982990 3906434734 3383853109 2463739802 4101351736 2975585415 1905721802 2116997188 412078207
61 0 0 49471 2 152145795 767278110 2964292916 1339168202 1085672636 2185639274 1686909268 1260357017 3906378829 1375860 2110758236 3525541534 2910126150
61 0 1 49784 2 1899037055 4009655476 4240324140 2620576277 1753795586 681551052 1811559356 1585469362 1801453831 2296614179 1647317072 4030892158 1532165574
61 0 2 50097 2 2142135651 4014723988 3638427748 608212589 1757541865 2857017899 67465816 3173761578 1905229032 690107885 52946708 1055903019 484702248
61 0 3 50410 2 1355808334 3230727101 1070455915 1573725609 2271951413 3930881997 2317989955 666729578 999082181 2089451905 2948265742 2424365565 1971701405
61 0 4 50723 2 4135027297 3201058028 3639705812 2514913450 1154186218 66904606 2414842300 2082974165 748824048 33874945 1398705780 3896458239 1077304756
61 0 5 51036 2 675663640 1606785489 4008707021 4192012839 41754632 754693749 2892747043 1892300147 2469644454 1584567932 1936808192 2390642231 3363913593
61 0 6 51349 2 3490913707 2506706256 2939858540 4006105557 2291305769 2342748578 3334142427 1555239839 3923517750 630368976 4223506379 3840545474 1346989752
61 0 7 51662 2 3799769610 307666953 4186165643 1247432359 895920278 1117234467 648540517 2623862431 134387318 247394115 3736924535 3844257598 3969744267
61 1 0 56574 1 1033281035 2802115392 2625791819 1391128283 861641935 874668440 4277390545 405503497 3681990441 2627579372 1496352834 349567019 2644973325
61 1 1 56887 1 1565523715 1325649988 3377725721 223441228 87278415 4203238950 2302370623 4166833317 3004250896 4294454768 4260472584 2250725008 3899436930
61 1 2 57200 1 182410193 3744001282 1358569193 1613608521 2713804733 1649583633 1310339016 1148479302 3534604050 1434811225 612163432 3609089332 212827958
61 1 3 57513 1 3066181748 4046175205 2459627834 96660860 2976591374 550521827 1575190104 641792437 25787192 3406803491 2142984106 4000357513 3850751069
61 1 4 57826 1 1721538177 1924721872 3297769389 556257855 3953365810 3738628403 2344773974 2349863594 3360642424 214123051 406330315 3545433492 665711340
61 1 5 58139 1 668338318 95465785 2316608176 364384673 2476138214 340482272 3011687973 3351953366 600721863 128675992 744234601 1174171921 3642653070
61 1 6 58452 1 2511707675 2831371262 2054787799 2228718832 3216150351 1654685007 1919229568 1132738719 1648930725 3240603587 1556989351 2428412629 2838249662
61 1 7 58765 1 3588283651 2321841944 3236569137 2248929534 612427636 1906426008 4167505370 2869608643 427842365 2844393973 1984406221 544535274 711081278
61 2 0 63677 3 2306054233 79041164 4112149910 4079806877 270989235 4096106870 120973015 1330718106 2369941585 1440865013 3240353037 261655250 3208503387
61 2 1 63990 3 4236464832 3963669467 3743713737 3949703979 3194192049 3717541023 52778674 522696930 2376505801 1903367492 3694822948 1261223549 4056038215
61 2 2 64303 3 864126851 3376877294 1967199862 1950774527 2885503372 2532057909 2485868263 3969251641 960200654 2558766738 588510611 2229065621 4038121133
61 2 3 64616 3 2207852678 2444755579 3581728317 642475725 2331658377 2202415834 1516744046 689747710 1009338100 610356754 2421494407 2831718765 369916193
61 2 4 64929 3 3513658990 1346070291 4035523093 3907902266 1994761261 1325632134 1528617854 1184611116 1005137100 980063067 2991621089 2755780800 1960183256
61 2 5 65242 3 3569489579 1573869348 2176711570 2558278241 503259278 3363067319 876070579 889078070 4077859406 696657673 3018620452 4099076208 2180996099
61 2 6 19 3 4279733722 3080961973 3280754637 3566059047 1595610302 799955427 3270769751 1634250659 3460765991 2600392954 2048660054 3918780966 1394777314
61 2 7 332 3 1046000432 977251747 838226339 3767235231 298124901 1707111483 1756741911 399239832 1200747373 3912878290 625519161 302478455 775727058
61 3 0 5244 0 2644226330 2461362901 109604694 3027579744 4161186864 2893447261 4157419295 2752677105 3315099578 3910388811 748212738 3155194340 2196512105
61 3 1 5557 0 4132086944 3564600565 3918383544 391021291 2660289672 2115090473 3339172339 676029411 4107286149 1156715755 1028621276 1999888457 3983934442
61 3 2 5870 0 2548077559 68642004 2333208765 366195704 1129158946 1700869698 2032397730 3517050474 1913221983 2155887330 3543493622 965125685 2286525195
61 3 3 6183 0 2638529547 1878054338 3044248923 1889972838 3582019913 2942872427 1603689073 2858512320 3059991921 3198106736 56710396 3544980401 2693821589
61 3 4 6496 0 3683063095 2708265082 3449717195 1990486332 328325686 2358817580 898356717 3240358923 4067789632 2610529813 4242139990 2499133574 70072754
61 3 5 6809 0 3765290273 441222368 1411010989 3979895602 1846285028 2321032731 3292120493 3875300183 1150491218 967877880 1460240268 910438286 406228404
61 3 6 7122 0 2719467621 3666899730 1650328467 3206788995 771466648 1402753092 1255890985 3256475058 2433002951 1313550965 1292347132 2657095824 4278632481
61 3 7 7435 0 2814305699 648547686 3436637477 14661034 777605228 2872742361 175810927 3264607838 585852654 2036707141 650028034 1431509832 3734175561
62 0 0 50282 2 3401590922 629469235 1045330751 1149647106 431752094 3078699530 953917924 1618738570 349563965 782599424 2097813291 3693555801 853170671
62 0 1 50595 2 3128983780 4181867585 3227983705 3297720153 2116392272 2720571173 201285680 903735433 622719509 2288663537 1108589635 380022081 2761675162
62 0 2 50908 2 2797523236 2642869575 2011010895 440465341 1518837851 302869184 1962025426 501507358 2857945354 2184558588 3637731375 3851811391 2841252345
62 0 3 51221 2 3108366211 3921770514 35728710 175874864 178560494 3096096642 2991302159 2213794561 227703347 2027356091 2529635077 2287267924 1620776755
62 0 4 51534 2 3112461551 4073707170 615867342 3003505894 1190321271 989987910 3313870984 1779045467 1650080310 353712885 2995895669 609818464 1006403971
62 0 5 51847 2 4178304081 1133564480 1972276452 2959541743 464021241 3269684682 3978738702 4000650151 2567421218 4102349096 4209615778 1461237431 3856505849
62 0 6 52160 2 3807799828 3828968479 3375299163 2230234028 2941710250 3024331343 432019119 1950817933 2189022051 3619813562 3136155830 2055496635 2935562076
62 0 7 52473 2 4063633241 1551858156 2894535708 1579648385 3501336191 3924270344 151655330 3837301253 34397044 47325971 3637350417 3350047359 127708297
62 1 0 57385 1 3581980694 2401045891 1044983118 3159237367 901268933 3938921924 135864135 1633629502 3280203636 4113659548 955935310 3062454163 4114968148
62 1 1 57698 1 3889828988 1331767013 3891304458 490724454 2353660240 3717336876 742524958 3903314158 2962185361 1571190266 3229826052 2889940634 2305572100
62 1 2 58011 1 4281801714 3877786985 3990026510 2352315959 3580198865 1447020174 2367498892 3815115315 2330387618 1438683991 2561771291 50445738 798461309
62 1 3 58324 1 196298793 259845486 1268083359 3154114488 896484727 315586766 1755556464 663641662 864245498 1124837166 2373543044 144249503 1778252892
62 1 4 58637 1 1593957593 907705856 2584575053 607828882 3912634583 605796419 2680290035 1255036857 361994203 1379534361 618970609 3269881533 688309774
62 1 5 58950 1 3630170183 730525628 249996949 1078067130 3298620793 1031053351 4071687076 667052260 3549984388 2440756159 2018347757 2323280297 2273438695
62 1 6 59263 1 2057655836 3043691885 3662548760 3163352253 3656927147 2933506489 184411052 261772237 2574008703 268854557 3026889337 334897977 732813618
62 1 7 59576 1 1446118273 3202366522 1793701319 849569023 4274154619 2673154941 927065925 3752456675 3484213050 4121908202 3237175530 3512334864 166772224
62 2 0 64488 3 4186159543 742952614 3277589694 3842642429 1517835740 2832878579 4195367106 1025820705 2250368021 969992703 80152338 3934479852 857646301
62 2 1 64801 3 2890345986 2591044011 1930416333 1319917033 2686425681 68266663 627703212 1164301859 1292057587 175428422 1341349009 942082049 787571249
62 2 2 65114 3 582535656 1947666013 3412052941 3000275495 3478861201 817529807 1262179859 3673890631 379464345 3601521023 3943580333 750369809 1749567286
62 2 3 65427 3 4118245075 1432660680 2336960198 3388211119 3307428601 2716301854 1579172414 4038654781 638511310 1441242111 2865581112 1411752564 2195758210
62 2 4 204 3 409684954 2905787505 2768724745 3364411530 3397624506 4081720749 1136538228 946116368 2535347354 2246060664 3258511766 1180880395 2069359284
62 2 5 517 3 3702758092 1375916349 3475980395 138004455 582875306 3942414825 1105404929 112963849 2619833429 808878935 1385568439 3781842860 2614707091
62 2 6 830 3 291387632 2722433723 1336882297 3307390118 3093069237 4136768150 2690921290 256297895 875360692 1536696286 1160176635 2491691457 1320597854
62 2 7 1143 3 4132633944 1185859181 1743350143 3506667608 4130176565 373960789 602401133 2493016365 858590080 1189770393 346595264 2927827570 2674799030
62 3 0 6055 0 2361756158 1341712381 1356745348 863100236 1691839488 1527491410 3787928821 4108622494 4090660308 2441683586 2007638690 4026012072 3455960325
62 3 1 6368 0 3906362711 922564804 150158723 902482431 409755421 3176078910 1867802474 2172809262 3595857370 4025527433 546755406 3688776224 4062683982
62 3 2 6681 0 2217473591 2831027934 1094849253 232236929 2795685923 247663000 504580259 3485860706 865687210 1748155484 3330416726 1676433889 4177958464
62 3 3 6994 0 712304568 587337121 1971280428 807304749 16904876 366109428 2029745269 1969084126 2346092951 782559319 1744157091 2754476158 2393556968
62 3 4 7307 0 3305898047 1417393482 759821261 1457902740 1343430996 3432263545 4178133112 3166824957 796715949 2949738361 3472198529 1533336882 1088133185
62 3 5 7620 0 1468998282 1875340453 1039109300 709282525 820500404 4146378332 1872784215 1303638905 3562777006 348142798 3363506780 619248855 1033267267
62 3 6 7933 0 854486326 3108586835 3932116172 689685132 3167385671 3168541024 2289955681 2221870626 1695652068 3370716862 2077410262 3019225784 316874584
62 3 7 8246 0 4081397808 4178236081 1583733826 2015455957 2160697254 2783714252 441245163 2768392369 222028030 2143480573 2101280012 3231995061 2291159670
63 0 0 51093 2 1109636002 459935909 4060994899 1007264638 2543803548 531899997 3447959155 138907373 1854436680 2036184609 2605284494 367687575 888102085
63 0 1 51406 2 1517084720 3748314029 4244420429 89307118 1547552493 1807075181 729909731 2898429731 2739362376 2344506520 3328094437 734180425 2261271071
63 0 2 51719 2 3224731975 4250850744 3759712448 370455955 3046412487 1727063386 4165375698 3148084502 1116080389 2302133438 2904143525 237365997 3446848478
63 0 3 52032 2 451858706 1600176635 2790754841 2040973977 3363100846 1628632138 645849849 1558971603 2424833951 1560965121 4211071792 569498196 3723239550
63 0 4 52345 2 3797791084 3838409719 583036129 3095454388 4110962224 1379717340 2215259648 467795251 2991085340 1509499633 2582997001 2974225568 482430123
63 0 5 52658 2 826033253 1599232762 1915973580 3809154643 70670272 1782482751 2179235381 449189687 935316682 1640566166 203578356 3277411051 2558806623
63 0 6 52971 2 1974632458 3483705245 1833840805 3760865344 805731768 2110120263 489049479 2210224941 1409269267 3860912719 3961270786 1412625006 3250627543
63 0 7 53284 2 3990846281 675203784 1814520490 1928428944 3938387881 2544452194 1810509187 3407896470 2889910175 2482651693 2407445328 3513663710 3433769305
63 1 0 58196 1 1809338650 687433475 2902556518 2011967117 1109343895 319738262 3988227282 1484130442 3021517592 635226568 1327201554 2266774 80174433
63 1 1 58509 1 434104585 1112858018 3525837543 3067102752 3283951518 763972025 2048978975 634291917 653961915 2633105578 2158621085 1031399949 23736598
63 1 2 58822 1 4291098616 259858583 892787690 3731500313 324766324 4152391284 1464833176 2882119572 2071401577 2864677472 3054453260 3729039922 1224743935
63 1 3 59135 1 3624831324 4131528051 462380970 1750546447 2149917632 3629862116 900406453 3760332856 4015498695 919308287 1858342074 4073728608 3428750673
63 1 4 59448 1 2576847435 1407354248 4192381457 3780280723 3037561699 4268271877 3153190373 4111648563 1310631912 538600509 2547144464 1188660283 3270171490
63 1 5 59761 1 1015845180 706986521 528829258 2635335536 866979517 1643329788 3894883834 4040801269 1656730335 1740116770 1928876927 4101473304 2720281709
63 1 6 60074 1 1206616748 539224719 2668794474 3934266502 1824189688 791302837 2025233875 4147529963 658121731 2965983700 3364398250 3749147868 286474977
63 1 7 60387 1 643235715 2889519716 1350766203 1189547993 842481739 672143377 844745533 2723785617 3304903056 2753074458 4678849 3066196677 527353010
63 2 0 65299 2 327876631 801529972 3123572772 4103448666 3159978822 382363507 2575575596 2445653930 1878025908 316090185 509784383 1446229242 3519126837
63 2 1 76 2 1715935440 4156359011 3587592989 2304059893 213074573 742694529 2281194375 659082828 1620424741 2745746661 1919604667 656194749 2742715554
63 2 2 389 2 2782785700 1266484707 3767694073 2345214319 2717954957 714234937 3406652297 686285518 977347547 2757023130 3239304618 2105166794 2930246711
63 2 3 702 2 2428108615 4193520424 3704713526 2449422077 2832838710 566275980 1835347103 3640912117 4158653815 3271189673 1452754772 1036640388 2904411606
63 2 4 1015 2 1922498445 1212095102 4135016792 2785535819 1360978427 1267956877 3882629974 1359583970 3714665351 589234330 710305926 3923075345 2079528656
63 2 5 1328 2 3608117684 2373750681 143794615 3465327705 1637359062 3893105593 1858396357 4245623457 3483318149 2015159560 2258205501 1140198936 921078849
63 2 6 1641 2 1299031188 2608037449 3603232725 2992294093 1365315975 3557720611 1095985464 1199568440 1927687384 2021416538 2772317924 3633124565 3036301634
63 2 7 1954 2 4025916047 284085440 1076850832 1812828616 144898410 1833962157 2006257804 4153164025 2994903962 3629907597 2798580957 2462352736 3402144227
63 3 0 6866 2 66860583 3442632482 3529503469 3804664869 11454540 3582848855 526576120 1380043575 1521711735 2790642390 26601373 1222335957 504230006
63 3 1 7179 2 539631955 2856909786 2861841571 1049675538 365575086 701883476 4154898478 289051619 2613986336 1783283897 2229602927 1084850959 840892674
63 3 2 7492 2 1923317891 521460288 2242668491 2574164427 2817418509 2382913278 1216082300 1833481295 3599613856 652913556 1486576937 1091586927 3334203668
63 3 3 7805 2 2503524284 1980245911 912173682 3376939636 1152321687 1676110347 1732723223 2317688836 2714608447 3247413110 1993078192 2431399992 3214225252
63 3 4 8118 2 2072293121 1896424742 1079278633 2279903466 246229139 1675606280 2017501730 1581208160 2770835781 3110743789 2352718544 3795483887 468824294
63 3 5 8431 2 2452316129 2664536636 1733188971 117926812 3265389040 2520851576 991917996 3638020209 1086733224 2276099067 3134373488 2600068508 4291150520
63 3 6 8744 2 2992482726 2175073275 3803415320 1927346943 4193294801 2481948166 1237922443 2457664509 2236643400 2019207271 3459138315 1049573369 2887704924
63 3 7 9057 2 1682066958 2163266477 3259526706 1353080385 2866418018 3217854182 2797737007 3654402792 4150481705 2236751871 1569389137 3971308128 1405661885
64 0 0 51904 1 1363910699 590967147 1725052513 3793229249 3051264828 4226845452 852890842 1171549937 266346216 339794623 2858123599 3230721358 2857427453
64 0 1 52217 1 552429887 3535843537 3979681943 475438384 2724407300 3299743808 3567838786 2263848661 1175967963 804741686 1853761129 2665711109 2070641981
64 0 2 52530 1 4219513048 1271603574 2753396710 2136563673 281868285 364313261 3821281959 1727897595 2842494260 1507123823 746447291 3063503164 526488871
64 0 3 52843 1 724218904 1679525932 2800011979 1394130440 1521279588 3355986782 2715971660 1775107912 1549834996 970578881 2282205870 603210365 1111229263
64 0 4 53156 1 540396138 3178916210 4286052050 3530430753 1086603147 1944058144 150810774 2824746970 296749486 1578474787 2381855038 3458839782 2652687494
64 0 5 53469 1 1120355919 2974331769 3391448569 3715125305 3032819862 3669099466 816370 1332013441 3299533567 3281109520 1983590576 459770567 1233946326
64 0 6 53782 1 3263515845 1432168931 4059012062 355344600 714750726 2412990197 779873466 2556848200 1942109184 642730358 347633372 37393485 3865895843
64 0 7 54095 1 3320189279 2066947741 394236388 4177953032 3111516520 3706837453 4124002836 2028618411 3880845552 337790586 1923530231 2464968708 874261691
64 1 0 59007 1 464053288 1443435516 3970159059 2526755838 1363362662 64869442 3668643798 903772769 1272405746 1584510391 784203633 3497504239 2195428971
64 1 1 59320 1 3937328719 1889293183 2812152415 2848003832 600077491 2233563922 2404197006 740089330 1149536555 3585691232 1985081628 1035804458 23989153
64 1 2 59633 1 1686606714 865082036 393007672 2656812843 474549178 140619016 3132901208 1144248990 1284045009 3846227575 2922997086 874317283 1893964597
64 1 3 59946 1 1814310953 4285330081 2580484395 1666764063 902315807 507709195 1386645976 3091105721 701000644 167121750 893941700 431361635 3003396847
64 1 4 60259 1 1732807057 2514905511 4113670426 2950251218 4066170357 4130236990 38415148 584319018 3984302872 3038823767 2495895550 1115568919 3037600784
64 1 5 60572 1 948584346 2971362820 730573379 2613554627 3830734820 1799967368 2542898468 3070434140 2072555539 3066060054 2852378666 503875891 826583906
64 1 6 60885 1 633238283 3901332423 3959358825 2382550603 440977607 1417891118 3268898355 2910914037 1184547961 2435054686 1087899582 3776193295 2947037308
64 1 7 61198 1 3801848900 3232540502 3354041950 1957531386 729757140 16305700 4020945602 977585643 1840098947 2861480569 3819481862 705787063 1722910919
64 2 0 574 1 126503086 2643668762 1651997148 335506812 1050505383 211157851 411045248 1798389089 163310471 1214961704 2996843159 3186050359 102212377
64 2 1 887 1 2574797874 118912198 1408153587 3645937362 3208651471 1386662009 1691373166 2956098508 1478054220 1407530471 1472571259 3609081390 1460427044
64 2 2 1200 1 4136635662 1915977918 3262374491 1372906333 1774759492 2951378403 1370934469 2210261464 2510653930 3093564963 1511725791 3836825456 1989700106
64 2 3 1513 1 3465872946 2336870184 1483659987 2390010738 3593764274 1279396536 1674088249 3064311045 3099626079 244006985 531270451 3302695589 3229598804
64 2 4 1826 1 1339303026 2717410516 2639698102 3086323534 3030424953 3527576145 687339437 2021763829 887641413 103368954 1119426291 3772548811 1696516546
64 2 5 2139 1 4077449536 1117332652 2040841869 2302879624 2983529446 37964531 2282570649 1272143183 2833098017 1911176525 423921447 754484043 3878818996
64 2 6 2452 1 1172836793 1568931507 3388267224 166718340 2105587694 290379430 2230343732 2705925906 2777272099 638141759 3243932514 259759124 1876596245
64 2 7 2765 1 540061054 3739421858 2142799276 1905316536 1684360637 2493492851 1125328499 1359217309 2306464688 1763313641 314013481 1273468842 1806756779
64 3 0 7677 1 3391665621 2502111605 109263254 2281011566 3532303589 1439076735 231697833 3189807548 850908252 3116319611 1738892270 2597796995 3122697866
64 3 1 7990 1 3127714196 1119759002 3715547371 70369707 792692124 261681678 1714647071 494471026 1446143655 3871581622 4279028966 548098335 4133074990
64 3 2 8303 1 2458891321 23638999 1635753241 4010531743 2422183139 2571863302 3109886066 988352022 563334067 2086098150 3580709932 4013191515 3933777538
64 3 3 8616 1 2366971500 2036906112 3689309248 3451033335 3079001173 1746570921 1356118541 1444441635 3093406771 1776293439 4134953437 2795454726 3939587003
64 3 4 8929 1 2753423155 3952438401 1805494680 1206274059 2795794533 1570752811 1865710243 2821834 4009288203 2411917566 3792728222 2883125600 3413570420
64 3 5 9242 1 1676950534 360549776 3018797142 2478584029 154233822 1139689170 4128685086 186927297 606712618 3951505625 404298890 825592104 301949997
64 3 6 9555 1 2925155769 990699255 3904581 2404714898 1104415111 2044422823 3437245433 1965894968 3100286427 1348337660 1439100977 2570387230 4079691903
64 3 7 9868 1 1749900437 799891551 4055877556 2865692075 4118205359 719151682 4035469188 1755431730 211375107 2847612386 1552976154 1990828731 2376599270
65 0 0 52715 0 1515622424 3008117160 3526062059 2587866553 4272048730 2079581758 640054614 3660484294 3918652090 2947349938 2343172456 3993740059 3633272176
65 0 1 53028 0 3294572388 2529937576 868819338 388452601 3134284263 771084771 1508889723 1860047852 437493179 1042597332 928111306 39115771 1672664248
65 0 2 53341 0 3537402861 3691153877 3379868402 1230715291 3364494269 196444974 1147420327 682712297 4138888353 715146799 2612009835 2424549719 3748210639
65 0 3 53654 0 3511122356 1106669220 3820867039 1349985845 2615745871 1027420124 669700347 2554721712 321045262 3869747077 3712473502 3494482362 2702629375
65 0 4 53967 0 1224170554 670154484 2394473980 4222151150 2423344417 3191769666 128860370 2693304227 3960719480 235766069 2691727211 1708250344 778154209
65 0 5 54280 0 3668600783 145939153 261125844 3133523538 4185190054 449909253 2390460331 1487349539 2336242727 887028725 2801837573 371162270 3631306685
65 0 6 54593 0 4101807560 1126880054 3563294875 3972822019 3308113259 3356572661 3900121266 3690620311 3004538412 3400912020 1997488772 918235101 1120324890
65 0 7 54906 0 186107763 1459077615 3353071071 4061403899 1321376080 789822688 493293880 2506360653 2771594646 676422637 3857826982 3794567462 1526303104
65 1 0 59818 0 1960227280 3165684412 3119392442 1029593986 2571757685 3634509215 2531152372 1187551853 1746685851 690262908 4238957984 4070909163 3020391174
65 1 1 60131 0 1573095467 3452031257 4161010058 1463642361 263474441 956338955 3506178841 1203483570 3736649925 2768259180 799445746 3738603176 518211802
65 1 2 60444 0 1789218126 1429293936 2000626684 2604788340 3394315540 1504171155 1003829719 1193737424 1991096021 1744220191 1360022667 3653448733 431318497
65 1 3 60757 0 982044225 2595619033 2277925783 1598444373 3505830609 3687361245 616874895 2999235940 1670703884 748948436 3013140838 2022808760 4217025624
65 1 4 61070 0 3548645336 3058041904 899216383 791746641 4248477248 3976976497 649221895 1727797913 4254885239 2096825751 3116282241 3719669992 2921850337
65 1 5 61383 0 1357186984 2217525834 4204796366 2023837744 1580364472 2780589174 2687047738 347433016 436944641 2225561923 1112963263 208399999 1858410327
65 1 6 61696 0 3704479727 3338728287 91459185 753274859 866812961 4148591436 1022075175 829090214 1612848000 2058974294 3189072763 2070347615 2356569660
65 1 7 62009 0 3970606422 3714375540 788285329 1575508429 1746653562 34919902 65717217 1943853406 4149871123 3793784132 3015371298 3855994553 3492861868
65 2 0 1385 0 4130029230 2285467376 3474495075 4050392015 243164667 262660586 1265589122 381549383 1637705766 1802198163 2784989824 3122415829 3081761866
65 2 1 1698 0 3638179928 92296484 27270110 1200893287 2310940623 3689568937 1682838893 2916494506 3588888225 203467578 2655202997 1799787520 2873562068
65 2 2 2011 0 1591289937 2205312977 1703817624 3891042845 248446691 1488814506 293890524 3151690830 642107424 3778863712 3196124528 596165023 2004408853
65 2 3 2324 0 2570445726 2534228526 4064535967 4102401445 2012267427 1421519757 1134001485 2860966819 1009994302 2168247605 2217447954 1725249295 86312519
65 2 4 2637 0 2025763166 54590296 704964527 1486546400 2074792915 3394071121 3867691777 2940311751 3655646197 3546596205 628637261 3098934787 3314498883
65 2 5 2950 0 3455961815 1420292167 1482221862 3055499814 3703417369 2474026793 2864413949 2707714441 2537671917 4048609764 2779656019 2929631720 2322005091
65 2 6 3263 0 280464935 2104214707 294763977 2094239766 4157196754 3279438466 1035512225 172921074 1771537057 1999889671 3758747979 931727153 1178280590
65 2 7 3576 0 2479155306 3760136306 3681668748 1619050188 2071042845 778803993 240469714 957602669 2685320399 4127654362 3060763152 2713981539 1415403844
65 3 0 8488 0 3537642937 2809103563 3817430957 242143186 1341341377 824328479 76265777 4185405772 156264637 316517629 3009478477 1159720204 3132457440
65 3 1 8801 0 3103167250 3621895300 3189312915 659703791 3419958664 1638790420 65573727 1493864668 164778881 211914545 2977425733 1090173182 326825463
65 3 2 9114 0 2334386699 4055990991 2574667659 4035441570 752340322 641832256 3494031566 457928941 4032194390 321129382 1152524332 3812258253 3023196428
65 3 3 9427 0 2802746720 2813299410 3452771963 2423517114 1355896916 3461302822 885011667 1051431557 4257996766 3369560239 1070907455 812675910 2879359677
65 3 4 9740 0 2332387560 1429922942 101788424 976384964 2507469877 1708295449 789477334 4288935429 4249377569 10456823 1689493274 3084241033 1581705672
65 3 5 10053 0 3632251288 3481996546 2769451744 1789379248 230448232 1205516997 1905389865 1435754920 2597474555 161053598 1869322895 2833171479 2208778085
65 3 6 10366 0 644597778 3773934576 3757232951 3463499347 880854360 1831581898 646570584 3801597809 1145281944 1098240645 294064967 800281289 1270612990
65 3 7 10679 0 795995256 3693354338 4061004300 2830751644 1689913474 2346129104 1285211839 1169255785 2887622535 833117182 3235692391 1540199067 605477965
66 0 0 53526 2 3284482815 430328644 2203812274 1722179230 327251145 1178952525 677458811 4212414792 79998785 2381064632 889714884 4222689683 2467627042
66 0 1 53839 2 1195166810 2581904975 1293801105 2693444955 3541558456 4061164003 4015863846 100279151 2904176517 3999368362 1044699406 4033000262 3015798415
66 0 2 54152 2 104010999 560705100 3541335966 3455679698 4276165231 3113242085 718943131 2613804470 1257746139 1333121745 981682289 2229764995 1629587180
66 0 3 54465 2 1735741199 1311886322 3965681550 931170227 2537622741 2956326739 2773236918 279073826 3148262281 32276210 4048035921 2880205720 1097075188
66 0 4 54778 2 1093695554 1847956097 1741465651 3380187923 4158175689 2095021448 480257560 1357266245 1704863170 974163479 1903318359 2775074816 3074347529
66 0 5 55091 2 1696756293 1053191264 2392485694 2425871732 1868811194 2599877477 1332825216 1406410023 2073622420 4000113051 803486334 3121391444 3195828986
66 0 6 55404 2 2805546969 4108616792 1508415164 999584664 567692647 3038118950 329713709 346063874 3604115913 3355563091 727133119 490075472 638530473
66 0 7 55717 2 164007478 3578929559 2744279615 2748826436 1737619088 1216546820 847234557 2817533964 3134634408 3024758473 2101845513 411073072 3836262417
66 1 0 60629 2 71410464 2646892321 63190690 3901671192 4025201594 2906310891 689716143 309373836 2109453107 4270911582 1820200215 174674080 919158852
66 1 1 60942 2 2601493667 4261697280 58062719 4098862577 229015584 3784126755 1036760969 3489136444 3687014762 2814833866 1986313272 611114080 119526776
66 1 2 61255 2 3679513267 1856542890 3435698349 2075829247 735647532 739084670 653732503 4243506963 1652258528 1239478323 798464491 2439623225 640820764
66 1 3 61568 2 3822623083 3336638636 2573552101 3657276489 3461899144 1499936561 4274502210 3259291910 443225136 3814084868 1247534764 411592854 100120776
66 1 4 61881 2 1926944937 3089008332 3637105803 3240938689 920222647 2356219660 4239103592 2215312525 2267271418 3448903596 2601048087 3248672437 1572158440
66 1 5 62194 2 3940813015 1089512372 2777034627 3839064597 645945463 2944793725 913393764 606625142 4151036401 3487228664 2163028258 1023786730 2860187207
66 1 6 62507 2 2753228534 1198498415 795778316 1243682682 1225565796 3987910571 1142647294 3536388251 171919012 4130805636 2551604981 571214842 445513795
66 1 7 62820 2 3829570841 169377572 2827338393 2756499660 4110639824 2974383607 2842048278 1376546649 2970579144 3299347207 2873438031 969269662 4224773753
66 2 0 2196 2 1050474789 3040815162 557829252 1679301766 3736466654 2824922764 3702569876 3614434340 3025531725 1607774610 1135911043 3811554118 3360030474
66 2 1 2509 2 4019408784 981874977 510440475 4008277981 1146996777 3688848388 2070747043 3837005860 682613180 1645533148 375408060 3273874989 1908448853
66 2 2 2822 2 4063448660 103349577 661197033 1245712387 357606600 726217234 3911137933 605227225 3953390897 1961154377 2184628273 644208341 3063395810
66 2 3 3135 2 4093086343 358359792 2889008636 2197304744 3563894514 3901026920 514295757 2313515232 3217544669 584822780 3821582729 1372461006 1077104647
66 2 4 3448 2 3283541137 763185176 2986308144 711634926 1619909791 1906694775 1073936549 2870725835 1655943265 2110826475 3695262003 2100899239 1534170792
66 2 5 3761 2 2252960679 3357104564 3609795544 1431397394 2965064547 102535967 3993286764 1923999997 454544716 3588956242 3082877224 2095806671 1308012351
66 2 6 4074 2 2699545926 2162721445 3546182445 1437946613 1615456205 2247281952 3005797424 791033590 862236738 2489894720 1880287024 2728829804 4082541529
66 2 7 4387 2 302762409 3677858298 118758716 340697349 228291094 670158723 919083382 2529258160 1006463250 2094156041 1740154535 2101425915 17989964
66 3 0 9299 2 518242407 2197876656 1070622083 1575925769 550997648 384148861 1609694440 1197397750 1805675173 2003886581 2158553129 2021581641 868282857
66 3 1 9612 2 3255664518 2697985493 1107376444 3766991690 2568146164 1349257379 2774812348 2950622341 254208777 1977447233 1833243814 419139367 3660650808
66 3 2 9925 2 2360132752 1329810877 2898275624 1463000730 1504913603 2298563548 1507855617 2952483313 2104413164 4284450645 2985651348 2497727313 2926945468
66 3 3 10238 2 1218710700 2999823071 36700380 873367269 4289649294 1527871085 1330840514 2763660789 2152932567 2184612841 180071055 3934586751 3215363233
66 3 4 10551 2 4102037258 805891695 4039133136 4120836594 123589343 906739519 3975842910 2797482327 1437082765 2179484611 577172563 2776325266 510512957
66 3 5 10864 2 2246949340 2717528545 3609281312 879808313 3060145649 2415590786 1869757551 2090738009 3938697950 2828851617 2306687604 3368235647 946532844
66 3 6 11177 2 826526239 446095128 2739943717 3921213327 355674645 1198265903 2927253618 4247043127 1770138292 1753461571 842359255 3509207107 3518245761
66 3 7 11490 2 2173936905 2732743610 1434402993 701368947 3111872557 5632710 1849568097 3527395727 1821402794 2846294027 2751369173 1296444145 2383684532
67 0 0 54337 3 3252142081 3550280209 1974080230 4183253737 192156190 788615871 3019544867 851601058 2109990418 1840583926 2989620829 2620640840 2913091343
67 0 1 54650 3 4075771122 3950165686 1574401696 2379263795 3113681957 3762682692 1843407413 1630766044 2879051790 238427958 19992721 1382520054 4246285169
67 0 2 54963 3 898284287 1146197681 71479272 1216470498 1851668888 386723989 2144624734 1580705837 182349353 1019608297 3999127020 3135459588 2738074156
67 0 3 55276 3 3573319773 1208858049 1487244726 3661702680 843651992 4110976059 2224374061 2449844688 4238191996 2503079622 2241037622 1099458122 3367158921
67 0 4 55589 3 435787349 1368615913 2211989077 1336998351 3121959421 2605911004 3664684229 1040991434 1353976491 4006107931 4225869833 2107542328 1637645158
67 0 5 55902 3 165311869 3591378785 2290564294 1249919623 3823198312 2277930043 3448804307 2635926048 2039140323 3064242032 2940718646 2726548333 793074810
67 0 6 56215 3 3039546899 3911837383 3869007252 2523576762 3074425225 3212243976 3084506883 3596016478 3198679205 2211964061 417334695 1267770249 3922396686
67 0 7 56528 3 962117457 3538067711 4131370535 593956306 1581656259 1076154280 804413037 1024437046 3503138565 1390554347 4169125531 1553966411 1374265498
67 1 0 61440 3 4188102899 3028833891 3162948673 1604977751 808503048 3651514085 192025479 3863287825 2561413726 1755255999 831995255 1584145024 1885843818
67 1 1 61753 3 2798601417 2030227279 587570530 903941841 3960390640 3840609421 3033378934 4035521856 764222402 301010361 2357669325 75628345 3096199338
67 1 2 62066 3 1469821554 3405549224 1238186096 1485563890 2180187035 51612859 413211569 1695913179 1657405515 1479799383 3687766963 1826754500 3376301921
67 1 3 62379 3 3482092167 697252405 2846687021 813179049 2778687610 1482833019 1535712658 2611090418 2237194590 1534541056 3697669065 1791504307 3822619057
67 1 4 62692 3 173270220 1256635168 185522945 1520829027 3227555062 3834725054 3557114076 1013039782 1640665188 3897282152 106477728 2707637991 1760336385
67 1 5 63005 3 1669158133 2906879777 729863927 34673965 1047844097 2469161624 1733242037 1402504757 2339877114 1373942609 1663822485 2882991928 1502741443
67 1 6 63318 3 1493393066 4040531332 547826408 2869791640 290481115 307561156 2427035673 2349737780 917247541 2580048447 2711943435 751526405 2267907641
67 1 7 63631 3 3016579849 133124753 579413020 470816000 3139416518 290180574 2764371068 2601721991 691423266 1872691409 2832685535 1950726617 3127550979
67 2 0 3007 3 3603308032 3707854048 1379563818 441357196 576785250 1166233236 4131443948 2294198297 1080239053 3769239559 1850646521 4135408697 1029689890
67 2 1 3320 3 3356012755 220033653 888939441 73519742 2273673569 2597486685 4062093018 3046432145 38264883 2068262577 3475692138 1544998005 775155090
67 2 2 3633 3 1890193689 3642733143 1823398468 3614557198 4027770485 452495585 4017649844 1716057051 861276786 3658883157 3829733108 2455814092 2999304154
67 2 3 3946 3 2658572992 1988439628 53965189 1336453803 3243138773 3243466778 3245049727 1377098822 3612681085 4168917770 2866882456 2239522501 4192058325
67 2 4 4259 3 1037664148 181958284 1931206038 2681657757 4282591538 3648498758 1205227213 544175177 3824636215 510199125 3138898180 3366363582 1708870908
67 2 5 4572 3 2275358501 1661352151 792620652 3991147222 444161892 1792100707 418744304 3615059529 10997923 2932365326 3269474306 85449728 77406506
67 2 6 4885 3 408301266 1254813992 2541208803 1104582099 943782509 2104214410 923389097 3384622263 1994078653 1481581626 3625781557 2129212073 2554660145
67 2 7 5198 3 1771675802 3014974222 4226798919 3479678345 1041907446 2431285996 4001003820 3694666205 2016996628 2233953706 1379039206 26073160 864725920
67 3 0 10110 3 474626326 2699134812 1099183165 3377412791 649052594 128224078 179702261 1880203410 2195746737 943370830 3611679551 728907180 3205115320
67 3 1 10423 3 400713479 3490218013 2053833287 711035929 1585278725 3276022269 4236291902 1690332321 2074232567 1166797986 453178948 3049551208 1441933270
67 3 2 10736 3 1562983359 2767010885 472797011 1513330169 255902392 2420443833 791314081 1957759644 1070745914 413172268 2746763104 2963077336 1753789764
67 3 3 11049 3 788807801 2827936873 3819627857 73237406 920949708 3339730858 2554577180 3813315874 168109591 3976452238 3351344385 1285694849 2241401863
67 3 4 11362 3 4032478104 354391872 2841086939 3083017004 293996903 1364094325 59028297 1209082629 744875823 518664930 3843302368 3770744042 2429419719
67 3 5 11675 3 4244190613 990659953 3601466921 411594405 3014068225 2594930956 2201988429 404402808 2808228002 1949052814 3919894395 350524248 1201637915
67 3 6 11988 3 4177617547 1885007521 6957210 3332073940 2386638765 3096111663 878282540 1567193140 2008286569 2940919645 2738569046 4046983420 1078568193
67 3 7 12301 3 594631006 2164785138 3051478526 1261000479 3164121358 3945745520 2460747611 3739652216 484564199 3817254267 728145446 1091922739 2571011046
68 0 0 55148 0 3988907605 2620560738 296859164 1130147514 632456817 260929474 3290965119 715271059 728582855 701329091 2374039690 738491421 1663059690
68 0 1 55461 0 2238545058 2060769693 2639903175 2548698026 1675829993 580432317 1035688958 1666049170 1842166756 263090688 210293257 3306086316 1185598675
68 0 2 55774 0 3959127471 1884216706 2366372126 4039820817 1377346510 2957166053 4076684260 2944892869 3384609142 1610624319 2866648094 3512698185 1412482941
68 0 3 56087 0 231105308 2619061503 722330029 3652177981 2927309008 4254681197 2962473546 3080358857 2294642893 2260334891 3962503745 1136652855 3676533038
68 0 4 56400 0 321696900 449820207 679900261 3984819027 1713988901 322410338 484774672 1498050611 615174509 3011306020 522581062 1311666602 69461345
68 0 5 56713 0 723401848 3727288489 25054825 337258729 3568499734 2199233268 2536082378 2067755401 3524416342 668292386 363065614 3791791053 215151199
68 0 6 57026 0 1550640402 778345083 1656426171 882103887 984531868 2078880974 2193167365 3628656457 373175918 3686026697 496232691 1487125988 1206780257
68 0 7 57339 0 2005926645 789250014 787333512 337731483 3252691416 2488463276 2674022532 3603415583 1607569416 621697439 922624345 2340009890 2754100293
68 1 0 62251 1 1188656139 1300476730 3664306687 973172369 2703019168 1906598427 1278157127 3313895910 1466792840 4153178517 2665614734 3564560768 3805633857
68 1 1 62564 1 4214367096 957069521 4077383120 752238720 720360572 301325181 3655343849 2289319419 566691628 1221613193 1133271969 3895115796 2819004881
68 1 2 62877 1 2686513850 19087787 2710010694 368349953 3973888209 2605832223 677520261 180572622 3546416746 2782727080 3215411792 2320776747 4037541270
68 1 3 63190 1 793847171 3319346968 3746663257 3243134864 4032343833 1577570101 3531899852 3185358505 4091828612 297017366 2263040374 2313136953 2581367280
68 1 4 63503 1 3909136762 3285887621 3870222322 3990554068 897582641 2149135167 4116717925 2607158909 124732413 67299704 1148323320 789979198 662979975
68 1 5 63816 1 2481997022 3221896167 4129154278 4008356760 731182538 81859663 920567039 3462304523 3863998193 530654905 2573492728 3366726629 4132499927
68 1 6 64129 1 399969310 3266355855 4153203332 4107879833 2277358712 2232712701 2965113763 759416205 2161182566 3131645813 3157556547 2329607270 3803591421
68 1 7 64442 1 3878232239 1931349838 590273275 212629004 458181877 2471035364 1663845871 740727254 436656828 949363507 2837929681 3742563502 2920399329
68 2 0 3818 0 468475912 3769170731 2865833243 570694895 712204691 2834718707 2225241300 3689358740 4054681444 1855871065 2154990233 2921817588 1507892691
68 2 1 4131 0 130974552 159544381 3090142435 3515248031 2652262779 3306237379 1237170570 561863886 424769175 2545871919 632159285 2923991094 630331123
68 2 2 4444 0 2165592967 4244612374 3707028644 2111903238 1906376935 963695575 4246454253 1565433399 1174047293 4082869643 1991105584 2557762229 1237471368
68 2 3 4757 0 3472051828 2812461521 361534251 1171192942 3121219155 3808313807 3346333270 965533543 1749507344 2310228935 1514253955 513405312 2089829561
68 2 4 5070 0 580599929 605545710 1469702794 3896762288 2678372460 406058023 4131915413 3956139657 1733690337 2038762296 2060743509 429516213 2688684567
68 2 5 5383 0 4287612755 81734924 2943852040 3964689010 842965232 254791100 2091841668 3192211867 1960161695 4206160910 3566263898 2016065218 2890684728
68 2 6 5696 0 2837049396 774155471 1950399423 4208630534 4255730083 2317259532 3082666809 2338069047 3387839359 1392656742 1549541313 4132249891 99970509
68 2 7 6009 0 1466362652 2078181029 3923714719 1410723768 2906045723 1993104483 165412154 1272594407 4078401615 886644494 2850450330 2419714891 723656660
68 3 0 10921 0 881019849 3122355616 565420475 2386039119 3287521515 3474127720 1799848069 1618398810 320965761 1256258377 465535457 2168651686 1061657839
68 3 1 11234 0 2362975700 4052751135 516358296 3995084555 2254950798 1139651764 3137322796 1722912091 781274435 2468528584 3563043652 136665109 1608346690
68 3 2 11547 0 2263472463 1710412104 1771046517 4020812511 988483870 2907480167 2342594826 3343513461 3500357843 3299769729 3907978236 4112251504 75685297
68 3 3 11860 0 1026591555 3135472120 3528415537 2426317647 3688003574 3201730625 1418718910 1801601435 1522127815 4195383339 4271955982 2715678486 2364764553
68 3 4 12173 0 3787662561 626612992 1401356191 909618849 1554895822 2946391558 1279327168 3649557671 2064102496 3420451740 1716814712 1730725993 2317271249
68 3 5 12486 0 3141674066 264534435 2271732656 3140709739 1514564947 3886969641 4133440283 3658410067 3859862755 104679722 4077220706 4135834465 4122609338
68 3 6 12799 0 3495512001 1280177646 637811133 3698113721 1113466997 2601323575 2474058864 2639056948 334429254 2195137985 3817993029 531205884 3772907961
68 3 7 13112 0 2423405176 1301718593 1554258014 4237981061 1138461208 1707442774 3486091021 339370134 297600440 1818385425 1630796301 1704339152 4101448663
69 0 0 55959 2 1686338599 3946628223 354972514 204611104 640173639 1775135972 365498755 594346594 2701323780 3879318220 1558224420 1312021788 4146142901
69 0 1 56272 2 3506194166 3203453886 840617401 3318572685 2384773194 1514780250 1684820265 4087465479 2135362263 2756111896 3227503818 3922703398 3492337108
69 0 2 56585 2 2237996638 2670825188 1976027093 3248300755 4287461454 756163463 2594453003 1094812805 3945975684 1394585037 3547985624 1999554951 3116859861
69 0 3 56898 2 915485139 3651980273 2218284692 2082542790 3894606436 2785340548 3816097961 828582906 3938781044 1466402711 2209581630 3218698609 3170339880
69 0 4 57211 2 1593960836 203801786 513544852 336994367 3423264058 1417519262 2529577691 998700672 2859790308 1287201653 2310266402 3760785905 3436490320
69 0 5 57524 2 2664419398 3869251594 1792604613 3629711015 969909790 2020824472 3697363982 72708753 163144316 3272229353 2541461029 2159924272 238795600
69 0 6 57837 2 487497615 1753362537 3063970400 3134698678 1921814934 3837464332 3677950380 64592464 5870890 1817679578 1892983527 2640054723 1645472705
69 0 7 58150 2 2952419214 4256627628 2540597916 4081474236 4147273590 696419408 218423457 4124119474 2940069585 807665260 2329147305 392649989 1701646937
69 1 0 63062 2 2770580985 68836911 1501366319 3458256963 561326090 664667049 2861050815 4188550820 439570259 1979742161 3173278125 3194637911 3396272587
69 1 1 63375 2 969916655 2389546235 1874688681 4181850375 1714004250 1437703507 2921190583 1108775054 2855376363 1399622423 3287908892 2328472974 2710953213
69 1 2 63688 2 3267876130 2970342078 3452619313 3071629484 610856309 3601424340 2895884776 131109203 1821751139 246795522 1586243507 2506611931 2819098189
69 1 3 64001 2 4293872096 573301312 3772841878 3469670323 200744705 2096984402 127883715 3939881877 1882823178 2636684740 1175882387 1803285568 1203222569
69 1 4 64314 2 47575128 1152073098 1658653889 3011932078 1938107105 2832000149 435927092 3058288129 1124656336 3234335181 1937827830 4280771581 1215340873
69 1 5 64627 2 2523795585 85710493 1999270603 922626758 1849589708 3014372474 1768256128 3258679202 965215582 2574672532 1471681320 3662180610 2759175199
69 1 6 64940 2 4178886913 3855021457 1043250263 3250420531 781196671 2768505788 3248674147 2218742686 3023163261 3092672856 3786670343 3852774785 808869199
69 1 7 65253 2 1233128837 3463911629 3161680228 1635991460 405843368 3621668902 1046075995 3030196764 336395541 473034828 295101793 1198108895 1303146035
69 2 0 4629 3 2486488088 930172176 767380533 756967357 1822052940 429228738 1650604089 1063654084 2535635735 1484751907 3989607190 1610742420 3467002091
69 2 1 4942 3 790228412 965077162 1738680469 3024883619 2190951064 2633214914 1306495979 500286059 687439647 1042596989 79456118 2002322583 3315080701
69 2 2 5255 3 1179827776 9252012 1379285768 3981575953 3030130187 661595733 47322964 3676695305 313070729 746452682 2979031911 1124870591 1246022730
69 2 3 5568 3 1303727269 1663774103 3970310036 3049778422 2901772792 2476675241 2374219475 3654167261 3720149868 2169289249 1366804061 2038593783 1219560794
69 2 4 5881 3 740674135 4147367733 3902574519 1104756368 2081727661 823075289 3845617684 1837007389 2763560594 2959416948 2544713934 1697210672 3081944599
69 2 5 6194 3 3340228675 280431783 4254606470 3595673446 1492816533 3420448735 743760246 717074530 2859932395 2679191116 2829355300 1726091303 210178243
69 2 6 6507 3 2628290831 1542866747 3810488574 1854220688 1934757535 4183115451 916855335 1097668121 2830829761 47006723 2073329683 2118715055 633734395
69 2 7 6820 3 2076176748 292509148 385704582 441661502 644428330 2861650632 4157041543 1466910444 1312503475 2991812659 3831905599 623398824 11148590
69 3 0 11732 2 2871063999 539734803 3647317863 2039617431 2840620696 4140282956 3768982631 2413069065 2523660189 1315644301 3445669743 4062284107 2499433209
69 3 1 12045 2 2478068085 2976702135 1134631661 101273466 4209521864 3941381374 2712592263 1774230144 61970091 2068816571 4077800494 3193823490 427989300
69 3 2 12358 2 114860421 97733909 313203393 1170184041 2549032083 2894984239 289177787 2307881403 4138101487 4025273292 3482506136 871667530 2280901188
69 3 3 12671 2 838597575 837953283 36892980 1184208468 3698457118 936335752 1258498057 3251810972 126381849 2075556304 4215039223 860518484 998406319
69 3 4 12984 2 972606695 4048126443 3673076736 1571868755 2467103908 4069346690 3572703377 1315841570 3895746521 203100270 3639467824 3944541820 641179575
69 3 5 13297 2 2037505017 3124477329 4055977130 1989310419 1487520688 2754774899 1355289567 1645050743 300033113 286694454 3319233943 3817085547 3239666397
69 3 6 13610 2 2784901835 3876684305 1138231359 1711566829 3917078652 4226228254 270915277 3065599369 396078316 2638682452 1582736509 3012898384 1720975679
69 3 7 13923 2 1469188162 1001340600 1872510127 555822635 1456256581 2301968937 653413658 1794660997 747763414 737638809 4090275274 1940885643 2489330135
70 0 0 56770 2 2078893154 2019091984 4139002077 276409309 1760692981 1266011563 1069833413 4264152008 1979266129 1468907232 1571363626 4155747060 1909349193
70 0 1 57083 2 2846392799 33750523 4121988797 3308235582 1991912582 2429623193 1544866157 1153957720 808662975 3291016385 144233457 3125282708 3253059953
70 0 2 57396 2 2110750184 4106324138 1854201435 1101445909 1763312880 183062309 1911202256 4198104926 2118669105 566359473 4029150263 1474123052 2933594704
70 0 3 57709 2 2598755762 1744478080 2708103569 1280552655 29609147 1945917174 65604607 3513272128 2837130770 2618106970 2020073853 3289356674 1335227322
70 0 4 58022 2 1599533723 3683289913 2526415737 1174539162 2021122106 1151989521 2234818829 1936187176 1159029645 160475905 1473814577 1390672118 2431604031
70 0 5 58335 2 183090555 463073063 2812349544 3074754303 790400860 2525438755 11130121 1503672286 2546154268 3357091542 2802090259 810888470 1528374851
70 0 6 58648 2 1490654418 989256192 1053317469 1881578194 1831396816 1704597553 2608202563 1718708460 97250872 2871017136 1113759964 935274491 3417745510
70 0 7 58961 2 1050526596 793733572 3567494315 1055076749 1063891909 2854785451 906364225 3187497893 695605479 3124947458 3633166547 4250694333 1324830810
70 1 0 63873 2 2443136703 1335942219 2594109805 378044691 3209917925 839423556 1646532906 2486603477 439708678 2783522839 2151994000 2299347526 366825572
70 1 1 64186 2 1952427894 1845960440 3271149777 2704165122 3181809768 986818845 1361651166 2914866243 2825337388 911117665 989614901 1689275796 2305279695
70 1 2 64499 2 1863209397 939165891 242294591 665068901 3346910587 1182903205 1117123613 757438985 856779674 1359424853 2997948513 1044483627 2330107023
70 1 3 64812 2 2255123006 1920450240 3111700420 1581863406 1451244112 160504519 3458402315 1463789064 385798120 1466469419 3041980089 2503593885 467689417
70 1 4 65125 2 1997776276 457935116 698562723 839998405 3191944969 1560574965 2664184469 3202611799 712608328 2521901580 2145324796 2986854092 1785410925
70 1 5 65438 2 4161930384 3825527544 3815775494 4131813428 2988196686 1992236708 3757356685 1103203147 3102781962 1089165023 951489659 3091666448 579351935
70 1 6 215 2 4145325879 2099739381 3232923965 2727653903 303429119 396204692 3495259277 3019554357 3258692501 929909642 2404695718 65013573 3332105610
70 1 7 528 2 2257890486 3906604970 3330697792 959537850 3898012020 3064629172 1349305516 3672943660 1703580563 3817608981 1612302006 1796521475 1754362650
70 2 0 5440 3 4020421754 418919440 2626406663 2785150553 2827706817 2826992119 3116092583 586603031 2639435785 4101136398 2894798135 332068500 3934319860
70 2 1 5753 3 2019858219 2978281653 1699117551 581655060 4038225412 1678864543 67798095 533711757 110513331 504388493 2257815225 3012120589 1487994478
70 2 2 6066 3 1991470214 1281881214 1178415927 3935622941 3749892331 3016299645 1260596863 324976467 28043303 1261982590 1388187682 3235556105 294954778
70 2 3 6379 3 655116724 3459057828 901262441 1642150480 3874484362 2184445947 748059873 3062745891 2703666808 3562169703 1281992643 1003041035 2193338183
70 2 4 6692 3 4242182118 2780099120 3844850678 3689085226 1639534178 1151921118 3497991097 1085064658 911634077 1979234083 2353260873 152663982 1785417054
70 2 5 7005 3 1661852381 3036125141 1379285064 369284358 1950049166 2510387115 3588525644 2560902270 1444164797 3729019116 853764444 3674641441 2050088395
70 2 6 7318 3 3140574193 1775082293 2919053464 3589199816 120058608 1182413578 1705204710 4111792693 582778167 2135305743 1707910708 2893421048 68149452
70 2 7 7631 3 2370206183 1530783125 2229391306 532605986 3043075680 1074322222 3351708100 3773953092 1733233369 3729161968 967254683 1123932909 2754176963
70 3 0 12543 0 3156722175 811455405 559398942 2841482401 3798581314 272084994 3525720964 1149009995 2570431881 1679994865 275809987 1064575137 1242956409
70 3 1 12856 0 3194342006 729021450 2574622559 3340555044 3711175465 2688849238 3829139241 2210219342 4157108144 1301739302 2585348452 2657811269 685767396
70 3 2 13169 0 3931660291 451078465 1146870087 3275134897 3402564168 72295799 4056724204 2181749791 3964717851 3730406913 2111433949 2132609439 875059082
70 3 3 13482 0 3906280290 1019759920 3146102166 1346538988 1905053012 2559646133 2297152869 1630713410 2372336179 1544278135 1014832626 414737579 135406551
70 3 4 13795 0 2896386122 2587583328 741806901 2985039852 3471289265 760496120 2209470571 2535130106 3063675668 770432542 925937775 1037968716 2440116046
70 3 5 14108 0 3137718088 214281356 4118464796 3351599228 1874740160 2672482089 2226317918 3594320533 3544063552 1015203224 2690363155 1983027718 2532594681
70 3 6 14421 0 2246289488 176910032 3231793808 3967167688 736857463 981442550 3578552186 1169049039 2855152774 3238535436 3183418440 2993800169 4064470414
70 3 7 14734 0 3941611317 3929490747 2664353345 1854382297 2801348054 2234632922 2059787500 914948660 1995827830 537175261 2878285698 4228784402 2869420846
71 0 0 57581 2 1100108830 1789489645 1593294607 152638855 3007892822 2364340757 943895112 2027377945 1344154346 2242941082 3960660770 3971555436 3419628610
71 0 1 57894 2 1464297385 1384683028 645535476 1342113000 2216402449 1055009918 6249642 1019033859 3640824596 1956248253 1924937222 2462343022 1452446978
71 0 2 58207 2 1453794947 3422929740 2292108494 1632816228 1577519767 57061582 3697815697 2358561068 1197944497 166556494 2114075848 3436102732 2664766724
71 0 3 58520 2 2066940419 2961529704 1524117370 2677855794 3463541720 3865362052 3940472953 316385228 2689013648 4273316252 2206579828 1632766297 3360917618
71 0 4 58833 2 1589864969 851658472 2349207916 4243280166 3216573788 2935896812 3007923685 866720389 2958070131 853078815 1615633655 2985805365 2237118155
71 0 5 59146 2 3442319802 479929719 3666599119 1508489919 1810138198 2218707860 1330075053 859596970 1206243137 3464394076 419814585 3411962570 377248867
71 0 6 59459 2 1095526046 2624160403 4276263715 2891898053 3493705538 1467308927 1103631087 3129795187 1949046541 2445631538 1978513785 1701739569 1102249779
71 0 7 59772 2 3897569211 1337441948 3931711646 3567363758 501102489 2404028004 2466261359 1718735088 1790508251 1161377421 3966028368 1963848491 4117798184
71 1 0 64684 2 2156341185 1863632232 1547674341 1807700519 1775699633 2043792273 151561932 3770667973 1599483836 159763566 2420748294 1269439221 1554569451
71 1 1 64997 2 266826763 2692384326 2409574407 2109642545 3794037664 2119728606 161749359 1459213806 2285074168 3830662850 3690397993 1369190264 2011580944
71 1 2 65310 2 1052984569 3538884254 756689389 1085033981 1386102590 2568926105 1531798639 2786359298 494155457 4063232142 1372141530 1716012050 1395397503
71 1 3 87 2 3007030291 2135360342 802011515 3217393015 2753359448 499947503 1446750211 1281633455 99336634 3477378603 3703143532 1629265200 2572910841
71 1 4 400 2 2252567797 3592116700 1396372673 2377675173 3436184392 2026276462 3971907718 1429493538 3035922796 3801350271 1615961232 1762775516 2338970490
71 1 5 713 2 4222691698 1908821887 842320398 1582593602 1243513130 1549860414 2772328195 475977263 786988748 2214062999 703941280 574778134 2621242503
71 1 6 1026 2 1153251719 4025536750 1073753007 1224969833 1642496994 779951616 385472772 4223160738 3492100885 987658736 4190310321 806640266 3374193066
71 1 7 1339 2 1651471715 4229187476 1243522319 1804488643 762449401 2284540199 3450586102 3678055293 2025028012 2132290965 1591327322 1315538967 987883979
71 2 0 6251 3 3232910668 822236959 3603386399 2136336157 1717298010 632011962 343183581 1047915378 2947181315 1246873130 4199966982 2101807313 1990723637
71 2 1 6564 3 2146495795 1733952426 2090407784 2884762792 4174216711 1031124176 3173429671 2741471330 652746603 211276986 3488018415 3110250973 417538502
71 2 2 6877 3 225894823 802252734 3293151896 3943971300 3545290405 3506876112 1722018427 1111257864 2448327093 2774146426 3069107098 2404213618 1850843697
71 2 3 7190 3 2803955800 21194889 4046430511 3860034097 828119094 4011281396 195305928 1895484044 228817312 3363000747 4138187510 2366344707 504733551
71 2 4 7503 3 328600904 3397963077 2885278303 1933492723 2203209613 379133635 333729700 237471255 2277343427 3526297825 978597966 2911710772 2750162094
71 2 5 7816 3 1037490816 3906009355 703763027 4154643171 2942055646 3993392420 3231616385 1774223428 878582922 2477538068 4292549312 862293943 2937573435
71 2 6 8129 3 3040604073 4094725088 595922298 2277066970 3295318216 2610937637 1449795589 2375331514 3373153361 483701824 2547256141 1298242220 1803592473
71 2 7 8442 3 4061282405 1489686042 775468182 705891560 2987311916 2987519206 2418555815 2014825132 343483344 4294022948 1608261102 3424419388 1225730216
71 3 0 13354 0 4170188503 3961080342 84648949 647744023 2219680681 2813078779 2818960726 2326503205 1661183605 3167120989 59113691 3509792219 3619550911
71 3 1 13667 0 1414717543 4112681682 781747401 2419840937 2863514190 223323443 1852882432 2373075230 3489118598 4119635944 162410614 285454966 3169851807
71 3 2 13980 0 311683122 1294836685 436568088 3062863324 368208786 1286475630 861509022 2076259490 1080484548 1622427812 3634958823 3130421250 2314648664
71 3 3 14293 0 2494723959 1289401566 1169825465 3099125891 3436264340 3860861223 2443644702 938580034 3857224708 3418192936 1562616927 3566592756 239375453
71 3 4 14606 0 1027491708 2137462015 831026702 1983805256 1606691297 2017760666 3204103295 2924240970 2623383249 2551047985 3417466865 3693190336 2756002291
71 3 5 14919 0 1003586184 2704023413 1520156930 1476621994 388921728 188649388 2729007479 3887661819 2653447377 3939999023 154765903 2934229887 364336062
71 3 6 15232 0 3468914657 2253516468 3730790763 686590459 206856098 421258109 334691158 223898838 2462119387 1315331579 3033073435 4125380810 251311141
71 3 7 15545 0 992957573 3053961162 474039887 2201969329 736240499 3695532043 323546103 3602384986 2860796167 1599390204 2926583462 817632410 2707498711
72 0 0 58392 2 1407267182 1978266259 71724243 2300524419 1630562564 1050356694 210223057 49165953 922612560 2901075167 2296170203 2889978959 3141893949
72 0 1 58705 2 2849741091 951710430 3782250378 1828826024 357786973 4284666251 3427283557 2161418788 2453261601 3078169600 1021664650 1012573195 1879888181
72 0 2 59018 2 2327482401 1974568654 3081667082 172068068 3304841362 2461226625 4020236637 267204078 2655674875 300088573 736112501 1733275102 338846311
72 0 3 59331 2 2010544296 3412475031 1845355893 2991853952 3217229661 698496463 4128276699 879359303 3067673103 958815013 1126501665 1465477423 301090511
72 0 4 59644 2 2666768119 3581982340 2265669818 3638463933 856366432 740909260 3439310432 3866304903 562332378 2384846966 1275757891 4036830382 3369298095
72 0 5 59957 2 901722039 1313399876 106562986 1197211906 3429107274 178314825 246549030 727394973 1949121957 1201434476 2028102698 800053056 3107006276
72 0 6 60270 2 3642814259 4165665952 728380550 4272586838 221887966 1749695652 821956304 3171255540 40208699 897523246 226360092 1291782541 734512221
72 0 7 60583 2 1739546095 2530919258 142160484 3043926310 2081376486 3300397204 4060828017 2039176119 717246826 1572289023 2537429763 3427320211 260222229
72 1 0 65495 1 3443573945 2578229906 4126909409 4083057753 2517700216 1865077882 323141320 715051945 3031438614 1009955773 3159710281 1843191093 3828706002
72 1 1 272 1 4228269644 1666547873 4140692580 2963541428 2062466001 1916983152 150536561 413039117 3204809450 3683782237 1444781076 2207909207 1124558642
72 1 2 585 1 3711067332 1544531775 638399060 3402635212 3152511212 2620629359 4175536814 1703256833 3584094011 1193847828 3145600545 1519201209 3300718260
72 1 3 898 1 3772502034 3510662905 1625488554 301124899 3581426841 114253081 3424503982 947700132 1007747052 2022298859 2847613282 1988969901 703961816
72 1 4 1211 1 1102568107 3865960542 2162407105 1695205970 709419799 848450639 4116377624 57228335 2975927873 1395835600 3803953944 3671704289 2485915361
72 1 5 1524 1 94700398 2802288263 619388808 828560862 1228264647 2124873233 3640438983 1359688950 45057240 627823500 1546587963 277058522 1839430308
72 1 6 1837 1 4130519055 226444268 4227774543 173966589 4039977360 1691151729 2324591199 2474554249 3906420828 3464674078 453789509 868468663 2476214094
72 1 7 2150 1 2910305798 983669957 1177903058 1332972200 1453190144 2987493304 1734327305 3377228421 1811225307 3754296679 493202728 3826961395 2436551456
72 2 0 7062 3 784704237 700058050 4014115610 2711854748 3670063555 684381920 805395248 3997248084 2303861353 1171972950 276116902 587951820 793156422
72 2 1 7375 3 2494760500 3859725159 907864311 3475739799 2678871629 2137406093 331794903 3678981082 2852477013 2733442165 1712806160 484682563 3750949204
72 2 2 7688 3 4179700470 1593964445 1131735905 3970242053 1938503146 4164348600 3265336703 1098058058 35524631 3646960521 1507658549 3753345634 3847008034
72 2 3 8001 3 2342420709 3183500292 3309675254 3607356124 2683602516 4217308811 1168893863 2996231716 1517849078 2347573142 647662711 1721635916 1197267595
72 2 4 8314 3 2160141679 4179780212 1816858080 3071413239 3458346876 1291250584 2487053517 1062883078 1273238221 3488202573 3842192348 3554404421 1184920607
72 2 5 8627 3 2319877783 3311497356 1745457612 2171640676 2455455460 3756858425 3339454274 2354086600 168050998 3399333113 2664775964 3266193340 550247464
72 2 6 8940 3 405035640 1669516713 3820011909 3960832734 2859749154 1311061380 3323835668 1056216761 3368457004 339157686 3736106271 1430109370 3068848119
72 2 7 9253 3 962347557 1515235140 3329118686 583449044 479675470 177685944 3128289758 1663920405 654880355 309618485 5348920 956945153 1101894520
72 3 0 14165 0 2038705340 1339491383 4254394266 1544381858 3891714445 1631539639 3007489402 3078586468 1538169295 3379643592 2232042615 3109567643 3473951915
72 3 1 14478 0 3515589159 4244370974 582669739 4204013601 2852682131 2841801586 1316978408 1328635053 555018086 2310390014 29144322 511387154 3395993109
72 3 2 14791 0 1420827386 3350376745 2325224896 1385870981 2856813378 3087785542 2702214302 1772440402 419282547 278064886 1959354253 3518808441 4130047019
72 3 3 15104 0 1200273327 2839277362 2656299589 587713901 894373884 3521611746 3024385979 446806221 2563795799 1939721183 3871755443 607462608 2073399830
72 3 4 15417 0 2393103651 4003200694 588832963 2125075591 29972987 1875529295 1158752441 770594412 465263989 16944911 3954277424 505838887 4132243490
72 3 5 15730 0 4141897718 1243166113 261248120 1737708282 1009935984 1102648953 964504974 920332490 1652981973 701440578 1896650102 3348051481 1265814852
72 3 6 16043 0 102547010 2601982521 97522848 3408156140 1122349738 3726240164 963460290 116398203 2197826972 2988743817 1791371196 2815753359 2840142884
72 3 7 16356 0 1285917040 2962211405 1293339624 3587947567 415981242 1035730296 1977924013 2762535961 3521025102 1338271610 1003073753 3444739916 426156845
73 0 0 59203 2 212156955 2536936338 4222365402 4199317522 3011616242 934185227 848653721 490348954 3847781552 2376745407 3622650685 2839826483 966580450
73 0 1 59516 2 3364211771 3243079732 3307017046 4101486432 2610209607 727457117 2360090069 3825928004 1055080881 2398144912 3528284198 29587970 4289370825
73 0 2 59829 2 1172165804 1752211573 3588944457 1056342678 3878797393 3688444680 1171679855 3967095507 2873173485 777153660 1993525335 168029436 595853331
73 0 3 60142 2 2715761750 750544359 1504206043 2973770796 2479762859 2533299151 857629669 2863727734 4116387094 758197336 2102487329 845845820 1843010233
73 0 4 60455 2 2918017759 608461582 3346092482 3806485105 2221278803 3003815807 26612145 314842149 3751961112 3341051741 1058515816 1538968055 2412489641
73 0 5 60768 2 2813507264 3931131691 2581491071 3857409112 3402336206 128264250 543078083 3101147091 2648968834 2360761091 793405722 483549363 2103499729
73 0 6 61081 2 1382073840 559575221 1564850231 2581920954 1477212981 2709157145 4063766879 2362545131 3966185577 2349641176 1914053349 105998506 4081712271
73 0 7 61394 2 3933051135 3945559898 2231176716 1902474165 2380802049 1407223874 1764725277 3155605041 2640179754 887282123 1210698356 3724270997 3118606021
73 1 0 770 1 40577176 2211294995 4195802072 1553441462 3252321742 4097501893 3899434211 484264976 1360748759 2075460873 2422255009 2479256426 1266895185
73 1 1 1083 1 1078670830 1802509041 1234439630 668560759 3578626323 2089903664 1731430520 3558354603 4008350536 3015393600 404647247 3456928654 2412588744
73 1 2 1396 1 1644615489 2550231084 308161757 1059992453 3291197432 1818071345 659126328 3893664429 1860772149 3779394384 1309684310 941888948 3264917186
73 1 3 1709 1 3548048753 856564046 1344603915 329828544 893127692 2409727543 3512939350 3325137048 2937437971 421681383 808232228 452218995 2440877189
73 1 4 2022 1 4081200678 1517331521 2234679446 2687505631 3620623418 1954753065 439951094 38012753 1023844850 1074211719 1272839439 346771826 1370242543
73 1 5 2335 1 4070608289 4123394664 1692129017 2484009467 2350897637 132467028 2928539669 4218405203 3749860139 1094425926 3472550849 2432424874 265291623
73 1 6 2648 1 3998627068 1112941671 1292376210 840405450 3163293962 613347222 2229808463 100380431 213470360 1037573907 3344095841 3757942756 1369667463
73 1 7 2961 1 516350842 1470036973 3599670554 2070129550 3661922004 234762783 2340592485 3853882576 3864976241 3882769304 2447929546 2772565758 2272299239
73 2 0 7873 3 752149257 1386156242 2499847024 3923698851 2256162489 3692338560 1520047785 2093835985 2541290989 3920966217 2273745137 4275501326 805513708
73 2 1 8186 3 512690110 1404585467 2780801219 2487042420 3698409317 2506738773 3227744889 2381856084 1714587174 3398849450 3673350284 525174664 3878214269
73 2 2 8499 3 3804840786 4058396055 2387574185 1609950409 1291717397 2019340298 3573232770 18857152 2944658896 1866763644 3369201051 1949442434 3050313597
73 2 3 8812 3 3420561689 2091487718 3756705956 3066104676 3548015391 1602253659 41498427 2742551061 261191796 1583056130 3508201765 3085473972 3178056970
73 2 4 9125 3 430263544 812928679 3137218023 2999720291 3966138090 1053158471 190392750 1974535859 1204573297 185371219 2164818843 4289825373 4112936752
73 2 5 9438 3 828320465 3703527002 1462813150 1970729684 1001314980 72001811 3921236758 1939242261 1416980151 1187172066 3172782896 3141561610 2942946069
73 2 6 9751 3 2951396552 2276113003 3972342095 2703030117 3289540419 2461570448 2405570300 465919260 1119327480 2142959321 2620468718 2823736737 158479482
73 2 7 10064 3 2918174786 1334400289 1216024839 2443531587 3291000751 1839711214 357693474 1829481295 3240816471 1241592902 2971977684 3103356889 147254756
73 3 0 14976 0 4025411556 250009513 2806392746 1277120514 1308350086 3618153653 2806513782 1923709916 2421281139 2903094580 972887544 2830663613 3610814098
73 3 1 15289 0 2729503286 2727535669 2652684322 3960706933 3056564433 1345560124 4134685071 2772011022 1926514666 4029037444 3403347655 3231782310 1360338957
73 3 2 15602 0 519316538 3947799299 2213998680 1074603830 4258552605 2846994783 3854934283 2685085740 1299514659 677348125 1371062447 1531078171 1180584324
73 3 3 15915 0 4253204349 1381889558 3602810245 2001208544 1376235360 526920623 3424357372 2441836027 1706550083 1142412517 4054252470 3604586489 1902488692
73 3 4 16228 0 3116543982 2056502837 1447818960 3651403265 140845944 1238201225 1275764185 331467406 1622916981 4091406938 800435076 2138042542 3008028911
73 3 5 16541 0 3351291470 2787468857 2654520342 2049061870 3507301011 1992157513 866909143 2065271525 2706240802 221666213 1759251335 1511880096 964533162
73 3 6 16854 0 2219419399 2997983922 1892464171 988042204 1409328068 3504075533 2445544934 27194486 1133038543 2307659236 807936637 1210296628 3455722956
73 3 7 17167 0 1938569083 339832944 2976273273 1342319526 2279681789 3871446902 3551210708 2140089305 279653119 2332848655 921913816 2205890667 2102290460
74 0 0 60014 2 4150337562 3393983748 851730881 355024511 2319744826 1171775551 623499579 2147522144 1487425284 1986969047 260190600 3685042164 1551940138
74 0 1 60327 2 2576269472 645209172 1341347532 1089908469 2688213928 3984481013 593366138 488434154 44775845 247157567 4256844154 109359637 2183325248
74 0 2 60640 2 105455117 2677200879 2806024695 1000928975 1479111141 352834860 1492389121 3740373050 3634591564 3011987309 3206080149 689278708 1934300325
74 0 3 60953 2 2071186021 3273077215 1747543130 2075439824 2838087988 1296593255 285285160 1420258680 1416505240 985004473 1127835098 1333177136 2043635226
74 0 4 61266 2 3392744775 1583060889 470005268 4083974887 1447124133 1099036391 32469266 3911474826 1258344766 1551528498 672871250 3218574776 3355297083
74 0 5 61579 2 582965382 3503572312 1973287906 97128770 1628193774 2424294229 1894832384 2012352614 1964660949 288798885 2941776707 3867614925 1289413922
74 0 6 61892 2 566926560 882882390 85682923 900856448 3103912093 1198567434 2853832880 3044598231 1664797391 1289376255 2104157922 2378437702 1225384218
74 0 7 62205 2 3699834373 275612975 400377895 3383366858 1613435626 2911510282 2529039748 355176320 2506533405 3683531257 4228649267 3443435903 1731079686
74 1 0 1581 1 1717530933 2441761119 4174690999 2282277115 2394682369 249740641 1392383172 1509055446 2732143848 3602755576 4210628261 1104344357 1511020372
74 1 1 1894 1 3828885771 2179639131 3428524766 3241557095 628586434 80063274 1769485362 4284071712 4253814211 3462146454 4018171555 1513129382 3306787775
74 1 2 2207 1 3253782064 2659113820 2747874688 998053528 2587505078 1733728642 3971638317 2131461575 733654585 2227841637 3968909678 2867111530 3940205866
74 1 3 2520 1 2759270092 173531450 3059989406 2975069832 1904969203 1213384452 3187021801 797350124 3237114827 2547983788 313200317 1119426991 2192191096
74 1 4 2833 1 3898068049 1230966769 2140367499 629231777 4034396999 3807473187 768117281 3237681698 665151080 3394228179 2173531694 1251779261 4009048487
74 1 5 3146 1 1221366084 677787110 3698790814 405452588 2389624798 744441835 1782750098 2927565990 4012956969 1910209638 2441696807 3489997619 3449682383
74 1 6 3459 1 4089600424 3084864996 456319154 2660810186 280846426 3367000404 1394876833 1735281393 4006642155 3136686478 3035879227 1809114317 1893920027
74 1 7 3772 1 2345197713 1731638309 2790731488 88023473 2825485958 924707676 3183611401 55712408 1451387736 1832092364 1224782922 2279170217 3332272277
74 2 0 8684 3 2092389603 513354787 3391144978 1814779764 3589405850 2901762482 1500822910 2546085963 1757639606 209264053 3021202828 625582218 2779682551
74 2 1 8997 3 2890129596 650666076 1348445060 2795640269 4241139955 201289061 3566208145 1492687621 966733798 445560256 1732351247 2220193672 2607449971
74 2 2 9310 3 1423688416 3670613876 293535985 2494799887 145436383 1057923896 1159735269 3931710620 3551039368 1446105887 4158931330 3295699400 726611351
74 2 3 9623 3 4272069833 3975154279 259575504 2508830628 2444653155 286712340 754544456 1126971787 3696984827 3425974029 1045853709 2830150613 1155645328
74 2 4 9936 3 447790279 4083153441 1807093299 2242171671 3074022234 3097092673 2390301290 3635683544 332667366 2714491016 3740835573 1084706532 1456319032
74 2 5 10249 3 1767554488 2401916322 688326409 261463919 764602674 2970946925 827374369 1236183873 262679884 1290165331 3934368215 332288708 4137308102
74 2 6 10562 3 1574757502 3530013938 2680095775 1447067274 282285101 3085567039 1279494715 360133036 869874998 1060859605 3409217835 1598974247 3693014237
74 2 7 10875 3 3793562534 2312295958 3980053946 3875611531 1146549585 2089171403 1263973841 2520474913 556053081 1484077800 4030467950 718730342 3639434836
74 3 0 15787 0 2169072425 3226242697 926813009 4082499727 746920649 1401110936 271155030 257216404 3352416624 770078899 2422701514 428820029 343422414
74 3 1 16100 0 509782145 1516755901 1546657954 830354515 421257542 3593399705 1552970638 3078455520 3008212084 3978932468 4278243005 256568709 2418304848
74 3 2 16413 0 687661108 2546498522 1439642380 2500455038 1956538472 1209582474 3419187890 92139929 3881954670 231201278 29353918 2969678039 3144923981
74 3 3 16726 0 2563645794 2071246140 3763185406 4105965606 3327294045 1915551555 3318471241 1804279677 2124427317 2076662860 2313953561 1893774784 303144908
74 3 4 17039 0 2441349060 2975518080 622875765 2842355321 1299076727 2637485303 3713616210 1757076003 4042062612 983974692 4111718987 1650700178 1783311015
74 3 5 17352 0 1221548033 2878656829 387247229 308722825 3254100197 1748777894 3903050930 2251436711 344817386 3815793882 2411493135 3189613664 2246003680
74 3 6 17665 0 804302408 33932244 3320359724 2988340842 1657413437 3723566929 989398444 446094657 19981211 431569278 3866645183 2207368852 3651603097
74 3 7 17978 0 2041305633 2241231457 1184731878 1250978490 2230138015 2190730399 1537026767 1143451596 1867665264 1067896523 2021555602 1551189460 1211317694
75 0 0 60825 3 4215706790 3769096697 3867515099 2999955705 193328954 1262398263 3568105422 2665848557 3195001878 1482307295 1712924724 2858673047 865567822
75 0 1 61138 3 2556251026 3139773809 1831529511 4217215178 2612008261 1167427831 3063267528 2275240229 3278283836 439469177 2942969569 4128829213 2765771539
75 0 2 61451 3 1485000941 764206532 856104794 3782222550 1646620438 816557408 1302477114 4249488336 2101771138 2909964809 517899340 3434656702 494005627
75 0 3 61764 3 2208586279 3265284908 1837861508 588645581 3341270872 3873596483 85440033 2969580808 275523882 2241399711 1521689547 2021838275 2312159001
75 0 4 62077 3 3466452448 2927080147 3743118111 1774812437 1537565331 170478434 1579530383 866411953 2830776309 4212196184 1530075809 2212939046 1202254165
75 0 5 62390 3 4092164359 2735716524 1980132024 1789307497 2427403746 1516109257 2505523384 3914136583 918004737 3410783626 797536414 2757828886 1964752801
75 0 6 62703 3 3070812665 613462642 3613672768 1885943814 3881879723 1750212010 4258855547 656544123 3172310794 1209040091 1894356672 2648459136 934175113
75 0 7 63016 3 311104717 380308586 353401400 3093308895 1192923357 132422267 1454293393 3290193585 2779467139 500064267 1515338037 840044212 2966750058
75 1 0 2392 1 548830854 1875524721 289755012 706756730 2197954768 3428377824 2479878045 4251377139 1759042177 3750859493 3825656474 384808295 1656082426
75 1 1 2705 1 3641129521 6329012 3077905165 1767026391 3957792777 669841463 2121365046 1531228564 1475909100 1592620210 3772441390 2761694834 702872139
75 1 2 3018 1 181729191 857817146 2061928887 3734372557 3116178958 3311511983 1643144492 662147241 3514947688 2162001878 2541137759 2199594739 3848289818
75 1 3 3331 1 2572568126 1048744021 2783586984 2077358118 3991190425 1299536437 4084657044 1037350516 1296900178 3804506644 3945448403 3525084764 1092873357
75 1 4 3644 1 2596904590 3078384317 1996060200 1263011823 714655719 3167907854 3898131855 1252624065 2049068332 1171082843 2417206796 2911236324 2792731248
75 1 5 3957 1 3643628589 835860754 3828740787 2108473747 2182702222 156510378 1686339050 2010281248 2658615957 1783149212 982966877 3452104073 473032550
75 1 6 4270 1 3820166550 271184893 948912306 998207461 1741956858 2093672798 952399793 1260317068 3283254056 2897921575 2516453643 2199729507 3074169604
75 1 7 4583 1 1338359190 885901879 4089551062 2166830794 2640870903 1460090856 2611955934 1851115535 856356646 2841965700 4183047966 2628628245 1360338514
75 2 0 9495 3 1397574328 420476515 269239801 780034074 1247255093 311372523 2995710153 2982795626 3476715333 3339775314 2831476445 2837352346 2783659846
75 2 1 9808 3 419379477 3356591864 3383683346 1251094947 3046258089 3687439537 3907402783 4270230620 3212876166 292803236 2635994297 1733198063 2104352180
75 2 2 10121 3 1025710547 1290637482 1989343604 3252006429 244372206 2561226987 3242607278 2867785624 3247638019 4177007302 1855039624 88690396 1083398523
75 2 3 10434 3 3301952059 4138498622 4007537788 3110456614 1079323329 2474117451 4194798799 3941695321 2683163666 684585530 2061554234 1073371332 4078895540
75 2 4 10747 3 231953382 1355668541 16244587 2586172459 1459821156 1375630559 3596374137 1300940339 998351011 2843628721 2447208588 3989429204 4078934882
75 2 5 11060 3 4079181761 838601070 1849820472 3388342102 3484365166 2194113480 2225931780 4099614002 3866740273 4260627 2126513966 3465684712 3498725317
75 2 6 11373 3 756641557 1693048148 3105090332 1496129394 426495873 178103407 3915163356 4096446825 4091527213 1655650495 3363150267 2071651294 3934766184
75 2 7 11686 3 3506965074 1713387095 1536176519 2564343103 3551854749 3114188442 2772024264 4274518787 917622448 1139211315 4076259732 494282658 3142712001
75 3 0 16598 0 4273653636 4199626259 101700576 816432126 1673326567 1350811461 3311937040 3773182623 936764334 2930742121 4118644349 4127197745 3151099908
75 3 1 16911 0 2654395991 911100498 930241863 2539706429 1544734599 2524081581 1461190946 2931298165 3486624724 969626309 2874485175 1730852759 1108153537
75 3 2 17224 0 1789769253 1475662970 2307012821 2614411725 3836349984 4257753969 1317372304 2692884881 2205664338 3914428727 1343068863 4012023147 340849281
75 3 3 17537 0 1524658388 2504844403 4149339074 2861610686 74233954 496538181 3965760000 2207555584 1413356473 1526842541 2721222406 3159254175 1437393270
75 3 4 17850 0 3177803263 1951116310 715575897 1163498073 1614531158 3991700764 2702241188 1524679659 922335919 512138677 2668339029 1667513517 1997652457
75 3 5 18163 0 1702605781 2978520062 2744542037 698429446 705375124 1337019361 2820706248 3078131419 2767503362 192184588 3792308028 3005915315 3343139819
75 3 6 18476 0 880744056 361780627 1388198392 3097749398 2722304852 3690827301 2312161749 3792958016 2117730423 3572801659 2253615460 2613877665 1771436861
75 3 7 18789 0 4228119653 3041207282 2514179737 811388108 3933849921 3256719373 59874677 2738780408 1074328700 684504980 2093205609 294382529 4081991977
76 0 0 61636 0 3420419498 1987634785 660097021 1153953657 880694353 366301541 2503043814 3015086267 1693475540 2491216687 1266405238 4293995631 436061701
76 0 1 61949 0 4270088278 830462611 2296119067 3464504375 3597214157 1823127566 2322907485 463112315 2824342283 2915226221 1368870035 3979261180 3772967993
76 0 2 62262 0 3506668296 759005681 1934645061 4006496778 2519137143 3172927526 1898473289 2802912492 3904216323 1051480466 332823484 4078242102 4052320307
76 0 3 62575 0 648129126 1745397037 1897000537 3373872757 1391714743 2330860779 1864822928 2345256830 3226384318 1249312311 1459613640 228087246 2851640157
76 0 4 62888 0 546856738 143371443 734492411 1813158871 2414716281 3469080313 1436367382 3844397178 741740151 3863277915 981572268 2862343999 1482961166
76 0 5 63201 0 3609653235 3937347094 2452155346 725911178 2400823318 3590311200 758054713 2843964948 820126576 2207058807 1288544754 3759998625 1529492458
76 0 6 63514 0 1333328885 1259533336 199019416 3971078667 1353748710 2522145016 934293440 1888753397 962851511 3993409131 410928113 83184930 1743801509
76 0 7 63827 0 2817682800 3304182817 3632751337 831902731 2338055955 1896891839 1609392485 2398348698 849764839 1405830463 451750100 1056088081 2397437552
76 1 0 3203 1 520384023 1651740852 1853341747 2479321732 1709173700 261933694 771264077 280472226 2152859681 2780562635 926029918 3592407255 2794606944
76 1 1 3516 1 3067288158 3612976517 1380146236 3450304284 1953755048 229375054 249027711 3958880013 3688013120 1179338472 1239982342 649679413 4095764800
76 1 2 3829 1 3972291869 734150716 3340755509 553746842 3881548691 4307227 3758331106 1838022628 367007446 3200167404 3200219785 1727688464 657682979
76 1 3 4142 1 2492280218 3379850121 3267013440 1827133971 1519158130 3344526345 1031697102 4051199522 777511756 198441706 214113306 1294327783 2952854320
76 1 4 4455 1 1208309675 384216614 2379623391 3453356283 1597598893 3401150137 626729656 2165921340 318982208 742372068 2634835863 1890305372 2889178081
76 1 5 4768 1 649388718 1485137905 3474490744 2091135976 2107981628 3441664338 1074790267 2568296958 2138051373 1509454199 2021381569 974045441 3036703162
76 1 6 5081 1 3795389107 2907084358 2044906315 196149436 181792619 1003012456 428115132 4224208400 912842592 1267416656 718807366 3946622643 1038952252
76 1 7 5394 1 511188225 1780740746 190719783 1076427613 3348217778 3962824850 970101232 3395080225 2252893556 379829670 2531800821 2165160272 3840139743
76 2 0 10306 0 4127429556 4216939529 4075556609 1853396579 1181513232 2050851268 1371027244 4129678437 1207475348 2357021339 1918769763 2428938392 1404923755
76 2 1 10619 0 2507459812 554525821 2893704107 4196949159 269851539 918488959 1184720252 562737877 1914051735 3477890196 35731089 2362151318 303881159
76 2 2 10932 0 1460130597 2330411232 1894852426 2854931042 2137746590 1004597068 3952047223 985545131 3894678744 357704521 2352732495 935331350 778272499
76 2 3 11245 0 3845867428 117962249 4092970403 1350103444 3977908255 962758512 1417032260 1429009992 1963739212 1479116034 3876188206 3947167926 474556873
76 2 4 11558 0 3126207160 2610921367 2617333147 1185103673 801458796 3467723047 4251559595 1077132641 1855911221 2904832209 1883072676 1146271393 2463580661
76 2 5 11871 0 3715889408 3372712587 521171105 1990933245 985859951 159273287 3520340744 1455586550 651520397 2949931853 399512548 419585719 3336330962
76 2 6 12184 0 2706098104 1914740253 3270029703 650746624 3746778953 4147642429 911883422 3024636933 4220860457 3171374301 4123563085 3651522373 1029455762
76 2 7 12497 0 3171640238 2932911477 1660026379 1062170251 1561817586 983060142 4191129140 849607230 1900725313 1931377103 3247631606 106259753 253298945
76 3 0 17409 0 661397241 242984500 2408027067 3948484119 1184163309 1945793689 2797938636 107820357 2546060933 2541454443 2983987167 3134245608 3598596461
76 3 1 17722 0 1630339451 3298623920 2097348487 4198496512 1624626537 2545469437 3656636989 1026743361 840720953 3578467643 2206565546 2321173235 2362093896
76 3 2 18035 0 187360907 2018437110 298649149 3228501817 3620330097 3524040529 2919631284 3361461418 1461562711 3247974548 2057077782 4256499882 3469688809
76 3 3 18348 0 55832511 1592944734 2147294165 32335697 2782302907 4074542151 1871409767 3555239602 1950891985 2310034573 1017104846 1944646181 4016978162
76 3 4 18661 0 2674606633 933267752 1657914725 1504031082 1367794380 419918269 1953851453 3732619452 3961860799 1975433447 2247570396 105041943 302332293
76 3 5 18974 0 404052479 574628744 2405186671 1639521387 1299876481 3617139637 3215927126 471247580 721653272 2079622695 3120560738 274481869 2040372
76 3 6 19287 0 3920825594 2092097331 905857348 3666008260 1552970044 4050513118 3496745864 609625791 2464194345 2459149728 1802654908 719249743 4222123914
76 3 7 19600 0 32565830 2125202071 774069960 2852294872 3564838095 1883732762 619815054 2300457541 1856165610 3735442906 967753901 4236666398 677337696
77 0 0 62447 2 556807902 3629693941 1767486161 265433741 954930421 2780937569 4106244288 211245833 2612156015 3501837978 2823687607 2594908080 2089702818
77 0 1 62760 2 646416308 2703821227 285911651 3850503455 379749301 2430757725 2247142728 1114362039 759577707 92205697 4294667574 1046030689 3081021641
77 0 2 63073 2 1726965001 589078480 2575748192 1005375024 544658830 2988825104 186448898 1439622240 3156064714 1818249770 2032789465 3848296955 434609426
77 0 3 63386 2 2447303424 637818133 1251316837 2161133674 542589633 809745205 255766518 3443610637 800092748 3089963808 2050167140 2828599322 4172930671
77 0 4 63699 2 2031414035 620940870 1102983586 930227166 2306583373 1996416553 999556341 2699819351 3004251773 1848648268 3645513760 2837873434 2634672305
77 0 5 64012 2 3070319034 2795289337 3679358117 395778241 2523052881 1814503872 3969992461 1688940346 3388464504 4042230652 344802863 3361376628 1509414005
77 0 6 64325 2 1360871083 2140350438 3831630434 3163094010 78221602 3711543052 1488421579 3587382486 2716754510 1185203399 2950588234 1403246330 2543593508
77 0 7 64638 2 2462840691 2868301872 3379639606 1935384576 4238671932 3154118026 4129660879 3036288943 3877910837 3391360489 111113053 3998190637 1477727670
77 1 0 4014 1 1591323681 1956952188 1183189681 3972252030 1410506047 3339923579 1479696584 1086195148 1999032815 2283236553 1440170205 2859225165 2070183322
77 1 1 4327 1 1762507731 3540577394 631264139 1404153159 1446249073 3209229066 2474740819 683605601 3110616706 2505003039 3574659743 1995288876 592579753
77 1 2 4640 1 427570513 19097238 569391727 1614785131 299698461 1244328183 104924786 2701201102 2789831321 2595972320 402589186 9866830 1320492637
77 1 3 4953 1 3086090965 3710600088 1101104769 2149155566 696447455 101761019 2498593539 1136338120 2552574596 4228300068 3500068051 366946858 2207167150
77 1 4 5266 1 2190564342 2841054783 3414398132 3966998880 683154760 2097279633 983362211 1779116409 4157734158 1697551213 590729211 3356979790 1106754639
77 1 5 5579 1 2667402234 898830285 8076340 3651520852 3720116336 3170834742 2458704899 1751606388 3613221124 1056587715 702250321 3595072526 408511019
77 1 6 5892 1 774814833 4051581048 2926303917 3296943113 3072300765 2342686118 1316603937 2820576698 317210493 400033319 2191341587 3642568660 2736850289
77 1 7 6205 1 172822242 4070703951 270466066 1049750691 866003588 3408907125 1234773279 1836944707 2609583860 3811131034 3556369174 3387381260 2309313303
77 2 0 11117 2 253873934 792658703 454552681 3319194230 2354492205 3354004529 3084848152 1529401405 325345725 554916632 3679648311 1468849148 1752384206
77 2 1 11430 2 379320235 2995665412 2483985882 1209412950 3485519264 2821421817 2769915657 1479861417 2724214829 1980857925 3731981730 2727680325 3920242000
77 2 2 11743 2 115351532 3850194287 317175509 724134481 4030427689 1117095277 3630375970 4137546698 3632329428 2538523799 3279991420 2500117176 2231036951
77 2 3 12056 2 1621015010 340147963 356945381 3327425002 2166508377 2164934825 61530514 4095043775 3071695366 1428730752 2700971244 2988182648 3531133785
77 2 4 12369 2 3472797561 948703510 1105524612 1928374394 4247899788 372383179 3230968276 3253851669 1702047929 3504189279 1725702118 3869526562 1228164390
77 2 5 12682 2 3454800183 3526310210 3774233492 3233246964 2213035362 659614414 3762631446 3087428167 1276087798 1035997941 2171007845 1859878302 3453462260
77 2 6 12995 2 3468871172 2980216351 3177538117 2423228065 3617404703 2532949975 2311732822 3418853412 1744251650 4080913379 1728467868 936295044 2024029094
77 2 7 13308 2 2107229717 4180148294 564829236 1668510813 222067478 4064135959 3193969165 1164009065 3899411339 571549217 243351575 3987433589 3328675397
77 3 0 18220 0 1554688484 765253301 418288550 18872862 1466765326 1891967974 3579577147 889722647 3804181044 283296499 274151851 2616437513 666297160
77 3 1 18533 0 3077388798 2478423025 2703505168 164280590 831892786 744615147 2056853222 1612143645 3950213485 135265179 292784697 3470986057 314498710
77 3 2 18846 0 907068777 764706864 1988192235 2266296679 2346814726 3941425687 1349829884 483640357 2027870305 1159774678 3526825499 2634269609 2073132742
77 3 3 19159 0 3447939511 960027396 2922346859 1986590951 2657586545 3863550776 950641711 521626120 542203610 3955026704 1703179208 3709409559 1261936210
77 3 4 19472 0 2646681845 3303155630 833509189 735482785 3875048009 1399930019 494050329 4045884978 3444760185 4272631105 2433101610 2408724870 1719160458
77 3 5 19785 0 2032625382 4118781247 503456176 2183321761 3643775060 2730252701 2158324523 2402592267 2149818908 2537452879 2660028567 1840329242 3886406383
77 3 6 20098 0 1852339399 487443466 3566425281 1496501469 872685883 2578076731 2234671012 3077366258 1543279692 2011789379 1362759467 1167925504 3973598981
77 3 7 20411 0 4289759431 3021806046 791272291 3442466017 320252799 1203815666 1511341153 2255571181 215385639 84596789 786533398 577324370 1731504002
78 0 0 63258 2 3180291768 1447658297 1393413181 1140989241 177026556 1304176296 1917967068 2475013926 1108282201 2720910338 2025059274 4084850375 3523526856
78 0 1 63571 2 1304163506 68953533 823064375 3244320013 2237866566 99139597 3513695853 197364368 1678438071 2630169790 82761267 2812327174 56018781
78 0 2 63884 2 819634329 1951246192 746193832 747358502 3991151584 3190948997 1767293359 2818079819 1420193099 691284372 3356600067 2652919888 2171655170
78 0 3 64197 2 2848465528 423626111 3439607755 2129729799 2950950751 1666368122 1514720358 1553260124 455231613 3525054107 44191016 624793921 683299465
78 0 4 64510 2 127838186 2015077661 3410603623 457975779 1651511983 3575604943 1854288968 4081648802 1060684715 1813026252 3755611072 859190224 744736574
78 0 5 64823 2 2317308779 350583976 2872217658 664701874 2319608030 866837899 3357553051 1304602901 2481094031 400508397 187017556 3014463944 302240902
78 0 6 65136 2 2703566393 107551888 3039775956 1881996596 1300294132 2004835501 3931110288 4026083445 3381877590 4087154521 4286658391 1537193133 365795477
78 0 7 65449 2 2564552388 1056534719 1663061419 3149180583 77147942 3773748375 1982545346 4168973685 459021671 682781270 279249316 3139038441 1430204358
78 1 0 4825 2 1658914357 2373030890 2589391667 1828910415 1625150753 427622904 3800231264 3512254284 1410178054 761477346 2446129745 3906660918 3943831515
78 1 1 5138 2 1140463416 4226696913 3582175922 2586703107 2638771031 269177164 1484058430 3735555234 1154161364 3129369060 3207110991 168508584 3138261487
78 1 2 5451 2 295184567 711875676 2988511577 3417418267 2658339893 181055487 2260735301 3437982009 1362414044 1036813436 1539848931 3710658636 3253865612
78 1 3 5764 2 3226476810 2634191759 894174592 3337961939 1804627232 1110628635 1870598205 1222289018 3854308753 2195834055 3881956250 3739993724 4101616479
78 1 4 6077 2 4018056476 889000327 414600774 3260951085 1623332169 2656895967 665263763 4248343259 1716624080 2359281598 1397135604 3954893073 3534469240
78 1 5 6390 2 2329808783 1184721696 2909479821 1541997097 2986742838 1620432706 1183611194 2348519229 3400312978 3846251049 4046752607 25591134 3598173005
78 1 6 6703 2 4285754731 2996483766 1316766291 1566225713 1186775000 2528488005 675091429 787327621 1607173533 1238132260 3758440073 582680907 187580818
78 1 7 7016 2 1437689713 799766022 2564936887 3696754959 1722323013 3748898570 3587175590 650036912 731281779 662556272 2998830581 414962974 4034307399
78 2 0 11928 2 3079275304 791724997 1767491289 3334180806 2454944226 594663025 530455785 3751519524 587341441 1975154527 147687564 2925211697 2651394184
78 2 1 12241 2 1120356619 3345104942 1615808210 2706455267 2720081371 1430332436 2266923350 945738002 2176744476 3763660141 21682943 426218014 3872465629
78 2 2 12554 2 56809237 4092265606 1213009080 995210152 2476090298 3604846396 3657170591 749577007 1760719275 257086653 171624110 399532047 537086805
78 2 3 12867 2 1568485768 46080113 1590512493 2019977842 898655313 1048303181 3873766071 1582489248 3379181110 3546349689 3052231525 1441975031 2232789883
78 2 4 13180 2 3012774386 1178108853 1776279951 2617683336 1157066277 3190683788 1858127015 1148570837 1837446155 1999421170 4197330649 2125321134 236409084
78 2 5 13493 2 72145614 78345397 2562493713 2672852484 3567313268 416136690 730142888 422382304 3992997131 2322494488 3417418019 1836102678 3984249515
78 2 6 13806 2 3002772494 2753043517 2858551529 2684003062 4156196186 915861238 2386779333 152504121 772920377 3226379690 3408613727 2934723986 2965503589
78 2 7 14119 2 1045710497 2522485986 2320920824 785399144 2748027707 1824989151 1497419460 3016835953 4074215256 3627522034 4105661006 3818698685 267669304
78 3 0 19031 2 2084741693 2065529990 562950815 1562597623 742410551 1316417452 2126342425 3881651567 1551732316 452840534 841954517 1280436678 113586775
78 3 1 19344 2 1886626273 3517490626 1547449385 4222552779 324709233 1903421182 1692161600 3392104593 111241373 1165946262 2450555836 4233359580 3136519302
78 3 2 19657 2 91608134 527041533 466672460 3998279426 665687367 2927527921 1342538575 1807551537 4280344813 3243894798 2321762298 241792711 3345724138
78 3 3 19970 2 1116525312 3655934967 2092784410 4115582108 1311003481 2168159564 3747735465 366448583 3083364599 1186702621 3540726234 1516351541 1915085208
78 3 4 20283 2 3154209059 890315830 3396453439 256754072 3469639164 1881657471 574153584 1572914558 646753251 2717315603 696574515 2865134551 2747554250
78 3 5 20596 2 1382137325 85885250 3188780229 1542647073 2610895586 3296690516 4274287817 3473156839 1974305117 1988299214 3875247099 1853672096 3497192251
78 3 6 20909 2 908371822 4241070815 3844911252 2179507200 1713371730 2517437116 2453549820 931240218 72987485 674427662 1369038593 3861137362 2397972159
78 3 7 21222 2 482853710 2728839035 2638582468 2813142596 2500511592 3185253932 172745555 1793148272 1015184430 747876428 1946110569 2744635725 171251345
79 0 0 64069 0 3788228509 632806925 2783689873 2791037971 1965885774 1167577876 1805160736 3141309633 2358907007 1430693835 4076888809 3074330236 3260044821
79 0 1 64382 0 1762839435 3528092647 3268180965 415518720 2376747682 4034953513 2337033567 1640006069 1912338643 3085029214 427370902 2482329613 1146422824
79 0 2 64695 0 1659991677 2127313605 113476071 190384797 3484827141 1005588323 1236822265 4249590777 2059853391 3541022129 543673608 2681604973 1833391660
79 0 3 65008 0 277893574 354843292 3930437410 3855600452 2015931542 132459726 4164897225 69860187 4073360322 1080007314 2354154079 743864032 2150914871
79 0 4 65321 0 725524921 3262584503 1113964125 4165348887 2060290213 1677722917 3724501165 1267224620 3017471191 2338591955 3944890270 2451097704 311949821
79 0 5 98 0 175151922 311927122 3659700028 3745313874 1133881059 3273155165 649953491 4180523416 3323307193 1635028144 591746878 2705336058 1005581940
79 0 6 411 0 114519519 2072829727 2186190219 484118262 669966764 1218669043 139354531 2037998476 866260186 4230911399 221147005 2877923656 3025332610
79 0 7 724 0 2111751178 373749188 3647440277 557159055 1133476381 224050719 1496988314 3843004747 2122342980 289612061 2380584372 612936281 3362818655
79 1 0 5636 0 1467154522 582089518 991228143 1457726866 2720856498 2805928369 3084973553 2885547148 2601973715 2205161266 1490698955 829390482 387200668
79 1 1 5949 0 3251137820 2295512344 2697037111 2908553997 3572170240 2591382018 2794659090 733945918 3774190946 431166024 4279863433 523799314 2633236576
79 1 2 6262 0 2109128872 2687374122 1177281381 493747584 739394847 2503073673 1710854352 3890714639 1006420019 3211534505 157803554 2193107058 2458231417
79 1 3 6575 0 3146506792 1711846952 3357888413 1943860120 2632130833 3498521910 35056124 4184731279 2504454025 3441938141 292945920 1635606665 3255041986
79 1 4 6888 0 4175273521 2179277283 516589278 1869250408 2164426130 2314259184 1812996834 96973671 3568167476 795392862 1158152935 4165275987 2562375926
79 1 5 7201 0 787269364 4252859122 162397153 2158108547 1834866951 1445728885 4207203627 629693116 171061692 2160879376 2460569827 1813078593 215394250
79 1 6 7514 0 1791281920 127242376 3332509625 652899643 4093932092 185071377 2291871027 559555955 736895626 4239796977 3561496899 3192671333 3634470439
79 1 7 7827 0 441682504 482423756 2407087223 4134086349 1049009322 2217737965 3028933970 2735380388 125092025 1281897610 1584818414 2324202108 488481046
79 2 0 12739 0 3908104408 3905224294 1480218288 1592731041 904172797 2049921176 3224529954 3532663035 3900097370 2285566111 511394056 3733611648 1121356811
79 2 1 13052 0 1586369798 185748828 3186440687 4019578514 1625348775 1529300632 3979842531 1636489772 2311550945 3415226996 1147565776 4066802565 4031344956
79 2 2 13365 0 2192075056 3823013824 164289614 619682295 3604430960 4156306573 1771629671 1252721989 1048214465 1577977183 1104345878 1812093271 3093893758
79 2 3 13678 0 4184324833 3711231331 3644069047 2445385869 1198838997 2004730485 2963704330 717375656 1098248924 843269394 709648458 3442308830 4148646044
79 2 4 13991 0 2563024829 4222414373 644699365 1825229631 147172865 3860023562 535846963 1183639418 3843681337 482215914 11749783 871980177 3681421860
79 2 5 14304 0 1964808936 47336658 1724909044 1701548189 1532484720 3248253258 2100718428 153502841 3048549579 3552064161 19332881 1079155658 1562977052
79 2 6 14617 0 2001281415 1508551881 219354417 1890905572 983534779 1761457362 364420978 3819619196 302049996 697601055 42539021 702811563 473788315
79 2 7 14930 0 2490999263 1829526559 1377891865 172321371 2322746949 3815133012 4132821285 603413753 737228089 2055041429 2434153100 2311942950 2072263739
79 3 0 19842 0 1835617451 2842416241 3703500862 3224748424 2967166833 2043326783 258110738 4009579888 1818349463 453918244 1857417117 1152066576 584279156
79 3 1 20155 0 3642222438 1764093310 3891299171 3022996705 2048626168 1566863410 1651888187 1893748137 792089974 2255117037 2323892688 952844117 1303659338
79 3 2 20468 0 3966043117 3386622589 3194564948 3679701053 4284177669 2518384520 2731831729 1256254845 1966385093 1595183436 1573626681 2614721944 2481194936
79 3 3 20781 0 111630359 433752141 3805282648 3615518774 1649270963 2702502250 3860366439 1284851818 2606299166 3456515289 746247533 3483277041 3265504716
79 3 4 21094 0 3978049352 3404712574 48141865 3447249468 10063620 3542813259 1574201542 308029769 2804535465 3772396879 809864093 119951725 1300663834
79 3 5 21407 0 3763775788 985347580 57457837 3950275015 1954968294 1232474777 3334102921 3081903378 1853835739 3194809985 2774452980 2621469890 1582680127
79 3 6 21720 0 3849757172 1331268984 3237247577 1455480844 3630562570 3208264010 1350595092 1343773780 3670218315 2465863433 2821126275 174895843 1857056762
79 3 7 22033 0 1031004710 1208590404 3103659735 4254878445 615116949 3380344649 947761000 3375192328 196185141 2480521514 1827901196 634938223 278741331
80 0 0 64880 2 3685472456 3713677137 368467472 296713280 169736090 1256618701 2700331676 1338405011 237722287 1018271982 2286928399 3249035753 1280164132
80 0 1 65193 2 2864375421 2449687308 3284089803 2173019601 4030665589 3553572148 1064435309 1574633266 305188878 2085210759 1800751030 3865131576 600980309
80 0 2 65506 2 2677696945 3127409792 3097036871 938566853 4109659833 3509451912 3759862953 3777850358 2547743626 2619595739 677341202 2921485316 3094748641
80 0 3 283 2 3889024281 896408328 892889903 3607911421 1790626369 2103786208 4165406113 1404203166 3646769714 3929225699 602909898 2194564524 947854121
80 0 4 596 2 2883724988 3756764789 2497200076 3647719924 3774043422 2219795009 87633512 2441914023 1954580299 1315597490 2727127739 3549059861 2799526000
80 0 5 909 2 2473881207 1873901570 499396193 1332278831 3707096507 3703408386 59563331 679312524 1029500976 944447457 3814201872 3249571814 1824332283
80 0 6 1222 2 135690957 1644242556 2921421435 1620439521 3782895301 65591172 1553501693 2975294530 99160094 2953221591 3198133126 3546242568 839956645
80 0 7 1535 2 4079044786 803088863 1411079174 2265106838 2605570328 1429550555 1540532530 1255857773 2084876177 1319513608 1900341033 3419662103 4034854954
80 1 0 6447 2 2851630715 2549592934 2563523838 3517430782 3101750480 347954563 250257850 2791387013 486223657 3036755008 22600817 1055197775 3849071170
80 1 1 6760 2 1502447653 3620070100 1426319396 1955822780 2618617494 3443141289 1244338416 2406344511 3031254979 520934794 4124918211 3491146381 320778920
80 1 2 7073 2 1614050513 3809094112 3208401768 3782354248 1381788530 1476205045 3518486148 2265211979 2013966279 3587866886 3576798455 2631688097 168361148
80 1 3 7386 2 1977716452 2993094973 780255203 676634201 2991196013 793798140 138482165 408954666 1642084230 4025863743 4012406078 338390128 3871348557
80 1 4 7699 2 4098478650 2242599911 1599633261 4038059747 11130543 224609926 4985231 2850239936 2698437948 3689419813 3710378748 2913497378 1350765463
80 1 5 8012 2 1653172492 1483548965 1645574987 2017539313 3602021781 1896534228 4140140941 2904178098 1470444686 1707132679 79771606 3240057560 1365389813
80 1 6 8325 2 4161018400 3258009993 1529437031 3600807557 3046028281 2592608456 2519060457 1298462230 3882860586 1216325755 7038034 1770214980 1273526049
80 1 7 8638 2 3651793352 3479513169 242208783 1975562237 1018948161 4024004320 3950341537 2641082878 1676300946 2794722499 387845322 4114782636 732789545
80 2 0 13550 3 3510892797 949597156 274146793 881170919 3180693893 4217622260 1660498941 1182207970 11483790 3293903447 872133286 2694503288 2109351205
80 2 1 13863 3 3177473353 3145793856 4254424237 2996792579 2332615681 2425400048 2749433761 3858472126 50899074 2514596771 3848698666 1005000956 2357776169
80 2 2 14176 3 2095196933 1246678380 3467611505 2790868831 3491011021 432328396 738474901 1747693194 1303886198 2383936511 2672369022 710465664 1979290861
80 2 3 14489 3 2887393343 2171083362 945226859 1308980977 670007059 2268230202 2646527787 2620367524 754153976 2050820697 4064631576 479254798 1800161587
80 2 4 14802 3 658592702 1303565267 4165438380 1462674388 3494514228 3018911783 1448402918 996159481 3126168885 2522237284 1291186461 1176454571 1485923534
80 2 5 15115 3 2369405337 3170650032 3712861789 646468691 2775273937 1092633344 1090442929 3439793870 2166183954 529009203 3994202298 853737676 144238265
80 2 6 15428 3 347323150 2386489731 2842725596 2634855012 4246385796 3274578487 376254902 2530877257 1138494725 4045692276 2819066669 3931724539 5347870
80 2 7 15741 3 2928037223 2460599114 3095136883 4029795497 595703291 4101996146 3813244483 2998962988 4057596384 2751033441 3198105264 2187106006 3233391099
80 3 0 20653 2 3386549074 588986815 2376525655 2471894485 993094857 529482072 2004576377 3697448870 214300218 3932836811 822345122 2176187668 2898513265
80 3 1 20966 2 105343771 1144697414 3584683216 2268372576 3112775738 3385282349 1544621820 1805664019 3889432495 2512557614 2791656815 640325641 2133959492
80 3 2 21279 2 1121656130 2041553743 3477085927 752734981 1654024953 3287711112 273266985 2990451542 2910422250 2630317435 3271879826 3316727492 2687517729
80 3 3 21592 2 2063412418 1991838415 2903982439 1380063365 3571534201 450355976 3769050793 1095284950 727113322 1203185915 686529042 1255450692 2915742113
80 3 4 21905 2 1665396890 3080810119 1930131679 1149881965 3543738929 3265061072 1745565585 2252840686 3444792578 1455055091 3402246970 1254869404 181682009
80 3 5 22218 2 3327764757 1363309988 1766653586 2578230810 1085807468 3450029247 3611172910 1396610513 3519304253 3775604316 182451205 1280703283 3972462022
80 3 6 22531 2 899869306 3845488679 1248541183 3642477581 3691128529 3018156784 3917861041 416655118 2791484066 2029885203 3965656666 2453564732 1891526649
80 3 7 22844 2 3258701347 275318862 1190049528 294346424 3655006946 2098437925 1237621364 832963067 1470702391 3199437558 2707733543 491735761 4216372076
81 0 0 155 2 621926860 4202336988 2601877975 969520024 3311792452 1402991271 3818442047 949281091 2858095376 1592072927 3135975021 877712535 3917724825
81 0 1 468 2 1641086362 2772621958 3156254037 3566650206 3588486004 1196312989 2195352954 3509812258 3651195703 4049757352 3685328384 3078603531 2963160168
81 0 2 781 2 4080392068 3962807100 2527713767 3122869005 499721224 2479340247 970775750 2394425231 774122042 3615365570 2753005446 3695748006 2917480866
81 0 3 1094 2 2810310821 1893159821 870656934 1018863716 3737895915 959448745 48689932 1183700696 1365914747 3871372599 3336167399 329906951 376278600
81 0 4 1407 2 2852070308 3333891182 1175862855 1409484012 3802547028 1470122526 2491800007 761381083 521853030 4209346360 2905794840 3748408052 4267100137
81 0 5 1720 2 3336944398 1546807258 3712975401 1097506909 1831097986 607199632 57454785 1715547431 2260067414 1674120666 3898509615 2630759892 1254788539
81 0 6 2033 2 783033315 1546228709 1182355416 973968989 168144377 3790731768 3874388225 1313982624 678955945 3712312726 1114419752 1084172481 391573704
81 0 7 2346 2 3450104346 2601384304 2462455629 2774578498 1846938814 3089655269 757944789 3774175180 2374646501 2793396797 1134210165 317527357 2907084698
81 1 0 7258 1 2524355465 4047128387 3578728423 3752022944 1275505539 3570094059 4196493823 300007115 3817301494 3515672807 2247509309 1442490068 1427789450
81 1 1 7571 1 4225942931 1761338867 1530937864 3973778234 2661856133 1183513330 518580127 1361444721 2144764615 3545496755 878743696 1260860226 67749918
81 1 2 7884 1 2346940790 1033796172 3984645336 634583091 790292926 2354149262 3954215936 884830727 2942135014 3782175033 2561836181 3309597032 881414615
81 1 3 8197 1 282309976 12683926 4010277446 1111676726 2332297397 2510361009 388236315 962488840 592923121 3231912785 1922956551 766135779 961536909
81 1 4 8510 1 1566846486 2996198832 914426572 2256912350 2031561058 1439158197 2680235411 3949736201 4241416709 1304292680 2875551300 2946939293 4231952684
81 1 5 8823 1 88224284 3998186952 2437046110 3769670036 4235102256 2722182389 2351498096 3516231876 2266991479 2351401613 2491709991 1857224825 2624156838
81 1 6 9136 1 2764298148 2141060676 367329894 3370544652 942519220 2133603833 1592765430 2999264755 843127681 3820473132 3609341398 1131607048 3459874282
81 1 7 9449 1 1379592312 1737571136 2465606760 3756075866 1993177316 279423384 495514778 3170512149 457371289 3445039029 673639141 3602489020 1971828735
81 2 0 14361 2 1021070863 1745327447 3747529668 966132038 3543561175 3248125854 1419738138 138667425 3340312134 2197259958 4207900294 281363309 310217377
81 2 1 14674 2 2752582418 142752200 2317378855 1249739850 754848661 2487310404 2487010696 1504202938 1649500863 3078564633 3537152889 2911816348 3286829536
81 2 2 14987 2 3101622030 1243855938 1803004803 2601135854 177769114 1184462722 3624998461 4159646254 2095871659 1458250353 1663533685 717473455 4222449701
81 2 3 15300 2 510636019 3699377753 2680658738 3374889416 2683009291 1434748460 771709874 3672542752 4215338622 1904870228 3327491834 1359129352 3524397718
81 2 4 15613 2 1345953506 4283214156 310148923 162999662 3504082440 1508955509 2588637478 3014357527 2065061354 2237226377 3017428067 3841117353 3022569760
81 2 5 15926 2 1944367905 2749832641 3455796788 3704210785 1143023645 3736457921 356454627 999540898 3346201993 2407720670 4107590114 2768419092 1903383986
81 2 6 16239 2 3803375181 3114098963 3543285208 2888550786 3821550549 1314049782 3691017311 2288266906 2719468463 2775335163 2007209267 2831540077 1128427553
81 2 7 16552 2 1994295468 3288678964 3038238251 697254813 449640958 1860803031 1958089019 2966165316 3529032765 815191921 2984253681 1222617050 2122022832
81 3 0 21464 2 3037766075 2943696459 3201508015 810499259 2446384425 174548805 3631118055 3835157604 2149206482 1530115878 4060957572 144859512 454734477
81 3 1 21777 2 565944424 2573480912 1277958208 3420032870 3054074389 4227574297 1744319968 1934785493 1305507970 4131627752 564173186 1978475970 1815854564
81 3 2 22090 2 4030308116 4164381220 1864855316 3150573447 2180411730 3828705837 3758326506 4209245941 4265237084 3221952003 829570245 3173567637 2398001046
81 3 3 22403 2 1589694708 2143874222 487724036 671213641 2918510661 4207435142 3770223948 3993848639 1209661716 2396117307 975125433 4185751522 3420291893
81 3 4 22716 2 3755767871 1763233707 855392749 2692985923 4100971500 1857184028 2026295584 2450107489 1994657790 701725236 2392986860 494845219 3338584728
81 3 5 23029 2 2491168895 1315238251 3322615777 3309075655 903832976 1007192227 3198893056 1331584258 1463065925 16233161 293607577 2902145214 3205723113
81 3 6 23342 2 1228243595 1241778331 3118548975 4057143585 1401632376 3948503430 3151218780 2650874111 719554859 2245864547 1035544965 1251002392 2099901437
81 3 7 23655 2 740569684 2675141600 1590998560 2775462029 2779540950 1049772570 931334143 1784191769 1310495992 2985257297 139174892 1873618189 2660612529
82 0 0 966 3 482539925 2483878152 1780544612 3539229039 2252043676 1100033301 1226287424 4217856231 4112538929 3982968714 3987992398 3577454493 324794087
82 0 1 1279 3 14786950 937671505 226188369 2619343373 3977581107 3312347199 2601411621 1927452075 3126539272 1318059038 4192284958 3045391269 677433110
82 0 2 1592 3 1007013856 2619073701 3849917297 871022445 2676428201 4229136337 2214360454 1238234519 2406541358 1762400967 597130951 651694565 274802677
82 0 3 1905 3 3041327793 2766842504 3808562232 972925224 348277181 888231758 1044540908 772731493 3529269162 394917908 2764981980 1029757532 1590534722
82 0 4 2218 3 2089973464 267005503 2485059201 2081766126 3977921398 2363682089 1673568245 874136968 2417505770 1122142754 1597335375 2342784684 2660147789
82 0 5 2531 3 3292558568 391990997 1222476577 3548566909 280377832 1162425765 2661556642 956513600 1249038854 277858085 3454258291 2976977162 359404506
82 0 6 2844 3 1012756976 4282628613 2026783953 2816193677 3692587837 1880279095 3422553819 1755533756 1934912510 3056718645 1138031399 442464606 3275255754
82 0 7 3157 3 7409384 2487663051 4166086675 3924165743 601657641 1193890483 2642898312 2799832762 1793605871 3983771800 1027829348 2975745941 423613423
82 1 0 8069 3 2573948412 2636137525 3176784268 4265114060 1086523356 2550005157 3239554193 2706324609 3125409600 1990753247 3503625266 583982940 1333215823
82 1 1 8382 3 1509095555 1010214432 2255385543 2794070720 1793320439 3212694442 2897978218 2734946474 3089706505 36776391 1947293830 4212716086 1057517497
82 1 2 8695 3 2232137018 1954182853 1338408924 2942223228 2550611420 2814977416 1628177986 2094762152 980657661 3366426818 1564839400 3124770848 4128025135
82 1 3 9008 3 537925365 3342944204 1664507281 4270211021 984123909 2604695580 525593844 30123168 2596683677 3543063056 3089410777 1443862204 1160399747
82 1 4 9321 3 2282977858 3178099977 2798978016 262751152 3594735623 1968598333 1017351964 2106055588 3550213068 1493297939 4077667666 3014798935 2248277692
82 1 5 9634 3 1772480620 3974588835 771036638 1702873349 707855201 3853952875 1505880708 2000269793 120982570 3489822399 4110688105 158113870 1042457799
82 1 6 9947 3 999033734 1914125697 3344494632 3839113720 3044519838 2824346576 4178214201 3453685070 1322920317 2745607867 2161822513 2684120186 697745653
82 1 7 10260 3 52050452 946481933 3069545236 1818163316 1352100089 1680904748 2227151987 2048138014 2642576827 764743740 1261387310 2289786497 404397806
82 2 0 15172 3 1949290142 1744113907 3245211529 2979700933 262906576 2303103689 3985887177 3918796898 1467999419 3064661660 114919185 3358037607 990876972
82 2 1 15485 3 567369746 4134107319 1307913277 2205580601 2236516588 1069404296 3685183809 896105521 1978245311 2780263072 4250153426 4245514908 3013692327
82 2 2 15798 3 3148885786 2805850035 1445457529 3080531622 985168091 2755140547 1903041106 3734002488 130761368 1782734028 1500938058 866712652 3341980760
82 2 3 16111 3 1177429673 2116870490 860478180 422994927 2569422955 2183106293 1457896652 4294079364 1529095258 4076254829 1656052507 187366971 1065518962
82 2 4 16424 3 3293700420 1206635715 1451693625 2520988693 3924163210 1357372129 4240671186 763561103 3723401605 64657807 1526518478 995758674 976517441
82 2 5 16737 3 2092970625 407506720 2724072794 3829617298 4139385140 1241262913 1972246176 3102963578 1801796296 3389548418 308351666 2538200675 2201439906
82 2 6 17050 3 3352614457 3599945804 2675168310 3543843325 2146543575 3832325897 1077149322 2677552654 1483518679 3387607290 1605020123 2561537135 1712596714
82 2 7 17363 3 2552664562 2013571203 3510838873 3598364277 2746511441 2965229832 2810136705 3511862517 17033032 2985578183 2665184998 1321353195 758725180
82 3 0 22275 3 1103795007 3535837776 2311377859 2752205940 2303839733 3123619830 1707101009 783649815 2733113007 2422312892 1655030932 1688204266 2148593531
82 3 1 22588 3 2038240100 1266190923 3298463484 2661415772 3492434799 2595430478 4210915687 188698237 1760396836 3495452563 610174033 23783097 887066122
82 3 2 22901 3 3474839902 1569405717 1531655926 3587726606 3138391231 2582215044 2723118418 2022914795 1032654475 298107 131235967 1932285150 2806116229
82 3 3 23214 3 3779869321 4019385062 1803171773 3427093177 3224882931 1412292575 619500115 2553025917 1189986737 2685174358 1346688036 1429526300 2279440763
82 3 4 23527 3 313328421 3964257890 78722829 3419356370 1319164711 134722644 4278485653 1654433691 2970542409 4214456302 3346018796 1144487688 4104639303
82 3 5 23840 3 3401538519 504372372 1173028019 725871876 3208597619 3214682201 506765934 3002375953 1236202424 3408023332 4162001326 2358240796 1558682532
82 3 6 24153 3 604412463 3772799724 1373232959 3761980568 2310691834 1101096806 3247109247 2025442255 1548585037 2428079130 3904461583 572797360 3760726743
82 3 7 24466 3 186992805 3012133670 1020854427 828098487 148665734 1122765106 2264302779 1415053328 107536498 2870387534 1368586706 2187225457 2908848450
83 0 0 1777 2 3961602169 3464375298 973819712 863306577 3472979164 3292399449 2496076124 3649386626 1493372185 297062203 2295509628 439830368 355062625
83 0 1 2090 2 551647679 3799576616 2738665708 3147309239 3007895286 348999494 3991605884 2548652933 1437474839 2640817767 415627039 3462567486 2865453266
83 0 2 2403 2 427124720 549717727 4247219179 2960140073 2969500302 1682056207 3899437702 3125481882 1223088317 925237358 1454340503 1346113918 3658799405
83 0 3 2716 2 1814800530 471084423 1094839081 1181370827 2426182549 1846542066 407904861 461573305 4107731889 1875053229 295063042 2219032674 1405831492
83 0 4 3029 2 611197272 4083148439 2558928743 679844067 2156438736 1119164623 18124802 1769609866 4148391299 3878812942 3004622241 985191960 4128398915
83 0 5 3342 2 1316596261 1596462504 4169480608 2552970116 2765323260 3198775111 3034062976 2060090103 3077845733 2998452794 3956227287 1164206657 338614914
83 0 6 3655 2 999410499 2791962022 974338482 4092160042 3288268394 3954295012 3096718267 492107759 3925431097 3218002892 2237144873 3773517583 169483546
83 0 7 3968 2 3952216779 2392936178 2000784444 4153268229 1887934354 270146275 1437201415 2310278758 1556285377 138306994 1552701877 2160333811 2798883535
83 1 0 8880 1 251629798 793104769 149976396 3398014220 3615271055 416949213 3839598705 2656420821 1947232684 3404141729 744510446 3474792645 1993176505
83 1 1 9193 1 4170008735 1272107258 2124757509 3342473568 335351163 2965537856 4048456026 1687604999 317818304 3049975409 769132970 2033007076 2443600855
83 1 2 9506 1 3019829137 2086731778 1220489871 2219501899 4020517801 896830880 222980496 700045310 4265049607 178400746 3971771343 3426062733 559732844
83 1 3 9819 1 1741228770 147571081 1957647988 1495152778 902517297 1789465457 144114705 2288013892 2300879891 124919005 2534115242 3660673775 2024896752
83 1 4 10132 1 329629079 3127502576 134028115 2445373563 4029809585 4163567459 1056092471 3417649040 2851749158 2889101454 3695549566 2281096385 1399595588
83 1 5 10445 1 3456542271 2315477292 3959000445 2577492087 1996315998 2589411623 324472259 52548956 2747643646 2857335130 3654896445 701612388 1057173890
83 1 6 10758 1 2626407270 2611516107 3081210676 2474146975 2395245867 2403750291 707482765 1790015304 1499311226 3908118946 775830641 34525192 3781937063
83 1 7 11071 1 1346832135 1011683544 770903309 4238341545 4254707158 2019717499 1591891156 285066104 3879287717 4166845846 3812875711 3601918738 573162114
83 2 0 15983 3 1209527533 3870481540 1235705182 327504517 3276649062 2628880961 1220877586 2863529585 3110727262 2812488636 790502040 2713013993 1673515609
83 2 1 16296 3 3425253615 1982935932 4094531002 1469653810 3139531 4148484011 3269747809 2413226649 3730132330 1304643087 2063713136 3710424441 2276575550
83 2 2 16609 3 3625193155 3434627752 583671112 2487176411 1130421255 1434779728 3544186539 2009462109 739465900 1987225483 1778612438 1101677020 1219782565
83 2 3 16922 3 2475281935 4165739368 519409320 4019300264 2671631591 2031609376 272649288 2841212117 767425195 994232289 1486056746 2724395003 2744040537
83 2 4 17235 3 291329148 2041069205 3860610475 4223033117 1222626692 692705185 2617028311 2345225608 3244196754 2159522477 1368103078 1770909545 3410552015
83 2 5 17548 3 2948517168 3413360225 1803770425 4266306092 512238272 4268459563 2583331336 743100101 3454001435 3672940447 3295926262 2034300649 1603273347
83 2 6 17861 3 4133410324 1891921941 1381031095 1684202384 2696738418 2130333633 1802595913 4240492818 2611439850 90983335 4270049850 2038783411 2213621435
83 2 7 18174 3 906975305 1275371528 325887256 3692526198 1102088011 2647882428 1760986638 3627997796 31966339 284227670 2537773793 3041341504 3594416872
83 3 0 23086 0 4144813938 2963153335 3353852350 3449445128 2592563124 852122469 1505990744 2711963284 2233247300 1685129608 3925041783 2947602575 1610866613
83 3 1 23399 0 471880809 622232190 671914471 716565859 222432904 969863141 815104912 154650011 223604908 2742993396 1911831437 2030809828 2915682562
83 3 2 23712 0 3825260777 39925916 1221005809 4199723044 2184770365 3723582853 1872041440 3714657542 721542222 3498797697 4212860878 3237526480 1158027415
83 3 3 24025 0 3654621736 3356951013 524192800 3793905009 492752422 1457702786 4291220514 1694895997 4192866082 2563835576 2869864915 1738090259 2571667216
83 3 4 24338 0 2685112331 904480438 827641607 3598178432 4005562115 211435709 2987060736 1995540931 3308440618 3626266285 3698434474 904731844 2824853243
83 3 5 24651 0 4061613840 213669181 3231554946 3134366810 1246032508 1317586902 745603838 1869677 4293961066 518193842 3015735324 4195175641 3340155590
83 3 6 24964 0 908254477 3521785434 1617762217 1884925750 2770347002 4294244347 3571131467 1988982892 1687621515 2546710788 3502203451 2348636622 2168706062
83 3 7 25277 0 361266784 1772748397 1632147952 3267482403 356973165 2362111060 2330522700 860768433 4230439461 2333995500 315431803 45306956 3156366242
84 0 0 2588 2 2351293762 1161389921 3147949621 322358513 2066427942 3955295533 2821706944 2585342597 58945478 2722452543 3380545853 3385523701 1316077573
84 0 1 2901 2 2912019724 2050522903 2437498611 1376405956 4196768076 2292267591 975567890 4161095933 2549124078 1314601887 4044000612 3635576118 92164048
84 0 2 3214 2 2704381862 3164331275 3742993719 3836398349 2784085264 3935886120 2627112080 3379843181 4140192111 1853773357 319792309 416774567 1490027580
84 0 3 3527 2 3961778231 3300383456 2288117104 315605344 1622301825 2872738539 640851041 1845406566 3458088323 3035857628 2624126010 2145293761 3820712822
84 0 4 3840 2 1689499870 2554166553 1858700637 2123689625 3789424270 1446194037 4130887624 1371137253 566148196 3381476751 1997145380 3547437378 727371994
84 0 5 4153 2 3809487177 4254944300 640455160 4092630699 1135861801 1217083059 1482129931 365866310 3122805432 2069825714 3068199826 988975603 2629568714
84 0 6 4466 2 4206055692 720905563 2889956201 2619000060 3350179470 2575371495 1247669084 3010738879 3474878121 1901710808 4157907233 246612287 4017845379
84 0 7 4779 2 2186598567 632191594 3999497886 12834518 4014500543 1796408301 2218214439 3512561378 3801056207 3369939090 3929656001 2156558492 2054817792
84 1 0 9691 1 2061908925 1602807422 3514850727 3580848547 4206914555 56575909 1127353111 3845158828 701452481 2600951172 3774596175 982857892 2941013393
84 1 1 10004 1 1477503401 537550764 2539178865 2540091245 3347670753 1645412952 2948354139 1534061484 1849537997 4090391816 2633750264 3757419897 395733251
84 1 2 10317 1 1479102817 1643064192 2915876613 1642145249 2291491615 518492315 1808030501 2837211659 3495966577 64618238 3299128403 814835670 1063586679
84 1 3 10630 1 1256231011 380890270 1244415617 2288996323 732457349 2802386048 1537314135 1285897024 2326922571 722277879 2208611671 2742897039 1989360719
84 1 4 10943 1 919636761 2243316122 3431347403 3163104775 2831998991 881000028 3786700297 2719925462 178718181 915074492 216216450 3540762948 518898939
84 1 5 11256 1 2315027057 3811025840 3563576693 4167560625 2462854749 3604887180 2495702965 3270798960 391143527 2500160085 4021444307 1433095243 676499423
84 1 6 11569 1 2139578 2184047581 215753148 3232071378 1390536740 968967885 2419387670 2286704257 168921434 326674803 1671030590 1091911335 4291860036
84 1 7 11882 1 2954087012 3479782807 1974839490 863212570 2913100276 2243188888 1131977944 3810863251 336194967 4188285427 1714173208 748876788 3229266826
84 2 0 16794 3 1309650921 1523939586 1969061832 452429659 2790739598 3767999833 980574330 777239961 1491517102 3455634784 57875900 3156098095 3037859659
84 2 1 17107 3 1667219369 2158116976 832889122 1968501306 4075382734 1260587830 585065734 822977709 3881597497 4017814844 1324580971 3659933339 1359791376
84 2 2 17420 3 1905765539 3414200340 3270841702 2679887454 804922946 3839014079 1522747866 3951341989 2540546542 2056134166 4237859083 2368964956 2307977261
84 2 3 17733 3 172066914 411909721 881497579 1299552150 559280189 4147376869 3505638568 4168163675 1930401594 3830569360 2227191246 874147562 2566079696
84 2 4 18046 3 239719670 2228635393 2630062133 1162274799 3811368041 3553842280 3252220571 499313004 2671751807 3917614793 3438566611 200225563 4230607492
84 2 5 18359 3 1974677249 3129829218 3385086884 3913842276 2250389506 1804231289 254332790 2305830669 3600824721 3278204618 586096942 1444971060 2888263539
84 2 6 18672 3 2710062192 674437665 4204042823 898278915 2592805363 1571180815 2408667239 2800927472 255504411 3390824171 3769457733 1727775088 3122096347
84 2 7 18985 3 2764975275 3465157122 2358775024 2334797102 239227132 2776681363 2197817982 2503416263 2666384625 1670550508 3811160210 1391972816 281383962
84 3 0 23897 0 4089130850 1026192289 2973881842 1747863018 3333615708 2852308760 1587377858 1045466305 333053474 401389485 1956990222 1590099380 3393006707
84 3 1 24210 0 4241795909 3170118658 2302233673 1228432668 2751896283 3884312016 2649160447 713284671 2725113413 3375907119 1413614346 815343455 288450765
84 3 2 24523 0 2386132279 2091712068 1337332811 2559763335 248577153 3293093382 4233668469 2947800538 1534979857 1623436234 3205603793 2378894452 3376107807
84 3 3 24836 0 2846872701 4007389808 1063171303 1472032867 3287011163 2852462337 4087854917 1995924638 2175686441 3025190 3084246592 3851805832 181911849
84 3 4 25149 0 2079720742 1526105961 1063055846 1169063311 1418579842 490711024 2294523090 441025224 3486945795 3670394842 1407966033 837420643 2316239393
84 3 5 25462 0 3545968968 3331384855 2046239400 671369979 2234836094 809198211 2645049986 2676040763 2759538436 3360025845 100994763 755699383 4097104185
84 3 6 25775 0 276115913 1871742124 1433897379 3151526879 3384454297 3651761130 368449325 2009116048 1787617153 2933490168 3082183960 3097021895 160442443
84 3 7 26088 0 1878883749 940774378 2073080713 3002342763 3649922815 1602541330 2590001139 2078856931 2440907768 294662519 2078102087 3199332407 1754357334
85 0 0 3399 2 1317099923 3341248131 461814645 2341453231 1729456667 2082170618 1215069045 1319492256 461231585 3067939594 1637843105 3779812193 319754522
85 0 1 3712 2 2372657781 1758727729 3849239595 3966095337 840347461 2609093308 2735544508 814706765 4662546 2810734199 776920105 540633441 1044060234
85 0 2 4025 2 3570373281 3039245743 2375746237 716027384 3618201473 2551330164 4209454109 664458483 2220121973 2215296413 227037757 124475454 1483013923
85 0 3 4338 2 710076764 3475104414 1473485106 1789879171 3613748934 801985720 3427841345 1809024402 2338560404 2741100318 402169029 3636945450 981554657
85 0 4 4651 2 1883450971 2912272873 4188521221 3325139743 1216168003 1421133270 2402538856 844969404 2165981592 1053347225 2181067176 1717427068 1919337927
85 0 5 4964 2 3803043021 39871841 2490452583 3283153546 1361606703 2024511419 4268270246 1135374429 3757121658 3137498239 638635611 1848317466 2043185747
85 0 6 5277 2 3156776317 777134423 3645376449 3914400675 171782777 734081853 908381338 367576238 1258817894 2865759918 811773045 1005851734 2203931203
85 0 7 5590 2 3172790554 4175668592 1793232006 4185506800 3686170806 4069673063 422027731 2095813202 147197657 57757720 171375722 3407197087 3676314774
85 1 0 10502 2 2947240589 2412803493 61872984 630835135 2573716619 63251593 2575899202 465525959 566306606 2563333234 2333747137 1317846684 3869835407
85 1 1 10815 2 2880204153 4254045213 625148546 3959501796 3467644323 3232051973 4017566118 2172964559 1653639252 349057711 4291215065 1733525750 472969141
85 1 2 11128 2 3515411878 2771631000 1379349169 1131789873 2666424070 887993367 1660373585 1906747484 424925854 2536169317 2633902812 2129834896 3438125705
85 1 3 11441 2 2864467640 1046224564 2874193873 1425054532 2311813347 2696103002 2820388755 3427230090 164076888 2323120842 1868410489 268555900 1060056841
85 1 4 11754 2 3430335164 4241414342 1322649199 2668277189 1494281608 3391034947 2873379217 3390310177 2266542663 3301281025 2749177144 3989500892 1387560279
85 1 5 12067 2 2410837199 2018354995 2441950998 2983252896 2480271178 480355928 4173085151 1278160344 2775170839 1462965162 1707380110 459600853 4288645496
85 1 6 12380 2 878432896 4286921040 332168929 2095831105 1124519559 1046552339 3498169865 804619392 1766617093 2179044481 4005794616 1608793103 1000966202
85 1 7 12693 2 2389536443 3788005899 3327770376 153027910 3340535524 1825853303 4165694258 831451506 1940056426 1445893321 2793482215 3762130322 3432001323
85 2 0 17605 2 465242495 456446459 1532047177 4284313628 3331020873 1503547446 2591744929 2380542877 4102825331 2156330747 4028251530 4085427881 4210989848
85 2 1 17918 2 1858309534 3629342968 4090514196 4179028586 4037230830 1848171469 983946671 158423267 212483333 1807318681 1073953826 1891386485 701518472
85 2 2 18231 2 4215008628 3581936552 245245180 1286616978 1091995224 2112925633 2868843182 2413155550 3708938192 2881302635 4071377057 2709452628 935382765
85 2 3 18544 2 908157375 3904172461 1283286845 287774135 852015509 1549125580 3692110969 471651543 1771036602 1761754383 226661613 2353395178 1101422657
85 2 4 18857 2 1276076428 3649208892 3410840132 1919108109 472351060 1299141700 2733137055 2148131834 2010304919 783683213 1467477914 1372445693 182893467
85 2 5 19170 2 3951609249 3665225285 1288906087 3580813341 3029088177 3359322923 3613899702 3235753726 3117056456 2546122813 369040195 2067805617 3135988698
85 2 6 19483 2 803942820 4274002316 2640273955 2704672581 2914765446 2013208735 3544879634 1220194646 409612537 294396636 1324392368 2731210826 90798724
85 2 7 19796 2 3783248227 640744265 1046046484 230388534 4086058701 3855496985 3679992547 3901365075 3969142994 439701287 2805809769 3200269693 946924423
85 3 0 24708 2 4056995965 1976708635 826901112 3336973468 647604482 1897807370 1180757826 3959320640 465529566 3550588645 1085703221 1221518808 2015032646
85 3 1 25021 2 918749941 3108584619 3292124962 1174072132 654659922 534478749 2115788242 1624900376 1894475525 402515257 3207332642 247633669 2426228772
85 3 2 25334 2 1116099252 3643270406 3605719499 1057412790 2318007013 3172467746 2195268550 3737038019 838762147 1725708671 1304669965 2041361064 965695591
85 3 3 25647 2 2406735211 1667483537 532532544 839258449 2795450124 117422701 3832697943 3805407601 2361618390 1969660792 1090912961 964130445 1257577392
85 3 4 25960 2 2794041534 1229979556 2136696295 657772189 3475839317 3434313280 4037335405 2516355349 2434114427 283214029 1251493052 3414628813 3151600500
85 3 5 26273 2 2653756476 3914587556 1667758003 532943390 3261677437 3984780730 111744950 1048330764 2094005340 2453389008 4062825694 4194009883 2531531868
85 3 6 26586 2 3542953843 2811824311 1119988348 2192679365 1123574590 4264429463 1648514389 2503451515 897976141 2882107993 406240789 2796556352 100132607
85 3 7 26899 2 1783710116 1452350904 222316089 1033451052 304840315 1750829656 3464508772 3329623587 386705597 3179163382 1286365091 3667188611 1833755206
86 0 0 4210 2 1331905258 3449934163 3080782441 1904986230 372348505 400612490 3428794479 2424684945 529022792 2875247781 3237080198 300902691 4022013812
86 0 1 4523 2 2770387578 879686447 2368498383 371693579 2350091727 3512013229 2881337913 2852736255 1478132734 540544825 531602580 3754139621 3903224240
86 0 2 4836 2 2013750741 3474065838 2970255122 1827642442 3446173922 2852159644 4146177997 3483825625 1270044132 2713607795 2339123686 2696130478 3666125879
86 0 3 5149 2 3098359930 466479313 3743611333 129782305 3323685499 3809244227 2834687820 2831587916 1039802489 718274654 150546315 666299207 2552239254
86 0 4 5462 2 3959474768 1278939029 1301722491 298290316 660656055 176102192 280003969 1200944751 3205136350 735103491 2527977400 2670531613 655990642
86 0 5 5775 2 3028096530 3626077475 2951615673 1386900070 3507948089 3269704836 2959671301 2064584933 136537396 2975242233 2013569794 340482431 817919546
86 0 6 6088 2 1758093018 2828776135 3997639075 850161044 1928885151 500675211 2044542811 2210188937 3234693016 3848307669 3337753042 1997440698 4058383611
86 0 7 6401 2 3184507302 1229423771 1889336275 106861231 2424926875 3338534648 3135155567 1988200375 473601798 837879889 1732371820 4255999217 304762334
86 1 0 11313 1 2446046446 2699007063 2924372170 2418642402 1598032746 4022124139 1437605382 2251646126 622026279 3553915176 711506493 257359788 1191241277
86 1 1 11626 1 3500540918 2481767913 1626342072 356688598 618866438 1756122483 3369453017 757576327 2997377618 941878379 2499618952 1610329457 1101409568
86 1 2 11939 1 1935995105 882794808 2100050461 3648652930 1323334115 754905995 3490549515 4070190511 3320075438 2138552691 2230996252 1834187770 2177108014
86 1 3 12252 1 1702434658 2626423225 2392147060 556786527 660656696 947728927 1394603963 3185896661 1009981144 2994352181 2298431702 2194773907 1532995436
86 1 4 12565 1 2823100711 1748771252 2033547401 2403799493 3044721787 2863152672 1716459106 2543123202 1858962199 702933720 318865325 1578214364 2222077362
86 1 5 12878 1 1670221870 4086556787 3071969086 134460470 3904958358 2391484595 4265753192 3121657300 705193261 2752172466 4040748487 1962044894 811087685
86 1 6 13191 1 2039223940 4006044611 752386832 2870846734 2860531432 3041690757 3839458553 3621176415 3668140986 755356227 2662666808 3137806257 4034881846
86 1 7 13504 1 3180748672 2910622361 3014308226 3578353073 22184916 3085287839 2780040374 667841138 3234239139 3072101806 3736334273 2478092160 3897672903
86 2 0 18416 3 1772147206 2492890685 145439771 1763785015 3074091985 888232782 1081781246 2156272556 3131700777 2148666382 862607791 2702387994 1826976744
86 2 1 18729 3 1566087839 2618552370 3609222956 673889580 2896669368 115794689 2271691358 601041142 1164481023 3589422064 2101565925 3826797952 1861512323
86 2 2 19042 3 286302699 971403632 2653475222 2477469085 1975703101 1228356785 3152014715 609800445 2221496568 1582781269 2819985155 251845356 3596581382
86 2 3 19355 3 168343732 3928472377 1608919817 498210140 1714765877 2159673097 96625915 189812051 666777674 3896166343 2020828426 3644735823 1710552293
86 2 4 19668 3 2398013676 841984597 539981931 3308404711 2617663329 2546218565 3834107389 1445066291 2719234066 1239386205 1895602680 2975011224 1980531129
86 2 5 19981 3 1903702253 2557471470 710283440 701084448 4095840366 893458478 1579347233 1454636233 752338132 2381102691 1607561378 958674182 1764264405
86 2 6 20294 3 3811660517 55563442 3176634796 2265616300 2633031502 4188904178 2556308363 3596154315 699503966 2789862137 1446341132 2198893280 1060475409
86 2 7 20607 3 412784257 3325582112 1740366538 1337491426 3957029630 3148870806 3815257290 1306382988 428207445 4042696906 2214237803 2251842067 1253146625
86 3 0 25519 0 3915427822 3480334555 3646171740 529437692 871888150 3923268258 2847277230 2582936552 4151900409 3901385438 110497267 2719685490 1871038471
86 3 1 25832 0 2077900007 4006316784 1751703679 3908687067 959212901 1879216827 1745234844 3047420460 3935313353 3562912238 2548098319 1737708267 1824599328
86 3 2 26145 0 2449000847 1535306312 2201311175 844949184 2380278017 3487328541 3107280536 208955620 1098942593 689815356 2513716547 1182267169 1438308450
86 3 3 26458 0 1294432478 869570659 1104511700 2825646772 2663898334 4276312427 2065755792 4038312908 2460979717 3816891610 2965928623 3248663654 304314861
86 3 4 26771 0 3592535662 3886619789 788355282 2457725729 2488850009 1823580911 3656672567 2144024121 2455970012 1918572177 2520190358 3273384194 3721150007
86 3 5 27084 0 3309909317 3039889110 939259117 1595789191 526291231 3942009356 3865749250 258650332 4009379617 3247906688 1927823011 3166984522 3809967115
86 3 6 27397 0 4221809853 1011354200 513352321 591599892 2178698939 1466208412 4260039181 3266212621 812601148 395549625 3856942504 23216385 694797382
86 3 7 27710 0 3145172029 1720907972 4212444781 1416094471 2001024466 472055153 3170433940 1656310282 2511923641 1015959447 4241701691 1775262240 2274861833
87 0 0 5021 2 3884621679 3495916335 630715859 3936436222 427233231 569476073 2634387980 2868004625 2418618454 2701524496 2277579260 2591245350 1779366398
87 0 1 5334 2 4049839276 3841819878 799557946 2449833227 1250375244 2808646259 219270938 3236223604 4011481344 2223756308 2157098111 198774872 1917680308
87 0 2 5647 2 4106474713 1542393343 3648888780 2083549976 1307445709 1530524739 399972777 2900348081 993732317 3691631013 2767883340 1229415898 860112321
87 0 3 5960 2 2677460524 340654500 88072162 152240659 3917566231 1430642781 1381685168 917471373 1522606501 1291307616 2784149179 740625119 2524435340
87 0 4 6273 2 1221592607 2039070121 3454048631 2868263546 1596603309 240103404 64140305 2062556577 1423712192 467271411 2781436177 1304574037 928007754
87 0 5 6586 2 2946497559 1041628845 2744538874 2600658230 1735751023 1984196076 1616341873 2112799194 2490975214 560789389 2651446450 1263119613 440652262
87 0 6 6899 2 477498663 945580727 4177678289 945255236 2226282358 2514335717 2946177425 3669280458 2171460692 3716374404 1108156527 1778824248 1263873311
87 0 7 7212 2 2378291633 1458517403 1847618463 667061154 4150617633 893615166 3297104995 895454363 4231337936 1369908428 1131694672 1616559684 2336586356
87 1 0 12124 1 1239268017 3906842845 4206819902 410364807 1528102671 1820202070 4077701863 557328803 2464200895 186335393 2515212961 2828703482 2876409886
87 1 1 12437 1 2802584468 501459370 3446655763 2230717118 3459201855 3701106958 2273592016 1364793328 2898605115 300658655 3108009134 1312640084 61046761
87 1 2 12750 1 3895975106 923209110 1748023723 2467286 3818390501 248446561 678313673 915257736 2254534482 1323853461 2068589145 1568063347 1977709966
87 1 3 13063 1 1645156752 2943504586 3677272571 3063694918 2762553017 1516560793 4257721499 3821925127 2010056863 103831310 4109844825 3386528280 675330845
87 1 4 13376 1 3168145791 639250083 2162114708 3183668989 1790215800 2811994293 3816569657 2952297103 2059446072 2522260473 2544446933 3491814553 2958750322
87 1 5 13689 1 1683137394 763406562 2092773242 3374442934 3576495702 1724349234 1823525603 2079092620 661850041 1407427101 595985680 2627843983 1480604690
87 1 6 14002 1 3645661485 175893925 2390451985 1430984145 3709170025 2173115653 2702456379 447965704 3633912309 1756346596 1166510783 2927243398 1664530712
87 1 7 14315 1 1624803118 2768052442 2108263022 432258946 3487144039 1014877897 547644669 3814638339 2490586386 3041618685 2837556671 665566453 1851265855
87 2 0 19227 2 1356401218 1760615688 17937742 3823659767 3538895512 146654378 1581513652 4172575245 1945419257 2945093609 3475063877 1232457079 3261158578
87 2 1 19540 2 545770387 1816744313 1298652194 1634490323 3591846656 4221609913 2746956849 2285506707 3217615446 3666826699 4192057122 3527344912 4241218721
87 2 2 19853 2 2099126069 3191003019 1833877858 4135438110 3139980505 2994798239 2558211319 125528319 673548390 884091737 247287098 112217788 3745976154
87 2 3 20166 2 2623822505 717474795 1552560152 2592258300 2209296217 1210258827 2751273087 1522797713 3659459892 2484557153 1438772674 3902413784 137924661
87 2 4 20479 2 2875931777 3405056161 2258990661 1300962848 1242615624 3152197241 3066432811 1516052920 1615508061 1691977587 3575034130 1544184742 3680538544
87 2 5 20792 2 782365204 3172206456 2353982395 3094950747 2863787253 1367082296 2834159318 654654127 3454141994 87359113 2837733554 1737567328 1546643125
87 2 6 21105 2 1261044014 167158378 2938112030 2586766631 3650156868 1282480476 2122787561 1641636505 473661181 795155305 1249541273 3129998579 2014714751
87 2 7 21418 2 1565246926 1407128402 2091150744 1502295433 401251469 2938532472 4223619565 284060217 3699642257 3843469422 3988576889 1384315740 2485566608
87 3 0 26330 0 1894696691 1881161541 386133446 3888121519 2920159843 3808923174 2481231231 4261467033 3212157804 1910568734 148462853 3123033744 2991493645
87 3 1 26643 0 4056477366 3588026954 2030696113 3926647652 940132614 953937674 3581872561 3125380139 2366581992 1202661120 2125130620 390746095 2316208932
87 3 2 26956 0 1682531626 2474721976 1324584072 3033408396 3308419134 4115144548 4264916871 2640077630 16589608 433437842 2740536637 125116070 2746831646
87 3 3 27269 0 2636516201 374322279 845899088 808373889 4148219974 3436351824 2695087320 857357124 3091957479 3363291771 4062962358 3477370481 2150053887
87 3 4 27582 0 4197447397 699807327 2017580676 4175098061 2884414572 3058498774 1211630935 159306315 2843292775 3086076358 3855973036 823504028 2485763290
87 3 5 27895 0 2819036820 370798582 1323978209 3693113153 3188127521 63777645 1499447547 641475529 3807818351 1340384436 3552125396 4149472169 4168609114
87 3 6 28208 0 2820695736 2070505478 891771493 2973826176 1187533709 2262174458 4093252472 265362693 3559829473 3312860639 119523360 2236706425 3219925416
87 3 7 28521 0 1518502505 3814833737 2103294509 1243259976 2535803558 535270230 3825443177 3452349176 1138283775 3652175168 3751297869 2958581688 1616617246
88 0 0 5832 3 133302284 3993194617 3867326109 834342091 925327126 4104168319 363526038 438973062 636043790 3432836195 996650609 4010339859 2982691430
88 0 1 6145 3 2553725321 2351645864 109031056 2237409340 1334672410 2779808123 23987823 170219624 2908346780 1089847948 368397738 437547539 2450370793
88 0 2 6458 3 2578883184 2648444175 800386281 21166197 1083780361 3189954789 3817552991 650261911 3310317521 3842877612 810807020 3241691454 3341567290
88 0 3 6771 3 1329729907 1967018326 1440158166 488283950 4117182945 1601635780 3700450157 1285164631 1073751692 2205958524 4006224707 4105717049 652298607
88 0 4 7084 3 1431599064 2174311933 2529058345 1749419815 950647698 2762894899 3283648647 2934558557 2449328164 954396913 2324440334 661984776 1538638611
88 0 5 7397 3 3113717224 2966404705 3580373937 3229306237 1399263338 1982094034 2779859010 3964175231 1546896323 1605204730 1416996862 3345771654 1948375223
88 0 6 7710 3 3172263238 3858877125 3035492911 3992514175 1675129833 3250188046 3217736394 3176385202 1932190719 3008686766 3419836983 2289078173 3358874632
88 0 7 8023 3 480146977 1724258166 512102312 135478044 923956041 1161305434 2953887646 2648018507 1672936812 2173789123 2482538294 231009798 1514194700
88 1 0 12935 1 166850687 3743641766 1282040207 1343365353 2523149592 2782196059 1888682237 326517942 3419767765 1403801991 392895712 506177253 2343397001
88 1 1 13248 1 1950303980 1733752029 1359669976 2178429100 2487178200 1352025099 1948502456 3196655678 1923802778 2881149949 3945424019 1810695835 116883776
88 1 2 13561 1 2900507760 1817533967 3740880900 87697572 3029291144 2939145343 247505647 1876157405 3743034858 1923099608 3721541345 2933275461 3918645365
88 1 3 13874 1 51912663 1526353098 62108947 2839108379 4155680853 4135392480 1265722539 2107328061 732617697 2332178299 339662012 4110101396 3405438661
88 1 4 14187 1 3270934203 1928427470 3281919791 3107587461 3414196874 147172652 2520916189 2705128536 2114608353 227771908 2878573507 3507818495 133749266
88 1 5 14500 1 3043429980 1802184461 1406073112 3125933790 1128769096 1229652187 629911768 3510227258 247166546 450733225 3235141793 341614286 4139199605
88 1 6 14813 1 4278848285 2192386970 1921952157 276583049 1711097250 2790907633 3300233220 275792622 243183698 2913765050 1555660901 1002074701 1867361140
88 1 7 15126 1 1297391673 4250079426 3766538653 1596807881 242223085 138660838 48990486 3480530450 2077468573 228142813 3142864331 996599399 1582800073
88 2 0 20038 3 709411981 395019416 2257470058 3903060106 1624673123 3236655895 642908989 3377786566 4056919119 2107314403 611801571 2494414379 2357272135
88 2 1 20351 3 3525581614 1950075821 2129363933 672455717 3006298097 4141415440 1696326440 420218440 692217423 2966514951 3910694195 3767297789 759003114
88 2 2 20664 3 92755320 3954541733 1388505799 2527995185 4223994997 595180352 449678679 3280410420 4158520172 3387920332 2448855940 3460253420 429001705
88 2 3 20977 3 2600383438 11541329 645185485 300706509 2983353262 3122446178 3102749506 4159315809 2047756876 3913031759 3537613494 2573227211 3257377540
88 2 4 21290 3 4045724631 3105382090 4275681460 1676449770 286415204 3898526379 1285555278 1765577611 3028637825 2588826079 3282809364 2981670807 3607591125
88 2 5 21603 3 489237156 3167033299 2402632531 674275887 1647911600 103104694 1359530965 450188255 2642216496 338430801 3331473388 391402310 1072751627
88 2 6 21916 3 2377427482 712816347 191876449 426956091 633598270 1475232840 2084886464 1219800680 804488690 3029394997 1697287475 1339647368 3703921849
88 2 7 22229 3 3618248300 3926355371 1566175047 3776751735 2156874075 3231470365 2032613320 2232393676 3639410174 2449663621 3363038400 595643988 1415630569
88 3 0 27141 0 1233925836 2457891347 1102422886 2581032870 70066387 979807449 183358613 3473559269 141546396 2834878745 2917645176 3058516319 345525589
88 3 1 27454 0 1284240426 3997626723 1928378572 286510546 3207844151 837636369 3907627434 3959669343 2551450934 3070289077 4180432891 1204737265 725162930
88 3 2 27767 0 1051431918 4129125397 3157458856 3261460200 457002966 1442583929 3589084966 1259095169 477365596 2743358208 1346743157 2713716574 1837286311
88 3 3 28080 0 621179668 2080087563 3670036014 2395247454 3790980360 1399511478 1998410271 285097304 404796772 2594844771 257902760 3537301683 1993102173
88 3 4 28393 0 1019397589 1919375420 1470547015 3185832693 2578546910 3098442115 410855231 3598575013 1714274955 3765655905 3950318140 457629951 3879040976
88 3 5 28706 0 2699174996 639624525 1557902790 1831961268 1046623207 1372377785 3000473778 3748218353 1022905596 90289181 3074275225 2540712913 802906352
88 3 6 29019 0 1786729235 4017446626 2339419385 3006907397 3511704715 3422723889 2695384448 926827733 2707411028 3653326686 3358635104 3772595705 2201631905
88 3 7 29332 0 2215487003 1024148352 2194925993 3076738573 446262072 2959484893 3152175011 2607414427 2462564534 998953419 4234323521 372179441 3840439221
89 0 0 6643 3 2172629614 3247375977 217717475 1285036139 3172815942 1136056620 3390787280 1405669012 3858818617 808475998 2158622152 3290653315 2006076873
89 0 1 6956 3 823178449 144491076 2637654284 2290356154 2612373311 1091472373 3627952883 553651190 867768972 3082133471 746196721 990783294 3939724443
89 0 2 7269 3 3311846078 1081716255 3096843403 3215533739 866830018 3385490546 835030224 3581503956 1366522045 2223261203 2401536806 4002667833 392136211
89 0 3 7582 3 1902687826 2930478067 387813175 1694563221 2900559449 372811302 1504363567 2031943236 2808683275 2357819554 4099179277 4164264606 3186229692
89 0 4 7895 3 2834186166 465062075 2184668719 512348965 3252152752 3387684373 2107094377 542173651 52337319 2131766060 2706153770 3568941005 4050899372
89 0 5 8208 3 676635912 1240206567 1844681353 69208245 2645861002 726353448 2002352787 3017496934 3011875307 1836385859 3832299631 2794136328 667543581
89 0 6 8521 3 2746332634 3771780223 1563544539 3287494025 2744456498 2548710097 3219612723 750698582 2984105911 742269951 771739256 495864601 1584842926
89 0 7 8834 3 2427883239 4168934566 3196232530 1530798818 2733299580 2655837966 4163545644 1346355626 3799544628 573528055 2856027356 46354203 2853128329
89 1 0 13746 3 3728765879 220624420 4078519943 4183589551 2832139065 304184330 4029250582 1262478371 3741606848 1028167598 2171995287 704627524 3604562898
89 1 1 14059 3 138441268 1268223649 3793528108 3088511138 1034932632 2102831430 3917281422 3437111324 3787796278 2226293421 2990964563 391658132 2872454199
89 1 2 14372 3 1676262885 1205815350 2709419481 2367001907 30031940 3226202697 164134594 719013377 1123311980 2787333924 1289473425 796217846 1768010891
89 1 3 14685 3 1397238560 595572307 3386765704 4170491770 11555517 576178987 1248946831 8669395 1581387283 719035938 994568443 2953856992 1978637234
89 1 4 14998 3 2266440764 628258495 252067624 2805855118 717964113 2420669193 1958053533 306964062 1732434404 2166282682 3573633650 1561448721 2329385872
89 1 5 15311 3 3795817892 1327413443 933262836 1163050796 1211600501 2490078189 906175607 453913692 3321576894 3390062111 3950863186 1327025723 3763830328
89 1 6 15624 3 979940374 1526965727 2077686562 162611158 2032325522 1797026440 1076898757 208186981 1341529692 4014512997 550059803 3691685416 1705003039
89 1 7 15937 3 2910610734 4240268949 3054058070 775733922 4268350983 2092446171 3535179950 1265242055 3472353341 4153641662 2577942138 532018817 856850826
89 2 0 20849 3 3198426626 717137251 3179436005 249862887 2173780386 798556590 497852113 2089629097 4263957986 3446486770 2386924510 724662309 1300960194
89 2 1 21162 3 1524174478 1942669427 2960367589 973580791 885061808 3609432121 3257170312 151950928 4254498421 746018741 3243858286 3359834435 768570056
89 2 2 21475 3 2347270892 3303780409 868871595 750048985 3355654934 1174169813 941780597 2812735157 789596716 363300509 28630758 1732365801 3760896291
89 2 3 21788 3 4062414372 3347311573 1322547707 4256914267 3644568298 4213681291 985009282 2705932978 1462420513 1276233972 999097524 2833095159 3827837994
89 2 4 22101 3 771822479 3338219856 2788079584 2752686556 3421122559 2185535995 2173941221 2358184298 420834424 3485555529 3488691372 585390773 1619185030
89 2 5 22414 3 511384454 3865877459 3493957453 2926561951 3555678647 2878057991 31753732 3282822340 4139625821 1576213325 1942045682 3912061003 2295377632
89 2 6 22727 3 1694021488 3841286443 956852943 2175010903 104627124 260619922 2147684979 2016951872 2160082365 4119854142 300397322 1957128339 4039239945
89 2 7 23040 3 3354683275 3563853748 2001553776 3128245888 322582478 3877814552 3153849495 4053934944 3996786042 1325288480 3375531775 3249094724 3577623806
89 3 0 27952 3 750823876 3573529755 549429578 2333322322 1029878295 3164649031 2688144349 2349919193 3655875987 3607889614 412008040 1238469051 2181352182
89 3 1 28265 3 3147311859 629400800 3148934057 3118147287 2495316459 537345826 2983911678 1300136139 1425180234 709613316 2689703796 3427990287 1380700501
89 3 2 28578 3 1356379335 869821590 2566297469 2991368561 1698046465 3528204829 2556367725 3824078912 617119434 197871996 3730577283 1167729092 2083593286
89 3 3 28891 3 4038101727 1212996510 1786191621 1613036171 3803175359 4056096743 2063547943 2002819631 2707552272 2898423698 188494400 2523501091 1131463354
89 3 4 29204 3 40762162 2393619655 158463932 3989607494 2256656584 506094487 89523775 3843567688 4005782540 956757031 219130185 1795732110 1550007903
89 3 5 29517 3 2636882489 3159064688 2495258439 2333559481 1233294136 3842782616 885377139 2304312437 3678465879 1011442558 1955927064 1789152103 1550783334
89 3 6 29830 3 2470912781 2869147530 1020802403 2068570483 2162683501 2403983552 240584019 1050158221 1583346638 2598367518 2883214663 4274002044 3420727229
89 3 7 30143 3 2278227871 3292858980 834353605 2493996479 2024821185 2149459480 934852284 3221954882 4063065104 3514147424 3277426037 2620711070 887351544
90 0 0 7454 2 3057536499 2116576902 1848931946 875345876 3315025804 2459675711 2445807775 966056681 131163505 1240424767 210790128 1691703195 3821486426
90 0 1 7767 2 2190701095 246702946 2759920450 989440114 1005989498 3774481146 1196842703 2379907623 920883065 2434385856 57696341 3091905540 2120791109
90 0 2 8080 2 4099403066 1824142935 4107819127 1034722009 3823599767 3602999030 419098459 2305074010 2892446837 4041189450 1480894753 1809045610 1356750561
90 0 3 8393 2 3954780312 1957393829 2647170481 3058665171 2983152606 2125682851 3337968058 66231514 458525684 2060405354 517039056 1904668028 2815269062
90 0 4 8706 2 3823160792 1106819597 1297556337 1795093409 1457568384 2669294572 1902888436 2323268596 272709846 3999349101 2324008890 1165606967 1146156930
90 0 5 9019 2 2855511190 430855333 1679516975 2731181907 809836511 3724548711 1332209664 140451754 3464468192 3564254146 1642468547 2821146556 1294151432
90 0 6 9332 2 4086656227 2206734006 3818815118 1818554646 4055268961 2994335501 3399876977 1026823255 1622977361 1784713574 2691901630 651535962 4015529806
90 0 7 9645 2 2812243903 2399514296 3914579286 2673076776 3450506594 3242620795 2273849127 2167475991 3193424546 3620042451 3205096604 4104936952 2613312838
90 1 0 14557 1 1764912022 1102812467 3665099146 2263523194 4128105981 3119630995 4165367656 2504321203 3787119815 1669631237 2865781071 3305294415 313948457
90 1 1 14870 1 2317968183 4233564280 4106715187 342019015 2906511093 3555952156 101032213 2869681565 612596990 1830700535 2783865087 175506128 1320988778
90 1 2 15183 1 1600170124 3869919683 1839274112 2684740104 915176606 1709940451 4176608066 1466082740 3545178486 459113822 865082568 1195313305 1054114746
90 1 3 15496 1 112329566 3397039781 744853198 644843554 3441016559 2980609335 973339759 97537014 1145899442 3796154612 3534426869 2068328517 551299179
90 1 4 15809 1 1737723207 2676128122 3183019895 1629619357 3907860337 2599960201 1529052492 1537010399 3222339167 3133274907 1376308452 61422659 2543551722
90 1 5 16122 1 1265755264 1539298239 1545087068 3171100484 2795905383 2246033390 3471918676 50338314 456187106 1905866658 1986499720 3460838074 1975361667
90 1 6 16435 1 1838623039 2643969332 773706719 315912775 3205332614 3957482602 1586338184 212800702 4115247797 2473129255 1493119850 3383045145 1978405578
90 1 7 16748 1 2782379004 3239540069 2908098020 1949075300 1230695002 3467525058 3322196571 2280316414 3650262433 3517791879 3860076166 2959472481 4073363059
90 2 0 21660 3 425286757 3432021920 809148082 2665562992 54884233 1866551548 2512565651 725539396 58827992 4159178299 3668906770 1266465766 2875356180
90 2 1 21973 3 53631740 4119677985 2748607747 377695235 4191050040 1766981587 1218448174 1820816290 2404337026 541584695 663293358 1142273896 1888539558
90 2 2 22286 3 1424625272 2137408131 3819798751 211990191 2862822655 4208439122 820646077 207691618 2795876297 4181593230 2487194509 523052947 1909506833
90 2 3 22599 3 2103423286 1426710953 2169360873 726025175 4167422980 1455195519 2429165656 740273273 2367093182 241371741 918286276 1185195192 1983810398
90 2 4 22912 3 3634060661 2959273428 9445466 3129512180 1690569148 1553132272 3120531291 1314139950 3022776722 2945704641 733371172 3335808674 3070002076
90 2 5 23225 3 2174813705 3771436696 2864935126 2170939028 3387373089 4213209266 123842265 3437331714 1283556661 526739943 3633085553 2678465686 1976197806
90 2 6 23538 3 3637074983 1596201976 4285051156 1340765816 2406273422 662843957 4246054656 1688714366 2492385772 1832730079 947600386 2182263029 927371895
90 2 7 23851 3 2669740272 2662709859 3213352663 4003852629 1277441799 731400093 165758983 215350191 3988952380 755476160 4224432162 4294110384 360857695
90 3 0 28763 0 3256191329 1451280030 3421025003 1673719195 2305973973 1448057999 2041432997 3728230033 2558061990 3573784283 4214195089 3207815202 4229927483
90 3 1 29076 0 1044866288 4076775235 3700389790 685240100 1747542069 1584423582 2995773867 491223775 2156693249 840631103 262677313 1182779433 1461383100
90 3 2 29389 0 1212735017 593544236 990803547 1920698249 3818459708 3366314431 3967480822 2370505589 654508019 537756336 3534247821 142501980 865257729
90 3 3 29702 0 3545365941 2277274406 3630206711 603266973 2361139541 766009281 2352111259 3538962145 2027378759 1880223739 1073920235 2342905738 3918109602
90 3 4 30015 0 2064789071 2810920954 3963114681 2651239641 2092949583 3695743754 1860618489 3752210501 770676591 1923964692 915536692 483151262 573439577
90 3 5 30328 0 820881909 1044060470 2875058639 2544507419 2116317137 352829875 729467129 1741957879 3877510995 1603349259 4051732030 396620291 2443350530
90 3 6 30641 0 3604248640 811622299 580932838 48577962 3443798673 1402759778 3817525933 799523377 3292897952 546316917 234961090 2841234751 789015499
90 3 7 30954 0 3925502114 2175538581 900501700 2931348850 3650624045 2058949098 691865078 917537063 1972996809 1803056063 2818796356 364377111 408761900
91 0 0 8265 0 1511569228 2105672460 403324064 3719554005 1795718970 415258387 3944622740 3411707595 368660953 4263399367 3940047832 2000910898 1876835450
91 0 1 8578 0 2180656100 2617303132 2966676192 3923900663 1380798922 2130993799 1680349527 366740475 1964370625 3175153663 4238511119 1987980250 2066595826
91 0 2 8891 0 422258297 1748498351 1261270213 3063283691 3947503336 1213632570 3247043019 3976329920 3901190362 686913126 1130142537 443365238 2645626009
91 0 3 9204 0 636539307 4092000535 564894355 2032941363 2379931689 3457364919 2778192980 3474390119 3024560477 2598424052 2187642453 1831571082 88122668
91 0 4 9517 0 1096363903 3556740985 4194861213 704478069 853023608 3698262111 3775007241 1349147021 423787545 2292574944 3914393729 118304078 2740243293
91 0 5 9830 0 3546208833 603820779 51962061 4019001955 4063994552 2467614711 4218781798 2828160720 1259375548 359511396 3687725270 226910285 1032769702
91 0 6 10143 0 1133307768 2354869024 2806796712 3612913007 3372537599 416903222 2236419134 3955802112 2514531725 2425257992 1385029518 4112939361 3756641449
91 0 7 10456 0 373016011 927854197 1640074035 3964902931 1817804250 2716795694 162840028 750862686 2207076018 4054263975 3431886688 1584312721 1550553293
91 1 0 15368 0 347888851 2497871681 1448141724 745502088 3596832828 933787478 1318832446 882777450 2988218562 1793363070 3554314695 186577446 2871150825
91 1 1 15681 0 4115617855 659733519 698151666 1123628197 3252936465 1884726151 3507234137 471955031 412204830 1306924436 457234169 2321099452 1425476542
91 1 2 15994 0 4119337758 1978842916 2832497239 749773420 2870610481 1464395968 293443117 1540808896 3996804604 3581019306 2468102368 2994741787 516065099
91 1 3 16307 0 1535381289 81430003 136425102 1856282722 1132196869 1283147039 2638654932 668557425 655433925 1668274936 2296594901 2736771275 185242890
91 1 4 16620 0 3962853942 4047502892 451926101 871227725 3942573459 355516802 3463283711 346036769 710784636 4151341966 444796399 117374568 1486211443
91 1 5 16933 0 2091253200 581634480 519380158 1786265027 1802948083 2181345135 2652209565 2226215890 2205777934 319164051 2956746074 3968311757 3636817319
91 1 6 17246 0 3396038471 1460941193 2967434350 3642087810 4196576744 1967263132 3732253659 1619762975 1241756344 848476744 1000601763 3991150597 446267951
91 1 7 17559 0 720623571 2502734835 3284237604 72155056 1592286354 1881849438 2293153110 1516836541 135168781 66772052 1479155719 3867730887 702587921
91 2 0 22471 0 1399229166 4167423668 4151055764 1310345931 1717877076 85650386 1323743916 52794073 101540932 971476866 1643333607 1910629820 330662956
91 2 1 22784 0 4078320395 2643552701 1442667387 3931009435 2618097440 1822871527 3314383237 1945632015 2755348002 3852960832 2477505901 2023195200 1320752804
91 2 2 23097 0 770300387 665597873 3169354692 1956911116 2855973184 2690752630 2910442212 2025783841 3109676333 990268786 1604968514 3417991001 3836809092
91 2 3 23410 0 2492241015 1662054537 3836111289 3191935609 3969998044 1832213140 3547180713 3020430439 2878001824 4105717979 4273868533 2451022428 1085502508
91 2 4 23723 0 485766233 3484486367 1662329329 3091720177 4293638427 1622277047 2095269730 2368194224 1231955720 2967441231 3235730248 1778414958 3467232390
91 2 5 24036 0 3739622108 3028811524 2297165510 1380915372 1169775034 2173990237 1203441781 4293140190 2757354805 445569008 2613378991 284329574 2782316805
91 2 6 24349 0 1241276137 483679013 751542469 673102550 347074042 431540122 3274626831 322893121 140837463 1649294128 2985089754 2092554127 3879117822
91 2 7 24662 0 3281040624 200120284 446979550 1214080468 2182138479 159182769 2595824695 3241066066 1817122971 2831201764 559384202 3576176185 703968187
91 3 0 29574 0 2962500347 1621751907 2265548082 2728291982 141600291 36869623 1818114182 1507461211 758081902 1440918248 3628546283 838259268 1754121709
91 3 1 29887 0 218978057 343855083 2107550334 2113904948 3091588637 1213006361 3702763874 2603572383 3067863598 2361974538 1589611325 2015232597 4022995797
91 3 2 30200 0 3846441933 3253440415 4028360744 1055900058 2105057552 3962929052 2659732912 372541071 3946981071 903333630 3032612022 3956010856 140279489
91 3 3 30513 0 3094453292 911658806 1342405553 779910961 1423310315 3733024504 307842344 490498014 20621170 2829363425 769641892 2576746703 541112538
91 3 4 30826 0 3141886632 2982880432 3015478157 3756640773 218339956 2359230151 2613985889 75282124 3847032419 117346370 1555367090 2488722658 4266611213
91 3 5 31139 0 2943806588 3634643898 3623526733 3701903173 1811968687 909187056 2346559567 2770779079 1358257567 3903070961 371941260 2302653423 3728805396
91 3 6 31452 0 2561983032 85996650 3131688063 3286402308 58961419 3101276253 1637826057 1969435763 342218273 1399159463 730733536 2904254843 2578700067
91 3 7 31765 0 528311074 443689310 1448041997 3422148229 2390998520 2309681688 375706597 2025324120 2791833672 2240560105 1527793229 1909570827 3932618657
92 0 0 9076 2 4290332837 4004807512 2972098996 822948128 1332762326 1167576238 2696754829 3142490461 1374584537 2158507059 362616943 4053452668 1151254253
92 0 1 9389 2 850425415 3928758814 3407411042 3983477502 721307803 1636822644 1026690251 1421071816 1758052047 2695665378 2030928360 1247648476 2939476242
92 0 2 9702 2 2877543314 82180033 1858124035 1195777191 4155135225 1282376692 2452234968 2289216207 260319565 493957625 1889591780 2667841666 2200211912
92 0 3 10015 2 2946046583 3468224998 1137831478 1928243980 2989333020 719406717 2235984790 3068673773 3238128041 3050613553 1580137367 2484914905 3663350838
92 0 4 10328 2 262931471 1764874246 2720516918 3375790906 2649675461 552104457 1065788879 297739166 3438497786 1743779514 798377451 2030561240 2693776570
92 0 5 10641 2 1943546206 516518789 1741197283 570182705 3439508077 1623517849 339082097 2764708670 287184744 2348466726 135780893 4275731207 1547791394
92 0 6 10954 2 3502297460 793125343 1454218677 1325030113 383845194 2550970811 3234471475 2052396768 4061982646 1607799594 2642206657 492674298 1151776684
92 0 7 11267 2 1534805299 616875088 783643166 2790801218 2024710496 3552951552 206338334 673672335 3338132251 2697593423 1837990771 17408352 3171011695
92 1 0 16179 1 992413081 4218807188 274001109 3419972815 420252828 3833120125 3546930412 630913348 2459583188 2774241047 2665569362 2143781235 3741806114
92 1 1 16492 1 2433581102 3387964679 4084332870 2344700800 1611997225 4098039404 3604878648 4254713253 1363386233 3262865198 4239036234 3948760570 1754089138
92 1 2 16805 1 4214336884 3577582049 2875662056 909961560 2426489421 1934098723 102922447 2245348680 1227820140 119999636 2126962062 3819583449 1329246666
92 1 3 17118 1 432648165 526617142 3266998461 2478773083 1232070489 3063568509 3411228899 1944431727 1658436044 1596897261 1022960254 2955503849 472831619
92 1 4 17431 1 2990050741 374745912 384146921 2259010893 1350774384 1592942488 2299279814 1106884384 3220167880 3953405308 426630523 329372291 397455443
92 1 5 17744 1 1473160246 1682518325 3146900538 382981248 895589969 64388182 2750325848 3175311907 2273841359 61257919 2022098863 1452396299 1421693559
92 1 6 18057 1 1207158442 265111719 3436438302 3742554722 1936495973 2586988647 108436785 3532409864 678198545 2061109730 1920189078 860676246 3647361691
92 1 7 18370 1 1413227281 4249244692 3663594405 215256115 2774282357 3135736603 3435824959 935278716 527916066 435411865 637665802 3521251087 2741414535
92 2 0 23282 3 1387675266 362508419 2411570457 1448367753 3417408995 1801969372 1559726879 2838167376 1963169774 1961788720 800956538 1046679651 951475938
92 2 1 23595 3 2719234615 1359035306 1330523924 1422672678 964119140 19222653 3651820118 2870020792 709142509 1060843406 1978718676 2971060990 3748771507
92 2 2 23908 3 2591785559 1088077352 535885992 4011352684 634945468 4162958645 3580978429 3875004868 3344985512 182894994 1540747959 1384387880 188316289
92 2 3 24221 3 2043637267 1448567746 3560217424 168808772 2667736189 790024429 2984188744 101578368 1269972481 2654195522 1583317313 3814629050 386239050
92 2 4 24534 3 4081682008 3569792753 3394381619 782300211 777211379 2647063283 3941640204 3981360720 2097495560 2050138966 1608715042 3429194508 1057588785
92 2 5 24847 3 1682107188 3465356357 873262371 2727066143 679427689 3912229302 2808188122 2768258813 2493627173 470833908 1076184186 4248944482 2540789456
92 2 6 25160 3 3345060909 159390904 631864506 2148754070 1647488499 274604604 3244408901 504543013 479520523 1139788704 1789275251 1012843417 1805926856
92 2 7 25473 3 3915659709 1960229544 3450387014 69957176 616495240 4287127415 500211179 810362964 138209992 4083003594 2747877364 869483123 650202518
92 3 0 30385 2 2979465441 846411034 361455363 4073356679 2098965916 1182036341 718196536 19508711 3413883313 29982223 423621022 2642179423 2115999632
92 3 1 30698 2 4191722356 3185547883 1679339258 1147018456 2043314161 3568076526 4062227801 4134711901 840318329 1918632335 2333569171 1173600781 1904113980
92 3 2 31011 2 3351937077 3674218266 4177565519 3473467495 3467015715 2652711432 1856896796 3119827137 2502833023 2938518515 3300109279 1977113393 1673196067
92 3 3 31324 2 1931116451 2506140428 1844676569 3901732229 4107052078 3932920091 4174081974 405083985 4108158293 4023474570 3879718790 742872386 3097996679
92 3 4 31637 2 3067867957 670238992 1616440707 2525129405 3349377261 4186200610 1066064789 4105597865 486854787 1288745224 1767901616 3744485456 560135200
92 3 5 31950 2 637960289 3393214966 3352168539 3964693459 1200533851 1927976944 4060843145 2610696251 3517996583 3572403397 1045604610 588256352 16591030
92 3 6 32263 2 4036653231 2651414500 2631194045 312379629 4160012989 3930402824 63533612 155225899 75069377 1670342327 2991434921 18571147 1240500971
92 3 7 32576 2 2322147888 4003210575 1183400942 1346213750 1071827277 913312340 2975012661 802463918 2830814484 3266154815 1158067478 3951108284 1688885066
93 0 0 9887 2 369469089 4188610299 3879465055 3548601380 2744651651 3508985418 1130099553 912183240 2428632896 222684050 1239795195 2104053678 1304410120
93 0 1 10200 2 3325428484 1816767502 2097094104 2686455612 1854305971 2982530476 1859922297 613151913 3511595968 2040269756 1989485358 1861101539 3383901159
93 0 2 10513 2 3492431811 3050198541 3429281989 492936221 3883412935 3607401965 2147461841 1997934940 2172144461 882888613 1295542379 1531867326 18445475
93 0 3 10826 2 2989707411 2093843267 558070533 3754560477 2549608206 453043582 3180792811 70841154 4004282112 759006930 3054396435 13777385 1425935449
93 0 4 11139 2 1084088179 47691869 2941968679 3730522268 3048787630 224836698 753691305 2218904105 3978158511 2242300420 4174408885 2260369453 2511988309
93 0 5 11452 2 1983525288 3202663188 1472252531 1563043224 755497706 622066338 595655494 3208074400 1805233394 1308772499 2970311979 3644601541 1134190410
93 0 6 11765 2 89653679 2572936657 566607165 1216345534 633996441 4206812685 3109894882 3191171279 2113157764 201685230 1966471517 844235432 1990692398
93 0 7 12078 2 2466329975 4227718947 2905868345 3165886713 1814709210 2823096564 2236954257 1753069473 35503624 649547807 3740602928 3583315632 483775873
93 1 0 16990 2 2850250738 2762618176 268127639 3618088751 1421741786 1249388250 3615021651 1734227201 4091201945 231561292 3987035352 1903659122 1343721438
93 1 1 17303 2 2146622296 777495232 216928287 3024357495 4014161829 1303618227 4185793925 2636988193 36271921 3031120708 3646465079 1988832932 3040504058
93 1 2 17616 2 2475118853 753182229 2934367394 4171071198 2992712058 1294871008 676656872 1908635463 2820571115 4239896399 4196007212 682062505 2314846112
93 1 3 17929 2 3612562930 3760950650 1470111473 2299968753 2645275851 3395978713 2875314261 3363145090 167053102 3067234251 4169035878 3043582054 3367856546
93 1 4 18242 2 143685796 1537126634 1306150973 3622811961 3008405625 2522349827 347556935 3827119914 2062070123 1263729299 3337417369 3423880204 394584948
93 1 5 18555 2 700234075 1180212267 1325442171 3115755277 257106482 3647872847 101389053 3593681004 3938853434 1166472863 2870930063 900237491 2303534405
93 1 6 18868 2 2648496820 3374647348 2986391035 1449354267 1533278023 2609741687 2647594970 2962314883 2025753988 3351738911 3532571780 1508472060 7718701
93 1 7 19181 2 1338025865 568554421 3578078858 512086758 1253356562 3359113500 1835738762 3287150234 4036901231 4247389139 2952403366 1002668189 1126843667
93 2 0 24093 2 1956462959 2859108813 287426415 1568724884 690345663 4104036833 2896006882 3355989291 3540197109 3326136995 3555922297 833867966 1932528587
93 2 1 24406 2 2394612653 293818603 2377890986 2955052944 3581378505 2748815903 3262673439 2999217751 4002768876 2858169474 4062629624 1940809186 1000757809
93 2 2 24719 2 997100499 3814179729 709383711 658808439 3442983605 1929014755 3673802773 3671803241 1413580317 2977772916 1653673613 3687297910 463536984
93 2 3 25032 2 4025658361 1280081779 621215049 3326139722 3868155081 347161846 3543738035 3570310032 3787746885 2175301133 3455028374 3742938125 1864232575
93 2 4 25345 2 2524306175 3003859527 2412902093 813472110 1212852500 192842240 1726369816 2897429815 2755720189 2829889344 2878687454 821143950 251775326
93 2 5 25658 2 3051562657 3885287343 650576733 2787052311 4174163375 2809661469 2124581714 3516441955 3878580840 3595763386 2497381646 3381340735 2097852676
93 2 6 25971 2 517771350 3769742558 565919728 4231464423 2602958036 150248425 1988464512 390348255 186342435 1209622023 1843179259 3909071016 1651840967
93 2 7 26284 2 4729008 1968612016 583022408 1734328527 2439586235 4181477372 812235043 2361493105 3194776188 3926151726 920050055 3289647792 48474179
93 3 0 31196 2 3196930978 1223379524 2675323056 276519572 2336306147 437727860 2692433314 2103315500 4251777728 2832004851 3706757728 2755396335 3646769277
93 3 1 31509 2 1731557491 3211118431 674712534 2264371658 3258505654 933884518 1517792450 226768985 830394689 2220564197 3426547401 2914549268 1255932137
93 3 2 31822 2 305468890 851573260 3156561024 3041666562 38020273 2232415717 910006995 2956022301 2034781087 3998673929 305982440 329858627 478047349
93 3 3 32135 2 721196006 75358382 1426174359 2120084271 2828661661 1366927 3269337761 799143417 3066375379 4165501321 2829413942 3801236013 2464994371
93 3 4 32448 2 3864439522 895273732 3945354191 1859578439 1853666156 253667782 4289567791 1021620140 2930106994 1067467241 4160347789 2459038773 2753070621
93 3 5 32761 2 1099574403 1462978525 3006211002 94675062 320009602 2138916866 1908115692 2862350739 950166369 1348553560 2114126683 2392306950 610992925
93 3 6 33074 2 1892153575 303591527 3838643114 3063292230 2403234754 786832857 3021079246 765879996 255520634 3037194544 1963185263 1145832428 2370818827
93 3 7 33387 2 1804172650 2179489282 222669743 2442475495 1559469397 4184677415 278877013 3185087299 227231485 3628699604 2912412003 340262136 2869906221
94 0 0 10698 2 3338494226 665684985 610223175 872153611 1149593522 4098524251 1199527255 124521076 1750825065 1530348536 1796587148 760077973 2276808420
94 0 1 11011 2 2484011303 1570564178 1721870470 3432541350 651380817 1013686981 2115928124 1174605606 1087674795 3865783934 2477471014 3181725411 3422025806
94 0 2 11324 2 3889194922 441549747 2934133259 3373894655 1730359454 3284231237 3440771447 3935541356 687706517 1803348271 3110571534 692663975 2175525671
94 0 3 11637 2 2704577303 2375747376 4068925460 3215630012 3582866469 4144183571 1238913517 3792998284 4006151955 1535774185 3869418786 3268418694 565820
94 0 4 11950 2 3507333760 1790442519 3411473399 3849053915 1729262760 3390708768 3042647769 2031633294 3236710875 4138875037 74701585 1842718708 92906493
94 0 5 12263 2 882548404 4096078465 968562745 3422901805 3203636648 1170929671 2257456117 3599555022 245744103 118912963 3277629465 2550904220 1687999633
94 0 6 12576 2 3228342535 4103024386 726700502 1751091734 2657462117 3483806193 1755772976 4100820539 3554101650 2764472053 4008954607 4252321638 1723654373
94 0 7 12889 2 3365509874 3629566699 1511309087 222664307 690620614 1564942963 54000138 3705626930 1554899503 3107975653 2355541021 2001962722 3549079158
94 1 0 17801 2 587035065 3141145562 707825013 4180285305 1449185768 2395416124 2904995731 3982121214 4267351375 1857833018 1677793922 137306147 3042818182
94 1 1 18114 2 1274647529 3269509050 3565485745 3116116757 1367358824 4082650905 294905601 966361404 3594863471 863886446 2341344872 3160534281 933022960
94 1 2 18427 2 2899490268 1888380489 1854049586 1206134066 245269331 44347859 877885236 3211735040 2803986601 3442407594 3613662764 3723446673 3938633646
94 1 3 18740 2 2667359168 3953536667 1384837140 771370684 2465729599 3512960714 1585112898 3517351607 1551380964 547703410 3037144285 3753944810 4068972673
94 1 4 19053 2 107581581 2173315452 4281679605 4146309881 2050256292 3740179021 3536675208 1216905872 3122950165 4020598755 3861753515 1524555336 1868621128
94 1 5 19366 2 1379244826 1726316205 2569914632 1160690832 1337971561 2843957799 519905046 288152057 1380911920 2715802423 2340942525 3554993552 3267539535
94 1 6 19679 2 176228973 3862780902 3112345709 3150238849 1844894864 1975884977 1475099081 3595722888 31364541 471079876 2458499240 2820858773 3511634396
94 1 7 19992 2 2367235492 1960991737 3439913902 1053853598 984776967 1879740524 764556578 2326211404 3724133277 862177150 3208620824 676188069 909288026
94 2 0 24904 2 1171510695 2023435950 3168065738 520365978 2759732763 1776541162 1199680528 3889794356 4123887545 4150438115 2439536750 1987693256 3712535830
94 2 1 25217 2 643192738 3051465123 1834923145 711103645 2566005548 2309749129 1762721740 4157250637 3007100459 2804336167 3533623847 3554131064 811741498
94 2 2 25530 2 473047915 1538566304 4095597158 2441621318 218260743 1272368034 845761382 60261198 2257127621 1492193804 615410224 564898089 1841367536
94 2 3 25843 2 2149958233 23919208 3348988306 3466456530 2450593501 1672046342 2686675072 2135986661 3033637504 700634802 2435090920 742771198 3027033091
94 2 4 26156 2 2542720310 3328770327 3425316029 2504902385 707063688 3409506614 1496528806 2461382259 638918012 612846570 2002470001 1771178338 2429219436
94 2 5 26469 2 3275607336 3076370271 1131532883 3076447351 1014821758 4012466751 2665763487 582329546 4216842923 591553198 2319507654 1553932775 33731418
94 2 6 26782 2 1653100062 532051507 1411341555 2584996439 4206183240 63567075 3401324279 572597651 3987455470 1477916077 3234708283 546171082 951864269
94 2 7 27095 2 1095766559 4191210226 3664332460 1205728996 380706979 2766023503 541642978 3406697209 542868268 1652552684 1632721166 2396507959 2871169174
94 3 0 32007 2 179249638 3646776743 665392342 687355158 3602841371 1073261453 733772523 2008847062 1323407657 2198698063 3035119809 3695230080 2630662375
94 3 1 32320 2 700883219 1077535330 783481969 3153423957 444778012 4259985803 3483906413 3956911322 2453282647 4179803351 4182934557 2892749376 2952282401
94 3 2 32633 2 3647406777 2209387204 3352298373 2887659177 213183074 3274572646 3135203102 2797035171 4208147526 199935688 2397506862 3536696531 3336877311
94 3 3 32946 2 2441035223 4143715070 400985857 2640143557 2561613228 825399003 3144474633 2692748414 1021938391 3250214182 3545704576 3627155057 2210032446
94 3 4 33259 2 2857769378 2983237177 843975158 18337270 3339028167 3612805509 2410519688 7292459 619862594 455877600 2344360460 997901817 2502311676
94 3 5 33572 2 1903077672 1067679251 728686714 3411676650 710970937 3055322180 4124348610 2113751564 2586700387 657909652 2238644814 2641364731 193849512
94 3 6 33885 2 3513779074 2289605045 3901572014 2483298206 638218163 1772037405 3987724327 2102788524 826538103 3424796389 2757391982 1752243461 3001876337
94 3 7 34198 2 794035679 876528228 3430077347 2824975655 2778215652 1865588701 4205281865 4091989850 3316658871 1413816045 3046538032 3505804469 424735830
95 0 0 11509 3 3917101211 1304718798 2295758732 2804996034 177497085 2464591174 2145186406 2914133653 543467587 3786662816 2942523113 3885781720 3528108208
95 0 1 11822 3 2620450491 3083226180 4027991776 882171646 278633153 2039786066 3925924863 1207248466 4064317544 4237593845 4162083162 2569708868 2894182731
95 0 2 12135 3 1237754126 1296313115 2120507019 2762973255 4237663146 2502975183 2505861310 3994666652 1328416847 428222871 3932617181 1240987912 889577967
95 0 3 12448 3 85631537 2955282236 1549925940 2071435167 3657951081 3531123981 3003324847 2985571598 3848491448 2706189680 2390403524 464462101 1301159189
95 0 4 12761 3 1392218467 2774776786 2329630108 3094789669 957757899 3959319874 2103227467 449306230 3150684416 3495061246 1214297309 3720213915 3808605191
95 0 5 13074 3 4028330309 1805088044 823463084 2855578284 2202968837 4206727951 1995226594 2786180213 3812054393 4017101498 395073380 1167529300 115257831
95 0 6 13387 3 2684452745 3345383092 1738230332 380974183 455234240 1457803071 431786136 2423335572 2029406712 1679030786 1492043040 1755951239 834902435
95 0 7 13700 3 725767246 3336027931 2750465103 1954106763 1531154121 3302591553 2519786507 1880842278 1328599629 1554211064 4189174634 325533312 1374018935
95 1 0 18612 3 3660484483 2226557726 2117621695 69468315 3711739268 971362453 1722758712 845305404 1943510537 2828387337 921442203 696608326 3028882822
95 1 1 18925 3 297015443 145200440 3218489677 1942535592 3008878681 3096637767 4241983165 2669863595 902786128 598159298 2404401 1450751431 877615583
95 1 2 19238 3 90056993 229805862 4050053037 397263113 2134477744 758401776 1941866007 1075098 623057145 702439507 3189386633 1255523154 1350938199
95 1 3 19551 3 3428244626 4107279057 1985263256 1683355273 1664498119 2566168293 2965752070 2685913549 3339622692 1496211389 1215625775 2856968981 2286774961
95 1 4 19864 3 1014261750 2294260985 812833074 2299871266 3925256963 3995302785 1126282407 1581831495 3498516876 2600152594 1571510079 794093186 3573075797
95 1 5 20177 3 122880047 3856680360 4045036651 3958733334 2240032424 1677325704 2475699703 1633580929 3986169171 1220619474 3378270411 2638463162 688647205
95 1 6 20490 3 1716646850 3596149375 1248087678 4152788178 188076375 376424303 2668642371 1576961161 3981078219 488180736 1520096897 1941068457 912922157
95 1 7 20803 3 3250889168 1075179171 4266263022 1250878104 2141519562 4114570049 1744245524 692974450 2797235770 1940465539 493994613 2280826190 1635781969
95 2 0 25715 3 2030215198 4165431355 2012772281 1679025045 1095982528 1768671651 396861804 2479220801 2114940355 3661684830 672627875 761458878 772617498
95 2 1 26028 3 3623680728 3929146321 1606101687 3806962649 3092467267 2523414465 2783805104 2186297961 338931943 3398298497 3115528026 3672574021 2938550763
95 2 2 26341 3 3934759651 3796970520 400319958 1784433198 2755283343 3419982707 2238606899 200866465 1049560005 568649701 2110338136 1756942426 2849371811
95 2 3 26654 3 420754882 2308893273 3315973065 4196354193 2666203426 4270688416 120336732 1856207332 2803960645 4137248059 2639148809 2722926031 3192538656
95 2 4 26967 3 2423690660 1114029419 369967119 37204594 697697974 3617412165 4104977778 4221440928 3669818225 1336030170 3640314804 3101150717 219234894
95 2 5 27280 3 15276747 3983673348 1425977290 322741474 4041443662 2814601482 2677533256 2395218960 1341669698 3852649408 64145410 750119965 2448846198
95 2 6 27593 3 2570080550 1440358773 36555035 2786600428 304199389 2543804990 250553748 319498377 3094017925 3805676315 1452936285 1389959138 1458622374
95 2 7 27906 3 1957178190 101535463 1235398497 244020285 2637492948 3202382086 1148567147 1704119034 3144924018 1535860322 1752171696 505823950 2012488556
95 3 0 32818 3 3873783289 2899765944 827182291 3828758961 894491862 651606680 225432728 3519577812 2005995250 2985274682 3540671657 1983433288 3398784314
95 3 1 33131 3 1900166172 2320253597 29671688 3960006745 1474807150 2701393138 13319848 3795940120 1388530215 1904821146 1873569169 2435980668 3140286379
95 3 2 33444 3 1557732670 1043730301 3481350500 3869820836 3101018058 3782182463 1749214199 3956993894 1289715235 1653038254 2406218659 842779503 368784630
95 3 3 33757 3 4020306904 2799732563 2490536682 1088963522 1115875240 2872214875 1205968533 3905759069 1993896050 2415301204 3883480702 714933300 1196960
95 3 4 34070 3 3082232450 3878796195 2121851220 2838154538 3120733569 448553818 1857890123 1128954781 257959289 3417338764 2114596415 527621902 2100162078
95 3 5 34383 3 1672850049 1265988806 2935062391 192123341 2542435564 3227076812 890554887 3132815558 1892157437 2372631373 158671863 4107459528 2558039397
95 3 6 34696 3 409214142 4122005063 1540310980 2671951930 2277779835 2332438820 2551015194 292679883 3532929409 4241830583 3868380726 1598071959 3957877157
95 3 7 35009 3 3768099303 1950083806 1427603113 3412275493 36403138 1863386929 52633642 2195627316 427166061 712957024 2245114694 133195119 593768771
96 0 0 12320 2 743994020 947991513 4050019319 1475751248 3199970341 4271760957 1562875288 2563111221 149299842 1098542045 2090214558 2008838049 2373928586
96 0 1 12633 2 1436930634 268033339 2630465505 3548674702 3760285297 2817785349 4043250406 2021938365 3742183318 3193386033 3133937084 668920146 2968509108
96 0 2 12946 2 3330001856 3259114123 175216583 3479420169 2546538411 2703443437 2164271452 101031919 1688922414 1506175835 656541526 4124950292 832590474
96 0 3 13259 2 2748547852 4186646973 1706711507 4277498852 947058495 272230807 1264329822 4089570885 3294717030 3948946269 1839917554 1915253340 1215348569
96 0 4 13572 2 1708715520 4010681913 1017308083 1111288467 3310288203 2038619399 3009637316 1074103527 3445886997 1292617027 1239997136 2603683707 4071595605
96 0 5 13885 2 3427388371 4040778346 1759215420 2833678440 884240072 565390648 3848813099 1568840860 2806429559 265728457 1850696414 1570327939 298621631
96 0 6 14198 2 2265873297 3735294642 2444884558 237131507 770484056 1399301530 1271027903 1690628555 1340160813 3138701470 1119303041 2384246542 4055567928
96 0 7 14511 2 2491762238 412677771 3160862123 3431733609 406411303 1316795825 1941440712 1728963111 1927644082 3270180522 2374205292 11348465 547738212
96 1 0 19423 1 383697918 1335265191 1121690410 2828620045 2395432230 3867139104 4288888949 967750100 2004956431 3514472261 385481157 3236127294 1709263902
96 1 1 19736 1 3137949351 4080305740 3536236123 3481780140 983225297 3096658849 2072409696 1567066912 3474290438 3771850680 3926383577 3548113716 2750042142
96 1 2 20049 1 3628449005 3367638948 1702347291 3800891814 3156981285 2028802157 949766430 3430866218 55517527 2732135574 2377154094 906320522 2686420348
96 1 3 20362 1 1505141464 1425298633 1740830706 2690508929 2272790738 4021896296 4171661231 3014661058 2142147209 3792257598 2292314224 1973413044 4179549995
96 1 4 20675 1 2033678724 1998186525 1282921976 3937248150 2457602228 3667719114 2168714337 2882344302 3739879615 3358099172 3087404601 3909836917 2713479801
96 1 5 20988 1 4187548115 248032412 310601093 876556893 2220620381 379943459 3163734598 2386971870 2951352135 2914571304 3245827522 3194958340 1759354600
96 1 6 21301 1 2421514935 158233532 2856086583 2565337613 585555691 3488582387 992818192 4055781963 1118893378 3226856981 1533988291 3094421787 4289912907
96 1 7 21614 1 2271110061 3261921368 4186980601 1856438127 2628242401 1900396321 390716474 3722339093 1076372005 2154529578 3924852197 2795597020 2430252224
96 2 0 26526 3 3421193178 34892891 134447577 2241183628 1625340991 129903621 2106690994 3271692095 1331862554 266768674 495155892 130738967 3227291187
96 2 1 26839 3 3491531061 276550652 415753654 2892519018 3485470816 959483280 1385195614 2706564360 114473077 3734284186 183618461 1554760698 1926245852
96 2 2 27152 3 3605153598 1827591907 956415439 2030052837 2188753801 1733676379 4055324376 1815528047 198620260 2840121003 3518202830 1169006083 3466454368
96 2 3 27465 3 3659834097 630975254 2359829850 3058980969 648396020 3456362418 3167219947 169676403 4123675541 2143947995 2371819615 3036046491 3758548120
96 2 4 27778 3 3358756912 3597533229 3653246873 2551826694 1178201427 146099505 75273630 4247082313 1587515044 1022574822 1456960068 1602478701 2356361430
96 2 5 28091 3 3419821658 1414191047 1030327093 2967642778 1903100163 579040911 867695884 773240445 2250230118 529180825 522822966 4135216171 2653987098
96 2 6 28404 3 3990413837 3404586104 3722949070 263838485 882969082 4034333564 2620868751 907372142 929202369 1522693200 3877700313 2508443277 1689377877
96 2 7 28717 3 336963582 2140598203 3939219185 3972048702 1767700321 2897312137 4098617214 949437841 3518227218 2636529389 396776476 969454784 2459155754
96 3 0 33629 0 334729902 835663009 3994674174 1457499336 495184982 1696847254 1916777363 3486094232 1401593440 1069350470 2023156198 601858197 1750941517
96 3 1 33942 0 3488377278 2626484311 1259601782 3344079018 903509458 2784177864 3180691334 4180153782 1688947410 2964909416 3849496528 3678217303 672690772
96 3 2 34255 0 1635963375 1841472264 3115779465 3354484587 1867455331 3454376793 775013220 3464176505 876676554 521902390 3987515265 518213198 1706501033
96 3 3 34568 0 2324479265 1472880420 4130768733 3750588183 310944509 2615689429 3583317038 427863265 1371627202 1196203891 2515078707 2946265749 3899608385
96 3 4 34881 0 2778440088 1346417625 845887920 2006244451 1860309750 2441808526 3702426937 934156166 3723136899 327435448 3463300878 3172339050 1419424618
96 3 5 35194 0 2765045855 4189261274 2868956393 279017084 4003377501 4178501737 890415700 2930087593 4188732964 4191365169 1018298144 3033686629 2765414010
96 3 6 35507 0 1350566470 147020575 1795122576 2206562435 11141148 4182558578 2639455403 3953400502 930737607 1164440404 2464725922 2513050782 3241444679
96 3 7 35820 0 1607621280 3945339959 1888543194 2936393961 5113598 4004312856 154940013 3826466984 1820478605 3326573114 1433622094 2382240028 1310010251
97 0 0 13131 0 3891091403 1145047924 2602667964 1782979740 1326637356 1220085183 34113860 877774442 3661259709 1592982683 1025538674 1231712507 1683678110
97 0 1 13444 0 3306590746 2026879003 573910803 1724189551 1111884522 2615217342 2358347253 1869135236 1911334229 1453011160 1480909762 1782900837 3904540176
97 0 2 13757 0 1066453903 1458642596 1113624582 3524076990 3853455277 79907547 4078981785 2551242326 4139888051 2017791560 350430258 430766575 917888772
97 0 3 14070 0 2852916232 1883470575 964655695 620680075 717839444 1759266981 3602937357 4140261795 888644629 1513906772 2826708356 56435969 3658356644
97 0 4 14383 0 874468395 37385242 3087160838 2780380094 82119611 1040236508 771612446 1050445582 564313178 780067227 1181553467 3406705508 3702076590
97 0 5 14696 0 3759990115 3373771980 813640798 3357796741 3422107808 613665203 766311027 1944747088 1110440133 1439525776 1555931214 421214562 260828360
97 0 6 15009 0 1399932261 3101847694 4119927562 1233472930 1240461584 1475157628 3544990634 2371127955 3833370155 3914574053 2005747156 575336428 703895342
97 0 7 15322 0 1887346642 3474084775 2756037535 1620954427 144447624 3979228602 733263796 3952477897 4274787918 3744120197 1526776444 37299239 2643815973
97 1 0 20234 0 3674396353 2721376530 4091700027 465475991 3674579163 3974684815 328843297 2944250476 1354692137 509151184 4212501905 4148840522 2891871871
97 1 1 20547 0 2231060940 131071609 3683475488 1274828656 4009642600 2046749103 625308100 2159331075 2832999868 2221325086 3427514158 3925742238 1416972969
97 1 2 20860 0 2614293108 4122647661 2955947224 645381640 2527623008 1304708181 1352294293 1745297110 2511264707 2913594318 2735083431 3845555280 4164370235
97 1 3 21173 0 2673247144 3768849739 159016158 2193839766 3219688084 1625412310 4141202050 1878920904 2904978543 944816437 4294594061 3279548950 3613707187
97 1 4 21486 0 3180931490 4220181941 1253422692 3802850468 2490569972 632716611 2669961813 27106497 437220346 2410300715 1641430933 3555788003 4112541166
97 1 5 21799 0 2827169203 2961842340 3962786121 738833157 611612442 3925919570 1341594787 3301267205 649674634 2275253173 4049727394 3735822204 989608998
97 1 6 22112 0 3224885106 2693049277 3390393302 381243741 1197236614 2216698587 1398484887 3650270921 2494337107 3952919275 3848472076 639388861 285088505
97 1 7 22425 0 772133626 1386656281 40559388 923280647 4200822704 1566074127 1269582648 3104575812 774863427 36994609 1254662824 889573626 557769771
97 2 0 27337 0 1568215862 2950426213 1461125347 2916956575 1588585308 3358392683 1760954837 1457654458 1168103586 3242375664 3647246787 1327588636 669101875
97 2 1 27650 0 3008026003 3228404356 4107545206 2551318670 2920726293 4097539885 2482826921 46075870 167770963 301307727 180305322 465984635 3514323870
97 2 2 27963 0 1503294298 1093142699 3876024419 781003476 3953220366 1563548980 743250086 55487360 3667722132 796668427 158591423 627375800 2811035145
97 2 3 28276 0 448234152 3637056179 1690554153 1533038774 1124498113 147626376 1069775627 868204469 2834562720 4221419954 1179497670 1301394229 3026273370
97 2 4 28589 0 1116912658 619179861 3851089907 4218515343 1775657831 3648604097 4270652766 4052417956 714548305 1630020899 784723905 1985218498 2162248231
97 2 5 28902 0 231073246 2004591227 3952375185 731224013 1866158147 2916502879 4258398015 3531767069 4114938526 2541025379 2064973411 1912441946 3913550010
97 2 6 29215 0 3037021759 2974985804 108251958 2322147790 844922271 1780453381 3995098869 1340609802 862353847 2591369030 217613274 1747907420 1495164156
97 2 7 29528 0 3691707101 3541658184 2339511642 3206734482 1380461284 531014060 3461424215 3388461449 4175391978 378988015 218401128 2668023283 2187275077
97 3 0 34440 0 2807012648 2234527247 309290930 932438977 2570213365 2310956118 2010580468 338999929 2568389699 3566247739 3789449258 3026789885 2945649915
97 3 1 34753 0 752746038 3519768483 852705076 81917012 3466891605 2578224623 3493543567 1354196979 1476153930 3904851035 3236381745 2454061683 1501947258
97 3 2 35066 0 2651875518 1437333511 1767693552 1938686176 1686100503 2544906305 1801287816 2185593179 2244824078 2352076837 694227685 7232194 1622642757
97 3 3 35379 0 2813521496 1605360177 1702985466 832818674 3331813412 1185617268 1672865989 3964692225 2528100374 643113470 2281565153 1678020760 2623261058
97 3 4 35692 0 1992833438 3638028553 3740692100 3468707204 2687170759 1097878179 2926920152 884179935 2095275923 2338635663 198968196 1793502672 3375505684
97 3 5 36005 0 569171514 3891476467 2712373690 1890545417 2766613289 1877759693 1141177957 2462152501 3520467340 3589091386 195267151 3070862888 1802901497
97 3 6 36318 0 3918146942 4134948651 1862894910 746083621 585678648 3024382974 1224938555 3685058484 2850950564 80371893 293101286 1833843576 2752780835
97 3 7 36631 0 3484257286 2815985411 540994580 802951540 1376439683 4214138656 3151452254 1850780654 4082793948 222593282 4020235625 1591673851 483031335
98 0 0 13942 2 979192425 670147431 2332331170 3279677150 3982130979 4119827907 3768576307 2109150767 1078613 2667063360 2427573734 3203200426 1494995019
98 0 1 14255 2 3462652709 2689175069 2905976475 3674834359 1167065327 102276082 310720134 595982079 870811692 2914858457 2665278856 1374342618 142679661
98 0 2 14568 2 1082488457 526691795 3363582420 360083882 2726003019 3057938038 629254909 3359730522 1648816884 3697972760 2771747187 2738286539 1696869161
98 0 3 14881 2 4209489311 1597511839 69205414 3040671053 75622961 1296312884 3274690928 1133026156 2882729755 2215108721 3502942528 313954626 655560207
98 0 4 15194 2 1956056646 2526791294 133394180 2808049658 2750169278 1169097317 2188990443 2900541719 3478486600 2475846398 3986590179 1051974729 481222344
98 0 5 15507 2 1980837127 2028438723 4048428205 3119582729 365165897 1147230136 637602139 803861886 2999055805 1929960982 3383299348 4192948098 1850312889
98 0 6 15820 2 2668997922 3011005364 944817282 3421364979 1734155534 393446680 2374359354 3896635979 3364260761 2383474095 32470258 3520959037 2805449932
98 0 7 16133 2 115869965 723606277 4181464078 1583169941 876375663 3258604169 4156749733 1187862683 427164039 968664080 2331917415 3636349972 1922013482
98 1 0 21045 1 1842092769 1687334543 1286143108 881474512 3179635338 1174854196 3073370172 730847278 964874069 3799250373 1358627325 3798125723 2313069081
98 1 1 21358 1 775359699 3695812799 584626512 2704456321 3417880840 459788824 2275730476 3666454958 314615328 2267112996 1912819769 1850565944 2834127936
98 1 2 21671 1 1356382279 1827109287 4140337592 271987158 1518200606 3109105420 2746975974 3183161280 4215667085 108933195 3503971701 2880720608 1430758016
98 1 3 21984 1 341475850 3338098892 3231410029 4227459592 2534715423 3153906916 3351280669 1690118455 965000271 1339598862 1003547251 1876666641 2727507582
98 1 4 22297 1 2623993026 2705590990 342337697 720654019 2437629325 1055143399 984508689 3570786309 3775692039 40646517 2014561226 1541255619 2402928810
98 1 5 22610 1 3112884180 3415853578 2563096505 3315006822 1543736543 1400647131 3777763394 1918437682 2996603748 4253918665 3773352055 3390722086 3951961775
98 1 6 22923 1 1318458655 1295691695 2081404532 146294111 1646835804 4029548905 1633553193 2143121247 1513829577 3942358856 1776132943 2607965452 3860768724
98 1 7 23236 1 3504083276 1607475670 85694492 133195784 3254259353 3047960574 725748962 104389135 2807024816 996920692 2490711490 1006319404 3140963764
98 2 0 28148 3 1302302036 3327975094 360225330 3686672961 2286969417 1004659919 1404051908 24864755 435467971 1513239012 2746588585 1492185366 2161245329
98 2 1 28461 3 2231592921 2047439621 3595530213 3949710314 557088801 1113013877 3265711207 527338753 3831306854 310761162 349451537 3418762388 2095344702
98 2 2 28774 3 674334689 2607076655 918116743 1409483520 1564749668 1766181953 4244069305 1427499153 1718438170 1397870642 3379536108 3717197230 1084307515
98 2 3 29087 3 1962274379 832630427 3661552474 346152553 1268472804 3331774105 2648784591 1206822149 51702090 2749033074 2599568513 364583965 3969154860
98 2 4 29400 3 3551074391 2247609397 2088534397 2861737493 406468008 3820261669 1494904117 3734864380 3761803484 1755425275 2062978435 2336144708 3848731637
98 2 5 29713 3 3603118133 3288984565 1900244260 2681434032 3919022058 926697124 1656258942 747284038 818421895 3572955763 1283547262 3022934706 2089456693
98 2 6 30026 3 1881414880 3792559714 4267169968 2350760803 3784188545 4269741470 1625657708 1571417476 216915931 1038619034 2613797717 2233189658 133579306
98 2 7 30339 3 2793875485 1833888623 4191866940 1333660008 3788590880 3502811801 2105551133 613036064 595114392 3485187583 1403115499 231524654 4261652893
98 3 0 35251 0 2832484176 4264380488 88101863 3346583328 1813063306 4232105358 3176936755 1674117421 1532710064 143526099 3108909052 2053908473 1802464691
98 3 1 35564 0 2355793576 643372550 3396436245 1064890938 1287877025 3750821920 761990453 2179657607 374297696 3842576910 3055676841 2361882950 3593713270
98 3 2 35877 0 3954082423 3546377579 3369733760 1735713424 460487830 3087567646 2743452402 947944631 839042639 75405998 3455318835 2116814156 1913247765
98 3 3 36190 0 1061141046 2981600368 2013602057 1376293099 2080651650 3144649421 451910385 3778095222 2989420024 3341645767 1764595903 3814347569 2104190492
98 3 4 36503 0 1233126462 1804213240 1463816310 566288810 2211703805 943743075 200259139 3732403361 2994790254 3058995699 942594108 3625373128 3570470313
98 3 5 36816 0 779470147 1983927607 221045138 2096071203 3123399884 1970799987 3243080309 1719830026 3728908505 58477824 591985045 2681406594 4278872804
98 3 6 37129 0 1990083524 1422946636 3594115108 2172175024 1600147919 3729248210 3186043399 1573736451 623847481 2681625619 965569441 2262064996 2253436103
98 3 7 37442 0 3970828433 3690401733 2095766135 1653754387 1692127748 3853884249 2587171944 586797029 4032911578 942727092 4124255283 1555901573 2780451875
99 0 0 14753 2 3564847229 818172016 2901955076 1991094096 1423419792 3154804579 509952893 890026276 121959883 4203461111 1156819424 2268611457 3658340288
99 0 1 15066 2 597306790 1150781011 1110236879 1990536114 3829333749 2991144188 1207521193 451885832 2700907713 423294887 3877647350 228093345 1951868154
99 0 2 15379 2 2960188137 3646505696 241935664 1870939681 84602445 452917823 3574633157 1565678179 2012398404 3456618751 1914037009 3961636706 1733507671
99 0 3 15692 2 1625412108 3921196299 1387039709 3003437854 515915444 622704001 724546828 1419678784 2621816572 1632389112 2553559796 4107145765 2813351216
99 0 4 16005 2 2132605169 4101922172 2265104618 1157505499 1842682437 2030012064 1473006081 156792950 2881593656 2794926474 213172983 2493459264 3801181772
99 0 5 16318 2 3701943366 2878387957 1241198473 2136608010 1861348851 4293301562 3898117860 3376003187 3357831300 1783601814 3665861491 3961879102 3025222605
99 0 6 16631 2 4162761895 3199865476 3880740516 2457580336 134526156 4028450204 2219437426 1495865555 3307442488 3897377864 4282700199 1968956794 2076814427
99 0 7 16944 2 1865776623 1363099834 2160323900 3139475886 628908954 1833077332 957045631 128515502 2293488551 4108389543 2638226284 1319534737 3366036374
99 1 0 21856 2 2406231384 1039215149 3434342508 463420373 1727839724 2461690951 2871197070 774302191 680037273 3390946778 636676747 551059488 2360673395
99 1 1 22169 2 1004073458 265681457 1973870270 1132634631 784852086 3621757107 762418272 2848216392 3029864357 3418821350 412598149 3034901069 2628962384
99 1 2 22482 2 3896640078 1617638475 2910716688 2803308993 392670920 2477752042 3460867330 4278364638 1898133804 2747623069 432761766 4236229035 1182313446
99 1 3 22795 2 3510260634 4225307659 502018832 3034040769 574165061 1834175195 905976020 3218749622 104242533 1669960292 3748318130 1148077327 3391548316
99 1 4 23108 2 246378751 3485699464 2247406473 602999772 3545569503 2433728192 1595599130 692565557 2493041549 3913861414 2175399852 1556819410 534220963
99 1 5 23421 2 1241216271 168467818 3839782613 1073519824 360851341 3097712433 3985001493 3193601461 320225935 690517115 475001203 3193735542 2872202045
99 1 6 23734 2 3891072918 2637821757 901554390 230722729 2566069573 1236074613 4030535540 3674630193 229055803 3485229036 2612176635 3171350509 953860480
99 1 7 24047 2 3112637455 3805484382 626205405 3445223000 2494112603 3786435582 3851767410 4095991531 654073637 3020472184 2131283947 3150003968 3376483859
99 2 0 28959 2 3033626938 3401187539 520602029 3108988046 3524239898 3744541794 3884859583 285369199 2947398596 2792149731 2883729695 412782898 864856343
99 2 1 29272 2 1802377797 465239016 4067980804 1675604816 2936362172 167552454 327309299 389208140 3012000918 245080926 1600916812 3139444311 732215544
99 2 2 29585 2 1595718157 3330173550 879714164 94331933 2315252848 827559266 1487172925 2271721418 3510105828 2112331171 489872601 3741686397 2279986878
99 2 3 29898 2 1146630070 3372353787 387897911 146995855 158482225 984370725 4018051184 613727788 698206029 3399704573 2056579503 3871698805 3583382234
99 2 4 30211 2 570921057 2155940300 2837939646 62214407 961074630 3269514404 2422482197 674231101 2358095454 189619612 2630490453 1163171390 3412484683
99 2 5 30524 2 2750329445 128588648 1748336506 703821515 1433525994 3983958842 1065767732 736516539 1431509129 2424784374 281698587 146002590 129987607
99 2 6 30837 2 3198524789 1275510010 1123378786 4141174931 2905122354 3118128546 2267137315 1844819941 4110344923 3144082627 2120590637 3970038534 1910140561
99 2 7 31150 2 3778066175 2799929378 1181626708 888195133 3530121332 1255139024 484208998 3535984613 3254304665 525282259 3322004800 2393528733 3929757436
99 3 0 36062 2 4214315287 2252839252 3061923461 4177901024 3905142839 870208207 931121343 2769039696 2373016247 1691140107 2637581082 3121182490 3256971687
99 3 1 36375 2 839412375 3042365222 3110953973 1991501616 1102471175 2226631746 1884852970 4241194516 3159825509 458485877 548575765 2533566852 3594052595
99 3 2 36688 2 1803029363 292120786 730028877 3042740136 1456097819 2782589959 1021737414 3104709006 244764970 547885830 641603469 27972064 2339727749
99 3 3 37001 2 764997200 3690929051 2294686562 2039211411 3012110178 996266778 746885204 3872755351 2244555214 3903622758 2407675377 4192332512 308452885
99 3 4 37314 2 2583398400 3881808021 1753187470 760930743 2219955222 1391447180 294375296 303034213 317408451 748416816 107629743 1747253114 2143688905
99 3 5 37627 2 2160450879 172730948 1146762087 3273787484 1146750737 1730466405 3105568546 1601780354 47970844 1569895249 3359357080 1184357205 176354386
99 3 6 37940 2 1475279989 992419156 2503984271 4048578695 1673104777 416128840 2703875063 1650933090 2752961777 3313700381 3352110948 4212967311 2271255898
99 3 7 38253 2 4025865724 217518125 2729800430 1279496663 1020035350 3696468094 4254870144 2305694610 1962509071 2049410635 363385708 4044344673 461538202
100 0 0 15564 2 3180116331 3163158583 2363010904 1210998690 617779645 2123581159 3703689127 3708945818 3538038170 971293706 3300036570 3797966085 2054411780
100 0 1 15877 2 2072500439 4135174519 319999540 790185486 757810580 1774857381 91564173 2685773964 1510928924 661415677 3865958704 970427883 2425707560
100 0 2 16190 2 4189842039 2739302003 1111629664 940829288 3774693991 1139504535 4111519452 1492157993 3861948641 3260252243 3732879755 2086087207 3097795734
100 0 3 16503 2 4267021646 3765972288 2206224285 1359392505 3628531201 2833616258 2227462621 92829936 2208988228 821732997 1833587708 2689210786 4006145544
100 0 4 16816 2 3885392485 2963902457 2285783998 3017824702 2851797302 2963051680 395408847 194374316 301200088 816610501 2842871688 1827049732 3073815359
100 0 5 17129 2 3339050658 1015281420 2256516337 1713383514 3504346734 4120379679 3771414717 561315634 1544340590 2023933027 2792230951 1971278068 1795666621
100 0 6 17442 2 3146376296 357546952 1981904435 2128670819 557449734 3873553536 4197473777 962911855 4023930028 3147091074 188770965 1748002136 2957352426
100 0 7 17755 2 487194764 3585308470 4215017527 3369919897 1231411696 704180484 3480992812 3489630429 1646838845 2099173015 2342585613 659006022 2833232162
100 1 0 22667 2 3455739208 1352591792 2910646122 500014241 1714941319 3983390625 2255970807 2751958853 1069512728 1492127703 21911311 1153214677 3729547925
100 1 1 22980 2 650819415 815028679 3746833505 4088306629 1524980751 4003542195 3040261093 984202760 692646416 3828017316 697435601 1350862525 3624584847
100 1 2 23293 2 4005807756 3938964756 615073738 2885557643 1967995143 4081229618 1257628632 63828046 4208196188 2852445518 3781109826 1474322014 3268705367
100 1 3 23606 2 1314592710 250224978 232860064 2456397942 2301661516 437434211 338082515 664360159 2444538166 796221542 2455313459 4228759445 540896136
100 1 4 23919 2 987950173 2704576757 1170683663 2312783333 2294304303 1596630996 2426335040 434679419 3641414245 668196406 1939346607 1446111785 3201766685
100 1 5 24232 2 1890008186 1497150184 1980327688 4096904114 607397536 1620652515 187174524 4114367221 2747905176 204416481 1258733031 1172838409 3007651604
100 1 6 24545 2 3325820220 2497696498 2702519902 1196085037 2936701159 852713101 3609386889 2439584810 2624599530 630512877 2040120520 1363104663 2202886259
100 1 7 24858 2 3075603558 1725944946 3214014380 3275175269 4264806829 296491109 1027919556 3765232710 1390390895 745983823 3864076001 1643551481 3463242984
100 2 0 29770 3 156724472 916840822 771853961 450731094 2022008484 828175066 213933211 2450571395 14869162 1072728274 1052499090 2920682778 1354685625
100 2 1 30083 3 3219190420 7997616 3953291581 2904422660 1164642727 4109831854 698694030 3747265958 3547589743 1296348965 2584925271 1114566228 2011817042
100 2 2 30396 3 3674904913 1076361637 3087636624 2346414771 2199097444 517401791 359850624 3068961573 3911011973 3713834591 4030420967 2571987154 1863473084
100 2 3 30709 3 2689243631 1782634859 2228724342 4162303535 3066330668 1711638298 1220491709 3390883225 2922015411 1775135787 3418397676 2167275013 2351937940
100 2 4 31022 3 1446794592 3407557692 2580818753 489092066 2921794448 185195819 656125577 1410984084 2395134990 846095355 4214947631 3095858545 666000066
100 2 5 31335 3 3296650330 4126638104 720497335 4096455252 1483220799 2047824071 1804428812 2567530397 2185309735 1440488328 2798485777 2177206831 3312355690
100 2 6 31648 3 3208203938 2007597634 517237379 432004625 1827128155 3580195791 2371800432 2838843976 3221649881 2119918437 2589250825 3336090630 1836272324
100 2 7 31961 3 634811786 1631594806 3407804579 1801173995 1732778717 1101806667 450875514 336905229 2129745132 2918349039 1028917815 2230958648 1134653188
100 3 0 36873 0 3286315231 2067976115 3084024051 2767684816 2859118298 653460248 2651954397 302535883 3517770916 2487105629 2610909329 1851618740 2871586578
100 3 1 37186 0 2693623102 763905428 1322378378 2953202865 2664606557 1188004287 3472199596 1737492248 2356615159 1794200495 3290218287 3589177678 2293089751
100 3 2 37499 0 459581246 2509121092 474180578 2345890104 1418264250 4100958810 4214709282 3103851848 148234876 817859886 2682080616 2796158479 1890185199
100 3 3 37812 0 556517137 3305216339 844235597 934538931 463220378 2110129129 405297830 2904885375 1745298020 3439452440 3579576445 1818586009 3161590105
100 3 4 38125 0 355382726 2214117096 3737280042 786960216 3430692150 630696652 2059951236 1643227609 625987530 748845561 2060093499 881578387 1918410379
100 3 5 38438 0 2124771830 525615298 3232997394 415433740 2070790343 334807007 702218022 3361599545 2125134279 3618444170 540682149 1377112529 2724791304
100 3 6 38751 0 1681929514 666237032 121415826 2347221158 3317751784 1342688005 1438471642 2810224605 3112312595 213075535 3639324417 3275143859 2934885312
100 3 7 39064 0 2329187126 3690199918 1352035174 520610812 2688228748 2364824977 377208184 3044936829 1965362657 2587568707 4048417633 2118142283 3451936495
101 0 0 16375 3 4133850383 288326743 3625139885 1936083009 1528144299 2986856203 363766143 3332981605 472422920 328230787 4061725056 111437247 1215004566
101 0 1 16688 3 1026246431 2540477255 1167495334 3002469382 927221841 1683288538 161296342 3147442355 2428969233 1368187250 3600344590 1789407767 1502205765
101 0 2 17001 3 1975472651 2734628959 1646388673 2619906053 3110731309 262122153 212180706 3725436675 2307136000 2146580291 243572211 1982903247 3522526863
101 0 3 17314 3 2040245225 427418009 619945601 2281084997 616753123 2240735292 3796085450 1287845273 2791053676 814820109 523038458 3290677607 3765826884
101 0 4 17627 3 3040863599 4184482109 597288097 3541811382 809587373 769265230 1084641171 2780710891 1856527290 824818623 3686781422 1072338867 867394257
101 0 5 17940 3 2181331611 979940311 2009692367 1601844227 517957307 3212708974 1125952724 2271456156 3669328005 1561637288 4287739363 1126424431 1492969564
101 0 6 18253 3 1795929109 3702672853 2075565673 404403854 2086525011 3319407141 3044899543 3716396802 1275942534 2943178104 4267724706 4019522453 2429041721
101 0 7 18566 3 896456630 1320212366 471753248 2534785144 1907015112 1910457521 1080622591 1052657336 4199196407 1722319496 1989536860 241194188 2140302542
101 1 0 23478 3 149112335 1671629403 134955702 3898333238 2397336826 3746983194 1456199625 225548253 4214518696 2945422679 761541330 2089463786 1107355933
101 1 1 23791 3 923500594 2038003340 1446234683 739512783 1461564261 1961252690 4100537712 3087949738 1906914025 2094533870 226991503 1353139336 3919573536
101 1 2 24104 3 114368165 1656149289 2224663286 1622484726 971952368 1675384070 3987347782 165208617 3518541780 168241897 2579624222 3184898109 1777870058
101 1 3 24417 3 9567884 961873290 2008128608 4042167739 1658605698 2319497113 1471230422 3697023740 885749809 524375841 3520393637 556340437 1317724551
101 1 4 24730 3 876292107 3877993751 3981717016 754187712 4287800494 3407042962 4012423186 266138715 2387341418 2414354339 2413499041 1833221461 3905760898
101 1 5 25043 3 4214464950 1339956866 359972851 1670777228 1065773359 2731263671 906116589 2146729751 1017514244 1359278397 2177907616 2467908433 333513806
101 1 6 25356 3 3639431692 3786296998 1698122041 236633901 1923970311 3036400236 3232653370 101513175 3723307282 1092833837 3436566931 3814611646 485888225
101 1 7 25669 3 617873384 1812389658 825043169 1338969957 3785249215 1701942382 1650449160 1361805585 1012813144 2899233073 2318546764 1175750125 1993991429
101 2 0 30581 3 3742379220 2274216730 3770991004 3019389044 1798823252 1492907912 2988442589 3177786518 3887102395 2277017733 2453427963 789672485 267934219
101 2 1 30894 3 3183853722 3829864618 2139949236 3800086556 153879836 3298797170 2029604521 3350284378 2200696495 2969447376 3284402843 1874450906 1965687318
101 2 2 31207 3 1584309280 1508827798 1079163138 2522911778 65244826 1722738748 56671080 3176548515 2421912644 500975603 3966691109 621444593 241973909
101 2 3 31520 3 1982515211 1424421661 2315907995 1476254063 4180782221 4270530442 1801459554 3559216217 710511940 2720975866 1281534114 46250254 4242328156
101 2 4 31833 3 3488858077 233597421 1213997017 4260057357 2883547753 132093117 1690673030 2401729408 611822943 3653972700 434641708 3840770183 2884298092
101 2 5 32146 3 1624858460 2822354798 838088227 1084557223 2123364904 4148842203 2032192373 3320265431 1216806580 2647774517 3497610332 1107238906 247208096
101 2 6 32459 3 2557053597 1814074753 2776051225 3492535757 821938439 1692291367 168380961 4017788159 1472907612 1270885011 3125414042 4249841577 1196480247
101 2 7 32772 3 2747721536 15728702 496183978 4043435537 1878093604 4257544492 1475097084 3166112508 3049429739 2490187024 351145132 1464044156 1305215809
101 3 0 37684 3 2115012207 3144578125 1369235692 4275034276 3201717988 2843341354 2816882115 111057442 431074967 3963039144 1687775518 3430523032 2484468415
101 3 1 37997 3 3443462173 1329987367 3644987926 645863237 1057628536 3425218947 448377024 209922612 3386432367 2581072048 1651636845 2344551676 1206222432
101 3 2 38310 3 1523755854 4174416792 3929984821 2307833529 1175767043 1813568354 4021471070 1285914444 3523938657 1757875090 2654033441 2614791122 1416843877
101 3 3 38623 3 1204840910 1220146504 55584226 4291826585 986036310 2967173896 3062326974 2665629361 3464622923 3989523687 246342150 904256541 1352060428
101 3 4 38936 3 1850385229 3282231603 4008521998 260590142 2425983074 2231342492 103942381 1095076252 2915438065 495109766 1266948753 1096202392 3143234879
101 3 5 39249 3 1723178207 3396916191 303233134 184634590 646154018 2119078964 302138477 109763436 1983859855 267528874 2028166495 484688314 2999727909
101 3 6 39562 3 1955890101 409925461 3420845481 4219372925 2152965806 3992044710 2915355581 1977374999 1539913189 1624532221 3689707653 4205524333 2188181715
101 3 7 39875 3 1042900094 3553639584 3717041667 1456544124 2721009612 915642463 898593868 307315934 1392070365 404137382 1852874006 3759709975 3863263528
102 0 0 17186 2 2179281122 2240704142 675488441 304285445 2384822204 600651020 436756269 2918113798 1832498 3208586952 2121140574 1048407243 2331365186
102 0 1 17499 2 3724031942 2508989662 2402345201 636707775 2800594164 2386975129 1192987933 580488464 1157654552 853467870 1374860839 3545205762 3975350752
102 0 2 17812 2 52881351 2773393365 2533687020 2438533758 523369318 3556980035 1644478245 1729399210 2755263619 2344308394 2736085456 3513831022 2218417209
102 0 3 18125 2 1994756751 879765903 708367440 3733745528 2733970449 1579661936 4158562305 1369075423 1781070529 3486689634 2691383923 795187104 67351166
102 0 4 18438 2 4199287539 3300203329 2531270484 3138676538 554117814 2499642806 1327109580 2108557534 865747479 1910152202 1239785465 2219422799 1816546445
102 0 5 18751 2 223055535 3770510679 4272593632 1721592217 2565346223 393483446 609599250 1552317860 1457379162 2734718828 2282394352 3829527404 3111870135
102 0 6 19064 2 2283772181 4241330801 2686294474 3753417917 228026403 4239778891 2031932706 1213344244 2058903235 3463641079 3578127787 1098404515 2884292261
102 0 7 19377 2 3264794078 3565854052 4091070817 238143622 1398246918 3799692996 3984673610 1306507340 127369940 2711464753 1941141688 2244770165 1239908918
102 1 0 24289 2 648347121 2839835445 344915723 2323057763 2774319128 3043445844 4282788857 3281132182 2451878947 1755621217 3414207983 639232362 3033195528
102 1 1 24602 2 2772589286 1586436244 2763601740 932566715 3841263830 1983327998 2176740701 605019116 1528463794 3972026564 3369436776 1859357329 992499892
102 1 2 24915 2 1142945477 4248199959 3395780655 3830240972 4133257847 1498168098 274424318 182118125 2811491654 602359524 2438439960 983250466 3867604006
102 1 3 25228 2 1231534809 723545271 4282153523 3036011956 421392375 1449232965 296967825 1563407729 3921525793 4269014645 919875721 4038862394 2040806553
102 1 4 25541 2 2619591183 1290906319 1522226125 2860336742 1894891140 1603579762 3079246832 699721035 2587858754 1023219879 2363063009 2253380998 3005755274
102 1 5 25854 2 1361702881 2259540069 451077811 3003815998 869051354 231017723 3878054754 4139380704 1380718348 42039495 866779815 1053978754 3008455929
102 1 6 26167 2 3881175225 2588065933 60201411 2128132985 4193150903 1785878902 82743207 3147293902 835408926 2884914148 2621752671 2309208577 3109103593
102 1 7 26480 2 2840994296 1904188026 495936954 1537092181 348721273 1172740154 3514272071 3667584064 990865603 3449975639 844210313 4121868871 12865691
102 2 0 31392 3 1840338141 1752466959 529532828 2613044266 2196183073 879693558 890630890 2751734708 1086527619 1736335520 880846518 1014055078 761191991
102 2 1 31705 3 869798023 3675490031 3084151610 2837843931 1717928552 30056020 1435766196 2816226868 139940649 3412282052 2795400189 237329488 3675274567
102 2 2 32018 3 278518634 1645469936 320175399 1018875833 1738415659 2918116678 3292754949 4089284754 2319429214 1366928641 313648161 2886560127 3315588155
102 2 3 32331 3 2769014843 374569505 1448194130 2139875315 1717654463 2590818549 3107049619 2088426849 4166356179 4275292770 201301075 2317851406 1232083494
102 2 4 32644 3 4152159121 4137368421 16240828 3113923672 1278992286 708422655 2199763876 1107570991 1816340583 2010680062 704805667 1395111819 3322879847
102 2 5 32957 3 2610545793 86569175 1942170472 1400332092 586630461 1324608160 3692948328 248997650 1570358378 262382356 1886368480 2567269604 3526296318
102 2 6 33270 3 2313686436 1912622300 2479971181 1363600379 3909581012 2369797858 759176691 1009216569 2075434063 1536754036 3569682819 1783465697 2214576972
102 2 7 33583 3 1037631682 4069389744 3470686283 3234306538 2347950743 568159383 1932406706 3703910847 3870731732 820920936 2928820627 3478212556 3258688152
102 3 0 38495 2 1756750218 460236076 2392295582 2013361534 3410241205 2019005796 4105821092 3278538192 1826300985 3774830767 793916793 3366410124 3750570496
102 3 1 38808 2 1479668320 51550618 2870329684 2663278587 156952679 3130985235 1607835683 1961051273 2049727022 4044854413 2095431707 1279930074 549673839
102 3 2 39121 2 3327887055 3126500073 1882880775 2477273650 837469542 814834576 432647060 2120726917 510663124 3975198208 2426122615 1527607911 2933014611
102 3 3 39434 2 2287634849 251312649 3518991261 820253510 1497574532 2081787947 1180694229 4031459932 2953845780 4093728041 959640893 3141271619 2862229577
102 3 4 39747 2 2373005613 3326479879 3173140897 679022994 3024204742 2567789673 1964114861 3239993201 34703545 415819791 667089040 214501030 633327778
102 3 5 40060 2 1522908845 3938156591 3227660341 2658171639 3235081159 1508690563 2454590724 2474122164 3878005797 4024129834 4289043759 4158775305 540674029
102 3 6 40373 2 2606346732 704105630 788997240 668968055 666392936 1439333088 3911371225 3884274292 3459299036 2496804813 1667442995 4120570587 3857236249
102 3 7 40686 2 3134060934 45597944 3950674906 108012160 2754403257 545010310 2664764874 3430093735 840092869 3626636597 3936718773 1435268798 3961126333
103 0 0 17997 2 3854335516 148778328 2446361399 3838218509 3830280959 416535586 1718747583 4127340735 881024809 1592411795 981406334 1203601547 2697420627
103 0 1 18310 2 2030810501 3117698417 3713961874 3836740948 1299084850 1863823116 3477410854 4028610798 1822643536 3994874107 3311231071 1077068649 2618830540
103 0 2 18623 2 2518311535 2713457187 3692371562 1111813979 948402756 820436017 339265369 2785403815 2678570529 1323051971 3495076984 269307289 3818436459
103 0 3 18936 2 1628815497 3596067881 1524893927 2101686026 3354448391 3214733214 1030895188 1392809537 3883718388 2238573805 3338528922 4136165604 3896513166
103 0 4 19249 2 1012013200 441492028 2339090079 2550674679 2487006908 2114076829 1717835941 1581653896 169085520 2146460679 1402109626 2901557022 534469672
103 0 5 19562 2 4029648753 2204825695 1356598222 1953758071 4211333872 521242482 3169700501 839970416 2115182089 1113551727 147624251 48964954 3058447491
103 0 6 19875 2 2803078497 1382085903 2849906297 2013567445 2539741258 2925346909 2639659917 1154931521 1777254612 2494467236 1097112739 2324584379 4229560989
103 0 7 20188 2 1918781623 211458635 2407336768 3830308689 1732364554 665133180 2896982012 2991921831 1829765159 3545050640 1000854774 2728598032 678373967
103 1 0 25100 1 1964448890 3765442342 2511929431 3410636058 1553590850 3977047351 1563595332 3639748611 1823482131 722260714 548812092 1524916627 346713048
103 1 1 25413 1 4139411357 1171048101 3774442 1677295835 3356103393 235306113 3240332934 4281121433 1509363928 2468025644 2723738905 3804598184 3024938960
103 1 2 25726 1 3086781982 2088294738 2981988819 453063678 1141455700 666443396 1894473225 413263135 2338242179 761359574 2066253927 1886809223 1967341344
103 1 3 26039 1 1474490547 1199515311 3693197500 1997127068 832993845 3136576515 1203036044 2281441822 1108681446 2386663966 699285829 1384316707 1571995514
103 1 4 26352 1 3348135043 3893461885 3237864755 2258324817 4020814610 457330128 4291302307 2814758487 1880706132 4046509164 2952492808 3947064517 1911681565
103 1 5 26665 1 1785897726 337415380 698275747 3541929326 1371418059 1139490863 3882561007 3820476832 3844998678 3807219553 779628458 2904172165 3649742879
103 1 6 26978 1 1084864415 3282386729 2093882060 183294092 1383454832 7477800 53377709 817173439 2786269262 2039028457 3266650158 1967948888 1050362506
103 1 7 27291 1 966033889 2083813511 1222308305 2586074385 558111397 3785626660 3995133687 4128493037 2660941262 2911794409 1000245984 3405082574 3250038655
103 2 0 32203 3 2901552389 226718577 800803977 1450066774 3798387805 1733233575 1954207732 2590462856 2772043261 3250091874 3451008413 3379026722 1984341057
103 2 1 32516 3 2841494910 3173086222 1994101495 3613741304 3813864976 752590910 1963971117 785640324 1016610902 163526176 207039978 3411447209 1128221389
103 2 2 32829 3 1134171177 1405652083 2685373320 651389580 2532347254 2628776910 1434526773 3730335800 214713979 1251142185 4127939767 776805666 2358125811
103 2 3 33142 3 1807935485 728036745 32404865 274661405 363428113 2654688195 1522884760 129264896 3951875849 260185305 3904410203 3563700805 3891174742
103 2 4 33455 3 1339637870 3084091272 2183506531 2676172974 175651668 4042933159 2506447830 2490346661 1201716902 1148716195 1227582332 2417295233 1828955576
103 2 5 33768 3 3664614028 3545845178 4215265979 2293782169 838120585 2903204318 3456537013 2402996709 3339106171 1241228966 1399193533 1906523492 2972967905
103 2 6 34081 3 3240511421 2950422117 3904315487 3246325115 1698501065 2772867506 3083780314 353474863 3133854272 190442636 2868238971 2365390895 1616426933
103 2 7 34394 3 2807578149 1033883015 2833921855 326968347 4133922748 3056662075 2329823660 1905984071 3664654469 3258978952 1928128974 3396829987 4095160093
103 3 0 39306 0 149893799 1453906141 1958918457 482215701 264909619 2540516669 2966118351 3185059804 1025559807 557333593 2157254038 2491128170 846250083
103 3 1 39619 0 1200585601 148987377 2869333631 161756055 4063318234 3910116713 308830701 3266183658 702037293 2481207726 3842780721 1750900987 2111455811
103 3 2 39932 0 1881886021 1247683413 2609866784 2716750244 86421218 548994716 1439692335 1559838784 1026132936 3134444080 479012149 356483182 2308090707
103 3 3 40245 0 2408784176 2693378568 3913986064 1074414900 2428645443 2654659665 3286958090 923262015 318380389 2408113036 1877163094 3893541837 869998949
103 3 4 40558 0 3549231626 1860620694 1725227387 4195468375 910861104 631823534 187693662 2649713908 1803739987 2366159520 4060349889 1340375515 3987708849
103 3 5 40871 0 2461292635 1767336613 3532121812 1058684586 3199341030 1213921334 3357005503 4141684486 255997305 1716027224 3982083926 3599087098 56983488
103 3 6 41184 0 3903705413 1574013815 3666024593 3352558929 3107509207 2621929640 653742513 1490981502 2381999336 570306458 3400352254 3113343083 798450395
103 3 7 41497 0 3980701318 1250895466 1313372845 2018817991 2393983710 4146240073 3922028711 135348091 3168807107 3032951442 4158419269 1160247380 4115028989
104 0 0 18808 2 3013032798 1392216724 2919528989 3374250246 4223274287 727105924 2619571646 134775577 174066306 3255533696 2606069998 4147769263 634014688
104 0 1 19121 2 3271786783 3573935741 1222912088 2213092410 3271784401 1674759318 795870811 4000575592 2998783569 695393984 2787143481 2209568567 2710813035
104 0 2 19434 2 3091878918 431906342 3606982549 2455996488 808994649 37314181 491191170 2133773136 2603077501 1886827304 1926845631 1809577914 1723886192
104 0 3 19747 2 3798151598 866820706 3170629393 383721247 3993905183 1889102202 1397126468 894066954 1004695525 3859219500 1588593863 2208901603 3057766175
104 0 4 20060 2 2436950474 3185176384 1858091773 399223707 908163612 1982875086 1434016812 2291158216 679477221 1044416045 845009120 506474268 926260354
104 0 5 20373 2 976169326 3114473156 1272316445 4044507089 3653493740 587689713 311670222 473668893 2836924472 2011464579 213937676 2105474840 2748046370
104 0 6 20686 2 3687393198 1710836626 3929305933 744616519 28121045 1458858090 3849001220 1006389295 2320868675 4066758394 3236128646 974910899 2053625111
104 0 7 20999 2 1372397194 2235488894 284256729 2074811244 3620984671 1418385467 757367518 143055772 4096896435 120556634 3817558246 501075196 2319394245
104 1 0 25911 2 524393617 4136091009 2929540199 2973752634 2711637947 245980862 3247356833 3418457326 107999420 3645018100 2255179954 2273267155 3603837804
104 1 1 26224 2 864133081 2878897477 2452975611 146594778 492586562 2074368347 3304417328 4046630216 880858049 1661800491 1353780085 2202086339 2565078244
104 1 2 26537 2 2522175619 2270600069 2053005997 1801890298 222479705 4278985191 3069257825 3763648707 2837588745 1530420864 1164851007 2466675898 2446970266
104 1 3 26850 2 93334075 988445253 996438221 2664495141 1766619198 2027863554 1196532652 2630943990 1620206458 3297545605 1080123909 506553237 1812553724
104 1 4 27163 2 3599810360 623512492 3444400278 1690355490 2447372997 2766760088 867600879 3435260634 1659745411 3391153746 1487907759 4222491255 572368704
104 1 5 27476 2 842048238 867805826 3481877180 2082317451 1917198271 3591590162 721261728 2892248815 1524928896 2677088762 55894611 3942272946 3817873313
104 1 6 27789 2 1435417897 1865386947 1244024951 1997967988 1680421165 730034625 1752258001 2094467855 1226557449 3279211313 2456215379 2110443874 1491537438
104 1 7 28102 2 1988341670 2133955112 4075475548 4291888376 1253526569 1930018090 1676965225 1691226486 408419316 1926361995 3934599116 2023766049 3126515756
104 2 0 33014 2 3273774333 1465698219 2528133476 3019150417 358294609 1211869657 105160030 1245162729 826665970 3383677569 4182649890 1671566690 3028153169
104 2 1 33327 2 328981501 3490797561 1628507452 186517187 4016276428 3249369490 1159052337 3809462649 3753077727 2364792364 1866786529 3658951177 242524657
104 2 2 33640 2 1187948888 1731193760 2844555057 3399404092 4211270481 637864297 1091062317 158648069 2817745934 2087695183 977525810 2464035378 3706955727
104 2 3 33953 2 2796547598 284406498 1886381343 1432595685 2264369406 1051044991 457879200 404805099 1459203541 1757499643 1284401582 2283654017 398547016
104 2 4 34266 2 133722540 807036306 4136262877 4277403191 1773859388 1205152671 373172145 3042570120 2914838322 2144535014 2178843877 823128710 3839847728
104 2 5 34579 2 3139620128 2002663494 3204761333 1601869270 4070768353 290249545 1626836289 4109420008 3320588072 3083676724 3637416486 1888423909 1228697821
104 2 6 34892 2 3557548614 2534728212 3269200879 1536481530 1171636399 74521752 2409986419 2765200963 668517078 1848797476 1143576079 1193170142 1189721931
104 2 7 35205 2 2534797411 1799026443 4072189174 3694805575 1032785008 4114333147 3287453734 552777333 341245830 1549491677 2313167040 1182970222 3043394843
104 3 0 40117 0 3962909703 2465468763 4034904439 1288151636 3287727726 4173645943 3050254463 2090204997 1933096141 3158988961 3879982682 4045784189 3917067844
104 3 1 40430 0 677432732 4141632382 1623369824 1303467007 497905701 1831271558 2040404491 1015464521 425647587 2194267211 3864730408 1414938216 3495301894
104 3 2 40743 0 1088942595 1920950625 118700627 3091330229 1589648018 2854341026 166940836 4254953025 692399658 3414447116 1467307656 2006973193 2567717739
104 3 3 41056 0 1586801276 521544060 1462850084 1577457917 3259818422 1757578723 4294152921 2706022159 1958557663 3645165260 3157494405 727860425 740997030
104 3 4 41369 0 2518519270 3766319026 967377582 2614103492 3056144652 3952623523 1730501697 4270312361 3540000073 676776077 1552661509 2618704950 2075636559
104 3 5 41682 0 3080380159 515314597 249546283 729725280 2917808258 886943953 1449760165 3444013467 3217407613 718882320 254844082 4244329125 1542946968
104 3 6 41995 0 2669321792 2906879606 3008500896 16403415 164527881 2683546419 1722626814 1663618635 1972112760 1486152131 3381401341 1532456309 2004288359
104 3 7 42308 0 1045002759 564154281 3506538827 2272201680 1354109507 4232617587 2068538749 2246863798 2649783486 4156152832 3066206772 2230759157 2904591381
105 0 0 19619 0 3348879276 2016156176 3452869075 3668856867 2788215191 1819115916 3048451754 3766610524 690256564 4223212854 2595298465 880094867 1323707952
105 0 1 19932 0 548160669 3342092337 3706981374 1877362454 892432093 3984267433 4032272525 219839301 834545472 4149016864 1376255576 3977238602 4038516289
105 0 2 20245 0 4130048611 3725349147 3219455240 3048256348 3958811682 2695528341 1782295212 1249044058 4240810616 543930364 3868931562 4041819856 4218586259
105 0 3 20558 0 4132813784 2345204764 1129119203 2234123487 3521236027 1885023824 2999053203 3239786238 3222627195 213744707 425139491 1477643401 2127017490
105 0 4 20871 0 2010396452 4024263092 3807192279 3878605383 3137583649 1787706583 3700318532 202787344 665641526 1201460098 3611979523 3970812705 2184333810
105 0 5 21184 0 3353128911 3514718241 2222883080 3901974502 2496956120 2076365224 3123220933 107645868 4083591272 3044317568 10623963 1388557045 2896515242
105 0 6 21497 0 4292723876 1393817432 654766863 2691713691 3206282291 884158591 442177028 3940649966 907707403 804063318 3190624707 2332786025 824521986
105 0 7 21810 0 1389409614 2723379236 3275228341 2160244759 190016761 833542172 4163773176 225213942 1621768096 2165630949 647396790 2065085936 3232030903
105 1 0 26722 0 2703918996 275894726 3486838838 2321316712 3339072544 1793590132 2241910688 323202307 1706253772 800265781 2730200443 72344629 1479116410
105 1 1 27035 0 1089094245 92363129 3942086227 340061331 3157379251 2306816549 285015012 1116778183 4062888009 4291812796 4003922293 202026031 252951388
105 1 2 27348 0 841016101 3429163915 3777096975 491783081 2633974683 1788402516 1586961536 1373023481 1206033457 2935770443 2568567676 88414922 2335690829
105 1 3 27661 0 651724967 74166135 90161101 1040513573 4048931205 94409929 3871972137 335638215 1109610014 2615557874 2827615165 3216111287 3666713236
105 1 4 27974 0 3546108586 1491480004 2921886356 932292178 973397186 2209129791 3187588767 2366532428 2612709277 2405713171 4128459451 2831322341 3876702570
105 1 5 28287 0 1177591234 2245582830 2878570252 2607299328 877348874 23965608 3105373410 3657527198 905066095 4220016165 587141908 2135742470 4052704661
105 1 6 28600 0 484064150 1033165418 1408021620 2898998684 2517390258 1790085574 3911220272 2422135851 1794872260 1379107371 2236313318 965615676 4152175975
105 1 7 28913 0 1565478561 3660676475 74381211 3947872121 464800291 1860826293 678454316 2383124761 2601965492 4229471247 2081844980 3761427658 1120793061
105 2 0 33825 0 1529734509 3398886471 3401591756 1077974118 1046181225 937517815 2179464975 2269073050 186324776 3544216370 2761389989 1259161491 4166916316
105 2 1 34138 0 2064567777 3828466543 3069507464 3085373406 1830156902 2776604946 643031518 3898115077 119394065 2938478842 2214565373 1328640627 3013681572
105 2 2 34451 0 2973070850 4240055914 1727488311 411678575 2672786371 2080695728 3952509036 3438043849 4093122701 438821831 4010103645 2671879959 3003592116
105 2 3 34764 0 3672399580 1170469458 1881244401 3633844295 1718288125 1228728112 2829887819 3784685540 4209021330 2408285169 4071973676 751403290 687867069
105 2 4 35077 0 322816571 619156645 820825262 3458052332 1816824560 3889521113 2991909763 2951831057 3398848817 2969023078 2271557637 2942207059 1701859388
105 2 5 35390 0 876117448 3595028676 3508623225 1808290209 2911372561 1010211019 2766306856 511159936 1346991093 1789540518 2798384521 2894580203 1173042504
105 2 6 35703 0 2875202665 3492912685 2223911428 3372576164 638364014 399238394 294654080 2038551239 2868087078 3757466345 2764225888 886780194 3280217417
105 2 7 36016 0 601225490 939539584 3288593027 1698017053 2407313816 327603158 2634555236 2291640187 3484478292 666553877 3229219360 2523896574 3522485737
105 3 0 40928 0 44382567 3147121413 2327853395 3881497161 1148863735 2920237429 4182480525 2819352716 3019174053 2725426026 2089961438 787148120 3128111247
105 3 1 41241 0 103546510 2889209508 1499298106 871058468 363417960 1469907633 2077504435 3384301368 1053193411 1111615356 567435917 1105706643 236842868
105 3 2 41554 0 4120984802 1740067974 2112654374 4260903206 692771160 2092614478 3997238314 2291088018 431059155 202565814 1172698954 312620360 2257981923
105 3 3 41867 0 3673649738 3217447526 4219643278 2150385798 3248872782 3598213058 51544778 1046060447 3806903198 392053047 898527938 3417231504 3149931531
105 3 4 42180 0 3150399296 2962924332 2190939764 1252283164 957085358 1321597697 3165473013 2721182505 3608567574 2758731495 2252992740 2027028814 279913141
105 3 5 42493 0 3763391253 1153771815 2920146881 1394136683 1583913723 1096969096 3740608849 1236797929 2352216896 754373756 3811064988 1563582210 2920111325
105 3 6 42806 0 507050040 216808896 3504828448 3628642064 2101779142 1120564998 3333555325 610834732 460257414 3960086264 4175607722 3555780968 1574251523
105 3 7 43119 0 233240153 3987881765 3148203477 3220092617 3080677863 1330502453 3430213244 675177939 2814890779 463103709 2550129111 1315461445 1045303182
106 0 0 20430 1 1810898473 2560877444 669312764 789732071 3710819724 352491479 3241434073 4015012244 1703458194 2300501811 1024999196 1567815894 1883686140
106 0 1 20743 1 1609780034 1934915433 1957601671 2004603998 3219027809 2607421736 2218319595 2026546226 3172875348 2270419620 1950022117 3656479314 447605512
106 0 2 21056 1 1125448420 3021482679 310871945 108323128 3180870589 4074690445 919793349 2781985620 1316396639 1331826591 3615952185 1192781796 1470618850
106 0 3 21369 1 4121617578 4225773735 281012411 2178655048 1482738133 1708862805 2550205112 2458007715 3552468480 3345918122 2015863223 1591014248 1073516627
106 0 4 21682 1 2373275744 2346203459 2751791333 587769540 2529502819 4091203059 469925316 1812917029 1237654958 1257022818 331110344 1657633253 3967679804
106 0 5 21995 1 3727327764 966468697 1129188077 22522670 465894973 3959367986 3087530804 791171866 3513592091 1990544987 1420767132 2014825853 1712109583
106 0 6 22308 1 1378092367 2742858026 4240579798 1392110377 3360378776 3583857196 2584159018 1039144078 186003208 3753663006 1032779722 335739585 2017568196
106 0 7 22621 1 2779367074 2360382717 1291838527 988940402 2076330828 2007071012 3278541642 3422224302 1316886217 2193598734 4173441172 467219186 1894180740
106 1 0 27533 1 3553868275 4005316670 625736147 1909029728 3529970193 4007400144 415344732 614610602 2822334704 4200730922 3059306543 4284267956 3098276289
106 1 1 27846 1 2360597363 4072290250 3374694587 3910577148 2017297121 1112941478 2447220304 1978812527 1814461210 3688323057 1414226107 3120392442 3807964019
106 1 2 28159 1 628205486 1106846881 1989505274 3451213851 1170573923 470219451 3100610507 975092631 3156963474 3069375983 2992978789 2179368042 3102602849
106 1 3 28472 1 925681463 708780710 2183244691 1587742008 2072895413 4183248122 2888955667 2467306754 3588121023 28602270 1151691037 1084186006 2822408593
106 1 4 28785 1 1535987141 3665449494 1966532217 4112050312 4122840987 2692709199 301845940 2121936497 1138391419 3862472839 3124920150 1121802413 3570750304
106 1 5 29098 1 246610496 3589107101 1856851800 2277506663 2070279354 79966030 325390024 1715850632 558036203 3047511162 2333165545 2133917403 1305354228
106 1 6 29411 1 4059293498 1278811089 1553668690 988892939 3766823215 497113623 3390813229 139721276 3566921387 1936922656 801587210 3230040986 902774269
106 1 7 29724 1 528071430 3709323563 1868996398 2173455529 2144639194 485244905 3019077631 2082766488 4148032559 3712709498 4223299092 678955511 175502352
106 2 0 34636 1 4185923511 1642060940 4060965260 2807790473 1280411390 586522910 1853726782 2878081680 1468573981 3835556324 3596861645 748589788 4123732933
106 2 1 34949 1 418940781 1172153028 453249158 3445426417 2179104318 1894264233 1018689557 178363798 719462659 2065491821 936637165 2371029052 4198903932
106 2 2 35262 1 2282878802 3701214997 3125315585 3931038444 3761469506 1875481666 166801232 3931902760 1624730634 4233436285 3833818480 3223227882 3551761464
106 2 3 35575 1 1567178721 895925776 451878678 738812333 311495499 3067475695 3151430024 843792773 4013290665 2738487429 1690744756 1584869699 1263677908
106 2 4 35888 1 267061552 1279368877 3489598263 1706901780 1137159906 2457938601 3314428462 759060972 1413663262 4263439847 3320932046 3139807217 3042725751
106 2 5 36201 1 1237563079 1961348156 404471432 2823759417 1592491333 1087046101 1587031721 1410848654 803769993 3755574909 1448750929 1104469297 3787342645
106 2 6 36514 1 80553434 3833756611 1507872481 2413901682 4113742931 2043378407 2779576285 3222247819 752039661 2460552696 2620381393 3851236916 968265245
106 2 7 36827 1 446916626 613542677 2226463845 3290698924 941813713 2879065471 1630312056 251571475 3433420824 45809891 489612744 3637525341 3210759416
106 3 0 41739 1 1446360669 4157426004 3976150403 926960212 884295850 4050301768 1653067922 4096429963 3291106242 1358334840 283447569 1780330826 3339190353
106 3 1 42052 1 3555073746 1853975381 32556292 1014817657 1261581280 2983223939 2025594049 2276849810 2721277691 1902527868 202041155 1664397200 3369820163
106 3 2 42365 1 977091661 2095712480 190030451 2946727584 2745778294 3971033880 3403276431 4258832202 784900052 2508742202 3809968957 2433999034 3875751641
106 3 3 42678 1 1461450971 661967570 3996488325 3537277026 1091039215 2802416891 3251216066 2542841874 3836298983 3135993194 1098491378 2081730434 999778999
106 3 4 42991 1 829793892 18558917 3087322370 2729317257 3843151137 3311144885 148187822 1146416680 3998541210 1511669873 1162767854 1895521871 2025882770
106 3 5 43304 1 2917028969 2420140006 2745029883 568948982 2214057172 1927171658 3443335471 3783706818 3037020294 2486955873 2055385042 2483589239 1824327792
106 3 6 43617 1 578697708 338496429 1020198966 3893037409 3653560164 522596384 2100792959 2546934960 3665899403 3838151944 4168339487 1682226380 3042151776
106 3 7 43930 1 308334896 2719416679 1671975054 3836807419 2259875831 3006478442 2886892469 4243469012 1362873776 3633442649 197534060 3526830324 3046516029
107 0 0 21241 2 3503296417 4136257172 3330525184 1612591807 3800607451 1939173109 315478430 1643749126 3839809056 4192105455 3808963672 3001537622 1479243188
107 0 1 21554 2 562887066 1711105387 336584991 3412665604 974614569 587179300 748051504 3393685015 3618394040 1475340985 1174047897 2425120377 367584629
107 0 2 21867 2 906627170 532887051 3525302031 1903329956 2870486215 3154290542 1099630444 3288270304 3813313873 2393219890 1557486040 1368328262 2409494671
107 0 3 22180 2 2213970467 657235472 3143099774 3379330571 438167821 1536616691 1486665680 1650548052 2739696732 1738089312 14770908 1701928352 2943731833
107 0 4 22493 2 552962370 3548802521 307860515 2197594006 838154137 1286393065 4185397964 1524155450 1616741607 3178891320 3683720136 3087911188 4124539278
107 0 5 22806 2 2295977516 2330451255 3641833381 2842884704 949495387 567159978 1524341640 2822789096 2678956627 4202302976 1431069100 1167977223 1415287962
107 0 6 23119 2 2567299752 168030585 1099857405 3975244790 3656480201 3223686894 2742903618 499216755 3779842358 1758765489 3385387554 3059997259 528490605
107 0 7 23432 2 2325400514 1447845869 1816576423 1343964874 2170595505 3911001614 1997830880 2312639155 337415724 571755617 2849468084 3988293853 3213115671
107 1 0 28344 1 3416358366 944818515 1073624798 177118489 372427406 2595165840 3726184889 2628049770 3851116613 3701756397 77018009 3387224222 2129155091
107 1 1 28657 1 2801094166 3862300711 1957001034 1915635965 4175266976 312528544 330687037 3023099552 1332288899 899554804 1777042949 582999260 3145814050
107 1 2 28970 1 3168828606 1052358503 693779782 1924873277 1661179164 282859380 1936403383 742586186 3475027942 2685631197 2284082220 1153348433 1449649029
107 1 3 29283 1 2544353246 2455708707 3500664002 2338503305 3320414234 2393444611 2021044366 3651250855 2225109744 2141772965 1453802533 3350909524 576630825
107 1 4 29596 1 1169533629 4276663134 2062015453 823928664 3055579197 1326040545 4139026980 1327477900 2513625967 1959862204 1428179244 4287142590 1797658125
107 1 5 29909 1 114025935 2998294916 1479487315 2039691338 543666025 2666617588 2246837653 4160067348 334367205 1929897552 2015965291 582963573 3980854094
107 1 6 30222 1 2009788444 1699851285 1373441608 3952540647 2707483112 3994210121 187543237 3292742146 2469968247 3490875562 4168148595 738982682 3817310194
107 1 7 30535 1 4109375097 1257861278 612278281 4185751192 3679904889 1069305739 3030015026 2167883025 2996112529 3909281568 949782597 841555606 3631603313
107 2 0 35447 3 2256425268 3522015303 2695656355 766011230 2839983912 1761305168 2991101284 2577867090 3213164658 2544624052 4026075901 1292382498 2908467753
107 2 1 35760 3 1661910381 1222219842 1183064278 2772288543 126466372 2909048089 514571753 1505540378 648637452 3781473170 1558034490 2987988653 3431031786
107 2 2 36073 3 4015050135 4070247304 1677255704 463430669 3946580920 1525846174 1380715579 3945674447 2285690674 887238415 2274993482 3806276103 3812819066
107 2 3 36386 3 4273276109 419340280 1563702698 3403141725 528024558 3889415383 1948159049 3853750041 2740694451 3633454688 2640600936 1304731274 60144874
107 2 4 36699 3 325915165 109298704 1994530794 674810405 211256718 4072949725 1512756773 2200006074 3555269815 3768376646 2740519097 2550733106 3135486663
107 2 5 37012 3 1653684258 3832176441 3215409801 2381604392 828505587 4145722528 521926231 727735351 1714207965 1053361859 1436154294 3684367441 3426307654
107 2 6 37325 3 414782986 2552720901 227974093 3642627636 1082240735 1320667870 3766525804 2996666284 2835144575 1098136601 2902318843 3269167808 2358577775
107 2 7 37638 3 3477210865 1177818186 3164674358 1875026935 2218340542 1404071509 3774773515 2950108968 3714471983 680245436 3125358013 2822179278 4129967247
107 3 0 42550 0 1170455727 1798689248 1491974129 453865256 2802539441 1168713938 3115911660 4226657540 987963331 1001782136 1415968589 3240953920 469897455
107 3 1 42863 0 1732275982 3647097323 1813332288 6512583 2890105350 1519587882 3286159218 3932361644 562132723 47629344 4239733469 2914957653 112537994
107 3 2 43176 0 876185262 1624669965 325332368 3155484681 3225654904 2015329979 3045556745 1187382820 1802402549 1858294514 2576528162 3261360186 1190008642
107 3 3 43489 0 1205425103 2681023042 1203445581 2465889754 374351755 3094197629 1990656567 942092859 2414101239 1567489883 3872259465 3377585638 2584987265
107 3 4 43802 0 3651318239 3781826614 4111870993 3689299822 3987756841 3531839938 2869863038 1554418455 3158851330 776993410 370939848 1488188186 2917839582
107 3 5 44115 0 435444499 534639130 270356793 4106552674 2772600485 3285713854 3323461 85718394 3546567250 2870568614 3947180274 1725715350 1771249077
107 3 6 44428 0 3782728910 817415745 154893656 1474290541 935913846 1693782432 1578432084 3449975148 687938116 2265716147 664563534 2710150527 2212981271
107 3 7 44741 0 2830172448 1166882459 2304530014 1945861399 1178916223 448404691 4178519178 3856689618 3915560668 3865574296 3048213287 4200406562 3040356951
108 0 0 22052 3 3587799345 2693470803 958746801 211900286 2176111086 1491523514 1995488777 3151817844 2703015017 2534002656 2543273545 4261126988 3701985877
108 0 1 22365 3 3560192971 3885622913 3646405405 1725762009 1738853740 1827417268 330761209 2851345866 505541158 1924047760 1605081200 2850930715 107656826
108 0 2 22678 3 3431900965 533740217 3745897229 3807040425 715147710 3427390257 200122909 3789999398 326425826 18141078 1263801533 1285243396 152586738
108 0 3 22991 3 1879433405 3584879043 1073117987 3428197215 795111406 1792988092 3811559601 263996836 2405251733 3685408477 3928327057 3047399159 3648410523
108 0 4 23304 3 4095773066 1539159928 1940587648 777693328 3735296635 413736685 4288434322 957116741 2987316128 110936045 3661782496 44289751 1821080921
108 0 5 23617 3 1951348151 614677417 434087477 1951829233 1107922804 3106956546 936685479 1552525026 3030956894 2055181098 2318346920 3262677112 1289806074
108 0 6 23930 3 4073337364 361654218 3926410306 1005332209 3635741917 1932291779 1365463614 1836114961 2700914994 1048606923 2143059240 332268399 2615288510
108 0 7 24243 3 1044910532 1739583670 952081636 1665987309 2774967547 2864940663 1245560828 1832915577 2412629442 4190312960 2074082126 3871309154 640954874
108 1 0 29155 3 1249164395 281398787 1127551190 2362138848 460711757 4286651546 1216793572 360579593 190446780 3062486847 2851039366 849239693 289639198
108 1 1 29468 3 12785401 2009740529 51852328 1068195320 1696941335 3698806490 2674946184 4091444445 643665237 4090249126 1940364385 1530869456 228086594
108 1 2 29781 3 3408926818 3083240346 970439307 1148525639 4178042070 281078687 2362838707 1024428540 3606286567 1594785887 2411473697 4234038777 72174601
108 1 3 30094 3 4102605118 3896833820 1865782897 969370221 1396797154 1879574325 4291302975 2303518940 3513029487 3700353922 1463669009 2204246830 649242865
108 1 4 30407 3 36593659 2849276813 380814318 2261463925 571859393 1851989462 3746429872 4094827483 2621271508 2368322370 2562265532 1170265802 1334531467
108 1 5 30720 3 308483738 1621466792 3126923653 1601592417 3134464900 4250788539 3172743547 1292553778 979918883 4286735434 952784495 165879125 490360631
108 1 6 31033 3 1242254382 1922714444 3732413717 2788996623 3343915036 884949945 3667633093 93291336 1079793147 1479258080 2345927897 4159548071 1756580263
108 1 7 31346 3 2933850547 3381663769 2116733496 209909544 511023159 809897649 2328708998 327604339 3522713006 4206963015 1840169294 2220289185 4208747463
108 2 0 36258 3 290410061 2627585143 3108211989 855353617 3638417828 3317832985 3622880989 564688358 3613457107 761741326 3955468389 1479246585 420599834
108 2 1 36571 3 301858518 2748030376 1895877010 3374676682 2368480537 1785684030 1679775900 1295632363 3699087912 2035942807 1090655860 1701205871 658647383
108 2 2 36884 3 2281088241 1571324339 4216785289 1897847493 898357338 2228962807 547814211 2393402988 1329671681 507736552 960458053 3069972029 2852157907
108 2 3 37197 3 3420937362 3645728734 255483722 2497374265 2483340257 1259399992 3052584014 3431496497 3331147013 3401830335 1331244727 1692912599 3797367764
108 2 4 37510 3 4146000484 1820030220 2730113946 3376148521 3536864181 331611014 2691306616 675312463 1025306494 914026339 970493366 323242360 1401485068
108 2 5 37823 3 1389569675 1081458287 4124994461 4121454594 1723737942 3478734319 1470103933 3549691952 3891660825 540438608 2615493528 1472997776 3555910772
108 2 6 38136 3 1841181995 34082205 2248629649 3220691537 4109415576 3820671913 498905235 3119080406 110791195 2951870134 3803963042 2084182516 1494711575
108 2 7 38449 3 2188554023 714578087 505609061 30118401 1142251830 2537309617 1364825975 1524857290 1939523619 1264404533 2190041737 2009958646 1949956375
108 3 0 43361 3 3010654849 3029356901 562624910 3531628326 2905530979 134947474 3842139990 1678421683 891135034 1724887683 3573253758 1880825307 1300709135
108 3 1 43674 3 3575297020 273620128 273355363 1251556564 631254554 1880059217 2014323207 43453590 236434111 1202667299 3874801576 2010942679 3786334847
108 3 2 43987 3 4286099416 3607093138 2796210987 2412740828 1537187914 3398175599 1387908347 3070350958 3448549779 3657773010 1345857757 935454931 2152947679
108 3 3 44300 3 2892476423 2458160665 689760914 2305935444 2315061635 2410274540 3824220966 3302371701 1254896022 95978593 2554213709 909995443 1397341839
108 3 4 44613 3 1862226959 2407806921 2852582480 3043345347 1785842187 1967753608 2136203904 2943464003 3670795968 883854875 4101493322 3479987101 1704233124
108 3 5 44926 3 3806854892 3623033138 3032514721 3501745859 11092792 2117142399 2298039203 294547988 1745216359 3685007746 689160891 2472023553 1385861997
108 3 6 45239 3 595379196 3852484756 750739699 1232556175 2123648336 1753226975 1498914051 1267431592 1995163591 4199299719 2334535416 1336622914 2088519730
108 3 7 45552 3 2732095885 2401277591 21576032 1366004528 3903179269 109398852 1653341028 1148454945 3080967628 3582622837 986577877 3170762211 1924031557
109 0 0 22863 1 254053064 3090196080 3923072829 2726793273 2886313369 1427403367 1087656855 113905735 2250669694 3313129990 1653741040 2105813034 2729968505
109 0 1 23176 1 280302088 1590199592 2219497078 287069326 2246468235 1209639760 1476684404 2211966021 425045892 3185235737 2235993564 1485389135 1707019605
109 0 2 23489 1 202575086 1723447590 2131400402 2775259530 606332913 3979873352 367977325 1566584373 3805172659 3209048926 1194033041 3197793099 2313559608
109 0 3 23802 1 1374616057 3461424971 3626200043 2382484839 2341036469 1101718262 828326084 2422614453 1911455059 446772728 646752993 895973960 148240030
109 0 4 24115 1 1655052672 2871086484 2416909856 902997360 1333189280 1409275219 2442171259 738244674 151301289 3658275313 2483346341 47236249 3732556971
109 0 5 24428 1 2932300672 829801740 976991692 2396248972 4126323126 1413075575 220411992 3630033641 1346444937 2428806357 3797028293 1743871367 1545503132
109 0 6 24741 1 2911422887 558055211 2740545147 2296635735 4181147262 3758807951 2754984915 131490785 3132597390 2882269571 2697385577 3914522501 1594465388
109 0 7 25054 1 1044049427 2513492895 330785644 2684123372 2470908493 169661403 3703161889 3940522720 564814484 1299447844 2616959728 638634643 297226398
109 1 0 29966 1 4193728073 3374630549 983639572 1192491892 4199598133 3983328483 431038991 2419411628 1085935737 1408973541 1554443548 3280836457 3618142884
109 1 1 30279 1 2192970814 3232567056 3319680173 1346616841 370510655 3995384100 2184571218 1197070926 3231616046 3689705631 2613342288 2339529318 1142279213
109 1 2 30592 1 3838678776 1641130574 1978040266 815920354 927910895 3801911267 1312083870 1154827307 1349267950 2882389683 3533565162 1576954864 3803312712
109 1 3 30905 1 232006931 2632492339 562547038 298703638 4285301387 437043000 1948002237 3920872326 1321272414 1391024765 872440692 593263536 3135398731
109 1 4 31218 1 294265400 2308173820 2268655433 476897541 2987745647 3758954607 2964224618 2691299189 3457445264 4111680368 4213310072 3484645883 2373558740
109 1 5 31531 1 309173243 2695992571 1706782710 1207406094 1744105284 1326761547 2812496949 2236441712 2993133945 1631914180 2572086982 224344383 1397642902
109 1 6 31844 1 1849533648 3654370312 363341133 3139078761 4154835555 3214076787 1495335545 3990184816 3567147417 3721194507 2384488346 2683244670 862370466
109 1 7 32157 1 1389927506 516258640 742324004 2461551076 3956181362 3960897975 1827139151 287486976 2157936537 2133334128 2976020193 587953197 3429200623
109 2 0 37069 1 3592934210 1419667740 898958174 2811806998 2323324564 4158976769 3163070103 730342682 1252643455 4067456251 254353560 1382138042 2158106164
109 2 1 37382 1 3628915212 1712295524 1347138396 2052494588 1106474527 1389612835 3147023116 2740336974 1981474010 3614217616 1520094696 4038463188 3019931673
109 2 2 37695 1 1037316912 1337075560 7103746 3318566874 2986020652 4235814239 3398013312 1428603926 3355838039 1337278935 1142164421 2854745820 3173826713
109 2 3 38008 1 2375368303 1083745337 1382286866 3994823498 3069215937 158090360 455157135 3943262780 1389694305 1337669044 4031644302 2807436823 3986453714
109 2 4 38321 1 1629041259 3120433163 1385860513 4271386621 2805210117 1570412769 92020974 3874848056 1148199545 734311026 2110700095 3584674366 2554532264
109 2 5 38634 1 1485236367 1499225043 3619581825 6728221 1258159285 4018734658 3907695511 1760798429 4041484793 4156503010 327997066 257284379 2323564522
109 2 6 38947 1 789160210 3765014284 3026778270 1349845206 3302831559 3573397199 1614660596 2606998114 3603072649 2215881697 2287947339 2055224176 3421397702
109 2 7 39260 1 2641751764 2516552764 2279755466 2856618978 1382229898 3866878070 837029400 1601796158 4110098917 1026573844 3509714799 1743931267 3271972041
109 3 0 44172 1 2146198718 815816180 1345065855 1523298267 3626041981 2573972657 4205164205 829328358 3252313374 4141942897 3594748015 862229610 3975727242
109 3 1 44485 1 1796039687 1873706783 3350197152 2421488368 1797657794 4046027244 2677372852 3996020321 2275329876 1305517032 2696764437 1629242256 3725261407
109 3 2 44798 1 2585393239 106558197 1897511651 3675366303 694095390 195395526 1997204900 52176807 155080129 1363960554 1598533047 3819469697 1977809945
109 3 3 45111 1 308624721 2278774043 3480774761 1633262693 3991767961 2726047363 47667074 1021207949 1692576157 2317590898 3191115650 1261564852 3014637642
109 3 4 45424 1 4048045792 1443656410 3090429321 3627787973 3423285462 307748307 1943461797 25070217 156152263 899760972 3419895649 1729196619 3887960447
109 3 5 45737 1 3847127726 3261646860 820223468 4286260076 3133165558 2293030073 1238615054 537074557 24955813 1258732668 1903372690 27029355 2663729604
109 3 6 46050 1 2393074625 2229594021 3913830622 844817046 3508624391 3590151905 472432209 1622839599 422960067 147228414 4213003413 1655140592 4130492682
109 3 7 46363 1 846373723 2046322135 3003065048 401310728 3677266193 245161226 3833396672 2486352524 2008489808 1855452106 1588561385 1217170391 1027818170
110 0 0 23674 0 4018522024 3442301464 2550512659 2297461971 1073608151 2052168176 1010169522 2857257835 1882829299 1190866791 3231736343 803222307 830346060
110 0 1 23987 0 3749278312 1841858120 1804777179 838461897 2988964071 2935534898 2764140637 3816651164 1854103333 3313866500 636571363 3243804419 1780795052
110 0 2 24300 0 3261658421 4117406333 3509761322 3603308256 4261773556 1961954893 3303437774 1507599510 1125626043 562347949 3384830530 3881566847 217671609
110 0 3 24613 0 4203173514 3190340016 1142931513 2714868662 4256955145 1995059101 140639801 994697251 2725715880 1794601735 2047753225 1224637786 1010741019
110 0 4 24926 0 1862661940 353292424 3370430163 1802004763 3131548597 3377170391 2168736918 1852942607 1808301931 2687971047 1243122405 4136966308 3039035646
110 0 5 25239 0 3161106770 3165111706 2418719077 2716024639 3724014341 398393829 746143341 2154968535 1426548424 401827870 2316036123 521376827 2765261732
110 0 6 25552 0 3230852662 822171976 2588231301 3744622140 3187002367 3458978828 554834197 979874074 2171589478 3528347337 330664223 1363123042 421234183
110 0 7 25865 0 1627723679 373368381 3174626636 704767805 2952794884 2516248388 863735172 4013669947 902871953 1225904802 3787796885 2361933940 1920246564
110 1 0 30777 0 2310475989 2901131249 1965583931 990207062 3512121883 2426325074 2621566371 2190596283 2317685056 27820267 3371681106 1261484435 1998553976
110 1 1 31090 0 250766267 4049470237 2095066537 1718042888 3125411917 2440668062 2776010446 2693766253 2040934974 1388540478 425325021 192534918 3684455335
110 1 2 31403 0 1408305539 3748483951 2298927849 471523291 1745625393 3643062499 1798581488 1013225303 483876980 2269898940 1017464969 1756049673 3457069898
110 1 3 31716 0 3706014240 80999396 3126634662 3644935313 1432530486 3346537154 3446651311 3229827997 3873399444 4252868920 720448763 2598033212 2235280691
110 1 4 32029 0 2006981205 4102684417 1106056267 3969462631 3401294037 264846582 1605216773 1594143486 1872572902 298383348 3989699977 4043214745 1546985078
110 1 5 32342 0 505660797 701700671 99476835 627628801 4154274873 2378143118 3879190771 1866147055 3198132671 580278672 911443388 1630605963 4244488209
110 1 6 32655 0 2038541272 1195906420 355994978 539428680 1351634004 2858712872 3324874424 2083408758 3975726255 1650855960 1528083088 1702640764 76293835
110 1 7 32968 0 2920072159 1913590039 2050055029 2081800335 2782476709 777152540 1867719552 2116558072 3398015181 3422315952 1099987819 3625059544 2024094542
110 2 0 37880 0 3599727840 1746619384 1815434245 2458334031 1904524355 4121062587 2591831881 704075272 1893450498 2894371049 3016221962 1251145587 2293958988
110 2 1 38193 0 2719036466 584120602 3428957315 1870105230 197236355 1942729159 2101813447 2592464284 1812962737 2617472518 769315729 3890164758 1365351394
110 2 2 38506 0 1130574301 922476171 1211803208 685118941 1147366136 2009285857 2980895701 335026177 412866821 2642606368 4006510019 490436992 3781022858
110 2 3 38819 0 2905434588 2212780156 1488520453 2094596443 480161407 1545459300 3888851341 1050797440 767994298 2662310965 2759855633 300234793 2883847546
110 2 4 39132 0 1319795272 3363593642 3442527325 3880397838 17909319 3522807391 1194350635 4180329296 1268457699 3645850248 2704091239 2566975622 919974969
110 2 5 39445 0 2462434185 1345977589 971815824 2311634354 1402034830 1369359219 1557260557 2383186281 3233456350 259825233 3156557438 3469174927 1716514389
110 2 6 39758 0 2612718998 2628758592 4084927163 1012435973 261144989 2798928810 1794495380 3992607690 3913466594 3942181565 144907552 516305134 2416246009
110 2 7 40071 0 3894524812 3949538378 2504710329 2946748990 3530161891 3403672804 642948918 3223908409 508561085 2165762890 2426057901 687022301 900378289
110 3 0 44983 0 2220133883 2738554545 1277195463 2335953645 2796246895 942423490 2016573609 3592288077 875802429 2807519904 2813320038 987719052 1733973657
110 3 1 45296 0 435666227 395703307 206000179 901454687 2569833979 83404714 756499128 4273843234 993224721 3489532488 1461253824 1545287669 1380356396
110 3 2 45609 0 1892923698 37977818 3227371330 3686349086 3221587602 4214444519 2253890904 923580279 1533292515 4186739870 524934968 179892840 288398003
110 3 3 45922 0 4228676407 3180714355 674940295 204717092 3114341593 65423478 4206264829 3462225759 3158303447 3661413125 4075339691 1717994958 704544902
110 3 4 46235 0 2691844714 816994582 273782886 3881942664 3313948652 2964701897 1440176485 2888240686 4042465197 2626052816 2528722854 572135368 4019318525
110 3 5 46548 0 2739316779 4977909 2678117663 1550410711 1139167749 943825740 3635956477 2808201869 2074635080 3827806514 418672663 902276002 95415953
110 3 6 46861 0 28491539 2063176767 4004692675 2968057579 2911049926 158438146 4237906550 3477860390 4071408042 2152271499 1534632526 938180457 75941740
110 3 7 47174 0 445130527 2296839711 1399759363 4015364114 51944845 607840993 1980262126 3762901494 848021410 466265992 3898726317 1029951153 1867214420
111 0 0 24485 2 150795594 2883107952 3509134472 103165401 491475278 513549495 1036131896 1481506594 742429069 2110570030 3134781843 970458132 2882004591
111 0 1 24798 2 3993068640 1087798598 4065322132 124051915 3117229760 2649714560 3539491626 4162808457 1944476747 4058398969 86079622 4026754193 2036358552
111 0 2 25111 2 1231441644 1686731284 1184632836 2861020749 3983266156 1027689099 3759881445 2250716354 1644504790 2933266873 2956119855 2961575824 1984369237
111 0 3 25424 2 2751900000 340732710 3807505604 1198826523 1282143788 1975258621 3993360752 2086322179 1360687036 1619493298 2438060889 1186969840 2633380945
111 0 4 25737 2 2824640748 995143104 418086780 3388751971 3503275979 3998163683 3859025979 1517141127 1939495452 1128289391 1818862883 3393708875 3451441711
111 0 5 26050 2 830756472 1978505490 3382863640 2711386108 1507249250 1768786978 2126081684 3451933535 908937077 3495853886 947655689 4269120526 538833703
111 0 6 26363 2 142155880 2345716882 1831527662 3131873553 3781311198 4068915786 1409458429 337858135 1837035016 3077199540 3168383450 3537001717 34829734
111 0 7 26676 2 3951594334 1383821066 3175399319 972752121 3047125642 4272609282 3536683038 1429050792 182134612 3294842201 1919025867 3140932521 3731804617
111 1 0 31588 2 947702464 2958586900 3367229753 4148322522 3664715747 2317454427 3697030779 2811821344 1240198329 2614018213 3405271710 2852761979 3113327712
111 1 1 31901 2 718150468 1449061356 4085289363 3016340472 2749506245 1948006773 1864867038 2350705351 3827252063 3298270731 923691842 774260377 1166442806
111 1 2 32214 2 1894753834 3533070970 1186422523 2116649798 1099797702 4129781533 605868681 2829545518 318187161 1609014984 3807626401 3558124322 2737117483
111 1 3 32527 2 3680653993 2492153025 3711172220 1837755944 1902896734 2713709538 1758228317 2747242930 1610964811 3342631488 1204320477 1109645912 1699084837
111 1 4 32840 2 1146128681 797708805 2182171526 866371567 328955757 1209012115 2229727939 2477486218 442237498 3918323015 1851200462 115937761 1503936282
111 1 5 33153 2 2474868563 980726459 179091574 783698346 3585001137 3441963299 2579067387 452950093 2740489349 3727645156 3533025641 1204523083 4174529830
111 1 6 33466 2 948403596 269910532 446717009 4059936145 778571115 2343093384 677250311 297000604 2697141786 3522022770 457203461 437172646 2354336663
111 1 7 33779 2 1003491172 3423519126 2232001615 852010290 1617064119 4168696751 2535198631 1822406549 2440066902 2305640529 2510498103 1561065622 3880736288
111 2 0 38691 2 1048931292 2981252400 127771743 1178736625 3585599460 2067824277 2888656281 561905924 2442796361 2980319467 3752441291 2524815249 1714107529
111 2 1 39004 2 2847123343 1161043763 2406126004 4258783382 710908004 3933409292 3565674377 3565932068 4167517546 1493775940 3537344032 3283174376 2748181880
111 2 2 39317 2 3356708801 599118901 1519632715 446127488 2212641841 1914671276 1639801525 557165814 1041718633 3823388689 2748766240 593227241 3399621550
111 2 3 39630 2 2275013369 1245282473 1939289911 643575695 3533542609 247185951 2237889987 2490441282 4161206859 752196961 2647684194 921930961 3539818635
111 2 4 39943 2 3745296222 2487661154 3094127106 1565731605 3363700363 4196668392 1118110241 1241570759 2524462830 4176594443 901365390 2659154316 3579352106
111 2 5 40256 2 3582901801 2135468917 2018155861 3869410640 2830767082 244217784 1179172524 3605239356 2534190135 143152750 1836678225 4109632568 4270632018
111 2 6 40569 2 1418176866 1103735610 3728957758 29769458 3338744411 3729170120 3162748280 3189762039 3000174213 410300196 2688575546 2464553641 2885593604
111 2 7 40882 2 245531713 1164408401 1708405375 2462057220 3650925684 2473699983 188036559 2415984851 1474794900 867692312 156308654 111924807 1942381313
111 3 0 45794 0 830286255 3886067997 2050335358 1585617586 1410624204 81378475 2209035403 1704215095 1126603037 3655662797 2117006938 1060090373 3994237337
111 3 1 46107 0 2926248518 1342421296 989578801 4205019569 3326238417 3080560098 429468942 1562953890 3966263884 3207338288 1474931484 3540927016 517419145
111 3 2 46420 0 920462744 401937730 1754825413 2060524704 2792775887 3610522173 226322217 1842790753 1133422529 2474211652 1695133877 2934154026 1160560772
111 3 3 46733 0 2219727085 1973765025 490219188 3837598560 1809969408 2665505501 2945729479 1827417048 1829379453 4151558387 1973079129 3676671624 1098465508
111 3 4 47046 0 3700951548 2807559500 1194274323 942052798 2205586155 1522710428 2150747232 2352468077 191273194 4091881366 4283390462 1465442680 990407838
111 3 5 47359 0 2763325406 3065687128 1665954011 2764221926 869873834 3005112817 171781525 1545943291 1782857156 1745867680 602307449 1996066897 183439558
111 3 6 47672 0 1501886922 3259665722 4026936123 2432789510 1230286337 2160967259 165990639 1872508000 2664219449 3159790959 1306991992 3534047030 2324437914
111 3 7 47985 0 3200432677 4013866601 1344772328 57793785 4287600016 2711863943 2735751261 163115492 3363573822 2714511900 1473504677 2071624262 3442871050
112 0 0 25296 2 2103239536 3860600065 2252446520 3391863640 1176858034 4161028229 2749188804 2357002059 1004164823 3811003526 235579767 3992731281 4227012284
112 0 1 25609 2 1652220074 952296351 2386559070 532374206 3417906368 2642547811 2201442154 27785333 1115498377 2083739120 655772257 4008002959 1917773810
112 0 2 25922 2 1913812461 3308013524 3954871259 3801600769 519663733 1263809380 4047517549 1589878994 3953086494 2071442215 1980140022 4060846536 506408341
112 0 3 26235 2 975554136 1100046793 1402456064 1874521104 3243345114 2324281789 3309060316 433227827 2443413759 967154318 2794773391 2588614969 3652926884
112 0 4 26548 2 730709515 2822622558 2008797133 2137842275 748556479 252192006 1571568671 2627168656 3750433916 1760210485 1211618124 3973671810 3733667495
112 0 5 26861 2 4235387818 387362463 3723221342 3420165566 1757298112 677449571 236343914 2357654389 3445367433 118640880 2985641313 2042904719 4247642866
112 0 6 27174 2 343108413 589263812 3478786443 3128286033 1888604677 1822648948 2713373501 3430947234 2695343214 1094032695 3522839558 1995215064 62948133
112 0 7 27487 2 1573835812 2158903189 3501167380 147594540 1946374006 2879193945 3477790672 2310814303 4159792371 2391576362 3922158947 1057234141 234313160
112 1 0 32399 1 1246140770 3961402703 87400245 4244106939 4091508249 106306888 2626593417 1179222198 2872552394 1519749627 2729080210 4285236260 1657892673
112 1 1 32712 1 2541533225 1295203352 4202037984 796579792 3842439616 2560554291 3767390058 323703989 3466535801 2987285904 1534661313 688754463 3201445042
112 1 2 33025 1 3170459814 1403037827 1169787681 1084975055 3842081485 468134940 3097763541 4226303242 480836678 272945471 2165262590 2077039856 3870595117
112 1 3 33338 1 2581732588 3400015141 305012203 2744346705 1942170883 2593964954 3564523355 2263124820 586490840 1675679753 1008717960 2847547022 3982901091
112 1 4 33651 1 4178478761 2004391064 4040414816 2900219472 3082619712 3936696243 268262378 2072228149 3402079225 3850988048 3054074177 2678659999 2735235890
112 1 5 33964 1 1968492725 3417058116 652516340 343246188 3229593676 2328694815 1959357518 3288678385 1028357949 3029903964 3916068869 1494292531 3175118502
112 1 6 34277 1 2323344426 2192044695 3076457789 2891137299 2385880801 1237321536 989588673 4115060382 3904466 4236633667 2625281162 3336718508 3495949897
112 1 7 34590 1 4254008518 3427283043 3004701953 4214438831 2218189741 3296393724 233044789 2826154218 2436839846 1923700255 3243042270 1029111888 1635065997
112 2 0 39502 3 2200327824 1784486905 3701528038 362976694 2121439634 3415210805 722181988 1343732331 3792601351 3807928902 2704707831 3451424641 3843406044
112 2 1 39815 3 488607568 1626639033 88712742 1400030582 618821586 930741621 4276070564 2264932267 1720731975 2354742406 256879927 4074429121 365558044
112 2 2 40128 3 1135920316 2440427989 1327881642 3703612642 3231444430 3000482321 3538907608 3259655799 1626321467 2056264866 3749740043 3866675205 2435749856
112 2 3 40441 3 3354087571 829475134 2517099751 3759121701 2206589959 2118729934 503779703 1874822360 301676436 279883581 1081666308 1156230298 3056174319
112 2 4 40754 3 894039368 238947313 2633112222 3593326718 1695506506 728421053 3911194508 2390045091 1003230015 678057502 3243066655 1006255801 3450756820
112 2 5 41067 3 4061051269 2144600884 1055994129 3661453631 4010327213 2242982460 2719522037 1887693290 1066279686 4208101983 1037891998 873433168 1808974605
112 2 6 41380 3 2502233705 796279256 2246989 3128176099 2669706593 1302299136 3028264449 4208300062 1816130098 3735738371 246970826 2224376108 2540773833
112 2 7 41693 3 622777688 2619066017 1229991630 385253134 1224179162 1510824461 3381207452 126849779 3866107983 3213477230 1854787119 1890081929 3262247908
112 3 0 46605 0 2758105307 1363583246 3510645904 1608478304 2180088570 634984349 2849689852 3511679763 4118899647 3423914990 965882543 797616857 1753947076
112 3 1 46918 0 1273871190 1557702571 873452659 1502021257 3319758109 3051459068 3722202213 1786801690 1887126438 3714310383 767050222 1587493456 3067849405
112 3 2 47231 0 2285897157 2406831052 1548091138 356874730 2456934204 3535267807 482041278 2965592801 1497337085 3428328428 1829327189 3365784051 3584122710
112 3 3 47544 0 671399604 2283255237 2705993521 3592884863 278465483 3377360162 3750824275 2069657404 4183471056 2801147345 3539574304 2854294118 2152581963
112 3 4 47857 0 834376905 584877856 3613861390 280606510 114178112 2094435107 3229349866 218473525 2900907561 930517936 625568737 716219023 1813357298
112 3 5 48170 0 2123077872 1111101441 2561732997 3701429163 421985991 1850263486 90223095 1865925656 969058852 1176221661 3066783268 1794543114 1383755375
112 3 6 48483 0 1129103791 2502196178 2353475756 3995986548 2523845598 3641224113 645937704 1833557895 3020816123 616194834 1281647163 1524564581 1949616496
112 3 7 48796 0 3770723178 1646748895 2148266255 2262460733 2409352129 4035967824 3273844257 2987446270 916520546 4196854595 2514518666 938470268 2759991401
113 0 0 26107 0 902333996 679957036 965334159 1723184764 3341651946 2356666514 574141185 414648167 3656656613 375750229 1386906785 3735491987 2351852705
113 0 1 26420 0 3204367314 712052148 4221348161 3190943850 3910293668 3986674158 2150717303 310112981 2215290903 897865356 311258564 3269916714 2334793648
113 0 2 26733 0 209575760 424888424 3719747663 1435368626 893609394 3562742222 3276667320 921908962 2627956995 34897787 2150331790 93675741 1886759215
113 0 3 27046 0 4173710238 556999392 699039837 2515682321 270231564 4147412199 1584928560 1136231399 83491908 2538138379 1313055437 1168939025 240925070
113 0 4 27359 0 1732288387 1399248947 2511689796 614810261 2226279641 785475202 1585456355 2502377172 771661301 3102433205 2020590424 1550914609 1019126942
113 0 5 27672 0 1623015051 2092490587 3780296000 1536135408 2841730691 2082230180 3370221741 4014379685 257444357 1010789550 3502406969 1276808485 3223009150
113 0 6 27985 0 2901006654 2518716736 214642021 456143200 1718996896 2176470996 2378696935 4287513421 2352118804 1869763052 2264923400 3966760746 720226300
113 0 7 28298 0 2278013972 1069006566 671847823 2336276353 3316151252 1853231589 2589468101 774799315 4015564468 665901989 3870786175 2632834609 613746824
113 1 0 33210 1 3083351499 1279394723 2255614061 2019661630 2555570750 3997423527 4048055546 1494478295 1350514946 294508322 3317990093 2110199277 766190527
113 1 1 33523 1 3600253949 2091192627 1282049839 2606811844 3591197514 91370586 3885607642 1240641455 1304934804 769144684 3620895481 2829992429 3462531556
113 1 2 33836 1 4254287112 2720725054 2202711254 21260707 2823941247 2519982742 1713665875 964174378 2530949023 535712599 3050257993 322612972 4253482273
113 1 3 34149 1 2570222592 3771119324 2373606578 2205778683 2353570377 1720466927 2458420058 4185892549 1674898807 2160103 2074768249 1099633436 1322928596
113 1 4 34462 1 3392681688 1677361450 1335347502 740047419 1905080577 2113423839 536066542 2500526943 3619435434 1701435427 1715580485 3390801736 2078576581
113 1 5 34775 1 1498620631 3526593129 3892390325 1886093642 4251284969 2728742089 3987953942 1740878461 4272006887 2326355455 1839516554 2383536235 3162616334
113 1 6 35088 1 2964830771 2615390897 1793521381 2326584400 2208398816 4261822573 1336059546 851548810 3351228470 2397675102 2384958152 349023717 2727908808
113 1 7 35401 1 4134601176 287054638 622834534 3616728186 2900590671 1763342541 2149217829 540417233 3796872734 3625353117 1128175280 1858026884 2664957427
113 2 0 40313 0 1879153722 1193735892 3495236359 49571584 3694891507 2719929878 1360915222 4138694424 2656343521 2390024583 803027577 281530072 1908896584
113 2 1 40626 0 4061453450 1711345838 2250692027 3711178824 981597276 147975272 1352310041 2749412625 1361359931 2478246462 496125773 552795019 1698841561
113 2 2 40939 0 3099206450 3867951366 1322800751 2592323020 3449647538 831548398 4176069272 40217540 2648820099 3031878683 1708792814 3835832381 476743695
113 2 3 41252 0 1033946449 2491215973 2764120068 3510856345 3669986161 1208520651 2855454330 2714580052 3275188813 112380366 2950315801 2178108521 794055802
113 2 4 41565 0 1116779602 73803390 2462597439 866374106 1352142142 1993071239 2331676797 1616232582 4049438800 928231961 894118676 1016190836 503652299
113 2 5 41878 0 2998015995 516295449 1639862538 4237968043 2068587649 1287748625 1292427970 2685530816 598261844 4237948492 1569889383 1225597180 3013670685
113 2 6 42191 0 900974518 1234436384 2010114103 1534160080 2517584842 2317696665 1029774973 1951598275 2497322296 2593749147 3737622627 4131384747 1344946180
113 2 7 42504 0 3538331556 2866281678 449293641 4190676030 2444062194 1421017164 2521467510 2078431688 2487666252 4031352547 3356948303 2434039375 4051516056
113 3 0 47416 0 2710403634 3618640370 2735324310 3197936925 3339104700 1162082665 1311844123 3681198725 801958887 3058721571 662983365 2150651406 2849502672
113 3 1 47729 0 3724862784 1384265518 3681544160 2662757813 1904529217 1990103548 2172389050 3044785890 862168905 4137508760 576724534 3279549245 1420642415
113 3 2 48042 0 3226858628 3961800234 1172407308 3045608755 1121092427 635618094 2515222534 4065900577 3475457846 3423457734 988556941 3322224245 2513303463
113 3 3 48355 0 3289693962 3299330564 226880378 3243500105 1366998949 1950102377 1632108580 1702471371 886521570 3943730162 1711257628 861892852 3456646427
113 3 4 48668 0 3618548566 2863933812 2244355802 428900887 2421906801 422631927 2231630059 3274355870 2729519234 3437262370 2018350077 3751700655 3963390315
113 3 5 48981 0 1839088500 1949891060 1836627188 607188242 3114223791 3952484456 1316045594 1575185202 3331674272 2113417908 2897442907 2091333377 2775735890
113 3 6 49294 0 1321321282 4034965752 3680464186 3368488439 137339386 157857532 2796729044 2759728173 3299801066 614239554 2803195164 2619628447 1371243813
113 3 7 49607 0 1291576087 4057621219 759582011 1595269806 1193355943 3664734433 1325597930 38747459 3149876222 1501257006 2638679532 3293676208 3611672143
114 0 0 26918 2 553641008 2687462011 696664547 184103583 3335871705 1012712577 2664732452 3014032972 4081021651 2261730510 3103042483 3208966009 3533296961
114 0 1 27231 2 1432140633 1392892098 2325083794 746757473 3282461598 1200543300 40096527 783369452 3930874435 4121529266 2557219296 1840240704 2756464081
114 0 2 27544 2 1859205396 2073228437 1748238289 3321239902 1726046527 1720209571 3424623126 1135109691 82015300 1885386622 2470853850 3834636774 4290092514
114 0 3 27857 2 93442846 2908971885 335103913 1207136805 1483626305 2050248341 16962486 2982318253 2587216926 3340819105 2102466010 798435894 824202926
114 0 4 28170 2 1409109141 677750700 2726949596 1105124988 1910574600 1552178606 3647888611 2370889814 1498652359 1584210926 1870826584 267388601 3860370889
114 0 5 28483 2 2644965641 984544846 1789771566 2089191684 1768203252 1705631662 2813330207 1539954814 169378327 1972539726 1258131543 1646074907 27620047
114 0 6 28796 2 3647957098 2488654049 736766549 1991687631 2128425633 423753571 4082367863 1381905837 76481898 3161095717 2249143713 1558113213 2968933339
114 0 7 29109 2 2713342944 3164576389 2730395505 1033081709 793488255 3719149287 578718641 3275055474 579901259 2658146444 1308907442 389480906 1724281326
114 1 0 34021 2 1627270966 2596685095 4219258834 1296466570 2760834002 167103148 2668628407 1639282596 734718743 1778806150 1529851572 2840032538 455944937
114 1 1 34334 2 2718575964 2654323117 2705645876 3542877780 3411899504 3938076706 3212771569 2944249052 386187983 925884560 1255543742 1608961608 280898675
114 1 2 34647 2 2269901858 3785878751 3445647170 2731788836 2239068306 2921336148 2611777577 537693932 1395726089 2721976342 4111893133 3542650194 3335791469
114 1 3 34960 2 3178067557 2115953754 160641347 3311110606 3431394925 209821285 1278095494 128971049 1435475223 3276658559 4232116801 268493720 1171304813
114 1 4 35273 2 1922597480 3400983861 910136396 2252405772 1587801880 3262865342 2222351631 3117694634 2814429457 20910698 2395474276 653292100 1722824176
114 1 5 35586 2 1113033641 1610585576 3099972077 3938461641 2328276149 3177203821 3631245128 3130567973 1740105968 384003311 3277511912 3310569187 3353373130
114 1 6 35899 2 3537593269 2729345830 1376629835 1985316427 3318810769 1590379269 2154809159 1250903029 1577022282 1136265579 4027321106 631546040 3714465042
114 1 7 36212 2 3087220092 2265438425 1884846562 1795486033 862537542 2274886152 3624194767 1961090114 3201354960 690979070 3648796985 303062347 279056015
114 2 0 41124 2 997181417 3272812594 1427009534 1674712519 3753634062 1495543894 966525554 3093137836 2586933114 575523862 1026191860 2054000891 4242271514
114 2 1 41437 2 3296922820 4157223999 1485726085 756362337 310824073 539211781 212956632 3570810850 1795306236 554553135 2545062112 2524041451 1717510071
114 2 2 41750 2 2878906687 1213798494 2161751920 2108851040 58530756 160861474 692140137 1276286276 1742837485 2919568287 67664475 3786877894 4293753031
114 2 3 42063 2 4222156344 2274123927 1453532403 1761097945 1214723485 2893492284 2620854472 3494718048 3983341074 3017754793 2601227842 4082292364 846507490
114 2 4 42376 2 2698124410 630627647 1537618027 632925718 2237040429 1992224225 1414702360 3182579609 3483526936 1715844035 2765991860 4085690568 3944477968
114 2 5 42689 2 2071114747 721715296 2062003498 1430359938 3596575770 31895450 3372577387 1201930378 3154182009 335111778 2336422294 2980276903 2629004397
114 2 6 43002 2 1666873571 264826138 2881490476 2071606316 2286662978 1438289368 2050146471 2546473468 4024030440 3816356693 2542403530 3956184543 2290650314
114 2 7 43315 2 3589457401 3927344992 593078448 474813283 448644036 1952035074 4131018161 4135783992 3643896901 1041426033 2837324183 4093778519 2373262327
114 3 0 48227 2 2765567733 3387552814 1888675493 251142849 3695079607 2256876861 1827344824 3683712453 2317569779 4134937869 3699581599 127349780 4149693507
114 3 1 48540 2 3179956663 942021872 1353014571 1499572566 2208047061 2995073437 1376103172 1024943007 2448746012 3617050055 2219603205 2027178006 3423780065
114 3 2 48853 2 2428707579 860517982 15894357 2392015569 3404176941 1712116841 278229290 3377014601 2958110207 595448221 1287430460 3654897516 63366184
114 3 3 49166 2 1393660701 1703460290 2407267631 934219525 1452516489 4144928497 1040783702 1626646601 1779324174 58681081 1594281747 1963534929 3104935216
114 3 4 49479 2 265575601 27475916 582313761 1957347918 3108926735 2129464807 4218127970 4101689569 1151586780 3891542979 3074197028 3036920543 3962044597
114 3 5 49792 2 3003882428 3393839193 426332256 1562994035 211828696 2918511230 2275850671 750677954 183026299 541828260 351311303 1940378376 1443263386
114 3 6 50105 2 2278272596 527584367 107194608 2155834592 3961501678 1580764308 3621972407 59533274 1109023019 178304578 3912002775 128620490 1224232605
114 3 7 50418 2 2557687991 4058006324 628680523 3554631303 1819379537 486721181 3656059560 3333635117 2181746702 1657767414 1926931328 2304401711 4084283056
115 0 0 27729 2 1122854670 209084590 3748634396 3706919333 1557145424 1813491166 3617514360 2732082246 2236587865 2700479610 1700222135 3860918365 3455797638
115 0 1 28042 2 2229617848 830829844 319479332 3646791341 3867592892 501872690 1399425170 2216329006 2277823991 2481289220 3581398530 3601808962 3880179140
115 0 2 28355 2 3018959011 2780643357 1615860057 113966860 1786686391 202053819 4291172485 1790674377 1470761920 1891274687 346735969 3631330385 1288770758
115 0 3 28668 2 2505518811 2924263773 347185753 3101870092 2565496887 566584311 3173888677 2642091621 1800202232 3375505511 3622925713 883677034 3832771833
115 0 4 28981 2 2934776705 2165249731 4044714787 568627950 4037041161 3429015437 1351801684 1783307247 338476504 2050597461 3859824423 2830740187 1152321813
115 0 5 29294 2 2272734550 394285806 803798236 4158956261 2090956688 3230194846 720754679 852547385 2504720633 629260702 3643169234 3318419559 3684157086
115 0 6 29607 2 2157591130 1700474944 653743354 2713145931 3934701362 2481125952 2103810605 4160233945 2588304047 1454658847 1098652007 1321759518 2134650997
115 0 7 29920 2 2220049220 876722132 3153988117 273193499 1118817703 767374545 2160335864 1861063057 2224047622 1299909216 1613400888 548887415 2442037037
115 1 0 34832 2 2057832657 1398487889 3047441798 127300079 3689506998 2137148 2163736342 598716734 3238552815 2330161978 4165650263 863839469 657631606
115 1 1 35145 2 3117218816 583516254 3195762586 2617795222 2578511727 1386226662 3949792053 152295161 4236498493 644296801 2798176088 2728147777 847150604
115 1 2 35458 2 977045397 170680469 510786266 219598187 614396108 1881998986 3067711201 856154749 2485865688 3904105276 3998617231 2059518346 1933640494
115 1 3 35771 2 2787439237 4159884423 2041135472 2731748577 2532173744 600618726 2554376493 3646772016 2617276676 2963202681 1693042013 3733525209 3275244324
115 1 4 36084 2 3198050812 791050298 3321647481 904174009 1827953879 3595210223 1435460264 1767368263 2966271497 2239802543 1940974099 4226031212 2439120076
115 1 5 36397 2 1087374599 1897301439 1557235960 1656875049 1729899912 2942198222 2512868379 1438774152 1839171453 1167330171 4136669179 828735159 1196829791
115 1 6 36710 2 1966969408 2582833408 405963829 385784045 2191649683 2806018927 129199863 2466561887 2465950465 1101179272 2413919248 309014166 3623356764
115 1 7 37023 2 54641141 1387587631 2426787596 558107096 338809934 2318428977 3691129258 1811078224 140148846 1788772943 669333192 2900900341 624406629
115 2 0 41935 3 1794078911 274433263 2104212568 1344922752 541783195 2711026855 3336959012 3055854792 4200857798 2766467267 3498524294 3847954840 1001253860
115 2 1 42248 3 3682437046 1924570748 3310678366 1233574866 599907542 2555413980 1445981702 2771599645 443685097 2059049251 1046558828 1448494242 553303721
115 2 2 42561 3 3436967668 1651824860 104688430 4188132612 645585310 1324544139 3988178261 833996490 1479353350 882881116 3173810278 3795451620 1112860966
115 2 3 42874 3 2323364606 988828426 1591557940 4294701536 748987080 2637650148 3438459068 2554862980 2059003711 1358627106 2084966120 2192406904 1937096073
115 2 4 43187 3 1920939902 578580056 659663980 294371635 2089457128 1321754798 4242163798 1803596122 1385115605 2559424794 3871447559 2525073019 741816008
115 2 5 43500 3 1732713246 3176714722 3112481328 2592590356 1644031996 3555607621 854870053 3652662037 1521386671 942552430 3483819005 1022546647 2815738284
115 2 6 43813 3 108857345 569257267 2051037219 1295126510 398089515 1884625331 906114298 1512429668 3102996104 2926858770 666214041 259620133 2317325141
115 2 7 44126 3 322061484 4248895602 1171172362 456259643 1672880 2789598134 3940793155 4273681762 2624247719 1152374716 3940079833 3959470462 1959360249
115 3 0 49038 2 3836008658 4133840514 3070463781 481719488 3123108259 808131559 2936471230 2973684488 1758405132 3208493428 2346194874 3566780909 3891779156
115 3 1 49351 2 1383959231 2382869603 1702865872 857610631 4010931228 1018695241 2281707985 3666964342 421893445 3662755664 2213565668 1433629492 2128657211
115 3 2 49664 2 3649422633 2405372405 606269784 3465306057 1058999042 3236357496 2574810896 2854735676 3728707574 31049440 646862576 1738901718 1745942562
115 3 3 49977 2 2094528334 3046764388 2898470405 4003571040 3568247371 1284433668 1689953216 992030153 391407039 4115473298 118992304 2473597602 1726970867
115 3 4 50290 2 18674912 1540957692 1608827469 3939395653 1238604490 3077425919 2581845422 3886393447 3440368162 312725297 4028310722 685815456 4039412383
115 3 5 50603 2 1642507072 2602505338 3941694971 3149130310 500713361 4242837777 1499234006 1008676433 2756023290 2687273346 949459802 1980892455 2621111554
115 3 6 50916 2 1466425732 1747296038 21439379 3564961598 1697301945 3820685622 2040951238 1318996951 538590669 2127716800 766889748 3157223117 268524664
115 3 7 51229 2 1373534970 1203115836 2419806737 3598375684 2948375839 2573422884 361420254 2955709952 1464663701 3509021158 3596943875 3541944655 538641763
116 0 0 28540 2 3571206265 3251997425 977901525 4005875334 3758418965 3361950911 4189273975 1568945265 523255444 3981466330 34771824 535379302 2348765971
116 0 1 28853 2 4171671911 119129741 250935217 3860175972 396685373 963023219 3412321697 1596311571 4216776639 3629624077 1843846159 1238035155 13243364
116 0 2 29166 2 2440770494 3516532444 536118170 2045811808 3953214838 858271206 2209032496 2122167849 2313298857 476536731 1343613271 960493915 2207397520
116 0 3 29479 2 191275259 571706925 17581993 2450528700 2055830615 1997033143 4272724162 177867004 3623249122 4158553047 443476183 1669901193 955467266
116 0 4 29792 2 2650778473 2938942793 1661359405 1386522440 3660107955 1953786923 3080750027 1925472577 3674983504 805562394 4019741156 2227206522 1372346225
116 0 5 30105 2 2015335028 3693307114 3491643870 4005667687 1401223228 1196734377 608773443 2492796853 3449282052 2956410137 1150791274 93756964 590713439
116 0 6 30418 2 2071952905 1722133437 2383606709 3910227056 3620112203 2193874293 1580633071 3104186843 4224696619 1357824831 2793851786 3585043649 3584337669
116 0 7 30731 2 3053994223 1437207165 125536077 1224496040 2950465139 1011297867 3142824476 1061810820 3302550721 1261747745 293827891 825261966 3489460541
116 1 0 35643 1 3654767155 3096950361 1911467234 2846041875 3067747078 2078547464 143242880 2248503654 2387421000 4035017111 2278398836 3053905510 810225617
116 1 1 35956 1 137598850 3399169832 4118758041 2520730362 4041092575 4248088190 1505184204 625186144 2245833389 2825714369 3877410848 915602756 2106406687
116 1 2 36269 1 2054738796 2384843160 1406242555 1863726363 2417639937 2886725853 3213489284 1074305709 4262336284 3755316263 2580077428 1276721227 3978412273
116 1 3 36582 1 3776888302 788502492 2766081719 1232986938 731245395 882590910 2379171992 3463358912 2975237148 839351245 2084904375 1003870035 2771127260
116 1 4 36895 1 2490588510 2522228688 4283059345 4155208580 1565439805 2687824073 1113230113 3240312615 2792669712 317034761 2463260241 646383331 2849801588
116 1 5 37208 1 3936809170 3372297242 1672386111 2376842242 1595707023 3515930585 4141220735 3894417958 2999766025 801758866 841153455 3932846001 638640689
116 1 6 37521 1 864505667 1531586727 938888264 827356108 1475211796 3798577298 4177870019 156218577 1610151123 1183889865 1465715867 2208050611 765361864
116 1 7 37834 1 618259069 2446918343 1962578884 133124891 2333814747 3929568506 3493180032 3944713690 1995326090 3711933486 3725534942 4131138345 2637047379
116 2 0 42746 2 3435907772 2658407422 776120590 880996337 1426964644 1988081726 2172123505 1526385688 4271641451 226929399 2755803737 32465849 2551881435
116 2 1 43059 2 3609529572 1269220546 2392718508 4033411571 691778324 4049553338 603146560 3504607453 3981659652 3118489434 4255732331 1357988960 3984479614
116 2 2 43372 2 1460951637 2522400859 1837908223 593488706 2766224813 2099412389 924480281 3521367217 1813615825 2177093750 2139197941 2772503392 1434098872
116 2 3 43685 2 3863571477 3224509339 3223464709 3084336093 4220457545 2099653893 1547056224 21256575 4069313479 986292442 1480306433 428313952 1434983994
116 2 4 43998 2 4070084917 2814578491 2187018297 869994745 2570581223 4004301119 1360031838 806526016 1626286798 2250264148 1947042550 2251945691 463370657
116 2 5 44311 2 1785724952 1944091256 468352662 4089803883 3997551863 3561236861 3986265656 2173188319 2381822376 1224234974 2087213972 3549374442 1029221650
116 2 6 44624 2 2802426554 1251777600 2099012242 2033826595 1928052330 2539151277 1830735625 147533796 653880148 4072235982 810826625 573848799 1234048979
116 2 7 44937 2 2423904354 39465020 4277341346 1914880083 267829914 2133601656 3050042125 3052401811 2808817301 51082156 2932864498 2502642917 2418436806
116 3 0 49849 2 3939858391 272814557 2755519516 3888206856 672801235 527118502 2613632693 3900173803 932538126 539997443 410255481 1835384471 3741041477
116 3 1 50162 2 2158298076 2655976726 203734183 1825314122 3546339907 291621168 2924575849 2872763338 2058915613 2860863436 2640567102 540500954 1233971354
116 3 2 50475 2 731236429 3277065647 3156709554 636456974 4230785782 492844766 2113770440 1975156751 173305006 1353650781 148068542 307552660 4227972083
116 3 3 50788 2 2373499534 61547824 874307001 3552042924 1085804711 882901968 319161392 880278265 3988462443 4090897362 364585661 3640823283 4271557716
116 3 4 51101 2 3400115204 168561890 925964955 3726934566 3154824417 3657188097 3451917942 3440892206 2901485983 1400131232 2982836442 1437827368 391698545
116 3 5 51414 2 614223332 3949293470 72263343 2257789780 3318346631 3176264505 2466939437 3481347983 3912576401 3500755365 3379443868 1388532444 2275757477
116 3 6 51727 2 3545467270 2116525668 86524613 825416864 256917179 1867633255 1871635539 2593353337 2389144958 1681548072 3158853576 1617284113 2475752287
116 3 7 52040 2 159091147 3163276381 483309590 1701159818 132623018 2176683708 3957741122 3662787806 674868179 473873086 564381115 203180695 3102092610
117 0 0 29351 2 1858019382 1800365235 4053283477 3084949391 3732084297 2484795276 875437473 3927509912 4275795012 4148038213 2016465262 928399108 501608103
117 0 1 29664 2 1041747387 1979195282 1989486608 3279060227 4192432195 2816691775 948219746 3173673699 1419012247 3501629504 2295982976 3201294274 1134071127
117 0 2 29977 2 988423441 517795306 4041389740 3531413154 2647853579 1624212452 3836887566 2957996470 225206150 2542884329 3247857516 3642294209 360633225
117 0 3 30290 2 1087464031 1045325106 2521422246 2112155981 1725655078 3342752026 2996169538 726978848 3083237196 3010957253 3727785120 2062369224 1772555668
117 0 4 30603 2 857622376 2516185177 2307343937 62843346 5270095 1407118097 25506327 2935909995 3504247893 383706591 424845983 1505503556 2320964240
117 0 5 30916 2 3600836509 1996968334 2995036498 3994890985 2820575257 3698948507 1758814551 894536899 3807479069 3559460169 330751842 2204060033 1287963942
117 0 6 31229 2 100188731 3417302870 3257926698 2413981314 312900840 2850862507 4169599525 1963853892 3301537077 1275445793 1408677067 6182668 2230997789
117 0 7 31542 2 1040742608 4071648373 28022489 1156867829 2634308769 1058908946 3295962179 1193597904 3616974214 4267707296 3097368184 39543011 4042342932
117 1 0 36454 1 4123085332 3934653783 3783175730 274374209 1102613411 4084811618 3516479191 3754120617 883805196 535430725 4064560621 2609688993 226724338
117 1 1 36767 1 2943449413 1412342314 626071223 2769463052 1436148039 2217162564 4036210797 2421964100 1242182888 2887637716 1461939889 4000949944 4276563275
117 1 2 37080 1 1352864083 679525944 1125650127 1001717518 1182006258 3189853663 1121373866 3000253393 3533248153 405176663 666107855 3816300247 182692693
117 1 3 37393 1 988729686 3787610141 351233398 2153991850 1728321744 1919794507 2512838975 2967529934 3780433993 478002228 1554608468 2569926392 1889871804
117 1 4 37706 1 3991704474 586039893 1308728768 1168517058 2130902073 2704198820 1973968038 916587461 375023516 45599946 2375471272 978282982 3509740669
117 1 5 38019 1 2626698179 2559390214 4224842423 3771887418 3063232439 1709470732 2825624573 2477934705 2293672107 128539927 2498369844 2940870803 1743037378
117 1 6 38332 1 885001676 2942609033 2812346868 93957277 1576371287 49393153 331082076 3028117108 3730703890 3792621240 3507806618 1972850726 2187432783
117 1 7 38645 1 4071533631 3591166124 956286397 2428743716 2043153853 4117594720 3111297930 737699406 791347266 773989290 3982201832 2906773406 3237170954
117 2 0 43557 3 1806963442 4167853963 1373678103 2289450873 3072940188 65949586 580541575 421387896 4092374538 2256423170 2748351694 3666785923 3209594824
117 2 1 43870 3 2790718913 1896515392 3563182702 3059983640 3625062638 3264918034 2325681073 3046158047 257747147 950950191 3101568842 969184589 1709033239
117 2 2 44183 3 2216579031 618909660 3509774846 2729483662 2691245146 452921903 3749673687 3682242217 2801049953 2674908557 2821449468 4088688053 2125953182
117 2 3 44496 3 2882531163 1990705128 2629982864 897558215 3494444450 3159179220 3444756618 3263332324 1878593448 1783869299 4227045652 2699869039 3263833194
117 2 4 44809 3 1903554337 3872596674 1575419092 491583627 1059025070 446294713 3758835125 1098651490 1811865019 4150304623 331713088 3984623988 1994006652
117 2 5 45122 3 2325412328 512023363 2203336243 3482970840 3990717598 4170578497 3028472543 3911922591 1900126345 4018822225 2714954242 1270804363 1549582688
117 2 6 45435 3 4040345809 1679449298 1192030218 2367924396 3265541646 860991721 3925828651 257687402 762597099 3952600374 784284100 3099130806 3753609299
117 2 7 45748 3 2883286550 3189969323 467445295 391722080 1802452285 87533309 2091367874 194654572 3308687442 3298260325 2989633971 1028543130 1890220183
117 3 0 50660 0 4004250411 1980496908 2537689935 2048233415 243102243 1019088371 1098838855 3695283065 2636286816 197553702 1098280376 4283288337 2692315034
117 3 1 50973 0 2205572041 3840434976 849324131 1569653217 1193010717 680882894 3482643644 4174009181 3387208270 3234784061 605731795 761639302 4232995941
117 3 2 51286 0 1901633412 989792457 2297520678 431629982 1361099794 2225574295 994051681 1410704963 1717377262 109789330 3944009581 459303846 1006961991
117 3 3 51599 0 1926531417 3517161590 3726505805 3513451747 1537734016 33777577 151526523 4160600782 4173685023 1063195447 1289904527 4002675936 3079334251
117 3 4 51912 0 125385321 1842727102 1366186913 663031410 4215982747 54166948 3686775710 431056928 1115278285 547477442 568738095 3456146660 1767909588
117 3 5 52225 0 1689886354 1627410233 3866828110 4202155953 103265036 3391414839 4153830854 3632086872 2675235506 752932924 2671394374 3601281642 2528982111
117 3 6 52538 0 2653089521 1375818368 3602756667 3792754768 1345158187 2094972284 2242429382 302091994 4284482840 3059928094 1899111157 732532104 381749667
117 3 7 52851 0 2554853604 3329708561 372492786 2155846122 828981078 2703429879 3417435625 2745978059 2551312263 3930108178 992431780 1863424394 2893120072
118 0 0 30162 3 3887419383 3347884972 3762382200 275361183 778923416 1577438412 2571107246 3351990500 2389785975 1687451990 1438333947 2346745824 3262397119
118 0 1 30475 3 4120473954 2911147207 294458093 536621646 1841841721 3539525489 3873226223 1170420508 317981299 2144156122 1968758902 1661443794 3654033497
118 0 2 30788 3 95983832 588399091 2521621779 1586003810 1575572681 3073257273 1730730167 2895541038 1976726375 2883764232 2489932073 569508868 2661651534
118 0 3 31101 3 1751518341 348346234 323736174 4085347985 1628947771 626892958 627532482 4138152923 3709665782 2071613059 2105422240 1010829856 4169561593
118 0 4 31414 3 3035901768 2199936389 433615597 615813710 2957285287 1179462792 2322601172 2004220773 2896839980 3871771781 2049428939 2536873794 1223760176
118 0 5 31727 3 3958064911 1573406596 3277766572 1432778750 107418626 861947024 4046407746 1133857419 1404145774 214205843 3341724218 1736450364 848438073
118 0 6 32040 3 2208950490 2280070281 3864137687 1873620665 2546779388 2761983905 2726561151 402886094 3347766267 2543773391 1780205353 2180622323 2193392784
118 0 7 32353 3 2510244631 3429029856 2125987100 154929614 1137005522 2332351023 2766036131 2846706912 377687111 108170522 3882672822 648548555 3154021730
118 1 0 37265 3 3520575035 1959671260 397688085 735408966 1108266223 307824629 1795673715 3634631358 859047775 353775046 2075235489 4019576290 2929350519
118 1 1 37578 3 2499894076 993050649 978319830 2066279068 1755124813 3031323501 918231179 876856906 2947550835 121704786 1394742187 134050277 2214722164
118 1 2 37891 3 2949122170 1658887221 4051552672 1755976674 3520326862 1612188324 3911356774 3794006995 1402293842 2397036695 998814763 942298223 3077183006
118 1 3 38204 3 433462623 1563551932 1913270161 949715223 3717417927 1036876395 4209895965 280692304 923484805 2795232277 3887462045 3617215848 1306423969
118 1 4 38517 3 3286248991 2655698364 474374997 1456436428 216288285 3932549946 2397335876 3834526055 3918352316 3082940437 3539183858 1162935476 2753450119
118 1 5 38830 3 4004766201 3582510436 4115682595 3612969874 3579189043 176447346 3233721190 2648915995 773952182 3547808587 1931806364 1668103023 3922037160
118 1 6 39143 3 4171998279 295607610 4119214421 3642152454 318217377 998070107 3058882665 702138078 1240010269 2446264812 2860387183 1999066368 1976449607
118 1 7 39456 3 2066705658 576189669 1111588288 3704859957 1872187471 3796384402 3712090654 445941747 1192181502 1565646954 161681525 3802144009 3774874559
118 2 0 44368 3 1979884671 4061937630 3098169670 922691577 1398053104 451133200 2249425142 752239573 3869664462 605258143 4260394733 1650348233 133584300
118 2 1 44681 3 495562445 4201125276 3078042564 352871001 2866803275 3478178613 2302499151 513045206 2603894359 2746968791 856943615 3733570664 234208660
118 2 2 44994 3 928587949 299940004 2192231816 4008643215 4247228642 205140652 2157084322 2929398449 2142231234 1234020787 446835492 3188727545 542902270
118 2 3 45307 3 762314840 3882383397 4124957669 1751865148 3315858750 3313708453 3856372947 412314732 2707206027 2854715560 3012927973 4268950173 942047243
118 2 4 45620 3 2083946551 2302256942 3591305832 1259514031 3292203752 3717658769 2762262607 1371966006 3166982115 3248502794 2242904024 1625960066 227134124
118 2 5 45933 3 2852974824 3566069065 4196332835 3478442152 3770873700 1015365258 2365844188 2213637953 4059313800 834312840 3496377672 261256601 2305261361
118 2 6 46246 3 3150578538 2051590253 4279395523 3819220773 3268258651 377603352 2008521104 2671327811 3384494584 2260449173 1188515947 973979957 2164727815
118 2 7 46559 3 3784680413 1356263790 3530503664 4173448581 1427244677 370486006 3820749334 1148937851 1595111602 2246910871 2589366307 2487189061 3440961629
118 3 0 51471 3 1922764943 2213866110 1439307183 2939181652 3365948017 3280451883 3341647013 3163498618 1500961557 1091499452 3348194515 3629186977 1468731098
118 3 1 51784 3 1366599114 1085926213 2554921758 2061041569 90154862 3218841902 3968750720 3456906901 1956063912 2142412017 3353881247 975925215 174190944
118 3 2 52097 3 2958995267 3678026582 1691103919 3873732705 4089781535 3791642816 2824324102 1250909859 179433502 3278047299 1217428554 3160126788 2821777635
118 3 3 52410 3 446676264 499400767 498410708 767025291 2089433964 2645084484 2789416538 2253564211 872861922 1829717547 462432452 730095847 1752793276
118 3 4 52723 3 512536291 3843331342 683083775 1863347844 735606945 2548842081 3085172207 1388473904 2941305919 3364994726 1776586190 3056854151 1886070848
118 3 5 53036 3 1031540026 204320353 3784570538 2927777551 2649374700 1959778686 3722594160 3163363329 710264280 3398143908 3663410928 3870793088 45513597
118 3 6 53349 3 2189956407 1997645988 2505467783 97423177 1304786581 190242226 976644942 3479956477 990062578 391949744 1270950368 1980091827 1194585396
118 3 7 53662 3 821599542 1985459923 2065968262 2058072249 2486527070 2917540004 1241296250 2337030125 1415001834 1776650657 2360650659 618319316 1682432197
119 0 0 30973 2 3289926671 1745608525 199500168 3676833539 2556103139 1152650070 3888306836 514822392 3599696306 39825806 2977643111 4252339074 631830537
119 0 1 31286 2 3081819214 3086299614 2483707717 2833992766 1195279230 3801925707 2468523669 480740040 3345906754 1274955746 3092413917 825216248 3512345635
119 0 2 31599 2 1639288248 4078595760 3068512039 2471570589 1706262769 2212038360 689525461 1831005640 3035276689 1000583443 4063191339 3907771394 1236591684
119 0 3 31912 2 1966435330 2388928544 1378928109 3958695675 3772041936 2327598921 167137910 473714839 2206639629 3305977788 2488163176 4050869894 1378031966
119 0 4 32225 2 691638598 315256638 1815551305 987534937 2804192090 1130718666 2012347545 869838775 834113078 1946004829 1850414733 4144688252 1592218506
119 0 5 32538 2 2780359462 3103399624 759692209 3831117472 3400905656 2592249783 1126133605 1631731664 2362329215 3897615527 291546988 302730705 399817458
119 0 6 32851 2 3018685401 1768171107 3556200338 1106967760 2820867867 2739914197 3469116804 1862116899 5289506 3056260425 861826401 1217103646 122545442
119 0 7 33164 2 3626929955 801962297 1864999904 3621383192 3347377723 1526077883 1520151593 2105992635 474960506 2399292925 1538389219 64698560 3552555983
119 1 0 38076 1 3586644423 3261854025 2040856269 1214477218 1347894786 1997133782 640877162 3712996358 751630393 3957298437 37184070 60907002 2790454598
119 1 1 38389 1 3006431076 2468947482 885223298 3172329818 1357240867 3242600224 544029032 590451395 2786812522 1173785558 1937606813 1149816993 675589896
119 1 2 38702 1 2249786981 4043566941 3278664275 1715842993 1254086680 3989457614 49264177 378738387 304240462 3304664098 1269574845 3155013513 216966578
119 1 3 39015 1 126336412 516419372 1690176062 3706970271 4056456855 193273021 4085582576 2222294756 1150891725 2746915029 1257550742 2997529633 217586851
119 1 4 39328 1 3627722218 3459653916 1226985760 1083331231 1700025525 4210150489 3324874744 2772911263 2515474432 3605981760 2277104391 2145221556 2748513907
119 1 5 39641 1 2225974088 2806456312 461141678 2426978496 76147215 1210567632 1536530343 2328424774 3599034444 2706156985 1403254004 189502386 2940567298
119 1 6 39954 1 1701364880 3239536200 2346211326 3429060667 4029687003 201064372 2064152218 2692467137 4144189443 3786009295 3873941156 2151752771 3974696796
119 1 7 40267 1 656203146 3485314268 1681001268 4074700897 1604501693 1109840090 2086232795 1722330384 1104237151 1036190060 1621475581 1187904940 3702939496
119 2 0 45179 3 1448189715 2085869217 1851568482 2840665237 1893982634 1809947594 617633604 3046077980 717825072 2415944808 3487301974 1749605421 1160969394
119 2 1 45492 3 2405302935 1139672923 2849135446 1264672364 274929068 1660106154 3814047607 3377742510 3745409079 147639430 3231374531 4170608360 3976851314
119 2 2 45805 3 3823830710 2754041194 3899952931 3157400177 2976329222 3277348134 44809245 2146071723 2521836545 2590272176 4284420326 1928450277 2691308331
119 2 3 46118 3 498834801 3327577089 921262912 3743244160 1645077374 1843098866 4032756498 3149009594 3427778114 1346363642 3748440685 1540901366 1284537122
119 2 4 46431 3 2960922099 2850096243 997573658 2144359592 220161908 358524694 2870717517 219566716 4192068918 2087322381 1823969403 8654096 1915759861
119 2 5 46744 3 4031765487 1374632631 251969946 3039182080 2678155778 948780021 3582778832 4180250982 585212483 1964514406 2389222237 1371607996 3723141111
119 2 6 47057 3 1962722703 3086272549 1978247334 1610111216 3797915477 4072051950 613515794 2069415240 1819919327 1474289730 2999361380 2857134449 1267916743
119 2 7 47370 3 17960365 3884861603 1427408116 795695670 2814693722 1884263448 2372414200 3092556725 3442312214 2236903580 2397872150 3916389535 769996054
119 3 0 52282 0 1608771966 3203866482 1371623142 3588438279 2152854025 2996232193 3730973420 1481929277 3618998768 3196582701 1916378452 3808778393 90484396
119 3 1 52595 0 1729097847 3367181449 3375580907 903721058 1083456154 1618644291 1811253661 453840760 2928258290 759487706 2402227518 408826649 2739789424
119 3 2 52908 0 4185416629 3023415503 4032471457 422461769 2502816571 3692276820 2950179908 2625166211 1393689655 515538992 862924878 356065639 540382017
119 3 3 53221 0 1545217317 609213895 2990305493 474976357 3816018855 3621550804 475624213 1548778867 1653398914 2316205555 944510156 12265121 3242708623
119 3 4 53534 0 1333980842 1503662242 3705557010 3408566156 2722759265 2656048150 2180461486 4012243603 3045421433 1798040128 3320742422 2470630039 1984083310
119 3 5 53847 0 3816994137 2578657987 4073400405 2760909337 2586235282 2692278902 1833489219 1980747036 898609221 1455839593 2604272554 746460510 384638227
119 3 6 54160 0 3000264220 3682430870 3542715040 1161205609 3204343913 1969978124 2149915739 3376051573 3008884148 3034749548 3274431271 2254059746 308384313
119 3 7 54473 0 975673250 2231516008 4223543778 4257384249 898717407 2140260096 1243727583 3655012743 1514133262 2066732857 2857846295 1525090106 3458417169
120 0 0 31784 2 896205852 2126879407 2925804547 920936933 179845202 3850184413 126820765 152872168 3861454883 3522156529 1767909103 1079045010 3679023816
120 0 1 32097 2 3265547999 2775077378 561795022 3512502628 2922020939 826141339 210369821 2191772653 1377310122 2954118981 2327845534 1881565337 1051835544
120 0 2 32410 2 2883125319 3050214446 219928670 2817962518 1791244292 4258471028 1332053884 4157714566 1425115953 1876033902 1844759971 2067864868 639736324
120 0 3 32723 2 523608373 2062887294 1490343892 1695458559 493091159 2998247282 640356816 2472231578 3772324654 2075693830 2007218673 3037797522 3413966247
120 0 4 33036 2 580376269 4074763602 4206009274 3065342719 1170546419 3824288833 908856 4263566674 660422799 3029867893 252933792 852973337 3864203813
120 0 5 33349 2 1000275317 1015532596 673371642 1591830204 395263249 1130381749 1305400900 1532102115 2845780662 3970720152 3013077397 2613589466 3122262141
120 0 6 33662 2 335257536 4131510465 1432374241 3837269181 1008299215 502946808 1929544243 234102534 21616371 2490484963 3507942527 202752944 2118646479
120 0 7 33975 2 3584454020 3882781221 2008225771 1737167069 3413662996 80630797 1075555465 2395065123 2292386432 3112199115 1859082248 2241669038 2730825586
120 1 0 38887 2 1915257961 573462422 858623441 1092986370 1650352800 981308285 3379252531 1008440958 1967775988 240622857 306623212 505505012 864937132
120 1 1 39200 2 1220856904 2869460733 916036322 3758869073 994206663 4264214700 391884970 2286586422 1714909881 49693081 472023671 2550278172 1225321363
120 1 2 39513 2 842384654 494324949 2546312268 3095261080 3612861236 1625472264 2549415334 2141387735 815138743 3802087402 3043766848 2635286179 3542796045
120 1 3 39826 2 4260519476 4225082135 1096857046 311749469 707656044 2349464671 2477724371 3273876537 4281194860 2579673989 4020279431 3452515227 1887117655
120 1 4 40139 2 1151682236 1567740307 2659143666 1630300581 3246340310 456784873 284331589 4224209795 1463630571 497688458 2710309453 3180035772 2290958892
120 1 5 40452 2 11673168 3797938115 1560306190 3148062961 2536754756 3748624270 2694366450 3389724858 2746996697 1651075272 1005387620 3673752637 1925079523
120 1 6 40765 2 413531929 4280966760 1325016373 3628487665 461885917 3360645480 3087489031 3404617964 1705965983 1692085172 1324728716 3648202212 2533704331
120 1 7 41078 2 2782327402 3790360279 3949843086 430387238 2842504634 2215805962 1615327646 2963972466 1281735597 1091219128 2797166352 1452311655 2076129824
120 2 0 45990 3 3202519200 1596407005 3520213807 4030079592 2323480135 937628891 400009952 2783340058 3673954399 789672687 1042458853 3050392366 611804965
120 2 1 46303 3 973334912 3166673019 3550683983 2573857931 2098968687 369373455 1134657543 3421316409 1744810042 1243095593 990723410 285294179 2716903821
120 2 2 46616 3 2071591456 1704593755 3107837285 3335351627 855014982 2123968128 1056635859 1827976618 1106037760 1558462451 2063539166 721639742 1724365154
120 2 3 46929 3 2919501263 1703531970 4202286970 1345423798 2246083702 148794967 4195112635 707266309 308309907 1243896084 2403982875 925479591 854257721
120 2 4 47242 3 807458559 762373886 259257310 3233701970 528487342 4043254500 4278883370 114991086 369359170 3370406790 245743825 1872175194 943845102
120 2 5 47555 3 2044372968 1057896455 807758207 1435350159 4170145106 2271783548 3295218863 2432941651 1551063920 647612 2947674622 3571464599 2302714081
120 2 6 47868 3 4060735114 2022201387 293992947 1329251411 816732668 3657217479 1612489889 154361417 415591585 1174637671 1689708687 1393851314 3365376941
120 2 7 48181 3 690110685 2096097176 322481918 318891621 981653181 3951446821 1111170256 1692937942 2410799734 3370234019 3521408694 514128974 2764001996
120 3 0 53093 2 233924731 1664345136 3444293491 3556433425 194858246 1689239085 1140935291 7268991 3919056145 2686250162 1661028971 2673900639 3757102340
120 3 1 53406 2 3472910098 3310182363 1916280870 1588373071 2388149225 3796778096 2450462052 1859486955 2540931308 2149934332 4063238730 2264811271 3206391752
120 3 2 53719 2 344971559 3599532892 3963910139 575051291 4028334751 1345519120 1214415034 597254593 3865105428 637865268 1841180537 455802286 3803903995
120 3 3 54032 2 3059356193 167316710 1141922969 884536027 1423074859 1913776722 676151470 597592895 654885677 3381949094 1107271429 1585486849 2293318862
120 3 4 54345 2 229572358 3501102123 2727205732 635531120 426877447 251096799 590941282 1949452858 3639281479 2500331799 3401090470 996423172 573712468
120 3 5 54658 2 3094033618 3217569783 2121172740 1401267675 4230488809 2567246560 3576000656 1477232284 3600193805 3640538369 444553429 3677020945 152526204
120 3 6 54971 2 2239448869 1659627778 2778463659 754506144 4007679025 37035948 3918669493 2897759583 954110709 2452467133 1479030317 3594138194 2475952362
120 3 7 55284 2 1340699233 1789293060 4193686603 3157222279 3004927537 1567792333 2414765335 3371505263 3792579553 343072382 110400174 3569027933 1217925063
121 0 0 32595 2 1580325635 1482497140 1144692912 3140504419 3248533521 85301023 2198332007 811626069 2717822820 3328225846 4103675740 2135586353 3510170641
121 0 1 32908 2 1020520803 1002413130 3978974310 1096555405 247439419 1999103573 3426066410 3417584693 1426160167 3399010975 2292835502 1420367956 2616292596
121 0 2 33221 2 1622665809 1621235144 1897828712 3521056696 4199593457 2547480487 583586136 1342875762 1297907163 1614457265 547024372 2271405811 4260711777
121 0 3 33534 2 2552205252 2277306911 1406620231 1905368579 2251995992 545049548 973852223 2962884698 1802941724 2100410908 1193168579 3079252392 673700778
121 0 4 33847 2 2512484209 3442953596 481764596 2884341002 477884089 2481261691 212396568 3496285095 2189255700 1123703552 2831846470 1047522402 3467427750
121 0 5 34160 2 1998627913 2236205584 905590544 4226967781 3224416025 3654157700 114349713 1239394446 3235351229 1381112413 2647470012 1443388925 1036798089
121 0 6 34473 2 61572795 4167866028 2699627724 3346119308 914810245 3897534833 4071251526 1133157577 3525777154 277831876 1375957232 1588706748 2968811142
121 0 7 34786 2 1229532889 3312404434 73788430 939789222 2915863835 1424375975 683648450 1323392595 1856815420 598816669 2679108274 3716913856 3288848801
121 1 0 39698 1 1591331408 1453453925 3076492398 962610165 3858301754 497285296 2661459307 4217255150 1219126391 2808423623 3552077082 1744525733 4066176383
121 1 1 40011 1 3780979159 162020862 3074763297 32000136 4052175102 164686583 3862208001 84372252 434706641 1597515302 3920604203 27822678 3312094924
121 1 2 40324 1 341562691 4042631800 863162725 564213761 588333819 3244073859 1579805298 4263320375 2857808769 2367367023 660603079 4019334454 3988906383
121 1 3 40637 1 534196833 3115518614 538350567 312973155 2474067749 3326816233 3358512994 4033123097 502084892 1133128629 201761421 353716956 1494813037
121 1 4 40950 1 2478931133 747756002 3802751763 3652624239 3978809689 2473519603 1246888066 3148781085 3492284275 3936660327 2398835537 74744064 3631863819
121 1 5 41263 1 377875926 370099481 3521101328 3569960974 2570141052 71081802 4227631821 4280248690 1138929098 2319406651 672118085 1041611804 2413252904
121 1 6 41576 1 3200554678 2547255393 2695839056 918939265 2265112472 1130962146 3280374473 2430540904 471715891 3025643270 3482868400 915415717 3294226218
121 1 7 41889 1 1168332431 3977977818 2473710587 751685847 2145945825 3574319725 4209907284 4138182873 823584892 2652728949 4054989589 1357599743 705636587
121 2 0 46801 3 555495683 2656237520 2937143716 2431427629 171608525 4270728151 2467308062 22700373 1291263130 1644368284 1030662968 2037512737 1046167197
121 2 1 47114 3 3156676805 413207082 2247142644 832096660 124149361 3645407741 2678982692 1629738721 3215734504 2935114273 3060436405 703168680 1115766297
121 2 2 47427 3 2424889890 14411313 520654039 2469543987 398559542 3961374354 928747511 1371242354 1374404061 2841037323 1774811126 4008529501 253596730
121 2 3 47740 3 2633510948 1879278895 3941605109 674991919 1448054906 1899468572 2737572161 493309360 1143565070 3162385261 3408558147 1083490 2630497362
121 2 4 48053 3 3000458692 3263091753 1726257983 2592565275 2307923468 2977995304 786644097 1318087034 787251978 2703896466 2135203759 2445268536 989624520
121 2 5 48366 3 1375111941 4109996918 1316123904 2795981584 371349713 2252194429 2498242783 1501214696 1220418116 2040547832 4236401465 23800578 1830493139
121 2 6 48679 3 2473177794 533175383 1289447255 2151087984 3418481686 3294991616 1196011223 3808899301 712875116 143977859 1774576631 1462440857 3670253927
121 2 7 48992 3 900306146 1641404885 2191049115 1587822775 4152339264 1936624280 2925809602 2036452606 2636250480 3583675650 1178269720 943122199 595582803
121 3 0 53904 2 5411440 3906074003 1266083204 632308868 247485547 1498770643 1704426630 340263549 2599988723 1697672759 2248614676 1252318162 353378900
121 3 1 54217 2 470328332 3655901611 4014078652 3301460968 491516004 3023779374 1548612575 1532482767 444493851 3513268685 2205941269 3317444856 918511759
121 3 2 54530 2 1746253662 2618092953 2155095712 2922110771 4050186985 3153230132 1741485025 1410674788 2879439010 669489748 810556847 2393936376 2646064506
121 3 3 54843 2 2396488224 3726000785 3253475106 3224303674 130142795 3720320171 63655144 1770078405 628204621 4163622525 2105022393 1503922962 848290056
121 3 4 55156 2 2051741592 3782752981 3145260358 3575563134 3291634271 2865081285 1554980496 437701915 1053775096 3203516808 1411612860 1419886649 173067171
121 3 5 55469 2 2809361648 3539144907 1790529624 3905775179 3574074737 2463469945 725476084 2688861791 3419864359 2145220997 777951001 2887735979 847040417
121 3 6 55782 2 2008534037 643169734 3001359787 2963733227 2734696588 4024336094 1758264344 1888746711 280168639 2004362363 3986246971 180183010 1354169178
121 3 7 56095 2 269318799 355027106 1625017993 1855928261 3466667202 348393048 2708504911 2691545094 3775412213 1257760419 1009667649 601751029 1281468465
122 0 0 33406 2 3523667208 1873454283 4133191677 3168612599 3222516255 2914017515 3392228528 989401498 1802961365 978282605 582001773 166569391 1933161880
122 0 1 33719 2 447597462 3379753155 3312514213 1923212352 684158651 390320553 793578336 1435209989 2610310455 276697541 732106188 608558041 3616236165
122 0 2 34032 2 786931500 2164695013 3377649833 3458271051 918919969 377930253 3323893561 1008199022 4163025112 1775401832 727548671 1985602524 3788025755
122 0 3 34345 2 4054792372 3944622123 1698795663 3012360434 3970606717 3864874613 758008430 1530390145 152448543 679846523 718635633 3966672288 73956667
122 0 4 34658 2 295532146 2586145897 299799117 3378480295 929558255 3542807419 1707361088 1475292027 3534765526 1400058319 2418284862 1531777062 1225646114
122 0 5 34971 2 1849560036 2679840313 1948288743 3599777034 477149925 4073433343 3305804542 1374003002 1276186576 1133928927 148348585 3215508704 2302654196
122 0 6 35284 2 3154028645 3447374656 2336728152 3948362550 89112304 110643022 1048122003 2285775982 3445735655 46171950 3814537843 164510532 634858804
122 0 7 35597 2 306451295 550573954 1674644746 3690634668 2390860006 607188536 1687228803 727499759 4038171227 1882508043 3928862298 784582085 931940442
122 1 0 40509 2 411140874 23761027 1116713474 2043127166 567862374 1548117032 1478863513 1867910996 338994613 3343422776 2448431141 3490788158 2805310313
122 1 1 40822 2 2757980452 3657818617 2269361366 4069916841 1337383062 254998053 501911971 2842304365 4245032894 1514974703 1336580360 4235101615 540591328
122 1 2 41135 2 1691776721 3517795226 2597364497 4269302788 3361217403 2962879212 3109247209 2218255420 2408782629 2582146119 3514481827 916945154 3121309354
122 1 3 41448 2 3984196219 1347111838 3511302221 623803047 3950200335 1025681663 4251949284 618879987 18205120 820264242 2776125338 142587240 830729540
122 1 4 41761 2 307503788 344735831 3629680464 2746769537 84790404 1968909346 1604481847 654510615 1950231325 3628149468 3861750119 2709714590 295544280
122 1 5 42074 2 1932566766 4155278365 647225690 2984814109 798980027 1047692114 2839151572 4214443096 2284385683 300587982 1884567376 1622792858 3544925983
122 1 6 42387 2 2005827073 2753122272 2667627703 2856216890 3456459275 960698841 4209054980 2578250719 1984546632 1246704108 3977856489 3380502096 3992965362
122 1 7 42700 2 3523876290 1225069083 953708152 2010098601 3612457600 2750702883 85808481 3713594058 3116429472 3082099279 2246381826 1278834981 1313055075
122 2 0 47612 2 1449203110 939091379 1347258325 2084388486 2601741590 4118422250 2340799531 3715941577 2029295269 2191196600 271065613 2322461550 1016885928
122 2 1 47925 2 2549133137 1457294542 4182064292 3593640154 529824414 3133415492 3261245851 1683842244 964889748 2034895426 3067751569 1722622643 853319737
122 2 2 48238 2 2471125836 1991766347 2275204431 1347258823 2258516193 3173562037 1066760731 3127895990 1117536743 2224630368 1751855473 2629106871 1190537277
122 2 3 48551 2 463356618 1787623179 23982221 3231562465 2368236779 4239842752 2308583181 3407572562 4143827129 1616666043 704502716 2796973696 2423748841
122 2 4 48864 2 2695577129 636351702 3959481842 3521840628 1221270462 992515750 1119390202 1521150462 2379488841 1247965668 4023234322 463295288 873014770
122 2 5 49177 2 4216998517 1200331580 1150085648 2134250510 150997144 4272645046 799544811 955592870 646265343 1378958866 3517891934 618113170 3561256575
122 2 6 49490 2 305049748 1912390723 1267844823 107290095 3541296517 4136342166 2602940413 1012755274 4245157071 2395369692 3994077485 2318356166 38671172
122 2 7 49803 2 2918320485 2068315460 2780330218 4099492300 2919364486 3214965016 220962701 2002112633 1631636669 4081055840 3471045794 1324605928 3033174078
122 3 0 54715 2 1687562415 3821335412 3241582089 3995723243 260844707 2743221741 1404046088 1506975496 1373660493 256522662 4265236998 1933917731 3942334557
122 3 1 55028 2 4153113933 1450252600 1131537677 1691184103 2639296993 390445409 1359433146 2689487991 899301490 74173722 764131511 2960620345 2788302073
122 3 2 55341 2 4256918944 359175021 4193357512 1457048217 1524154634 1626001387 238888054 1771719483 448097522 110548320 2745832782 672397277 530032372
122 3 3 55654 2 4243536326 2870761025 163119978 416972876 313806182 252889218 295191363 2079716065 72362578 330720957 2165427276 910731631 1630293147
122 3 4 55967 2 2952809473 4236862918 2819712817 4225346803 2511588459 3915115795 3379312112 3903853287 1359334349 1684974688 1351368181 1436432128 2012635952
122 3 5 56280 2 2056000182 3744155665 466261648 2556885940 2171262832 2679980542 1088009335 3697103730 661362306 3505296484 3414686490 1038650117 3438503430
122 3 6 56593 2 1594408813 206945624 714532193 4277678851 1351110833 1606207405 614325401 2334968245 2041629515 3651414043 2073833448 2778146125 3200391763
122 3 7 56906 2 3254760575 3250286178 472638493 1822815768 972189571 3906059643 3487141642 2875120526 2304918874 3226925962 4151991947 1455321704 3074004978
123 0 0 34217 3 4160240363 4197277196 65924668 674443039 2449506620 1479069210 3266370579 1601998110 2047459857 2626989365 1007591344 1300204027 3998757526
123 0 1 34530 3 3646606935 552708542 1046494502 1706545333 4010878532 2647997793 1056864044 1055128899 3846358453 2356658647 996485239 1876546638 1341320946
123 0 2 34843 3 720606739 1289593818 1466044746 3459076004 3811565930 4010369324 2111010080 3687944983 469320221 3717700887 3468690893 1464521218 494592019
123 0 3 35156 3 323134328 49475087 110018349 2763346625 904551893 3944274413 2831572600 2382228180 293769484 2432186731 258051347 1658748085 1225293993
123 0 4 35469 3 379908717 1129196794 89123286 3022235013 3629587710 904512472 65405953 3888508280 1180988847 515149668 2340073897 4039582880 3384552421
123 0 5 35782 3 2504190423 1756565588 3291826722 476932866 200846932 3637923422 520865709 3412916301 1751941345 2277303028 1050499619 1371604119 3554196691
123 0 6 36095 3 1876544610 347538923 412122659 918884263 1231306829 1355792149 2585726581 2869731714 4070757951 3816428873 2322501760 1168687929 3346230226
123 0 7 36408 3 2707526324 2674645117 2124713807 1616523197 2422782101 2747879901 2764056216 2265757029 2849698330 2711437121 3956560235 1286540263 3362354468
123 1 0 41320 1 2260101423 3711696812 1187878969 1918965886 2419688485 2782294974 3673343813 1884654162 3487008109 3719982439 2926605507 841015022 1727652329
123 1 1 41633 1 3376382761 3059229380 223554549 411143031 3371818353 3223795881 879267087 1595743681 216820078 1992329041 157517127 4232248398 264052564
123 1 2 41946 1 2011311153 2486469900 1549582323 3662837079 2450076067 2490528693 3075048546 3659552757 253002754 671248008 4160690559 4247010160 3211254462
123 1 3 42259 1 2881580428 3272964181 2177079786 3223317713 1681801692 3376078074 472301961 2996712534 162653836 916225374 1743766830 582453679 525984276
123 1 4 42572 1 1863528577 1916516024 192856429 188521706 2205883445 27276819 802141586 282927514 3940074209 1993275794 95288474 1691579324 1622384350
123 1 5 42885 1 1814318100 570719101 2985012506 2508067169 3335275132 3314360326 1694858835 500056503 4227972328 48643037 783835081 2956055586 218598198
123 1 6 43198 1 909556391 152811182 2890858557 1365591152 3170838171 639294771 2858928148 1156440442 1091996033 1873515484 2963810341 1417067120 1885467861
123 1 7 43511 1 2726086918 2337518631 3754848294 370977717 523275368 1375458550 2900003069 307679574 2569310085 2789564265 306203502 2948033228 2196560898
123 2 0 48423 3 168103097 2635873180 2083477450 1922848241 482709382 790469628 1134210063 1816889150 4213723362 47585341 3975517768 3665869169 834228666
123 2 1 48736 3 4097607240 436637505 2990656035 2915366891 3164262485 2230498552 315961437 1326134348 2129932953 3220191758 2586899063 2257404271 3535148659
123 2 2 49049 3 1408464995 1946296480 3904443556 702693666 2149752936 1570927237 3915593673 1414303352 1755251519 2673734075 2061573021 2397462217 2023460140
123 2 3 49362 3 1925740784 3312370553 1463697099 1377632575 4012748125 2768222897 1512763437 2165712185 2019293286 2188413639 4225688798 1251384748 1866592649
123 2 4 49675 3 4091264595 3469537390 2596592390 957124390 2765097188 2299237274 1074722913 1734965336 792246974 2150066461 3477694610 638657945 3962726681
123 2 5 49988 3 2044721050 950540367 2132652131 1733813351 4026072485 2936722073 983456354 2080409001 2163225873 1893076814 689892249 130276708 3767227618
123 2 6 50301 3 3568988214 803294685 4078622965 344716537 1255114915 4219243569 271958345 2459526610 1181608637 2942235987 1856139667 2800935716 3891824100
123 2 7 50614 3 1108972420 2522719363 3057341917 4270211322 2964921567 1220318811 410550000 2222133203 3415310768 1222370805 1554375146 842704265 441309751
123 3 0 55526 3 3288061562 2169919773 3536378200 3559760963 2629233152 3529379854 1186712577 730196999 4172692898 717502618 3185820445 1227923636 569252914
123 3 1 55839 3 727281792 411855731 2150914292 3050093532 538731548 2323594308 3833715160 1651809274 1725897468 3424513082 224530319 4197573669 3283172827
123 3 2 56152 3 2711480785 4044818618 1237379511 2053080472 3403228425 1242649435 558830438 1601182099 2071668303 3599772320 1773414213 2861512283 2705386339
123 3 3 56465 3 1001267179 191397796 3286604291 3234639431 180119789 2675313761 4119726515 1085475013 404341693 3451938457 3844741000 2058575723 1489852094
123 3 4 56778 3 2735521223 3671497280 3436868457 3044228788 3854279575 3128047371 2144579259 692647412 1068452941 3301461771 2499401059 3812912266 2291389100
123 3 5 57091 3 820812004 654706189 1736075426 2321968012 2322076718 239438624 728782610 2518225465 2980660150 3418487085 3743653170 4284089013 3719932682
123 3 6 57404 3 1388466133 672146958 231220383 3200117936 2021992289 2464657551 516580913 1232136517 505657842 3789216209 1412607299 1402172819 3173105721
123 3 7 57717 3 3428539963 1706320758 2476208633 4034538430 2469705091 3938515987 1928562240 418018537 595027794 2686247088 121581909 121327314 3795577757
124 0 0 35028 3 1549466963 3099013784 4192627136 3771349301 4214485795 3050920215 888493538 1360193634 2580929622 3083224649 535185380 787712001 4123491744
124 0 1 35341 3 2531232767 965954194 891500326 1725361499 2237307753 816430025 3254595618 4212932291 3936423365 3129330434 1755244711 3223758786 2188557047
124 0 2 35654 3 1048591244 3023670449 720423949 1222249569 4198723539 2901961059 4073629767 2923599996 1383353354 2339222797 783457712 3433395058 2897571311
124 0 3 35967 3 3737692726 4228809435 3697613335 3226989670 16687178 2432528148 2671098607 2999897082 885160682 791186545 3288693160 944169775 3707546988
124 0 4 36280 3 1270767709 3698053364 2069980612 1605069324 983681527 765856863 4024364341 2292677512 540105806 624189315 1824395980 264612231 105624420
124 0 5 36593 3 2829136206 3955237105 1746036085 4196448930 4077345776 1701807820 311116128 3497251875 2321317743 4246006536 2847948671 243598706 2470625753
124 0 6 36906 3 1010172249 4013469608 1990758376 873826605 26154523 269133139 4256581748 2792786611 407108969 430290922 490963311 163180170 2511776063
124 0 7 37219 3 1332315121 2502323088 751005446 698061495 1414984830 1427324402 3360859566 2863656425 1651636651 1622692480 3523140723 706375989 1192607804
124 1 0 42131 3 3250535202 2659569601 849687692 3387899601 721727191 3279281127 170949316 2192941022 947195726 1841658221 1593290468 3901528993 2202381516
124 1 1 42444 3 853468449 1955889334 1404848459 579789247 4162897906 3277072316 245052116 1068960656 2352399756 1550754009 2765765758 1196436973 1235750030
124 1 2 42757 3 1715423368 4264500801 1433383672 1976426461 1857143945 1581156458 3852874652 3935498599 338569049 1259622726 513551683 862495024 513359932
124 1 3 43070 3 3900377958 1263885795 3624091410 2524154983 2104116381 202917333 227667990 145153355 4159246077 544279050 2660397259 3074836110 170185267
124 1 4 43383 3 1792683371 1744331420 4235140051 964629495 2321057450 2104330516 1184951376 312779311 1475819837 3536006470 1104919491 526244488 352417115
124 1 5 43696 3 3463083164 3125789131 3238409942 3974921771 2411664505 3266059215 2499841182 3005551792 131522028 372306851 1403085998 2757798707 53324082
124 1 6 44009 3 2007630064 2962689011 2385394054 194039288 1848167559 2363567322 1973230690 3203785824 3188502600 322607 2760557352 2424917013 1473567495
124 1 7 44322 3 1734521238 2779831799 2943173800 965794157 2248946267 4246330959 2057967574 1976152612 2863813118 796175479 4260191944 2236753069 2651925228
124 2 0 49234 3 3906471219 1553980028 918833562 464030794 2056192169 904544830 3955121893 3776648454 216828144 2114967079 2274991318 4013957889 3825586391
124 2 1 49547 3 1403923488 1992492017 2216990961 3493867512 619414676 1798507054 3388952004 2171517647 3805939905 2883945436 2877451655 703403554 2097385891
124 2 2 49860 3 1076244846 1175653793 2622072011 3798414570 4256583326 887605060 1226666053 3185185595 4125480909 3371930530 1560381219 3897907718 2655030571
124 2 3 50173 3 702672444 788649347 436307479 1093660309 2865000623 2619930574 245362418 3052321607 3224466579 3124571728 3403841291 1736925081 950863165
124 2 4 50486 3 306830510 176047721 2066128471 433944149 1289755086 839678470 4020536034 1979900727 402235047 2092738640 873407059 30481132 330693401
124 2 5 50799 3 1271780912 3855423911 3648734409 2089955040 1359402108 4035283254 3712187254 455500017 3450951159 135976396 2756198861 3787619408 3398140321
124 2 6 51112 3 3363433868 571356091 2936606657 2387962006 1273185476 954577848 818591899 1892160770 3002175606 3922899927 1092959898 1266508287 1882862084
124 2 7 51425 3 37740610 3947151843 4263257723 3175135162 2196312726 2909551486 4000085792 2394848491 757338327 1575721938 2025801157 459893630 1129110181
124 3 0 56337 0 667760857 198146812 3806524291 1976720946 370110337 282166903 2007350574 1626445692 1702010100 3647281231 2340890410 1706814544 3249890719
124 3 1 56650 0 2145371330 326966775 3443272912 2523964040 4256009609 1552966966 1776994780 3668721027 2393978387 2960861084 569004585 2216965690 3515597420
124 3 2 56963 0 29331866 1544042919 127324552 1062233101 4092208181 1393486765 3919253486 1770781779 1253313005 2120301322 2646587415 884856018 562203175
124 3 3 57276 0 792996718 707649991 2270200092 1946124929 770160069 1483627150 676843302 126847563 2224218301 4084831022 3267184135 2272158168 641620566
124 3 4 57589 0 3880761666 2860079267 1756634238 668107523 2666707665 2420862349 2391744134 484845252 2209992214 3650986227 3304839692 3066552611 2305819944
124 3 5 57902 0 1064121534 3233977979 2650482974 1091182947 501591419 1748916701 855566477 3451543064 2695643324 3140799925 1978246962 2735056605 1140550722
124 3 6 58215 0 3424021174 3974852367 3575494410 155379375 4075538443 3808472771 2934609032 870189494 1326531828 608012241 3214382278 1106278123 2565429958
124 3 7 58528 0 916957802 1135439069 1484293854 3128718944 396115239 1802652081 2305074479 1460320956 2821963456 2719822223 1784084724 2974407495 4167985476
125 0 0 35839 2 2209905859 826966470 888035706 3581215039 379302176 8583820 56710887 2773964446 57631714 3969039320 1119440296 4255660653 896008326
125 0 1 36152 2 4005608864 453336541 1224774969 3155132975 2352095385 629785549 1450586102 4028879283 521984308 3085113360 3483668599 3972740787 861306621
125 0 2 36465 2 408592795 1841690506 3668780182 103569628 2493153154 2132358892 3251810439 4059951188 3259154871 483999415 583802145 1961332485 2299671666
125 0 3 36778 2 1013172262 146223721 555572939 1453629162 130541775 3369445547 2418223118 1703354982 1224853080 2508938892 1085024273 700568594 4081542157
125 0 4 37091 2 1463064945 2239996190 1705780246 975922268 458443042 182837036 1751012765 3203350704 3332318965 2767869516 596293753 3251298976 475333497
125 0 5 37404 2 3658091927 3315677762 2660658970 1302403040 2921860944 2156563238 2370679421 1994565538 62692779 1027405959 741319616 391114631 3817486643
125 0 6 37717 2 3340861973 1982777284 2862419300 2995381286 4291589426 3039328528 3223640889 1625575350 1954383788 3730595717 1009548042 3994779584 2224290314
125 0 7 38030 2 1793263795 2268856160 683738478 4198624196 525407260 1548004112 638852160 1449915750 1406793093 2705664808 3472842702 3384363926 3805499064
125 1 0 42942 2 2757614471 1913589676 734235711 2186212625 4225552679 3442340283 3940396118 1072999265 3116943292 1685404627 1169513391 3102564530 2186254769
125 1 1 43255 2 3877672729 268300404 2136793905 2082284437 2482724557 3596562293 2952353868 152805354 4157268310 3468272077 2252847820 248083214 362573220
125 1 2 43568 2 2856585301 2246928156 1199222905 6639085 2335801699 3306863296 3409283765 3572261736 2495101835 506884695 558856230 3104367241 3117650574
125 1 3 43881 2 372030 3289916163 86838808 1574447284 1704944459 2936743096 1674284838 2947023937 1717724800 170061240 3854462308 2630615765 3466883156
125 1 4 44194 2 688944703 4183514502 3438933661 663307731 80686349 1625098387 1126382902 1130840473 1873771018 3639504591 121771056 1701241476 3534954157
125 1 5 44507 2 4160863756 384725919 992420994 622160505 3277493288 2786859875 2399293335 297189399 3422550391 1328368157 819956064 2001612601 2957997265
125 1 6 44820 2 1865028377 2497434478 3661961987 3899623653 134520103 1603924215 4054311888 3492967701 1547156704 993761758 955077214 2500925258 961324244
125 1 7 45133 2 1952640929 106342568 695667999 661767729 871487207 3104551579 3377533476 2441293249 3706473848 2090256253 843996908 924570263 2404284315
125 2 0 50045 2 680792431 39712480 139560508 2315875809 1718814358 1922790716 380105463 401870409 1310319185 1998275323 370840053 3911769287 1535912731
125 2 1 50358 2 26065936 2179681593 2765422815 3820332222 2246033701 2414631469 2302020153 2047269 220558643 286708800 1619173981 2878397361 345953548
125 2 2 50671 2 3074954909 149951470 3777685564 3212704942 900707354 1979421006 1374147141 2686959184 1072308828 1980051934 1136122333 1245581678 2304583635
125 2 3 50984 2 2611311120 634099679 1420108173 4212132259 3400959147 2172889461 100584928 1286017677 1806625730 3928912430 231701672 1687395834 3504400870
125 2 4 51297 2 3046392203 3555524158 3872780972 3830207230 1099395786 1374560820 4040917449 2224996876 695052285 3636410580 4101523321 34557212 3928604282
125 2 5 51610 2 2436831250 252651231 1634210355 2884763714 1823394803 4095520685 2949582422 146559663 3097878351 4041744657 2919538328 356271238 4109698644
125 2 6 51923 2 1637629248 2746160539 1214495657 2631450815 457658717 3528795657 3764111548 3713544521 116770145 3693308370 1754660798 914379478 208072002
125 2 7 52236 2 2106223164 4060091035 931329645 3871971523 727071389 794086993 1917557284 1117439245 1236707554 673645586 1928733372 1085656351 584557652
125 3 0 57148 0 524544937 178826332 2634900501 276756748 3902668841 3408473129 1849029548 2590452821 720667062 2139838648 1828138048 538703939 594609516
125 3 1 57461 0 3754516659 3029442368 1680613185 2528259047 668638525 913701365 515652272 508033053 922204444 949518552 289683687 2113940956 1418785261
125 3 2 57774 0 2570394141 1311732778 4203395519 1873631966 4232941865 1208400133 4278043424 823019622 3799050399 4007337964 1731105472 2974836462 848424800
125 3 3 58087 0 3324895627 801421114 1190660981 1145904812 3055717955 3266314171 1935638440 4023894741 2473341537 3567795477 927134243 123466425 952815672
125 3 4 58400 0 2367095805 3388493558 2369756287 1022910238 2633501551 3873674827 3595717322 877427501 1685299125 3455402376 868821429 4189439055 3283372233
125 3 5 58713 0 582132770 1253367539 2738093062 894527526 1583360960 590321190 780756273 124356557 507023945 1025935155 2268519980 1035854490 3631605658
125 3 6 59026 0 1940395119 3445724286 1906006399 2753688606 499586525 1784189513 771804574 3027432768 1319808734 1523553780 4140666910 1122606880 1136170261
125 3 7 59339 0 1342797118 4171024955 4264490588 3462985025 483815874 676408314 3912444607 2340377331 1741932797 1795351710 3729444246 3185011309 4092731940
126 0 0 36650 2 917480562 2812827345 2801129719 1464290964 2700588187 4176846608 3963591590 2850778237 2220849216 2898925132 2306005198 3257429462 3691992627
126 0 1 36963 2 1328735142 1148326981 2266794907 1808272036 3828340221 2755495973 3570235836 1597022432 2508555416 1762814371 775032474 412419649 2657038587
126 0 2 37276 2 2234108054 3179289667 4243474517 2986877378 1431432453 2187242169 2191913472 2050654919 2017511426 536849682 3288628847 1103562833 3120096675
126 0 3 37589 2 547333263 678610770 2987148092 1255152480 1548290067 3967639983 2590366138 2995224292 3564082878 3595118083 2790770412 3835565479 2356988017
126 0 4 37902 2 1702162258 263572419 3300672531 4202523968 2685729534 3711528830 2177046278 966254160 3065715588 1632414896 834337046 662957944 1460843403
126 0 5 38215 2 2467462283 2427202794 769482894 1992156525 1798364344 284221328 2931189813 2737745450 635265091 3216276687 3081026115 2933244319 1558212144
126 0 6 38528 2 1472422316 1018884063 761920259 2736381564 684148035 1768062235 2740922204 3224899469 2232845939 1952519047 4114882892 3210862469 2630852256
126 0 7 38841 2 1233882312 1216347901 3954050171 2964214980 2251499047 3119336717 3408731109 3022023036 4155637515 1012999689 3406285837 991532105 2434098033
126 1 0 43753 2 1526267143 4009040558 2090113519 1236363359 1509983263 3302815398 1170064181 2560074765 149093591 1285007979 1667230477 824847836 1932325245
126 1 1 44066 2 2793233484 1947301617 3132264726 2665420357 1428822610 2507539324 417687375 3454062257 611082834 3515154463 1813815803 1921515907 3254752029
126 1 2 44379 2 938901671 666048680 44839413 2247215893 1166513021 3234589345 2789299947 1496166578 1083184701 1704705106 3873505256 2218392546 3956086694
126 1 3 44692 2 4070383396 410388617 4021485592 1023078531 2380403924 8472613 1267776204 3424596403 1556696861 914524627 1512152680 1630444939 647691494
126 1 4 45005 2 2590861028 1967980719 4087748916 464451047 4236779060 3171155010 4135301399 908448010 2085217018 397724131 3239888469 851812101 2773777113
126 1 5 45318 2 2215212907 3878764184 1685462997 1817672002 568148245 1987679881 245925554 412911481 3466940762 3984734177 327572006 721897206 1350226743
126 1 6 45631 2 1015336976 4239702071 3131587618 949472089 715392428 3368042308 705893107 675842755 1724920819 3309727889 3707274204 4142517963 768922746
126 1 7 45944 2 1129250963 3133000362 3853952695 198384280 3902332819 2402346571 712488246 4128115539 3685014974 1503619011 1415212397 4245512729 670033563
126 2 0 50856 3 777973479 616694942 3238348612 2123373954 1162372976 3384935433 898563235 4103848651 3472647035 2986362464 465776819 643510276 3842319558
126 2 1 51169 3 2135234952 2521595425 1193889491 1088300409 1060223853 696598517 1370292192 4191724109 685441229 4006030235 2542351751 751332982 3515831401
126 2 2 51482 3 3364565950 364791545 164602699 273083393 3067639061 1297160993 11276386 1137333452 3366255240 37199040 829352732 75439425 945710812
126 2 3 51795 3 3275502464 947463427 1562113985 24050217 3686669251 2518549435 74089731 4183279548 794993373 1370749577 3221139681 256509781 3970269182
126 2 4 52108 3 1206503355 307732234 1104247222 2557461384 1074639062 3125174208 2652109051 4220971607 1061260327 3406255875 4132030039 3418417497 1628478325
126 2 5 52421 3 2594587592 705293669 3143115187 2134830540 1224001473 335212405 1192554998 1590813291 1455850302 3391219122 2945003541 3105910613 3298720215
126 2 6 52734 3 1327000117 2031511010 1146354070 3097751237 4038496786 3511204088 193823800 1056780217 2215598462 3332343851 666252632 1591783135 1795519846
126 2 7 53047 3 1475640504 146835255 657829201 2401442502 3028254351 192260759 3251253714 1260111607 3617374238 3521517333 1472406522 1821625831 3859838035
126 3 0 57959 2 3066851383 3844610890 2953047247 3137545258 2463780251 691509395 2734385479 3312390962 3199572579 1586061781 441066036 849964575 1577975691
126 3 1 58272 2 3755667454 2828612453 2641927210 3283088785 2846972900 3414843174 1705022923 1507856662 506403965 1761495167 1741966335 2096286383 2600512251
126 3 2 58585 2 4060089348 80147557 2882555062 1897730802 3941285660 2952376357 3823913201 3214901499 4003532 1950687801 1798109061 3057893899 2852831681
126 3 3 58898 2 4105473851 176588872 853761189 2879869106 1728295127 2562458346 120153376 4210893759 836598975 2339617413 1363292814 1133590116 2764798062
126 3 4 59211 2 853068596 4116761757 1817347948 299847578 3127859038 2062323424 3294892165 3613349147 189261367 3913663027 3213973954 2893448731 4240817062
126 3 5 59524 2 3743291794 2387459007 2620606822 3765248152 3176908542 379764576 639270969 2343094790 1848474042 497851215 171772950 1837760993 1429318085
126 3 6 59837 2 2572611268 1007422757 774093670 2235269784 3291990500 3104253059 4107781316 3938130273 620659040 3565189946 2152765850 767811141 1511098628
126 3 7 60150 2 4270080845 2541014444 2910681429 551062210 1442254901 3102578793 2233620594 2348372733 3841426334 2011817237 1493228090 820510120 2523850154
127 0 0 37461 2 70717734 3565984395 4264873922 881535370 3119874876 2106389983 1477583094 1424358177 551388629 2252697580 4212894349 1255418123 1386307678
127 0 1 37774 2 1650191772 773028573 1955851516 2609902852 2120817390 4181171009 1491580560 1471902423 1914969027 2198909026 3691751331 2832036653 3783139656
127 0 2 38087 2 3063903346 1188027895 698597398 2287223430 3571530872 877445243 3490792874 1772867885 3292674825 1366629640 2072412449 278535119 4204537858
127 0 3 38400 2 2947437198 3559530547 2856606410 799503234 235574020 3624105847 3326888558 3869720393 1909489373 3812620308 3101140037 3945458867 266174278
127 0 4 38713 2 2931672999 2125764890 3478168961 3048362575 3843675675 2364258098 3134721851 494742540 861716760 3479175137 3236469640 3681369966 3671331011
127 0 5 39026 2 2193566628 801766021 137754244 2513837116 2299328886 1151906585 1084809512 1285506015 3813396555 4067270890 2630944315 3579001621 1602681392
127 0 6 39339 2 3966459833 3476020608 382823263 511316045 1386293153 1363837056 2991755193 394102430 1984146762 3109555427 1524369634 1111056964 1944905633
127 0 7 39652 2 2177027075 608045414 3472464117 3037855067 1611221639 982434606 293561359 1204059480 1008810092 2206944477 2204182972 4245363186 781485543
127 1 0 44564 1 454896549 1470698460 1209159348 2618584556 1676748390 3640921737 1258503320 391368879 3408944347 1435377850 1154044267 4126669893 1768128480
127 1 1 44877 1 4227327508 1513626197 2540439427 1931836985 2346623309 3106069100 3077283533 970188266 3735017934 722530815 676055702 1787644376 1365770165
127 1 2 45190 1 3624047753 924850608 3268207248 3558380256 2674719530 21805277 2670256036 551644195 2651293911 953329854 1506780119 3417067505 3820618572
127 1 3 45503 1 3026633261 3083015588 4032451036 3582291588 1204473198 2984769729 392434704 3105477431 1102648867 276763970 2355900707 1086293165 2593311944
127 1 4 45816 1 2263106529 3013876680 95116008 1569613448 3314252386 1650315429 1159718348 3456605531 1643980431 1537826006 775676287 1313407209 1521485028
127 1 5 46129 1 51028796 648363197 853485419 3521573905 253995989 1643307524 1484368645 3447191314 963082902 3511592743 63414414 3817128768 708683165
127 1 6 46442 1 3676422414 4175194291 1286117209 2074332567 3701414643 32698778 1308809059 3908437732 3376921904 3219607225 2725259312 2188031174 3743625499
127 1 7 46755 1 2675280963 831685030 3484052406 1972069702 479944888 2279134139 1037355242 1406458061 959749417 2032063016 3785464929 2204804879 3001180482
127 2 0 51667 3 2105188337 2892917944 2192085093 3949446827 3227459223 2326165438 1444968223 829138280 1587816764 3671386797 1918565900 1443320642 2584369911
127 2 1 51980 3 3656902480 242664209 3984010518 2353615238 3007143160 4177328443 2107309034 385252461 1084735177 2929958024 560451425 738890447 4017646978
127 2 2 52293 3 1515978398 3622039459 2835778716 3156838564 3854184718 2891124897 2662401392 1419482039 1289410083 1724930690 2021476355 1273851981 1680757736
127 2 3 52606 3 2641653560 1512708793 2534772606 738949150 3401320352 1433999315 3233422722 603562133 300377361 3955327248 1638471161 524380631 3592587178
127 2 4 52919 3 3229889738 121289039 416400384 3907068560 2977884250 1188222541 2481606420 27838259 3669168871 2529317966 208375239 2687784481 1133437820
127 2 5 53232 3 3658509270 1987579547 1165824564 3631508172 1992047686 3810699817 3721100600 3731456751 4166264731 2352024250 1965672459 3784481701 3543341120
127 2 6 53545 3 3252195445 441752716 3328999569 1018196159 2671902475 1462324962 696612459 3201915708 3664859144 4106336721 2435760248 905955550 3080088755
127 2 7 53858 3 3541657724 221734909 942070522 592928594 1369232660 1528388679 2694424254 1194340569 1311478701 1876741988 2818167765 3998079107 1038986454
127 3 0 58770 0 582499101 2825562484 2065910218 2055823906 464418980 1156155863 2645531214 245375369 4242756509 1232449940 76572197 2196415571 3226792422
127 3 1 59083 0 2509796844 206377101 3416724313 499098007 2045050483 2071870298 3260061859 1202526244 2127035632 3470998841 1329722736 3405408454 984638363
127 3 2 59396 0 4233276954 2163890431 3367787759 2493858269 2095271473 421952464 1034669257 40919694 1174679162 1262317011 3153216114 31818644 4284917617
127 3 3 59709 0 3083372075 574677710 647099408 2783028576 3262542122 814309789 1943528420 2917435747 792678551 3672447678 1950046231 2907086961 2244769100
127 3 4 60022 0 1883471845 833088284 1239685458 2412567386 3237806668 4250662895 2985870790 2252755857 1188258117 2685109148 3860771549 527457115 3752807022
127 3 5 60335 0 1695961117 1448818292 1295530186 3579889442 457465764 2584241879 4073617230 1673461385 1375875229 2660535956 1504658213 3624501587 359911142
127 3 6 60648 0 3546834313 4055368368 4120729502 217248862 2244204640 151521171 1831676994 2896074677 2727052337 1392132272 572561593 631759767 1151842154
127 3 7 60961 0 1399492123 2280220318 2307467872 1741863440 380351194 2362210765 408970388 1342217363 275334983 49007662 2721168199 4095818657 3296190204
