0 16 0 3647682759
0 16 1 3497207285
0 16 2 2557150279
0 16 3 2373715700
0 16 4 2152130276
0 16 5 1212073270
0 16 6 3718792709
0 16 7 2017205202
0 17 0 1493206742
0 17 1 816499876
0 17 2 3728239318
0 17 3 1939991461
0 17 4 2161576885
0 17 5 778349031
0 17 6 594914452
0 17 7 402945315
0 18 0 1690279185
0 18 1 2851687171
0 18 2 4234915025
0 18 3 1728195586
0 18 4 1506610162
0 18 5 2889838016
0 18 6 3073272595
0 18 7 2600844996
0 19 0 3830770464
0 19 1 170979762
0 19 2 1111036768
0 19 3 1294471347
0 19 4 1516056771
0 19 5 2456113777
0 19 6 4244361634
0 19 7 986585109
0 20 0 775844043
0 20 1 402151297
0 20 2 3010876619
0 20 3 3573627008
0 20 4 3352041584
0 20 5 2411984578
0 20 6 623736721
0 20 7 27540276
0 21 0 775844043
0 21 1 402151297
0 21 2 3010876619
0 21 3 3573627008
0 21 4 3352041584
0 21 5 2411984578
0 21 6 623736721
0 21 7 27540276
0 22 0 775844043
0 22 1 402151297
0 22 2 3010876619
0 22 3 3573627008
0 22 4 3352041584
0 22 5 2411984578
0 22 6 623736721
0 22 7 27540276
0 23 0 775844043
0 23 1 402151297
0 23 2 3010876619
0 23 3 3573627008
0 23 4 3352041584
0 23 5 2411984578
0 23 6 623736721
0 23 7 27540276
0 24 0 1962868308
0 24 1 2113343782
0 24 2 3053400788
0 24 3 3236835367
0 24 4 3458420791
0 24 5 103510501
0 24 6 1891758358
0 24 7 3271770355
0 25 0 1962868308
0 25 1 2113343782
0 25 2 3053400788
0 25 3 3236835367
0 25 4 3458420791
0 25 5 103510501
0 25 6 1891758358
0 25 7 3271770355
0 26 0 1962868308
0 26 1 2113343782
0 26 2 3053400788
0 26 3 3236835367
0 26 4 3458420791
0 26 5 103510501
0 26 6 1891758358
0 26 7 3271770355
0 27 0 1962868308
0 27 1 2113343782
0 27 2 3053400788
0 27 3 3236835367
0 27 4 3458420791
0 27 5 103510501
0 27 6 1891758358
0 27 7 3271770355
0 28 0 1962868308
0 28 1 2113343782
0 28 2 3053400788
0 28 3 3236835367
0 28 4 3458420791
0 28 5 103510501
0 28 6 1891758358
0 28 7 3271770355
0 29 0 1962868308
0 29 1 2113343782
0 29 2 3053400788
0 29 3 3236835367
0 29 4 3458420791
0 29 5 103510501
0 29 6 1891758358
0 29 7 3271770355
0 30 0 1962868308
0 30 1 2113343782
0 30 2 3053400788
0 30 3 3236835367
0 30 4 3458420791
0 30 5 103510501
0 30 6 1891758358
0 30 7 3271770355
0 31 0 1962868308
0 31 1 2113343782
0 31 2 3053400788
0 31 3 3236835367
0 31 4 3458420791
0 31 5 103510501
0 31 6 1891758358
0 31 7 3271770355
0 32 0 1264015499
0 32 1 1113540025
0 32 2 173483019
0 32 3 4285015736
0 32 4 4063430312
0 32 5 3123373306
0 32 6 1335125449
0 32 7 3715305772
0 33 0 1264015499
0 33 1 1113540025
0 33 2 173483019
0 33 3 4285015736
0 33 4 4063430312
0 33 5 3123373306
0 33 6 1335125449
0 33 7 3715305772
0 34 0 1264015499
0 34 1 1113540025
0 34 2 173483019
0 34 3 4285015736
0 34 4 4063430312
0 34 5 3123373306
0 34 6 1335125449
0 34 7 3715305772
0 35 0 1264015499
0 35 1 1113540025
0 35 2 173483019
0 35 3 4285015736
0 35 4 4063430312
0 35 5 3123373306
0 35 6 1335125449
0 35 7 3715305772
0 36 0 2362686850
0 36 1 2780378923
0 36 2 173111606
0 36 3 1656887338
0 36 4 1739774039
0 36 5 2818529768
0 36 6 1464394560
0 36 7 2956395150
0 37 0 2362686850
0 37 1 3803280394
0 37 2 3394971734
0 37 3 631804683
0 37 4 666666871
0 37 5 1793447113
0 37 6 1464394560
0 37 7 1933493679
0 38 0 2362686850
0 38 1 2485736809
0 38 2 3956901878
0 38 3 1362245224
0 38 4 1228597015
0 38 5 200602794
0 38 6 1464394560
0 38 7 2661753036
0 39 0 2362686850
0 39 1 3508638280
0 39 2 2883794710
0 39 3 337162569
0 39 4 155489847
0 39 5 3470487435
0 39 6 1464394560
0 39 7 3577656045
0 40 0 775844043
0 40 1 128763739
0 40 2 3010876619
0 40 3 542780744
0 40 4 2605856616
0 40 5 166914584
0 40 6 4172519049
0 40 7 2010609804
0 41 0 775844043
0 41 1 3681828106
0 41 2 3010876619
0 41 3 542780744
0 41 4 2605856616
0 41 5 1671994825
0 41 6 4172519049
0 41 7 2010609804
0 42 0 775844043
0 42 1 114779001
0 42 2 3010876619
0 42 3 542780744
0 42 4 2605856616
0 42 5 2124612282
0 42 6 4172519049
0 42 7 2010609804
0 43 0 775844043
0 43 1 3651217704
0 43 2 3010876619
0 43 3 542780744
0 43 4 2605856616
0 43 5 3613066859
0 43 6 4172519049
0 43 7 2010609804
0 44 0 1962868308
0 44 1 2113343782
0 44 2 3053400788
0 44 3 3236835367
0 44 4 3458420791
0 44 5 103510501
0 44 6 1891758358
0 44 7 3271770355
0 45 0 1962868308
0 45 1 2113343782
0 45 2 3053400788
0 45 3 3236835367
0 45 4 3458420791
0 45 5 103510501
0 45 6 1891758358
0 45 7 3271770355
0 46 0 1962868308
0 46 1 2113343782
0 46 2 3053400788
0 46 3 3236835367
0 46 4 3458420791
0 46 5 103510501
0 46 6 1891758358
0 46 7 3271770355
0 47 0 1962868308
0 47 1 2113343782
0 47 2 3053400788
0 47 3 3236835367
0 47 4 3458420791
0 47 5 103510501
0 47 6 1891758358
0 47 7 3271770355
1 16 0 3647682759
1 16 1 3497207285
1 16 2 2557150279
1 16 3 2373715700
1 16 4 2152130276
1 16 5 1212073270
1 16 6 3718792709
1 16 7 2017205202
1 17 0 1493206742
1 17 1 816499876
1 17 2 3728239318
1 17 3 1939991461
1 17 4 2161576885
1 17 5 778349031
1 17 6 594914452
1 17 7 402945315
1 18 0 1690279185
1 18 1 2851687171
1 18 2 4234915025
1 18 3 1728195586
1 18 4 1506610162
1 18 5 2889838016
1 18 6 3073272595
1 18 7 2600844996
1 19 0 3830770464
1 19 1 170979762
1 19 2 1111036768
1 19 3 1294471347
1 19 4 1516056771
1 19 5 2456113777
1 19 6 4244361634
1 19 7 986585109
1 20 0 775844043
1 20 1 402151297
1 20 2 3010876619
1 20 3 3573627008
1 20 4 3352041584
1 20 5 2411984578
1 20 6 623736721
1 20 7 27540276
1 21 0 775844043
1 21 1 402151297
1 21 2 3010876619
1 21 3 3573627008
1 21 4 3352041584
1 21 5 2411984578
1 21 6 623736721
1 21 7 27540276
1 22 0 775844043
1 22 1 402151297
1 22 2 3010876619
1 22 3 3573627008
1 22 4 3352041584
1 22 5 2411984578
1 22 6 623736721
1 22 7 27540276
1 23 0 775844043
1 23 1 402151297
1 23 2 3010876619
1 23 3 3573627008
1 23 4 3352041584
1 23 5 2411984578
1 23 6 623736721
1 23 7 27540276
1 24 0 1962868308
1 24 1 2113343782
1 24 2 3053400788
1 24 3 3236835367
1 24 4 3458420791
1 24 5 103510501
1 24 6 1891758358
1 24 7 3271770355
1 25 0 1962868308
1 25 1 2113343782
1 25 2 3053400788
1 25 3 3236835367
1 25 4 3458420791
1 25 5 103510501
1 25 6 1891758358
1 25 7 3271770355
1 26 0 1962868308
1 26 1 2113343782
1 26 2 3053400788
1 26 3 3236835367
1 26 4 3458420791
1 26 5 103510501
1 26 6 1891758358
1 26 7 3271770355
1 27 0 1962868308
1 27 1 2113343782
1 27 2 3053400788
1 27 3 3236835367
1 27 4 3458420791
1 27 5 103510501
1 27 6 1891758358
1 27 7 3271770355
1 28 0 1962868308
1 28 1 2113343782
1 28 2 3053400788
1 28 3 3236835367
1 28 4 3458420791
1 28 5 103510501
1 28 6 1891758358
1 28 7 3271770355
1 29 0 1962868308
1 29 1 2113343782
1 29 2 3053400788
1 29 3 3236835367
1 29 4 3458420791
1 29 5 103510501
1 29 6 1891758358
1 29 7 3271770355
1 30 0 1962868308
1 30 1 2113343782
1 30 2 3053400788
1 30 3 3236835367
1 30 4 3458420791
1 30 5 103510501
1 30 6 1891758358
1 30 7 3271770355
1 31 0 1962868308
1 31 1 2113343782
1 31 2 3053400788
1 31 3 3236835367
1 31 4 3458420791
1 31 5 103510501
1 31 6 1891758358
1 31 7 3271770355
1 32 0 1264015499
1 32 1 1113540025
1 32 2 173483019
1 32 3 4285015736
1 32 4 4063430312
1 32 5 3123373306
1 32 6 1335125449
1 32 7 3715305772
1 33 0 1264015499
1 33 1 1113540025
1 33 2 173483019
1 33 3 4285015736
1 33 4 4063430312
1 33 5 3123373306
1 33 6 1335125449
1 33 7 3715305772
1 34 0 1264015499
1 34 1 1113540025
1 34 2 173483019
1 34 3 4285015736
1 34 4 4063430312
1 34 5 3123373306
1 34 6 1335125449
1 34 7 3715305772
1 35 0 1264015499
1 35 1 1113540025
1 35 2 173483019
1 35 3 4285015736
1 35 4 4063430312
1 35 5 3123373306
1 35 6 1335125449
1 35 7 3715305772
1 36 0 2362686850
1 36 1 2780378923
1 36 2 173111606
1 36 3 1656887338
1 36 4 1739774039
1 36 5 2818529768
1 36 6 1464394560
1 36 7 2956395150
1 37 0 2362686850
1 37 1 3803280394
1 37 2 3394971734
1 37 3 631804683
1 37 4 666666871
1 37 5 1793447113
1 37 6 1464394560
1 37 7 1933493679
1 38 0 2362686850
1 38 1 2485736809
1 38 2 3956901878
1 38 3 1362245224
1 38 4 1228597015
1 38 5 200602794
1 38 6 1464394560
1 38 7 2661753036
1 39 0 2362686850
1 39 1 3508638280
1 39 2 2883794710
1 39 3 337162569
1 39 4 155489847
1 39 5 3470487435
1 39 6 1464394560
1 39 7 3577656045
1 40 0 775844043
1 40 1 128763739
1 40 2 3010876619
1 40 3 542780744
1 40 4 2605856616
1 40 5 166914584
1 40 6 4172519049
1 40 7 2010609804
1 41 0 775844043
1 41 1 3681828106
1 41 2 3010876619
1 41 3 542780744
1 41 4 2605856616
1 41 5 1671994825
1 41 6 4172519049
1 41 7 2010609804
1 42 0 775844043
1 42 1 114779001
1 42 2 3010876619
1 42 3 542780744
1 42 4 2605856616
1 42 5 2124612282
1 42 6 4172519049
1 42 7 2010609804
1 43 0 775844043
1 43 1 3651217704
1 43 2 3010876619
1 43 3 542780744
1 43 4 2605856616
1 43 5 3613066859
1 43 6 4172519049
1 43 7 2010609804
1 44 0 1962868308
1 44 1 2113343782
1 44 2 3053400788
1 44 3 3236835367
1 44 4 3458420791
1 44 5 103510501
1 44 6 1891758358
1 44 7 3271770355
1 45 0 1962868308
1 45 1 2113343782
1 45 2 3053400788
1 45 3 3236835367
1 45 4 3458420791
1 45 5 103510501
1 45 6 1891758358
1 45 7 3271770355
1 46 0 1962868308
1 46 1 2113343782
1 46 2 3053400788
1 46 3 3236835367
1 46 4 3458420791
1 46 5 103510501
1 46 6 1891758358
1 46 7 3271770355
1 47 0 1962868308
1 47 1 2113343782
1 47 2 3053400788
1 47 3 3236835367
1 47 4 3458420791
1 47 5 103510501
1 47 6 1891758358
1 47 7 3271770355
2 16 0 3647682759
2 16 1 3497207285
2 16 2 2557150279
2 16 3 2373715700
2 16 4 2152130276
2 16 5 1212073270
2 16 6 3718792709
2 16 7 2017205202
2 17 0 1493206742
2 17 1 816499876
2 17 2 3728239318
2 17 3 1939991461
2 17 4 2161576885
2 17 5 778349031
2 17 6 594914452
2 17 7 402945315
2 18 0 1690279185
2 18 1 2851687171
2 18 2 4234915025
2 18 3 1728195586
2 18 4 1506610162
2 18 5 2889838016
2 18 6 3073272595
2 18 7 2600844996
2 19 0 3830770464
2 19 1 170979762
2 19 2 1111036768
2 19 3 1294471347
2 19 4 1516056771
2 19 5 2456113777
2 19 6 4244361634
2 19 7 986585109
2 20 0 775844043
2 20 1 402151297
2 20 2 3010876619
2 20 3 3573627008
2 20 4 3352041584
2 20 5 2411984578
2 20 6 623736721
2 20 7 27540276
2 21 0 775844043
2 21 1 402151297
2 21 2 3010876619
2 21 3 3573627008
2 21 4 3352041584
2 21 5 2411984578
2 21 6 623736721
2 21 7 27540276
2 22 0 775844043
2 22 1 402151297
2 22 2 3010876619
2 22 3 3573627008
2 22 4 3352041584
2 22 5 2411984578
2 22 6 623736721
2 22 7 27540276
2 23 0 775844043
2 23 1 402151297
2 23 2 3010876619
2 23 3 3573627008
2 23 4 3352041584
2 23 5 2411984578
2 23 6 623736721
2 23 7 27540276
2 24 0 1962868308
2 24 1 2113343782
2 24 2 3053400788
2 24 3 3236835367
2 24 4 3458420791
2 24 5 103510501
2 24 6 1891758358
2 24 7 3271770355
2 25 0 1962868308
2 25 1 2113343782
2 25 2 3053400788
2 25 3 3236835367
2 25 4 3458420791
2 25 5 103510501
2 25 6 1891758358
2 25 7 3271770355
2 26 0 1962868308
2 26 1 2113343782
2 26 2 3053400788
2 26 3 3236835367
2 26 4 3458420791
2 26 5 103510501
2 26 6 1891758358
2 26 7 3271770355
2 27 0 1962868308
2 27 1 2113343782
2 27 2 3053400788
2 27 3 3236835367
2 27 4 3458420791
2 27 5 103510501
2 27 6 1891758358
2 27 7 3271770355
2 28 0 1962868308
2 28 1 2113343782
2 28 2 3053400788
2 28 3 3236835367
2 28 4 3458420791
2 28 5 103510501
2 28 6 1891758358
2 28 7 3271770355
2 29 0 1962868308
2 29 1 2113343782
2 29 2 3053400788
2 29 3 3236835367
2 29 4 3458420791
2 29 5 103510501
2 29 6 1891758358
2 29 7 3271770355
2 30 0 1962868308
2 30 1 2113343782
2 30 2 3053400788
2 30 3 3236835367
2 30 4 3458420791
2 30 5 103510501
2 30 6 1891758358
2 30 7 3271770355
2 31 0 1962868308
2 31 1 2113343782
2 31 2 3053400788
2 31 3 3236835367
2 31 4 3458420791
2 31 5 103510501
2 31 6 1891758358
2 31 7 3271770355
2 32 0 1264015499
2 32 1 1113540025
2 32 2 173483019
2 32 3 4285015736
2 32 4 4063430312
2 32 5 3123373306
2 32 6 1335125449
2 32 7 3715305772
2 33 0 1264015499
2 33 1 1113540025
2 33 2 173483019
2 33 3 4285015736
2 33 4 4063430312
2 33 5 3123373306
2 33 6 1335125449
2 33 7 3715305772
2 34 0 1264015499
2 34 1 1113540025
2 34 2 173483019
2 34 3 4285015736
2 34 4 4063430312
2 34 5 3123373306
2 34 6 1335125449
2 34 7 3715305772
2 35 0 1264015499
2 35 1 1113540025
2 35 2 173483019
2 35 3 4285015736
2 35 4 4063430312
2 35 5 3123373306
2 35 6 1335125449
2 35 7 3715305772
2 36 0 2362686850
2 36 1 2780378923
2 36 2 173111606
2 36 3 1656887338
2 36 4 1739774039
2 36 5 2818529768
2 36 6 1464394560
2 36 7 2956395150
2 37 0 2362686850
2 37 1 3803280394
2 37 2 3394971734
2 37 3 631804683
2 37 4 666666871
2 37 5 1793447113
2 37 6 1464394560
2 37 7 1933493679
2 38 0 2362686850
2 38 1 2485736809
2 38 2 3956901878
2 38 3 1362245224
2 38 4 1228597015
2 38 5 200602794
2 38 6 1464394560
2 38 7 2661753036
2 39 0 2362686850
2 39 1 3508638280
2 39 2 2883794710
2 39 3 337162569
2 39 4 155489847
2 39 5 3470487435
2 39 6 1464394560
2 39 7 3577656045
2 40 0 775844043
2 40 1 128763739
2 40 2 3010876619
2 40 3 542780744
2 40 4 2605856616
2 40 5 166914584
2 40 6 4172519049
2 40 7 2010609804
2 41 0 775844043
2 41 1 3681828106
2 41 2 3010876619
2 41 3 542780744
2 41 4 2605856616
2 41 5 1671994825
2 41 6 4172519049
2 41 7 2010609804
2 42 0 775844043
2 42 1 114779001
2 42 2 3010876619
2 42 3 542780744
2 42 4 2605856616
2 42 5 2124612282
2 42 6 4172519049
2 42 7 2010609804
2 43 0 775844043
2 43 1 3651217704
2 43 2 3010876619
2 43 3 542780744
2 43 4 2605856616
2 43 5 3613066859
2 43 6 4172519049
2 43 7 2010609804
2 44 0 1962868308
2 44 1 2113343782
2 44 2 3053400788
2 44 3 3236835367
2 44 4 3458420791
2 44 5 103510501
2 44 6 1891758358
2 44 7 3271770355
2 45 0 1962868308
2 45 1 2113343782
2 45 2 3053400788
2 45 3 3236835367
2 45 4 3458420791
2 45 5 103510501
2 45 6 1891758358
2 45 7 3271770355
2 46 0 1962868308
2 46 1 2113343782
2 46 2 3053400788
2 46 3 3236835367
2 46 4 3458420791
2 46 5 103510501
2 46 6 1891758358
2 46 7 3271770355
2 47 0 1962868308
2 47 1 2113343782
2 47 2 3053400788
2 47 3 3236835367
2 47 4 3458420791
2 47 5 103510501
2 47 6 1891758358
2 47 7 3271770355
3 16 0 3647682759
3 16 1 3497207285
3 16 2 2557150279
3 16 3 2373715700
3 16 4 2152130276
3 16 5 1212073270
3 16 6 3718792709
3 16 7 2017205202
3 17 0 1493206742
3 17 1 816499876
3 17 2 3728239318
3 17 3 1939991461
3 17 4 2161576885
3 17 5 778349031
3 17 6 594914452
3 17 7 402945315
3 18 0 1690279185
3 18 1 2851687171
3 18 2 4234915025
3 18 3 1728195586
3 18 4 1506610162
3 18 5 2889838016
3 18 6 3073272595
3 18 7 2600844996
3 19 0 3830770464
3 19 1 170979762
3 19 2 1111036768
3 19 3 1294471347
3 19 4 1516056771
3 19 5 2456113777
3 19 6 4244361634
3 19 7 986585109
3 20 0 775844043
3 20 1 402151297
3 20 2 3010876619
3 20 3 3573627008
3 20 4 3352041584
3 20 5 2411984578
3 20 6 623736721
3 20 7 27540276
3 21 0 775844043
3 21 1 402151297
3 21 2 3010876619
3 21 3 3573627008
3 21 4 3352041584
3 21 5 2411984578
3 21 6 623736721
3 21 7 27540276
3 22 0 775844043
3 22 1 402151297
3 22 2 3010876619
3 22 3 3573627008
3 22 4 3352041584
3 22 5 2411984578
3 22 6 623736721
3 22 7 27540276
3 23 0 775844043
3 23 1 402151297
3 23 2 3010876619
3 23 3 3573627008
3 23 4 3352041584
3 23 5 2411984578
3 23 6 623736721
3 23 7 27540276
3 24 0 1962868308
3 24 1 2113343782
3 24 2 3053400788
3 24 3 3236835367
3 24 4 3458420791
3 24 5 103510501
3 24 6 1891758358
3 24 7 3271770355
3 25 0 1962868308
3 25 1 2113343782
3 25 2 3053400788
3 25 3 3236835367
3 25 4 3458420791
3 25 5 103510501
3 25 6 1891758358
3 25 7 3271770355
3 26 0 1962868308
3 26 1 2113343782
3 26 2 3053400788
3 26 3 3236835367
3 26 4 3458420791
3 26 5 103510501
3 26 6 1891758358
3 26 7 3271770355
3 27 0 1962868308
3 27 1 2113343782
3 27 2 3053400788
3 27 3 3236835367
3 27 4 3458420791
3 27 5 103510501
3 27 6 1891758358
3 27 7 3271770355
3 28 0 1962868308
3 28 1 2113343782
3 28 2 3053400788
3 28 3 3236835367
3 28 4 3458420791
3 28 5 103510501
3 28 6 1891758358
3 28 7 3271770355
3 29 0 1962868308
3 29 1 2113343782
3 29 2 3053400788
3 29 3 3236835367
3 29 4 3458420791
3 29 5 103510501
3 29 6 1891758358
3 29 7 3271770355
3 30 0 1962868308
3 30 1 2113343782
3 30 2 3053400788
3 30 3 3236835367
3 30 4 3458420791
3 30 5 103510501
3 30 6 1891758358
3 30 7 3271770355
3 31 0 1962868308
3 31 1 2113343782
3 31 2 3053400788
3 31 3 3236835367
3 31 4 3458420791
3 31 5 103510501
3 31 6 1891758358
3 31 7 3271770355
3 32 0 1264015499
3 32 1 1113540025
3 32 2 173483019
3 32 3 4285015736
3 32 4 4063430312
3 32 5 3123373306
3 32 6 1335125449
3 32 7 3715305772
3 33 0 1264015499
3 33 1 1113540025
3 33 2 173483019
3 33 3 4285015736
3 33 4 4063430312
3 33 5 3123373306
3 33 6 1335125449
3 33 7 3715305772
3 34 0 1264015499
3 34 1 1113540025
3 34 2 173483019
3 34 3 4285015736
3 34 4 4063430312
3 34 5 3123373306
3 34 6 1335125449
3 34 7 3715305772
3 35 0 1264015499
3 35 1 1113540025
3 35 2 173483019
3 35 3 4285015736
3 35 4 4063430312
3 35 5 3123373306
3 35 6 1335125449
3 35 7 3715305772
3 36 0 2362686850
3 36 1 2780378923
3 36 2 173111606
3 36 3 1656887338
3 36 4 1739774039
3 36 5 2818529768
3 36 6 1464394560
3 36 7 2956395150
3 37 0 2362686850
3 37 1 3803280394
3 37 2 3394971734
3 37 3 631804683
3 37 4 666666871
3 37 5 1793447113
3 37 6 1464394560
3 37 7 1933493679
3 38 0 2362686850
3 38 1 2485736809
3 38 2 3956901878
3 38 3 1362245224
3 38 4 1228597015
3 38 5 200602794
3 38 6 1464394560
3 38 7 2661753036
3 39 0 2362686850
3 39 1 3508638280
3 39 2 2883794710
3 39 3 337162569
3 39 4 155489847
3 39 5 3470487435
3 39 6 1464394560
3 39 7 3577656045
3 40 0 775844043
3 40 1 128763739
3 40 2 3010876619
3 40 3 542780744
3 40 4 2605856616
3 40 5 166914584
3 40 6 4172519049
3 40 7 2010609804
3 41 0 775844043
3 41 1 3681828106
3 41 2 3010876619
3 41 3 542780744
3 41 4 2605856616
3 41 5 1671994825
3 41 6 4172519049
3 41 7 2010609804
3 42 0 775844043
3 42 1 114779001
3 42 2 3010876619
3 42 3 542780744
3 42 4 2605856616
3 42 5 2124612282
3 42 6 4172519049
3 42 7 2010609804
3 43 0 775844043
3 43 1 3651217704
3 43 2 3010876619
3 43 3 542780744
3 43 4 2605856616
3 43 5 3613066859
3 43 6 4172519049
3 43 7 2010609804
3 44 0 1962868308
3 44 1 2113343782
3 44 2 3053400788
3 44 3 3236835367
3 44 4 3458420791
3 44 5 103510501
3 44 6 1891758358
3 44 7 3271770355
3 45 0 1962868308
3 45 1 2113343782
3 45 2 3053400788
3 45 3 3236835367
3 45 4 3458420791
3 45 5 103510501
3 45 6 1891758358
3 45 7 3271770355
3 46 0 1962868308
3 46 1 2113343782
3 46 2 3053400788
3 46 3 3236835367
3 46 4 3458420791
3 46 5 103510501
3 46 6 1891758358
3 46 7 3271770355
3 47 0 1962868308
3 47 1 2113343782
3 47 2 3053400788
3 47 3 3236835367
3 47 4 3458420791
3 47 5 103510501
3 47 6 1891758358
3 47 7 3271770355
4 16 0 3647682759
4 16 1 3497207285
4 16 2 2557150279
4 16 3 2373715700
4 16 4 2152130276
4 16 5 1212073270
4 16 6 3718792709
4 16 7 2017205202
4 17 0 1493206742
4 17 1 816499876
4 17 2 3728239318
4 17 3 1939991461
4 17 4 2161576885
4 17 5 778349031
4 17 6 594914452
4 17 7 402945315
4 18 0 1690279185
4 18 1 2851687171
4 18 2 4234915025
4 18 3 1728195586
4 18 4 1506610162
4 18 5 2889838016
4 18 6 3073272595
4 18 7 2600844996
4 19 0 3830770464
4 19 1 170979762
4 19 2 1111036768
4 19 3 1294471347
4 19 4 1516056771
4 19 5 2456113777
4 19 6 4244361634
4 19 7 986585109
4 20 0 775844043
4 20 1 402151297
4 20 2 3010876619
4 20 3 3573627008
4 20 4 3352041584
4 20 5 2411984578
4 20 6 623736721
4 20 7 27540276
4 21 0 775844043
4 21 1 402151297
4 21 2 3010876619
4 21 3 3573627008
4 21 4 3352041584
4 21 5 2411984578
4 21 6 623736721
4 21 7 27540276
4 22 0 775844043
4 22 1 402151297
4 22 2 3010876619
4 22 3 3573627008
4 22 4 3352041584
4 22 5 2411984578
4 22 6 623736721
4 22 7 27540276
4 23 0 775844043
4 23 1 402151297
4 23 2 3010876619
4 23 3 3573627008
4 23 4 3352041584
4 23 5 2411984578
4 23 6 623736721
4 23 7 27540276
4 24 0 1962868308
4 24 1 2113343782
4 24 2 3053400788
4 24 3 3236835367
4 24 4 3458420791
4 24 5 103510501
4 24 6 1891758358
4 24 7 3271770355
4 25 0 1962868308
4 25 1 2113343782
4 25 2 3053400788
4 25 3 3236835367
4 25 4 3458420791
4 25 5 103510501
4 25 6 1891758358
4 25 7 3271770355
4 26 0 1962868308
4 26 1 2113343782
4 26 2 3053400788
4 26 3 3236835367
4 26 4 3458420791
4 26 5 103510501
4 26 6 1891758358
4 26 7 3271770355
4 27 0 1962868308
4 27 1 2113343782
4 27 2 3053400788
4 27 3 3236835367
4 27 4 3458420791
4 27 5 103510501
4 27 6 1891758358
4 27 7 3271770355
4 28 0 1962868308
4 28 1 2113343782
4 28 2 3053400788
4 28 3 3236835367
4 28 4 3458420791
4 28 5 103510501
4 28 6 1891758358
4 28 7 3271770355
4 29 0 1962868308
4 29 1 2113343782
4 29 2 3053400788
4 29 3 3236835367
4 29 4 3458420791
4 29 5 103510501
4 29 6 1891758358
4 29 7 3271770355
4 30 0 1962868308
4 30 1 2113343782
4 30 2 3053400788
4 30 3 3236835367
4 30 4 3458420791
4 30 5 103510501
4 30 6 1891758358
4 30 7 3271770355
4 31 0 1962868308
4 31 1 2113343782
4 31 2 3053400788
4 31 3 3236835367
4 31 4 3458420791
4 31 5 103510501
4 31 6 1891758358
4 31 7 3271770355
4 32 0 1264015499
4 32 1 1113540025
4 32 2 173483019
4 32 3 4285015736
4 32 4 4063430312
4 32 5 3123373306
4 32 6 1335125449
4 32 7 3715305772
4 33 0 1264015499
4 33 1 1113540025
4 33 2 173483019
4 33 3 4285015736
4 33 4 4063430312
4 33 5 3123373306
4 33 6 1335125449
4 33 7 3715305772
4 34 0 1264015499
4 34 1 1113540025
4 34 2 173483019
4 34 3 4285015736
4 34 4 4063430312
4 34 5 3123373306
4 34 6 1335125449
4 34 7 3715305772
4 35 0 1264015499
4 35 1 1113540025
4 35 2 173483019
4 35 3 4285015736
4 35 4 4063430312
4 35 5 3123373306
4 35 6 1335125449
4 35 7 3715305772
4 36 0 2362686850
4 36 1 2780378923
4 36 2 173111606
4 36 3 1656887338
4 36 4 1739774039
4 36 5 2818529768
4 36 6 1464394560
4 36 7 2956395150
4 37 0 2362686850
4 37 1 3803280394
4 37 2 3394971734
4 37 3 631804683
4 37 4 666666871
4 37 5 1793447113
4 37 6 1464394560
4 37 7 1933493679
4 38 0 2362686850
4 38 1 2485736809
4 38 2 3956901878
4 38 3 1362245224
4 38 4 1228597015
4 38 5 200602794
4 38 6 1464394560
4 38 7 2661753036
4 39 0 2362686850
4 39 1 3508638280
4 39 2 2883794710
4 39 3 337162569
4 39 4 155489847
4 39 5 3470487435
4 39 6 1464394560
4 39 7 3577656045
4 40 0 775844043
4 40 1 128763739
4 40 2 3010876619
4 40 3 542780744
4 40 4 2605856616
4 40 5 166914584
4 40 6 4172519049
4 40 7 2010609804
4 41 0 775844043
4 41 1 3681828106
4 41 2 3010876619
4 41 3 542780744
4 41 4 2605856616
4 41 5 1671994825
4 41 6 4172519049
4 41 7 2010609804
4 42 0 775844043
4 42 1 114779001
4 42 2 3010876619
4 42 3 542780744
4 42 4 2605856616
4 42 5 2124612282
4 42 6 4172519049
4 42 7 2010609804
4 43 0 775844043
4 43 1 3651217704
4 43 2 3010876619
4 43 3 542780744
4 43 4 2605856616
4 43 5 3613066859
4 43 6 4172519049
4 43 7 2010609804
4 44 0 1962868308
4 44 1 2113343782
4 44 2 3053400788
4 44 3 3236835367
4 44 4 3458420791
4 44 5 103510501
4 44 6 1891758358
4 44 7 3271770355
4 45 0 1962868308
4 45 1 2113343782
4 45 2 3053400788
4 45 3 3236835367
4 45 4 3458420791
4 45 5 103510501
4 45 6 1891758358
4 45 7 3271770355
4 46 0 1962868308
4 46 1 2113343782
4 46 2 3053400788
4 46 3 3236835367
4 46 4 3458420791
4 46 5 103510501
4 46 6 1891758358
4 46 7 3271770355
4 47 0 1962868308
4 47 1 2113343782
4 47 2 3053400788
4 47 3 3236835367
4 47 4 3458420791
4 47 5 103510501
4 47 6 1891758358
4 47 7 3271770355
5 16 0 3647682759
5 16 1 3497207285
5 16 2 2557150279
5 16 3 2373715700
5 16 4 2152130276
5 16 5 1212073270
5 16 6 3718792709
5 16 7 2017205202
5 17 0 1493206742
5 17 1 816499876
5 17 2 3728239318
5 17 3 1939991461
5 17 4 2161576885
5 17 5 778349031
5 17 6 594914452
5 17 7 402945315
5 18 0 1690279185
5 18 1 2851687171
5 18 2 4234915025
5 18 3 1728195586
5 18 4 1506610162
5 18 5 2889838016
5 18 6 3073272595
5 18 7 2600844996
5 19 0 3830770464
5 19 1 170979762
5 19 2 1111036768
5 19 3 1294471347
5 19 4 1516056771
5 19 5 2456113777
5 19 6 4244361634
5 19 7 986585109
5 20 0 775844043
5 20 1 402151297
5 20 2 3010876619
5 20 3 3573627008
5 20 4 3352041584
5 20 5 2411984578
5 20 6 623736721
5 20 7 27540276
5 21 0 775844043
5 21 1 402151297
5 21 2 3010876619
5 21 3 3573627008
5 21 4 3352041584
5 21 5 2411984578
5 21 6 623736721
5 21 7 27540276
5 22 0 775844043
5 22 1 402151297
5 22 2 3010876619
5 22 3 3573627008
5 22 4 3352041584
5 22 5 2411984578
5 22 6 623736721
5 22 7 27540276
5 23 0 775844043
5 23 1 402151297
5 23 2 3010876619
5 23 3 3573627008
5 23 4 3352041584
5 23 5 2411984578
5 23 6 623736721
5 23 7 27540276
5 24 0 1962868308
5 24 1 2113343782
5 24 2 3053400788
5 24 3 3236835367
5 24 4 3458420791
5 24 5 103510501
5 24 6 1891758358
5 24 7 3271770355
5 25 0 1962868308
5 25 1 2113343782
5 25 2 3053400788
5 25 3 3236835367
5 25 4 3458420791
5 25 5 103510501
5 25 6 1891758358
5 25 7 3271770355
5 26 0 1962868308
5 26 1 2113343782
5 26 2 3053400788
5 26 3 3236835367
5 26 4 3458420791
5 26 5 103510501
5 26 6 1891758358
5 26 7 3271770355
5 27 0 1962868308
5 27 1 2113343782
5 27 2 3053400788
5 27 3 3236835367
5 27 4 3458420791
5 27 5 103510501
5 27 6 1891758358
5 27 7 3271770355
5 28 0 1962868308
5 28 1 2113343782
5 28 2 3053400788
5 28 3 3236835367
5 28 4 3458420791
5 28 5 103510501
5 28 6 1891758358
5 28 7 3271770355
5 29 0 1962868308
5 29 1 2113343782
5 29 2 3053400788
5 29 3 3236835367
5 29 4 3458420791
5 29 5 103510501
5 29 6 1891758358
5 29 7 3271770355
5 30 0 1962868308
5 30 1 2113343782
5 30 2 3053400788
5 30 3 3236835367
5 30 4 3458420791
5 30 5 103510501
5 30 6 1891758358
5 30 7 3271770355
5 31 0 1962868308
5 31 1 2113343782
5 31 2 3053400788
5 31 3 3236835367
5 31 4 3458420791
5 31 5 103510501
5 31 6 1891758358
5 31 7 3271770355
5 32 0 1264015499
5 32 1 1113540025
5 32 2 173483019
5 32 3 4285015736
5 32 4 4063430312
5 32 5 3123373306
5 32 6 1335125449
5 32 7 3715305772
5 33 0 1264015499
5 33 1 1113540025
5 33 2 173483019
5 33 3 4285015736
5 33 4 4063430312
5 33 5 3123373306
5 33 6 1335125449
5 33 7 3715305772
5 34 0 1264015499
5 34 1 1113540025
5 34 2 173483019
5 34 3 4285015736
5 34 4 4063430312
5 34 5 3123373306
5 34 6 1335125449
5 34 7 3715305772
5 35 0 1264015499
5 35 1 1113540025
5 35 2 173483019
5 35 3 4285015736
5 35 4 4063430312
5 35 5 3123373306
5 35 6 1335125449
5 35 7 3715305772
5 36 0 2362686850
5 36 1 2780378923
5 36 2 173111606
5 36 3 1656887338
5 36 4 1739774039
5 36 5 2818529768
5 36 6 1464394560
5 36 7 2956395150
5 37 0 2362686850
5 37 1 3803280394
5 37 2 3394971734
5 37 3 631804683
5 37 4 666666871
5 37 5 1793447113
5 37 6 1464394560
5 37 7 1933493679
5 38 0 2362686850
5 38 1 2485736809
5 38 2 3956901878
5 38 3 1362245224
5 38 4 1228597015
5 38 5 200602794
5 38 6 1464394560
5 38 7 2661753036
5 39 0 2362686850
5 39 1 3508638280
5 39 2 2883794710
5 39 3 337162569
5 39 4 155489847
5 39 5 3470487435
5 39 6 1464394560
5 39 7 3577656045
5 40 0 775844043
5 40 1 128763739
5 40 2 3010876619
5 40 3 542780744
5 40 4 2605856616
5 40 5 166914584
5 40 6 4172519049
5 40 7 2010609804
5 41 0 775844043
5 41 1 3681828106
5 41 2 3010876619
5 41 3 542780744
5 41 4 2605856616
5 41 5 1671994825
5 41 6 4172519049
5 41 7 2010609804
5 42 0 775844043
5 42 1 114779001
5 42 2 3010876619
5 42 3 542780744
5 42 4 2605856616
5 42 5 2124612282
5 42 6 4172519049
5 42 7 2010609804
5 43 0 775844043
5 43 1 3651217704
5 43 2 3010876619
5 43 3 542780744
5 43 4 2605856616
5 43 5 3613066859
5 43 6 4172519049
5 43 7 2010609804
5 44 0 1962868308
5 44 1 2113343782
5 44 2 3053400788
5 44 3 3236835367
5 44 4 3458420791
5 44 5 103510501
5 44 6 1891758358
5 44 7 3271770355
5 45 0 1962868308
5 45 1 2113343782
5 45 2 3053400788
5 45 3 3236835367
5 45 4 3458420791
5 45 5 103510501
5 45 6 1891758358
5 45 7 3271770355
5 46 0 1962868308
5 46 1 2113343782
5 46 2 3053400788
5 46 3 3236835367
5 46 4 3458420791
5 46 5 103510501
5 46 6 1891758358
5 46 7 3271770355
5 47 0 1962868308
5 47 1 2113343782
5 47 2 3053400788
5 47 3 3236835367
5 47 4 3458420791
5 47 5 103510501
5 47 6 1891758358
5 47 7 3271770355
6 16 0 3647682759
6 16 1 3497207285
6 16 2 2557150279
6 16 3 2373715700
6 16 4 2152130276
6 16 5 1212073270
6 16 6 3718792709
6 16 7 2017205202
6 17 0 1493206742
6 17 1 816499876
6 17 2 3728239318
6 17 3 1939991461
6 17 4 2161576885
6 17 5 778349031
6 17 6 594914452
6 17 7 402945315
6 18 0 1690279185
6 18 1 2851687171
6 18 2 4234915025
6 18 3 1728195586
6 18 4 1506610162
6 18 5 2889838016
6 18 6 3073272595
6 18 7 2600844996
6 19 0 3830770464
6 19 1 170979762
6 19 2 1111036768
6 19 3 1294471347
6 19 4 1516056771
6 19 5 2456113777
6 19 6 4244361634
6 19 7 986585109
6 20 0 775844043
6 20 1 402151297
6 20 2 3010876619
6 20 3 3573627008
6 20 4 3352041584
6 20 5 2411984578
6 20 6 623736721
6 20 7 27540276
6 21 0 775844043
6 21 1 402151297
6 21 2 3010876619
6 21 3 3573627008
6 21 4 3352041584
6 21 5 2411984578
6 21 6 623736721
6 21 7 27540276
6 22 0 775844043
6 22 1 402151297
6 22 2 3010876619
6 22 3 3573627008
6 22 4 3352041584
6 22 5 2411984578
6 22 6 623736721
6 22 7 27540276
6 23 0 775844043
6 23 1 402151297
6 23 2 3010876619
6 23 3 3573627008
6 23 4 3352041584
6 23 5 2411984578
6 23 6 623736721
6 23 7 27540276
6 24 0 1962868308
6 24 1 2113343782
6 24 2 3053400788
6 24 3 3236835367
6 24 4 3458420791
6 24 5 103510501
6 24 6 1891758358
6 24 7 3271770355
6 25 0 1962868308
6 25 1 2113343782
6 25 2 3053400788
6 25 3 3236835367
6 25 4 3458420791
6 25 5 103510501
6 25 6 1891758358
6 25 7 3271770355
6 26 0 1962868308
6 26 1 2113343782
6 26 2 3053400788
6 26 3 3236835367
6 26 4 3458420791
6 26 5 103510501
6 26 6 1891758358
6 26 7 3271770355
6 27 0 1962868308
6 27 1 2113343782
6 27 2 3053400788
6 27 3 3236835367
6 27 4 3458420791
6 27 5 103510501
6 27 6 1891758358
6 27 7 3271770355
6 28 0 1962868308
6 28 1 2113343782
6 28 2 3053400788
6 28 3 3236835367
6 28 4 3458420791
6 28 5 103510501
6 28 6 1891758358
6 28 7 3271770355
6 29 0 1962868308
6 29 1 2113343782
6 29 2 3053400788
6 29 3 3236835367
6 29 4 3458420791
6 29 5 103510501
6 29 6 1891758358
6 29 7 3271770355
6 30 0 1962868308
6 30 1 2113343782
6 30 2 3053400788
6 30 3 3236835367
6 30 4 3458420791
6 30 5 103510501
6 30 6 1891758358
6 30 7 3271770355
6 31 0 1962868308
6 31 1 2113343782
6 31 2 3053400788
6 31 3 3236835367
6 31 4 3458420791
6 31 5 103510501
6 31 6 1891758358
6 31 7 3271770355
6 32 0 1264015499
6 32 1 1113540025
6 32 2 173483019
6 32 3 4285015736
6 32 4 4063430312
6 32 5 3123373306
6 32 6 1335125449
6 32 7 3715305772
6 33 0 1264015499
6 33 1 1113540025
6 33 2 173483019
6 33 3 4285015736
6 33 4 4063430312
6 33 5 3123373306
6 33 6 1335125449
6 33 7 3715305772
6 34 0 1264015499
6 34 1 1113540025
6 34 2 173483019
6 34 3 4285015736
6 34 4 4063430312
6 34 5 3123373306
6 34 6 1335125449
6 34 7 3715305772
6 35 0 1264015499
6 35 1 1113540025
6 35 2 173483019
6 35 3 4285015736
6 35 4 4063430312
6 35 5 3123373306
6 35 6 1335125449
6 35 7 3715305772
6 36 0 2362686850
6 36 1 2780378923
6 36 2 173111606
6 36 3 1656887338
6 36 4 1739774039
6 36 5 2818529768
6 36 6 1464394560
6 36 7 2956395150
6 37 0 2362686850
6 37 1 3803280394
6 37 2 3394971734
6 37 3 631804683
6 37 4 666666871
6 37 5 1793447113
6 37 6 1464394560
6 37 7 1933493679
6 38 0 2362686850
6 38 1 2485736809
6 38 2 3956901878
6 38 3 1362245224
6 38 4 1228597015
6 38 5 200602794
6 38 6 1464394560
6 38 7 2661753036
6 39 0 2362686850
6 39 1 3508638280
6 39 2 2883794710
6 39 3 337162569
6 39 4 155489847
6 39 5 3470487435
6 39 6 1464394560
6 39 7 3577656045
6 40 0 775844043
6 40 1 128763739
6 40 2 3010876619
6 40 3 542780744
6 40 4 2605856616
6 40 5 166914584
6 40 6 4172519049
6 40 7 2010609804
6 41 0 775844043
6 41 1 3681828106
6 41 2 3010876619
6 41 3 542780744
6 41 4 2605856616
6 41 5 1671994825
6 41 6 4172519049
6 41 7 2010609804
6 42 0 775844043
6 42 1 114779001
6 42 2 3010876619
6 42 3 542780744
6 42 4 2605856616
6 42 5 2124612282
6 42 6 4172519049
6 42 7 2010609804
6 43 0 775844043
6 43 1 3651217704
6 43 2 3010876619
6 43 3 542780744
6 43 4 2605856616
6 43 5 3613066859
6 43 6 4172519049
6 43 7 2010609804
6 44 0 1962868308
6 44 1 2113343782
6 44 2 3053400788
6 44 3 3236835367
6 44 4 3458420791
6 44 5 103510501
6 44 6 1891758358
6 44 7 3271770355
6 45 0 1962868308
6 45 1 2113343782
6 45 2 3053400788
6 45 3 3236835367
6 45 4 3458420791
6 45 5 103510501
6 45 6 1891758358
6 45 7 3271770355
6 46 0 1962868308
6 46 1 2113343782
6 46 2 3053400788
6 46 3 3236835367
6 46 4 3458420791
6 46 5 103510501
6 46 6 1891758358
6 46 7 3271770355
6 47 0 1962868308
6 47 1 2113343782
6 47 2 3053400788
6 47 3 3236835367
6 47 4 3458420791
6 47 5 103510501
6 47 6 1891758358
6 47 7 3271770355
7 16 0 3647682759
7 16 1 3497207285
7 16 2 2557150279
7 16 3 2373715700
7 16 4 2152130276
7 16 5 1212073270
7 16 6 3718792709
7 16 7 2017205202
7 17 0 1493206742
7 17 1 816499876
7 17 2 3728239318
7 17 3 1939991461
7 17 4 2161576885
7 17 5 778349031
7 17 6 594914452
7 17 7 402945315
7 18 0 1690279185
7 18 1 2851687171
7 18 2 4234915025
7 18 3 1728195586
7 18 4 1506610162
7 18 5 2889838016
7 18 6 3073272595
7 18 7 2600844996
7 19 0 3830770464
7 19 1 170979762
7 19 2 1111036768
7 19 3 1294471347
7 19 4 1516056771
7 19 5 2456113777
7 19 6 4244361634
7 19 7 986585109
7 20 0 775844043
7 20 1 402151297
7 20 2 3010876619
7 20 3 3573627008
7 20 4 3352041584
7 20 5 2411984578
7 20 6 623736721
7 20 7 27540276
7 21 0 775844043
7 21 1 402151297
7 21 2 3010876619
7 21 3 3573627008
7 21 4 3352041584
7 21 5 2411984578
7 21 6 623736721
7 21 7 27540276
7 22 0 775844043
7 22 1 402151297
7 22 2 3010876619
7 22 3 3573627008
7 22 4 3352041584
7 22 5 2411984578
7 22 6 623736721
7 22 7 27540276
7 23 0 775844043
7 23 1 402151297
7 23 2 3010876619
7 23 3 3573627008
7 23 4 3352041584
7 23 5 2411984578
7 23 6 623736721
7 23 7 27540276
7 24 0 1962868308
7 24 1 2113343782
7 24 2 3053400788
7 24 3 3236835367
7 24 4 3458420791
7 24 5 103510501
7 24 6 1891758358
7 24 7 3271770355
7 25 0 1962868308
7 25 1 2113343782
7 25 2 3053400788
7 25 3 3236835367
7 25 4 3458420791
7 25 5 103510501
7 25 6 1891758358
7 25 7 3271770355
7 26 0 1962868308
7 26 1 2113343782
7 26 2 3053400788
7 26 3 3236835367
7 26 4 3458420791
7 26 5 103510501
7 26 6 1891758358
7 26 7 3271770355
7 27 0 1962868308
7 27 1 2113343782
7 27 2 3053400788
7 27 3 3236835367
7 27 4 3458420791
7 27 5 103510501
7 27 6 1891758358
7 27 7 3271770355
7 28 0 1962868308
7 28 1 2113343782
7 28 2 3053400788
7 28 3 3236835367
7 28 4 3458420791
7 28 5 103510501
7 28 6 1891758358
7 28 7 3271770355
7 29 0 1962868308
7 29 1 2113343782
7 29 2 3053400788
7 29 3 3236835367
7 29 4 3458420791
7 29 5 103510501
7 29 6 1891758358
7 29 7 3271770355
7 30 0 1962868308
7 30 1 2113343782
7 30 2 3053400788
7 30 3 3236835367
7 30 4 3458420791
7 30 5 103510501
7 30 6 1891758358
7 30 7 3271770355
7 31 0 1962868308
7 31 1 2113343782
7 31 2 3053400788
7 31 3 3236835367
7 31 4 3458420791
7 31 5 103510501
7 31 6 1891758358
7 31 7 3271770355
7 32 0 1264015499
7 32 1 1113540025
7 32 2 173483019
7 32 3 4285015736
7 32 4 4063430312
7 32 5 3123373306
7 32 6 1335125449
7 32 7 3715305772
7 33 0 1264015499
7 33 1 1113540025
7 33 2 173483019
7 33 3 4285015736
7 33 4 4063430312
7 33 5 3123373306
7 33 6 1335125449
7 33 7 3715305772
7 34 0 1264015499
7 34 1 1113540025
7 34 2 173483019
7 34 3 4285015736
7 34 4 4063430312
7 34 5 3123373306
7 34 6 1335125449
7 34 7 3715305772
7 35 0 1264015499
7 35 1 1113540025
7 35 2 173483019
7 35 3 4285015736
7 35 4 4063430312
7 35 5 3123373306
7 35 6 1335125449
7 35 7 3715305772
7 36 0 2362686850
7 36 1 2780378923
7 36 2 173111606
7 36 3 1656887338
7 36 4 1739774039
7 36 5 2818529768
7 36 6 1464394560
7 36 7 2956395150
7 37 0 2362686850
7 37 1 3803280394
7 37 2 3394971734
7 37 3 631804683
7 37 4 666666871
7 37 5 1793447113
7 37 6 1464394560
7 37 7 1933493679
7 38 0 2362686850
7 38 1 2485736809
7 38 2 3956901878
7 38 3 1362245224
7 38 4 1228597015
7 38 5 200602794
7 38 6 1464394560
7 38 7 2661753036
7 39 0 2362686850
7 39 1 3508638280
7 39 2 2883794710
7 39 3 337162569
7 39 4 155489847
7 39 5 3470487435
7 39 6 1464394560
7 39 7 3577656045
7 40 0 775844043
7 40 1 128763739
7 40 2 3010876619
7 40 3 542780744
7 40 4 2605856616
7 40 5 166914584
7 40 6 4172519049
7 40 7 2010609804
7 41 0 775844043
7 41 1 3681828106
7 41 2 3010876619
7 41 3 542780744
7 41 4 2605856616
7 41 5 1671994825
7 41 6 4172519049
7 41 7 2010609804
7 42 0 775844043
7 42 1 114779001
7 42 2 3010876619
7 42 3 542780744
7 42 4 2605856616
7 42 5 2124612282
7 42 6 4172519049
7 42 7 2010609804
7 43 0 775844043
7 43 1 3651217704
7 43 2 3010876619
7 43 3 542780744
7 43 4 2605856616
7 43 5 3613066859
7 43 6 4172519049
7 43 7 2010609804
7 44 0 1962868308
7 44 1 2113343782
7 44 2 3053400788
7 44 3 3236835367
7 44 4 3458420791
7 44 5 103510501
7 44 6 1891758358
7 44 7 3271770355
7 45 0 1962868308
7 45 1 2113343782
7 45 2 3053400788
7 45 3 3236835367
7 45 4 3458420791
7 45 5 103510501
7 45 6 1891758358
7 45 7 3271770355
7 46 0 1962868308
7 46 1 2113343782
7 46 2 3053400788
7 46 3 3236835367
7 46 4 3458420791
7 46 5 103510501
7 46 6 1891758358
7 46 7 3271770355
7 47 0 1962868308
7 47 1 2113343782
7 47 2 3053400788
7 47 3 3236835367
7 47 4 3458420791
7 47 5 103510501
7 47 6 1891758358
7 47 7 3271770355
8 16 0 3647682759
8 16 1 3497207285
8 16 2 2557150279
8 16 3 2373715700
8 16 4 2152130276
8 16 5 1212073270
8 16 6 3718792709
8 16 7 2017205202
8 17 0 1493206742
8 17 1 816499876
8 17 2 3728239318
8 17 3 1939991461
8 17 4 2161576885
8 17 5 778349031
8 17 6 594914452
8 17 7 402945315
8 18 0 1690279185
8 18 1 2851687171
8 18 2 4234915025
8 18 3 1728195586
8 18 4 1506610162
8 18 5 2889838016
8 18 6 3073272595
8 18 7 2600844996
8 19 0 3830770464
8 19 1 170979762
8 19 2 1111036768
8 19 3 1294471347
8 19 4 1516056771
8 19 5 2456113777
8 19 6 4244361634
8 19 7 986585109
8 20 0 775844043
8 20 1 402151297
8 20 2 3010876619
8 20 3 3573627008
8 20 4 3352041584
8 20 5 2411984578
8 20 6 623736721
8 20 7 27540276
8 21 0 775844043
8 21 1 402151297
8 21 2 3010876619
8 21 3 3573627008
8 21 4 3352041584
8 21 5 2411984578
8 21 6 623736721
8 21 7 27540276
8 22 0 775844043
8 22 1 402151297
8 22 2 3010876619
8 22 3 3573627008
8 22 4 3352041584
8 22 5 2411984578
8 22 6 623736721
8 22 7 27540276
8 23 0 775844043
8 23 1 402151297
8 23 2 3010876619
8 23 3 3573627008
8 23 4 3352041584
8 23 5 2411984578
8 23 6 623736721
8 23 7 27540276
8 24 0 1962868308
8 24 1 2113343782
8 24 2 3053400788
8 24 3 3236835367
8 24 4 3458420791
8 24 5 103510501
8 24 6 1891758358
8 24 7 3271770355
8 25 0 1962868308
8 25 1 2113343782
8 25 2 3053400788
8 25 3 3236835367
8 25 4 3458420791
8 25 5 103510501
8 25 6 1891758358
8 25 7 3271770355
8 26 0 1962868308
8 26 1 2113343782
8 26 2 3053400788
8 26 3 3236835367
8 26 4 3458420791
8 26 5 103510501
8 26 6 1891758358
8 26 7 3271770355
8 27 0 1962868308
8 27 1 2113343782
8 27 2 3053400788
8 27 3 3236835367
8 27 4 3458420791
8 27 5 103510501
8 27 6 1891758358
8 27 7 3271770355
8 28 0 1962868308
8 28 1 2113343782
8 28 2 3053400788
8 28 3 3236835367
8 28 4 3458420791
8 28 5 103510501
8 28 6 1891758358
8 28 7 3271770355
8 29 0 1962868308
8 29 1 2113343782
8 29 2 3053400788
8 29 3 3236835367
8 29 4 3458420791
8 29 5 103510501
8 29 6 1891758358
8 29 7 3271770355
8 30 0 1962868308
8 30 1 2113343782
8 30 2 3053400788
8 30 3 3236835367
8 30 4 3458420791
8 30 5 103510501
8 30 6 1891758358
8 30 7 3271770355
8 31 0 1962868308
8 31 1 2113343782
8 31 2 3053400788
8 31 3 3236835367
8 31 4 3458420791
8 31 5 103510501
8 31 6 1891758358
8 31 7 3271770355
8 32 0 1264015499
8 32 1 1113540025
8 32 2 173483019
8 32 3 4285015736
8 32 4 4063430312
8 32 5 3123373306
8 32 6 1335125449
8 32 7 3715305772
8 33 0 1264015499
8 33 1 1113540025
8 33 2 173483019
8 33 3 4285015736
8 33 4 4063430312
8 33 5 3123373306
8 33 6 1335125449
8 33 7 3715305772
8 34 0 1264015499
8 34 1 1113540025
8 34 2 173483019
8 34 3 4285015736
8 34 4 4063430312
8 34 5 3123373306
8 34 6 1335125449
8 34 7 3715305772
8 35 0 1264015499
8 35 1 1113540025
8 35 2 173483019
8 35 3 4285015736
8 35 4 4063430312
8 35 5 3123373306
8 35 6 1335125449
8 35 7 3715305772
8 36 0 2362686850
8 36 1 2780378923
8 36 2 173111606
8 36 3 1656887338
8 36 4 1739774039
8 36 5 2818529768
8 36 6 1464394560
8 36 7 2956395150
8 37 0 2362686850
8 37 1 3803280394
8 37 2 3394971734
8 37 3 631804683
8 37 4 666666871
8 37 5 1793447113
8 37 6 1464394560
8 37 7 1933493679
8 38 0 2362686850
8 38 1 2485736809
8 38 2 3956901878
8 38 3 1362245224
8 38 4 1228597015
8 38 5 200602794
8 38 6 1464394560
8 38 7 2661753036
8 39 0 2362686850
8 39 1 3508638280
8 39 2 2883794710
8 39 3 337162569
8 39 4 155489847
8 39 5 3470487435
8 39 6 1464394560
8 39 7 3577656045
8 40 0 775844043
8 40 1 128763739
8 40 2 3010876619
8 40 3 542780744
8 40 4 2605856616
8 40 5 166914584
8 40 6 4172519049
8 40 7 2010609804
8 41 0 775844043
8 41 1 3681828106
8 41 2 3010876619
8 41 3 542780744
8 41 4 2605856616
8 41 5 1671994825
8 41 6 4172519049
8 41 7 2010609804
8 42 0 775844043
8 42 1 114779001
8 42 2 3010876619
8 42 3 542780744
8 42 4 2605856616
8 42 5 2124612282
8 42 6 4172519049
8 42 7 2010609804
8 43 0 775844043
8 43 1 3651217704
8 43 2 3010876619
8 43 3 542780744
8 43 4 2605856616
8 43 5 3613066859
8 43 6 4172519049
8 43 7 2010609804
8 44 0 1962868308
8 44 1 2113343782
8 44 2 3053400788
8 44 3 3236835367
8 44 4 3458420791
8 44 5 103510501
8 44 6 1891758358
8 44 7 3271770355
8 45 0 1962868308
8 45 1 2113343782
8 45 2 3053400788
8 45 3 3236835367
8 45 4 3458420791
8 45 5 103510501
8 45 6 1891758358
8 45 7 3271770355
8 46 0 1962868308
8 46 1 2113343782
8 46 2 3053400788
8 46 3 3236835367
8 46 4 3458420791
8 46 5 103510501
8 46 6 1891758358
8 46 7 3271770355
8 47 0 1962868308
8 47 1 2113343782
8 47 2 3053400788
8 47 3 3236835367
8 47 4 3458420791
8 47 5 103510501
8 47 6 1891758358
8 47 7 3271770355
9 16 0 3647682759
9 16 1 3497207285
9 16 2 2557150279
9 16 3 2373715700
9 16 4 2152130276
9 16 5 1212073270
9 16 6 3718792709
9 16 7 2017205202
9 17 0 1493206742
9 17 1 816499876
9 17 2 3728239318
9 17 3 1939991461
9 17 4 2161576885
9 17 5 778349031
9 17 6 594914452
9 17 7 402945315
9 18 0 1690279185
9 18 1 2851687171
9 18 2 4234915025
9 18 3 1728195586
9 18 4 1506610162
9 18 5 2889838016
9 18 6 3073272595
9 18 7 2600844996
9 19 0 3830770464
9 19 1 170979762
9 19 2 1111036768
9 19 3 1294471347
9 19 4 1516056771
9 19 5 2456113777
9 19 6 4244361634
9 19 7 986585109
9 20 0 775844043
9 20 1 402151297
9 20 2 3010876619
9 20 3 3573627008
9 20 4 3352041584
9 20 5 2411984578
9 20 6 623736721
9 20 7 27540276
9 21 0 775844043
9 21 1 402151297
9 21 2 3010876619
9 21 3 3573627008
9 21 4 3352041584
9 21 5 2411984578
9 21 6 623736721
9 21 7 27540276
9 22 0 775844043
9 22 1 402151297
9 22 2 3010876619
9 22 3 3573627008
9 22 4 3352041584
9 22 5 2411984578
9 22 6 623736721
9 22 7 27540276
9 23 0 775844043
9 23 1 402151297
9 23 2 3010876619
9 23 3 3573627008
9 23 4 3352041584
9 23 5 2411984578
9 23 6 623736721
9 23 7 27540276
9 24 0 1962868308
9 24 1 2113343782
9 24 2 3053400788
9 24 3 3236835367
9 24 4 3458420791
9 24 5 103510501
9 24 6 1891758358
9 24 7 3271770355
9 25 0 1962868308
9 25 1 2113343782
9 25 2 3053400788
9 25 3 3236835367
9 25 4 3458420791
9 25 5 103510501
9 25 6 1891758358
9 25 7 3271770355
9 26 0 1962868308
9 26 1 2113343782
9 26 2 3053400788
9 26 3 3236835367
9 26 4 3458420791
9 26 5 103510501
9 26 6 1891758358
9 26 7 3271770355
9 27 0 1962868308
9 27 1 2113343782
9 27 2 3053400788
9 27 3 3236835367
9 27 4 3458420791
9 27 5 103510501
9 27 6 1891758358
9 27 7 3271770355
9 28 0 1962868308
9 28 1 2113343782
9 28 2 3053400788
9 28 3 3236835367
9 28 4 3458420791
9 28 5 103510501
9 28 6 1891758358
9 28 7 3271770355
9 29 0 1962868308
9 29 1 2113343782
9 29 2 3053400788
9 29 3 3236835367
9 29 4 3458420791
9 29 5 103510501
9 29 6 1891758358
9 29 7 3271770355
9 30 0 1962868308
9 30 1 2113343782
9 30 2 3053400788
9 30 3 3236835367
9 30 4 3458420791
9 30 5 103510501
9 30 6 1891758358
9 30 7 3271770355
9 31 0 1962868308
9 31 1 2113343782
9 31 2 3053400788
9 31 3 3236835367
9 31 4 3458420791
9 31 5 103510501
9 31 6 1891758358
9 31 7 3271770355
9 32 0 1264015499
9 32 1 1113540025
9 32 2 173483019
9 32 3 4285015736
9 32 4 4063430312
9 32 5 3123373306
9 32 6 1335125449
9 32 7 3715305772
9 33 0 1264015499
9 33 1 1113540025
9 33 2 173483019
9 33 3 4285015736
9 33 4 4063430312
9 33 5 3123373306
9 33 6 1335125449
9 33 7 3715305772
9 34 0 1264015499
9 34 1 1113540025
9 34 2 173483019
9 34 3 4285015736
9 34 4 4063430312
9 34 5 3123373306
9 34 6 1335125449
9 34 7 3715305772
9 35 0 1264015499
9 35 1 1113540025
9 35 2 173483019
9 35 3 4285015736
9 35 4 4063430312
9 35 5 3123373306
9 35 6 1335125449
9 35 7 3715305772
9 36 0 2362686850
9 36 1 2780378923
9 36 2 173111606
9 36 3 1656887338
9 36 4 1739774039
9 36 5 2818529768
9 36 6 1464394560
9 36 7 2956395150
9 37 0 2362686850
9 37 1 3803280394
9 37 2 3394971734
9 37 3 631804683
9 37 4 666666871
9 37 5 1793447113
9 37 6 1464394560
9 37 7 1933493679
9 38 0 2362686850
9 38 1 2485736809
9 38 2 3956901878
9 38 3 1362245224
9 38 4 1228597015
9 38 5 200602794
9 38 6 1464394560
9 38 7 2661753036
9 39 0 2362686850
9 39 1 3508638280
9 39 2 2883794710
9 39 3 337162569
9 39 4 155489847
9 39 5 3470487435
9 39 6 1464394560
9 39 7 3577656045
9 40 0 775844043
9 40 1 128763739
9 40 2 3010876619
9 40 3 542780744
9 40 4 2605856616
9 40 5 166914584
9 40 6 4172519049
9 40 7 2010609804
9 41 0 775844043
9 41 1 3681828106
9 41 2 3010876619
9 41 3 542780744
9 41 4 2605856616
9 41 5 1671994825
9 41 6 4172519049
9 41 7 2010609804
9 42 0 775844043
9 42 1 114779001
9 42 2 3010876619
9 42 3 542780744
9 42 4 2605856616
9 42 5 2124612282
9 42 6 4172519049
9 42 7 2010609804
9 43 0 775844043
9 43 1 3651217704
9 43 2 3010876619
9 43 3 542780744
9 43 4 2605856616
9 43 5 3613066859
9 43 6 4172519049
9 43 7 2010609804
9 44 0 1962868308
9 44 1 2113343782
9 44 2 3053400788
9 44 3 3236835367
9 44 4 3458420791
9 44 5 103510501
9 44 6 1891758358
9 44 7 3271770355
9 45 0 1962868308
9 45 1 2113343782
9 45 2 3053400788
9 45 3 3236835367
9 45 4 3458420791
9 45 5 103510501
9 45 6 1891758358
9 45 7 3271770355
9 46 0 1962868308
9 46 1 2113343782
9 46 2 3053400788
9 46 3 3236835367
9 46 4 3458420791
9 46 5 103510501
9 46 6 1891758358
9 46 7 3271770355
9 47 0 1962868308
9 47 1 2113343782
9 47 2 3053400788
9 47 3 3236835367
9 47 4 3458420791
9 47 5 103510501
9 47 6 1891758358
9 47 7 3271770355
10 16 0 3647682759
10 16 1 3497207285
10 16 2 2557150279
10 16 3 2373715700
10 16 4 2152130276
10 16 5 1212073270
10 16 6 3718792709
10 16 7 2017205202
10 17 0 1493206742
10 17 1 816499876
10 17 2 3728239318
10 17 3 1939991461
10 17 4 2161576885
10 17 5 778349031
10 17 6 594914452
10 17 7 402945315
10 18 0 1690279185
10 18 1 2851687171
10 18 2 4234915025
10 18 3 1728195586
10 18 4 1506610162
10 18 5 2889838016
10 18 6 3073272595
10 18 7 2600844996
10 19 0 3830770464
10 19 1 170979762
10 19 2 1111036768
10 19 3 1294471347
10 19 4 1516056771
10 19 5 2456113777
10 19 6 4244361634
10 19 7 986585109
10 20 0 775844043
10 20 1 402151297
10 20 2 3010876619
10 20 3 3573627008
10 20 4 3352041584
10 20 5 2411984578
10 20 6 623736721
10 20 7 27540276
10 21 0 775844043
10 21 1 402151297
10 21 2 3010876619
10 21 3 3573627008
10 21 4 3352041584
10 21 5 2411984578
10 21 6 623736721
10 21 7 27540276
10 22 0 775844043
10 22 1 402151297
10 22 2 3010876619
10 22 3 3573627008
10 22 4 3352041584
10 22 5 2411984578
10 22 6 623736721
10 22 7 27540276
10 23 0 775844043
10 23 1 402151297
10 23 2 3010876619
10 23 3 3573627008
10 23 4 3352041584
10 23 5 2411984578
10 23 6 623736721
10 23 7 27540276
10 24 0 1962868308
10 24 1 2113343782
10 24 2 3053400788
10 24 3 3236835367
10 24 4 3458420791
10 24 5 103510501
10 24 6 1891758358
10 24 7 3271770355
10 25 0 1962868308
10 25 1 2113343782
10 25 2 3053400788
10 25 3 3236835367
10 25 4 3458420791
10 25 5 103510501
10 25 6 1891758358
10 25 7 3271770355
10 26 0 1962868308
10 26 1 2113343782
10 26 2 3053400788
10 26 3 3236835367
10 26 4 3458420791
10 26 5 103510501
10 26 6 1891758358
10 26 7 3271770355
10 27 0 1962868308
10 27 1 2113343782
10 27 2 3053400788
10 27 3 3236835367
10 27 4 3458420791
10 27 5 103510501
10 27 6 1891758358
10 27 7 3271770355
10 28 0 1962868308
10 28 1 2113343782
10 28 2 3053400788
10 28 3 3236835367
10 28 4 3458420791
10 28 5 103510501
10 28 6 1891758358
10 28 7 3271770355
10 29 0 1962868308
10 29 1 2113343782
10 29 2 3053400788
10 29 3 3236835367
10 29 4 3458420791
10 29 5 103510501
10 29 6 1891758358
10 29 7 3271770355
10 30 0 1962868308
10 30 1 2113343782
10 30 2 3053400788
10 30 3 3236835367
10 30 4 3458420791
10 30 5 103510501
10 30 6 1891758358
10 30 7 3271770355
10 31 0 1962868308
10 31 1 2113343782
10 31 2 3053400788
10 31 3 3236835367
10 31 4 3458420791
10 31 5 103510501
10 31 6 1891758358
10 31 7 3271770355
10 32 0 1264015499
10 32 1 1113540025
10 32 2 173483019
10 32 3 4285015736
10 32 4 4063430312
10 32 5 3123373306
10 32 6 1335125449
10 32 7 3715305772
10 33 0 1264015499
10 33 1 1113540025
10 33 2 173483019
10 33 3 4285015736
10 33 4 4063430312
10 33 5 3123373306
10 33 6 1335125449
10 33 7 3715305772
10 34 0 1264015499
10 34 1 1113540025
10 34 2 173483019
10 34 3 4285015736
10 34 4 4063430312
10 34 5 3123373306
10 34 6 1335125449
10 34 7 3715305772
10 35 0 1264015499
10 35 1 1113540025
10 35 2 173483019
10 35 3 4285015736
10 35 4 4063430312
10 35 5 3123373306
10 35 6 1335125449
10 35 7 3715305772
10 36 0 2362686850
10 36 1 2780378923
10 36 2 173111606
10 36 3 1656887338
10 36 4 1739774039
10 36 5 2818529768
10 36 6 1464394560
10 36 7 2956395150
10 37 0 2362686850
10 37 1 3803280394
10 37 2 3394971734
10 37 3 631804683
10 37 4 666666871
10 37 5 1793447113
10 37 6 1464394560
10 37 7 1933493679
10 38 0 2362686850
10 38 1 2485736809
10 38 2 3956901878
10 38 3 1362245224
10 38 4 1228597015
10 38 5 200602794
10 38 6 1464394560
10 38 7 2661753036
10 39 0 2362686850
10 39 1 3508638280
10 39 2 2883794710
10 39 3 337162569
10 39 4 155489847
10 39 5 3470487435
10 39 6 1464394560
10 39 7 3577656045
10 40 0 775844043
10 40 1 128763739
10 40 2 3010876619
10 40 3 542780744
10 40 4 2605856616
10 40 5 166914584
10 40 6 4172519049
10 40 7 2010609804
10 41 0 775844043
10 41 1 3681828106
10 41 2 3010876619
10 41 3 542780744
10 41 4 2605856616
10 41 5 1671994825
10 41 6 4172519049
10 41 7 2010609804
10 42 0 775844043
10 42 1 114779001
10 42 2 3010876619
10 42 3 542780744
10 42 4 2605856616
10 42 5 2124612282
10 42 6 4172519049
10 42 7 2010609804
10 43 0 775844043
10 43 1 3651217704
10 43 2 3010876619
10 43 3 542780744
10 43 4 2605856616
10 43 5 3613066859
10 43 6 4172519049
10 43 7 2010609804
10 44 0 1962868308
10 44 1 2113343782
10 44 2 3053400788
10 44 3 3236835367
10 44 4 3458420791
10 44 5 103510501
10 44 6 1891758358
10 44 7 3271770355
10 45 0 1962868308
10 45 1 2113343782
10 45 2 3053400788
10 45 3 3236835367
10 45 4 3458420791
10 45 5 103510501
10 45 6 1891758358
10 45 7 3271770355
10 46 0 1962868308
10 46 1 2113343782
10 46 2 3053400788
10 46 3 3236835367
10 46 4 3458420791
10 46 5 103510501
10 46 6 1891758358
10 46 7 3271770355
10 47 0 1962868308
10 47 1 2113343782
10 47 2 3053400788
10 47 3 3236835367
10 47 4 3458420791
10 47 5 103510501
10 47 6 1891758358
10 47 7 3271770355
11 16 0 3647682759
11 16 1 3497207285
11 16 2 2557150279
11 16 3 2373715700
11 16 4 2152130276
11 16 5 1212073270
11 16 6 3718792709
11 16 7 2017205202
11 17 0 1493206742
11 17 1 816499876
11 17 2 3728239318
11 17 3 1939991461
11 17 4 2161576885
11 17 5 778349031
11 17 6 594914452
11 17 7 402945315
11 18 0 1690279185
11 18 1 2851687171
11 18 2 4234915025
11 18 3 1728195586
11 18 4 1506610162
11 18 5 2889838016
11 18 6 3073272595
11 18 7 2600844996
11 19 0 3830770464
11 19 1 170979762
11 19 2 1111036768
11 19 3 1294471347
11 19 4 1516056771
11 19 5 2456113777
11 19 6 4244361634
11 19 7 986585109
11 20 0 775844043
11 20 1 402151297
11 20 2 3010876619
11 20 3 3573627008
11 20 4 3352041584
11 20 5 2411984578
11 20 6 623736721
11 20 7 27540276
11 21 0 775844043
11 21 1 402151297
11 21 2 3010876619
11 21 3 3573627008
11 21 4 3352041584
11 21 5 2411984578
11 21 6 623736721
11 21 7 27540276
11 22 0 775844043
11 22 1 402151297
11 22 2 3010876619
11 22 3 3573627008
11 22 4 3352041584
11 22 5 2411984578
11 22 6 623736721
11 22 7 27540276
11 23 0 775844043
11 23 1 402151297
11 23 2 3010876619
11 23 3 3573627008
11 23 4 3352041584
11 23 5 2411984578
11 23 6 623736721
11 23 7 27540276
11 24 0 1962868308
11 24 1 2113343782
11 24 2 3053400788
11 24 3 3236835367
11 24 4 3458420791
11 24 5 103510501
11 24 6 1891758358
11 24 7 3271770355
11 25 0 1962868308
11 25 1 2113343782
11 25 2 3053400788
11 25 3 3236835367
11 25 4 3458420791
11 25 5 103510501
11 25 6 1891758358
11 25 7 3271770355
11 26 0 1962868308
11 26 1 2113343782
11 26 2 3053400788
11 26 3 3236835367
11 26 4 3458420791
11 26 5 103510501
11 26 6 1891758358
11 26 7 3271770355
11 27 0 1962868308
11 27 1 2113343782
11 27 2 3053400788
11 27 3 3236835367
11 27 4 3458420791
11 27 5 103510501
11 27 6 1891758358
11 27 7 3271770355
11 28 0 1962868308
11 28 1 2113343782
11 28 2 3053400788
11 28 3 3236835367
11 28 4 3458420791
11 28 5 103510501
11 28 6 1891758358
11 28 7 3271770355
11 29 0 1962868308
11 29 1 2113343782
11 29 2 3053400788
11 29 3 3236835367
11 29 4 3458420791
11 29 5 103510501
11 29 6 1891758358
11 29 7 3271770355
11 30 0 1962868308
11 30 1 2113343782
11 30 2 3053400788
11 30 3 3236835367
11 30 4 3458420791
11 30 5 103510501
11 30 6 1891758358
11 30 7 3271770355
11 31 0 1962868308
11 31 1 2113343782
11 31 2 3053400788
11 31 3 3236835367
11 31 4 3458420791
11 31 5 103510501
11 31 6 1891758358
11 31 7 3271770355
11 32 0 1264015499
11 32 1 1113540025
11 32 2 173483019
11 32 3 4285015736
11 32 4 4063430312
11 32 5 3123373306
11 32 6 1335125449
11 32 7 3715305772
11 33 0 1264015499
11 33 1 1113540025
11 33 2 173483019
11 33 3 4285015736
11 33 4 4063430312
11 33 5 3123373306
11 33 6 1335125449
11 33 7 3715305772
11 34 0 1264015499
11 34 1 1113540025
11 34 2 173483019
11 34 3 4285015736
11 34 4 4063430312
11 34 5 3123373306
11 34 6 1335125449
11 34 7 3715305772
11 35 0 1264015499
11 35 1 1113540025
11 35 2 173483019
11 35 3 4285015736
11 35 4 4063430312
11 35 5 3123373306
11 35 6 1335125449
11 35 7 3715305772
11 36 0 2362686850
11 36 1 2780378923
11 36 2 173111606
11 36 3 1656887338
11 36 4 1739774039
11 36 5 2818529768
11 36 6 1464394560
11 36 7 2956395150
11 37 0 2362686850
11 37 1 3803280394
11 37 2 3394971734
11 37 3 631804683
11 37 4 666666871
11 37 5 1793447113
11 37 6 1464394560
11 37 7 1933493679
11 38 0 2362686850
11 38 1 2485736809
11 38 2 3956901878
11 38 3 1362245224
11 38 4 1228597015
11 38 5 200602794
11 38 6 1464394560
11 38 7 2661753036
11 39 0 2362686850
11 39 1 3508638280
11 39 2 2883794710
11 39 3 337162569
11 39 4 155489847
11 39 5 3470487435
11 39 6 1464394560
11 39 7 3577656045
11 40 0 775844043
11 40 1 128763739
11 40 2 3010876619
11 40 3 542780744
11 40 4 2605856616
11 40 5 166914584
11 40 6 4172519049
11 40 7 2010609804
11 41 0 775844043
11 41 1 3681828106
11 41 2 3010876619
11 41 3 542780744
11 41 4 2605856616
11 41 5 1671994825
11 41 6 4172519049
11 41 7 2010609804
11 42 0 775844043
11 42 1 114779001
11 42 2 3010876619
11 42 3 542780744
11 42 4 2605856616
11 42 5 2124612282
11 42 6 4172519049
11 42 7 2010609804
11 43 0 775844043
11 43 1 3651217704
11 43 2 3010876619
11 43 3 542780744
11 43 4 2605856616
11 43 5 3613066859
11 43 6 4172519049
11 43 7 2010609804
11 44 0 1962868308
11 44 1 2113343782
11 44 2 3053400788
11 44 3 3236835367
11 44 4 3458420791
11 44 5 103510501
11 44 6 1891758358
11 44 7 3271770355
11 45 0 1962868308
11 45 1 2113343782
11 45 2 3053400788
11 45 3 3236835367
11 45 4 3458420791
11 45 5 103510501
11 45 6 1891758358
11 45 7 3271770355
11 46 0 1962868308
11 46 1 2113343782
11 46 2 3053400788
11 46 3 3236835367
11 46 4 3458420791
11 46 5 103510501
11 46 6 1891758358
11 46 7 3271770355
11 47 0 1962868308
11 47 1 2113343782
11 47 2 3053400788
11 47 3 3236835367
11 47 4 3458420791
11 47 5 103510501
11 47 6 1891758358
11 47 7 3271770355
12 16 0 3647682759
12 16 1 3497207285
12 16 2 2557150279
12 16 3 2373715700
12 16 4 2152130276
12 16 5 1212073270
12 16 6 3718792709
12 16 7 2017205202
12 17 0 1493206742
12 17 1 816499876
12 17 2 3728239318
12 17 3 1939991461
12 17 4 2161576885
12 17 5 778349031
12 17 6 594914452
12 17 7 402945315
12 18 0 1690279185
12 18 1 2851687171
12 18 2 4234915025
12 18 3 1728195586
12 18 4 1506610162
12 18 5 2889838016
12 18 6 3073272595
12 18 7 2600844996
12 19 0 3830770464
12 19 1 170979762
12 19 2 1111036768
12 19 3 1294471347
12 19 4 1516056771
12 19 5 2456113777
12 19 6 4244361634
12 19 7 986585109
12 20 0 775844043
12 20 1 402151297
12 20 2 3010876619
12 20 3 3573627008
12 20 4 3352041584
12 20 5 2411984578
12 20 6 623736721
12 20 7 27540276
12 21 0 775844043
12 21 1 402151297
12 21 2 3010876619
12 21 3 3573627008
12 21 4 3352041584
12 21 5 2411984578
12 21 6 623736721
12 21 7 27540276
12 22 0 775844043
12 22 1 402151297
12 22 2 3010876619
12 22 3 3573627008
12 22 4 3352041584
12 22 5 2411984578
12 22 6 623736721
12 22 7 27540276
12 23 0 775844043
12 23 1 402151297
12 23 2 3010876619
12 23 3 3573627008
12 23 4 3352041584
12 23 5 2411984578
12 23 6 623736721
12 23 7 27540276
12 24 0 1962868308
12 24 1 2113343782
12 24 2 3053400788
12 24 3 3236835367
12 24 4 3458420791
12 24 5 103510501
12 24 6 1891758358
12 24 7 3271770355
12 25 0 1962868308
12 25 1 2113343782
12 25 2 3053400788
12 25 3 3236835367
12 25 4 3458420791
12 25 5 103510501
12 25 6 1891758358
12 25 7 3271770355
12 26 0 1962868308
12 26 1 2113343782
12 26 2 3053400788
12 26 3 3236835367
12 26 4 3458420791
12 26 5 103510501
12 26 6 1891758358
12 26 7 3271770355
12 27 0 1962868308
12 27 1 2113343782
12 27 2 3053400788
12 27 3 3236835367
12 27 4 3458420791
12 27 5 103510501
12 27 6 1891758358
12 27 7 3271770355
12 28 0 1962868308
12 28 1 2113343782
12 28 2 3053400788
12 28 3 3236835367
12 28 4 3458420791
12 28 5 103510501
12 28 6 1891758358
12 28 7 3271770355
12 29 0 1962868308
12 29 1 2113343782
12 29 2 3053400788
12 29 3 3236835367
12 29 4 3458420791
12 29 5 103510501
12 29 6 1891758358
12 29 7 3271770355
12 30 0 1962868308
12 30 1 2113343782
12 30 2 3053400788
12 30 3 3236835367
12 30 4 3458420791
12 30 5 103510501
12 30 6 1891758358
12 30 7 3271770355
12 31 0 1962868308
12 31 1 2113343782
12 31 2 3053400788
12 31 3 3236835367
12 31 4 3458420791
12 31 5 103510501
12 31 6 1891758358
12 31 7 3271770355
12 32 0 1264015499
12 32 1 1113540025
12 32 2 173483019
12 32 3 4285015736
12 32 4 4063430312
12 32 5 3123373306
12 32 6 1335125449
12 32 7 3715305772
12 33 0 1264015499
12 33 1 1113540025
12 33 2 173483019
12 33 3 4285015736
12 33 4 4063430312
12 33 5 3123373306
12 33 6 1335125449
12 33 7 3715305772
12 34 0 1264015499
12 34 1 1113540025
12 34 2 173483019
12 34 3 4285015736
12 34 4 4063430312
12 34 5 3123373306
12 34 6 1335125449
12 34 7 3715305772
12 35 0 1264015499
12 35 1 1113540025
12 35 2 173483019
12 35 3 4285015736
12 35 4 4063430312
12 35 5 3123373306
12 35 6 1335125449
12 35 7 3715305772
12 36 0 2362686850
12 36 1 2780378923
12 36 2 173111606
12 36 3 1656887338
12 36 4 1739774039
12 36 5 2818529768
12 36 6 1464394560
12 36 7 2956395150
12 37 0 2362686850
12 37 1 3803280394
12 37 2 3394971734
12 37 3 631804683
12 37 4 666666871
12 37 5 1793447113
12 37 6 1464394560
12 37 7 1933493679
12 38 0 2362686850
12 38 1 2485736809
12 38 2 3956901878
12 38 3 1362245224
12 38 4 1228597015
12 38 5 200602794
12 38 6 1464394560
12 38 7 2661753036
12 39 0 2362686850
12 39 1 3508638280
12 39 2 2883794710
12 39 3 337162569
12 39 4 155489847
12 39 5 3470487435
12 39 6 1464394560
12 39 7 3577656045
12 40 0 775844043
12 40 1 128763739
12 40 2 3010876619
12 40 3 542780744
12 40 4 2605856616
12 40 5 166914584
12 40 6 4172519049
12 40 7 2010609804
12 41 0 775844043
12 41 1 3681828106
12 41 2 3010876619
12 41 3 542780744
12 41 4 2605856616
12 41 5 1671994825
12 41 6 4172519049
12 41 7 2010609804
12 42 0 775844043
12 42 1 114779001
12 42 2 3010876619
12 42 3 542780744
12 42 4 2605856616
12 42 5 2124612282
12 42 6 4172519049
12 42 7 2010609804
12 43 0 775844043
12 43 1 3651217704
12 43 2 3010876619
12 43 3 542780744
12 43 4 2605856616
12 43 5 3613066859
12 43 6 4172519049
12 43 7 2010609804
12 44 0 1962868308
12 44 1 2113343782
12 44 2 3053400788
12 44 3 3236835367
12 44 4 3458420791
12 44 5 103510501
12 44 6 1891758358
12 44 7 3271770355
12 45 0 1962868308
12 45 1 2113343782
12 45 2 3053400788
12 45 3 3236835367
12 45 4 3458420791
12 45 5 103510501
12 45 6 1891758358
12 45 7 3271770355
12 46 0 1962868308
12 46 1 2113343782
12 46 2 3053400788
12 46 3 3236835367
12 46 4 3458420791
12 46 5 103510501
12 46 6 1891758358
12 46 7 3271770355
12 47 0 1962868308
12 47 1 2113343782
12 47 2 3053400788
12 47 3 3236835367
12 47 4 3458420791
12 47 5 103510501
12 47 6 1891758358
12 47 7 3271770355
13 16 0 3647682759
13 16 1 3497207285
13 16 2 2557150279
13 16 3 2373715700
13 16 4 2152130276
13 16 5 1212073270
13 16 6 3718792709
13 16 7 2017205202
13 17 0 1493206742
13 17 1 816499876
13 17 2 3728239318
13 17 3 1939991461
13 17 4 2161576885
13 17 5 778349031
13 17 6 594914452
13 17 7 402945315
13 18 0 1690279185
13 18 1 2851687171
13 18 2 4234915025
13 18 3 1728195586
13 18 4 1506610162
13 18 5 2889838016
13 18 6 3073272595
13 18 7 2600844996
13 19 0 3830770464
13 19 1 170979762
13 19 2 1111036768
13 19 3 1294471347
13 19 4 1516056771
13 19 5 2456113777
13 19 6 4244361634
13 19 7 986585109
13 20 0 775844043
13 20 1 402151297
13 20 2 3010876619
13 20 3 3573627008
13 20 4 3352041584
13 20 5 2411984578
13 20 6 623736721
13 20 7 27540276
13 21 0 775844043
13 21 1 402151297
13 21 2 3010876619
13 21 3 3573627008
13 21 4 3352041584
13 21 5 2411984578
13 21 6 623736721
13 21 7 27540276
13 22 0 775844043
13 22 1 402151297
13 22 2 3010876619
13 22 3 3573627008
13 22 4 3352041584
13 22 5 2411984578
13 22 6 623736721
13 22 7 27540276
13 23 0 775844043
13 23 1 402151297
13 23 2 3010876619
13 23 3 3573627008
13 23 4 3352041584
13 23 5 2411984578
13 23 6 623736721
13 23 7 27540276
13 24 0 1962868308
13 24 1 2113343782
13 24 2 3053400788
13 24 3 3236835367
13 24 4 3458420791
13 24 5 103510501
13 24 6 1891758358
13 24 7 3271770355
13 25 0 1962868308
13 25 1 2113343782
13 25 2 3053400788
13 25 3 3236835367
13 25 4 3458420791
13 25 5 103510501
13 25 6 1891758358
13 25 7 3271770355
13 26 0 1962868308
13 26 1 2113343782
13 26 2 3053400788
13 26 3 3236835367
13 26 4 3458420791
13 26 5 103510501
13 26 6 1891758358
13 26 7 3271770355
13 27 0 1962868308
13 27 1 2113343782
13 27 2 3053400788
13 27 3 3236835367
13 27 4 3458420791
13 27 5 103510501
13 27 6 1891758358
13 27 7 3271770355
13 28 0 1962868308
13 28 1 2113343782
13 28 2 3053400788
13 28 3 3236835367
13 28 4 3458420791
13 28 5 103510501
13 28 6 1891758358
13 28 7 3271770355
13 29 0 1962868308
13 29 1 2113343782
13 29 2 3053400788
13 29 3 3236835367
13 29 4 3458420791
13 29 5 103510501
13 29 6 1891758358
13 29 7 3271770355
13 30 0 1962868308
13 30 1 2113343782
13 30 2 3053400788
13 30 3 3236835367
13 30 4 3458420791
13 30 5 103510501
13 30 6 1891758358
13 30 7 3271770355
13 31 0 1962868308
13 31 1 2113343782
13 31 2 3053400788
13 31 3 3236835367
13 31 4 3458420791
13 31 5 103510501
13 31 6 1891758358
13 31 7 3271770355
13 32 0 1264015499
13 32 1 1113540025
13 32 2 173483019
13 32 3 4285015736
13 32 4 4063430312
13 32 5 3123373306
13 32 6 1335125449
13 32 7 3715305772
13 33 0 1264015499
13 33 1 1113540025
13 33 2 173483019
13 33 3 4285015736
13 33 4 4063430312
13 33 5 3123373306
13 33 6 1335125449
13 33 7 3715305772
13 34 0 1264015499
13 34 1 1113540025
13 34 2 173483019
13 34 3 4285015736
13 34 4 4063430312
13 34 5 3123373306
13 34 6 1335125449
13 34 7 3715305772
13 35 0 1264015499
13 35 1 1113540025
13 35 2 173483019
13 35 3 4285015736
13 35 4 4063430312
13 35 5 3123373306
13 35 6 1335125449
13 35 7 3715305772
13 36 0 2362686850
13 36 1 2780378923
13 36 2 173111606
13 36 3 1656887338
13 36 4 1739774039
13 36 5 2818529768
13 36 6 1464394560
13 36 7 2956395150
13 37 0 2362686850
13 37 1 3803280394
13 37 2 3394971734
13 37 3 631804683
13 37 4 666666871
13 37 5 1793447113
13 37 6 1464394560
13 37 7 1933493679
13 38 0 2362686850
13 38 1 2485736809
13 38 2 3956901878
13 38 3 1362245224
13 38 4 1228597015
13 38 5 200602794
13 38 6 1464394560
13 38 7 2661753036
13 39 0 2362686850
13 39 1 3508638280
13 39 2 2883794710
13 39 3 337162569
13 39 4 155489847
13 39 5 3470487435
13 39 6 1464394560
13 39 7 3577656045
13 40 0 775844043
13 40 1 128763739
13 40 2 3010876619
13 40 3 542780744
13 40 4 2605856616
13 40 5 166914584
13 40 6 4172519049
13 40 7 2010609804
13 41 0 775844043
13 41 1 3681828106
13 41 2 3010876619
13 41 3 542780744
13 41 4 2605856616
13 41 5 1671994825
13 41 6 4172519049
13 41 7 2010609804
13 42 0 775844043
13 42 1 114779001
13 42 2 3010876619
13 42 3 542780744
13 42 4 2605856616
13 42 5 2124612282
13 42 6 4172519049
13 42 7 2010609804
13 43 0 775844043
13 43 1 3651217704
13 43 2 3010876619
13 43 3 542780744
13 43 4 2605856616
13 43 5 3613066859
13 43 6 4172519049
13 43 7 2010609804
13 44 0 1962868308
13 44 1 2113343782
13 44 2 3053400788
13 44 3 3236835367
13 44 4 3458420791
13 44 5 103510501
13 44 6 1891758358
13 44 7 3271770355
13 45 0 1962868308
13 45 1 2113343782
13 45 2 3053400788
13 45 3 3236835367
13 45 4 3458420791
13 45 5 103510501
13 45 6 1891758358
13 45 7 3271770355
13 46 0 1962868308
13 46 1 2113343782
13 46 2 3053400788
13 46 3 3236835367
13 46 4 3458420791
13 46 5 103510501
13 46 6 1891758358
13 46 7 3271770355
13 47 0 1962868308
13 47 1 2113343782
13 47 2 3053400788
13 47 3 3236835367
13 47 4 3458420791
13 47 5 103510501
13 47 6 1891758358
13 47 7 3271770355
14 16 0 3647682759
14 16 1 3497207285
14 16 2 2557150279
14 16 3 2373715700
14 16 4 2152130276
14 16 5 1212073270
14 16 6 3718792709
14 16 7 2017205202
14 17 0 1493206742
14 17 1 816499876
14 17 2 3728239318
14 17 3 1939991461
14 17 4 2161576885
14 17 5 778349031
14 17 6 594914452
14 17 7 402945315
14 18 0 1690279185
14 18 1 2851687171
14 18 2 4234915025
14 18 3 1728195586
14 18 4 1506610162
14 18 5 2889838016
14 18 6 3073272595
14 18 7 2600844996
14 19 0 3830770464
14 19 1 170979762
14 19 2 1111036768
14 19 3 1294471347
14 19 4 1516056771
14 19 5 2456113777
14 19 6 4244361634
14 19 7 986585109
14 20 0 775844043
14 20 1 402151297
14 20 2 3010876619
14 20 3 3573627008
14 20 4 3352041584
14 20 5 2411984578
14 20 6 623736721
14 20 7 27540276
14 21 0 775844043
14 21 1 402151297
14 21 2 3010876619
14 21 3 3573627008
14 21 4 3352041584
14 21 5 2411984578
14 21 6 623736721
14 21 7 27540276
14 22 0 775844043
14 22 1 402151297
14 22 2 3010876619
14 22 3 3573627008
14 22 4 3352041584
14 22 5 2411984578
14 22 6 623736721
14 22 7 27540276
14 23 0 775844043
14 23 1 402151297
14 23 2 3010876619
14 23 3 3573627008
14 23 4 3352041584
14 23 5 2411984578
14 23 6 623736721
14 23 7 27540276
14 24 0 1962868308
14 24 1 2113343782
14 24 2 3053400788
14 24 3 3236835367
14 24 4 3458420791
14 24 5 103510501
14 24 6 1891758358
14 24 7 3271770355
14 25 0 1962868308
14 25 1 2113343782
14 25 2 3053400788
14 25 3 3236835367
14 25 4 3458420791
14 25 5 103510501
14 25 6 1891758358
14 25 7 3271770355
14 26 0 1962868308
14 26 1 2113343782
14 26 2 3053400788
14 26 3 3236835367
14 26 4 3458420791
14 26 5 103510501
14 26 6 1891758358
14 26 7 3271770355
14 27 0 1962868308
14 27 1 2113343782
14 27 2 3053400788
14 27 3 3236835367
14 27 4 3458420791
14 27 5 103510501
14 27 6 1891758358
14 27 7 3271770355
14 28 0 1962868308
14 28 1 2113343782
14 28 2 3053400788
14 28 3 3236835367
14 28 4 3458420791
14 28 5 103510501
14 28 6 1891758358
14 28 7 3271770355
14 29 0 1962868308
14 29 1 2113343782
14 29 2 3053400788
14 29 3 3236835367
14 29 4 3458420791
14 29 5 103510501
14 29 6 1891758358
14 29 7 3271770355
14 30 0 1962868308
14 30 1 2113343782
14 30 2 3053400788
14 30 3 3236835367
14 30 4 3458420791
14 30 5 103510501
14 30 6 1891758358
14 30 7 3271770355
14 31 0 1962868308
14 31 1 2113343782
14 31 2 3053400788
14 31 3 3236835367
14 31 4 3458420791
14 31 5 103510501
14 31 6 1891758358
14 31 7 3271770355
14 32 0 1264015499
14 32 1 1113540025
14 32 2 173483019
14 32 3 4285015736
14 32 4 4063430312
14 32 5 3123373306
14 32 6 1335125449
14 32 7 3715305772
14 33 0 1264015499
14 33 1 1113540025
14 33 2 173483019
14 33 3 4285015736
14 33 4 4063430312
14 33 5 3123373306
14 33 6 1335125449
14 33 7 3715305772
14 34 0 1264015499
14 34 1 1113540025
14 34 2 173483019
14 34 3 4285015736
14 34 4 4063430312
14 34 5 3123373306
14 34 6 1335125449
14 34 7 3715305772
14 35 0 1264015499
14 35 1 1113540025
14 35 2 173483019
14 35 3 4285015736
14 35 4 4063430312
14 35 5 3123373306
14 35 6 1335125449
14 35 7 3715305772
14 36 0 2362686850
14 36 1 2780378923
14 36 2 173111606
14 36 3 1656887338
14 36 4 1739774039
14 36 5 2818529768
14 36 6 1464394560
14 36 7 2956395150
14 37 0 2362686850
14 37 1 3803280394
14 37 2 3394971734
14 37 3 631804683
14 37 4 666666871
14 37 5 1793447113
14 37 6 1464394560
14 37 7 1933493679
14 38 0 2362686850
14 38 1 2485736809
14 38 2 3956901878
14 38 3 1362245224
14 38 4 1228597015
14 38 5 200602794
14 38 6 1464394560
14 38 7 2661753036
14 39 0 2362686850
14 39 1 3508638280
14 39 2 2883794710
14 39 3 337162569
14 39 4 155489847
14 39 5 3470487435
14 39 6 1464394560
14 39 7 3577656045
14 40 0 775844043
14 40 1 128763739
14 40 2 3010876619
14 40 3 542780744
14 40 4 2605856616
14 40 5 166914584
14 40 6 4172519049
14 40 7 2010609804
14 41 0 775844043
14 41 1 3681828106
14 41 2 3010876619
14 41 3 542780744
14 41 4 2605856616
14 41 5 1671994825
14 41 6 4172519049
14 41 7 2010609804
14 42 0 775844043
14 42 1 114779001
14 42 2 3010876619
14 42 3 542780744
14 42 4 2605856616
14 42 5 2124612282
14 42 6 4172519049
14 42 7 2010609804
14 43 0 775844043
14 43 1 3651217704
14 43 2 3010876619
14 43 3 542780744
14 43 4 2605856616
14 43 5 3613066859
14 43 6 4172519049
14 43 7 2010609804
14 44 0 1962868308
14 44 1 2113343782
14 44 2 3053400788
14 44 3 3236835367
14 44 4 3458420791
14 44 5 103510501
14 44 6 1891758358
14 44 7 3271770355
14 45 0 1962868308
14 45 1 2113343782
14 45 2 3053400788
14 45 3 3236835367
14 45 4 3458420791
14 45 5 103510501
14 45 6 1891758358
14 45 7 3271770355
14 46 0 1962868308
14 46 1 2113343782
14 46 2 3053400788
14 46 3 3236835367
14 46 4 3458420791
14 46 5 103510501
14 46 6 1891758358
14 46 7 3271770355
14 47 0 1962868308
14 47 1 2113343782
14 47 2 3053400788
14 47 3 3236835367
14 47 4 3458420791
14 47 5 103510501
14 47 6 1891758358
14 47 7 3271770355
15 16 0 3647682759
15 16 1 3497207285
15 16 2 2557150279
15 16 3 2373715700
15 16 4 2152130276
15 16 5 1212073270
15 16 6 3718792709
15 16 7 2017205202
15 17 0 1493206742
15 17 1 816499876
15 17 2 3728239318
15 17 3 1939991461
15 17 4 2161576885
15 17 5 778349031
15 17 6 594914452
15 17 7 402945315
15 18 0 1690279185
15 18 1 2851687171
15 18 2 4234915025
15 18 3 1728195586
15 18 4 1506610162
15 18 5 2889838016
15 18 6 3073272595
15 18 7 2600844996
15 19 0 3830770464
15 19 1 170979762
15 19 2 1111036768
15 19 3 1294471347
15 19 4 1516056771
15 19 5 2456113777
15 19 6 4244361634
15 19 7 986585109
15 20 0 775844043
15 20 1 402151297
15 20 2 3010876619
15 20 3 3573627008
15 20 4 3352041584
15 20 5 2411984578
15 20 6 623736721
15 20 7 27540276
15 21 0 775844043
15 21 1 402151297
15 21 2 3010876619
15 21 3 3573627008
15 21 4 3352041584
15 21 5 2411984578
15 21 6 623736721
15 21 7 27540276
15 22 0 775844043
15 22 1 402151297
15 22 2 3010876619
15 22 3 3573627008
15 22 4 3352041584
15 22 5 2411984578
15 22 6 623736721
15 22 7 27540276
15 23 0 775844043
15 23 1 402151297
15 23 2 3010876619
15 23 3 3573627008
15 23 4 3352041584
15 23 5 2411984578
15 23 6 623736721
15 23 7 27540276
15 24 0 1962868308
15 24 1 2113343782
15 24 2 3053400788
15 24 3 3236835367
15 24 4 3458420791
15 24 5 103510501
15 24 6 1891758358
15 24 7 3271770355
15 25 0 1962868308
15 25 1 2113343782
15 25 2 3053400788
15 25 3 3236835367
15 25 4 3458420791
15 25 5 103510501
15 25 6 1891758358
15 25 7 3271770355
15 26 0 1962868308
15 26 1 2113343782
15 26 2 3053400788
15 26 3 3236835367
15 26 4 3458420791
15 26 5 103510501
15 26 6 1891758358
15 26 7 3271770355
15 27 0 1962868308
15 27 1 2113343782
15 27 2 3053400788
15 27 3 3236835367
15 27 4 3458420791
15 27 5 103510501
15 27 6 1891758358
15 27 7 3271770355
15 28 0 1962868308
15 28 1 2113343782
15 28 2 3053400788
15 28 3 3236835367
15 28 4 3458420791
15 28 5 103510501
15 28 6 1891758358
15 28 7 3271770355
15 29 0 1962868308
15 29 1 2113343782
15 29 2 3053400788
15 29 3 3236835367
15 29 4 3458420791
15 29 5 103510501
15 29 6 1891758358
15 29 7 3271770355
15 30 0 1962868308
15 30 1 2113343782
15 30 2 3053400788
15 30 3 3236835367
15 30 4 3458420791
15 30 5 103510501
15 30 6 1891758358
15 30 7 3271770355
15 31 0 1962868308
15 31 1 2113343782
15 31 2 3053400788
15 31 3 3236835367
15 31 4 3458420791
15 31 5 103510501
15 31 6 1891758358
15 31 7 3271770355
15 32 0 1264015499
15 32 1 1113540025
15 32 2 173483019
15 32 3 4285015736
15 32 4 4063430312
15 32 5 3123373306
15 32 6 1335125449
15 32 7 3715305772
15 33 0 1264015499
15 33 1 1113540025
15 33 2 173483019
15 33 3 4285015736
15 33 4 4063430312
15 33 5 3123373306
15 33 6 1335125449
15 33 7 3715305772
15 34 0 1264015499
15 34 1 1113540025
15 34 2 173483019
15 34 3 4285015736
15 34 4 4063430312
15 34 5 3123373306
15 34 6 1335125449
15 34 7 3715305772
15 35 0 1264015499
15 35 1 1113540025
15 35 2 173483019
15 35 3 4285015736
15 35 4 4063430312
15 35 5 3123373306
15 35 6 1335125449
15 35 7 3715305772
15 36 0 2362686850
15 36 1 2780378923
15 36 2 173111606
15 36 3 1656887338
15 36 4 1739774039
15 36 5 2818529768
15 36 6 1464394560
15 36 7 2956395150
15 37 0 2362686850
15 37 1 3803280394
15 37 2 3394971734
15 37 3 631804683
15 37 4 666666871
15 37 5 1793447113
15 37 6 1464394560
15 37 7 1933493679
15 38 0 2362686850
15 38 1 2485736809
15 38 2 3956901878
15 38 3 1362245224
15 38 4 1228597015
15 38 5 200602794
15 38 6 1464394560
15 38 7 2661753036
15 39 0 2362686850
15 39 1 3508638280
15 39 2 2883794710
15 39 3 337162569
15 39 4 155489847
15 39 5 3470487435
15 39 6 1464394560
15 39 7 3577656045
15 40 0 775844043
15 40 1 128763739
15 40 2 3010876619
15 40 3 542780744
15 40 4 2605856616
15 40 5 166914584
15 40 6 4172519049
15 40 7 2010609804
15 41 0 775844043
15 41 1 3681828106
15 41 2 3010876619
15 41 3 542780744
15 41 4 2605856616
15 41 5 1671994825
15 41 6 4172519049
15 41 7 2010609804
15 42 0 775844043
15 42 1 114779001
15 42 2 3010876619
15 42 3 542780744
15 42 4 2605856616
15 42 5 2124612282
15 42 6 4172519049
15 42 7 2010609804
15 43 0 775844043
15 43 1 3651217704
15 43 2 3010876619
15 43 3 542780744
15 43 4 2605856616
15 43 5 3613066859
15 43 6 4172519049
15 43 7 2010609804
15 44 0 1962868308
15 44 1 2113343782
15 44 2 3053400788
15 44 3 3236835367
15 44 4 3458420791
15 44 5 103510501
15 44 6 1891758358
15 44 7 3271770355
15 45 0 1962868308
15 45 1 2113343782
15 45 2 3053400788
15 45 3 3236835367
15 45 4 3458420791
15 45 5 103510501
15 45 6 1891758358
15 45 7 3271770355
15 46 0 1962868308
15 46 1 2113343782
15 46 2 3053400788
15 46 3 3236835367
15 46 4 3458420791
15 46 5 103510501
15 46 6 1891758358
15 46 7 3271770355
15 47 0 1962868308
15 47 1 2113343782
15 47 2 3053400788
15 47 3 3236835367
15 47 4 3458420791
15 47 5 103510501
15 47 6 1891758358
15 47 7 3271770355
16 16 0 1130470273
16 16 1 1807177139
16 16 2 3190404993
16 16 3 683685554
16 16 4 462100130
16 16 5 1845327984
16 16 6 966679577
16 16 7 2017205202
16 17 0 4246364048
16 17 1 101872226
16 17 2 1041929232
16 17 3 1225363811
16 17 4 1446949235
16 17 5 2387006241
16 17 6 4076573096
16 17 7 402945315
16 18 0 3329891607
16 18 1 2694715013
16 18 2 1754658007
16 18 3 1571223428
16 18 4 1349638004
16 18 5 409580998
16 18 6 256896959
16 18 7 2600844996
16 19 0 1175415590
16 19 1 14007604
16 19 2 2925747046
16 19 3 1137499189
16 19 4 1359084613
16 19 5 4270824055
16 19 6 3366790478
16 19 7 986585109
16 20 0 1554740857
16 20 1 2321855967
16 20 2 3614675577
16 20 3 1198364382
16 20 4 976778958
16 20 5 2360006812
16 20 6 389254549
16 20 7 27540276
16 21 0 1554740857
16 21 1 2321855967
16 21 2 3614675577
16 21 3 1198364382
16 21 4 976778958
16 21 5 2360006812
16 21 6 389254549
16 21 7 27540276
16 22 0 1554740857
16 22 1 2321855967
16 22 2 3614675577
16 22 3 1198364382
16 22 4 976778958
16 22 5 2360006812
16 22 6 389254549
16 22 7 27540276
16 23 0 1554740857
16 23 1 2321855967
16 23 2 3614675577
16 23 3 1198364382
16 23 4 976778958
16 23 5 2360006812
16 23 6 389254549
16 23 7 27540276
16 24 0 1420827654
16 24 1 1713523028
16 24 2 330295174
16 24 3 2837014613
16 24 4 3058600037
16 24 5 1675372183
16 24 6 1259047898
16 24 7 3271770355
16 25 0 1420827654
16 25 1 1713523028
16 25 2 330295174
16 25 3 2837014613
16 25 4 3058600037
16 25 5 1675372183
16 25 6 1259047898
16 25 7 3271770355
16 26 0 1420827654
16 26 1 1713523028
16 26 2 330295174
16 26 3 2837014613
16 26 4 3058600037
16 26 5 1675372183
16 26 6 1259047898
16 26 7 3271770355
16 27 0 1420827654
16 27 1 1713523028
16 27 2 330295174
16 27 3 2837014613
16 27 4 3058600037
16 27 5 1675372183
16 27 6 1259047898
16 27 7 3271770355
16 28 0 4045229762
16 28 1 42957840
16 28 2 2954697282
16 28 3 1166449425
16 28 4 1388034849
16 28 5 4806995
16 28 6 1259047898
16 28 7 3271770355
16 29 0 4045229762
16 29 1 42957840
16 29 2 2954697282
16 29 3 1166449425
16 29 4 1388034849
16 29 5 4806995
16 29 6 1259047898
16 29 7 3271770355
16 30 0 1420827654
16 30 1 1713523028
16 30 2 330295174
16 30 3 2837014613
16 30 4 3058600037
16 30 5 1675372183
16 30 6 1259047898
16 30 7 3271770355
16 31 0 1420827654
16 31 1 1713523028
16 31 2 330295174
16 31 3 2837014613
16 31 4 3058600037
16 31 5 1675372183
16 31 6 1259047898
16 31 7 3271770355
16 32 0 3481765029
16 32 1 3673770775
16 32 2 762031333
16 32 3 2550279190
16 32 4 2328693766
16 32 5 3711921620
16 32 6 3707586645
16 32 7 3715305772
16 33 0 3481765029
16 33 1 3673770775
16 33 2 762031333
16 33 3 2550279190
16 33 4 2328693766
16 33 5 3711921620
16 33 6 3707586645
16 33 7 3715305772
16 34 0 3481765029
16 34 1 3673770775
16 34 2 762031333
16 34 3 2550279190
16 34 4 2328693766
16 34 5 3711921620
16 34 6 3707586645
16 34 7 3715305772
16 35 0 3481765029
16 35 1 3673770775
16 35 2 762031333
16 35 3 2550279190
16 35 4 2328693766
16 35 5 3711921620
16 35 6 3707586645
16 35 7 3715305772
16 36 0 3364019536
16 36 1 1746985725
16 36 2 619994608
16 36 3 623494140
16 36 4 2186657041
16 36 5 3756819006
16 36 6 3958104628
16 36 7 2956395150
16 37 0 3364019536
16 37 1 1315783836
16 37 2 1485691920
16 37 3 2439275421
16 37 4 3052354353
16 37 5 1277632991
16 37 6 3958104628
16 37 7 1933493679
16 38 0 3364019536
16 38 1 102823359
16 38 2 1694988592
16 38 3 3274299070
16 38 4 3261651025
16 38 5 140974204
16 38 6 3958104628
16 38 7 2661753036
16 39 0 3364019536
16 39 1 1610425950
16 39 2 58064464
16 39 3 2733917535
16 39 4 1624726897
16 39 5 3895559965
16 39 6 3958104628
16 39 7 3577656045
16 40 0 1554740857
16 40 1 3494528841
16 40 2 3614675577
16 40 3 2321221658
16 40 4 886370714
16 40 5 1209394826
16 40 6 666080109
16 40 7 2010609804
16 41 0 1554740857
16 41 1 813821432
16 41 2 3614675577
16 41 3 2321221658
16 41 4 886370714
16 41 5 775670587
16 41 6 666080109
16 41 7 2010609804
16 42 0 1554740857
16 42 1 287929131
16 42 2 3614675577
16 42 3 2321221658
16 42 4 886370714
16 42 5 326079976
16 42 6 666080109
16 42 7 2010609804
16 43 0 1554740857
16 43 1 2877591514
16 43 2 3614675577
16 43 3 2321221658
16 43 4 886370714
16 43 5 867758233
16 43 6 666080109
16 43 7 2010609804
16 44 0 1420827654
16 44 1 1713523028
16 44 2 330295174
16 44 3 2837014613
16 44 4 3058600037
16 44 5 1675372183
16 44 6 1259047898
16 44 7 3271770355
16 45 0 1420827654
16 45 1 1713523028
16 45 2 330295174
16 45 3 2837014613
16 45 4 3058600037
16 45 5 1675372183
16 45 6 1259047898
16 45 7 3271770355
16 46 0 1420827654
16 46 1 1713523028
16 46 2 330295174
16 46 3 2837014613
16 46 4 3058600037
16 46 5 1675372183
16 46 6 1259047898
16 46 7 3271770355
16 47 0 1420827654
16 47 1 1713523028
16 47 2 330295174
16 47 3 2837014613
16 47 4 3058600037
16 47 5 1675372183
16 47 6 1259047898
16 47 7 3271770355
17 16 0 1130470273
17 16 1 1807177139
17 16 2 3190404993
17 16 3 683685554
17 16 4 462100130
17 16 5 1845327984
17 16 6 966679577
17 16 7 2017205202
17 17 0 4246364048
17 17 1 101872226
17 17 2 1041929232
17 17 3 1225363811
17 17 4 1446949235
17 17 5 2387006241
17 17 6 4076573096
17 17 7 402945315
17 18 0 3329891607
17 18 1 2694715013
17 18 2 1754658007
17 18 3 1571223428
17 18 4 1349638004
17 18 5 409580998
17 18 6 256896959
17 18 7 2600844996
17 19 0 1175415590
17 19 1 14007604
17 19 2 2925747046
17 19 3 1137499189
17 19 4 1359084613
17 19 5 4270824055
17 19 6 3366790478
17 19 7 986585109
17 20 0 1554740857
17 20 1 2321855967
17 20 2 3614675577
17 20 3 1198364382
17 20 4 976778958
17 20 5 2360006812
17 20 6 389254549
17 20 7 27540276
17 21 0 1554740857
17 21 1 2321855967
17 21 2 3614675577
17 21 3 1198364382
17 21 4 976778958
17 21 5 2360006812
17 21 6 389254549
17 21 7 27540276
17 22 0 1554740857
17 22 1 2321855967
17 22 2 3614675577
17 22 3 1198364382
17 22 4 976778958
17 22 5 2360006812
17 22 6 389254549
17 22 7 27540276
17 23 0 1554740857
17 23 1 2321855967
17 23 2 3614675577
17 23 3 1198364382
17 23 4 976778958
17 23 5 2360006812
17 23 6 389254549
17 23 7 27540276
17 24 0 1420827654
17 24 1 1713523028
17 24 2 330295174
17 24 3 2837014613
17 24 4 3058600037
17 24 5 1675372183
17 24 6 1259047898
17 24 7 3271770355
17 25 0 1420827654
17 25 1 1713523028
17 25 2 330295174
17 25 3 2837014613
17 25 4 3058600037
17 25 5 1675372183
17 25 6 1259047898
17 25 7 3271770355
17 26 0 1420827654
17 26 1 1713523028
17 26 2 330295174
17 26 3 2837014613
17 26 4 3058600037
17 26 5 1675372183
17 26 6 1259047898
17 26 7 3271770355
17 27 0 1420827654
17 27 1 1713523028
17 27 2 330295174
17 27 3 2837014613
17 27 4 3058600037
17 27 5 1675372183
17 27 6 1259047898
17 27 7 3271770355
17 28 0 2112420126
17 28 1 2405115500
17 28 2 1021887646
17 28 3 3528607085
17 28 4 3750192509
17 28 5 2366964655
17 28 6 1259047898
17 28 7 3271770355
17 29 0 2112420126
17 29 1 2405115500
17 29 2 1021887646
17 29 3 3528607085
17 29 4 3750192509
17 29 5 2366964655
17 29 6 1259047898
17 29 7 3271770355
17 30 0 1420827654
17 30 1 1713523028
17 30 2 330295174
17 30 3 2837014613
17 30 4 3058600037
17 30 5 1675372183
17 30 6 1259047898
17 30 7 3271770355
17 31 0 1420827654
17 31 1 1713523028
17 31 2 330295174
17 31 3 2837014613
17 31 4 3058600037
17 31 5 1675372183
17 31 6 1259047898
17 31 7 3271770355
17 32 0 3481765029
17 32 1 3673770775
17 32 2 762031333
17 32 3 2550279190
17 32 4 2328693766
17 32 5 3711921620
17 32 6 3707586645
17 32 7 3715305772
17 33 0 3481765029
17 33 1 3673770775
17 33 2 762031333
17 33 3 2550279190
17 33 4 2328693766
17 33 5 3711921620
17 33 6 3707586645
17 33 7 3715305772
17 34 0 3481765029
17 34 1 3673770775
17 34 2 762031333
17 34 3 2550279190
17 34 4 2328693766
17 34 5 3711921620
17 34 6 3707586645
17 34 7 3715305772
17 35 0 3481765029
17 35 1 3673770775
17 35 2 762031333
17 35 3 2550279190
17 35 4 2328693766
17 35 5 3711921620
17 35 6 3707586645
17 35 7 3715305772
17 36 0 3364019536
17 36 1 1746985725
17 36 2 619994608
17 36 3 623494140
17 36 4 2186657041
17 36 5 3756819006
17 36 6 3958104628
17 36 7 2956395150
17 37 0 3364019536
17 37 1 1315783836
17 37 2 1485691920
17 37 3 2439275421
17 37 4 3052354353
17 37 5 1277632991
17 37 6 3958104628
17 37 7 1933493679
17 38 0 3364019536
17 38 1 102823359
17 38 2 1694988592
17 38 3 3274299070
17 38 4 3261651025
17 38 5 140974204
17 38 6 3958104628
17 38 7 2661753036
17 39 0 3364019536
17 39 1 1610425950
17 39 2 58064464
17 39 3 2733917535
17 39 4 1624726897
17 39 5 3895559965
17 39 6 3958104628
17 39 7 3577656045
17 40 0 1554740857
17 40 1 3494528841
17 40 2 3614675577
17 40 3 2321221658
17 40 4 886370714
17 40 5 1209394826
17 40 6 666080109
17 40 7 2010609804
17 41 0 1554740857
17 41 1 813821432
17 41 2 3614675577
17 41 3 2321221658
17 41 4 886370714
17 41 5 775670587
17 41 6 666080109
17 41 7 2010609804
17 42 0 1554740857
17 42 1 287929131
17 42 2 3614675577
17 42 3 2321221658
17 42 4 886370714
17 42 5 326079976
17 42 6 666080109
17 42 7 2010609804
17 43 0 1554740857
17 43 1 2877591514
17 43 2 3614675577
17 43 3 2321221658
17 43 4 886370714
17 43 5 867758233
17 43 6 666080109
17 43 7 2010609804
17 44 0 1420827654
17 44 1 1713523028
17 44 2 330295174
17 44 3 2837014613
17 44 4 3058600037
17 44 5 1675372183
17 44 6 1259047898
17 44 7 3271770355
17 45 0 1420827654
17 45 1 1713523028
17 45 2 330295174
17 45 3 2837014613
17 45 4 3058600037
17 45 5 1675372183
17 45 6 1259047898
17 45 7 3271770355
17 46 0 1420827654
17 46 1 1713523028
17 46 2 330295174
17 46 3 2837014613
17 46 4 3058600037
17 46 5 1675372183
17 46 6 1259047898
17 46 7 3271770355
17 47 0 1420827654
17 47 1 1713523028
17 47 2 330295174
17 47 3 2837014613
17 47 4 3058600037
17 47 5 1675372183
17 47 6 1259047898
17 47 7 3271770355
18 16 0 3647682759
18 16 1 3497207285
18 16 2 2557150279
18 16 3 2373715700
18 16 4 2152130276
18 16 5 1212073270
18 16 6 3718792709
18 16 7 2017205202
18 17 0 1493206742
18 17 1 816499876
18 17 2 3728239318
18 17 3 1939991461
18 17 4 2161576885
18 17 5 778349031
18 17 6 594914452
18 17 7 402945315
18 18 0 1690279185
18 18 1 2851687171
18 18 2 4234915025
18 18 3 1728195586
18 18 4 1506610162
18 18 5 2889838016
18 18 6 3073272595
18 18 7 2600844996
18 19 0 3830770464
18 19 1 170979762
18 19 2 1111036768
18 19 3 1294471347
18 19 4 1516056771
18 19 5 2456113777
18 19 6 4244361634
18 19 7 986585109
18 20 0 775844043
18 20 1 402151297
18 20 2 3010876619
18 20 3 3573627008
18 20 4 3352041584
18 20 5 2411984578
18 20 6 623736721
18 20 7 27540276
18 21 0 775844043
18 21 1 402151297
18 21 2 3010876619
18 21 3 3573627008
18 21 4 3352041584
18 21 5 2411984578
18 21 6 623736721
18 21 7 27540276
18 22 0 775844043
18 22 1 402151297
18 22 2 3010876619
18 22 3 3573627008
18 22 4 3352041584
18 22 5 2411984578
18 22 6 623736721
18 22 7 27540276
18 23 0 775844043
18 23 1 402151297
18 23 2 3010876619
18 23 3 3573627008
18 23 4 3352041584
18 23 5 2411984578
18 23 6 623736721
18 23 7 27540276
18 24 0 1962868308
18 24 1 2113343782
18 24 2 3053400788
18 24 3 3236835367
18 24 4 3458420791
18 24 5 103510501
18 24 6 1891758358
18 24 7 3271770355
18 25 0 1962868308
18 25 1 2113343782
18 25 2 3053400788
18 25 3 3236835367
18 25 4 3458420791
18 25 5 103510501
18 25 6 1891758358
18 25 7 3271770355
18 26 0 1962868308
18 26 1 2113343782
18 26 2 3053400788
18 26 3 3236835367
18 26 4 3458420791
18 26 5 103510501
18 26 6 1891758358
18 26 7 3271770355
18 27 0 1962868308
18 27 1 2113343782
18 27 2 3053400788
18 27 3 3236835367
18 27 4 3458420791
18 27 5 103510501
18 27 6 1891758358
18 27 7 3271770355
18 28 0 1962868308
18 28 1 2113343782
18 28 2 3053400788
18 28 3 3236835367
18 28 4 3458420791
18 28 5 103510501
18 28 6 1891758358
18 28 7 3271770355
18 29 0 1962868308
18 29 1 2113343782
18 29 2 3053400788
18 29 3 3236835367
18 29 4 3458420791
18 29 5 103510501
18 29 6 1891758358
18 29 7 3271770355
18 30 0 1962868308
18 30 1 2113343782
18 30 2 3053400788
18 30 3 3236835367
18 30 4 3458420791
18 30 5 103510501
18 30 6 1891758358
18 30 7 3271770355
18 31 0 1962868308
18 31 1 2113343782
18 31 2 3053400788
18 31 3 3236835367
18 31 4 3458420791
18 31 5 103510501
18 31 6 1891758358
18 31 7 3271770355
18 32 0 1264015499
18 32 1 1113540025
18 32 2 173483019
18 32 3 4285015736
18 32 4 4063430312
18 32 5 3123373306
18 32 6 1335125449
18 32 7 3715305772
18 33 0 1264015499
18 33 1 1113540025
18 33 2 173483019
18 33 3 4285015736
18 33 4 4063430312
18 33 5 3123373306
18 33 6 1335125449
18 33 7 3715305772
18 34 0 1264015499
18 34 1 1113540025
18 34 2 173483019
18 34 3 4285015736
18 34 4 4063430312
18 34 5 3123373306
18 34 6 1335125449
18 34 7 3715305772
18 35 0 1264015499
18 35 1 1113540025
18 35 2 173483019
18 35 3 4285015736
18 35 4 4063430312
18 35 5 3123373306
18 35 6 1335125449
18 35 7 3715305772
18 36 0 2362686850
18 36 1 2780378923
18 36 2 173111606
18 36 3 1656887338
18 36 4 1739774039
18 36 5 2818529768
18 36 6 1464394560
18 36 7 2956395150
18 37 0 2362686850
18 37 1 3803280394
18 37 2 3394971734
18 37 3 631804683
18 37 4 666666871
18 37 5 1793447113
18 37 6 1464394560
18 37 7 1933493679
18 38 0 2362686850
18 38 1 2485736809
18 38 2 3956901878
18 38 3 1362245224
18 38 4 1228597015
18 38 5 200602794
18 38 6 1464394560
18 38 7 2661753036
18 39 0 2362686850
18 39 1 3508638280
18 39 2 2883794710
18 39 3 337162569
18 39 4 155489847
18 39 5 3470487435
18 39 6 1464394560
18 39 7 3577656045
18 40 0 775844043
18 40 1 128763739
18 40 2 3010876619
18 40 3 542780744
18 40 4 2605856616
18 40 5 166914584
18 40 6 4172519049
18 40 7 2010609804
18 41 0 775844043
18 41 1 3681828106
18 41 2 3010876619
18 41 3 542780744
18 41 4 2605856616
18 41 5 1671994825
18 41 6 4172519049
18 41 7 2010609804
18 42 0 775844043
18 42 1 114779001
18 42 2 3010876619
18 42 3 542780744
18 42 4 2605856616
18 42 5 2124612282
18 42 6 4172519049
18 42 7 2010609804
18 43 0 775844043
18 43 1 3651217704
18 43 2 3010876619
18 43 3 542780744
18 43 4 2605856616
18 43 5 3613066859
18 43 6 4172519049
18 43 7 2010609804
18 44 0 1962868308
18 44 1 2113343782
18 44 2 3053400788
18 44 3 3236835367
18 44 4 3458420791
18 44 5 103510501
18 44 6 1891758358
18 44 7 3271770355
18 45 0 1962868308
18 45 1 2113343782
18 45 2 3053400788
18 45 3 3236835367
18 45 4 3458420791
18 45 5 103510501
18 45 6 1891758358
18 45 7 3271770355
18 46 0 1962868308
18 46 1 2113343782
18 46 2 3053400788
18 46 3 3236835367
18 46 4 3458420791
18 46 5 103510501
18 46 6 1891758358
18 46 7 3271770355
18 47 0 1962868308
18 47 1 2113343782
18 47 2 3053400788
18 47 3 3236835367
18 47 4 3458420791
18 47 5 103510501
18 47 6 1891758358
18 47 7 3271770355
19 16 0 3647682759
19 16 1 3497207285
19 16 2 2557150279
19 16 3 2373715700
19 16 4 2152130276
19 16 5 1212073270
19 16 6 3718792709
19 16 7 2017205202
19 17 0 1493206742
19 17 1 816499876
19 17 2 3728239318
19 17 3 1939991461
19 17 4 2161576885
19 17 5 778349031
19 17 6 594914452
19 17 7 402945315
19 18 0 1690279185
19 18 1 2851687171
19 18 2 4234915025
19 18 3 1728195586
19 18 4 1506610162
19 18 5 2889838016
19 18 6 3073272595
19 18 7 2600844996
19 19 0 3830770464
19 19 1 170979762
19 19 2 1111036768
19 19 3 1294471347
19 19 4 1516056771
19 19 5 2456113777
19 19 6 4244361634
19 19 7 986585109
19 20 0 775844043
19 20 1 402151297
19 20 2 3010876619
19 20 3 3573627008
19 20 4 3352041584
19 20 5 2411984578
19 20 6 623736721
19 20 7 27540276
19 21 0 775844043
19 21 1 402151297
19 21 2 3010876619
19 21 3 3573627008
19 21 4 3352041584
19 21 5 2411984578
19 21 6 623736721
19 21 7 27540276
19 22 0 775844043
19 22 1 402151297
19 22 2 3010876619
19 22 3 3573627008
19 22 4 3352041584
19 22 5 2411984578
19 22 6 623736721
19 22 7 27540276
19 23 0 775844043
19 23 1 402151297
19 23 2 3010876619
19 23 3 3573627008
19 23 4 3352041584
19 23 5 2411984578
19 23 6 623736721
19 23 7 27540276
19 24 0 1962868308
19 24 1 2113343782
19 24 2 3053400788
19 24 3 3236835367
19 24 4 3458420791
19 24 5 103510501
19 24 6 1891758358
19 24 7 3271770355
19 25 0 1962868308
19 25 1 2113343782
19 25 2 3053400788
19 25 3 3236835367
19 25 4 3458420791
19 25 5 103510501
19 25 6 1891758358
19 25 7 3271770355
19 26 0 1962868308
19 26 1 2113343782
19 26 2 3053400788
19 26 3 3236835367
19 26 4 3458420791
19 26 5 103510501
19 26 6 1891758358
19 26 7 3271770355
19 27 0 1962868308
19 27 1 2113343782
19 27 2 3053400788
19 27 3 3236835367
19 27 4 3458420791
19 27 5 103510501
19 27 6 1891758358
19 27 7 3271770355
19 28 0 1962868308
19 28 1 2113343782
19 28 2 3053400788
19 28 3 3236835367
19 28 4 3458420791
19 28 5 103510501
19 28 6 1891758358
19 28 7 3271770355
19 29 0 1962868308
19 29 1 2113343782
19 29 2 3053400788
19 29 3 3236835367
19 29 4 3458420791
19 29 5 103510501
19 29 6 1891758358
19 29 7 3271770355
19 30 0 1962868308
19 30 1 2113343782
19 30 2 3053400788
19 30 3 3236835367
19 30 4 3458420791
19 30 5 103510501
19 30 6 1891758358
19 30 7 3271770355
19 31 0 1962868308
19 31 1 2113343782
19 31 2 3053400788
19 31 3 3236835367
19 31 4 3458420791
19 31 5 103510501
19 31 6 1891758358
19 31 7 3271770355
19 32 0 1264015499
19 32 1 1113540025
19 32 2 173483019
19 32 3 4285015736
19 32 4 4063430312
19 32 5 3123373306
19 32 6 1335125449
19 32 7 3715305772
19 33 0 1264015499
19 33 1 1113540025
19 33 2 173483019
19 33 3 4285015736
19 33 4 4063430312
19 33 5 3123373306
19 33 6 1335125449
19 33 7 3715305772
19 34 0 1264015499
19 34 1 1113540025
19 34 2 173483019
19 34 3 4285015736
19 34 4 4063430312
19 34 5 3123373306
19 34 6 1335125449
19 34 7 3715305772
19 35 0 1264015499
19 35 1 1113540025
19 35 2 173483019
19 35 3 4285015736
19 35 4 4063430312
19 35 5 3123373306
19 35 6 1335125449
19 35 7 3715305772
19 36 0 2362686850
19 36 1 2780378923
19 36 2 173111606
19 36 3 1656887338
19 36 4 1739774039
19 36 5 2818529768
19 36 6 1464394560
19 36 7 2956395150
19 37 0 2362686850
19 37 1 3803280394
19 37 2 3394971734
19 37 3 631804683
19 37 4 666666871
19 37 5 1793447113
19 37 6 1464394560
19 37 7 1933493679
19 38 0 2362686850
19 38 1 2485736809
19 38 2 3956901878
19 38 3 1362245224
19 38 4 1228597015
19 38 5 200602794
19 38 6 1464394560
19 38 7 2661753036
19 39 0 2362686850
19 39 1 3508638280
19 39 2 2883794710
19 39 3 337162569
19 39 4 155489847
19 39 5 3470487435
19 39 6 1464394560
19 39 7 3577656045
19 40 0 775844043
19 40 1 128763739
19 40 2 3010876619
19 40 3 542780744
19 40 4 2605856616
19 40 5 166914584
19 40 6 4172519049
19 40 7 2010609804
19 41 0 775844043
19 41 1 3681828106
19 41 2 3010876619
19 41 3 542780744
19 41 4 2605856616
19 41 5 1671994825
19 41 6 4172519049
19 41 7 2010609804
19 42 0 775844043
19 42 1 114779001
19 42 2 3010876619
19 42 3 542780744
19 42 4 2605856616
19 42 5 2124612282
19 42 6 4172519049
19 42 7 2010609804
19 43 0 775844043
19 43 1 3651217704
19 43 2 3010876619
19 43 3 542780744
19 43 4 2605856616
19 43 5 3613066859
19 43 6 4172519049
19 43 7 2010609804
19 44 0 1962868308
19 44 1 2113343782
19 44 2 3053400788
19 44 3 3236835367
19 44 4 3458420791
19 44 5 103510501
19 44 6 1891758358
19 44 7 3271770355
19 45 0 1962868308
19 45 1 2113343782
19 45 2 3053400788
19 45 3 3236835367
19 45 4 3458420791
19 45 5 103510501
19 45 6 1891758358
19 45 7 3271770355
19 46 0 1962868308
19 46 1 2113343782
19 46 2 3053400788
19 46 3 3236835367
19 46 4 3458420791
19 46 5 103510501
19 46 6 1891758358
19 46 7 3271770355
19 47 0 1962868308
19 47 1 2113343782
19 47 2 3053400788
19 47 3 3236835367
19 47 4 3458420791
19 47 5 103510501
19 47 6 1891758358
19 47 7 3271770355
20 16 0 3647682759
20 16 1 3497207285
20 16 2 2557150279
20 16 3 2373715700
20 16 4 2152130276
20 16 5 1212073270
20 16 6 3718792709
20 16 7 2017205202
20 17 0 1493206742
20 17 1 816499876
20 17 2 3728239318
20 17 3 1939991461
20 17 4 2161576885
20 17 5 778349031
20 17 6 594914452
20 17 7 402945315
20 18 0 1690279185
20 18 1 2851687171
20 18 2 4234915025
20 18 3 1728195586
20 18 4 1506610162
20 18 5 2889838016
20 18 6 3073272595
20 18 7 2600844996
20 19 0 3830770464
20 19 1 170979762
20 19 2 1111036768
20 19 3 1294471347
20 19 4 1516056771
20 19 5 2456113777
20 19 6 4244361634
20 19 7 986585109
20 20 0 775844043
20 20 1 402151297
20 20 2 3010876619
20 20 3 3573627008
20 20 4 3352041584
20 20 5 2411984578
20 20 6 623736721
20 20 7 27540276
20 21 0 775844043
20 21 1 402151297
20 21 2 3010876619
20 21 3 3573627008
20 21 4 3352041584
20 21 5 2411984578
20 21 6 623736721
20 21 7 27540276
20 22 0 775844043
20 22 1 402151297
20 22 2 3010876619
20 22 3 3573627008
20 22 4 3352041584
20 22 5 2411984578
20 22 6 623736721
20 22 7 27540276
20 23 0 775844043
20 23 1 402151297
20 23 2 3010876619
20 23 3 3573627008
20 23 4 3352041584
20 23 5 2411984578
20 23 6 623736721
20 23 7 27540276
20 24 0 1962868308
20 24 1 2113343782
20 24 2 3053400788
20 24 3 3236835367
20 24 4 3458420791
20 24 5 103510501
20 24 6 1891758358
20 24 7 3271770355
20 25 0 1962868308
20 25 1 2113343782
20 25 2 3053400788
20 25 3 3236835367
20 25 4 3458420791
20 25 5 103510501
20 25 6 1891758358
20 25 7 3271770355
20 26 0 1962868308
20 26 1 2113343782
20 26 2 3053400788
20 26 3 3236835367
20 26 4 3458420791
20 26 5 103510501
20 26 6 1891758358
20 26 7 3271770355
20 27 0 1962868308
20 27 1 2113343782
20 27 2 3053400788
20 27 3 3236835367
20 27 4 3458420791
20 27 5 103510501
20 27 6 1891758358
20 27 7 3271770355
20 28 0 1962868308
20 28 1 2113343782
20 28 2 3053400788
20 28 3 3236835367
20 28 4 3458420791
20 28 5 103510501
20 28 6 1891758358
20 28 7 3271770355
20 29 0 1962868308
20 29 1 2113343782
20 29 2 3053400788
20 29 3 3236835367
20 29 4 3458420791
20 29 5 103510501
20 29 6 1891758358
20 29 7 3271770355
20 30 0 1962868308
20 30 1 2113343782
20 30 2 3053400788
20 30 3 3236835367
20 30 4 3458420791
20 30 5 103510501
20 30 6 1891758358
20 30 7 3271770355
20 31 0 1962868308
20 31 1 2113343782
20 31 2 3053400788
20 31 3 3236835367
20 31 4 3458420791
20 31 5 103510501
20 31 6 1891758358
20 31 7 3271770355
20 32 0 1264015499
20 32 1 1113540025
20 32 2 173483019
20 32 3 4285015736
20 32 4 4063430312
20 32 5 3123373306
20 32 6 1335125449
20 32 7 3715305772
20 33 0 1264015499
20 33 1 1113540025
20 33 2 173483019
20 33 3 4285015736
20 33 4 4063430312
20 33 5 3123373306
20 33 6 1335125449
20 33 7 3715305772
20 34 0 1264015499
20 34 1 1113540025
20 34 2 173483019
20 34 3 4285015736
20 34 4 4063430312
20 34 5 3123373306
20 34 6 1335125449
20 34 7 3715305772
20 35 0 1264015499
20 35 1 1113540025
20 35 2 173483019
20 35 3 4285015736
20 35 4 4063430312
20 35 5 3123373306
20 35 6 1335125449
20 35 7 3715305772
20 36 0 2362686850
20 36 1 2780378923
20 36 2 173111606
20 36 3 1656887338
20 36 4 1739774039
20 36 5 2818529768
20 36 6 1464394560
20 36 7 2956395150
20 37 0 2362686850
20 37 1 3803280394
20 37 2 3394971734
20 37 3 631804683
20 37 4 666666871
20 37 5 1793447113
20 37 6 1464394560
20 37 7 1933493679
20 38 0 2362686850
20 38 1 2485736809
20 38 2 3956901878
20 38 3 1362245224
20 38 4 1228597015
20 38 5 200602794
20 38 6 1464394560
20 38 7 2661753036
20 39 0 2362686850
20 39 1 3508638280
20 39 2 2883794710
20 39 3 337162569
20 39 4 155489847
20 39 5 3470487435
20 39 6 1464394560
20 39 7 3577656045
20 40 0 775844043
20 40 1 128763739
20 40 2 3010876619
20 40 3 542780744
20 40 4 2605856616
20 40 5 166914584
20 40 6 4172519049
20 40 7 2010609804
20 41 0 775844043
20 41 1 3681828106
20 41 2 3010876619
20 41 3 542780744
20 41 4 2605856616
20 41 5 1671994825
20 41 6 4172519049
20 41 7 2010609804
20 42 0 775844043
20 42 1 114779001
20 42 2 3010876619
20 42 3 542780744
20 42 4 2605856616
20 42 5 2124612282
20 42 6 4172519049
20 42 7 2010609804
20 43 0 775844043
20 43 1 3651217704
20 43 2 3010876619
20 43 3 542780744
20 43 4 2605856616
20 43 5 3613066859
20 43 6 4172519049
20 43 7 2010609804
20 44 0 1962868308
20 44 1 2113343782
20 44 2 3053400788
20 44 3 3236835367
20 44 4 3458420791
20 44 5 103510501
20 44 6 1891758358
20 44 7 3271770355
20 45 0 1962868308
20 45 1 2113343782
20 45 2 3053400788
20 45 3 3236835367
20 45 4 3458420791
20 45 5 103510501
20 45 6 1891758358
20 45 7 3271770355
20 46 0 1962868308
20 46 1 2113343782
20 46 2 3053400788
20 46 3 3236835367
20 46 4 3458420791
20 46 5 103510501
20 46 6 1891758358
20 46 7 3271770355
20 47 0 1962868308
20 47 1 2113343782
20 47 2 3053400788
20 47 3 3236835367
20 47 4 3458420791
20 47 5 103510501
20 47 6 1891758358
20 47 7 3271770355
21 16 0 3647682759
21 16 1 3497207285
21 16 2 2557150279
21 16 3 2373715700
21 16 4 2152130276
21 16 5 1212073270
21 16 6 3718792709
21 16 7 2017205202
21 17 0 1493206742
21 17 1 816499876
21 17 2 3728239318
21 17 3 1939991461
21 17 4 2161576885
21 17 5 778349031
21 17 6 594914452
21 17 7 402945315
21 18 0 1690279185
21 18 1 2851687171
21 18 2 4234915025
21 18 3 1728195586
21 18 4 1506610162
21 18 5 2889838016
21 18 6 3073272595
21 18 7 2600844996
21 19 0 3830770464
21 19 1 170979762
21 19 2 1111036768
21 19 3 1294471347
21 19 4 1516056771
21 19 5 2456113777
21 19 6 4244361634
21 19 7 986585109
21 20 0 775844043
21 20 1 402151297
21 20 2 3010876619
21 20 3 3573627008
21 20 4 3352041584
21 20 5 2411984578
21 20 6 623736721
21 20 7 27540276
21 21 0 775844043
21 21 1 402151297
21 21 2 3010876619
21 21 3 3573627008
21 21 4 3352041584
21 21 5 2411984578
21 21 6 623736721
21 21 7 27540276
21 22 0 775844043
21 22 1 402151297
21 22 2 3010876619
21 22 3 3573627008
21 22 4 3352041584
21 22 5 2411984578
21 22 6 623736721
21 22 7 27540276
21 23 0 775844043
21 23 1 402151297
21 23 2 3010876619
21 23 3 3573627008
21 23 4 3352041584
21 23 5 2411984578
21 23 6 623736721
21 23 7 27540276
21 24 0 1962868308
21 24 1 2113343782
21 24 2 3053400788
21 24 3 3236835367
21 24 4 3458420791
21 24 5 103510501
21 24 6 1891758358
21 24 7 3271770355
21 25 0 1962868308
21 25 1 2113343782
21 25 2 3053400788
21 25 3 3236835367
21 25 4 3458420791
21 25 5 103510501
21 25 6 1891758358
21 25 7 3271770355
21 26 0 1962868308
21 26 1 2113343782
21 26 2 3053400788
21 26 3 3236835367
21 26 4 3458420791
21 26 5 103510501
21 26 6 1891758358
21 26 7 3271770355
21 27 0 1962868308
21 27 1 2113343782
21 27 2 3053400788
21 27 3 3236835367
21 27 4 3458420791
21 27 5 103510501
21 27 6 1891758358
21 27 7 3271770355
21 28 0 1962868308
21 28 1 2113343782
21 28 2 3053400788
21 28 3 3236835367
21 28 4 3458420791
21 28 5 103510501
21 28 6 1891758358
21 28 7 3271770355
21 29 0 1962868308
21 29 1 2113343782
21 29 2 3053400788
21 29 3 3236835367
21 29 4 3458420791
21 29 5 103510501
21 29 6 1891758358
21 29 7 3271770355
21 30 0 1962868308
21 30 1 2113343782
21 30 2 3053400788
21 30 3 3236835367
21 30 4 3458420791
21 30 5 103510501
21 30 6 1891758358
21 30 7 3271770355
21 31 0 1962868308
21 31 1 2113343782
21 31 2 3053400788
21 31 3 3236835367
21 31 4 3458420791
21 31 5 103510501
21 31 6 1891758358
21 31 7 3271770355
21 32 0 1264015499
21 32 1 1113540025
21 32 2 173483019
21 32 3 4285015736
21 32 4 4063430312
21 32 5 3123373306
21 32 6 1335125449
21 32 7 3715305772
21 33 0 1264015499
21 33 1 1113540025
21 33 2 173483019
21 33 3 4285015736
21 33 4 4063430312
21 33 5 3123373306
21 33 6 1335125449
21 33 7 3715305772
21 34 0 1264015499
21 34 1 1113540025
21 34 2 173483019
21 34 3 4285015736
21 34 4 4063430312
21 34 5 3123373306
21 34 6 1335125449
21 34 7 3715305772
21 35 0 1264015499
21 35 1 1113540025
21 35 2 173483019
21 35 3 4285015736
21 35 4 4063430312
21 35 5 3123373306
21 35 6 1335125449
21 35 7 3715305772
21 36 0 2362686850
21 36 1 2780378923
21 36 2 173111606
21 36 3 1656887338
21 36 4 1739774039
21 36 5 2818529768
21 36 6 1464394560
21 36 7 2956395150
21 37 0 2362686850
21 37 1 3803280394
21 37 2 3394971734
21 37 3 631804683
21 37 4 666666871
21 37 5 1793447113
21 37 6 1464394560
21 37 7 1933493679
21 38 0 2362686850
21 38 1 2485736809
21 38 2 3956901878
21 38 3 1362245224
21 38 4 1228597015
21 38 5 200602794
21 38 6 1464394560
21 38 7 2661753036
21 39 0 2362686850
21 39 1 3508638280
21 39 2 2883794710
21 39 3 337162569
21 39 4 155489847
21 39 5 3470487435
21 39 6 1464394560
21 39 7 3577656045
21 40 0 775844043
21 40 1 128763739
21 40 2 3010876619
21 40 3 542780744
21 40 4 2605856616
21 40 5 166914584
21 40 6 4172519049
21 40 7 2010609804
21 41 0 775844043
21 41 1 3681828106
21 41 2 3010876619
21 41 3 542780744
21 41 4 2605856616
21 41 5 1671994825
21 41 6 4172519049
21 41 7 2010609804
21 42 0 775844043
21 42 1 114779001
21 42 2 3010876619
21 42 3 542780744
21 42 4 2605856616
21 42 5 2124612282
21 42 6 4172519049
21 42 7 2010609804
21 43 0 775844043
21 43 1 3651217704
21 43 2 3010876619
21 43 3 542780744
21 43 4 2605856616
21 43 5 3613066859
21 43 6 4172519049
21 43 7 2010609804
21 44 0 1962868308
21 44 1 2113343782
21 44 2 3053400788
21 44 3 3236835367
21 44 4 3458420791
21 44 5 103510501
21 44 6 1891758358
21 44 7 3271770355
21 45 0 1962868308
21 45 1 2113343782
21 45 2 3053400788
21 45 3 3236835367
21 45 4 3458420791
21 45 5 103510501
21 45 6 1891758358
21 45 7 3271770355
21 46 0 1962868308
21 46 1 2113343782
21 46 2 3053400788
21 46 3 3236835367
21 46 4 3458420791
21 46 5 103510501
21 46 6 1891758358
21 46 7 3271770355
21 47 0 1962868308
21 47 1 2113343782
21 47 2 3053400788
21 47 3 3236835367
21 47 4 3458420791
21 47 5 103510501
21 47 6 1891758358
21 47 7 3271770355
22 16 0 3647682759
22 16 1 3497207285
22 16 2 2557150279
22 16 3 2373715700
22 16 4 2152130276
22 16 5 1212073270
22 16 6 3718792709
22 16 7 2017205202
22 17 0 1493206742
22 17 1 816499876
22 17 2 3728239318
22 17 3 1939991461
22 17 4 2161576885
22 17 5 778349031
22 17 6 594914452
22 17 7 402945315
22 18 0 1690279185
22 18 1 2851687171
22 18 2 4234915025
22 18 3 1728195586
22 18 4 1506610162
22 18 5 2889838016
22 18 6 3073272595
22 18 7 2600844996
22 19 0 3830770464
22 19 1 170979762
22 19 2 1111036768
22 19 3 1294471347
22 19 4 1516056771
22 19 5 2456113777
22 19 6 4244361634
22 19 7 986585109
22 20 0 775844043
22 20 1 402151297
22 20 2 3010876619
22 20 3 3573627008
22 20 4 3352041584
22 20 5 2411984578
22 20 6 623736721
22 20 7 27540276
22 21 0 775844043
22 21 1 402151297
22 21 2 3010876619
22 21 3 3573627008
22 21 4 3352041584
22 21 5 2411984578
22 21 6 623736721
22 21 7 27540276
22 22 0 775844043
22 22 1 402151297
22 22 2 3010876619
22 22 3 3573627008
22 22 4 3352041584
22 22 5 2411984578
22 22 6 623736721
22 22 7 27540276
22 23 0 775844043
22 23 1 402151297
22 23 2 3010876619
22 23 3 3573627008
22 23 4 3352041584
22 23 5 2411984578
22 23 6 623736721
22 23 7 27540276
22 24 0 1962868308
22 24 1 2113343782
22 24 2 3053400788
22 24 3 3236835367
22 24 4 3458420791
22 24 5 103510501
22 24 6 1891758358
22 24 7 3271770355
22 25 0 1962868308
22 25 1 2113343782
22 25 2 3053400788
22 25 3 3236835367
22 25 4 3458420791
22 25 5 103510501
22 25 6 1891758358
22 25 7 3271770355
22 26 0 1962868308
22 26 1 2113343782
22 26 2 3053400788
22 26 3 3236835367
22 26 4 3458420791
22 26 5 103510501
22 26 6 1891758358
22 26 7 3271770355
22 27 0 1962868308
22 27 1 2113343782
22 27 2 3053400788
22 27 3 3236835367
22 27 4 3458420791
22 27 5 103510501
22 27 6 1891758358
22 27 7 3271770355
22 28 0 1962868308
22 28 1 2113343782
22 28 2 3053400788
22 28 3 3236835367
22 28 4 3458420791
22 28 5 103510501
22 28 6 1891758358
22 28 7 3271770355
22 29 0 1962868308
22 29 1 2113343782
22 29 2 3053400788
22 29 3 3236835367
22 29 4 3458420791
22 29 5 103510501
22 29 6 1891758358
22 29 7 3271770355
22 30 0 1962868308
22 30 1 2113343782
22 30 2 3053400788
22 30 3 3236835367
22 30 4 3458420791
22 30 5 103510501
22 30 6 1891758358
22 30 7 3271770355
22 31 0 1962868308
22 31 1 2113343782
22 31 2 3053400788
22 31 3 3236835367
22 31 4 3458420791
22 31 5 103510501
22 31 6 1891758358
22 31 7 3271770355
22 32 0 1264015499
22 32 1 1113540025
22 32 2 173483019
22 32 3 4285015736
22 32 4 4063430312
22 32 5 3123373306
22 32 6 1335125449
22 32 7 3715305772
22 33 0 1264015499
22 33 1 1113540025
22 33 2 173483019
22 33 3 4285015736
22 33 4 4063430312
22 33 5 3123373306
22 33 6 1335125449
22 33 7 3715305772
22 34 0 1264015499
22 34 1 1113540025
22 34 2 173483019
22 34 3 4285015736
22 34 4 4063430312
22 34 5 3123373306
22 34 6 1335125449
22 34 7 3715305772
22 35 0 1264015499
22 35 1 1113540025
22 35 2 173483019
22 35 3 4285015736
22 35 4 4063430312
22 35 5 3123373306
22 35 6 1335125449
22 35 7 3715305772
22 36 0 2362686850
22 36 1 2780378923
22 36 2 173111606
22 36 3 1656887338
22 36 4 1739774039
22 36 5 2818529768
22 36 6 1464394560
22 36 7 2956395150
22 37 0 2362686850
22 37 1 3803280394
22 37 2 3394971734
22 37 3 631804683
22 37 4 666666871
22 37 5 1793447113
22 37 6 1464394560
22 37 7 1933493679
22 38 0 2362686850
22 38 1 2485736809
22 38 2 3956901878
22 38 3 1362245224
22 38 4 1228597015
22 38 5 200602794
22 38 6 1464394560
22 38 7 2661753036
22 39 0 2362686850
22 39 1 3508638280
22 39 2 2883794710
22 39 3 337162569
22 39 4 155489847
22 39 5 3470487435
22 39 6 1464394560
22 39 7 3577656045
22 40 0 775844043
22 40 1 128763739
22 40 2 3010876619
22 40 3 542780744
22 40 4 2605856616
22 40 5 166914584
22 40 6 4172519049
22 40 7 2010609804
22 41 0 775844043
22 41 1 3681828106
22 41 2 3010876619
22 41 3 542780744
22 41 4 2605856616
22 41 5 1671994825
22 41 6 4172519049
22 41 7 2010609804
22 42 0 775844043
22 42 1 114779001
22 42 2 3010876619
22 42 3 542780744
22 42 4 2605856616
22 42 5 2124612282
22 42 6 4172519049
22 42 7 2010609804
22 43 0 775844043
22 43 1 3651217704
22 43 2 3010876619
22 43 3 542780744
22 43 4 2605856616
22 43 5 3613066859
22 43 6 4172519049
22 43 7 2010609804
22 44 0 1962868308
22 44 1 2113343782
22 44 2 3053400788
22 44 3 3236835367
22 44 4 3458420791
22 44 5 103510501
22 44 6 1891758358
22 44 7 3271770355
22 45 0 1962868308
22 45 1 2113343782
22 45 2 3053400788
22 45 3 3236835367
22 45 4 3458420791
22 45 5 103510501
22 45 6 1891758358
22 45 7 3271770355
22 46 0 1962868308
22 46 1 2113343782
22 46 2 3053400788
22 46 3 3236835367
22 46 4 3458420791
22 46 5 103510501
22 46 6 1891758358
22 46 7 3271770355
22 47 0 1962868308
22 47 1 2113343782
22 47 2 3053400788
22 47 3 3236835367
22 47 4 3458420791
22 47 5 103510501
22 47 6 1891758358
22 47 7 3271770355
23 16 0 3647682759
23 16 1 3497207285
23 16 2 2557150279
23 16 3 2373715700
23 16 4 2152130276
23 16 5 1212073270
23 16 6 3718792709
23 16 7 2017205202
23 17 0 1493206742
23 17 1 816499876
23 17 2 3728239318
23 17 3 1939991461
23 17 4 2161576885
23 17 5 778349031
23 17 6 594914452
23 17 7 402945315
23 18 0 1690279185
23 18 1 2851687171
23 18 2 4234915025
23 18 3 1728195586
23 18 4 1506610162
23 18 5 2889838016
23 18 6 3073272595
23 18 7 2600844996
23 19 0 3830770464
23 19 1 170979762
23 19 2 1111036768
23 19 3 1294471347
23 19 4 1516056771
23 19 5 2456113777
23 19 6 4244361634
23 19 7 986585109
23 20 0 775844043
23 20 1 402151297
23 20 2 3010876619
23 20 3 3573627008
23 20 4 3352041584
23 20 5 2411984578
23 20 6 623736721
23 20 7 27540276
23 21 0 775844043
23 21 1 402151297
23 21 2 3010876619
23 21 3 3573627008
23 21 4 3352041584
23 21 5 2411984578
23 21 6 623736721
23 21 7 27540276
23 22 0 775844043
23 22 1 402151297
23 22 2 3010876619
23 22 3 3573627008
23 22 4 3352041584
23 22 5 2411984578
23 22 6 623736721
23 22 7 27540276
23 23 0 775844043
23 23 1 402151297
23 23 2 3010876619
23 23 3 3573627008
23 23 4 3352041584
23 23 5 2411984578
23 23 6 623736721
23 23 7 27540276
23 24 0 1962868308
23 24 1 2113343782
23 24 2 3053400788
23 24 3 3236835367
23 24 4 3458420791
23 24 5 103510501
23 24 6 1891758358
23 24 7 3271770355
23 25 0 1962868308
23 25 1 2113343782
23 25 2 3053400788
23 25 3 3236835367
23 25 4 3458420791
23 25 5 103510501
23 25 6 1891758358
23 25 7 3271770355
23 26 0 1962868308
23 26 1 2113343782
23 26 2 3053400788
23 26 3 3236835367
23 26 4 3458420791
23 26 5 103510501
23 26 6 1891758358
23 26 7 3271770355
23 27 0 1962868308
23 27 1 2113343782
23 27 2 3053400788
23 27 3 3236835367
23 27 4 3458420791
23 27 5 103510501
23 27 6 1891758358
23 27 7 3271770355
23 28 0 1962868308
23 28 1 2113343782
23 28 2 3053400788
23 28 3 3236835367
23 28 4 3458420791
23 28 5 103510501
23 28 6 1891758358
23 28 7 3271770355
23 29 0 1962868308
23 29 1 2113343782
23 29 2 3053400788
23 29 3 3236835367
23 29 4 3458420791
23 29 5 103510501
23 29 6 1891758358
23 29 7 3271770355
23 30 0 1962868308
23 30 1 2113343782
23 30 2 3053400788
23 30 3 3236835367
23 30 4 3458420791
23 30 5 103510501
23 30 6 1891758358
23 30 7 3271770355
23 31 0 1962868308
23 31 1 2113343782
23 31 2 3053400788
23 31 3 3236835367
23 31 4 3458420791
23 31 5 103510501
23 31 6 1891758358
23 31 7 3271770355
23 32 0 1264015499
23 32 1 1113540025
23 32 2 173483019
23 32 3 4285015736
23 32 4 4063430312
23 32 5 3123373306
23 32 6 1335125449
23 32 7 3715305772
23 33 0 1264015499
23 33 1 1113540025
23 33 2 173483019
23 33 3 4285015736
23 33 4 4063430312
23 33 5 3123373306
23 33 6 1335125449
23 33 7 3715305772
23 34 0 1264015499
23 34 1 1113540025
23 34 2 173483019
23 34 3 4285015736
23 34 4 4063430312
23 34 5 3123373306
23 34 6 1335125449
23 34 7 3715305772
23 35 0 1264015499
23 35 1 1113540025
23 35 2 173483019
23 35 3 4285015736
23 35 4 4063430312
23 35 5 3123373306
23 35 6 1335125449
23 35 7 3715305772
23 36 0 2362686850
23 36 1 2780378923
23 36 2 173111606
23 36 3 1656887338
23 36 4 1739774039
23 36 5 2818529768
23 36 6 1464394560
23 36 7 2956395150
23 37 0 2362686850
23 37 1 3803280394
23 37 2 3394971734
23 37 3 631804683
23 37 4 666666871
23 37 5 1793447113
23 37 6 1464394560
23 37 7 1933493679
23 38 0 2362686850
23 38 1 2485736809
23 38 2 3956901878
23 38 3 1362245224
23 38 4 1228597015
23 38 5 200602794
23 38 6 1464394560
23 38 7 2661753036
23 39 0 2362686850
23 39 1 3508638280
23 39 2 2883794710
23 39 3 337162569
23 39 4 155489847
23 39 5 3470487435
23 39 6 1464394560
23 39 7 3577656045
23 40 0 775844043
23 40 1 128763739
23 40 2 3010876619
23 40 3 542780744
23 40 4 2605856616
23 40 5 166914584
23 40 6 4172519049
23 40 7 2010609804
23 41 0 775844043
23 41 1 3681828106
23 41 2 3010876619
23 41 3 542780744
23 41 4 2605856616
23 41 5 1671994825
23 41 6 4172519049
23 41 7 2010609804
23 42 0 775844043
23 42 1 114779001
23 42 2 3010876619
23 42 3 542780744
23 42 4 2605856616
23 42 5 2124612282
23 42 6 4172519049
23 42 7 2010609804
23 43 0 775844043
23 43 1 3651217704
23 43 2 3010876619
23 43 3 542780744
23 43 4 2605856616
23 43 5 3613066859
23 43 6 4172519049
23 43 7 2010609804
23 44 0 1962868308
23 44 1 2113343782
23 44 2 3053400788
23 44 3 3236835367
23 44 4 3458420791
23 44 5 103510501
23 44 6 1891758358
23 44 7 3271770355
23 45 0 1962868308
23 45 1 2113343782
23 45 2 3053400788
23 45 3 3236835367
23 45 4 3458420791
23 45 5 103510501
23 45 6 1891758358
23 45 7 3271770355
23 46 0 1962868308
23 46 1 2113343782
23 46 2 3053400788
23 46 3 3236835367
23 46 4 3458420791
23 46 5 103510501
23 46 6 1891758358
23 46 7 3271770355
23 47 0 1962868308
23 47 1 2113343782
23 47 2 3053400788
23 47 3 3236835367
23 47 4 3458420791
23 47 5 103510501
23 47 6 1891758358
23 47 7 3271770355
24 16 0 3647682759
24 16 1 3497207285
24 16 2 2557150279
24 16 3 2373715700
24 16 4 2152130276
24 16 5 1212073270
24 16 6 3718792709
24 16 7 2017205202
24 17 0 1493206742
24 17 1 816499876
24 17 2 3728239318
24 17 3 1939991461
24 17 4 2161576885
24 17 5 778349031
24 17 6 594914452
24 17 7 402945315
24 18 0 1690279185
24 18 1 2851687171
24 18 2 4234915025
24 18 3 1728195586
24 18 4 1506610162
24 18 5 2889838016
24 18 6 3073272595
24 18 7 2600844996
24 19 0 3830770464
24 19 1 170979762
24 19 2 1111036768
24 19 3 1294471347
24 19 4 1516056771
24 19 5 2456113777
24 19 6 4244361634
24 19 7 986585109
24 20 0 775844043
24 20 1 402151297
24 20 2 3010876619
24 20 3 3573627008
24 20 4 3352041584
24 20 5 2411984578
24 20 6 623736721
24 20 7 27540276
24 21 0 775844043
24 21 1 402151297
24 21 2 3010876619
24 21 3 3573627008
24 21 4 3352041584
24 21 5 2411984578
24 21 6 623736721
24 21 7 27540276
24 22 0 775844043
24 22 1 402151297
24 22 2 3010876619
24 22 3 3573627008
24 22 4 3352041584
24 22 5 2411984578
24 22 6 623736721
24 22 7 27540276
24 23 0 775844043
24 23 1 402151297
24 23 2 3010876619
24 23 3 3573627008
24 23 4 3352041584
24 23 5 2411984578
24 23 6 623736721
24 23 7 27540276
24 24 0 1962868308
24 24 1 2113343782
24 24 2 3053400788
24 24 3 3236835367
24 24 4 3458420791
24 24 5 103510501
24 24 6 1891758358
24 24 7 3271770355
24 25 0 1962868308
24 25 1 2113343782
24 25 2 3053400788
24 25 3 3236835367
24 25 4 3458420791
24 25 5 103510501
24 25 6 1891758358
24 25 7 3271770355
24 26 0 1962868308
24 26 1 2113343782
24 26 2 3053400788
24 26 3 3236835367
24 26 4 3458420791
24 26 5 103510501
24 26 6 1891758358
24 26 7 3271770355
24 27 0 1962868308
24 27 1 2113343782
24 27 2 3053400788
24 27 3 3236835367
24 27 4 3458420791
24 27 5 103510501
24 27 6 1891758358
24 27 7 3271770355
24 28 0 1962868308
24 28 1 2113343782
24 28 2 3053400788
24 28 3 3236835367
24 28 4 3458420791
24 28 5 103510501
24 28 6 1891758358
24 28 7 3271770355
24 29 0 1962868308
24 29 1 2113343782
24 29 2 3053400788
24 29 3 3236835367
24 29 4 3458420791
24 29 5 103510501
24 29 6 1891758358
24 29 7 3271770355
24 30 0 1962868308
24 30 1 2113343782
24 30 2 3053400788
24 30 3 3236835367
24 30 4 3458420791
24 30 5 103510501
24 30 6 1891758358
24 30 7 3271770355
24 31 0 1962868308
24 31 1 2113343782
24 31 2 3053400788
24 31 3 3236835367
24 31 4 3458420791
24 31 5 103510501
24 31 6 1891758358
24 31 7 3271770355
24 32 0 1264015499
24 32 1 1113540025
24 32 2 173483019
24 32 3 4285015736
24 32 4 4063430312
24 32 5 3123373306
24 32 6 1335125449
24 32 7 3715305772
24 33 0 1264015499
24 33 1 1113540025
24 33 2 173483019
24 33 3 4285015736
24 33 4 4063430312
24 33 5 3123373306
24 33 6 1335125449
24 33 7 3715305772
24 34 0 1264015499
24 34 1 1113540025
24 34 2 173483019
24 34 3 4285015736
24 34 4 4063430312
24 34 5 3123373306
24 34 6 1335125449
24 34 7 3715305772
24 35 0 1264015499
24 35 1 1113540025
24 35 2 173483019
24 35 3 4285015736
24 35 4 4063430312
24 35 5 3123373306
24 35 6 1335125449
24 35 7 3715305772
24 36 0 2362686850
24 36 1 2780378923
24 36 2 173111606
24 36 3 1656887338
24 36 4 1739774039
24 36 5 2818529768
24 36 6 1464394560
24 36 7 2956395150
24 37 0 2362686850
24 37 1 3803280394
24 37 2 3394971734
24 37 3 631804683
24 37 4 666666871
24 37 5 1793447113
24 37 6 1464394560
24 37 7 1933493679
24 38 0 2362686850
24 38 1 2485736809
24 38 2 3956901878
24 38 3 1362245224
24 38 4 1228597015
24 38 5 200602794
24 38 6 1464394560
24 38 7 2661753036
24 39 0 2362686850
24 39 1 3508638280
24 39 2 2883794710
24 39 3 337162569
24 39 4 155489847
24 39 5 3470487435
24 39 6 1464394560
24 39 7 3577656045
24 40 0 775844043
24 40 1 128763739
24 40 2 3010876619
24 40 3 542780744
24 40 4 2605856616
24 40 5 166914584
24 40 6 4172519049
24 40 7 2010609804
24 41 0 775844043
24 41 1 3681828106
24 41 2 3010876619
24 41 3 542780744
24 41 4 2605856616
24 41 5 1671994825
24 41 6 4172519049
24 41 7 2010609804
24 42 0 775844043
24 42 1 114779001
24 42 2 3010876619
24 42 3 542780744
24 42 4 2605856616
24 42 5 2124612282
24 42 6 4172519049
24 42 7 2010609804
24 43 0 775844043
24 43 1 3651217704
24 43 2 3010876619
24 43 3 542780744
24 43 4 2605856616
24 43 5 3613066859
24 43 6 4172519049
24 43 7 2010609804
24 44 0 1962868308
24 44 1 2113343782
24 44 2 3053400788
24 44 3 3236835367
24 44 4 3458420791
24 44 5 103510501
24 44 6 1891758358
24 44 7 3271770355
24 45 0 1962868308
24 45 1 2113343782
24 45 2 3053400788
24 45 3 3236835367
24 45 4 3458420791
24 45 5 103510501
24 45 6 1891758358
24 45 7 3271770355
24 46 0 1962868308
24 46 1 2113343782
24 46 2 3053400788
24 46 3 3236835367
24 46 4 3458420791
24 46 5 103510501
24 46 6 1891758358
24 46 7 3271770355
24 47 0 1962868308
24 47 1 2113343782
24 47 2 3053400788
24 47 3 3236835367
24 47 4 3458420791
24 47 5 103510501
24 47 6 1891758358
24 47 7 3271770355
25 16 0 3647682759
25 16 1 3497207285
25 16 2 2557150279
25 16 3 2373715700
25 16 4 2152130276
25 16 5 1212073270
25 16 6 3718792709
25 16 7 2017205202
25 17 0 1493206742
25 17 1 816499876
25 17 2 3728239318
25 17 3 1939991461
25 17 4 2161576885
25 17 5 778349031
25 17 6 594914452
25 17 7 402945315
25 18 0 1690279185
25 18 1 2851687171
25 18 2 4234915025
25 18 3 1728195586
25 18 4 1506610162
25 18 5 2889838016
25 18 6 3073272595
25 18 7 2600844996
25 19 0 3830770464
25 19 1 170979762
25 19 2 1111036768
25 19 3 1294471347
25 19 4 1516056771
25 19 5 2456113777
25 19 6 4244361634
25 19 7 986585109
25 20 0 775844043
25 20 1 402151297
25 20 2 3010876619
25 20 3 3573627008
25 20 4 3352041584
25 20 5 2411984578
25 20 6 623736721
25 20 7 27540276
25 21 0 775844043
25 21 1 402151297
25 21 2 3010876619
25 21 3 3573627008
25 21 4 3352041584
25 21 5 2411984578
25 21 6 623736721
25 21 7 27540276
25 22 0 775844043
25 22 1 402151297
25 22 2 3010876619
25 22 3 3573627008
25 22 4 3352041584
25 22 5 2411984578
25 22 6 623736721
25 22 7 27540276
25 23 0 775844043
25 23 1 402151297
25 23 2 3010876619
25 23 3 3573627008
25 23 4 3352041584
25 23 5 2411984578
25 23 6 623736721
25 23 7 27540276
25 24 0 1962868308
25 24 1 2113343782
25 24 2 3053400788
25 24 3 3236835367
25 24 4 3458420791
25 24 5 103510501
25 24 6 1891758358
25 24 7 3271770355
25 25 0 1962868308
25 25 1 2113343782
25 25 2 3053400788
25 25 3 3236835367
25 25 4 3458420791
25 25 5 103510501
25 25 6 1891758358
25 25 7 3271770355
25 26 0 1962868308
25 26 1 2113343782
25 26 2 3053400788
25 26 3 3236835367
25 26 4 3458420791
25 26 5 103510501
25 26 6 1891758358
25 26 7 3271770355
25 27 0 1962868308
25 27 1 2113343782
25 27 2 3053400788
25 27 3 3236835367
25 27 4 3458420791
25 27 5 103510501
25 27 6 1891758358
25 27 7 3271770355
25 28 0 1962868308
25 28 1 2113343782
25 28 2 3053400788
25 28 3 3236835367
25 28 4 3458420791
25 28 5 103510501
25 28 6 1891758358
25 28 7 3271770355
25 29 0 1962868308
25 29 1 2113343782
25 29 2 3053400788
25 29 3 3236835367
25 29 4 3458420791
25 29 5 103510501
25 29 6 1891758358
25 29 7 3271770355
25 30 0 1962868308
25 30 1 2113343782
25 30 2 3053400788
25 30 3 3236835367
25 30 4 3458420791
25 30 5 103510501
25 30 6 1891758358
25 30 7 3271770355
25 31 0 1962868308
25 31 1 2113343782
25 31 2 3053400788
25 31 3 3236835367
25 31 4 3458420791
25 31 5 103510501
25 31 6 1891758358
25 31 7 3271770355
25 32 0 1264015499
25 32 1 1113540025
25 32 2 173483019
25 32 3 4285015736
25 32 4 4063430312
25 32 5 3123373306
25 32 6 1335125449
25 32 7 3715305772
25 33 0 1264015499
25 33 1 1113540025
25 33 2 173483019
25 33 3 4285015736
25 33 4 4063430312
25 33 5 3123373306
25 33 6 1335125449
25 33 7 3715305772
25 34 0 1264015499
25 34 1 1113540025
25 34 2 173483019
25 34 3 4285015736
25 34 4 4063430312
25 34 5 3123373306
25 34 6 1335125449
25 34 7 3715305772
25 35 0 1264015499
25 35 1 1113540025
25 35 2 173483019
25 35 3 4285015736
25 35 4 4063430312
25 35 5 3123373306
25 35 6 1335125449
25 35 7 3715305772
25 36 0 2362686850
25 36 1 2780378923
25 36 2 173111606
25 36 3 1656887338
25 36 4 1739774039
25 36 5 2818529768
25 36 6 1464394560
25 36 7 2956395150
25 37 0 2362686850
25 37 1 3803280394
25 37 2 3394971734
25 37 3 631804683
25 37 4 666666871
25 37 5 1793447113
25 37 6 1464394560
25 37 7 1933493679
25 38 0 2362686850
25 38 1 2485736809
25 38 2 3956901878
25 38 3 1362245224
25 38 4 1228597015
25 38 5 200602794
25 38 6 1464394560
25 38 7 2661753036
25 39 0 2362686850
25 39 1 3508638280
25 39 2 2883794710
25 39 3 337162569
25 39 4 155489847
25 39 5 3470487435
25 39 6 1464394560
25 39 7 3577656045
25 40 0 775844043
25 40 1 128763739
25 40 2 3010876619
25 40 3 542780744
25 40 4 2605856616
25 40 5 166914584
25 40 6 4172519049
25 40 7 2010609804
25 41 0 775844043
25 41 1 3681828106
25 41 2 3010876619
25 41 3 542780744
25 41 4 2605856616
25 41 5 1671994825
25 41 6 4172519049
25 41 7 2010609804
25 42 0 775844043
25 42 1 114779001
25 42 2 3010876619
25 42 3 542780744
25 42 4 2605856616
25 42 5 2124612282
25 42 6 4172519049
25 42 7 2010609804
25 43 0 775844043
25 43 1 3651217704
25 43 2 3010876619
25 43 3 542780744
25 43 4 2605856616
25 43 5 3613066859
25 43 6 4172519049
25 43 7 2010609804
25 44 0 1962868308
25 44 1 2113343782
25 44 2 3053400788
25 44 3 3236835367
25 44 4 3458420791
25 44 5 103510501
25 44 6 1891758358
25 44 7 3271770355
25 45 0 1962868308
25 45 1 2113343782
25 45 2 3053400788
25 45 3 3236835367
25 45 4 3458420791
25 45 5 103510501
25 45 6 1891758358
25 45 7 3271770355
25 46 0 1962868308
25 46 1 2113343782
25 46 2 3053400788
25 46 3 3236835367
25 46 4 3458420791
25 46 5 103510501
25 46 6 1891758358
25 46 7 3271770355
25 47 0 1962868308
25 47 1 2113343782
25 47 2 3053400788
25 47 3 3236835367
25 47 4 3458420791
25 47 5 103510501
25 47 6 1891758358
25 47 7 3271770355
26 16 0 3647682759
26 16 1 3497207285
26 16 2 2557150279
26 16 3 2373715700
26 16 4 2152130276
26 16 5 1212073270
26 16 6 3718792709
26 16 7 2017205202
26 17 0 1493206742
26 17 1 816499876
26 17 2 3728239318
26 17 3 1939991461
26 17 4 2161576885
26 17 5 778349031
26 17 6 594914452
26 17 7 402945315
26 18 0 1690279185
26 18 1 2851687171
26 18 2 4234915025
26 18 3 1728195586
26 18 4 1506610162
26 18 5 2889838016
26 18 6 3073272595
26 18 7 2600844996
26 19 0 3830770464
26 19 1 170979762
26 19 2 1111036768
26 19 3 1294471347
26 19 4 1516056771
26 19 5 2456113777
26 19 6 4244361634
26 19 7 986585109
26 20 0 775844043
26 20 1 402151297
26 20 2 3010876619
26 20 3 3573627008
26 20 4 3352041584
26 20 5 2411984578
26 20 6 623736721
26 20 7 27540276
26 21 0 775844043
26 21 1 402151297
26 21 2 3010876619
26 21 3 3573627008
26 21 4 3352041584
26 21 5 2411984578
26 21 6 623736721
26 21 7 27540276
26 22 0 775844043
26 22 1 402151297
26 22 2 3010876619
26 22 3 3573627008
26 22 4 3352041584
26 22 5 2411984578
26 22 6 623736721
26 22 7 27540276
26 23 0 775844043
26 23 1 402151297
26 23 2 3010876619
26 23 3 3573627008
26 23 4 3352041584
26 23 5 2411984578
26 23 6 623736721
26 23 7 27540276
26 24 0 1962868308
26 24 1 2113343782
26 24 2 3053400788
26 24 3 3236835367
26 24 4 3458420791
26 24 5 103510501
26 24 6 1891758358
26 24 7 3271770355
26 25 0 1962868308
26 25 1 2113343782
26 25 2 3053400788
26 25 3 3236835367
26 25 4 3458420791
26 25 5 103510501
26 25 6 1891758358
26 25 7 3271770355
26 26 0 1962868308
26 26 1 2113343782
26 26 2 3053400788
26 26 3 3236835367
26 26 4 3458420791
26 26 5 103510501
26 26 6 1891758358
26 26 7 3271770355
26 27 0 1962868308
26 27 1 2113343782
26 27 2 3053400788
26 27 3 3236835367
26 27 4 3458420791
26 27 5 103510501
26 27 6 1891758358
26 27 7 3271770355
26 28 0 1962868308
26 28 1 2113343782
26 28 2 3053400788
26 28 3 3236835367
26 28 4 3458420791
26 28 5 103510501
26 28 6 1891758358
26 28 7 3271770355
26 29 0 1962868308
26 29 1 2113343782
26 29 2 3053400788
26 29 3 3236835367
26 29 4 3458420791
26 29 5 103510501
26 29 6 1891758358
26 29 7 3271770355
26 30 0 1962868308
26 30 1 2113343782
26 30 2 3053400788
26 30 3 3236835367
26 30 4 3458420791
26 30 5 103510501
26 30 6 1891758358
26 30 7 3271770355
26 31 0 1962868308
26 31 1 2113343782
26 31 2 3053400788
26 31 3 3236835367
26 31 4 3458420791
26 31 5 103510501
26 31 6 1891758358
26 31 7 3271770355
26 32 0 1264015499
26 32 1 1113540025
26 32 2 173483019
26 32 3 4285015736
26 32 4 4063430312
26 32 5 3123373306
26 32 6 1335125449
26 32 7 3715305772
26 33 0 1264015499
26 33 1 1113540025
26 33 2 173483019
26 33 3 4285015736
26 33 4 4063430312
26 33 5 3123373306
26 33 6 1335125449
26 33 7 3715305772
26 34 0 1264015499
26 34 1 1113540025
26 34 2 173483019
26 34 3 4285015736
26 34 4 4063430312
26 34 5 3123373306
26 34 6 1335125449
26 34 7 3715305772
26 35 0 1264015499
26 35 1 1113540025
26 35 2 173483019
26 35 3 4285015736
26 35 4 4063430312
26 35 5 3123373306
26 35 6 1335125449
26 35 7 3715305772
26 36 0 2362686850
26 36 1 2780378923
26 36 2 173111606
26 36 3 1656887338
26 36 4 1739774039
26 36 5 2818529768
26 36 6 1464394560
26 36 7 2956395150
26 37 0 2362686850
26 37 1 3803280394
26 37 2 3394971734
26 37 3 631804683
26 37 4 666666871
26 37 5 1793447113
26 37 6 1464394560
26 37 7 1933493679
26 38 0 2362686850
26 38 1 2485736809
26 38 2 3956901878
26 38 3 1362245224
26 38 4 1228597015
26 38 5 200602794
26 38 6 1464394560
26 38 7 2661753036
26 39 0 2362686850
26 39 1 3508638280
26 39 2 2883794710
26 39 3 337162569
26 39 4 155489847
26 39 5 3470487435
26 39 6 1464394560
26 39 7 3577656045
26 40 0 775844043
26 40 1 128763739
26 40 2 3010876619
26 40 3 542780744
26 40 4 2605856616
26 40 5 166914584
26 40 6 4172519049
26 40 7 2010609804
26 41 0 775844043
26 41 1 3681828106
26 41 2 3010876619
26 41 3 542780744
26 41 4 2605856616
26 41 5 1671994825
26 41 6 4172519049
26 41 7 2010609804
26 42 0 775844043
26 42 1 114779001
26 42 2 3010876619
26 42 3 542780744
26 42 4 2605856616
26 42 5 2124612282
26 42 6 4172519049
26 42 7 2010609804
26 43 0 775844043
26 43 1 3651217704
26 43 2 3010876619
26 43 3 542780744
26 43 4 2605856616
26 43 5 3613066859
26 43 6 4172519049
26 43 7 2010609804
26 44 0 1962868308
26 44 1 2113343782
26 44 2 3053400788
26 44 3 3236835367
26 44 4 3458420791
26 44 5 103510501
26 44 6 1891758358
26 44 7 3271770355
26 45 0 1962868308
26 45 1 2113343782
26 45 2 3053400788
26 45 3 3236835367
26 45 4 3458420791
26 45 5 103510501
26 45 6 1891758358
26 45 7 3271770355
26 46 0 1962868308
26 46 1 2113343782
26 46 2 3053400788
26 46 3 3236835367
26 46 4 3458420791
26 46 5 103510501
26 46 6 1891758358
26 46 7 3271770355
26 47 0 1962868308
26 47 1 2113343782
26 47 2 3053400788
26 47 3 3236835367
26 47 4 3458420791
26 47 5 103510501
26 47 6 1891758358
26 47 7 3271770355
27 16 0 1130470273
27 16 1 1807177139
27 16 2 3190404993
27 16 3 683685554
27 16 4 462100130
27 16 5 1845327984
27 16 6 2028762563
27 16 7 2017205202
27 17 0 4246364048
27 17 1 101872226
27 17 2 1041929232
27 17 3 1225363811
27 17 4 1446949235
27 17 5 2387006241
27 17 6 4175254098
27 17 7 402945315
27 18 0 3329891607
27 18 1 2694715013
27 18 2 1754658007
27 18 3 1571223428
27 18 4 1349638004
27 18 5 409580998
27 18 6 2916300437
27 18 7 2600844996
27 19 0 1175415590
27 19 1 14007604
27 19 2 2925747046
27 19 3 1137499189
27 19 4 1359084613
27 19 5 4270824055
27 19 6 4087389476
27 19 7 986585109
27 20 0 1554740857
27 20 1 2321855967
27 20 2 3614675577
27 20 3 1198364382
27 20 4 976778958
27 20 5 2360006812
27 20 6 2543441391
27 20 7 27540276
27 21 0 1554740857
27 21 1 2321855967
27 21 2 3614675577
27 21 3 1198364382
27 21 4 976778958
27 21 5 2360006812
27 21 6 2543441391
27 21 7 27540276
27 22 0 1554740857
27 22 1 2321855967
27 22 2 3614675577
27 22 3 1198364382
27 22 4 976778958
27 22 5 2360006812
27 22 6 2543441391
27 22 7 27540276
27 23 0 1554740857
27 23 1 2321855967
27 23 2 3614675577
27 23 3 1198364382
27 23 4 976778958
27 23 5 2360006812
27 23 6 2543441391
27 23 7 27540276
27 24 0 1420827654
27 24 1 1713523028
27 24 2 330295174
27 24 3 2837014613
27 24 4 3058600037
27 24 5 1675372183
27 24 6 1491937604
27 24 7 3271770355
27 25 0 1420827654
27 25 1 1713523028
27 25 2 330295174
27 25 3 2837014613
27 25 4 3058600037
27 25 5 1675372183
27 25 6 1491937604
27 25 7 3271770355
27 26 0 1420827654
27 26 1 1713523028
27 26 2 330295174
27 26 3 2837014613
27 26 4 3058600037
27 26 5 1675372183
27 26 6 1491937604
27 26 7 3271770355
27 27 0 1420827654
27 27 1 1713523028
27 27 2 330295174
27 27 3 2837014613
27 27 4 3058600037
27 27 5 1675372183
27 27 6 1491937604
27 27 7 3271770355
27 28 0 663961657
27 28 1 2845929759
27 28 2 1754494137
27 28 3 1722438174
27 28 4 1500852750
27 28 5 2884080604
27 28 6 3067515183
27 28 7 3271770355
27 29 0 663961657
27 29 1 2845929759
27 29 2 1754494137
27 29 3 1722438174
27 29 4 1500852750
27 29 5 2884080604
27 29 6 3067515183
27 29 7 3271770355
27 30 0 1420827654
27 30 1 1713523028
27 30 2 330295174
27 30 3 2837014613
27 30 4 3058600037
27 30 5 1675372183
27 30 6 1491937604
27 30 7 3271770355
27 31 0 1420827654
27 31 1 1713523028
27 31 2 330295174
27 31 3 2837014613
27 31 4 3058600037
27 31 5 1675372183
27 31 6 1491937604
27 31 7 3271770355
27 32 0 3481765029
27 32 1 3673770775
27 32 2 762031333
27 32 3 2550279190
27 32 4 2328693766
27 32 5 3711921620
27 32 6 3895356199
27 32 7 3715305772
27 33 0 3481765029
27 33 1 3673770775
27 33 2 762031333
27 33 3 2550279190
27 33 4 2328693766
27 33 5 3711921620
27 33 6 3895356199
27 33 7 3715305772
27 34 0 3481765029
27 34 1 3673770775
27 34 2 762031333
27 34 3 2550279190
27 34 4 2328693766
27 34 5 3711921620
27 34 6 3895356199
27 34 7 3715305772
27 35 0 3481765029
27 35 1 3673770775
27 35 2 762031333
27 35 3 2550279190
27 35 4 2328693766
27 35 5 3711921620
27 35 6 3895356199
27 35 7 3715305772
27 36 0 3364019536
27 36 1 1746985725
27 36 2 619994608
27 36 3 623494140
27 36 4 2186657041
27 36 5 3756819006
27 36 6 4262311826
27 36 7 2956395150
27 37 0 3364019536
27 37 1 1315783836
27 37 2 1485691920
27 37 3 2439275421
27 37 4 3052354353
27 37 5 1277632991
27 37 6 4262311826
27 37 7 1933493679
27 38 0 3364019536
27 38 1 102823359
27 38 2 1694988592
27 38 3 3274299070
27 38 4 3261651025
27 38 5 140974204
27 38 6 4262311826
27 38 7 2661753036
27 39 0 3364019536
27 39 1 1610425950
27 39 2 58064464
27 39 3 2733917535
27 39 4 1624726897
27 39 5 3895559965
27 39 6 4262311826
27 39 7 3577656045
27 40 0 1554740857
27 40 1 3494528841
27 40 2 3614675577
27 40 3 2321221658
27 40 4 886370714
27 40 5 1209394826
27 40 6 2453033147
27 40 7 2010609804
27 41 0 1554740857
27 41 1 813821432
27 41 2 3614675577
27 41 3 2321221658
27 41 4 886370714
27 41 5 775670587
27 41 6 2453033147
27 41 7 2010609804
27 42 0 1554740857
27 42 1 287929131
27 42 2 3614675577
27 42 3 2321221658
27 42 4 886370714
27 42 5 326079976
27 42 6 2453033147
27 42 7 2010609804
27 43 0 1554740857
27 43 1 2877591514
27 43 2 3614675577
27 43 3 2321221658
27 43 4 886370714
27 43 5 867758233
27 43 6 2453033147
27 43 7 2010609804
27 44 0 1420827654
27 44 1 1713523028
27 44 2 330295174
27 44 3 2837014613
27 44 4 3058600037
27 44 5 1675372183
27 44 6 1491937604
27 44 7 3271770355
27 45 0 1420827654
27 45 1 1713523028
27 45 2 330295174
27 45 3 2837014613
27 45 4 3058600037
27 45 5 1675372183
27 45 6 1491937604
27 45 7 3271770355
27 46 0 1420827654
27 46 1 1713523028
27 46 2 330295174
27 46 3 2837014613
27 46 4 3058600037
27 46 5 1675372183
27 46 6 1491937604
27 46 7 3271770355
27 47 0 1420827654
27 47 1 1713523028
27 47 2 330295174
27 47 3 2837014613
27 47 4 3058600037
27 47 5 1675372183
27 47 6 1491937604
27 47 7 3271770355
28 16 0 3647682759
28 16 1 3497207285
28 16 2 2557150279
28 16 3 2373715700
28 16 4 2152130276
28 16 5 1212073270
28 16 6 3718792709
28 16 7 2017205202
28 17 0 1493206742
28 17 1 816499876
28 17 2 3728239318
28 17 3 1939991461
28 17 4 2161576885
28 17 5 778349031
28 17 6 594914452
28 17 7 402945315
28 18 0 1690279185
28 18 1 2851687171
28 18 2 4234915025
28 18 3 1728195586
28 18 4 1506610162
28 18 5 2889838016
28 18 6 3073272595
28 18 7 2600844996
28 19 0 3830770464
28 19 1 170979762
28 19 2 1111036768
28 19 3 1294471347
28 19 4 1516056771
28 19 5 2456113777
28 19 6 4244361634
28 19 7 986585109
28 20 0 775844043
28 20 1 402151297
28 20 2 3010876619
28 20 3 3573627008
28 20 4 3352041584
28 20 5 2411984578
28 20 6 623736721
28 20 7 27540276
28 21 0 775844043
28 21 1 402151297
28 21 2 3010876619
28 21 3 3573627008
28 21 4 3352041584
28 21 5 2411984578
28 21 6 623736721
28 21 7 27540276
28 22 0 775844043
28 22 1 402151297
28 22 2 3010876619
28 22 3 3573627008
28 22 4 3352041584
28 22 5 2411984578
28 22 6 623736721
28 22 7 27540276
28 23 0 775844043
28 23 1 402151297
28 23 2 3010876619
28 23 3 3573627008
28 23 4 3352041584
28 23 5 2411984578
28 23 6 623736721
28 23 7 27540276
28 24 0 1962868308
28 24 1 2113343782
28 24 2 3053400788
28 24 3 3236835367
28 24 4 3458420791
28 24 5 103510501
28 24 6 1891758358
28 24 7 3271770355
28 25 0 1962868308
28 25 1 2113343782
28 25 2 3053400788
28 25 3 3236835367
28 25 4 3458420791
28 25 5 103510501
28 25 6 1891758358
28 25 7 3271770355
28 26 0 1962868308
28 26 1 2113343782
28 26 2 3053400788
28 26 3 3236835367
28 26 4 3458420791
28 26 5 103510501
28 26 6 1891758358
28 26 7 3271770355
28 27 0 1962868308
28 27 1 2113343782
28 27 2 3053400788
28 27 3 3236835367
28 27 4 3458420791
28 27 5 103510501
28 27 6 1891758358
28 27 7 3271770355
28 28 0 1962868308
28 28 1 2113343782
28 28 2 3053400788
28 28 3 3236835367
28 28 4 3458420791
28 28 5 103510501
28 28 6 1891758358
28 28 7 3271770355
28 29 0 1962868308
28 29 1 2113343782
28 29 2 3053400788
28 29 3 3236835367
28 29 4 3458420791
28 29 5 103510501
28 29 6 1891758358
28 29 7 3271770355
28 30 0 1962868308
28 30 1 2113343782
28 30 2 3053400788
28 30 3 3236835367
28 30 4 3458420791
28 30 5 103510501
28 30 6 1891758358
28 30 7 3271770355
28 31 0 1962868308
28 31 1 2113343782
28 31 2 3053400788
28 31 3 3236835367
28 31 4 3458420791
28 31 5 103510501
28 31 6 1891758358
28 31 7 3271770355
28 32 0 1264015499
28 32 1 1113540025
28 32 2 173483019
28 32 3 4285015736
28 32 4 4063430312
28 32 5 3123373306
28 32 6 1335125449
28 32 7 3715305772
28 33 0 1264015499
28 33 1 1113540025
28 33 2 173483019
28 33 3 4285015736
28 33 4 4063430312
28 33 5 3123373306
28 33 6 1335125449
28 33 7 3715305772
28 34 0 1264015499
28 34 1 1113540025
28 34 2 173483019
28 34 3 4285015736
28 34 4 4063430312
28 34 5 3123373306
28 34 6 1335125449
28 34 7 3715305772
28 35 0 1264015499
28 35 1 1113540025
28 35 2 173483019
28 35 3 4285015736
28 35 4 4063430312
28 35 5 3123373306
28 35 6 1335125449
28 35 7 3715305772
28 36 0 2362686850
28 36 1 2780378923
28 36 2 173111606
28 36 3 1656887338
28 36 4 1739774039
28 36 5 2818529768
28 36 6 1464394560
28 36 7 2956395150
28 37 0 2362686850
28 37 1 3803280394
28 37 2 3394971734
28 37 3 631804683
28 37 4 666666871
28 37 5 1793447113
28 37 6 1464394560
28 37 7 1933493679
28 38 0 2362686850
28 38 1 2485736809
28 38 2 3956901878
28 38 3 1362245224
28 38 4 1228597015
28 38 5 200602794
28 38 6 1464394560
28 38 7 2661753036
28 39 0 2362686850
28 39 1 3508638280
28 39 2 2883794710
28 39 3 337162569
28 39 4 155489847
28 39 5 3470487435
28 39 6 1464394560
28 39 7 3577656045
28 40 0 775844043
28 40 1 128763739
28 40 2 3010876619
28 40 3 542780744
28 40 4 2605856616
28 40 5 166914584
28 40 6 4172519049
28 40 7 2010609804
28 41 0 775844043
28 41 1 3681828106
28 41 2 3010876619
28 41 3 542780744
28 41 4 2605856616
28 41 5 1671994825
28 41 6 4172519049
28 41 7 2010609804
28 42 0 775844043
28 42 1 114779001
28 42 2 3010876619
28 42 3 542780744
28 42 4 2605856616
28 42 5 2124612282
28 42 6 4172519049
28 42 7 2010609804
28 43 0 775844043
28 43 1 3651217704
28 43 2 3010876619
28 43 3 542780744
28 43 4 2605856616
28 43 5 3613066859
28 43 6 4172519049
28 43 7 2010609804
28 44 0 1962868308
28 44 1 2113343782
28 44 2 3053400788
28 44 3 3236835367
28 44 4 3458420791
28 44 5 103510501
28 44 6 1891758358
28 44 7 3271770355
28 45 0 1962868308
28 45 1 2113343782
28 45 2 3053400788
28 45 3 3236835367
28 45 4 3458420791
28 45 5 103510501
28 45 6 1891758358
28 45 7 3271770355
28 46 0 1962868308
28 46 1 2113343782
28 46 2 3053400788
28 46 3 3236835367
28 46 4 3458420791
28 46 5 103510501
28 46 6 1891758358
28 46 7 3271770355
28 47 0 1962868308
28 47 1 2113343782
28 47 2 3053400788
28 47 3 3236835367
28 47 4 3458420791
28 47 5 103510501
28 47 6 1891758358
28 47 7 3271770355
29 16 0 3647682759
29 16 1 3497207285
29 16 2 2557150279
29 16 3 2373715700
29 16 4 2152130276
29 16 5 1212073270
29 16 6 3718792709
29 16 7 2017205202
29 17 0 1493206742
29 17 1 816499876
29 17 2 3728239318
29 17 3 1939991461
29 17 4 2161576885
29 17 5 778349031
29 17 6 594914452
29 17 7 402945315
29 18 0 1690279185
29 18 1 2851687171
29 18 2 4234915025
29 18 3 1728195586
29 18 4 1506610162
29 18 5 2889838016
29 18 6 3073272595
29 18 7 2600844996
29 19 0 3830770464
29 19 1 170979762
29 19 2 1111036768
29 19 3 1294471347
29 19 4 1516056771
29 19 5 2456113777
29 19 6 4244361634
29 19 7 986585109
29 20 0 775844043
29 20 1 402151297
29 20 2 3010876619
29 20 3 3573627008
29 20 4 3352041584
29 20 5 2411984578
29 20 6 623736721
29 20 7 27540276
29 21 0 775844043
29 21 1 402151297
29 21 2 3010876619
29 21 3 3573627008
29 21 4 3352041584
29 21 5 2411984578
29 21 6 623736721
29 21 7 27540276
29 22 0 775844043
29 22 1 402151297
29 22 2 3010876619
29 22 3 3573627008
29 22 4 3352041584
29 22 5 2411984578
29 22 6 623736721
29 22 7 27540276
29 23 0 775844043
29 23 1 402151297
29 23 2 3010876619
29 23 3 3573627008
29 23 4 3352041584
29 23 5 2411984578
29 23 6 623736721
29 23 7 27540276
29 24 0 1962868308
29 24 1 2113343782
29 24 2 3053400788
29 24 3 3236835367
29 24 4 3458420791
29 24 5 103510501
29 24 6 1891758358
29 24 7 3271770355
29 25 0 1962868308
29 25 1 2113343782
29 25 2 3053400788
29 25 3 3236835367
29 25 4 3458420791
29 25 5 103510501
29 25 6 1891758358
29 25 7 3271770355
29 26 0 1962868308
29 26 1 2113343782
29 26 2 3053400788
29 26 3 3236835367
29 26 4 3458420791
29 26 5 103510501
29 26 6 1891758358
29 26 7 3271770355
29 27 0 1962868308
29 27 1 2113343782
29 27 2 3053400788
29 27 3 3236835367
29 27 4 3458420791
29 27 5 103510501
29 27 6 1891758358
29 27 7 3271770355
29 28 0 1962868308
29 28 1 2113343782
29 28 2 3053400788
29 28 3 3236835367
29 28 4 3458420791
29 28 5 103510501
29 28 6 1891758358
29 28 7 3271770355
29 29 0 1962868308
29 29 1 2113343782
29 29 2 3053400788
29 29 3 3236835367
29 29 4 3458420791
29 29 5 103510501
29 29 6 1891758358
29 29 7 3271770355
29 30 0 1962868308
29 30 1 2113343782
29 30 2 3053400788
29 30 3 3236835367
29 30 4 3458420791
29 30 5 103510501
29 30 6 1891758358
29 30 7 3271770355
29 31 0 1962868308
29 31 1 2113343782
29 31 2 3053400788
29 31 3 3236835367
29 31 4 3458420791
29 31 5 103510501
29 31 6 1891758358
29 31 7 3271770355
29 32 0 1264015499
29 32 1 1113540025
29 32 2 173483019
29 32 3 4285015736
29 32 4 4063430312
29 32 5 3123373306
29 32 6 1335125449
29 32 7 3715305772
29 33 0 1264015499
29 33 1 1113540025
29 33 2 173483019
29 33 3 4285015736
29 33 4 4063430312
29 33 5 3123373306
29 33 6 1335125449
29 33 7 3715305772
29 34 0 1264015499
29 34 1 1113540025
29 34 2 173483019
29 34 3 4285015736
29 34 4 4063430312
29 34 5 3123373306
29 34 6 1335125449
29 34 7 3715305772
29 35 0 1264015499
29 35 1 1113540025
29 35 2 173483019
29 35 3 4285015736
29 35 4 4063430312
29 35 5 3123373306
29 35 6 1335125449
29 35 7 3715305772
29 36 0 2362686850
29 36 1 2780378923
29 36 2 173111606
29 36 3 1656887338
29 36 4 1739774039
29 36 5 2818529768
29 36 6 1464394560
29 36 7 2956395150
29 37 0 2362686850
29 37 1 3803280394
29 37 2 3394971734
29 37 3 631804683
29 37 4 666666871
29 37 5 1793447113
29 37 6 1464394560
29 37 7 1933493679
29 38 0 2362686850
29 38 1 2485736809
29 38 2 3956901878
29 38 3 1362245224
29 38 4 1228597015
29 38 5 200602794
29 38 6 1464394560
29 38 7 2661753036
29 39 0 2362686850
29 39 1 3508638280
29 39 2 2883794710
29 39 3 337162569
29 39 4 155489847
29 39 5 3470487435
29 39 6 1464394560
29 39 7 3577656045
29 40 0 775844043
29 40 1 128763739
29 40 2 3010876619
29 40 3 542780744
29 40 4 2605856616
29 40 5 166914584
29 40 6 4172519049
29 40 7 2010609804
29 41 0 775844043
29 41 1 3681828106
29 41 2 3010876619
29 41 3 542780744
29 41 4 2605856616
29 41 5 1671994825
29 41 6 4172519049
29 41 7 2010609804
29 42 0 775844043
29 42 1 114779001
29 42 2 3010876619
29 42 3 542780744
29 42 4 2605856616
29 42 5 2124612282
29 42 6 4172519049
29 42 7 2010609804
29 43 0 775844043
29 43 1 3651217704
29 43 2 3010876619
29 43 3 542780744
29 43 4 2605856616
29 43 5 3613066859
29 43 6 4172519049
29 43 7 2010609804
29 44 0 1962868308
29 44 1 2113343782
29 44 2 3053400788
29 44 3 3236835367
29 44 4 3458420791
29 44 5 103510501
29 44 6 1891758358
29 44 7 3271770355
29 45 0 1962868308
29 45 1 2113343782
29 45 2 3053400788
29 45 3 3236835367
29 45 4 3458420791
29 45 5 103510501
29 45 6 1891758358
29 45 7 3271770355
29 46 0 1962868308
29 46 1 2113343782
29 46 2 3053400788
29 46 3 3236835367
29 46 4 3458420791
29 46 5 103510501
29 46 6 1891758358
29 46 7 3271770355
29 47 0 1962868308
29 47 1 2113343782
29 47 2 3053400788
29 47 3 3236835367
29 47 4 3458420791
29 47 5 103510501
29 47 6 1891758358
29 47 7 3271770355
30 16 0 3647682759
30 16 1 3497207285
30 16 2 2557150279
30 16 3 2373715700
30 16 4 2152130276
30 16 5 1212073270
30 16 6 3718792709
30 16 7 2017205202
30 17 0 1493206742
30 17 1 816499876
30 17 2 3728239318
30 17 3 1939991461
30 17 4 2161576885
30 17 5 778349031
30 17 6 594914452
30 17 7 402945315
30 18 0 1690279185
30 18 1 2851687171
30 18 2 4234915025
30 18 3 1728195586
30 18 4 1506610162
30 18 5 2889838016
30 18 6 3073272595
30 18 7 2600844996
30 19 0 3830770464
30 19 1 170979762
30 19 2 1111036768
30 19 3 1294471347
30 19 4 1516056771
30 19 5 2456113777
30 19 6 4244361634
30 19 7 986585109
30 20 0 775844043
30 20 1 402151297
30 20 2 3010876619
30 20 3 3573627008
30 20 4 3352041584
30 20 5 2411984578
30 20 6 623736721
30 20 7 27540276
30 21 0 775844043
30 21 1 402151297
30 21 2 3010876619
30 21 3 3573627008
30 21 4 3352041584
30 21 5 2411984578
30 21 6 623736721
30 21 7 27540276
30 22 0 775844043
30 22 1 402151297
30 22 2 3010876619
30 22 3 3573627008
30 22 4 3352041584
30 22 5 2411984578
30 22 6 623736721
30 22 7 27540276
30 23 0 775844043
30 23 1 402151297
30 23 2 3010876619
30 23 3 3573627008
30 23 4 3352041584
30 23 5 2411984578
30 23 6 623736721
30 23 7 27540276
30 24 0 1962868308
30 24 1 2113343782
30 24 2 3053400788
30 24 3 3236835367
30 24 4 3458420791
30 24 5 103510501
30 24 6 1891758358
30 24 7 3271770355
30 25 0 1962868308
30 25 1 2113343782
30 25 2 3053400788
30 25 3 3236835367
30 25 4 3458420791
30 25 5 103510501
30 25 6 1891758358
30 25 7 3271770355
30 26 0 1962868308
30 26 1 2113343782
30 26 2 3053400788
30 26 3 3236835367
30 26 4 3458420791
30 26 5 103510501
30 26 6 1891758358
30 26 7 3271770355
30 27 0 1962868308
30 27 1 2113343782
30 27 2 3053400788
30 27 3 3236835367
30 27 4 3458420791
30 27 5 103510501
30 27 6 1891758358
30 27 7 3271770355
30 28 0 1962868308
30 28 1 2113343782
30 28 2 3053400788
30 28 3 3236835367
30 28 4 3458420791
30 28 5 103510501
30 28 6 1891758358
30 28 7 3271770355
30 29 0 1962868308
30 29 1 2113343782
30 29 2 3053400788
30 29 3 3236835367
30 29 4 3458420791
30 29 5 103510501
30 29 6 1891758358
30 29 7 3271770355
30 30 0 1962868308
30 30 1 2113343782
30 30 2 3053400788
30 30 3 3236835367
30 30 4 3458420791
30 30 5 103510501
30 30 6 1891758358
30 30 7 3271770355
30 31 0 1962868308
30 31 1 2113343782
30 31 2 3053400788
30 31 3 3236835367
30 31 4 3458420791
30 31 5 103510501
30 31 6 1891758358
30 31 7 3271770355
30 32 0 1264015499
30 32 1 1113540025
30 32 2 173483019
30 32 3 4285015736
30 32 4 4063430312
30 32 5 3123373306
30 32 6 1335125449
30 32 7 3715305772
30 33 0 1264015499
30 33 1 1113540025
30 33 2 173483019
30 33 3 4285015736
30 33 4 4063430312
30 33 5 3123373306
30 33 6 1335125449
30 33 7 3715305772
30 34 0 1264015499
30 34 1 1113540025
30 34 2 173483019
30 34 3 4285015736
30 34 4 4063430312
30 34 5 3123373306
30 34 6 1335125449
30 34 7 3715305772
30 35 0 1264015499
30 35 1 1113540025
30 35 2 173483019
30 35 3 4285015736
30 35 4 4063430312
30 35 5 3123373306
30 35 6 1335125449
30 35 7 3715305772
30 36 0 2362686850
30 36 1 2780378923
30 36 2 173111606
30 36 3 1656887338
30 36 4 1739774039
30 36 5 2818529768
30 36 6 1464394560
30 36 7 2956395150
30 37 0 2362686850
30 37 1 3803280394
30 37 2 3394971734
30 37 3 631804683
30 37 4 666666871
30 37 5 1793447113
30 37 6 1464394560
30 37 7 1933493679
30 38 0 2362686850
30 38 1 2485736809
30 38 2 3956901878
30 38 3 1362245224
30 38 4 1228597015
30 38 5 200602794
30 38 6 1464394560
30 38 7 2661753036
30 39 0 2362686850
30 39 1 3508638280
30 39 2 2883794710
30 39 3 337162569
30 39 4 155489847
30 39 5 3470487435
30 39 6 1464394560
30 39 7 3577656045
30 40 0 775844043
30 40 1 128763739
30 40 2 3010876619
30 40 3 542780744
30 40 4 2605856616
30 40 5 166914584
30 40 6 4172519049
30 40 7 2010609804
30 41 0 775844043
30 41 1 3681828106
30 41 2 3010876619
30 41 3 542780744
30 41 4 2605856616
30 41 5 1671994825
30 41 6 4172519049
30 41 7 2010609804
30 42 0 775844043
30 42 1 114779001
30 42 2 3010876619
30 42 3 542780744
30 42 4 2605856616
30 42 5 2124612282
30 42 6 4172519049
30 42 7 2010609804
30 43 0 775844043
30 43 1 3651217704
30 43 2 3010876619
30 43 3 542780744
30 43 4 2605856616
30 43 5 3613066859
30 43 6 4172519049
30 43 7 2010609804
30 44 0 1962868308
30 44 1 2113343782
30 44 2 3053400788
30 44 3 3236835367
30 44 4 3458420791
30 44 5 103510501
30 44 6 1891758358
30 44 7 3271770355
30 45 0 1962868308
30 45 1 2113343782
30 45 2 3053400788
30 45 3 3236835367
30 45 4 3458420791
30 45 5 103510501
30 45 6 1891758358
30 45 7 3271770355
30 46 0 1962868308
30 46 1 2113343782
30 46 2 3053400788
30 46 3 3236835367
30 46 4 3458420791
30 46 5 103510501
30 46 6 1891758358
30 46 7 3271770355
30 47 0 1962868308
30 47 1 2113343782
30 47 2 3053400788
30 47 3 3236835367
30 47 4 3458420791
30 47 5 103510501
30 47 6 1891758358
30 47 7 3271770355
31 16 0 3647682759
31 16 1 3497207285
31 16 2 2557150279
31 16 3 2373715700
31 16 4 2152130276
31 16 5 1212073270
31 16 6 3718792709
31 16 7 2017205202
31 17 0 1493206742
31 17 1 816499876
31 17 2 3728239318
31 17 3 1939991461
31 17 4 2161576885
31 17 5 778349031
31 17 6 594914452
31 17 7 402945315
31 18 0 1690279185
31 18 1 2851687171
31 18 2 4234915025
31 18 3 1728195586
31 18 4 1506610162
31 18 5 2889838016
31 18 6 3073272595
31 18 7 2600844996
31 19 0 3830770464
31 19 1 170979762
31 19 2 1111036768
31 19 3 1294471347
31 19 4 1516056771
31 19 5 2456113777
31 19 6 4244361634
31 19 7 986585109
31 20 0 775844043
31 20 1 402151297
31 20 2 3010876619
31 20 3 3573627008
31 20 4 3352041584
31 20 5 2411984578
31 20 6 623736721
31 20 7 27540276
31 21 0 775844043
31 21 1 402151297
31 21 2 3010876619
31 21 3 3573627008
31 21 4 3352041584
31 21 5 2411984578
31 21 6 623736721
31 21 7 27540276
31 22 0 775844043
31 22 1 402151297
31 22 2 3010876619
31 22 3 3573627008
31 22 4 3352041584
31 22 5 2411984578
31 22 6 623736721
31 22 7 27540276
31 23 0 775844043
31 23 1 402151297
31 23 2 3010876619
31 23 3 3573627008
31 23 4 3352041584
31 23 5 2411984578
31 23 6 623736721
31 23 7 27540276
31 24 0 1962868308
31 24 1 2113343782
31 24 2 3053400788
31 24 3 3236835367
31 24 4 3458420791
31 24 5 103510501
31 24 6 1891758358
31 24 7 3271770355
31 25 0 1962868308
31 25 1 2113343782
31 25 2 3053400788
31 25 3 3236835367
31 25 4 3458420791
31 25 5 103510501
31 25 6 1891758358
31 25 7 3271770355
31 26 0 1962868308
31 26 1 2113343782
31 26 2 3053400788
31 26 3 3236835367
31 26 4 3458420791
31 26 5 103510501
31 26 6 1891758358
31 26 7 3271770355
31 27 0 1962868308
31 27 1 2113343782
31 27 2 3053400788
31 27 3 3236835367
31 27 4 3458420791
31 27 5 103510501
31 27 6 1891758358
31 27 7 3271770355
31 28 0 1962868308
31 28 1 2113343782
31 28 2 3053400788
31 28 3 3236835367
31 28 4 3458420791
31 28 5 103510501
31 28 6 1891758358
31 28 7 3271770355
31 29 0 1962868308
31 29 1 2113343782
31 29 2 3053400788
31 29 3 3236835367
31 29 4 3458420791
31 29 5 103510501
31 29 6 1891758358
31 29 7 3271770355
31 30 0 1962868308
31 30 1 2113343782
31 30 2 3053400788
31 30 3 3236835367
31 30 4 3458420791
31 30 5 103510501
31 30 6 1891758358
31 30 7 3271770355
31 31 0 1962868308
31 31 1 2113343782
31 31 2 3053400788
31 31 3 3236835367
31 31 4 3458420791
31 31 5 103510501
31 31 6 1891758358
31 31 7 3271770355
31 32 0 1264015499
31 32 1 1113540025
31 32 2 173483019
31 32 3 4285015736
31 32 4 4063430312
31 32 5 3123373306
31 32 6 1335125449
31 32 7 3715305772
31 33 0 1264015499
31 33 1 1113540025
31 33 2 173483019
31 33 3 4285015736
31 33 4 4063430312
31 33 5 3123373306
31 33 6 1335125449
31 33 7 3715305772
31 34 0 1264015499
31 34 1 1113540025
31 34 2 173483019
31 34 3 4285015736
31 34 4 4063430312
31 34 5 3123373306
31 34 6 1335125449
31 34 7 3715305772
31 35 0 1264015499
31 35 1 1113540025
31 35 2 173483019
31 35 3 4285015736
31 35 4 4063430312
31 35 5 3123373306
31 35 6 1335125449
31 35 7 3715305772
31 36 0 2362686850
31 36 1 2780378923
31 36 2 173111606
31 36 3 1656887338
31 36 4 1739774039
31 36 5 2818529768
31 36 6 1464394560
31 36 7 2956395150
31 37 0 2362686850
31 37 1 3803280394
31 37 2 3394971734
31 37 3 631804683
31 37 4 666666871
31 37 5 1793447113
31 37 6 1464394560
31 37 7 1933493679
31 38 0 2362686850
31 38 1 2485736809
31 38 2 3956901878
31 38 3 1362245224
31 38 4 1228597015
31 38 5 200602794
31 38 6 1464394560
31 38 7 2661753036
31 39 0 2362686850
31 39 1 3508638280
31 39 2 2883794710
31 39 3 337162569
31 39 4 155489847
31 39 5 3470487435
31 39 6 1464394560
31 39 7 3577656045
31 40 0 775844043
31 40 1 128763739
31 40 2 3010876619
31 40 3 542780744
31 40 4 2605856616
31 40 5 166914584
31 40 6 4172519049
31 40 7 2010609804
31 41 0 775844043
31 41 1 3681828106
31 41 2 3010876619
31 41 3 542780744
31 41 4 2605856616
31 41 5 1671994825
31 41 6 4172519049
31 41 7 2010609804
31 42 0 775844043
31 42 1 114779001
31 42 2 3010876619
31 42 3 542780744
31 42 4 2605856616
31 42 5 2124612282
31 42 6 4172519049
31 42 7 2010609804
31 43 0 775844043
31 43 1 3651217704
31 43 2 3010876619
31 43 3 542780744
31 43 4 2605856616
31 43 5 3613066859
31 43 6 4172519049
31 43 7 2010609804
31 44 0 1962868308
31 44 1 2113343782
31 44 2 3053400788
31 44 3 3236835367
31 44 4 3458420791
31 44 5 103510501
31 44 6 1891758358
31 44 7 3271770355
31 45 0 1962868308
31 45 1 2113343782
31 45 2 3053400788
31 45 3 3236835367
31 45 4 3458420791
31 45 5 103510501
31 45 6 1891758358
31 45 7 3271770355
31 46 0 1962868308
31 46 1 2113343782
31 46 2 3053400788
31 46 3 3236835367
31 46 4 3458420791
31 46 5 103510501
31 46 6 1891758358
31 46 7 3271770355
31 47 0 1962868308
31 47 1 2113343782
31 47 2 3053400788
31 47 3 3236835367
31 47 4 3458420791
31 47 5 103510501
31 47 6 1891758358
31 47 7 3271770355
32 16 0 1130470273
32 16 1 1807177139
32 16 2 3190404993
32 16 3 683685554
32 16 4 462100130
32 16 5 1845327984
32 16 6 2028762563
32 16 7 2017205202
32 17 0 4246364048
32 17 1 101872226
32 17 2 1041929232
32 17 3 1225363811
32 17 4 1446949235
32 17 5 2387006241
32 17 6 4175254098
32 17 7 402945315
32 18 0 3329891607
32 18 1 2694715013
32 18 2 1754658007
32 18 3 1571223428
32 18 4 1349638004
32 18 5 409580998
32 18 6 2916300437
32 18 7 2600844996
32 19 0 1175415590
32 19 1 14007604
32 19 2 2925747046
32 19 3 1137499189
32 19 4 1359084613
32 19 5 4270824055
32 19 6 4087389476
32 19 7 986585109
32 20 0 3840494001
32 20 1 2813569617
32 20 2 2148813345
32 20 3 3938658579
32 20 4 4158646626
32 20 5 3493890354
32 20 6 4198394848
32 20 7 27540276
32 21 0 3840494001
32 21 1 2813569617
32 21 2 2148813345
32 21 3 3938658579
32 21 4 4158646626
32 21 5 3493890354
32 21 6 4198394848
32 21 7 27540276
32 22 0 1554740857
32 22 1 2321855967
32 22 2 3614675577
32 22 3 1198364382
32 22 4 976778958
32 22 5 2360006812
32 22 6 2543441391
32 22 7 27540276
32 23 0 1554740857
32 23 1 2321855967
32 23 2 3614675577
32 23 3 1198364382
32 23 4 976778958
32 23 5 2360006812
32 23 6 2543441391
32 23 7 27540276
32 24 0 1420827654
32 24 1 1713523028
32 24 2 330295174
32 24 3 2837014613
32 24 4 3058600037
32 24 5 1675372183
32 24 6 1491937604
32 24 7 3271770355
32 25 0 1420827654
32 25 1 1713523028
32 25 2 330295174
32 25 3 2837014613
32 25 4 3058600037
32 25 5 1675372183
32 25 6 1491937604
32 25 7 3271770355
32 26 0 1420827654
32 26 1 1713523028
32 26 2 330295174
32 26 3 2837014613
32 26 4 3058600037
32 26 5 1675372183
32 26 6 1491937604
32 26 7 3271770355
32 27 0 1420827654
32 27 1 1713523028
32 27 2 330295174
32 27 3 2837014613
32 27 4 3058600037
32 27 5 1675372183
32 27 6 1491937604
32 27 7 3271770355
32 28 0 2495416992
32 28 1 4158646626
32 28 2 803736336
32 28 3 4198394848
32 28 4 1208756339
32 28 5 2148813345
32 28 6 1248504561
32 28 7 3271770355
32 29 0 2495416992
32 29 1 4158646626
32 29 2 803736336
32 29 3 4198394848
32 29 4 1208756339
32 29 5 2148813345
32 29 6 1248504561
32 29 7 3271770355
32 30 0 1420827654
32 30 1 1713523028
32 30 2 330295174
32 30 3 2837014613
32 30 4 3058600037
32 30 5 1675372183
32 30 6 1491937604
32 30 7 3271770355
32 31 0 1420827654
32 31 1 1713523028
32 31 2 330295174
32 31 3 2837014613
32 31 4 3058600037
32 31 5 1675372183
32 31 6 1491937604
32 31 7 3271770355
32 32 0 3481765029
32 32 1 3673770775
32 32 2 762031333
32 32 3 2550279190
32 32 4 2328693766
32 32 5 3711921620
32 32 6 3895356199
32 32 7 3715305772
32 33 0 3481765029
32 33 1 3673770775
32 33 2 762031333
32 33 3 2550279190
32 33 4 2328693766
32 33 5 3711921620
32 33 6 3895356199
32 33 7 3715305772
32 34 0 3481765029
32 34 1 3673770775
32 34 2 762031333
32 34 3 2550279190
32 34 4 2328693766
32 34 5 3711921620
32 34 6 3895356199
32 34 7 3715305772
32 35 0 3481765029
32 35 1 3673770775
32 35 2 762031333
32 35 3 2550279190
32 35 4 2328693766
32 35 5 3711921620
32 35 6 3895356199
32 35 7 3715305772
32 36 0 3364019536
32 36 1 1746985725
32 36 2 619994608
32 36 3 623494140
32 36 4 2186657041
32 36 5 3756819006
32 36 6 4262311826
32 36 7 2956395150
32 37 0 3364019536
32 37 1 1315783836
32 37 2 1485691920
32 37 3 2439275421
32 37 4 3052354353
32 37 5 1277632991
32 37 6 4262311826
32 37 7 1933493679
32 38 0 3364019536
32 38 1 102823359
32 38 2 1694988592
32 38 3 3274299070
32 38 4 3261651025
32 38 5 140974204
32 38 6 4262311826
32 38 7 2661753036
32 39 0 3364019536
32 39 1 1610425950
32 39 2 58064464
32 39 3 2733917535
32 39 4 1624726897
32 39 5 3895559965
32 39 6 4262311826
32 39 7 3577656045
32 40 0 2561043490
32 40 1 2148813345
32 40 2 2370398769
32 40 3 4158646626
32 40 4 803736336
32 40 5 1025321760
32 40 6 1208756339
32 40 7 2010609804
32 41 0 2561043490
32 41 1 2148813345
32 41 2 2370398769
32 41 3 4158646626
32 41 4 803736336
32 41 5 1025321760
32 41 6 1208756339
32 41 7 2010609804
32 42 0 2561043490
32 42 1 2148813345
32 42 2 2370398769
32 42 3 4158646626
32 42 4 803736336
32 42 5 1025321760
32 42 6 1208756339
32 42 7 2010609804
32 43 0 2561043490
32 43 1 2148813345
32 43 2 2370398769
32 43 3 4158646626
32 43 4 803736336
32 43 5 1025321760
32 43 6 1208756339
32 43 7 2010609804
32 44 0 1420827654
32 44 1 1713523028
32 44 2 330295174
32 44 3 2837014613
32 44 4 3058600037
32 44 5 1675372183
32 44 6 1491937604
32 44 7 3271770355
32 45 0 1420827654
32 45 1 1713523028
32 45 2 330295174
32 45 3 2837014613
32 45 4 3058600037
32 45 5 1675372183
32 45 6 1491937604
32 45 7 3271770355
32 46 0 1420827654
32 46 1 1713523028
32 46 2 330295174
32 46 3 2837014613
32 46 4 3058600037
32 46 5 1675372183
32 46 6 1491937604
32 46 7 3271770355
32 47 0 1420827654
32 47 1 1713523028
32 47 2 330295174
32 47 3 2837014613
32 47 4 3058600037
32 47 5 1675372183
32 47 6 1491937604
32 47 7 3271770355
33 16 0 1130470273
33 16 1 1807177139
33 16 2 3190404993
33 16 3 683685554
33 16 4 462100130
33 16 5 1845327984
33 16 6 2028762563
33 16 7 2017205202
33 17 0 4246364048
33 17 1 101872226
33 17 2 1041929232
33 17 3 1225363811
33 17 4 1446949235
33 17 5 2387006241
33 17 6 4175254098
33 17 7 402945315
33 18 0 3329891607
33 18 1 2694715013
33 18 2 1754658007
33 18 3 1571223428
33 18 4 1349638004
33 18 5 409580998
33 18 6 2916300437
33 18 7 2600844996
33 19 0 1175415590
33 19 1 14007604
33 19 2 2925747046
33 19 3 1137499189
33 19 4 1359084613
33 19 5 4270824055
33 19 6 4087389476
33 19 7 986585109
33 20 0 3051498642
33 20 1 1328795570
33 20 2 1993551842
33 20 3 170816752
33 20 4 4278685857
33 20 5 648474833
33 20 6 4206047779
33 20 7 27540276
33 21 0 3051498642
33 21 1 1328795570
33 21 2 1993551842
33 21 3 170816752
33 21 4 4278685857
33 21 5 648474833
33 21 6 4206047779
33 21 7 27540276
33 22 0 1554740857
33 22 1 2321855967
33 22 2 3614675577
33 22 3 1198364382
33 22 4 976778958
33 22 5 2360006812
33 22 6 2543441391
33 22 7 27540276
33 23 0 1554740857
33 23 1 2321855967
33 23 2 3614675577
33 23 3 1198364382
33 23 4 976778958
33 23 5 2360006812
33 23 6 2543441391
33 23 7 27540276
33 24 0 1420827654
33 24 1 1713523028
33 24 2 330295174
33 24 3 2837014613
33 24 4 3058600037
33 24 5 1675372183
33 24 6 1491937604
33 24 7 3271770355
33 25 0 1420827654
33 25 1 1713523028
33 25 2 330295174
33 25 3 2837014613
33 25 4 3058600037
33 25 5 1675372183
33 25 6 1491937604
33 25 7 3271770355
33 26 0 1420827654
33 26 1 1713523028
33 26 2 330295174
33 26 3 2837014613
33 26 4 3058600037
33 26 5 1675372183
33 26 6 1491937604
33 26 7 3271770355
33 27 0 1420827654
33 27 1 1713523028
33 27 2 330295174
33 27 3 2837014613
33 27 4 3058600037
33 27 5 1675372183
33 27 6 1491937604
33 27 7 3271770355
33 28 0 101608355
33 28 1 4278685857
33 28 2 3338628851
33 28 3 4206047779
33 28 4 2933608848
33 28 5 1993551842
33 28 6 2860970770
33 28 7 3271770355
33 29 0 101608355
33 29 1 4278685857
33 29 2 3338628851
33 29 3 4206047779
33 29 4 2933608848
33 29 5 1993551842
33 29 6 2860970770
33 29 7 3271770355
33 30 0 1420827654
33 30 1 1713523028
33 30 2 330295174
33 30 3 2837014613
33 30 4 3058600037
33 30 5 1675372183
33 30 6 1491937604
33 30 7 3271770355
33 31 0 1420827654
33 31 1 1713523028
33 31 2 330295174
33 31 3 2837014613
33 31 4 3058600037
33 31 5 1675372183
33 31 6 1491937604
33 31 7 3271770355
33 32 0 3481765029
33 32 1 3673770775
33 32 2 762031333
33 32 3 2550279190
33 32 4 2328693766
33 32 5 3711921620
33 32 6 3895356199
33 32 7 3715305772
33 33 0 3481765029
33 33 1 3673770775
33 33 2 762031333
33 33 3 2550279190
33 33 4 2328693766
33 33 5 3711921620
33 33 6 3895356199
33 33 7 3715305772
33 34 0 3481765029
33 34 1 3673770775
33 34 2 762031333
33 34 3 2550279190
33 34 4 2328693766
33 34 5 3711921620
33 34 6 3895356199
33 34 7 3715305772
33 35 0 3481765029
33 35 1 3673770775
33 35 2 762031333
33 35 3 2550279190
33 35 4 2328693766
33 35 5 3711921620
33 35 6 3895356199
33 35 7 3715305772
33 36 0 3364019536
33 36 1 1746985725
33 36 2 619994608
33 36 3 623494140
33 36 4 2186657041
33 36 5 3756819006
33 36 6 4262311826
33 36 7 2956395150
33 37 0 3364019536
33 37 1 1315783836
33 37 2 1485691920
33 37 3 2439275421
33 37 4 3052354353
33 37 5 1277632991
33 37 6 4262311826
33 37 7 1933493679
33 38 0 3364019536
33 38 1 102823359
33 38 2 1694988592
33 38 3 3274299070
33 38 4 3261651025
33 38 5 140974204
33 38 6 4262311826
33 38 7 2661753036
33 39 0 3364019536
33 39 1 1610425950
33 39 2 58064464
33 39 3 2733917535
33 39 4 1624726897
33 39 5 3895559965
33 39 6 4262311826
33 39 7 3577656045
33 40 0 1600500001
33 40 1 1993551842
33 40 2 1771966418
33 40 3 4278685857
33 40 4 3338628851
33 40 5 3117043427
33 40 6 2933608848
33 40 7 2010609804
33 41 0 1600500001
33 41 1 1993551842
33 41 2 1771966418
33 41 3 4278685857
33 41 4 3338628851
33 41 5 3117043427
33 41 6 2933608848
33 41 7 2010609804
33 42 0 1600500001
33 42 1 1993551842
33 42 2 1771966418
33 42 3 4278685857
33 42 4 3338628851
33 42 5 3117043427
33 42 6 2933608848
33 42 7 2010609804
33 43 0 1600500001
33 43 1 1993551842
33 43 2 1771966418
33 43 3 4278685857
33 43 4 3338628851
33 43 5 3117043427
33 43 6 2933608848
33 43 7 2010609804
33 44 0 1420827654
33 44 1 1713523028
33 44 2 330295174
33 44 3 2837014613
33 44 4 3058600037
33 44 5 1675372183
33 44 6 1491937604
33 44 7 3271770355
33 45 0 1420827654
33 45 1 1713523028
33 45 2 330295174
33 45 3 2837014613
33 45 4 3058600037
33 45 5 1675372183
33 45 6 1491937604
33 45 7 3271770355
33 46 0 1420827654
33 46 1 1713523028
33 46 2 330295174
33 46 3 2837014613
33 46 4 3058600037
33 46 5 1675372183
33 46 6 1491937604
33 46 7 3271770355
33 47 0 1420827654
33 47 1 1713523028
33 47 2 330295174
33 47 3 2837014613
33 47 4 3058600037
33 47 5 1675372183
33 47 6 1491937604
33 47 7 3271770355
34 16 0 1130470273
34 16 1 1807177139
34 16 2 3190404993
34 16 3 683685554
34 16 4 462100130
34 16 5 1845327984
34 16 6 2028762563
34 16 7 2017205202
34 17 0 4246364048
34 17 1 101872226
34 17 2 1041929232
34 17 3 1225363811
34 17 4 1446949235
34 17 5 2387006241
34 17 6 4175254098
34 17 7 402945315
34 18 0 3329891607
34 18 1 2694715013
34 18 2 1754658007
34 18 3 1571223428
34 18 4 1349638004
34 18 5 409580998
34 18 6 2916300437
34 18 7 2600844996
34 19 0 1175415590
34 19 1 14007604
34 19 2 2925747046
34 19 3 1137499189
34 19 4 1359084613
34 19 5 4270824055
34 19 6 4087389476
34 19 7 986585109
34 20 0 544802411
34 20 1 3008636939
34 20 2 3230222363
34 20 3 1700358541
34 20 4 3268373208
34 20 5 3489958632
34 20 6 3045435550
34 20 7 27540276
34 21 0 544802411
34 21 1 3008636939
34 21 2 3230222363
34 21 3 1700358541
34 21 4 3268373208
34 21 5 3489958632
34 21 6 3045435550
34 21 7 27540276
34 22 0 1554740857
34 22 1 2321855967
34 22 2 3614675577
34 22 3 1198364382
34 22 4 976778958
34 22 5 2360006812
34 22 6 2543441391
34 22 7 27540276
34 23 0 1554740857
34 23 1 2321855967
34 23 2 3614675577
34 23 3 1198364382
34 23 4 976778958
34 23 5 2360006812
34 23 6 2543441391
34 23 7 27540276
34 24 0 1420827654
34 24 1 1713523028
34 24 2 330295174
34 24 3 2837014613
34 24 4 3058600037
34 24 5 1675372183
34 24 6 1491937604
34 24 7 3271770355
34 25 0 1420827654
34 25 1 1713523028
34 25 2 330295174
34 25 3 2837014613
34 25 4 3058600037
34 25 5 1675372183
34 25 6 1491937604
34 25 7 3271770355
34 26 0 1420827654
34 26 1 1713523028
34 26 2 330295174
34 26 3 2837014613
34 26 4 3058600037
34 26 5 1675372183
34 26 6 1491937604
34 26 7 3271770355
34 27 0 1420827654
34 27 1 1713523028
34 27 2 330295174
34 27 3 2837014613
34 27 4 3058600037
34 27 5 1675372183
34 27 6 1491937604
34 27 7 3271770355
34 28 0 3494692698
34 28 1 3268373208
34 28 2 1885145354
34 28 3 3045435550
34 28 4 318482921
34 28 5 3230222363
34 28 6 95545263
34 28 7 3271770355
34 29 0 3494692698
34 29 1 3268373208
34 29 2 1885145354
34 29 3 3045435550
34 29 4 318482921
34 29 5 3230222363
34 29 6 95545263
34 29 7 3271770355
34 30 0 1420827654
34 30 1 1713523028
34 30 2 330295174
34 30 3 2837014613
34 30 4 3058600037
34 30 5 1675372183
34 30 6 1491937604
34 30 7 3271770355
34 31 0 1420827654
34 31 1 1713523028
34 31 2 330295174
34 31 3 2837014613
34 31 4 3058600037
34 31 5 1675372183
34 31 6 1491937604
34 31 7 3271770355
34 32 0 3481765029
34 32 1 3673770775
34 32 2 762031333
34 32 3 2550279190
34 32 4 2328693766
34 32 5 3711921620
34 32 6 3895356199
34 32 7 3715305772
34 33 0 3481765029
34 33 1 3673770775
34 33 2 762031333
34 33 3 2550279190
34 33 4 2328693766
34 33 5 3711921620
34 33 6 3895356199
34 33 7 3715305772
34 34 0 3481765029
34 34 1 3673770775
34 34 2 762031333
34 34 3 2550279190
34 34 4 2328693766
34 34 5 3711921620
34 34 6 3895356199
34 34 7 3715305772
34 35 0 3481765029
34 35 1 3673770775
34 35 2 762031333
34 35 3 2550279190
34 35 4 2328693766
34 35 5 3711921620
34 35 6 3895356199
34 35 7 3715305772
34 36 0 3364019536
34 36 1 1746985725
34 36 2 619994608
34 36 3 623494140
34 36 4 2186657041
34 36 5 3756819006
34 36 6 4262311826
34 36 7 2956395150
34 37 0 3364019536
34 37 1 1315783836
34 37 2 1485691920
34 37 3 2439275421
34 37 4 3052354353
34 37 5 1277632991
34 37 6 4262311826
34 37 7 1933493679
34 38 0 3364019536
34 38 1 102823359
34 38 2 1694988592
34 38 3 3274299070
34 38 4 3261651025
34 38 5 140974204
34 38 6 4262311826
34 38 7 2661753036
34 39 0 3364019536
34 39 1 1610425950
34 39 2 58064464
34 39 3 2733917535
34 39 4 1624726897
34 39 5 3895559965
34 39 6 4262311826
34 39 7 3577656045
34 40 0 3418724060
34 40 1 3230222363
34 40 2 3451807787
34 40 3 3268373208
34 40 4 1885145354
34 40 5 2106730778
34 40 6 318482921
34 40 7 2010609804
34 41 0 3418724060
34 41 1 3230222363
34 41 2 3451807787
34 41 3 3268373208
34 41 4 1885145354
34 41 5 2106730778
34 41 6 318482921
34 41 7 2010609804
34 42 0 3418724060
34 42 1 3230222363
34 42 2 3451807787
34 42 3 3268373208
34 42 4 1885145354
34 42 5 2106730778
34 42 6 318482921
34 42 7 2010609804
34 43 0 3418724060
34 43 1 3230222363
34 43 2 3451807787
34 43 3 3268373208
34 43 4 1885145354
34 43 5 2106730778
34 43 6 318482921
34 43 7 2010609804
34 44 0 1420827654
34 44 1 1713523028
34 44 2 330295174
34 44 3 2837014613
34 44 4 3058600037
34 44 5 1675372183
34 44 6 1491937604
34 44 7 3271770355
34 45 0 1420827654
34 45 1 1713523028
34 45 2 330295174
34 45 3 2837014613
34 45 4 3058600037
34 45 5 1675372183
34 45 6 1491937604
34 45 7 3271770355
34 46 0 1420827654
34 46 1 1713523028
34 46 2 330295174
34 46 3 2837014613
34 46 4 3058600037
34 46 5 1675372183
34 46 6 1491937604
34 46 7 3271770355
34 47 0 1420827654
34 47 1 1713523028
34 47 2 330295174
34 47 3 2837014613
34 47 4 3058600037
34 47 5 1675372183
34 47 6 1491937604
34 47 7 3271770355
35 16 0 1130470273
35 16 1 1807177139
35 16 2 3190404993
35 16 3 683685554
35 16 4 462100130
35 16 5 1845327984
35 16 6 2028762563
35 16 7 2017205202
35 17 0 4246364048
35 17 1 101872226
35 17 2 1041929232
35 17 3 1225363811
35 17 4 1446949235
35 17 5 2387006241
35 17 6 4175254098
35 17 7 402945315
35 18 0 3329891607
35 18 1 2694715013
35 18 2 1754658007
35 18 3 1571223428
35 18 4 1349638004
35 18 5 409580998
35 18 6 2916300437
35 18 7 2600844996
35 19 0 1175415590
35 19 1 14007604
35 19 2 2925747046
35 19 3 1137499189
35 19 4 1359084613
35 19 5 4270824055
35 19 6 4087389476
35 19 7 986585109
35 20 0 2179734604
35 20 1 829463084
35 20 2 607877660
35 20 3 1442586538
35 20 4 569726815
35 20 5 348141391
35 20 6 97509529
35 20 7 27540276
35 21 0 2179734604
35 21 1 829463084
35 21 2 607877660
35 21 3 1442586538
35 21 4 569726815
35 21 5 348141391
35 21 6 97509529
35 21 7 27540276
35 22 0 1554740857
35 22 1 2321855967
35 22 2 3614675577
35 22 3 1198364382
35 22 4 976778958
35 22 5 2360006812
35 22 6 2543441391
35 22 7 27540276
35 23 0 1554740857
35 23 1 2321855967
35 23 2 3614675577
35 23 3 1198364382
35 23 4 976778958
35 23 5 2360006812
35 23 6 2543441391
35 23 7 27540276
35 24 0 1420827654
35 24 1 1713523028
35 24 2 330295174
35 24 3 2837014613
35 24 4 3058600037
35 24 5 1675372183
35 24 6 1491937604
35 24 7 3271770355
35 25 0 1420827654
35 25 1 1713523028
35 25 2 330295174
35 25 3 2837014613
35 25 4 3058600037
35 25 5 1675372183
35 25 6 1491937604
35 25 7 3271770355
35 26 0 1420827654
35 26 1 1713523028
35 26 2 330295174
35 26 3 2837014613
35 26 4 3058600037
35 26 5 1675372183
35 26 6 1491937604
35 26 7 3271770355
35 27 0 1420827654
35 27 1 1713523028
35 27 2 330295174
35 27 3 2837014613
35 27 4 3058600037
35 27 5 1675372183
35 27 6 1491937604
35 27 7 3271770355
35 28 0 3524811613
35 28 1 569726815
35 28 2 1952954669
35 28 3 97509529
35 28 4 3519617102
35 28 5 607877660
35 28 6 3047399816
35 28 7 3271770355
35 29 0 3524811613
35 29 1 569726815
35 29 2 1952954669
35 29 3 97509529
35 29 4 3519617102
35 29 5 607877660
35 29 6 3047399816
35 29 7 3271770355
35 30 0 1420827654
35 30 1 1713523028
35 30 2 330295174
35 30 3 2837014613
35 30 4 3058600037
35 30 5 1675372183
35 30 6 1491937604
35 30 7 3271770355
35 31 0 1420827654
35 31 1 1713523028
35 31 2 330295174
35 31 3 2837014613
35 31 4 3058600037
35 31 5 1675372183
35 31 6 1491937604
35 31 7 3271770355
35 32 0 3481765029
35 32 1 3673770775
35 32 2 762031333
35 32 3 2550279190
35 32 4 2328693766
35 32 5 3711921620
35 32 6 3895356199
35 32 7 3715305772
35 33 0 3481765029
35 33 1 3673770775
35 33 2 762031333
35 33 3 2550279190
35 33 4 2328693766
35 33 5 3711921620
35 33 6 3895356199
35 33 7 3715305772
35 34 0 3481765029
35 34 1 3673770775
35 34 2 762031333
35 34 3 2550279190
35 34 4 2328693766
35 34 5 3711921620
35 34 6 3895356199
35 34 7 3715305772
35 35 0 3481765029
35 35 1 3673770775
35 35 2 762031333
35 35 3 2550279190
35 35 4 2328693766
35 35 5 3711921620
35 35 6 3895356199
35 35 7 3715305772
35 36 0 3364019536
35 36 1 1746985725
35 36 2 619994608
35 36 3 623494140
35 36 4 2186657041
35 36 5 3756819006
35 36 6 4262311826
35 36 7 2956395150
35 37 0 3364019536
35 37 1 1315783836
35 37 2 1485691920
35 37 3 2439275421
35 37 4 3052354353
35 37 5 1277632991
35 37 6 4262311826
35 37 7 1933493679
35 38 0 3364019536
35 38 1 102823359
35 38 2 1694988592
35 38 3 3274299070
35 38 4 3261651025
35 38 5 140974204
35 38 6 4262311826
35 38 7 2661753036
35 39 0 3364019536
35 39 1 1610425950
35 39 2 58064464
35 39 3 2733917535
35 39 4 1624726897
35 39 5 3895559965
35 39 6 4262311826
35 39 7 3577656045
35 40 0 450527451
35 40 1 607877660
35 40 2 386292236
35 40 3 569726815
35 40 4 1952954669
35 40 5 1731369245
35 40 6 3519617102
35 40 7 2010609804
35 41 0 450527451
35 41 1 607877660
35 41 2 386292236
35 41 3 569726815
35 41 4 1952954669
35 41 5 1731369245
35 41 6 3519617102
35 41 7 2010609804
35 42 0 450527451
35 42 1 607877660
35 42 2 386292236
35 42 3 569726815
35 42 4 1952954669
35 42 5 1731369245
35 42 6 3519617102
35 42 7 2010609804
35 43 0 450527451
35 43 1 607877660
35 43 2 386292236
35 43 3 569726815
35 43 4 1952954669
35 43 5 1731369245
35 43 6 3519617102
35 43 7 2010609804
35 44 0 1420827654
35 44 1 1713523028
35 44 2 330295174
35 44 3 2837014613
35 44 4 3058600037
35 44 5 1675372183
35 44 6 1491937604
35 44 7 3271770355
35 45 0 1420827654
35 45 1 1713523028
35 45 2 330295174
35 45 3 2837014613
35 45 4 3058600037
35 45 5 1675372183
35 45 6 1491937604
35 45 7 3271770355
35 46 0 1420827654
35 46 1 1713523028
35 46 2 330295174
35 46 3 2837014613
35 46 4 3058600037
35 46 5 1675372183
35 46 6 1491937604
35 46 7 3271770355
35 47 0 1420827654
35 47 1 1713523028
35 47 2 330295174
35 47 3 2837014613
35 47 4 3058600037
35 47 5 1675372183
35 47 6 1491937604
35 47 7 3271770355
36 16 0 1130470273
36 16 1 1807177139
36 16 2 3190404993
36 16 3 683685554
36 16 4 462100130
36 16 5 1845327984
36 16 6 2028762563
36 16 7 2017205202
36 17 0 4246364048
36 17 1 101872226
36 17 2 1041929232
36 17 3 1225363811
36 17 4 1446949235
36 17 5 2387006241
36 17 6 4175254098
36 17 7 402945315
36 18 0 3329891607
36 18 1 2694715013
36 18 2 1754658007
36 18 3 1571223428
36 18 4 1349638004
36 18 5 409580998
36 18 6 2916300437
36 18 7 2600844996
36 19 0 1175415590
36 19 1 14007604
36 19 2 2925747046
36 19 3 1137499189
36 19 4 1359084613
36 19 5 4270824055
36 19 6 4087389476
36 19 7 986585109
36 20 0 3123828702
36 20 1 912871303
36 20 2 2017745688
36 20 3 2089692533
36 20 4 3141237273
36 20 5 1394192996
36 20 6 3466765727
36 20 7 27540276
36 21 0 3123828702
36 21 1 912871303
36 21 2 2017745688
36 21 3 2089692533
36 21 4 3141237273
36 21 5 1394192996
36 21 6 3466765727
36 21 7 27540276
36 22 0 1554740857
36 22 1 2321855967
36 22 2 3614675577
36 22 3 1198364382
36 22 4 976778958
36 22 5 2360006812
36 22 6 2543441391
36 22 7 27540276
36 23 0 1554740857
36 23 1 2321855967
36 23 2 3614675577
36 23 3 1198364382
36 23 4 976778958
36 23 5 2360006812
36 23 6 2543441391
36 23 7 27540276
36 24 0 1420827654
36 24 1 1713523028
36 24 2 330295174
36 24 3 2837014613
36 24 4 3058600037
36 24 5 1675372183
36 24 6 1491937604
36 24 7 3271770355
36 25 0 1420827654
36 25 1 1713523028
36 25 2 330295174
36 25 3 2837014613
36 25 4 3058600037
36 25 5 1675372183
36 25 6 1491937604
36 25 7 3271770355
36 26 0 1420827654
36 26 1 1713523028
36 26 2 330295174
36 26 3 2837014613
36 26 4 3058600037
36 26 5 1675372183
36 26 6 1491937604
36 26 7 3271770355
36 27 0 1420827654
36 27 1 1713523028
36 27 2 330295174
36 27 3 2837014613
36 27 4 3058600037
36 27 5 1675372183
36 27 6 1491937604
36 27 7 3271770355
36 28 0 439643977
36 28 1 1172607572
36 28 2 3362822697
36 28 3 3434769542
36 28 4 1796160264
36 28 5 1134456727
36 28 6 2679330020
36 28 7 3271770355
36 29 0 439643977
36 29 1 1172607572
36 29 2 3362822697
36 29 3 3434769542
36 29 4 1796160264
36 29 5 1134456727
36 29 6 2679330020
36 29 7 3271770355
36 30 0 1420827654
36 30 1 1713523028
36 30 2 330295174
36 30 3 2837014613
36 30 4 3058600037
36 30 5 1675372183
36 30 6 1491937604
36 30 7 3271770355
36 31 0 1420827654
36 31 1 1713523028
36 31 2 330295174
36 31 3 2837014613
36 31 4 3058600037
36 31 5 1675372183
36 31 6 1491937604
36 31 7 3271770355
36 32 0 3481765029
36 32 1 3673770775
36 32 2 762031333
36 32 3 2550279190
36 32 4 2328693766
36 32 5 3711921620
36 32 6 3895356199
36 32 7 3715305772
36 33 0 3481765029
36 33 1 3673770775
36 33 2 762031333
36 33 3 2550279190
36 33 4 2328693766
36 33 5 3711921620
36 33 6 3895356199
36 33 7 3715305772
36 34 0 3481765029
36 34 1 3673770775
36 34 2 762031333
36 34 3 2550279190
36 34 4 2328693766
36 34 5 3711921620
36 34 6 3895356199
36 34 7 3715305772
36 35 0 3481765029
36 35 1 3673770775
36 35 2 762031333
36 35 3 2550279190
36 35 4 2328693766
36 35 5 3711921620
36 35 6 3895356199
36 35 7 3715305772
36 36 0 3364019536
36 36 1 1746985725
36 36 2 619994608
36 36 3 623494140
36 36 4 2186657041
36 36 5 3756819006
36 36 6 4262311826
36 36 7 2956395150
36 37 0 3364019536
36 37 1 1315783836
36 37 2 1485691920
36 37 3 2439275421
36 37 4 3052354353
36 37 5 1277632991
36 37 6 4262311826
36 37 7 1933493679
36 38 0 3364019536
36 38 1 102823359
36 38 2 1694988592
36 38 3 3274299070
36 38 4 3261651025
36 38 5 140974204
36 38 6 4262311826
36 38 7 2661753036
36 39 0 3364019536
36 39 1 1610425950
36 39 2 58064464
36 39 3 2733917535
36 39 4 1624726897
36 39 5 3895559965
36 39 6 4262311826
36 39 7 3577656045
36 40 0 811175337
36 40 1 1134456727
36 40 2 634517834
36 40 3 1172607572
36 40 4 3362822697
36 40 5 10965142
36 40 6 1796160264
36 40 7 2010609804
36 41 0 811175337
36 41 1 1134456727
36 41 2 634517834
36 41 3 1172607572
36 41 4 3362822697
36 41 5 10965142
36 41 6 1796160264
36 41 7 2010609804
36 42 0 811175337
36 42 1 1134456727
36 42 2 634517834
36 42 3 1172607572
36 42 4 3362822697
36 42 5 10965142
36 42 6 1796160264
36 42 7 2010609804
36 43 0 811175337
36 43 1 1134456727
36 43 2 634517834
36 43 3 1172607572
36 43 4 3362822697
36 43 5 10965142
36 43 6 1796160264
36 43 7 2010609804
36 44 0 1420827654
36 44 1 1713523028
36 44 2 330295174
36 44 3 2837014613
36 44 4 3058600037
36 44 5 1675372183
36 44 6 1491937604
36 44 7 3271770355
36 45 0 1420827654
36 45 1 1713523028
36 45 2 330295174
36 45 3 2837014613
36 45 4 3058600037
36 45 5 1675372183
36 45 6 1491937604
36 45 7 3271770355
36 46 0 1420827654
36 46 1 1713523028
36 46 2 330295174
36 46 3 2837014613
36 46 4 3058600037
36 46 5 1675372183
36 46 6 1491937604
36 46 7 3271770355
36 47 0 1420827654
36 47 1 1713523028
36 47 2 330295174
36 47 3 2837014613
36 47 4 3058600037
36 47 5 1675372183
36 47 6 1491937604
36 47 7 3271770355
37 16 0 1130470273
37 16 1 1807177139
37 16 2 3190404993
37 16 3 683685554
37 16 4 462100130
37 16 5 1845327984
37 16 6 2028762563
37 16 7 2017205202
37 17 0 4246364048
37 17 1 101872226
37 17 2 1041929232
37 17 3 1225363811
37 17 4 1446949235
37 17 5 2387006241
37 17 6 4175254098
37 17 7 402945315
37 18 0 3329891607
37 18 1 2694715013
37 18 2 1754658007
37 18 3 1571223428
37 18 4 1349638004
37 18 5 409580998
37 18 6 2916300437
37 18 7 2600844996
37 19 0 1175415590
37 19 1 14007604
37 19 2 2925747046
37 19 3 1137499189
37 19 4 1359084613
37 19 5 4270824055
37 19 6 4087389476
37 19 7 986585109
37 20 0 3056991820
37 20 1 3066578837
37 20 2 1205042507
37 20 3 3682678823
37 20 4 81550922
37 20 5 3746899574
37 20 6 4083415053
37 20 7 27540276
37 21 0 3056991820
37 21 1 3066578837
37 21 2 1205042507
37 21 3 3682678823
37 21 4 81550922
37 21 5 3746899574
37 21 6 4083415053
37 21 7 27540276
37 22 0 1554740857
37 22 1 2321855967
37 22 2 3614675577
37 22 3 1198364382
37 22 4 976778958
37 22 5 2360006812
37 22 6 2543441391
37 22 7 27540276
37 23 0 1554740857
37 23 1 2321855967
37 23 2 3614675577
37 23 3 1198364382
37 23 4 976778958
37 23 5 2360006812
37 23 6 2543441391
37 23 7 27540276
37 24 0 1420827654
37 24 1 1713523028
37 24 2 330295174
37 24 3 2837014613
37 24 4 3058600037
37 24 5 1675372183
37 24 6 1491937604
37 24 7 3271770355
37 25 0 1420827654
37 25 1 1713523028
37 25 2 330295174
37 25 3 2837014613
37 25 4 3058600037
37 25 5 1675372183
37 25 6 1491937604
37 25 7 3271770355
37 26 0 1420827654
37 26 1 1713523028
37 26 2 330295174
37 26 3 2837014613
37 26 4 3058600037
37 26 5 1675372183
37 26 6 1491937604
37 26 7 3271770355
37 27 0 1420827654
37 27 1 1713523028
37 27 2 330295174
37 27 3 2837014613
37 27 4 3058600037
37 27 5 1675372183
37 27 6 1491937604
37 27 7 3271770355
37 28 0 2851279926
37 28 1 116688550
37 28 2 4154932794
37 28 3 3942415092
37 28 4 1426627931
37 28 5 2401822565
37 28 6 745396187
37 28 7 3271770355
37 29 0 2851279926
37 29 1 116688550
37 29 2 4154932794
37 29 3 3942415092
37 29 4 1426627931
37 29 5 2401822565
37 29 6 745396187
37 29 7 3271770355
37 30 0 1420827654
37 30 1 1713523028
37 30 2 330295174
37 30 3 2837014613
37 30 4 3058600037
37 30 5 1675372183
37 30 6 1491937604
37 30 7 3271770355
37 31 0 1420827654
37 31 1 1713523028
37 31 2 330295174
37 31 3 2837014613
37 31 4 3058600037
37 31 5 1675372183
37 31 6 1491937604
37 31 7 3271770355
37 32 0 3481765029
37 32 1 3673770775
37 32 2 762031333
37 32 3 2550279190
37 32 4 2328693766
37 32 5 3711921620
37 32 6 3895356199
37 32 7 3715305772
37 33 0 3481765029
37 33 1 3673770775
37 33 2 762031333
37 33 3 2550279190
37 33 4 2328693766
37 33 5 3711921620
37 33 6 3895356199
37 33 7 3715305772
37 34 0 3481765029
37 34 1 3673770775
37 34 2 762031333
37 34 3 2550279190
37 34 4 2328693766
37 34 5 3711921620
37 34 6 3895356199
37 34 7 3715305772
37 35 0 3481765029
37 35 1 3673770775
37 35 2 762031333
37 35 3 2550279190
37 35 4 2328693766
37 35 5 3711921620
37 35 6 3895356199
37 35 7 3715305772
37 36 0 3364019536
37 36 1 1746985725
37 36 2 619994608
37 36 3 623494140
37 36 4 2186657041
37 36 5 3756819006
37 36 6 4262311826
37 36 7 2956395150
37 37 0 3364019536
37 37 1 1315783836
37 37 2 1485691920
37 37 3 2439275421
37 37 4 3052354353
37 37 5 1277632991
37 37 6 4262311826
37 37 7 1933493679
37 38 0 3364019536
37 38 1 102823359
37 38 2 1694988592
37 38 3 3274299070
37 38 4 3261651025
37 38 5 140974204
37 38 6 4262311826
37 38 7 2661753036
37 39 0 3364019536
37 39 1 1610425950
37 39 2 58064464
37 39 3 2733917535
37 39 4 1624726897
37 39 5 3895559965
37 39 6 4262311826
37 39 7 3577656045
37 40 0 564567930
37 40 1 2401822565
37 40 2 2588270361
37 40 3 116688550
37 40 4 4154932794
37 40 5 1278330980
37 40 6 1426627931
37 40 7 2010609804
37 41 0 564567930
37 41 1 2401822565
37 41 2 2588270361
37 41 3 116688550
37 41 4 4154932794
37 41 5 1278330980
37 41 6 1426627931
37 41 7 2010609804
37 42 0 564567930
37 42 1 2401822565
37 42 2 2588270361
37 42 3 116688550
37 42 4 4154932794
37 42 5 1278330980
37 42 6 1426627931
37 42 7 2010609804
37 43 0 564567930
37 43 1 2401822565
37 43 2 2588270361
37 43 3 116688550
37 43 4 4154932794
37 43 5 1278330980
37 43 6 1426627931
37 43 7 2010609804
37 44 0 1420827654
37 44 1 1713523028
37 44 2 330295174
37 44 3 2837014613
37 44 4 3058600037
37 44 5 1675372183
37 44 6 1491937604
37 44 7 3271770355
37 45 0 1420827654
37 45 1 1713523028
37 45 2 330295174
37 45 3 2837014613
37 45 4 3058600037
37 45 5 1675372183
37 45 6 1491937604
37 45 7 3271770355
37 46 0 1420827654
37 46 1 1713523028
37 46 2 330295174
37 46 3 2837014613
37 46 4 3058600037
37 46 5 1675372183
37 46 6 1491937604
37 46 7 3271770355
37 47 0 1420827654
37 47 1 1713523028
37 47 2 330295174
37 47 3 2837014613
37 47 4 3058600037
37 47 5 1675372183
37 47 6 1491937604
37 47 7 3271770355
38 16 0 1130470273
38 16 1 1807177139
38 16 2 3190404993
38 16 3 683685554
38 16 4 462100130
38 16 5 1845327984
38 16 6 2028762563
38 16 7 2017205202
38 17 0 4246364048
38 17 1 101872226
38 17 2 1041929232
38 17 3 1225363811
38 17 4 1446949235
38 17 5 2387006241
38 17 6 4175254098
38 17 7 402945315
38 18 0 3329891607
38 18 1 2694715013
38 18 2 1754658007
38 18 3 1571223428
38 18 4 1349638004
38 18 5 409580998
38 18 6 2916300437
38 18 7 2600844996
38 19 0 1175415590
38 19 1 14007604
38 19 2 2925747046
38 19 3 1137499189
38 19 4 1359084613
38 19 5 4270824055
38 19 6 4087389476
38 19 7 986585109
38 20 0 2814838646
38 20 1 4176264239
38 20 2 3019979842
38 20 3 3820214313
38 20 4 4143471427
38 20 5 362618636
38 20 6 671320787
38 20 7 27540276
38 21 0 2814838646
38 21 1 4176264239
38 21 2 3019979842
38 21 3 3820214313
38 21 4 4143471427
38 21 5 362618636
38 21 6 671320787
38 21 7 27540276
38 22 0 1554740857
38 22 1 2321855967
38 22 2 3614675577
38 22 3 1198364382
38 22 4 976778958
38 22 5 2360006812
38 22 6 2543441391
38 22 7 27540276
38 23 0 1554740857
38 23 1 2321855967
38 23 2 3614675577
38 23 3 1198364382
38 23 4 976778958
38 23 5 2360006812
38 23 6 2543441391
38 23 7 27540276
38 24 0 1420827654
38 24 1 1713523028
38 24 2 330295174
38 24 3 2837014613
38 24 4 3058600037
38 24 5 1675372183
38 24 6 1491937604
38 24 7 3271770355
38 25 0 1420827654
38 25 1 1713523028
38 25 2 330295174
38 25 3 2837014613
38 25 4 3058600037
38 25 5 1675372183
38 25 6 1491937604
38 25 7 3271770355
38 26 0 1420827654
38 26 1 1713523028
38 26 2 330295174
38 26 3 2837014613
38 26 4 3058600037
38 26 5 1675372183
38 26 6 1491937604
38 26 7 3271770355
38 27 0 1420827654
38 27 1 1713523028
38 27 2 330295174
38 27 3 2837014613
38 27 4 3058600037
38 27 5 1675372183
38 27 6 1491937604
38 27 7 3271770355
38 28 0 740983631
38 28 1 141033212
38 28 2 70089555
38 28 3 870324026
38 28 4 2798394418
38 28 5 102882367
38 28 6 2942092726
38 28 7 3271770355
38 29 0 740983631
38 29 1 141033212
38 29 2 70089555
38 29 3 870324026
38 29 4 2798394418
38 29 5 102882367
38 29 6 2942092726
38 29 7 3271770355
38 30 0 1420827654
38 30 1 1713523028
38 30 2 330295174
38 30 3 2837014613
38 30 4 3058600037
38 30 5 1675372183
38 30 6 1491937604
38 30 7 3271770355
38 31 0 1420827654
38 31 1 1713523028
38 31 2 330295174
38 31 3 2837014613
38 31 4 3058600037
38 31 5 1675372183
38 31 6 1491937604
38 31 7 3271770355
38 32 0 3481765029
38 32 1 3673770775
38 32 2 762031333
38 32 3 2550279190
38 32 4 2328693766
38 32 5 3711921620
38 32 6 3895356199
38 32 7 3715305772
38 33 0 3481765029
38 33 1 3673770775
38 33 2 762031333
38 33 3 2550279190
38 33 4 2328693766
38 33 5 3711921620
38 33 6 3895356199
38 33 7 3715305772
38 34 0 3481765029
38 34 1 3673770775
38 34 2 762031333
38 34 3 2550279190
38 34 4 2328693766
38 34 5 3711921620
38 34 6 3895356199
38 34 7 3715305772
38 35 0 3481765029
38 35 1 3673770775
38 35 2 762031333
38 35 3 2550279190
38 35 4 2328693766
38 35 5 3711921620
38 35 6 3895356199
38 35 7 3715305772
38 36 0 3364019536
38 36 1 1746985725
38 36 2 619994608
38 36 3 623494140
38 36 4 2186657041
38 36 5 3756819006
38 36 6 4262311826
38 36 7 2956395150
38 37 0 3364019536
38 37 1 1315783836
38 37 2 1485691920
38 37 3 2439275421
38 37 4 3052354353
38 37 5 1277632991
38 37 6 4262311826
38 37 7 1933493679
38 38 0 3364019536
38 38 1 102823359
38 38 2 1694988592
38 38 3 3274299070
38 38 4 3261651025
38 38 5 140974204
38 38 6 4262311826
38 38 7 2661753036
38 39 0 3364019536
38 39 1 1610425950
38 39 2 58064464
38 39 3 2733917535
38 39 4 1624726897
38 39 5 3895559965
38 39 6 4262311826
38 39 7 3577656045
38 40 0 2513228663
38 40 1 102882367
38 40 2 3960036848
38 40 3 141033212
38 40 4 70089555
38 40 5 3274358078
38 40 6 2798394418
38 40 7 2010609804
38 41 0 2513228663
38 41 1 102882367
38 41 2 3960036848
38 41 3 141033212
38 41 4 70089555
38 41 5 3274358078
38 41 6 2798394418
38 41 7 2010609804
38 42 0 2513228663
38 42 1 102882367
38 42 2 3960036848
38 42 3 141033212
38 42 4 70089555
38 42 5 3274358078
38 42 6 2798394418
38 42 7 2010609804
38 43 0 2513228663
38 43 1 102882367
38 43 2 3960036848
38 43 3 141033212
38 43 4 70089555
38 43 5 3274358078
38 43 6 2798394418
38 43 7 2010609804
38 44 0 1420827654
38 44 1 1713523028
38 44 2 330295174
38 44 3 2837014613
38 44 4 3058600037
38 44 5 1675372183
38 44 6 1491937604
38 44 7 3271770355
38 45 0 1420827654
38 45 1 1713523028
38 45 2 330295174
38 45 3 2837014613
38 45 4 3058600037
38 45 5 1675372183
38 45 6 1491937604
38 45 7 3271770355
38 46 0 1420827654
38 46 1 1713523028
38 46 2 330295174
38 46 3 2837014613
38 46 4 3058600037
38 46 5 1675372183
38 46 6 1491937604
38 46 7 3271770355
38 47 0 1420827654
38 47 1 1713523028
38 47 2 330295174
38 47 3 2837014613
38 47 4 3058600037
38 47 5 1675372183
38 47 6 1491937604
38 47 7 3271770355
39 16 0 1130470273
39 16 1 1807177139
39 16 2 3190404993
39 16 3 683685554
39 16 4 462100130
39 16 5 1845327984
39 16 6 2028762563
39 16 7 2017205202
39 17 0 4246364048
39 17 1 101872226
39 17 2 1041929232
39 17 3 1225363811
39 17 4 1446949235
39 17 5 2387006241
39 17 6 4175254098
39 17 7 402945315
39 18 0 3329891607
39 18 1 2694715013
39 18 2 1754658007
39 18 3 1571223428
39 18 4 1349638004
39 18 5 409580998
39 18 6 2916300437
39 18 7 2600844996
39 19 0 1175415590
39 19 1 14007604
39 19 2 2925747046
39 19 3 1137499189
39 19 4 1359084613
39 19 5 4270824055
39 19 6 4087389476
39 19 7 986585109
39 20 0 3607026496
39 20 1 2477428489
39 20 2 3208099605
39 20 3 2565104847
39 20 4 2084608020
39 20 5 3157749226
39 20 6 1336816805
39 20 7 27540276
39 21 0 3607026496
39 21 1 2477428489
39 21 2 3208099605
39 21 3 2565104847
39 21 4 2084608020
39 21 5 3157749226
39 21 6 1336816805
39 21 7 27540276
39 22 0 1554740857
39 22 1 2321855967
39 22 2 3614675577
39 22 3 1198364382
39 22 4 976778958
39 22 5 2360006812
39 22 6 2543441391
39 22 7 27540276
39 23 0 1554740857
39 23 1 2321855967
39 23 2 3614675577
39 23 3 1198364382
39 23 4 976778958
39 23 5 2360006812
39 23 6 2543441391
39 23 7 27540276
39 24 0 1420827654
39 24 1 1713523028
39 24 2 330295174
39 24 3 2837014613
39 24 4 3058600037
39 24 5 1675372183
39 24 6 1491937604
39 24 7 3271770355
39 25 0 1420827654
39 25 1 1713523028
39 25 2 330295174
39 25 3 2837014613
39 25 4 3058600037
39 25 5 1675372183
39 25 6 1491937604
39 25 7 3271770355
39 26 0 1420827654
39 26 1 1713523028
39 26 2 330295174
39 26 3 2837014613
39 26 4 3058600037
39 26 5 1675372183
39 26 6 1491937604
39 26 7 3271770355
39 27 0 1420827654
39 27 1 1713523028
39 27 2 330295174
39 27 3 2837014613
39 27 4 3058600037
39 27 5 1675372183
39 27 6 1491937604
39 27 7 3271770355
39 28 0 3453472452
39 28 1 3822505498
39 28 2 1863022596
39 28 3 2824841116
39 28 4 3429685029
39 28 5 1812672217
39 28 6 2162157213
39 28 7 3271770355
39 29 0 3453472452
39 29 1 3822505498
39 29 2 1863022596
39 29 3 2824841116
39 29 4 3429685029
39 29 5 1812672217
39 29 6 2162157213
39 29 7 3271770355
39 30 0 1420827654
39 30 1 1713523028
39 30 2 330295174
39 30 3 2837014613
39 30 4 3058600037
39 30 5 1675372183
39 30 6 1491937604
39 30 7 3271770355
39 31 0 1420827654
39 31 1 1713523028
39 31 2 330295174
39 31 3 2837014613
39 31 4 3058600037
39 31 5 1675372183
39 31 6 1491937604
39 31 7 3271770355
39 32 0 3481765029
39 32 1 3673770775
39 32 2 762031333
39 32 3 2550279190
39 32 4 2328693766
39 32 5 3711921620
39 32 6 3895356199
39 32 7 3715305772
39 33 0 3481765029
39 33 1 3673770775
39 33 2 762031333
39 33 3 2550279190
39 33 4 2328693766
39 33 5 3711921620
39 33 6 3895356199
39 33 7 3715305772
39 34 0 3481765029
39 34 1 3673770775
39 34 2 762031333
39 34 3 2550279190
39 34 4 2328693766
39 34 5 3711921620
39 34 6 3895356199
39 34 7 3715305772
39 35 0 3481765029
39 35 1 3673770775
39 35 2 762031333
39 35 3 2550279190
39 35 4 2328693766
39 35 5 3711921620
39 35 6 3895356199
39 35 7 3715305772
39 36 0 3364019536
39 36 1 1746985725
39 36 2 619994608
39 36 3 623494140
39 36 4 2186657041
39 36 5 3756819006
39 36 6 4262311826
39 36 7 2956395150
39 37 0 3364019536
39 37 1 1315783836
39 37 2 1485691920
39 37 3 2439275421
39 37 4 3052354353
39 37 5 1277632991
39 37 6 4262311826
39 37 7 1933493679
39 38 0 3364019536
39 38 1 102823359
39 38 2 1694988592
39 38 3 3274299070
39 38 4 3261651025
39 38 5 140974204
39 38 6 4262311826
39 38 7 2661753036
39 39 0 3364019536
39 39 1 1610425950
39 39 2 58064464
39 39 3 2733917535
39 39 4 1624726897
39 39 5 3895559965
39 39 6 4262311826
39 39 7 3577656045
39 40 0 3527918048
39 40 1 1812672217
39 40 2 2268042599
39 40 3 3822505498
39 40 4 1863022596
39 40 5 689180632
39 40 6 3429685029
39 40 7 2010609804
39 41 0 3527918048
39 41 1 1812672217
39 41 2 2268042599
39 41 3 3822505498
39 41 4 1863022596
39 41 5 689180632
39 41 6 3429685029
39 41 7 2010609804
39 42 0 3527918048
39 42 1 1812672217
39 42 2 2268042599
39 42 3 3822505498
39 42 4 1863022596
39 42 5 689180632
39 42 6 3429685029
39 42 7 2010609804
39 43 0 3527918048
39 43 1 1812672217
39 43 2 2268042599
39 43 3 3822505498
39 43 4 1863022596
39 43 5 689180632
39 43 6 3429685029
39 43 7 2010609804
39 44 0 1420827654
39 44 1 1713523028
39 44 2 330295174
39 44 3 2837014613
39 44 4 3058600037
39 44 5 1675372183
39 44 6 1491937604
39 44 7 3271770355
39 45 0 1420827654
39 45 1 1713523028
39 45 2 330295174
39 45 3 2837014613
39 45 4 3058600037
39 45 5 1675372183
39 45 6 1491937604
39 45 7 3271770355
39 46 0 1420827654
39 46 1 1713523028
39 46 2 330295174
39 46 3 2837014613
39 46 4 3058600037
39 46 5 1675372183
39 46 6 1491937604
39 46 7 3271770355
39 47 0 1420827654
39 47 1 1713523028
39 47 2 330295174
39 47 3 2837014613
39 47 4 3058600037
39 47 5 1675372183
39 47 6 1491937604
39 47 7 3271770355
40 16 0 1130470273
40 16 1 1807177139
40 16 2 3190404993
40 16 3 683685554
40 16 4 462100130
40 16 5 1845327984
40 16 6 2028762563
40 16 7 2017205202
40 17 0 4246364048
40 17 1 101872226
40 17 2 1041929232
40 17 3 1225363811
40 17 4 1446949235
40 17 5 2387006241
40 17 6 4175254098
40 17 7 402945315
40 18 0 3329891607
40 18 1 2694715013
40 18 2 1754658007
40 18 3 1571223428
40 18 4 1349638004
40 18 5 409580998
40 18 6 2916300437
40 18 7 2600844996
40 19 0 1175415590
40 19 1 14007604
40 19 2 2925747046
40 19 3 1137499189
40 19 4 1359084613
40 19 5 4270824055
40 19 6 4087389476
40 19 7 986585109
40 20 0 1554740857
40 20 1 2321855967
40 20 2 3614675577
40 20 3 1198364382
40 20 4 976778958
40 20 5 2360006812
40 20 6 2543441391
40 20 7 27540276
40 21 0 1554740857
40 21 1 2321855967
40 21 2 3614675577
40 21 3 1198364382
40 21 4 976778958
40 21 5 2360006812
40 21 6 2543441391
40 21 7 27540276
40 22 0 1554740857
40 22 1 2321855967
40 22 2 3614675577
40 22 3 1198364382
40 22 4 976778958
40 22 5 2360006812
40 22 6 2543441391
40 22 7 27540276
40 23 0 1554740857
40 23 1 2321855967
40 23 2 3614675577
40 23 3 1198364382
40 23 4 976778958
40 23 5 2360006812
40 23 6 2543441391
40 23 7 27540276
40 24 0 1420827654
40 24 1 1713523028
40 24 2 330295174
40 24 3 2837014613
40 24 4 3058600037
40 24 5 1675372183
40 24 6 1491937604
40 24 7 3271770355
40 25 0 1420827654
40 25 1 1713523028
40 25 2 330295174
40 25 3 2837014613
40 25 4 3058600037
40 25 5 1675372183
40 25 6 1491937604
40 25 7 3271770355
40 26 0 1420827654
40 26 1 1713523028
40 26 2 330295174
40 26 3 2837014613
40 26 4 3058600037
40 26 5 1675372183
40 26 6 1491937604
40 26 7 3271770355
40 27 0 1420827654
40 27 1 1713523028
40 27 2 330295174
40 27 3 2837014613
40 27 4 3058600037
40 27 5 1675372183
40 27 6 1491937604
40 27 7 3271770355
40 28 0 3545877648
40 28 1 390380446
40 28 2 341442832
40 28 3 3439356515
40 28 4 746462835
40 28 5 2675514461
40 28 6 3474767698
40 28 7 3271770355
40 29 0 3545877648
40 29 1 390380446
40 29 2 341442832
40 29 3 3439356515
40 29 4 746462835
40 29 5 2675514461
40 29 6 3474767698
40 29 7 3271770355
40 30 0 1420827654
40 30 1 1713523028
40 30 2 330295174
40 30 3 2837014613
40 30 4 3058600037
40 30 5 1675372183
40 30 6 1491937604
40 30 7 3271770355
40 31 0 1420827654
40 31 1 1713523028
40 31 2 330295174
40 31 3 2837014613
40 31 4 3058600037
40 31 5 1675372183
40 31 6 1491937604
40 31 7 3271770355
40 32 0 3481765029
40 32 1 3673770775
40 32 2 762031333
40 32 3 2550279190
40 32 4 2328693766
40 32 5 3711921620
40 32 6 3895356199
40 32 7 3715305772
40 33 0 3481765029
40 33 1 3673770775
40 33 2 762031333
40 33 3 2550279190
40 33 4 2328693766
40 33 5 3711921620
40 33 6 3895356199
40 33 7 3715305772
40 34 0 3481765029
40 34 1 3673770775
40 34 2 762031333
40 34 3 2550279190
40 34 4 2328693766
40 34 5 3711921620
40 34 6 3895356199
40 34 7 3715305772
40 35 0 3481765029
40 35 1 3673770775
40 35 2 762031333
40 35 3 2550279190
40 35 4 2328693766
40 35 5 3711921620
40 35 6 3895356199
40 35 7 3715305772
40 36 0 3364019536
40 36 1 1746985725
40 36 2 619994608
40 36 3 623494140
40 36 4 2186657041
40 36 5 3756819006
40 36 6 4262311826
40 36 7 2956395150
40 37 0 3364019536
40 37 1 1315783836
40 37 2 1485691920
40 37 3 2439275421
40 37 4 3052354353
40 37 5 1277632991
40 37 6 4262311826
40 37 7 1933493679
40 38 0 3364019536
40 38 1 102823359
40 38 2 1694988592
40 38 3 3274299070
40 38 4 3261651025
40 38 5 140974204
40 38 6 4262311826
40 38 7 2661753036
40 39 0 3364019536
40 39 1 1610425950
40 39 2 58064464
40 39 3 2733917535
40 39 4 1624726897
40 39 5 3895559965
40 39 6 4262311826
40 39 7 3577656045
40 40 0 1554740857
40 40 1 3494528841
40 40 2 3614675577
40 40 3 2321221658
40 40 4 886370714
40 40 5 1209394826
40 40 6 2453033147
40 40 7 2010609804
40 41 0 1554740857
40 41 1 813821432
40 41 2 3614675577
40 41 3 2321221658
40 41 4 886370714
40 41 5 775670587
40 41 6 2453033147
40 41 7 2010609804
40 42 0 1554740857
40 42 1 287929131
40 42 2 3614675577
40 42 3 2321221658
40 42 4 886370714
40 42 5 326079976
40 42 6 2453033147
40 42 7 2010609804
40 43 0 1554740857
40 43 1 2877591514
40 43 2 3614675577
40 43 3 2321221658
40 43 4 886370714
40 43 5 867758233
40 43 6 2453033147
40 43 7 2010609804
40 44 0 1420827654
40 44 1 1713523028
40 44 2 330295174
40 44 3 2837014613
40 44 4 3058600037
40 44 5 1675372183
40 44 6 1491937604
40 44 7 3271770355
40 45 0 1420827654
40 45 1 1713523028
40 45 2 330295174
40 45 3 2837014613
40 45 4 3058600037
40 45 5 1675372183
40 45 6 1491937604
40 45 7 3271770355
40 46 0 1420827654
40 46 1 1713523028
40 46 2 330295174
40 46 3 2837014613
40 46 4 3058600037
40 46 5 1675372183
40 46 6 1491937604
40 46 7 3271770355
40 47 0 1420827654
40 47 1 1713523028
40 47 2 330295174
40 47 3 2837014613
40 47 4 3058600037
40 47 5 1675372183
40 47 6 1491937604
40 47 7 3271770355
41 16 0 1130470273
41 16 1 1807177139
41 16 2 3190404993
41 16 3 683685554
41 16 4 462100130
41 16 5 1845327984
41 16 6 2028762563
41 16 7 2017205202
41 17 0 4246364048
41 17 1 101872226
41 17 2 1041929232
41 17 3 1225363811
41 17 4 1446949235
41 17 5 2387006241
41 17 6 4175254098
41 17 7 402945315
41 18 0 3329891607
41 18 1 2694715013
41 18 2 1754658007
41 18 3 1571223428
41 18 4 1349638004
41 18 5 409580998
41 18 6 2916300437
41 18 7 2600844996
41 19 0 1175415590
41 19 1 14007604
41 19 2 2925747046
41 19 3 1137499189
41 19 4 1359084613
41 19 5 4270824055
41 19 6 4087389476
41 19 7 986585109
41 20 0 1554740857
41 20 1 2321855967
41 20 2 3614675577
41 20 3 1198364382
41 20 4 976778958
41 20 5 2360006812
41 20 6 2543441391
41 20 7 27540276
41 21 0 1554740857
41 21 1 2321855967
41 21 2 3614675577
41 21 3 1198364382
41 21 4 976778958
41 21 5 2360006812
41 21 6 2543441391
41 21 7 27540276
41 22 0 1554740857
41 22 1 2321855967
41 22 2 3614675577
41 22 3 1198364382
41 22 4 976778958
41 22 5 2360006812
41 22 6 2543441391
41 22 7 27540276
41 23 0 1554740857
41 23 1 2321855967
41 23 2 3614675577
41 23 3 1198364382
41 23 4 976778958
41 23 5 2360006812
41 23 6 2543441391
41 23 7 27540276
41 24 0 1420827654
41 24 1 1713523028
41 24 2 330295174
41 24 3 2837014613
41 24 4 3058600037
41 24 5 1675372183
41 24 6 1491937604
41 24 7 3271770355
41 25 0 1420827654
41 25 1 1713523028
41 25 2 330295174
41 25 3 2837014613
41 25 4 3058600037
41 25 5 1675372183
41 25 6 1491937604
41 25 7 3271770355
41 26 0 1420827654
41 26 1 1713523028
41 26 2 330295174
41 26 3 2837014613
41 26 4 3058600037
41 26 5 1675372183
41 26 6 1491937604
41 26 7 3271770355
41 27 0 1420827654
41 27 1 1713523028
41 27 2 330295174
41 27 3 2837014613
41 27 4 3058600037
41 27 5 1675372183
41 27 6 1491937604
41 27 7 3271770355
41 28 0 2207920927
41 28 1 3226341158
41 28 2 632687327
41 28 3 3552476308
41 28 4 227667324
41 28 5 1216507877
41 28 6 1794329757
41 28 7 3271770355
41 29 0 2207920927
41 29 1 3226341158
41 29 2 632687327
41 29 3 3552476308
41 29 4 227667324
41 29 5 1216507877
41 29 6 1794329757
41 29 7 3271770355
41 30 0 1420827654
41 30 1 1713523028
41 30 2 330295174
41 30 3 2837014613
41 30 4 3058600037
41 30 5 1675372183
41 30 6 1491937604
41 30 7 3271770355
41 31 0 1420827654
41 31 1 1713523028
41 31 2 330295174
41 31 3 2837014613
41 31 4 3058600037
41 31 5 1675372183
41 31 6 1491937604
41 31 7 3271770355
41 32 0 3481765029
41 32 1 3673770775
41 32 2 762031333
41 32 3 2550279190
41 32 4 2328693766
41 32 5 3711921620
41 32 6 3895356199
41 32 7 3715305772
41 33 0 3481765029
41 33 1 3673770775
41 33 2 762031333
41 33 3 2550279190
41 33 4 2328693766
41 33 5 3711921620
41 33 6 3895356199
41 33 7 3715305772
41 34 0 3481765029
41 34 1 3673770775
41 34 2 762031333
41 34 3 2550279190
41 34 4 2328693766
41 34 5 3711921620
41 34 6 3895356199
41 34 7 3715305772
41 35 0 3481765029
41 35 1 3673770775
41 35 2 762031333
41 35 3 2550279190
41 35 4 2328693766
41 35 5 3711921620
41 35 6 3895356199
41 35 7 3715305772
41 36 0 3364019536
41 36 1 1746985725
41 36 2 619994608
41 36 3 623494140
41 36 4 2186657041
41 36 5 3756819006
41 36 6 4262311826
41 36 7 2956395150
41 37 0 3364019536
41 37 1 1315783836
41 37 2 1485691920
41 37 3 2439275421
41 37 4 3052354353
41 37 5 1277632991
41 37 6 4262311826
41 37 7 1933493679
41 38 0 3364019536
41 38 1 102823359
41 38 2 1694988592
41 38 3 3274299070
41 38 4 3261651025
41 38 5 140974204
41 38 6 4262311826
41 38 7 2661753036
41 39 0 3364019536
41 39 1 1610425950
41 39 2 58064464
41 39 3 2733917535
41 39 4 1624726897
41 39 5 3895559965
41 39 6 4262311826
41 39 7 3577656045
41 40 0 1554740857
41 40 1 3494528841
41 40 2 3614675577
41 40 3 2321221658
41 40 4 886370714
41 40 5 1209394826
41 40 6 2453033147
41 40 7 2010609804
41 41 0 1554740857
41 41 1 813821432
41 41 2 3614675577
41 41 3 2321221658
41 41 4 886370714
41 41 5 775670587
41 41 6 2453033147
41 41 7 2010609804
41 42 0 1554740857
41 42 1 287929131
41 42 2 3614675577
41 42 3 2321221658
41 42 4 886370714
41 42 5 326079976
41 42 6 2453033147
41 42 7 2010609804
41 43 0 1554740857
41 43 1 2877591514
41 43 2 3614675577
41 43 3 2321221658
41 43 4 886370714
41 43 5 867758233
41 43 6 2453033147
41 43 7 2010609804
41 44 0 1420827654
41 44 1 1713523028
41 44 2 330295174
41 44 3 2837014613
41 44 4 3058600037
41 44 5 1675372183
41 44 6 1491937604
41 44 7 3271770355
41 45 0 1420827654
41 45 1 1713523028
41 45 2 330295174
41 45 3 2837014613
41 45 4 3058600037
41 45 5 1675372183
41 45 6 1491937604
41 45 7 3271770355
41 46 0 1420827654
41 46 1 1713523028
41 46 2 330295174
41 46 3 2837014613
41 46 4 3058600037
41 46 5 1675372183
41 46 6 1491937604
41 46 7 3271770355
41 47 0 1420827654
41 47 1 1713523028
41 47 2 330295174
41 47 3 2837014613
41 47 4 3058600037
41 47 5 1675372183
41 47 6 1491937604
41 47 7 3271770355
42 16 0 1130470273
42 16 1 1807177139
42 16 2 3190404993
42 16 3 683685554
42 16 4 462100130
42 16 5 1845327984
42 16 6 2028762563
42 16 7 2017205202
42 17 0 4246364048
42 17 1 101872226
42 17 2 1041929232
42 17 3 1225363811
42 17 4 1446949235
42 17 5 2387006241
42 17 6 4175254098
42 17 7 402945315
42 18 0 3329891607
42 18 1 2694715013
42 18 2 1754658007
42 18 3 1571223428
42 18 4 1349638004
42 18 5 409580998
42 18 6 2916300437
42 18 7 2600844996
42 19 0 1175415590
42 19 1 14007604
42 19 2 2925747046
42 19 3 1137499189
42 19 4 1359084613
42 19 5 4270824055
42 19 6 4087389476
42 19 7 986585109
42 20 0 1554740857
42 20 1 2321855967
42 20 2 3614675577
42 20 3 1198364382
42 20 4 976778958
42 20 5 2360006812
42 20 6 2543441391
42 20 7 27540276
42 21 0 1554740857
42 21 1 2321855967
42 21 2 3614675577
42 21 3 1198364382
42 21 4 976778958
42 21 5 2360006812
42 21 6 2543441391
42 21 7 27540276
42 22 0 1554740857
42 22 1 2321855967
42 22 2 3614675577
42 22 3 1198364382
42 22 4 976778958
42 22 5 2360006812
42 22 6 2543441391
42 22 7 27540276
42 23 0 1554740857
42 23 1 2321855967
42 23 2 3614675577
42 23 3 1198364382
42 23 4 976778958
42 23 5 2360006812
42 23 6 2543441391
42 23 7 27540276
42 24 0 1420827654
42 24 1 1713523028
42 24 2 330295174
42 24 3 2837014613
42 24 4 3058600037
42 24 5 1675372183
42 24 6 1491937604
42 24 7 3271770355
42 25 0 1420827654
42 25 1 1713523028
42 25 2 330295174
42 25 3 2837014613
42 25 4 3058600037
42 25 5 1675372183
42 25 6 1491937604
42 25 7 3271770355
42 26 0 1420827654
42 26 1 1713523028
42 26 2 330295174
42 26 3 2837014613
42 26 4 3058600037
42 26 5 1675372183
42 26 6 1491937604
42 26 7 3271770355
42 27 0 1420827654
42 27 1 1713523028
42 27 2 330295174
42 27 3 2837014613
42 27 4 3058600037
42 27 5 1675372183
42 27 6 1491937604
42 27 7 3271770355
42 28 0 1869839334
42 28 1 1137166790
42 28 2 294605734
42 28 3 1549954589
42 28 4 3022910597
42 28 5 3422300805
42 28 6 1456248164
42 28 7 3271770355
42 29 0 1869839334
42 29 1 1137166790
42 29 2 294605734
42 29 3 1549954589
42 29 4 3022910597
42 29 5 3422300805
42 29 6 1456248164
42 29 7 3271770355
42 30 0 1420827654
42 30 1 1713523028
42 30 2 330295174
42 30 3 2837014613
42 30 4 3058600037
42 30 5 1675372183
42 30 6 1491937604
42 30 7 3271770355
42 31 0 1420827654
42 31 1 1713523028
42 31 2 330295174
42 31 3 2837014613
42 31 4 3058600037
42 31 5 1675372183
42 31 6 1491937604
42 31 7 3271770355
42 32 0 3481765029
42 32 1 3673770775
42 32 2 762031333
42 32 3 2550279190
42 32 4 2328693766
42 32 5 3711921620
42 32 6 3895356199
42 32 7 3715305772
42 33 0 3481765029
42 33 1 3673770775
42 33 2 762031333
42 33 3 2550279190
42 33 4 2328693766
42 33 5 3711921620
42 33 6 3895356199
42 33 7 3715305772
42 34 0 3481765029
42 34 1 3673770775
42 34 2 762031333
42 34 3 2550279190
42 34 4 2328693766
42 34 5 3711921620
42 34 6 3895356199
42 34 7 3715305772
42 35 0 3481765029
42 35 1 3673770775
42 35 2 762031333
42 35 3 2550279190
42 35 4 2328693766
42 35 5 3711921620
42 35 6 3895356199
42 35 7 3715305772
42 36 0 3364019536
42 36 1 1746985725
42 36 2 619994608
42 36 3 623494140
42 36 4 2186657041
42 36 5 3756819006
42 36 6 4262311826
42 36 7 2956395150
42 37 0 3364019536
42 37 1 1315783836
42 37 2 1485691920
42 37 3 2439275421
42 37 4 3052354353
42 37 5 1277632991
42 37 6 4262311826
42 37 7 1933493679
42 38 0 3364019536
42 38 1 102823359
42 38 2 1694988592
42 38 3 3274299070
42 38 4 3261651025
42 38 5 140974204
42 38 6 4262311826
42 38 7 2661753036
42 39 0 3364019536
42 39 1 1610425950
42 39 2 58064464
42 39 3 2733917535
42 39 4 1624726897
42 39 5 3895559965
42 39 6 4262311826
42 39 7 3577656045
42 40 0 1554740857
42 40 1 3494528841
42 40 2 3614675577
42 40 3 2321221658
42 40 4 886370714
42 40 5 1209394826
42 40 6 2453033147
42 40 7 2010609804
42 41 0 1554740857
42 41 1 813821432
42 41 2 3614675577
42 41 3 2321221658
42 41 4 886370714
42 41 5 775670587
42 41 6 2453033147
42 41 7 2010609804
42 42 0 1554740857
42 42 1 287929131
42 42 2 3614675577
42 42 3 2321221658
42 42 4 886370714
42 42 5 326079976
42 42 6 2453033147
42 42 7 2010609804
42 43 0 1554740857
42 43 1 2877591514
42 43 2 3614675577
42 43 3 2321221658
42 43 4 886370714
42 43 5 867758233
42 43 6 2453033147
42 43 7 2010609804
42 44 0 1420827654
42 44 1 1713523028
42 44 2 330295174
42 44 3 2837014613
42 44 4 3058600037
42 44 5 1675372183
42 44 6 1491937604
42 44 7 3271770355
42 45 0 1420827654
42 45 1 1713523028
42 45 2 330295174
42 45 3 2837014613
42 45 4 3058600037
42 45 5 1675372183
42 45 6 1491937604
42 45 7 3271770355
42 46 0 1420827654
42 46 1 1713523028
42 46 2 330295174
42 46 3 2837014613
42 46 4 3058600037
42 46 5 1675372183
42 46 6 1491937604
42 46 7 3271770355
42 47 0 1420827654
42 47 1 1713523028
42 47 2 330295174
42 47 3 2837014613
42 47 4 3058600037
42 47 5 1675372183
42 47 6 1491937604
42 47 7 3271770355
43 16 0 1130470273
43 16 1 1807177139
43 16 2 3190404993
43 16 3 683685554
43 16 4 462100130
43 16 5 1845327984
43 16 6 2028762563
43 16 7 2017205202
43 17 0 4246364048
43 17 1 101872226
43 17 2 1041929232
43 17 3 1225363811
43 17 4 1446949235
43 17 5 2387006241
43 17 6 4175254098
43 17 7 402945315
43 18 0 3329891607
43 18 1 2694715013
43 18 2 1754658007
43 18 3 1571223428
43 18 4 1349638004
43 18 5 409580998
43 18 6 2916300437
43 18 7 2600844996
43 19 0 1175415590
43 19 1 14007604
43 19 2 2925747046
43 19 3 1137499189
43 19 4 1359084613
43 19 5 4270824055
43 19 6 4087389476
43 19 7 986585109
43 20 0 1554740857
43 20 1 2321855967
43 20 2 3614675577
43 20 3 1198364382
43 20 4 976778958
43 20 5 2360006812
43 20 6 2543441391
43 20 7 27540276
43 21 0 1554740857
43 21 1 2321855967
43 21 2 3614675577
43 21 3 1198364382
43 21 4 976778958
43 21 5 2360006812
43 21 6 2543441391
43 21 7 27540276
43 22 0 1554740857
43 22 1 2321855967
43 22 2 3614675577
43 22 3 1198364382
43 22 4 976778958
43 22 5 2360006812
43 22 6 2543441391
43 22 7 27540276
43 23 0 1554740857
43 23 1 2321855967
43 23 2 3614675577
43 23 3 1198364382
43 23 4 976778958
43 23 5 2360006812
43 23 6 2543441391
43 23 7 27540276
43 24 0 1420827654
43 24 1 1713523028
43 24 2 330295174
43 24 3 2837014613
43 24 4 3058600037
43 24 5 1675372183
43 24 6 1491937604
43 24 7 3271770355
43 25 0 1420827654
43 25 1 1713523028
43 25 2 330295174
43 25 3 2837014613
43 25 4 3058600037
43 25 5 1675372183
43 25 6 1491937604
43 25 7 3271770355
43 26 0 1420827654
43 26 1 1713523028
43 26 2 330295174
43 26 3 2837014613
43 26 4 3058600037
43 26 5 1675372183
43 26 6 1491937604
43 26 7 3271770355
43 27 0 1420827654
43 27 1 1713523028
43 27 2 330295174
43 27 3 2837014613
43 27 4 3058600037
43 27 5 1675372183
43 27 6 1491937604
43 27 7 3271770355
43 28 0 2061296941
43 28 1 1557409222
43 28 2 3636530541
43 28 3 3555421798
43 28 4 908225678
43 28 5 3842543237
43 28 6 2474888111
43 28 7 3271770355
43 29 0 2061296941
43 29 1 1557409222
43 29 2 3636530541
43 29 3 3555421798
43 29 4 908225678
43 29 5 3842543237
43 29 6 2474888111
43 29 7 3271770355
43 30 0 1420827654
43 30 1 1713523028
43 30 2 330295174
43 30 3 2837014613
43 30 4 3058600037
43 30 5 1675372183
43 30 6 1491937604
43 30 7 3271770355
43 31 0 1420827654
43 31 1 1713523028
43 31 2 330295174
43 31 3 2837014613
43 31 4 3058600037
43 31 5 1675372183
43 31 6 1491937604
43 31 7 3271770355
43 32 0 3481765029
43 32 1 3673770775
43 32 2 762031333
43 32 3 2550279190
43 32 4 2328693766
43 32 5 3711921620
43 32 6 3895356199
43 32 7 3715305772
43 33 0 3481765029
43 33 1 3673770775
43 33 2 762031333
43 33 3 2550279190
43 33 4 2328693766
43 33 5 3711921620
43 33 6 3895356199
43 33 7 3715305772
43 34 0 3481765029
43 34 1 3673770775
43 34 2 762031333
43 34 3 2550279190
43 34 4 2328693766
43 34 5 3711921620
43 34 6 3895356199
43 34 7 3715305772
43 35 0 3481765029
43 35 1 3673770775
43 35 2 762031333
43 35 3 2550279190
43 35 4 2328693766
43 35 5 3711921620
43 35 6 3895356199
43 35 7 3715305772
43 36 0 3364019536
43 36 1 1746985725
43 36 2 619994608
43 36 3 623494140
43 36 4 2186657041
43 36 5 3756819006
43 36 6 4262311826
43 36 7 2956395150
43 37 0 3364019536
43 37 1 1315783836
43 37 2 1485691920
43 37 3 2439275421
43 37 4 3052354353
43 37 5 1277632991
43 37 6 4262311826
43 37 7 1933493679
43 38 0 3364019536
43 38 1 102823359
43 38 2 1694988592
43 38 3 3274299070
43 38 4 3261651025
43 38 5 140974204
43 38 6 4262311826
43 38 7 2661753036
43 39 0 3364019536
43 39 1 1610425950
43 39 2 58064464
43 39 3 2733917535
43 39 4 1624726897
43 39 5 3895559965
43 39 6 4262311826
43 39 7 3577656045
43 40 0 1554740857
43 40 1 3494528841
43 40 2 3614675577
43 40 3 2321221658
43 40 4 886370714
43 40 5 1209394826
43 40 6 2453033147
43 40 7 2010609804
43 41 0 1554740857
43 41 1 813821432
43 41 2 3614675577
43 41 3 2321221658
43 41 4 886370714
43 41 5 775670587
43 41 6 2453033147
43 41 7 2010609804
43 42 0 1554740857
43 42 1 287929131
43 42 2 3614675577
43 42 3 2321221658
43 42 4 886370714
43 42 5 326079976
43 42 6 2453033147
43 42 7 2010609804
43 43 0 1554740857
43 43 1 2877591514
43 43 2 3614675577
43 43 3 2321221658
43 43 4 886370714
43 43 5 867758233
43 43 6 2453033147
43 43 7 2010609804
43 44 0 1420827654
43 44 1 1713523028
43 44 2 330295174
43 44 3 2837014613
43 44 4 3058600037
43 44 5 1675372183
43 44 6 1491937604
43 44 7 3271770355
43 45 0 1420827654
43 45 1 1713523028
43 45 2 330295174
43 45 3 2837014613
43 45 4 3058600037
43 45 5 1675372183
43 45 6 1491937604
43 45 7 3271770355
43 46 0 1420827654
43 46 1 1713523028
43 46 2 330295174
43 46 3 2837014613
43 46 4 3058600037
43 46 5 1675372183
43 46 6 1491937604
43 46 7 3271770355
43 47 0 1420827654
43 47 1 1713523028
43 47 2 330295174
43 47 3 2837014613
43 47 4 3058600037
43 47 5 1675372183
43 47 6 1491937604
43 47 7 3271770355
44 16 0 3647682759
44 16 1 3497207285
44 16 2 2557150279
44 16 3 2373715700
44 16 4 2152130276
44 16 5 1212073270
44 16 6 3718792709
44 16 7 2017205202
44 17 0 1493206742
44 17 1 816499876
44 17 2 3728239318
44 17 3 1939991461
44 17 4 2161576885
44 17 5 778349031
44 17 6 594914452
44 17 7 402945315
44 18 0 1690279185
44 18 1 2851687171
44 18 2 4234915025
44 18 3 1728195586
44 18 4 1506610162
44 18 5 2889838016
44 18 6 3073272595
44 18 7 2600844996
44 19 0 3830770464
44 19 1 170979762
44 19 2 1111036768
44 19 3 1294471347
44 19 4 1516056771
44 19 5 2456113777
44 19 6 4244361634
44 19 7 986585109
44 20 0 775844043
44 20 1 402151297
44 20 2 3010876619
44 20 3 3573627008
44 20 4 3352041584
44 20 5 2411984578
44 20 6 623736721
44 20 7 27540276
44 21 0 775844043
44 21 1 402151297
44 21 2 3010876619
44 21 3 3573627008
44 21 4 3352041584
44 21 5 2411984578
44 21 6 623736721
44 21 7 27540276
44 22 0 775844043
44 22 1 402151297
44 22 2 3010876619
44 22 3 3573627008
44 22 4 3352041584
44 22 5 2411984578
44 22 6 623736721
44 22 7 27540276
44 23 0 775844043
44 23 1 402151297
44 23 2 3010876619
44 23 3 3573627008
44 23 4 3352041584
44 23 5 2411984578
44 23 6 623736721
44 23 7 27540276
44 24 0 1962868308
44 24 1 2113343782
44 24 2 3053400788
44 24 3 3236835367
44 24 4 3458420791
44 24 5 103510501
44 24 6 1891758358
44 24 7 3271770355
44 25 0 1962868308
44 25 1 2113343782
44 25 2 3053400788
44 25 3 3236835367
44 25 4 3458420791
44 25 5 103510501
44 25 6 1891758358
44 25 7 3271770355
44 26 0 1962868308
44 26 1 2113343782
44 26 2 3053400788
44 26 3 3236835367
44 26 4 3458420791
44 26 5 103510501
44 26 6 1891758358
44 26 7 3271770355
44 27 0 1962868308
44 27 1 2113343782
44 27 2 3053400788
44 27 3 3236835367
44 27 4 3458420791
44 27 5 103510501
44 27 6 1891758358
44 27 7 3271770355
44 28 0 1962868308
44 28 1 2113343782
44 28 2 3053400788
44 28 3 3236835367
44 28 4 3458420791
44 28 5 103510501
44 28 6 1891758358
44 28 7 3271770355
44 29 0 1962868308
44 29 1 2113343782
44 29 2 3053400788
44 29 3 3236835367
44 29 4 3458420791
44 29 5 103510501
44 29 6 1891758358
44 29 7 3271770355
44 30 0 1962868308
44 30 1 2113343782
44 30 2 3053400788
44 30 3 3236835367
44 30 4 3458420791
44 30 5 103510501
44 30 6 1891758358
44 30 7 3271770355
44 31 0 1962868308
44 31 1 2113343782
44 31 2 3053400788
44 31 3 3236835367
44 31 4 3458420791
44 31 5 103510501
44 31 6 1891758358
44 31 7 3271770355
44 32 0 1264015499
44 32 1 1113540025
44 32 2 173483019
44 32 3 4285015736
44 32 4 4063430312
44 32 5 3123373306
44 32 6 1335125449
44 32 7 3715305772
44 33 0 1264015499
44 33 1 1113540025
44 33 2 173483019
44 33 3 4285015736
44 33 4 4063430312
44 33 5 3123373306
44 33 6 1335125449
44 33 7 3715305772
44 34 0 1264015499
44 34 1 1113540025
44 34 2 173483019
44 34 3 4285015736
44 34 4 4063430312
44 34 5 3123373306
44 34 6 1335125449
44 34 7 3715305772
44 35 0 1264015499
44 35 1 1113540025
44 35 2 173483019
44 35 3 4285015736
44 35 4 4063430312
44 35 5 3123373306
44 35 6 1335125449
44 35 7 3715305772
44 36 0 2362686850
44 36 1 2780378923
44 36 2 173111606
44 36 3 1656887338
44 36 4 1739774039
44 36 5 2818529768
44 36 6 1464394560
44 36 7 2956395150
44 37 0 2362686850
44 37 1 3803280394
44 37 2 3394971734
44 37 3 631804683
44 37 4 666666871
44 37 5 1793447113
44 37 6 1464394560
44 37 7 1933493679
44 38 0 2362686850
44 38 1 2485736809
44 38 2 3956901878
44 38 3 1362245224
44 38 4 1228597015
44 38 5 200602794
44 38 6 1464394560
44 38 7 2661753036
44 39 0 2362686850
44 39 1 3508638280
44 39 2 2883794710
44 39 3 337162569
44 39 4 155489847
44 39 5 3470487435
44 39 6 1464394560
44 39 7 3577656045
44 40 0 775844043
44 40 1 128763739
44 40 2 3010876619
44 40 3 542780744
44 40 4 2605856616
44 40 5 166914584
44 40 6 4172519049
44 40 7 2010609804
44 41 0 775844043
44 41 1 3681828106
44 41 2 3010876619
44 41 3 542780744
44 41 4 2605856616
44 41 5 1671994825
44 41 6 4172519049
44 41 7 2010609804
44 42 0 775844043
44 42 1 114779001
44 42 2 3010876619
44 42 3 542780744
44 42 4 2605856616
44 42 5 2124612282
44 42 6 4172519049
44 42 7 2010609804
44 43 0 775844043
44 43 1 3651217704
44 43 2 3010876619
44 43 3 542780744
44 43 4 2605856616
44 43 5 3613066859
44 43 6 4172519049
44 43 7 2010609804
44 44 0 1962868308
44 44 1 2113343782
44 44 2 3053400788
44 44 3 3236835367
44 44 4 3458420791
44 44 5 103510501
44 44 6 1891758358
44 44 7 3271770355
44 45 0 1962868308
44 45 1 2113343782
44 45 2 3053400788
44 45 3 3236835367
44 45 4 3458420791
44 45 5 103510501
44 45 6 1891758358
44 45 7 3271770355
44 46 0 1962868308
44 46 1 2113343782
44 46 2 3053400788
44 46 3 3236835367
44 46 4 3458420791
44 46 5 103510501
44 46 6 1891758358
44 46 7 3271770355
44 47 0 1962868308
44 47 1 2113343782
44 47 2 3053400788
44 47 3 3236835367
44 47 4 3458420791
44 47 5 103510501
44 47 6 1891758358
44 47 7 3271770355
45 16 0 3647682759
45 16 1 3497207285
45 16 2 2557150279
45 16 3 2373715700
45 16 4 2152130276
45 16 5 1212073270
45 16 6 3718792709
45 16 7 2017205202
45 17 0 1493206742
45 17 1 816499876
45 17 2 3728239318
45 17 3 1939991461
45 17 4 2161576885
45 17 5 778349031
45 17 6 594914452
45 17 7 402945315
45 18 0 1690279185
45 18 1 2851687171
45 18 2 4234915025
45 18 3 1728195586
45 18 4 1506610162
45 18 5 2889838016
45 18 6 3073272595
45 18 7 2600844996
45 19 0 3830770464
45 19 1 170979762
45 19 2 1111036768
45 19 3 1294471347
45 19 4 1516056771
45 19 5 2456113777
45 19 6 4244361634
45 19 7 986585109
45 20 0 775844043
45 20 1 402151297
45 20 2 3010876619
45 20 3 3573627008
45 20 4 3352041584
45 20 5 2411984578
45 20 6 623736721
45 20 7 27540276
45 21 0 775844043
45 21 1 402151297
45 21 2 3010876619
45 21 3 3573627008
45 21 4 3352041584
45 21 5 2411984578
45 21 6 623736721
45 21 7 27540276
45 22 0 775844043
45 22 1 402151297
45 22 2 3010876619
45 22 3 3573627008
45 22 4 3352041584
45 22 5 2411984578
45 22 6 623736721
45 22 7 27540276
45 23 0 775844043
45 23 1 402151297
45 23 2 3010876619
45 23 3 3573627008
45 23 4 3352041584
45 23 5 2411984578
45 23 6 623736721
45 23 7 27540276
45 24 0 1962868308
45 24 1 2113343782
45 24 2 3053400788
45 24 3 3236835367
45 24 4 3458420791
45 24 5 103510501
45 24 6 1891758358
45 24 7 3271770355
45 25 0 1962868308
45 25 1 2113343782
45 25 2 3053400788
45 25 3 3236835367
45 25 4 3458420791
45 25 5 103510501
45 25 6 1891758358
45 25 7 3271770355
45 26 0 1962868308
45 26 1 2113343782
45 26 2 3053400788
45 26 3 3236835367
45 26 4 3458420791
45 26 5 103510501
45 26 6 1891758358
45 26 7 3271770355
45 27 0 1962868308
45 27 1 2113343782
45 27 2 3053400788
45 27 3 3236835367
45 27 4 3458420791
45 27 5 103510501
45 27 6 1891758358
45 27 7 3271770355
45 28 0 1962868308
45 28 1 2113343782
45 28 2 3053400788
45 28 3 3236835367
45 28 4 3458420791
45 28 5 103510501
45 28 6 1891758358
45 28 7 3271770355
45 29 0 1962868308
45 29 1 2113343782
45 29 2 3053400788
45 29 3 3236835367
45 29 4 3458420791
45 29 5 103510501
45 29 6 1891758358
45 29 7 3271770355
45 30 0 1962868308
45 30 1 2113343782
45 30 2 3053400788
45 30 3 3236835367
45 30 4 3458420791
45 30 5 103510501
45 30 6 1891758358
45 30 7 3271770355
45 31 0 1962868308
45 31 1 2113343782
45 31 2 3053400788
45 31 3 3236835367
45 31 4 3458420791
45 31 5 103510501
45 31 6 1891758358
45 31 7 3271770355
45 32 0 1264015499
45 32 1 1113540025
45 32 2 173483019
45 32 3 4285015736
45 32 4 4063430312
45 32 5 3123373306
45 32 6 1335125449
45 32 7 3715305772
45 33 0 1264015499
45 33 1 1113540025
45 33 2 173483019
45 33 3 4285015736
45 33 4 4063430312
45 33 5 3123373306
45 33 6 1335125449
45 33 7 3715305772
45 34 0 1264015499
45 34 1 1113540025
45 34 2 173483019
45 34 3 4285015736
45 34 4 4063430312
45 34 5 3123373306
45 34 6 1335125449
45 34 7 3715305772
45 35 0 1264015499
45 35 1 1113540025
45 35 2 173483019
45 35 3 4285015736
45 35 4 4063430312
45 35 5 3123373306
45 35 6 1335125449
45 35 7 3715305772
45 36 0 2362686850
45 36 1 2780378923
45 36 2 173111606
45 36 3 1656887338
45 36 4 1739774039
45 36 5 2818529768
45 36 6 1464394560
45 36 7 2956395150
45 37 0 2362686850
45 37 1 3803280394
45 37 2 3394971734
45 37 3 631804683
45 37 4 666666871
45 37 5 1793447113
45 37 6 1464394560
45 37 7 1933493679
45 38 0 2362686850
45 38 1 2485736809
45 38 2 3956901878
45 38 3 1362245224
45 38 4 1228597015
45 38 5 200602794
45 38 6 1464394560
45 38 7 2661753036
45 39 0 2362686850
45 39 1 3508638280
45 39 2 2883794710
45 39 3 337162569
45 39 4 155489847
45 39 5 3470487435
45 39 6 1464394560
45 39 7 3577656045
45 40 0 775844043
45 40 1 128763739
45 40 2 3010876619
45 40 3 542780744
45 40 4 2605856616
45 40 5 166914584
45 40 6 4172519049
45 40 7 2010609804
45 41 0 775844043
45 41 1 3681828106
45 41 2 3010876619
45 41 3 542780744
45 41 4 2605856616
45 41 5 1671994825
45 41 6 4172519049
45 41 7 2010609804
45 42 0 775844043
45 42 1 114779001
45 42 2 3010876619
45 42 3 542780744
45 42 4 2605856616
45 42 5 2124612282
45 42 6 4172519049
45 42 7 2010609804
45 43 0 775844043
45 43 1 3651217704
45 43 2 3010876619
45 43 3 542780744
45 43 4 2605856616
45 43 5 3613066859
45 43 6 4172519049
45 43 7 2010609804
45 44 0 1962868308
45 44 1 2113343782
45 44 2 3053400788
45 44 3 3236835367
45 44 4 3458420791
45 44 5 103510501
45 44 6 1891758358
45 44 7 3271770355
45 45 0 1962868308
45 45 1 2113343782
45 45 2 3053400788
45 45 3 3236835367
45 45 4 3458420791
45 45 5 103510501
45 45 6 1891758358
45 45 7 3271770355
45 46 0 1962868308
45 46 1 2113343782
45 46 2 3053400788
45 46 3 3236835367
45 46 4 3458420791
45 46 5 103510501
45 46 6 1891758358
45 46 7 3271770355
45 47 0 1962868308
45 47 1 2113343782
45 47 2 3053400788
45 47 3 3236835367
45 47 4 3458420791
45 47 5 103510501
45 47 6 1891758358
45 47 7 3271770355
46 16 0 3647682759
46 16 1 3497207285
46 16 2 2557150279
46 16 3 2373715700
46 16 4 2152130276
46 16 5 1212073270
46 16 6 3718792709
46 16 7 2017205202
46 17 0 1493206742
46 17 1 816499876
46 17 2 3728239318
46 17 3 1939991461
46 17 4 2161576885
46 17 5 778349031
46 17 6 594914452
46 17 7 402945315
46 18 0 1690279185
46 18 1 2851687171
46 18 2 4234915025
46 18 3 1728195586
46 18 4 1506610162
46 18 5 2889838016
46 18 6 3073272595
46 18 7 2600844996
46 19 0 3830770464
46 19 1 170979762
46 19 2 1111036768
46 19 3 1294471347
46 19 4 1516056771
46 19 5 2456113777
46 19 6 4244361634
46 19 7 986585109
46 20 0 775844043
46 20 1 402151297
46 20 2 3010876619
46 20 3 3573627008
46 20 4 3352041584
46 20 5 2411984578
46 20 6 623736721
46 20 7 27540276
46 21 0 775844043
46 21 1 402151297
46 21 2 3010876619
46 21 3 3573627008
46 21 4 3352041584
46 21 5 2411984578
46 21 6 623736721
46 21 7 27540276
46 22 0 775844043
46 22 1 402151297
46 22 2 3010876619
46 22 3 3573627008
46 22 4 3352041584
46 22 5 2411984578
46 22 6 623736721
46 22 7 27540276
46 23 0 775844043
46 23 1 402151297
46 23 2 3010876619
46 23 3 3573627008
46 23 4 3352041584
46 23 5 2411984578
46 23 6 623736721
46 23 7 27540276
46 24 0 1962868308
46 24 1 2113343782
46 24 2 3053400788
46 24 3 3236835367
46 24 4 3458420791
46 24 5 103510501
46 24 6 1891758358
46 24 7 3271770355
46 25 0 1962868308
46 25 1 2113343782
46 25 2 3053400788
46 25 3 3236835367
46 25 4 3458420791
46 25 5 103510501
46 25 6 1891758358
46 25 7 3271770355
46 26 0 1962868308
46 26 1 2113343782
46 26 2 3053400788
46 26 3 3236835367
46 26 4 3458420791
46 26 5 103510501
46 26 6 1891758358
46 26 7 3271770355
46 27 0 1962868308
46 27 1 2113343782
46 27 2 3053400788
46 27 3 3236835367
46 27 4 3458420791
46 27 5 103510501
46 27 6 1891758358
46 27 7 3271770355
46 28 0 1962868308
46 28 1 2113343782
46 28 2 3053400788
46 28 3 3236835367
46 28 4 3458420791
46 28 5 103510501
46 28 6 1891758358
46 28 7 3271770355
46 29 0 1962868308
46 29 1 2113343782
46 29 2 3053400788
46 29 3 3236835367
46 29 4 3458420791
46 29 5 103510501
46 29 6 1891758358
46 29 7 3271770355
46 30 0 1962868308
46 30 1 2113343782
46 30 2 3053400788
46 30 3 3236835367
46 30 4 3458420791
46 30 5 103510501
46 30 6 1891758358
46 30 7 3271770355
46 31 0 1962868308
46 31 1 2113343782
46 31 2 3053400788
46 31 3 3236835367
46 31 4 3458420791
46 31 5 103510501
46 31 6 1891758358
46 31 7 3271770355
46 32 0 1264015499
46 32 1 1113540025
46 32 2 173483019
46 32 3 4285015736
46 32 4 4063430312
46 32 5 3123373306
46 32 6 1335125449
46 32 7 3715305772
46 33 0 1264015499
46 33 1 1113540025
46 33 2 173483019
46 33 3 4285015736
46 33 4 4063430312
46 33 5 3123373306
46 33 6 1335125449
46 33 7 3715305772
46 34 0 1264015499
46 34 1 1113540025
46 34 2 173483019
46 34 3 4285015736
46 34 4 4063430312
46 34 5 3123373306
46 34 6 1335125449
46 34 7 3715305772
46 35 0 1264015499
46 35 1 1113540025
46 35 2 173483019
46 35 3 4285015736
46 35 4 4063430312
46 35 5 3123373306
46 35 6 1335125449
46 35 7 3715305772
46 36 0 2362686850
46 36 1 2780378923
46 36 2 173111606
46 36 3 1656887338
46 36 4 1739774039
46 36 5 2818529768
46 36 6 1464394560
46 36 7 2956395150
46 37 0 2362686850
46 37 1 3803280394
46 37 2 3394971734
46 37 3 631804683
46 37 4 666666871
46 37 5 1793447113
46 37 6 1464394560
46 37 7 1933493679
46 38 0 2362686850
46 38 1 2485736809
46 38 2 3956901878
46 38 3 1362245224
46 38 4 1228597015
46 38 5 200602794
46 38 6 1464394560
46 38 7 2661753036
46 39 0 2362686850
46 39 1 3508638280
46 39 2 2883794710
46 39 3 337162569
46 39 4 155489847
46 39 5 3470487435
46 39 6 1464394560
46 39 7 3577656045
46 40 0 775844043
46 40 1 128763739
46 40 2 3010876619
46 40 3 542780744
46 40 4 2605856616
46 40 5 166914584
46 40 6 4172519049
46 40 7 2010609804
46 41 0 775844043
46 41 1 3681828106
46 41 2 3010876619
46 41 3 542780744
46 41 4 2605856616
46 41 5 1671994825
46 41 6 4172519049
46 41 7 2010609804
46 42 0 775844043
46 42 1 114779001
46 42 2 3010876619
46 42 3 542780744
46 42 4 2605856616
46 42 5 2124612282
46 42 6 4172519049
46 42 7 2010609804
46 43 0 775844043
46 43 1 3651217704
46 43 2 3010876619
46 43 3 542780744
46 43 4 2605856616
46 43 5 3613066859
46 43 6 4172519049
46 43 7 2010609804
46 44 0 1962868308
46 44 1 2113343782
46 44 2 3053400788
46 44 3 3236835367
46 44 4 3458420791
46 44 5 103510501
46 44 6 1891758358
46 44 7 3271770355
46 45 0 1962868308
46 45 1 2113343782
46 45 2 3053400788
46 45 3 3236835367
46 45 4 3458420791
46 45 5 103510501
46 45 6 1891758358
46 45 7 3271770355
46 46 0 1962868308
46 46 1 2113343782
46 46 2 3053400788
46 46 3 3236835367
46 46 4 3458420791
46 46 5 103510501
46 46 6 1891758358
46 46 7 3271770355
46 47 0 1962868308
46 47 1 2113343782
46 47 2 3053400788
46 47 3 3236835367
46 47 4 3458420791
46 47 5 103510501
46 47 6 1891758358
46 47 7 3271770355
47 16 0 3647682759
47 16 1 3497207285
47 16 2 2557150279
47 16 3 2373715700
47 16 4 2152130276
47 16 5 1212073270
47 16 6 3718792709
47 16 7 2017205202
47 17 0 1493206742
47 17 1 816499876
47 17 2 3728239318
47 17 3 1939991461
47 17 4 2161576885
47 17 5 778349031
47 17 6 594914452
47 17 7 402945315
47 18 0 1690279185
47 18 1 2851687171
47 18 2 4234915025
47 18 3 1728195586
47 18 4 1506610162
47 18 5 2889838016
47 18 6 3073272595
47 18 7 2600844996
47 19 0 3830770464
47 19 1 170979762
47 19 2 1111036768
47 19 3 1294471347
47 19 4 1516056771
47 19 5 2456113777
47 19 6 4244361634
47 19 7 986585109
47 20 0 775844043
47 20 1 402151297
47 20 2 3010876619
47 20 3 3573627008
47 20 4 3352041584
47 20 5 2411984578
47 20 6 623736721
47 20 7 27540276
47 21 0 775844043
47 21 1 402151297
47 21 2 3010876619
47 21 3 3573627008
47 21 4 3352041584
47 21 5 2411984578
47 21 6 623736721
47 21 7 27540276
47 22 0 775844043
47 22 1 402151297
47 22 2 3010876619
47 22 3 3573627008
47 22 4 3352041584
47 22 5 2411984578
47 22 6 623736721
47 22 7 27540276
47 23 0 775844043
47 23 1 402151297
47 23 2 3010876619
47 23 3 3573627008
47 23 4 3352041584
47 23 5 2411984578
47 23 6 623736721
47 23 7 27540276
47 24 0 1962868308
47 24 1 2113343782
47 24 2 3053400788
47 24 3 3236835367
47 24 4 3458420791
47 24 5 103510501
47 24 6 1891758358
47 24 7 3271770355
47 25 0 1962868308
47 25 1 2113343782
47 25 2 3053400788
47 25 3 3236835367
47 25 4 3458420791
47 25 5 103510501
47 25 6 1891758358
47 25 7 3271770355
47 26 0 1962868308
47 26 1 2113343782
47 26 2 3053400788
47 26 3 3236835367
47 26 4 3458420791
47 26 5 103510501
47 26 6 1891758358
47 26 7 3271770355
47 27 0 1962868308
47 27 1 2113343782
47 27 2 3053400788
47 27 3 3236835367
47 27 4 3458420791
47 27 5 103510501
47 27 6 1891758358
47 27 7 3271770355
47 28 0 1962868308
47 28 1 2113343782
47 28 2 3053400788
47 28 3 3236835367
47 28 4 3458420791
47 28 5 103510501
47 28 6 1891758358
47 28 7 3271770355
47 29 0 1962868308
47 29 1 2113343782
47 29 2 3053400788
47 29 3 3236835367
47 29 4 3458420791
47 29 5 103510501
47 29 6 1891758358
47 29 7 3271770355
47 30 0 1962868308
47 30 1 2113343782
47 30 2 3053400788
47 30 3 3236835367
47 30 4 3458420791
47 30 5 103510501
47 30 6 1891758358
47 30 7 3271770355
47 31 0 1962868308
47 31 1 2113343782
47 31 2 3053400788
47 31 3 3236835367
47 31 4 3458420791
47 31 5 103510501
47 31 6 1891758358
47 31 7 3271770355
47 32 0 1264015499
47 32 1 1113540025
47 32 2 173483019
47 32 3 4285015736
47 32 4 4063430312
47 32 5 3123373306
47 32 6 1335125449
47 32 7 3715305772
47 33 0 1264015499
47 33 1 1113540025
47 33 2 173483019
47 33 3 4285015736
47 33 4 4063430312
47 33 5 3123373306
47 33 6 1335125449
47 33 7 3715305772
47 34 0 1264015499
47 34 1 1113540025
47 34 2 173483019
47 34 3 4285015736
47 34 4 4063430312
47 34 5 3123373306
47 34 6 1335125449
47 34 7 3715305772
47 35 0 1264015499
47 35 1 1113540025
47 35 2 173483019
47 35 3 4285015736
47 35 4 4063430312
47 35 5 3123373306
47 35 6 1335125449
47 35 7 3715305772
47 36 0 2362686850
47 36 1 2780378923
47 36 2 173111606
47 36 3 1656887338
47 36 4 1739774039
47 36 5 2818529768
47 36 6 1464394560
47 36 7 2956395150
47 37 0 2362686850
47 37 1 3803280394
47 37 2 3394971734
47 37 3 631804683
47 37 4 666666871
47 37 5 1793447113
47 37 6 1464394560
47 37 7 1933493679
47 38 0 2362686850
47 38 1 2485736809
47 38 2 3956901878
47 38 3 1362245224
47 38 4 1228597015
47 38 5 200602794
47 38 6 1464394560
47 38 7 2661753036
47 39 0 2362686850
47 39 1 3508638280
47 39 2 2883794710
47 39 3 337162569
47 39 4 155489847
47 39 5 3470487435
47 39 6 1464394560
47 39 7 3577656045
47 40 0 775844043
47 40 1 128763739
47 40 2 3010876619
47 40 3 542780744
47 40 4 2605856616
47 40 5 166914584
47 40 6 4172519049
47 40 7 2010609804
47 41 0 775844043
47 41 1 3681828106
47 41 2 3010876619
47 41 3 542780744
47 41 4 2605856616
47 41 5 1671994825
47 41 6 4172519049
47 41 7 2010609804
47 42 0 775844043
47 42 1 114779001
47 42 2 3010876619
47 42 3 542780744
47 42 4 2605856616
47 42 5 2124612282
47 42 6 4172519049
47 42 7 2010609804
47 43 0 775844043
47 43 1 3651217704
47 43 2 3010876619
47 43 3 542780744
47 43 4 2605856616
47 43 5 3613066859
47 43 6 4172519049
47 43 7 2010609804
47 44 0 1962868308
47 44 1 2113343782
47 44 2 3053400788
47 44 3 3236835367
47 44 4 3458420791
47 44 5 103510501
47 44 6 1891758358
47 44 7 3271770355
47 45 0 1962868308
47 45 1 2113343782
47 45 2 3053400788
47 45 3 3236835367
47 45 4 3458420791
47 45 5 103510501
47 45 6 1891758358
47 45 7 3271770355
47 46 0 1962868308
47 46 1 2113343782
47 46 2 3053400788
47 46 3 3236835367
47 46 4 3458420791
47 46 5 103510501
47 46 6 1891758358
47 46 7 3271770355
47 47 0 1962868308
47 47 1 2113343782
47 47 2 3053400788
47 47 3 3236835367
47 47 4 3458420791
47 47 5 103510501
47 47 6 1891758358
47 47 7 3271770355
48 16 0 3647682759
48 16 1 3497207285
48 16 2 2557150279
48 16 3 2373715700
48 16 4 2152130276
48 16 5 1212073270
48 16 6 3718792709
48 16 7 2017205202
48 17 0 1493206742
48 17 1 816499876
48 17 2 3728239318
48 17 3 1939991461
48 17 4 2161576885
48 17 5 778349031
48 17 6 594914452
48 17 7 402945315
48 18 0 1690279185
48 18 1 2851687171
48 18 2 4234915025
48 18 3 1728195586
48 18 4 1506610162
48 18 5 2889838016
48 18 6 3073272595
48 18 7 2600844996
48 19 0 3830770464
48 19 1 170979762
48 19 2 1111036768
48 19 3 1294471347
48 19 4 1516056771
48 19 5 2456113777
48 19 6 4244361634
48 19 7 986585109
48 20 0 775844043
48 20 1 402151297
48 20 2 3010876619
48 20 3 3573627008
48 20 4 3352041584
48 20 5 2411984578
48 20 6 623736721
48 20 7 27540276
48 21 0 775844043
48 21 1 402151297
48 21 2 3010876619
48 21 3 3573627008
48 21 4 3352041584
48 21 5 2411984578
48 21 6 623736721
48 21 7 27540276
48 22 0 775844043
48 22 1 402151297
48 22 2 3010876619
48 22 3 3573627008
48 22 4 3352041584
48 22 5 2411984578
48 22 6 623736721
48 22 7 27540276
48 23 0 775844043
48 23 1 402151297
48 23 2 3010876619
48 23 3 3573627008
48 23 4 3352041584
48 23 5 2411984578
48 23 6 623736721
48 23 7 27540276
48 24 0 1962868308
48 24 1 2113343782
48 24 2 3053400788
48 24 3 3236835367
48 24 4 3458420791
48 24 5 103510501
48 24 6 1891758358
48 24 7 3271770355
48 25 0 1962868308
48 25 1 2113343782
48 25 2 3053400788
48 25 3 3236835367
48 25 4 3458420791
48 25 5 103510501
48 25 6 1891758358
48 25 7 3271770355
48 26 0 1962868308
48 26 1 2113343782
48 26 2 3053400788
48 26 3 3236835367
48 26 4 3458420791
48 26 5 103510501
48 26 6 1891758358
48 26 7 3271770355
48 27 0 1962868308
48 27 1 2113343782
48 27 2 3053400788
48 27 3 3236835367
48 27 4 3458420791
48 27 5 103510501
48 27 6 1891758358
48 27 7 3271770355
48 28 0 1962868308
48 28 1 2113343782
48 28 2 3053400788
48 28 3 3236835367
48 28 4 3458420791
48 28 5 103510501
48 28 6 1891758358
48 28 7 3271770355
48 29 0 1962868308
48 29 1 2113343782
48 29 2 3053400788
48 29 3 3236835367
48 29 4 3458420791
48 29 5 103510501
48 29 6 1891758358
48 29 7 3271770355
48 30 0 1962868308
48 30 1 2113343782
48 30 2 3053400788
48 30 3 3236835367
48 30 4 3458420791
48 30 5 103510501
48 30 6 1891758358
48 30 7 3271770355
48 31 0 1962868308
48 31 1 2113343782
48 31 2 3053400788
48 31 3 3236835367
48 31 4 3458420791
48 31 5 103510501
48 31 6 1891758358
48 31 7 3271770355
48 32 0 1264015499
48 32 1 1113540025
48 32 2 173483019
48 32 3 4285015736
48 32 4 4063430312
48 32 5 3123373306
48 32 6 1335125449
48 32 7 3715305772
48 33 0 1264015499
48 33 1 1113540025
48 33 2 173483019
48 33 3 4285015736
48 33 4 4063430312
48 33 5 3123373306
48 33 6 1335125449
48 33 7 3715305772
48 34 0 1264015499
48 34 1 1113540025
48 34 2 173483019
48 34 3 4285015736
48 34 4 4063430312
48 34 5 3123373306
48 34 6 1335125449
48 34 7 3715305772
48 35 0 1264015499
48 35 1 1113540025
48 35 2 173483019
48 35 3 4285015736
48 35 4 4063430312
48 35 5 3123373306
48 35 6 1335125449
48 35 7 3715305772
48 36 0 2362686850
48 36 1 2780378923
48 36 2 173111606
48 36 3 1656887338
48 36 4 1739774039
48 36 5 2818529768
48 36 6 1464394560
48 36 7 2956395150
48 37 0 2362686850
48 37 1 3803280394
48 37 2 3394971734
48 37 3 631804683
48 37 4 666666871
48 37 5 1793447113
48 37 6 1464394560
48 37 7 1933493679
48 38 0 2362686850
48 38 1 2485736809
48 38 2 3956901878
48 38 3 1362245224
48 38 4 1228597015
48 38 5 200602794
48 38 6 1464394560
48 38 7 2661753036
48 39 0 2362686850
48 39 1 3508638280
48 39 2 2883794710
48 39 3 337162569
48 39 4 155489847
48 39 5 3470487435
48 39 6 1464394560
48 39 7 3577656045
48 40 0 775844043
48 40 1 128763739
48 40 2 3010876619
48 40 3 542780744
48 40 4 2605856616
48 40 5 166914584
48 40 6 4172519049
48 40 7 2010609804
48 41 0 775844043
48 41 1 3681828106
48 41 2 3010876619
48 41 3 542780744
48 41 4 2605856616
48 41 5 1671994825
48 41 6 4172519049
48 41 7 2010609804
48 42 0 775844043
48 42 1 114779001
48 42 2 3010876619
48 42 3 542780744
48 42 4 2605856616
48 42 5 2124612282
48 42 6 4172519049
48 42 7 2010609804
48 43 0 775844043
48 43 1 3651217704
48 43 2 3010876619
48 43 3 542780744
48 43 4 2605856616
48 43 5 3613066859
48 43 6 4172519049
48 43 7 2010609804
48 44 0 1962868308
48 44 1 2113343782
48 44 2 3053400788
48 44 3 3236835367
48 44 4 3458420791
48 44 5 103510501
48 44 6 1891758358
48 44 7 3271770355
48 45 0 1962868308
48 45 1 2113343782
48 45 2 3053400788
48 45 3 3236835367
48 45 4 3458420791
48 45 5 103510501
48 45 6 1891758358
48 45 7 3271770355
48 46 0 1962868308
48 46 1 2113343782
48 46 2 3053400788
48 46 3 3236835367
48 46 4 3458420791
48 46 5 103510501
48 46 6 1891758358
48 46 7 3271770355
48 47 0 1962868308
48 47 1 2113343782
48 47 2 3053400788
48 47 3 3236835367
48 47 4 3458420791
48 47 5 103510501
48 47 6 1891758358
48 47 7 3271770355
49 16 0 3647682759
49 16 1 3497207285
49 16 2 2557150279
49 16 3 2373715700
49 16 4 2152130276
49 16 5 1212073270
49 16 6 3718792709
49 16 7 2017205202
49 17 0 1493206742
49 17 1 816499876
49 17 2 3728239318
49 17 3 1939991461
49 17 4 2161576885
49 17 5 778349031
49 17 6 594914452
49 17 7 402945315
49 18 0 1690279185
49 18 1 2851687171
49 18 2 4234915025
49 18 3 1728195586
49 18 4 1506610162
49 18 5 2889838016
49 18 6 3073272595
49 18 7 2600844996
49 19 0 3830770464
49 19 1 170979762
49 19 2 1111036768
49 19 3 1294471347
49 19 4 1516056771
49 19 5 2456113777
49 19 6 4244361634
49 19 7 986585109
49 20 0 775844043
49 20 1 402151297
49 20 2 3010876619
49 20 3 3573627008
49 20 4 3352041584
49 20 5 2411984578
49 20 6 623736721
49 20 7 27540276
49 21 0 775844043
49 21 1 402151297
49 21 2 3010876619
49 21 3 3573627008
49 21 4 3352041584
49 21 5 2411984578
49 21 6 623736721
49 21 7 27540276
49 22 0 775844043
49 22 1 402151297
49 22 2 3010876619
49 22 3 3573627008
49 22 4 3352041584
49 22 5 2411984578
49 22 6 623736721
49 22 7 27540276
49 23 0 775844043
49 23 1 402151297
49 23 2 3010876619
49 23 3 3573627008
49 23 4 3352041584
49 23 5 2411984578
49 23 6 623736721
49 23 7 27540276
49 24 0 1962868308
49 24 1 2113343782
49 24 2 3053400788
49 24 3 3236835367
49 24 4 3458420791
49 24 5 103510501
49 24 6 1891758358
49 24 7 3271770355
49 25 0 1962868308
49 25 1 2113343782
49 25 2 3053400788
49 25 3 3236835367
49 25 4 3458420791
49 25 5 103510501
49 25 6 1891758358
49 25 7 3271770355
49 26 0 1962868308
49 26 1 2113343782
49 26 2 3053400788
49 26 3 3236835367
49 26 4 3458420791
49 26 5 103510501
49 26 6 1891758358
49 26 7 3271770355
49 27 0 1962868308
49 27 1 2113343782
49 27 2 3053400788
49 27 3 3236835367
49 27 4 3458420791
49 27 5 103510501
49 27 6 1891758358
49 27 7 3271770355
49 28 0 1962868308
49 28 1 2113343782
49 28 2 3053400788
49 28 3 3236835367
49 28 4 3458420791
49 28 5 103510501
49 28 6 1891758358
49 28 7 3271770355
49 29 0 1962868308
49 29 1 2113343782
49 29 2 3053400788
49 29 3 3236835367
49 29 4 3458420791
49 29 5 103510501
49 29 6 1891758358
49 29 7 3271770355
49 30 0 1962868308
49 30 1 2113343782
49 30 2 3053400788
49 30 3 3236835367
49 30 4 3458420791
49 30 5 103510501
49 30 6 1891758358
49 30 7 3271770355
49 31 0 1962868308
49 31 1 2113343782
49 31 2 3053400788
49 31 3 3236835367
49 31 4 3458420791
49 31 5 103510501
49 31 6 1891758358
49 31 7 3271770355
49 32 0 1264015499
49 32 1 1113540025
49 32 2 173483019
49 32 3 4285015736
49 32 4 4063430312
49 32 5 3123373306
49 32 6 1335125449
49 32 7 3715305772
49 33 0 1264015499
49 33 1 1113540025
49 33 2 173483019
49 33 3 4285015736
49 33 4 4063430312
49 33 5 3123373306
49 33 6 1335125449
49 33 7 3715305772
49 34 0 1264015499
49 34 1 1113540025
49 34 2 173483019
49 34 3 4285015736
49 34 4 4063430312
49 34 5 3123373306
49 34 6 1335125449
49 34 7 3715305772
49 35 0 1264015499
49 35 1 1113540025
49 35 2 173483019
49 35 3 4285015736
49 35 4 4063430312
49 35 5 3123373306
49 35 6 1335125449
49 35 7 3715305772
49 36 0 2362686850
49 36 1 2780378923
49 36 2 173111606
49 36 3 1656887338
49 36 4 1739774039
49 36 5 2818529768
49 36 6 1464394560
49 36 7 2956395150
49 37 0 2362686850
49 37 1 3803280394
49 37 2 3394971734
49 37 3 631804683
49 37 4 666666871
49 37 5 1793447113
49 37 6 1464394560
49 37 7 1933493679
49 38 0 2362686850
49 38 1 2485736809
49 38 2 3956901878
49 38 3 1362245224
49 38 4 1228597015
49 38 5 200602794
49 38 6 1464394560
49 38 7 2661753036
49 39 0 2362686850
49 39 1 3508638280
49 39 2 2883794710
49 39 3 337162569
49 39 4 155489847
49 39 5 3470487435
49 39 6 1464394560
49 39 7 3577656045
49 40 0 775844043
49 40 1 128763739
49 40 2 3010876619
49 40 3 542780744
49 40 4 2605856616
49 40 5 166914584
49 40 6 4172519049
49 40 7 2010609804
49 41 0 775844043
49 41 1 3681828106
49 41 2 3010876619
49 41 3 542780744
49 41 4 2605856616
49 41 5 1671994825
49 41 6 4172519049
49 41 7 2010609804
49 42 0 775844043
49 42 1 114779001
49 42 2 3010876619
49 42 3 542780744
49 42 4 2605856616
49 42 5 2124612282
49 42 6 4172519049
49 42 7 2010609804
49 43 0 775844043
49 43 1 3651217704
49 43 2 3010876619
49 43 3 542780744
49 43 4 2605856616
49 43 5 3613066859
49 43 6 4172519049
49 43 7 2010609804
49 44 0 1962868308
49 44 1 2113343782
49 44 2 3053400788
49 44 3 3236835367
49 44 4 3458420791
49 44 5 103510501
49 44 6 1891758358
49 44 7 3271770355
49 45 0 1962868308
49 45 1 2113343782
49 45 2 3053400788
49 45 3 3236835367
49 45 4 3458420791
49 45 5 103510501
49 45 6 1891758358
49 45 7 3271770355
49 46 0 1962868308
49 46 1 2113343782
49 46 2 3053400788
49 46 3 3236835367
49 46 4 3458420791
49 46 5 103510501
49 46 6 1891758358
49 46 7 3271770355
49 47 0 1962868308
49 47 1 2113343782
49 47 2 3053400788
49 47 3 3236835367
49 47 4 3458420791
49 47 5 103510501
49 47 6 1891758358
49 47 7 3271770355
50 16 0 3647682759
50 16 1 3497207285
50 16 2 2557150279
50 16 3 2373715700
50 16 4 2152130276
50 16 5 1212073270
50 16 6 3718792709
50 16 7 2017205202
50 17 0 1493206742
50 17 1 816499876
50 17 2 3728239318
50 17 3 1939991461
50 17 4 2161576885
50 17 5 778349031
50 17 6 594914452
50 17 7 402945315
50 18 0 1690279185
50 18 1 2851687171
50 18 2 4234915025
50 18 3 1728195586
50 18 4 1506610162
50 18 5 2889838016
50 18 6 3073272595
50 18 7 2600844996
50 19 0 3830770464
50 19 1 170979762
50 19 2 1111036768
50 19 3 1294471347
50 19 4 1516056771
50 19 5 2456113777
50 19 6 4244361634
50 19 7 986585109
50 20 0 775844043
50 20 1 402151297
50 20 2 3010876619
50 20 3 3573627008
50 20 4 3352041584
50 20 5 2411984578
50 20 6 623736721
50 20 7 27540276
50 21 0 775844043
50 21 1 402151297
50 21 2 3010876619
50 21 3 3573627008
50 21 4 3352041584
50 21 5 2411984578
50 21 6 623736721
50 21 7 27540276
50 22 0 775844043
50 22 1 402151297
50 22 2 3010876619
50 22 3 3573627008
50 22 4 3352041584
50 22 5 2411984578
50 22 6 623736721
50 22 7 27540276
50 23 0 775844043
50 23 1 402151297
50 23 2 3010876619
50 23 3 3573627008
50 23 4 3352041584
50 23 5 2411984578
50 23 6 623736721
50 23 7 27540276
50 24 0 1962868308
50 24 1 2113343782
50 24 2 3053400788
50 24 3 3236835367
50 24 4 3458420791
50 24 5 103510501
50 24 6 1891758358
50 24 7 3271770355
50 25 0 1962868308
50 25 1 2113343782
50 25 2 3053400788
50 25 3 3236835367
50 25 4 3458420791
50 25 5 103510501
50 25 6 1891758358
50 25 7 3271770355
50 26 0 1962868308
50 26 1 2113343782
50 26 2 3053400788
50 26 3 3236835367
50 26 4 3458420791
50 26 5 103510501
50 26 6 1891758358
50 26 7 3271770355
50 27 0 1962868308
50 27 1 2113343782
50 27 2 3053400788
50 27 3 3236835367
50 27 4 3458420791
50 27 5 103510501
50 27 6 1891758358
50 27 7 3271770355
50 28 0 1962868308
50 28 1 2113343782
50 28 2 3053400788
50 28 3 3236835367
50 28 4 3458420791
50 28 5 103510501
50 28 6 1891758358
50 28 7 3271770355
50 29 0 1962868308
50 29 1 2113343782
50 29 2 3053400788
50 29 3 3236835367
50 29 4 3458420791
50 29 5 103510501
50 29 6 1891758358
50 29 7 3271770355
50 30 0 1962868308
50 30 1 2113343782
50 30 2 3053400788
50 30 3 3236835367
50 30 4 3458420791
50 30 5 103510501
50 30 6 1891758358
50 30 7 3271770355
50 31 0 1962868308
50 31 1 2113343782
50 31 2 3053400788
50 31 3 3236835367
50 31 4 3458420791
50 31 5 103510501
50 31 6 1891758358
50 31 7 3271770355
50 32 0 1264015499
50 32 1 1113540025
50 32 2 173483019
50 32 3 4285015736
50 32 4 4063430312
50 32 5 3123373306
50 32 6 1335125449
50 32 7 3715305772
50 33 0 1264015499
50 33 1 1113540025
50 33 2 173483019
50 33 3 4285015736
50 33 4 4063430312
50 33 5 3123373306
50 33 6 1335125449
50 33 7 3715305772
50 34 0 1264015499
50 34 1 1113540025
50 34 2 173483019
50 34 3 4285015736
50 34 4 4063430312
50 34 5 3123373306
50 34 6 1335125449
50 34 7 3715305772
50 35 0 1264015499
50 35 1 1113540025
50 35 2 173483019
50 35 3 4285015736
50 35 4 4063430312
50 35 5 3123373306
50 35 6 1335125449
50 35 7 3715305772
50 36 0 2362686850
50 36 1 2780378923
50 36 2 173111606
50 36 3 1656887338
50 36 4 1739774039
50 36 5 2818529768
50 36 6 1464394560
50 36 7 2956395150
50 37 0 2362686850
50 37 1 3803280394
50 37 2 3394971734
50 37 3 631804683
50 37 4 666666871
50 37 5 1793447113
50 37 6 1464394560
50 37 7 1933493679
50 38 0 2362686850
50 38 1 2485736809
50 38 2 3956901878
50 38 3 1362245224
50 38 4 1228597015
50 38 5 200602794
50 38 6 1464394560
50 38 7 2661753036
50 39 0 2362686850
50 39 1 3508638280
50 39 2 2883794710
50 39 3 337162569
50 39 4 155489847
50 39 5 3470487435
50 39 6 1464394560
50 39 7 3577656045
50 40 0 775844043
50 40 1 128763739
50 40 2 3010876619
50 40 3 542780744
50 40 4 2605856616
50 40 5 166914584
50 40 6 4172519049
50 40 7 2010609804
50 41 0 775844043
50 41 1 3681828106
50 41 2 3010876619
50 41 3 542780744
50 41 4 2605856616
50 41 5 1671994825
50 41 6 4172519049
50 41 7 2010609804
50 42 0 775844043
50 42 1 114779001
50 42 2 3010876619
50 42 3 542780744
50 42 4 2605856616
50 42 5 2124612282
50 42 6 4172519049
50 42 7 2010609804
50 43 0 775844043
50 43 1 3651217704
50 43 2 3010876619
50 43 3 542780744
50 43 4 2605856616
50 43 5 3613066859
50 43 6 4172519049
50 43 7 2010609804
50 44 0 1962868308
50 44 1 2113343782
50 44 2 3053400788
50 44 3 3236835367
50 44 4 3458420791
50 44 5 103510501
50 44 6 1891758358
50 44 7 3271770355
50 45 0 1962868308
50 45 1 2113343782
50 45 2 3053400788
50 45 3 3236835367
50 45 4 3458420791
50 45 5 103510501
50 45 6 1891758358
50 45 7 3271770355
50 46 0 1962868308
50 46 1 2113343782
50 46 2 3053400788
50 46 3 3236835367
50 46 4 3458420791
50 46 5 103510501
50 46 6 1891758358
50 46 7 3271770355
50 47 0 1962868308
50 47 1 2113343782
50 47 2 3053400788
50 47 3 3236835367
50 47 4 3458420791
50 47 5 103510501
50 47 6 1891758358
50 47 7 3271770355
51 16 0 3647682759
51 16 1 3497207285
51 16 2 2557150279
51 16 3 2373715700
51 16 4 2152130276
51 16 5 1212073270
51 16 6 3718792709
51 16 7 2017205202
51 17 0 1493206742
51 17 1 816499876
51 17 2 3728239318
51 17 3 1939991461
51 17 4 2161576885
51 17 5 778349031
51 17 6 594914452
51 17 7 402945315
51 18 0 1690279185
51 18 1 2851687171
51 18 2 4234915025
51 18 3 1728195586
51 18 4 1506610162
51 18 5 2889838016
51 18 6 3073272595
51 18 7 2600844996
51 19 0 3830770464
51 19 1 170979762
51 19 2 1111036768
51 19 3 1294471347
51 19 4 1516056771
51 19 5 2456113777
51 19 6 4244361634
51 19 7 986585109
51 20 0 775844043
51 20 1 402151297
51 20 2 3010876619
51 20 3 3573627008
51 20 4 3352041584
51 20 5 2411984578
51 20 6 623736721
51 20 7 27540276
51 21 0 775844043
51 21 1 402151297
51 21 2 3010876619
51 21 3 3573627008
51 21 4 3352041584
51 21 5 2411984578
51 21 6 623736721
51 21 7 27540276
51 22 0 775844043
51 22 1 402151297
51 22 2 3010876619
51 22 3 3573627008
51 22 4 3352041584
51 22 5 2411984578
51 22 6 623736721
51 22 7 27540276
51 23 0 775844043
51 23 1 402151297
51 23 2 3010876619
51 23 3 3573627008
51 23 4 3352041584
51 23 5 2411984578
51 23 6 623736721
51 23 7 27540276
51 24 0 1962868308
51 24 1 2113343782
51 24 2 3053400788
51 24 3 3236835367
51 24 4 3458420791
51 24 5 103510501
51 24 6 1891758358
51 24 7 3271770355
51 25 0 1962868308
51 25 1 2113343782
51 25 2 3053400788
51 25 3 3236835367
51 25 4 3458420791
51 25 5 103510501
51 25 6 1891758358
51 25 7 3271770355
51 26 0 1962868308
51 26 1 2113343782
51 26 2 3053400788
51 26 3 3236835367
51 26 4 3458420791
51 26 5 103510501
51 26 6 1891758358
51 26 7 3271770355
51 27 0 1962868308
51 27 1 2113343782
51 27 2 3053400788
51 27 3 3236835367
51 27 4 3458420791
51 27 5 103510501
51 27 6 1891758358
51 27 7 3271770355
51 28 0 1962868308
51 28 1 2113343782
51 28 2 3053400788
51 28 3 3236835367
51 28 4 3458420791
51 28 5 103510501
51 28 6 1891758358
51 28 7 3271770355
51 29 0 1962868308
51 29 1 2113343782
51 29 2 3053400788
51 29 3 3236835367
51 29 4 3458420791
51 29 5 103510501
51 29 6 1891758358
51 29 7 3271770355
51 30 0 1962868308
51 30 1 2113343782
51 30 2 3053400788
51 30 3 3236835367
51 30 4 3458420791
51 30 5 103510501
51 30 6 1891758358
51 30 7 3271770355
51 31 0 1962868308
51 31 1 2113343782
51 31 2 3053400788
51 31 3 3236835367
51 31 4 3458420791
51 31 5 103510501
51 31 6 1891758358
51 31 7 3271770355
51 32 0 1264015499
51 32 1 1113540025
51 32 2 173483019
51 32 3 4285015736
51 32 4 4063430312
51 32 5 3123373306
51 32 6 1335125449
51 32 7 3715305772
51 33 0 1264015499
51 33 1 1113540025
51 33 2 173483019
51 33 3 4285015736
51 33 4 4063430312
51 33 5 3123373306
51 33 6 1335125449
51 33 7 3715305772
51 34 0 1264015499
51 34 1 1113540025
51 34 2 173483019
51 34 3 4285015736
51 34 4 4063430312
51 34 5 3123373306
51 34 6 1335125449
51 34 7 3715305772
51 35 0 1264015499
51 35 1 1113540025
51 35 2 173483019
51 35 3 4285015736
51 35 4 4063430312
51 35 5 3123373306
51 35 6 1335125449
51 35 7 3715305772
51 36 0 2362686850
51 36 1 2780378923
51 36 2 173111606
51 36 3 1656887338
51 36 4 1739774039
51 36 5 2818529768
51 36 6 1464394560
51 36 7 2956395150
51 37 0 2362686850
51 37 1 3803280394
51 37 2 3394971734
51 37 3 631804683
51 37 4 666666871
51 37 5 1793447113
51 37 6 1464394560
51 37 7 1933493679
51 38 0 2362686850
51 38 1 2485736809
51 38 2 3956901878
51 38 3 1362245224
51 38 4 1228597015
51 38 5 200602794
51 38 6 1464394560
51 38 7 2661753036
51 39 0 2362686850
51 39 1 3508638280
51 39 2 2883794710
51 39 3 337162569
51 39 4 155489847
51 39 5 3470487435
51 39 6 1464394560
51 39 7 3577656045
51 40 0 775844043
51 40 1 128763739
51 40 2 3010876619
51 40 3 542780744
51 40 4 2605856616
51 40 5 166914584
51 40 6 4172519049
51 40 7 2010609804
51 41 0 775844043
51 41 1 3681828106
51 41 2 3010876619
51 41 3 542780744
51 41 4 2605856616
51 41 5 1671994825
51 41 6 4172519049
51 41 7 2010609804
51 42 0 775844043
51 42 1 114779001
51 42 2 3010876619
51 42 3 542780744
51 42 4 2605856616
51 42 5 2124612282
51 42 6 4172519049
51 42 7 2010609804
51 43 0 775844043
51 43 1 3651217704
51 43 2 3010876619
51 43 3 542780744
51 43 4 2605856616
51 43 5 3613066859
51 43 6 4172519049
51 43 7 2010609804
51 44 0 1962868308
51 44 1 2113343782
51 44 2 3053400788
51 44 3 3236835367
51 44 4 3458420791
51 44 5 103510501
51 44 6 1891758358
51 44 7 3271770355
51 45 0 1962868308
51 45 1 2113343782
51 45 2 3053400788
51 45 3 3236835367
51 45 4 3458420791
51 45 5 103510501
51 45 6 1891758358
51 45 7 3271770355
51 46 0 1962868308
51 46 1 2113343782
51 46 2 3053400788
51 46 3 3236835367
51 46 4 3458420791
51 46 5 103510501
51 46 6 1891758358
51 46 7 3271770355
51 47 0 1962868308
51 47 1 2113343782
51 47 2 3053400788
51 47 3 3236835367
51 47 4 3458420791
51 47 5 103510501
51 47 6 1891758358
51 47 7 3271770355
52 16 0 3647682759
52 16 1 3497207285
52 16 2 2557150279
52 16 3 2373715700
52 16 4 2152130276
52 16 5 1212073270
52 16 6 3718792709
52 16 7 2017205202
52 17 0 1493206742
52 17 1 816499876
52 17 2 3728239318
52 17 3 1939991461
52 17 4 2161576885
52 17 5 778349031
52 17 6 594914452
52 17 7 402945315
52 18 0 1690279185
52 18 1 2851687171
52 18 2 4234915025
52 18 3 1728195586
52 18 4 1506610162
52 18 5 2889838016
52 18 6 3073272595
52 18 7 2600844996
52 19 0 3830770464
52 19 1 170979762
52 19 2 1111036768
52 19 3 1294471347
52 19 4 1516056771
52 19 5 2456113777
52 19 6 4244361634
52 19 7 986585109
52 20 0 775844043
52 20 1 402151297
52 20 2 3010876619
52 20 3 3573627008
52 20 4 3352041584
52 20 5 2411984578
52 20 6 623736721
52 20 7 27540276
52 21 0 775844043
52 21 1 402151297
52 21 2 3010876619
52 21 3 3573627008
52 21 4 3352041584
52 21 5 2411984578
52 21 6 623736721
52 21 7 27540276
52 22 0 775844043
52 22 1 402151297
52 22 2 3010876619
52 22 3 3573627008
52 22 4 3352041584
52 22 5 2411984578
52 22 6 623736721
52 22 7 27540276
52 23 0 775844043
52 23 1 402151297
52 23 2 3010876619
52 23 3 3573627008
52 23 4 3352041584
52 23 5 2411984578
52 23 6 623736721
52 23 7 27540276
52 24 0 1962868308
52 24 1 2113343782
52 24 2 3053400788
52 24 3 3236835367
52 24 4 3458420791
52 24 5 103510501
52 24 6 1891758358
52 24 7 3271770355
52 25 0 1962868308
52 25 1 2113343782
52 25 2 3053400788
52 25 3 3236835367
52 25 4 3458420791
52 25 5 103510501
52 25 6 1891758358
52 25 7 3271770355
52 26 0 1962868308
52 26 1 2113343782
52 26 2 3053400788
52 26 3 3236835367
52 26 4 3458420791
52 26 5 103510501
52 26 6 1891758358
52 26 7 3271770355
52 27 0 1962868308
52 27 1 2113343782
52 27 2 3053400788
52 27 3 3236835367
52 27 4 3458420791
52 27 5 103510501
52 27 6 1891758358
52 27 7 3271770355
52 28 0 1962868308
52 28 1 2113343782
52 28 2 3053400788
52 28 3 3236835367
52 28 4 3458420791
52 28 5 103510501
52 28 6 1891758358
52 28 7 3271770355
52 29 0 1962868308
52 29 1 2113343782
52 29 2 3053400788
52 29 3 3236835367
52 29 4 3458420791
52 29 5 103510501
52 29 6 1891758358
52 29 7 3271770355
52 30 0 1962868308
52 30 1 2113343782
52 30 2 3053400788
52 30 3 3236835367
52 30 4 3458420791
52 30 5 103510501
52 30 6 1891758358
52 30 7 3271770355
52 31 0 1962868308
52 31 1 2113343782
52 31 2 3053400788
52 31 3 3236835367
52 31 4 3458420791
52 31 5 103510501
52 31 6 1891758358
52 31 7 3271770355
52 32 0 1264015499
52 32 1 1113540025
52 32 2 173483019
52 32 3 4285015736
52 32 4 4063430312
52 32 5 3123373306
52 32 6 1335125449
52 32 7 3715305772
52 33 0 1264015499
52 33 1 1113540025
52 33 2 173483019
52 33 3 4285015736
52 33 4 4063430312
52 33 5 3123373306
52 33 6 1335125449
52 33 7 3715305772
52 34 0 1264015499
52 34 1 1113540025
52 34 2 173483019
52 34 3 4285015736
52 34 4 4063430312
52 34 5 3123373306
52 34 6 1335125449
52 34 7 3715305772
52 35 0 1264015499
52 35 1 1113540025
52 35 2 173483019
52 35 3 4285015736
52 35 4 4063430312
52 35 5 3123373306
52 35 6 1335125449
52 35 7 3715305772
52 36 0 2362686850
52 36 1 2780378923
52 36 2 173111606
52 36 3 1656887338
52 36 4 1739774039
52 36 5 2818529768
52 36 6 1464394560
52 36 7 2956395150
52 37 0 2362686850
52 37 1 3803280394
52 37 2 3394971734
52 37 3 631804683
52 37 4 666666871
52 37 5 1793447113
52 37 6 1464394560
52 37 7 1933493679
52 38 0 2362686850
52 38 1 2485736809
52 38 2 3956901878
52 38 3 1362245224
52 38 4 1228597015
52 38 5 200602794
52 38 6 1464394560
52 38 7 2661753036
52 39 0 2362686850
52 39 1 3508638280
52 39 2 2883794710
52 39 3 337162569
52 39 4 155489847
52 39 5 3470487435
52 39 6 1464394560
52 39 7 3577656045
52 40 0 775844043
52 40 1 128763739
52 40 2 3010876619
52 40 3 542780744
52 40 4 2605856616
52 40 5 166914584
52 40 6 4172519049
52 40 7 2010609804
52 41 0 775844043
52 41 1 3681828106
52 41 2 3010876619
52 41 3 542780744
52 41 4 2605856616
52 41 5 1671994825
52 41 6 4172519049
52 41 7 2010609804
52 42 0 775844043
52 42 1 114779001
52 42 2 3010876619
52 42 3 542780744
52 42 4 2605856616
52 42 5 2124612282
52 42 6 4172519049
52 42 7 2010609804
52 43 0 775844043
52 43 1 3651217704
52 43 2 3010876619
52 43 3 542780744
52 43 4 2605856616
52 43 5 3613066859
52 43 6 4172519049
52 43 7 2010609804
52 44 0 1962868308
52 44 1 2113343782
52 44 2 3053400788
52 44 3 3236835367
52 44 4 3458420791
52 44 5 103510501
52 44 6 1891758358
52 44 7 3271770355
52 45 0 1962868308
52 45 1 2113343782
52 45 2 3053400788
52 45 3 3236835367
52 45 4 3458420791
52 45 5 103510501
52 45 6 1891758358
52 45 7 3271770355
52 46 0 1962868308
52 46 1 2113343782
52 46 2 3053400788
52 46 3 3236835367
52 46 4 3458420791
52 46 5 103510501
52 46 6 1891758358
52 46 7 3271770355
52 47 0 1962868308
52 47 1 2113343782
52 47 2 3053400788
52 47 3 3236835367
52 47 4 3458420791
52 47 5 103510501
52 47 6 1891758358
52 47 7 3271770355
53 16 0 3647682759
53 16 1 3497207285
53 16 2 2557150279
53 16 3 2373715700
53 16 4 2152130276
53 16 5 1212073270
53 16 6 3718792709
53 16 7 2017205202
53 17 0 1493206742
53 17 1 816499876
53 17 2 3728239318
53 17 3 1939991461
53 17 4 2161576885
53 17 5 778349031
53 17 6 594914452
53 17 7 402945315
53 18 0 1690279185
53 18 1 2851687171
53 18 2 4234915025
53 18 3 1728195586
53 18 4 1506610162
53 18 5 2889838016
53 18 6 3073272595
53 18 7 2600844996
53 19 0 3830770464
53 19 1 170979762
53 19 2 1111036768
53 19 3 1294471347
53 19 4 1516056771
53 19 5 2456113777
53 19 6 4244361634
53 19 7 986585109
53 20 0 775844043
53 20 1 402151297
53 20 2 3010876619
53 20 3 3573627008
53 20 4 3352041584
53 20 5 2411984578
53 20 6 623736721
53 20 7 27540276
53 21 0 775844043
53 21 1 402151297
53 21 2 3010876619
53 21 3 3573627008
53 21 4 3352041584
53 21 5 2411984578
53 21 6 623736721
53 21 7 27540276
53 22 0 775844043
53 22 1 402151297
53 22 2 3010876619
53 22 3 3573627008
53 22 4 3352041584
53 22 5 2411984578
53 22 6 623736721
53 22 7 27540276
53 23 0 775844043
53 23 1 402151297
53 23 2 3010876619
53 23 3 3573627008
53 23 4 3352041584
53 23 5 2411984578
53 23 6 623736721
53 23 7 27540276
53 24 0 1962868308
53 24 1 2113343782
53 24 2 3053400788
53 24 3 3236835367
53 24 4 3458420791
53 24 5 103510501
53 24 6 1891758358
53 24 7 3271770355
53 25 0 1962868308
53 25 1 2113343782
53 25 2 3053400788
53 25 3 3236835367
53 25 4 3458420791
53 25 5 103510501
53 25 6 1891758358
53 25 7 3271770355
53 26 0 1962868308
53 26 1 2113343782
53 26 2 3053400788
53 26 3 3236835367
53 26 4 3458420791
53 26 5 103510501
53 26 6 1891758358
53 26 7 3271770355
53 27 0 1962868308
53 27 1 2113343782
53 27 2 3053400788
53 27 3 3236835367
53 27 4 3458420791
53 27 5 103510501
53 27 6 1891758358
53 27 7 3271770355
53 28 0 1962868308
53 28 1 2113343782
53 28 2 3053400788
53 28 3 3236835367
53 28 4 3458420791
53 28 5 103510501
53 28 6 1891758358
53 28 7 3271770355
53 29 0 1962868308
53 29 1 2113343782
53 29 2 3053400788
53 29 3 3236835367
53 29 4 3458420791
53 29 5 103510501
53 29 6 1891758358
53 29 7 3271770355
53 30 0 1962868308
53 30 1 2113343782
53 30 2 3053400788
53 30 3 3236835367
53 30 4 3458420791
53 30 5 103510501
53 30 6 1891758358
53 30 7 3271770355
53 31 0 1962868308
53 31 1 2113343782
53 31 2 3053400788
53 31 3 3236835367
53 31 4 3458420791
53 31 5 103510501
53 31 6 1891758358
53 31 7 3271770355
53 32 0 1264015499
53 32 1 1113540025
53 32 2 173483019
53 32 3 4285015736
53 32 4 4063430312
53 32 5 3123373306
53 32 6 1335125449
53 32 7 3715305772
53 33 0 1264015499
53 33 1 1113540025
53 33 2 173483019
53 33 3 4285015736
53 33 4 4063430312
53 33 5 3123373306
53 33 6 1335125449
53 33 7 3715305772
53 34 0 1264015499
53 34 1 1113540025
53 34 2 173483019
53 34 3 4285015736
53 34 4 4063430312
53 34 5 3123373306
53 34 6 1335125449
53 34 7 3715305772
53 35 0 1264015499
53 35 1 1113540025
53 35 2 173483019
53 35 3 4285015736
53 35 4 4063430312
53 35 5 3123373306
53 35 6 1335125449
53 35 7 3715305772
53 36 0 2362686850
53 36 1 2780378923
53 36 2 173111606
53 36 3 1656887338
53 36 4 1739774039
53 36 5 2818529768
53 36 6 1464394560
53 36 7 2956395150
53 37 0 2362686850
53 37 1 3803280394
53 37 2 3394971734
53 37 3 631804683
53 37 4 666666871
53 37 5 1793447113
53 37 6 1464394560
53 37 7 1933493679
53 38 0 2362686850
53 38 1 2485736809
53 38 2 3956901878
53 38 3 1362245224
53 38 4 1228597015
53 38 5 200602794
53 38 6 1464394560
53 38 7 2661753036
53 39 0 2362686850
53 39 1 3508638280
53 39 2 2883794710
53 39 3 337162569
53 39 4 155489847
53 39 5 3470487435
53 39 6 1464394560
53 39 7 3577656045
53 40 0 775844043
53 40 1 128763739
53 40 2 3010876619
53 40 3 542780744
53 40 4 2605856616
53 40 5 166914584
53 40 6 4172519049
53 40 7 2010609804
53 41 0 775844043
53 41 1 3681828106
53 41 2 3010876619
53 41 3 542780744
53 41 4 2605856616
53 41 5 1671994825
53 41 6 4172519049
53 41 7 2010609804
53 42 0 775844043
53 42 1 114779001
53 42 2 3010876619
53 42 3 542780744
53 42 4 2605856616
53 42 5 2124612282
53 42 6 4172519049
53 42 7 2010609804
53 43 0 775844043
53 43 1 3651217704
53 43 2 3010876619
53 43 3 542780744
53 43 4 2605856616
53 43 5 3613066859
53 43 6 4172519049
53 43 7 2010609804
53 44 0 1962868308
53 44 1 2113343782
53 44 2 3053400788
53 44 3 3236835367
53 44 4 3458420791
53 44 5 103510501
53 44 6 1891758358
53 44 7 3271770355
53 45 0 1962868308
53 45 1 2113343782
53 45 2 3053400788
53 45 3 3236835367
53 45 4 3458420791
53 45 5 103510501
53 45 6 1891758358
53 45 7 3271770355
53 46 0 1962868308
53 46 1 2113343782
53 46 2 3053400788
53 46 3 3236835367
53 46 4 3458420791
53 46 5 103510501
53 46 6 1891758358
53 46 7 3271770355
53 47 0 1962868308
53 47 1 2113343782
53 47 2 3053400788
53 47 3 3236835367
53 47 4 3458420791
53 47 5 103510501
53 47 6 1891758358
53 47 7 3271770355
54 16 0 3647682759
54 16 1 3497207285
54 16 2 2557150279
54 16 3 2373715700
54 16 4 2152130276
54 16 5 1212073270
54 16 6 3718792709
54 16 7 2017205202
54 17 0 1493206742
54 17 1 816499876
54 17 2 3728239318
54 17 3 1939991461
54 17 4 2161576885
54 17 5 778349031
54 17 6 594914452
54 17 7 402945315
54 18 0 1690279185
54 18 1 2851687171
54 18 2 4234915025
54 18 3 1728195586
54 18 4 1506610162
54 18 5 2889838016
54 18 6 3073272595
54 18 7 2600844996
54 19 0 3830770464
54 19 1 170979762
54 19 2 1111036768
54 19 3 1294471347
54 19 4 1516056771
54 19 5 2456113777
54 19 6 4244361634
54 19 7 986585109
54 20 0 775844043
54 20 1 402151297
54 20 2 3010876619
54 20 3 3573627008
54 20 4 3352041584
54 20 5 2411984578
54 20 6 623736721
54 20 7 27540276
54 21 0 775844043
54 21 1 402151297
54 21 2 3010876619
54 21 3 3573627008
54 21 4 3352041584
54 21 5 2411984578
54 21 6 623736721
54 21 7 27540276
54 22 0 775844043
54 22 1 402151297
54 22 2 3010876619
54 22 3 3573627008
54 22 4 3352041584
54 22 5 2411984578
54 22 6 623736721
54 22 7 27540276
54 23 0 775844043
54 23 1 402151297
54 23 2 3010876619
54 23 3 3573627008
54 23 4 3352041584
54 23 5 2411984578
54 23 6 623736721
54 23 7 27540276
54 24 0 1962868308
54 24 1 2113343782
54 24 2 3053400788
54 24 3 3236835367
54 24 4 3458420791
54 24 5 103510501
54 24 6 1891758358
54 24 7 3271770355
54 25 0 1962868308
54 25 1 2113343782
54 25 2 3053400788
54 25 3 3236835367
54 25 4 3458420791
54 25 5 103510501
54 25 6 1891758358
54 25 7 3271770355
54 26 0 1962868308
54 26 1 2113343782
54 26 2 3053400788
54 26 3 3236835367
54 26 4 3458420791
54 26 5 103510501
54 26 6 1891758358
54 26 7 3271770355
54 27 0 1962868308
54 27 1 2113343782
54 27 2 3053400788
54 27 3 3236835367
54 27 4 3458420791
54 27 5 103510501
54 27 6 1891758358
54 27 7 3271770355
54 28 0 1962868308
54 28 1 2113343782
54 28 2 3053400788
54 28 3 3236835367
54 28 4 3458420791
54 28 5 103510501
54 28 6 1891758358
54 28 7 3271770355
54 29 0 1962868308
54 29 1 2113343782
54 29 2 3053400788
54 29 3 3236835367
54 29 4 3458420791
54 29 5 103510501
54 29 6 1891758358
54 29 7 3271770355
54 30 0 1962868308
54 30 1 2113343782
54 30 2 3053400788
54 30 3 3236835367
54 30 4 3458420791
54 30 5 103510501
54 30 6 1891758358
54 30 7 3271770355
54 31 0 1962868308
54 31 1 2113343782
54 31 2 3053400788
54 31 3 3236835367
54 31 4 3458420791
54 31 5 103510501
54 31 6 1891758358
54 31 7 3271770355
54 32 0 1264015499
54 32 1 1113540025
54 32 2 173483019
54 32 3 4285015736
54 32 4 4063430312
54 32 5 3123373306
54 32 6 1335125449
54 32 7 3715305772
54 33 0 1264015499
54 33 1 1113540025
54 33 2 173483019
54 33 3 4285015736
54 33 4 4063430312
54 33 5 3123373306
54 33 6 1335125449
54 33 7 3715305772
54 34 0 1264015499
54 34 1 1113540025
54 34 2 173483019
54 34 3 4285015736
54 34 4 4063430312
54 34 5 3123373306
54 34 6 1335125449
54 34 7 3715305772
54 35 0 1264015499
54 35 1 1113540025
54 35 2 173483019
54 35 3 4285015736
54 35 4 4063430312
54 35 5 3123373306
54 35 6 1335125449
54 35 7 3715305772
54 36 0 2362686850
54 36 1 2780378923
54 36 2 173111606
54 36 3 1656887338
54 36 4 1739774039
54 36 5 2818529768
54 36 6 1464394560
54 36 7 2956395150
54 37 0 2362686850
54 37 1 3803280394
54 37 2 3394971734
54 37 3 631804683
54 37 4 666666871
54 37 5 1793447113
54 37 6 1464394560
54 37 7 1933493679
54 38 0 2362686850
54 38 1 2485736809
54 38 2 3956901878
54 38 3 1362245224
54 38 4 1228597015
54 38 5 200602794
54 38 6 1464394560
54 38 7 2661753036
54 39 0 2362686850
54 39 1 3508638280
54 39 2 2883794710
54 39 3 337162569
54 39 4 155489847
54 39 5 3470487435
54 39 6 1464394560
54 39 7 3577656045
54 40 0 775844043
54 40 1 128763739
54 40 2 3010876619
54 40 3 542780744
54 40 4 2605856616
54 40 5 166914584
54 40 6 4172519049
54 40 7 2010609804
54 41 0 775844043
54 41 1 3681828106
54 41 2 3010876619
54 41 3 542780744
54 41 4 2605856616
54 41 5 1671994825
54 41 6 4172519049
54 41 7 2010609804
54 42 0 775844043
54 42 1 114779001
54 42 2 3010876619
54 42 3 542780744
54 42 4 2605856616
54 42 5 2124612282
54 42 6 4172519049
54 42 7 2010609804
54 43 0 775844043
54 43 1 3651217704
54 43 2 3010876619
54 43 3 542780744
54 43 4 2605856616
54 43 5 3613066859
54 43 6 4172519049
54 43 7 2010609804
54 44 0 1962868308
54 44 1 2113343782
54 44 2 3053400788
54 44 3 3236835367
54 44 4 3458420791
54 44 5 103510501
54 44 6 1891758358
54 44 7 3271770355
54 45 0 1962868308
54 45 1 2113343782
54 45 2 3053400788
54 45 3 3236835367
54 45 4 3458420791
54 45 5 103510501
54 45 6 1891758358
54 45 7 3271770355
54 46 0 1962868308
54 46 1 2113343782
54 46 2 3053400788
54 46 3 3236835367
54 46 4 3458420791
54 46 5 103510501
54 46 6 1891758358
54 46 7 3271770355
54 47 0 1962868308
54 47 1 2113343782
54 47 2 3053400788
54 47 3 3236835367
54 47 4 3458420791
54 47 5 103510501
54 47 6 1891758358
54 47 7 3271770355
55 16 0 3647682759
55 16 1 3497207285
55 16 2 2557150279
55 16 3 2373715700
55 16 4 2152130276
55 16 5 1212073270
55 16 6 3718792709
55 16 7 2017205202
55 17 0 1493206742
55 17 1 816499876
55 17 2 3728239318
55 17 3 1939991461
55 17 4 2161576885
55 17 5 778349031
55 17 6 594914452
55 17 7 402945315
55 18 0 1690279185
55 18 1 2851687171
55 18 2 4234915025
55 18 3 1728195586
55 18 4 1506610162
55 18 5 2889838016
55 18 6 3073272595
55 18 7 2600844996
55 19 0 3830770464
55 19 1 170979762
55 19 2 1111036768
55 19 3 1294471347
55 19 4 1516056771
55 19 5 2456113777
55 19 6 4244361634
55 19 7 986585109
55 20 0 775844043
55 20 1 402151297
55 20 2 3010876619
55 20 3 3573627008
55 20 4 3352041584
55 20 5 2411984578
55 20 6 623736721
55 20 7 27540276
55 21 0 775844043
55 21 1 402151297
55 21 2 3010876619
55 21 3 3573627008
55 21 4 3352041584
55 21 5 2411984578
55 21 6 623736721
55 21 7 27540276
55 22 0 775844043
55 22 1 402151297
55 22 2 3010876619
55 22 3 3573627008
55 22 4 3352041584
55 22 5 2411984578
55 22 6 623736721
55 22 7 27540276
55 23 0 775844043
55 23 1 402151297
55 23 2 3010876619
55 23 3 3573627008
55 23 4 3352041584
55 23 5 2411984578
55 23 6 623736721
55 23 7 27540276
55 24 0 1962868308
55 24 1 2113343782
55 24 2 3053400788
55 24 3 3236835367
55 24 4 3458420791
55 24 5 103510501
55 24 6 1891758358
55 24 7 3271770355
55 25 0 1962868308
55 25 1 2113343782
55 25 2 3053400788
55 25 3 3236835367
55 25 4 3458420791
55 25 5 103510501
55 25 6 1891758358
55 25 7 3271770355
55 26 0 1962868308
55 26 1 2113343782
55 26 2 3053400788
55 26 3 3236835367
55 26 4 3458420791
55 26 5 103510501
55 26 6 1891758358
55 26 7 3271770355
55 27 0 1962868308
55 27 1 2113343782
55 27 2 3053400788
55 27 3 3236835367
55 27 4 3458420791
55 27 5 103510501
55 27 6 1891758358
55 27 7 3271770355
55 28 0 1962868308
55 28 1 2113343782
55 28 2 3053400788
55 28 3 3236835367
55 28 4 3458420791
55 28 5 103510501
55 28 6 1891758358
55 28 7 3271770355
55 29 0 1962868308
55 29 1 2113343782
55 29 2 3053400788
55 29 3 3236835367
55 29 4 3458420791
55 29 5 103510501
55 29 6 1891758358
55 29 7 3271770355
55 30 0 1962868308
55 30 1 2113343782
55 30 2 3053400788
55 30 3 3236835367
55 30 4 3458420791
55 30 5 103510501
55 30 6 1891758358
55 30 7 3271770355
55 31 0 1962868308
55 31 1 2113343782
55 31 2 3053400788
55 31 3 3236835367
55 31 4 3458420791
55 31 5 103510501
55 31 6 1891758358
55 31 7 3271770355
55 32 0 1264015499
55 32 1 1113540025
55 32 2 173483019
55 32 3 4285015736
55 32 4 4063430312
55 32 5 3123373306
55 32 6 1335125449
55 32 7 3715305772
55 33 0 1264015499
55 33 1 1113540025
55 33 2 173483019
55 33 3 4285015736
55 33 4 4063430312
55 33 5 3123373306
55 33 6 1335125449
55 33 7 3715305772
55 34 0 1264015499
55 34 1 1113540025
55 34 2 173483019
55 34 3 4285015736
55 34 4 4063430312
55 34 5 3123373306
55 34 6 1335125449
55 34 7 3715305772
55 35 0 1264015499
55 35 1 1113540025
55 35 2 173483019
55 35 3 4285015736
55 35 4 4063430312
55 35 5 3123373306
55 35 6 1335125449
55 35 7 3715305772
55 36 0 2362686850
55 36 1 2780378923
55 36 2 173111606
55 36 3 1656887338
55 36 4 1739774039
55 36 5 2818529768
55 36 6 1464394560
55 36 7 2956395150
55 37 0 2362686850
55 37 1 3803280394
55 37 2 3394971734
55 37 3 631804683
55 37 4 666666871
55 37 5 1793447113
55 37 6 1464394560
55 37 7 1933493679
55 38 0 2362686850
55 38 1 2485736809
55 38 2 3956901878
55 38 3 1362245224
55 38 4 1228597015
55 38 5 200602794
55 38 6 1464394560
55 38 7 2661753036
55 39 0 2362686850
55 39 1 3508638280
55 39 2 2883794710
55 39 3 337162569
55 39 4 155489847
55 39 5 3470487435
55 39 6 1464394560
55 39 7 3577656045
55 40 0 775844043
55 40 1 128763739
55 40 2 3010876619
55 40 3 542780744
55 40 4 2605856616
55 40 5 166914584
55 40 6 4172519049
55 40 7 2010609804
55 41 0 775844043
55 41 1 3681828106
55 41 2 3010876619
55 41 3 542780744
55 41 4 2605856616
55 41 5 1671994825
55 41 6 4172519049
55 41 7 2010609804
55 42 0 775844043
55 42 1 114779001
55 42 2 3010876619
55 42 3 542780744
55 42 4 2605856616
55 42 5 2124612282
55 42 6 4172519049
55 42 7 2010609804
55 43 0 775844043
55 43 1 3651217704
55 43 2 3010876619
55 43 3 542780744
55 43 4 2605856616
55 43 5 3613066859
55 43 6 4172519049
55 43 7 2010609804
55 44 0 1962868308
55 44 1 2113343782
55 44 2 3053400788
55 44 3 3236835367
55 44 4 3458420791
55 44 5 103510501
55 44 6 1891758358
55 44 7 3271770355
55 45 0 1962868308
55 45 1 2113343782
55 45 2 3053400788
55 45 3 3236835367
55 45 4 3458420791
55 45 5 103510501
55 45 6 1891758358
55 45 7 3271770355
55 46 0 1962868308
55 46 1 2113343782
55 46 2 3053400788
55 46 3 3236835367
55 46 4 3458420791
55 46 5 103510501
55 46 6 1891758358
55 46 7 3271770355
55 47 0 1962868308
55 47 1 2113343782
55 47 2 3053400788
55 47 3 3236835367
55 47 4 3458420791
55 47 5 103510501
55 47 6 1891758358
55 47 7 3271770355
56 16 0 3647682759
56 16 1 3497207285
56 16 2 2557150279
56 16 3 2373715700
56 16 4 2152130276
56 16 5 1212073270
56 16 6 3718792709
56 16 7 2017205202
56 17 0 1493206742
56 17 1 816499876
56 17 2 3728239318
56 17 3 1939991461
56 17 4 2161576885
56 17 5 778349031
56 17 6 594914452
56 17 7 402945315
56 18 0 1690279185
56 18 1 2851687171
56 18 2 4234915025
56 18 3 1728195586
56 18 4 1506610162
56 18 5 2889838016
56 18 6 3073272595
56 18 7 2600844996
56 19 0 3830770464
56 19 1 170979762
56 19 2 1111036768
56 19 3 1294471347
56 19 4 1516056771
56 19 5 2456113777
56 19 6 4244361634
56 19 7 986585109
56 20 0 775844043
56 20 1 402151297
56 20 2 3010876619
56 20 3 3573627008
56 20 4 3352041584
56 20 5 2411984578
56 20 6 623736721
56 20 7 27540276
56 21 0 775844043
56 21 1 402151297
56 21 2 3010876619
56 21 3 3573627008
56 21 4 3352041584
56 21 5 2411984578
56 21 6 623736721
56 21 7 27540276
56 22 0 775844043
56 22 1 402151297
56 22 2 3010876619
56 22 3 3573627008
56 22 4 3352041584
56 22 5 2411984578
56 22 6 623736721
56 22 7 27540276
56 23 0 775844043
56 23 1 402151297
56 23 2 3010876619
56 23 3 3573627008
56 23 4 3352041584
56 23 5 2411984578
56 23 6 623736721
56 23 7 27540276
56 24 0 1962868308
56 24 1 2113343782
56 24 2 3053400788
56 24 3 3236835367
56 24 4 3458420791
56 24 5 103510501
56 24 6 1891758358
56 24 7 3271770355
56 25 0 1962868308
56 25 1 2113343782
56 25 2 3053400788
56 25 3 3236835367
56 25 4 3458420791
56 25 5 103510501
56 25 6 1891758358
56 25 7 3271770355
56 26 0 1962868308
56 26 1 2113343782
56 26 2 3053400788
56 26 3 3236835367
56 26 4 3458420791
56 26 5 103510501
56 26 6 1891758358
56 26 7 3271770355
56 27 0 1962868308
56 27 1 2113343782
56 27 2 3053400788
56 27 3 3236835367
56 27 4 3458420791
56 27 5 103510501
56 27 6 1891758358
56 27 7 3271770355
56 28 0 1962868308
56 28 1 2113343782
56 28 2 3053400788
56 28 3 3236835367
56 28 4 3458420791
56 28 5 103510501
56 28 6 1891758358
56 28 7 3271770355
56 29 0 1962868308
56 29 1 2113343782
56 29 2 3053400788
56 29 3 3236835367
56 29 4 3458420791
56 29 5 103510501
56 29 6 1891758358
56 29 7 3271770355
56 30 0 1962868308
56 30 1 2113343782
56 30 2 3053400788
56 30 3 3236835367
56 30 4 3458420791
56 30 5 103510501
56 30 6 1891758358
56 30 7 3271770355
56 31 0 1962868308
56 31 1 2113343782
56 31 2 3053400788
56 31 3 3236835367
56 31 4 3458420791
56 31 5 103510501
56 31 6 1891758358
56 31 7 3271770355
56 32 0 1264015499
56 32 1 1113540025
56 32 2 173483019
56 32 3 4285015736
56 32 4 4063430312
56 32 5 3123373306
56 32 6 1335125449
56 32 7 3715305772
56 33 0 1264015499
56 33 1 1113540025
56 33 2 173483019
56 33 3 4285015736
56 33 4 4063430312
56 33 5 3123373306
56 33 6 1335125449
56 33 7 3715305772
56 34 0 1264015499
56 34 1 1113540025
56 34 2 173483019
56 34 3 4285015736
56 34 4 4063430312
56 34 5 3123373306
56 34 6 1335125449
56 34 7 3715305772
56 35 0 1264015499
56 35 1 1113540025
56 35 2 173483019
56 35 3 4285015736
56 35 4 4063430312
56 35 5 3123373306
56 35 6 1335125449
56 35 7 3715305772
56 36 0 2362686850
56 36 1 2780378923
56 36 2 173111606
56 36 3 1656887338
56 36 4 1739774039
56 36 5 2818529768
56 36 6 1464394560
56 36 7 2956395150
56 37 0 2362686850
56 37 1 3803280394
56 37 2 3394971734
56 37 3 631804683
56 37 4 666666871
56 37 5 1793447113
56 37 6 1464394560
56 37 7 1933493679
56 38 0 2362686850
56 38 1 2485736809
56 38 2 3956901878
56 38 3 1362245224
56 38 4 1228597015
56 38 5 200602794
56 38 6 1464394560
56 38 7 2661753036
56 39 0 2362686850
56 39 1 3508638280
56 39 2 2883794710
56 39 3 337162569
56 39 4 155489847
56 39 5 3470487435
56 39 6 1464394560
56 39 7 3577656045
56 40 0 775844043
56 40 1 128763739
56 40 2 3010876619
56 40 3 542780744
56 40 4 2605856616
56 40 5 166914584
56 40 6 4172519049
56 40 7 2010609804
56 41 0 775844043
56 41 1 3681828106
56 41 2 3010876619
56 41 3 542780744
56 41 4 2605856616
56 41 5 1671994825
56 41 6 4172519049
56 41 7 2010609804
56 42 0 775844043
56 42 1 114779001
56 42 2 3010876619
56 42 3 542780744
56 42 4 2605856616
56 42 5 2124612282
56 42 6 4172519049
56 42 7 2010609804
56 43 0 775844043
56 43 1 3651217704
56 43 2 3010876619
56 43 3 542780744
56 43 4 2605856616
56 43 5 3613066859
56 43 6 4172519049
56 43 7 2010609804
56 44 0 1962868308
56 44 1 2113343782
56 44 2 3053400788
56 44 3 3236835367
56 44 4 3458420791
56 44 5 103510501
56 44 6 1891758358
56 44 7 3271770355
56 45 0 1962868308
56 45 1 2113343782
56 45 2 3053400788
56 45 3 3236835367
56 45 4 3458420791
56 45 5 103510501
56 45 6 1891758358
56 45 7 3271770355
56 46 0 1962868308
56 46 1 2113343782
56 46 2 3053400788
56 46 3 3236835367
56 46 4 3458420791
56 46 5 103510501
56 46 6 1891758358
56 46 7 3271770355
56 47 0 1962868308
56 47 1 2113343782
56 47 2 3053400788
56 47 3 3236835367
56 47 4 3458420791
56 47 5 103510501
56 47 6 1891758358
56 47 7 3271770355
57 16 0 3647682759
57 16 1 3497207285
57 16 2 2557150279
57 16 3 2373715700
57 16 4 2152130276
57 16 5 1212073270
57 16 6 3718792709
57 16 7 2017205202
57 17 0 1493206742
57 17 1 816499876
57 17 2 3728239318
57 17 3 1939991461
57 17 4 2161576885
57 17 5 778349031
57 17 6 594914452
57 17 7 402945315
57 18 0 1690279185
57 18 1 2851687171
57 18 2 4234915025
57 18 3 1728195586
57 18 4 1506610162
57 18 5 2889838016
57 18 6 3073272595
57 18 7 2600844996
57 19 0 3830770464
57 19 1 170979762
57 19 2 1111036768
57 19 3 1294471347
57 19 4 1516056771
57 19 5 2456113777
57 19 6 4244361634
57 19 7 986585109
57 20 0 775844043
57 20 1 402151297
57 20 2 3010876619
57 20 3 3573627008
57 20 4 3352041584
57 20 5 2411984578
57 20 6 623736721
57 20 7 27540276
57 21 0 775844043
57 21 1 402151297
57 21 2 3010876619
57 21 3 3573627008
57 21 4 3352041584
57 21 5 2411984578
57 21 6 623736721
57 21 7 27540276
57 22 0 775844043
57 22 1 402151297
57 22 2 3010876619
57 22 3 3573627008
57 22 4 3352041584
57 22 5 2411984578
57 22 6 623736721
57 22 7 27540276
57 23 0 775844043
57 23 1 402151297
57 23 2 3010876619
57 23 3 3573627008
57 23 4 3352041584
57 23 5 2411984578
57 23 6 623736721
57 23 7 27540276
57 24 0 1962868308
57 24 1 2113343782
57 24 2 3053400788
57 24 3 3236835367
57 24 4 3458420791
57 24 5 103510501
57 24 6 1891758358
57 24 7 3271770355
57 25 0 1962868308
57 25 1 2113343782
57 25 2 3053400788
57 25 3 3236835367
57 25 4 3458420791
57 25 5 103510501
57 25 6 1891758358
57 25 7 3271770355
57 26 0 1962868308
57 26 1 2113343782
57 26 2 3053400788
57 26 3 3236835367
57 26 4 3458420791
57 26 5 103510501
57 26 6 1891758358
57 26 7 3271770355
57 27 0 1962868308
57 27 1 2113343782
57 27 2 3053400788
57 27 3 3236835367
57 27 4 3458420791
57 27 5 103510501
57 27 6 1891758358
57 27 7 3271770355
57 28 0 1962868308
57 28 1 2113343782
57 28 2 3053400788
57 28 3 3236835367
57 28 4 3458420791
57 28 5 103510501
57 28 6 1891758358
57 28 7 3271770355
57 29 0 1962868308
57 29 1 2113343782
57 29 2 3053400788
57 29 3 3236835367
57 29 4 3458420791
57 29 5 103510501
57 29 6 1891758358
57 29 7 3271770355
57 30 0 1962868308
57 30 1 2113343782
57 30 2 3053400788
57 30 3 3236835367
57 30 4 3458420791
57 30 5 103510501
57 30 6 1891758358
57 30 7 3271770355
57 31 0 1962868308
57 31 1 2113343782
57 31 2 3053400788
57 31 3 3236835367
57 31 4 3458420791
57 31 5 103510501
57 31 6 1891758358
57 31 7 3271770355
57 32 0 1264015499
57 32 1 1113540025
57 32 2 173483019
57 32 3 4285015736
57 32 4 4063430312
57 32 5 3123373306
57 32 6 1335125449
57 32 7 3715305772
57 33 0 1264015499
57 33 1 1113540025
57 33 2 173483019
57 33 3 4285015736
57 33 4 4063430312
57 33 5 3123373306
57 33 6 1335125449
57 33 7 3715305772
57 34 0 1264015499
57 34 1 1113540025
57 34 2 173483019
57 34 3 4285015736
57 34 4 4063430312
57 34 5 3123373306
57 34 6 1335125449
57 34 7 3715305772
57 35 0 1264015499
57 35 1 1113540025
57 35 2 173483019
57 35 3 4285015736
57 35 4 4063430312
57 35 5 3123373306
57 35 6 1335125449
57 35 7 3715305772
57 36 0 2362686850
57 36 1 2780378923
57 36 2 173111606
57 36 3 1656887338
57 36 4 1739774039
57 36 5 2818529768
57 36 6 1464394560
57 36 7 2956395150
57 37 0 2362686850
57 37 1 3803280394
57 37 2 3394971734
57 37 3 631804683
57 37 4 666666871
57 37 5 1793447113
57 37 6 1464394560
57 37 7 1933493679
57 38 0 2362686850
57 38 1 2485736809
57 38 2 3956901878
57 38 3 1362245224
57 38 4 1228597015
57 38 5 200602794
57 38 6 1464394560
57 38 7 2661753036
57 39 0 2362686850
57 39 1 3508638280
57 39 2 2883794710
57 39 3 337162569
57 39 4 155489847
57 39 5 3470487435
57 39 6 1464394560
57 39 7 3577656045
57 40 0 775844043
57 40 1 128763739
57 40 2 3010876619
57 40 3 542780744
57 40 4 2605856616
57 40 5 166914584
57 40 6 4172519049
57 40 7 2010609804
57 41 0 775844043
57 41 1 3681828106
57 41 2 3010876619
57 41 3 542780744
57 41 4 2605856616
57 41 5 1671994825
57 41 6 4172519049
57 41 7 2010609804
57 42 0 775844043
57 42 1 114779001
57 42 2 3010876619
57 42 3 542780744
57 42 4 2605856616
57 42 5 2124612282
57 42 6 4172519049
57 42 7 2010609804
57 43 0 775844043
57 43 1 3651217704
57 43 2 3010876619
57 43 3 542780744
57 43 4 2605856616
57 43 5 3613066859
57 43 6 4172519049
57 43 7 2010609804
57 44 0 1962868308
57 44 1 2113343782
57 44 2 3053400788
57 44 3 3236835367
57 44 4 3458420791
57 44 5 103510501
57 44 6 1891758358
57 44 7 3271770355
57 45 0 1962868308
57 45 1 2113343782
57 45 2 3053400788
57 45 3 3236835367
57 45 4 3458420791
57 45 5 103510501
57 45 6 1891758358
57 45 7 3271770355
57 46 0 1962868308
57 46 1 2113343782
57 46 2 3053400788
57 46 3 3236835367
57 46 4 3458420791
57 46 5 103510501
57 46 6 1891758358
57 46 7 3271770355
57 47 0 1962868308
57 47 1 2113343782
57 47 2 3053400788
57 47 3 3236835367
57 47 4 3458420791
57 47 5 103510501
57 47 6 1891758358
57 47 7 3271770355
58 16 0 3647682759
58 16 1 3497207285
58 16 2 2557150279
58 16 3 2373715700
58 16 4 2152130276
58 16 5 1212073270
58 16 6 3718792709
58 16 7 2017205202
58 17 0 1493206742
58 17 1 816499876
58 17 2 3728239318
58 17 3 1939991461
58 17 4 2161576885
58 17 5 778349031
58 17 6 594914452
58 17 7 402945315
58 18 0 1690279185
58 18 1 2851687171
58 18 2 4234915025
58 18 3 1728195586
58 18 4 1506610162
58 18 5 2889838016
58 18 6 3073272595
58 18 7 2600844996
58 19 0 3830770464
58 19 1 170979762
58 19 2 1111036768
58 19 3 1294471347
58 19 4 1516056771
58 19 5 2456113777
58 19 6 4244361634
58 19 7 986585109
58 20 0 775844043
58 20 1 402151297
58 20 2 3010876619
58 20 3 3573627008
58 20 4 3352041584
58 20 5 2411984578
58 20 6 623736721
58 20 7 27540276
58 21 0 775844043
58 21 1 402151297
58 21 2 3010876619
58 21 3 3573627008
58 21 4 3352041584
58 21 5 2411984578
58 21 6 623736721
58 21 7 27540276
58 22 0 775844043
58 22 1 402151297
58 22 2 3010876619
58 22 3 3573627008
58 22 4 3352041584
58 22 5 2411984578
58 22 6 623736721
58 22 7 27540276
58 23 0 775844043
58 23 1 402151297
58 23 2 3010876619
58 23 3 3573627008
58 23 4 3352041584
58 23 5 2411984578
58 23 6 623736721
58 23 7 27540276
58 24 0 1962868308
58 24 1 2113343782
58 24 2 3053400788
58 24 3 3236835367
58 24 4 3458420791
58 24 5 103510501
58 24 6 1891758358
58 24 7 3271770355
58 25 0 1962868308
58 25 1 2113343782
58 25 2 3053400788
58 25 3 3236835367
58 25 4 3458420791
58 25 5 103510501
58 25 6 1891758358
58 25 7 3271770355
58 26 0 1962868308
58 26 1 2113343782
58 26 2 3053400788
58 26 3 3236835367
58 26 4 3458420791
58 26 5 103510501
58 26 6 1891758358
58 26 7 3271770355
58 27 0 1962868308
58 27 1 2113343782
58 27 2 3053400788
58 27 3 3236835367
58 27 4 3458420791
58 27 5 103510501
58 27 6 1891758358
58 27 7 3271770355
58 28 0 1962868308
58 28 1 2113343782
58 28 2 3053400788
58 28 3 3236835367
58 28 4 3458420791
58 28 5 103510501
58 28 6 1891758358
58 28 7 3271770355
58 29 0 1962868308
58 29 1 2113343782
58 29 2 3053400788
58 29 3 3236835367
58 29 4 3458420791
58 29 5 103510501
58 29 6 1891758358
58 29 7 3271770355
58 30 0 1962868308
58 30 1 2113343782
58 30 2 3053400788
58 30 3 3236835367
58 30 4 3458420791
58 30 5 103510501
58 30 6 1891758358
58 30 7 3271770355
58 31 0 1962868308
58 31 1 2113343782
58 31 2 3053400788
58 31 3 3236835367
58 31 4 3458420791
58 31 5 103510501
58 31 6 1891758358
58 31 7 3271770355
58 32 0 1264015499
58 32 1 1113540025
58 32 2 173483019
58 32 3 4285015736
58 32 4 4063430312
58 32 5 3123373306
58 32 6 1335125449
58 32 7 3715305772
58 33 0 1264015499
58 33 1 1113540025
58 33 2 173483019
58 33 3 4285015736
58 33 4 4063430312
58 33 5 3123373306
58 33 6 1335125449
58 33 7 3715305772
58 34 0 1264015499
58 34 1 1113540025
58 34 2 173483019
58 34 3 4285015736
58 34 4 4063430312
58 34 5 3123373306
58 34 6 1335125449
58 34 7 3715305772
58 35 0 1264015499
58 35 1 1113540025
58 35 2 173483019
58 35 3 4285015736
58 35 4 4063430312
58 35 5 3123373306
58 35 6 1335125449
58 35 7 3715305772
58 36 0 2362686850
58 36 1 2780378923
58 36 2 173111606
58 36 3 1656887338
58 36 4 1739774039
58 36 5 2818529768
58 36 6 1464394560
58 36 7 2956395150
58 37 0 2362686850
58 37 1 3803280394
58 37 2 3394971734
58 37 3 631804683
58 37 4 666666871
58 37 5 1793447113
58 37 6 1464394560
58 37 7 1933493679
58 38 0 2362686850
58 38 1 2485736809
58 38 2 3956901878
58 38 3 1362245224
58 38 4 1228597015
58 38 5 200602794
58 38 6 1464394560
58 38 7 2661753036
58 39 0 2362686850
58 39 1 3508638280
58 39 2 2883794710
58 39 3 337162569
58 39 4 155489847
58 39 5 3470487435
58 39 6 1464394560
58 39 7 3577656045
58 40 0 775844043
58 40 1 128763739
58 40 2 3010876619
58 40 3 542780744
58 40 4 2605856616
58 40 5 166914584
58 40 6 4172519049
58 40 7 2010609804
58 41 0 775844043
58 41 1 3681828106
58 41 2 3010876619
58 41 3 542780744
58 41 4 2605856616
58 41 5 1671994825
58 41 6 4172519049
58 41 7 2010609804
58 42 0 775844043
58 42 1 114779001
58 42 2 3010876619
58 42 3 542780744
58 42 4 2605856616
58 42 5 2124612282
58 42 6 4172519049
58 42 7 2010609804
58 43 0 775844043
58 43 1 3651217704
58 43 2 3010876619
58 43 3 542780744
58 43 4 2605856616
58 43 5 3613066859
58 43 6 4172519049
58 43 7 2010609804
58 44 0 1962868308
58 44 1 2113343782
58 44 2 3053400788
58 44 3 3236835367
58 44 4 3458420791
58 44 5 103510501
58 44 6 1891758358
58 44 7 3271770355
58 45 0 1962868308
58 45 1 2113343782
58 45 2 3053400788
58 45 3 3236835367
58 45 4 3458420791
58 45 5 103510501
58 45 6 1891758358
58 45 7 3271770355
58 46 0 1962868308
58 46 1 2113343782
58 46 2 3053400788
58 46 3 3236835367
58 46 4 3458420791
58 46 5 103510501
58 46 6 1891758358
58 46 7 3271770355
58 47 0 1962868308
58 47 1 2113343782
58 47 2 3053400788
58 47 3 3236835367
58 47 4 3458420791
58 47 5 103510501
58 47 6 1891758358
58 47 7 3271770355
59 16 0 3647682759
59 16 1 3497207285
59 16 2 2557150279
59 16 3 2373715700
59 16 4 2152130276
59 16 5 1212073270
59 16 6 3718792709
59 16 7 2017205202
59 17 0 1493206742
59 17 1 816499876
59 17 2 3728239318
59 17 3 1939991461
59 17 4 2161576885
59 17 5 778349031
59 17 6 594914452
59 17 7 402945315
59 18 0 1690279185
59 18 1 2851687171
59 18 2 4234915025
59 18 3 1728195586
59 18 4 1506610162
59 18 5 2889838016
59 18 6 3073272595
59 18 7 2600844996
59 19 0 3830770464
59 19 1 170979762
59 19 2 1111036768
59 19 3 1294471347
59 19 4 1516056771
59 19 5 2456113777
59 19 6 4244361634
59 19 7 986585109
59 20 0 775844043
59 20 1 402151297
59 20 2 3010876619
59 20 3 3573627008
59 20 4 3352041584
59 20 5 2411984578
59 20 6 623736721
59 20 7 27540276
59 21 0 775844043
59 21 1 402151297
59 21 2 3010876619
59 21 3 3573627008
59 21 4 3352041584
59 21 5 2411984578
59 21 6 623736721
59 21 7 27540276
59 22 0 775844043
59 22 1 402151297
59 22 2 3010876619
59 22 3 3573627008
59 22 4 3352041584
59 22 5 2411984578
59 22 6 623736721
59 22 7 27540276
59 23 0 775844043
59 23 1 402151297
59 23 2 3010876619
59 23 3 3573627008
59 23 4 3352041584
59 23 5 2411984578
59 23 6 623736721
59 23 7 27540276
59 24 0 1962868308
59 24 1 2113343782
59 24 2 3053400788
59 24 3 3236835367
59 24 4 3458420791
59 24 5 103510501
59 24 6 1891758358
59 24 7 3271770355
59 25 0 1962868308
59 25 1 2113343782
59 25 2 3053400788
59 25 3 3236835367
59 25 4 3458420791
59 25 5 103510501
59 25 6 1891758358
59 25 7 3271770355
59 26 0 1962868308
59 26 1 2113343782
59 26 2 3053400788
59 26 3 3236835367
59 26 4 3458420791
59 26 5 103510501
59 26 6 1891758358
59 26 7 3271770355
59 27 0 1962868308
59 27 1 2113343782
59 27 2 3053400788
59 27 3 3236835367
59 27 4 3458420791
59 27 5 103510501
59 27 6 1891758358
59 27 7 3271770355
59 28 0 1962868308
59 28 1 2113343782
59 28 2 3053400788
59 28 3 3236835367
59 28 4 3458420791
59 28 5 103510501
59 28 6 1891758358
59 28 7 3271770355
59 29 0 1962868308
59 29 1 2113343782
59 29 2 3053400788
59 29 3 3236835367
59 29 4 3458420791
59 29 5 103510501
59 29 6 1891758358
59 29 7 3271770355
59 30 0 1962868308
59 30 1 2113343782
59 30 2 3053400788
59 30 3 3236835367
59 30 4 3458420791
59 30 5 103510501
59 30 6 1891758358
59 30 7 3271770355
59 31 0 1962868308
59 31 1 2113343782
59 31 2 3053400788
59 31 3 3236835367
59 31 4 3458420791
59 31 5 103510501
59 31 6 1891758358
59 31 7 3271770355
59 32 0 1264015499
59 32 1 1113540025
59 32 2 173483019
59 32 3 4285015736
59 32 4 4063430312
59 32 5 3123373306
59 32 6 1335125449
59 32 7 3715305772
59 33 0 1264015499
59 33 1 1113540025
59 33 2 173483019
59 33 3 4285015736
59 33 4 4063430312
59 33 5 3123373306
59 33 6 1335125449
59 33 7 3715305772
59 34 0 1264015499
59 34 1 1113540025
59 34 2 173483019
59 34 3 4285015736
59 34 4 4063430312
59 34 5 3123373306
59 34 6 1335125449
59 34 7 3715305772
59 35 0 1264015499
59 35 1 1113540025
59 35 2 173483019
59 35 3 4285015736
59 35 4 4063430312
59 35 5 3123373306
59 35 6 1335125449
59 35 7 3715305772
59 36 0 2362686850
59 36 1 2780378923
59 36 2 173111606
59 36 3 1656887338
59 36 4 1739774039
59 36 5 2818529768
59 36 6 1464394560
59 36 7 2956395150
59 37 0 2362686850
59 37 1 3803280394
59 37 2 3394971734
59 37 3 631804683
59 37 4 666666871
59 37 5 1793447113
59 37 6 1464394560
59 37 7 1933493679
59 38 0 2362686850
59 38 1 2485736809
59 38 2 3956901878
59 38 3 1362245224
59 38 4 1228597015
59 38 5 200602794
59 38 6 1464394560
59 38 7 2661753036
59 39 0 2362686850
59 39 1 3508638280
59 39 2 2883794710
59 39 3 337162569
59 39 4 155489847
59 39 5 3470487435
59 39 6 1464394560
59 39 7 3577656045
59 40 0 775844043
59 40 1 128763739
59 40 2 3010876619
59 40 3 542780744
59 40 4 2605856616
59 40 5 166914584
59 40 6 4172519049
59 40 7 2010609804
59 41 0 775844043
59 41 1 3681828106
59 41 2 3010876619
59 41 3 542780744
59 41 4 2605856616
59 41 5 1671994825
59 41 6 4172519049
59 41 7 2010609804
59 42 0 775844043
59 42 1 114779001
59 42 2 3010876619
59 42 3 542780744
59 42 4 2605856616
59 42 5 2124612282
59 42 6 4172519049
59 42 7 2010609804
59 43 0 775844043
59 43 1 3651217704
59 43 2 3010876619
59 43 3 542780744
59 43 4 2605856616
59 43 5 3613066859
59 43 6 4172519049
59 43 7 2010609804
59 44 0 1962868308
59 44 1 2113343782
59 44 2 3053400788
59 44 3 3236835367
59 44 4 3458420791
59 44 5 103510501
59 44 6 1891758358
59 44 7 3271770355
59 45 0 1962868308
59 45 1 2113343782
59 45 2 3053400788
59 45 3 3236835367
59 45 4 3458420791
59 45 5 103510501
59 45 6 1891758358
59 45 7 3271770355
59 46 0 1962868308
59 46 1 2113343782
59 46 2 3053400788
59 46 3 3236835367
59 46 4 3458420791
59 46 5 103510501
59 46 6 1891758358
59 46 7 3271770355
59 47 0 1962868308
59 47 1 2113343782
59 47 2 3053400788
59 47 3 3236835367
59 47 4 3458420791
59 47 5 103510501
59 47 6 1891758358
59 47 7 3271770355
60 16 0 3647682759
60 16 1 3497207285
60 16 2 2557150279
60 16 3 2373715700
60 16 4 2152130276
60 16 5 1212073270
60 16 6 3718792709
60 16 7 2017205202
60 17 0 1493206742
60 17 1 816499876
60 17 2 3728239318
60 17 3 1939991461
60 17 4 2161576885
60 17 5 778349031
60 17 6 594914452
60 17 7 402945315
60 18 0 1690279185
60 18 1 2851687171
60 18 2 4234915025
60 18 3 1728195586
60 18 4 1506610162
60 18 5 2889838016
60 18 6 3073272595
60 18 7 2600844996
60 19 0 3830770464
60 19 1 170979762
60 19 2 1111036768
60 19 3 1294471347
60 19 4 1516056771
60 19 5 2456113777
60 19 6 4244361634
60 19 7 986585109
60 20 0 775844043
60 20 1 402151297
60 20 2 3010876619
60 20 3 3573627008
60 20 4 3352041584
60 20 5 2411984578
60 20 6 623736721
60 20 7 27540276
60 21 0 775844043
60 21 1 402151297
60 21 2 3010876619
60 21 3 3573627008
60 21 4 3352041584
60 21 5 2411984578
60 21 6 623736721
60 21 7 27540276
60 22 0 775844043
60 22 1 402151297
60 22 2 3010876619
60 22 3 3573627008
60 22 4 3352041584
60 22 5 2411984578
60 22 6 623736721
60 22 7 27540276
60 23 0 775844043
60 23 1 402151297
60 23 2 3010876619
60 23 3 3573627008
60 23 4 3352041584
60 23 5 2411984578
60 23 6 623736721
60 23 7 27540276
60 24 0 1962868308
60 24 1 2113343782
60 24 2 3053400788
60 24 3 3236835367
60 24 4 3458420791
60 24 5 103510501
60 24 6 1891758358
60 24 7 3271770355
60 25 0 1962868308
60 25 1 2113343782
60 25 2 3053400788
60 25 3 3236835367
60 25 4 3458420791
60 25 5 103510501
60 25 6 1891758358
60 25 7 3271770355
60 26 0 1962868308
60 26 1 2113343782
60 26 2 3053400788
60 26 3 3236835367
60 26 4 3458420791
60 26 5 103510501
60 26 6 1891758358
60 26 7 3271770355
60 27 0 1962868308
60 27 1 2113343782
60 27 2 3053400788
60 27 3 3236835367
60 27 4 3458420791
60 27 5 103510501
60 27 6 1891758358
60 27 7 3271770355
60 28 0 1962868308
60 28 1 2113343782
60 28 2 3053400788
60 28 3 3236835367
60 28 4 3458420791
60 28 5 103510501
60 28 6 1891758358
60 28 7 3271770355
60 29 0 1962868308
60 29 1 2113343782
60 29 2 3053400788
60 29 3 3236835367
60 29 4 3458420791
60 29 5 103510501
60 29 6 1891758358
60 29 7 3271770355
60 30 0 1962868308
60 30 1 2113343782
60 30 2 3053400788
60 30 3 3236835367
60 30 4 3458420791
60 30 5 103510501
60 30 6 1891758358
60 30 7 3271770355
60 31 0 1962868308
60 31 1 2113343782
60 31 2 3053400788
60 31 3 3236835367
60 31 4 3458420791
60 31 5 103510501
60 31 6 1891758358
60 31 7 3271770355
60 32 0 1264015499
60 32 1 1113540025
60 32 2 173483019
60 32 3 4285015736
60 32 4 4063430312
60 32 5 3123373306
60 32 6 1335125449
60 32 7 3715305772
60 33 0 1264015499
60 33 1 1113540025
60 33 2 173483019
60 33 3 4285015736
60 33 4 4063430312
60 33 5 3123373306
60 33 6 1335125449
60 33 7 3715305772
60 34 0 1264015499
60 34 1 1113540025
60 34 2 173483019
60 34 3 4285015736
60 34 4 4063430312
60 34 5 3123373306
60 34 6 1335125449
60 34 7 3715305772
60 35 0 1264015499
60 35 1 1113540025
60 35 2 173483019
60 35 3 4285015736
60 35 4 4063430312
60 35 5 3123373306
60 35 6 1335125449
60 35 7 3715305772
60 36 0 2362686850
60 36 1 2780378923
60 36 2 173111606
60 36 3 1656887338
60 36 4 1739774039
60 36 5 2818529768
60 36 6 1464394560
60 36 7 2956395150
60 37 0 2362686850
60 37 1 3803280394
60 37 2 3394971734
60 37 3 631804683
60 37 4 666666871
60 37 5 1793447113
60 37 6 1464394560
60 37 7 1933493679
60 38 0 2362686850
60 38 1 2485736809
60 38 2 3956901878
60 38 3 1362245224
60 38 4 1228597015
60 38 5 200602794
60 38 6 1464394560
60 38 7 2661753036
60 39 0 2362686850
60 39 1 3508638280
60 39 2 2883794710
60 39 3 337162569
60 39 4 155489847
60 39 5 3470487435
60 39 6 1464394560
60 39 7 3577656045
60 40 0 775844043
60 40 1 128763739
60 40 2 3010876619
60 40 3 542780744
60 40 4 2605856616
60 40 5 166914584
60 40 6 4172519049
60 40 7 2010609804
60 41 0 775844043
60 41 1 3681828106
60 41 2 3010876619
60 41 3 542780744
60 41 4 2605856616
60 41 5 1671994825
60 41 6 4172519049
60 41 7 2010609804
60 42 0 775844043
60 42 1 114779001
60 42 2 3010876619
60 42 3 542780744
60 42 4 2605856616
60 42 5 2124612282
60 42 6 4172519049
60 42 7 2010609804
60 43 0 775844043
60 43 1 3651217704
60 43 2 3010876619
60 43 3 542780744
60 43 4 2605856616
60 43 5 3613066859
60 43 6 4172519049
60 43 7 2010609804
60 44 0 1962868308
60 44 1 2113343782
60 44 2 3053400788
60 44 3 3236835367
60 44 4 3458420791
60 44 5 103510501
60 44 6 1891758358
60 44 7 3271770355
60 45 0 1962868308
60 45 1 2113343782
60 45 2 3053400788
60 45 3 3236835367
60 45 4 3458420791
60 45 5 103510501
60 45 6 1891758358
60 45 7 3271770355
60 46 0 1962868308
60 46 1 2113343782
60 46 2 3053400788
60 46 3 3236835367
60 46 4 3458420791
60 46 5 103510501
60 46 6 1891758358
60 46 7 3271770355
60 47 0 1962868308
60 47 1 2113343782
60 47 2 3053400788
60 47 3 3236835367
60 47 4 3458420791
60 47 5 103510501
60 47 6 1891758358
60 47 7 3271770355
61 16 0 3647682759
61 16 1 3497207285
61 16 2 2557150279
61 16 3 2373715700
61 16 4 2152130276
61 16 5 1212073270
61 16 6 3718792709
61 16 7 2017205202
61 17 0 1493206742
61 17 1 816499876
61 17 2 3728239318
61 17 3 1939991461
61 17 4 2161576885
61 17 5 778349031
61 17 6 594914452
61 17 7 402945315
61 18 0 1690279185
61 18 1 2851687171
61 18 2 4234915025
61 18 3 1728195586
61 18 4 1506610162
61 18 5 2889838016
61 18 6 3073272595
61 18 7 2600844996
61 19 0 3830770464
61 19 1 170979762
61 19 2 1111036768
61 19 3 1294471347
61 19 4 1516056771
61 19 5 2456113777
61 19 6 4244361634
61 19 7 986585109
61 20 0 775844043
61 20 1 402151297
61 20 2 3010876619
61 20 3 3573627008
61 20 4 3352041584
61 20 5 2411984578
61 20 6 623736721
61 20 7 27540276
61 21 0 775844043
61 21 1 402151297
61 21 2 3010876619
61 21 3 3573627008
61 21 4 3352041584
61 21 5 2411984578
61 21 6 623736721
61 21 7 27540276
61 22 0 775844043
61 22 1 402151297
61 22 2 3010876619
61 22 3 3573627008
61 22 4 3352041584
61 22 5 2411984578
61 22 6 623736721
61 22 7 27540276
61 23 0 775844043
61 23 1 402151297
61 23 2 3010876619
61 23 3 3573627008
61 23 4 3352041584
61 23 5 2411984578
61 23 6 623736721
61 23 7 27540276
61 24 0 1962868308
61 24 1 2113343782
61 24 2 3053400788
61 24 3 3236835367
61 24 4 3458420791
61 24 5 103510501
61 24 6 1891758358
61 24 7 3271770355
61 25 0 1962868308
61 25 1 2113343782
61 25 2 3053400788
61 25 3 3236835367
61 25 4 3458420791
61 25 5 103510501
61 25 6 1891758358
61 25 7 3271770355
61 26 0 1962868308
61 26 1 2113343782
61 26 2 3053400788
61 26 3 3236835367
61 26 4 3458420791
61 26 5 103510501
61 26 6 1891758358
61 26 7 3271770355
61 27 0 1962868308
61 27 1 2113343782
61 27 2 3053400788
61 27 3 3236835367
61 27 4 3458420791
61 27 5 103510501
61 27 6 1891758358
61 27 7 3271770355
61 28 0 1962868308
61 28 1 2113343782
61 28 2 3053400788
61 28 3 3236835367
61 28 4 3458420791
61 28 5 103510501
61 28 6 1891758358
61 28 7 3271770355
61 29 0 1962868308
61 29 1 2113343782
61 29 2 3053400788
61 29 3 3236835367
61 29 4 3458420791
61 29 5 103510501
61 29 6 1891758358
61 29 7 3271770355
61 30 0 1962868308
61 30 1 2113343782
61 30 2 3053400788
61 30 3 3236835367
61 30 4 3458420791
61 30 5 103510501
61 30 6 1891758358
61 30 7 3271770355
61 31 0 1962868308
61 31 1 2113343782
61 31 2 3053400788
61 31 3 3236835367
61 31 4 3458420791
61 31 5 103510501
61 31 6 1891758358
61 31 7 3271770355
61 32 0 1264015499
61 32 1 1113540025
61 32 2 173483019
61 32 3 4285015736
61 32 4 4063430312
61 32 5 3123373306
61 32 6 1335125449
61 32 7 3715305772
61 33 0 1264015499
61 33 1 1113540025
61 33 2 173483019
61 33 3 4285015736
61 33 4 4063430312
61 33 5 3123373306
61 33 6 1335125449
61 33 7 3715305772
61 34 0 1264015499
61 34 1 1113540025
61 34 2 173483019
61 34 3 4285015736
61 34 4 4063430312
61 34 5 3123373306
61 34 6 1335125449
61 34 7 3715305772
61 35 0 1264015499
61 35 1 1113540025
61 35 2 173483019
61 35 3 4285015736
61 35 4 4063430312
61 35 5 3123373306
61 35 6 1335125449
61 35 7 3715305772
61 36 0 2362686850
61 36 1 2780378923
61 36 2 173111606
61 36 3 1656887338
61 36 4 1739774039
61 36 5 2818529768
61 36 6 1464394560
61 36 7 2956395150
61 37 0 2362686850
61 37 1 3803280394
61 37 2 3394971734
61 37 3 631804683
61 37 4 666666871
61 37 5 1793447113
61 37 6 1464394560
61 37 7 1933493679
61 38 0 2362686850
61 38 1 2485736809
61 38 2 3956901878
61 38 3 1362245224
61 38 4 1228597015
61 38 5 200602794
61 38 6 1464394560
61 38 7 2661753036
61 39 0 2362686850
61 39 1 3508638280
61 39 2 2883794710
61 39 3 337162569
61 39 4 155489847
61 39 5 3470487435
61 39 6 1464394560
61 39 7 3577656045
61 40 0 775844043
61 40 1 128763739
61 40 2 3010876619
61 40 3 542780744
61 40 4 2605856616
61 40 5 166914584
61 40 6 4172519049
61 40 7 2010609804
61 41 0 775844043
61 41 1 3681828106
61 41 2 3010876619
61 41 3 542780744
61 41 4 2605856616
61 41 5 1671994825
61 41 6 4172519049
61 41 7 2010609804
61 42 0 775844043
61 42 1 114779001
61 42 2 3010876619
61 42 3 542780744
61 42 4 2605856616
61 42 5 2124612282
61 42 6 4172519049
61 42 7 2010609804
61 43 0 775844043
61 43 1 3651217704
61 43 2 3010876619
61 43 3 542780744
61 43 4 2605856616
61 43 5 3613066859
61 43 6 4172519049
61 43 7 2010609804
61 44 0 1962868308
61 44 1 2113343782
61 44 2 3053400788
61 44 3 3236835367
61 44 4 3458420791
61 44 5 103510501
61 44 6 1891758358
61 44 7 3271770355
61 45 0 1962868308
61 45 1 2113343782
61 45 2 3053400788
61 45 3 3236835367
61 45 4 3458420791
61 45 5 103510501
61 45 6 1891758358
61 45 7 3271770355
61 46 0 1962868308
61 46 1 2113343782
61 46 2 3053400788
61 46 3 3236835367
61 46 4 3458420791
61 46 5 103510501
61 46 6 1891758358
61 46 7 3271770355
61 47 0 1962868308
61 47 1 2113343782
61 47 2 3053400788
61 47 3 3236835367
61 47 4 3458420791
61 47 5 103510501
61 47 6 1891758358
61 47 7 3271770355
62 16 0 3647682759
62 16 1 3497207285
62 16 2 2557150279
62 16 3 2373715700
62 16 4 2152130276
62 16 5 1212073270
62 16 6 3718792709
62 16 7 2017205202
62 17 0 1493206742
62 17 1 816499876
62 17 2 3728239318
62 17 3 1939991461
62 17 4 2161576885
62 17 5 778349031
62 17 6 594914452
62 17 7 402945315
62 18 0 1690279185
62 18 1 2851687171
62 18 2 4234915025
62 18 3 1728195586
62 18 4 1506610162
62 18 5 2889838016
62 18 6 3073272595
62 18 7 2600844996
62 19 0 3830770464
62 19 1 170979762
62 19 2 1111036768
62 19 3 1294471347
62 19 4 1516056771
62 19 5 2456113777
62 19 6 4244361634
62 19 7 986585109
62 20 0 775844043
62 20 1 402151297
62 20 2 3010876619
62 20 3 3573627008
62 20 4 3352041584
62 20 5 2411984578
62 20 6 623736721
62 20 7 27540276
62 21 0 775844043
62 21 1 402151297
62 21 2 3010876619
62 21 3 3573627008
62 21 4 3352041584
62 21 5 2411984578
62 21 6 623736721
62 21 7 27540276
62 22 0 775844043
62 22 1 402151297
62 22 2 3010876619
62 22 3 3573627008
62 22 4 3352041584
62 22 5 2411984578
62 22 6 623736721
62 22 7 27540276
62 23 0 775844043
62 23 1 402151297
62 23 2 3010876619
62 23 3 3573627008
62 23 4 3352041584
62 23 5 2411984578
62 23 6 623736721
62 23 7 27540276
62 24 0 1962868308
62 24 1 2113343782
62 24 2 3053400788
62 24 3 3236835367
62 24 4 3458420791
62 24 5 103510501
62 24 6 1891758358
62 24 7 3271770355
62 25 0 1962868308
62 25 1 2113343782
62 25 2 3053400788
62 25 3 3236835367
62 25 4 3458420791
62 25 5 103510501
62 25 6 1891758358
62 25 7 3271770355
62 26 0 1962868308
62 26 1 2113343782
62 26 2 3053400788
62 26 3 3236835367
62 26 4 3458420791
62 26 5 103510501
62 26 6 1891758358
62 26 7 3271770355
62 27 0 1962868308
62 27 1 2113343782
62 27 2 3053400788
62 27 3 3236835367
62 27 4 3458420791
62 27 5 103510501
62 27 6 1891758358
62 27 7 3271770355
62 28 0 1962868308
62 28 1 2113343782
62 28 2 3053400788
62 28 3 3236835367
62 28 4 3458420791
62 28 5 103510501
62 28 6 1891758358
62 28 7 3271770355
62 29 0 1962868308
62 29 1 2113343782
62 29 2 3053400788
62 29 3 3236835367
62 29 4 3458420791
62 29 5 103510501
62 29 6 1891758358
62 29 7 3271770355
62 30 0 1962868308
62 30 1 2113343782
62 30 2 3053400788
62 30 3 3236835367
62 30 4 3458420791
62 30 5 103510501
62 30 6 1891758358
62 30 7 3271770355
62 31 0 1962868308
62 31 1 2113343782
62 31 2 3053400788
62 31 3 3236835367
62 31 4 3458420791
62 31 5 103510501
62 31 6 1891758358
62 31 7 3271770355
62 32 0 1264015499
62 32 1 1113540025
62 32 2 173483019
62 32 3 4285015736
62 32 4 4063430312
62 32 5 3123373306
62 32 6 1335125449
62 32 7 3715305772
62 33 0 1264015499
62 33 1 1113540025
62 33 2 173483019
62 33 3 4285015736
62 33 4 4063430312
62 33 5 3123373306
62 33 6 1335125449
62 33 7 3715305772
62 34 0 1264015499
62 34 1 1113540025
62 34 2 173483019
62 34 3 4285015736
62 34 4 4063430312
62 34 5 3123373306
62 34 6 1335125449
62 34 7 3715305772
62 35 0 1264015499
62 35 1 1113540025
62 35 2 173483019
62 35 3 4285015736
62 35 4 4063430312
62 35 5 3123373306
62 35 6 1335125449
62 35 7 3715305772
62 36 0 2362686850
62 36 1 2780378923
62 36 2 173111606
62 36 3 1656887338
62 36 4 1739774039
62 36 5 2818529768
62 36 6 1464394560
62 36 7 2956395150
62 37 0 2362686850
62 37 1 3803280394
62 37 2 3394971734
62 37 3 631804683
62 37 4 666666871
62 37 5 1793447113
62 37 6 1464394560
62 37 7 1933493679
62 38 0 2362686850
62 38 1 2485736809
62 38 2 3956901878
62 38 3 1362245224
62 38 4 1228597015
62 38 5 200602794
62 38 6 1464394560
62 38 7 2661753036
62 39 0 2362686850
62 39 1 3508638280
62 39 2 2883794710
62 39 3 337162569
62 39 4 155489847
62 39 5 3470487435
62 39 6 1464394560
62 39 7 3577656045
62 40 0 775844043
62 40 1 128763739
62 40 2 3010876619
62 40 3 542780744
62 40 4 2605856616
62 40 5 166914584
62 40 6 4172519049
62 40 7 2010609804
62 41 0 775844043
62 41 1 3681828106
62 41 2 3010876619
62 41 3 542780744
62 41 4 2605856616
62 41 5 1671994825
62 41 6 4172519049
62 41 7 2010609804
62 42 0 775844043
62 42 1 114779001
62 42 2 3010876619
62 42 3 542780744
62 42 4 2605856616
62 42 5 2124612282
62 42 6 4172519049
62 42 7 2010609804
62 43 0 775844043
62 43 1 3651217704
62 43 2 3010876619
62 43 3 542780744
62 43 4 2605856616
62 43 5 3613066859
62 43 6 4172519049
62 43 7 2010609804
62 44 0 1962868308
62 44 1 2113343782
62 44 2 3053400788
62 44 3 3236835367
62 44 4 3458420791
62 44 5 103510501
62 44 6 1891758358
62 44 7 3271770355
62 45 0 1962868308
62 45 1 2113343782
62 45 2 3053400788
62 45 3 3236835367
62 45 4 3458420791
62 45 5 103510501
62 45 6 1891758358
62 45 7 3271770355
62 46 0 1962868308
62 46 1 2113343782
62 46 2 3053400788
62 46 3 3236835367
62 46 4 3458420791
62 46 5 103510501
62 46 6 1891758358
62 46 7 3271770355
62 47 0 1962868308
62 47 1 2113343782
62 47 2 3053400788
62 47 3 3236835367
62 47 4 3458420791
62 47 5 103510501
62 47 6 1891758358
62 47 7 3271770355
63 16 0 3647682759
63 16 1 3497207285
63 16 2 2557150279
63 16 3 2373715700
63 16 4 2152130276
63 16 5 1212073270
63 16 6 3718792709
63 16 7 2017205202
63 17 0 1493206742
63 17 1 816499876
63 17 2 3728239318
63 17 3 1939991461
63 17 4 2161576885
63 17 5 778349031
63 17 6 594914452
63 17 7 402945315
63 18 0 1690279185
63 18 1 2851687171
63 18 2 4234915025
63 18 3 1728195586
63 18 4 1506610162
63 18 5 2889838016
63 18 6 3073272595
63 18 7 2600844996
63 19 0 3830770464
63 19 1 170979762
63 19 2 1111036768
63 19 3 1294471347
63 19 4 1516056771
63 19 5 2456113777
63 19 6 4244361634
63 19 7 986585109
63 20 0 775844043
63 20 1 402151297
63 20 2 3010876619
63 20 3 3573627008
63 20 4 3352041584
63 20 5 2411984578
63 20 6 623736721
63 20 7 27540276
63 21 0 775844043
63 21 1 402151297
63 21 2 3010876619
63 21 3 3573627008
63 21 4 3352041584
63 21 5 2411984578
63 21 6 623736721
63 21 7 27540276
63 22 0 775844043
63 22 1 402151297
63 22 2 3010876619
63 22 3 3573627008
63 22 4 3352041584
63 22 5 2411984578
63 22 6 623736721
63 22 7 27540276
63 23 0 775844043
63 23 1 402151297
63 23 2 3010876619
63 23 3 3573627008
63 23 4 3352041584
63 23 5 2411984578
63 23 6 623736721
63 23 7 27540276
63 24 0 1962868308
63 24 1 2113343782
63 24 2 3053400788
63 24 3 3236835367
63 24 4 3458420791
63 24 5 103510501
63 24 6 1891758358
63 24 7 3271770355
63 25 0 1962868308
63 25 1 2113343782
63 25 2 3053400788
63 25 3 3236835367
63 25 4 3458420791
63 25 5 103510501
63 25 6 1891758358
63 25 7 3271770355
63 26 0 1962868308
63 26 1 2113343782
63 26 2 3053400788
63 26 3 3236835367
63 26 4 3458420791
63 26 5 103510501
63 26 6 1891758358
63 26 7 3271770355
63 27 0 1962868308
63 27 1 2113343782
63 27 2 3053400788
63 27 3 3236835367
63 27 4 3458420791
63 27 5 103510501
63 27 6 1891758358
63 27 7 3271770355
63 28 0 1962868308
63 28 1 2113343782
63 28 2 3053400788
63 28 3 3236835367
63 28 4 3458420791
63 28 5 103510501
63 28 6 1891758358
63 28 7 3271770355
63 29 0 1962868308
63 29 1 2113343782
63 29 2 3053400788
63 29 3 3236835367
63 29 4 3458420791
63 29 5 103510501
63 29 6 1891758358
63 29 7 3271770355
63 30 0 1962868308
63 30 1 2113343782
63 30 2 3053400788
63 30 3 3236835367
63 30 4 3458420791
63 30 5 103510501
63 30 6 1891758358
63 30 7 3271770355
63 31 0 1962868308
63 31 1 2113343782
63 31 2 3053400788
63 31 3 3236835367
63 31 4 3458420791
63 31 5 103510501
63 31 6 1891758358
63 31 7 3271770355
63 32 0 1264015499
63 32 1 1113540025
63 32 2 173483019
63 32 3 4285015736
63 32 4 4063430312
63 32 5 3123373306
63 32 6 1335125449
63 32 7 3715305772
63 33 0 1264015499
63 33 1 1113540025
63 33 2 173483019
63 33 3 4285015736
63 33 4 4063430312
63 33 5 3123373306
63 33 6 1335125449
63 33 7 3715305772
63 34 0 1264015499
63 34 1 1113540025
63 34 2 173483019
63 34 3 4285015736
63 34 4 4063430312
63 34 5 3123373306
63 34 6 1335125449
63 34 7 3715305772
63 35 0 1264015499
63 35 1 1113540025
63 35 2 173483019
63 35 3 4285015736
63 35 4 4063430312
63 35 5 3123373306
63 35 6 1335125449
63 35 7 3715305772
63 36 0 2362686850
63 36 1 2780378923
63 36 2 173111606
63 36 3 1656887338
63 36 4 1739774039
63 36 5 2818529768
63 36 6 1464394560
63 36 7 2956395150
63 37 0 2362686850
63 37 1 3803280394
63 37 2 3394971734
63 37 3 631804683
63 37 4 666666871
63 37 5 1793447113
63 37 6 1464394560
63 37 7 1933493679
63 38 0 2362686850
63 38 1 2485736809
63 38 2 3956901878
63 38 3 1362245224
63 38 4 1228597015
63 38 5 200602794
63 38 6 1464394560
63 38 7 2661753036
63 39 0 2362686850
63 39 1 3508638280
63 39 2 2883794710
63 39 3 337162569
63 39 4 155489847
63 39 5 3470487435
63 39 6 1464394560
63 39 7 3577656045
63 40 0 775844043
63 40 1 128763739
63 40 2 3010876619
63 40 3 542780744
63 40 4 2605856616
63 40 5 166914584
63 40 6 4172519049
63 40 7 2010609804
63 41 0 775844043
63 41 1 3681828106
63 41 2 3010876619
63 41 3 542780744
63 41 4 2605856616
63 41 5 1671994825
63 41 6 4172519049
63 41 7 2010609804
63 42 0 775844043
63 42 1 114779001
63 42 2 3010876619
63 42 3 542780744
63 42 4 2605856616
63 42 5 2124612282
63 42 6 4172519049
63 42 7 2010609804
63 43 0 775844043
63 43 1 3651217704
63 43 2 3010876619
63 43 3 542780744
63 43 4 2605856616
63 43 5 3613066859
63 43 6 4172519049
63 43 7 2010609804
63 44 0 1962868308
63 44 1 2113343782
63 44 2 3053400788
63 44 3 3236835367
63 44 4 3458420791
63 44 5 103510501
63 44 6 1891758358
63 44 7 3271770355
63 45 0 1962868308
63 45 1 2113343782
63 45 2 3053400788
63 45 3 3236835367
63 45 4 3458420791
63 45 5 103510501
63 45 6 1891758358
63 45 7 3271770355
63 46 0 1962868308
63 46 1 2113343782
63 46 2 3053400788
63 46 3 3236835367
63 46 4 3458420791
63 46 5 103510501
63 46 6 1891758358
63 46 7 3271770355
63 47 0 1962868308
63 47 1 2113343782
63 47 2 3053400788
63 47 3 3236835367
63 47 4 3458420791
63 47 5 103510501
63 47 6 1891758358
63 47 7 3271770355
